source,version,generation_slot,completion_slot,delay,completed
1,1,0,60,60,True
8,1,0,60,60,True
16,1,0,60,60,True
25,1,0,60,60,True
32,1,0,60,60,True
34,1,0,60,60,True
35,1,0,60,60,True
39,1,0,60,60,True
40,1,0,64,64,True
50,1,0,80,80,True
53,1,0,64,64,True
24,1,1,60,59,True
37,1,1,60,59,True
41,1,1,81,80,True
44,1,1,64,63,True
48,1,1,81,80,True
51,1,1,64,63,True
55,1,1,81,80,True
56,1,1,81,80,True
71,1,1,81,80,True
9,1,2,60,58,True
14,1,2,60,58,True
15,1,2,60,58,True
21,1,2,60,58,True
28,1,2,60,58,True
36,1,2,82,80,True
42,1,2,94,92,True
51,2,2,64,62,True
54,1,2,94,92,True
62,1,2,64,62,True
75,1,2,81,79,True
76,1,2,64,62,True
6,1,3,60,57,True
10,1,3,60,57,True
12,1,3,60,57,True
16,2,3,101,98,True
40,2,3,64,61,True
49,1,3,81,78,True
65,1,3,64,61,True
1,2,4,60,56,True
4,1,4,60,56,True
10,2,4,60,56,True
36,2,4,82,78,True
46,1,4,64,60,True
47,1,4,94,90,True
51,3,4,64,60,True
57,1,4,64,60,True
68,1,4,81,77,True
76,2,4,64,60,True
35,2,5,60,55,True
73,1,5,80,75,True
4,2,6,60,54,True
11,1,6,82,76,True
20,1,6,60,54,True
25,2,6,60,54,True
33,1,6,60,54,True
41,2,6,81,75,True
52,1,6,81,75,True
54,2,6,94,88,True
56,2,6,81,75,True
57,2,6,64,58,True
62,2,6,64,58,True
67,1,6,81,75,True
71,2,6,81,75,True
74,1,6,94,88,True
75,2,6,81,75,True
77,1,6,81,75,True
2,1,7,60,53,True
6,2,7,60,53,True
21,2,7,60,53,True
22,1,7,60,53,True
26,1,7,60,53,True
27,1,7,60,53,True
45,1,7,64,57,True
47,2,7,94,87,True
67,2,7,81,74,True
71,3,7,81,74,True
74,2,7,94,87,True
76,3,7,81,74,True
43,1,8,81,73,True
48,2,8,81,73,True
73,2,8,80,72,True
74,3,8,94,86,True
15,2,9,60,51,True
21,3,9,82,73,True
25,3,9,60,51,True
33,2,9,60,51,True
43,2,9,81,72,True
51,4,9,81,72,True
53,2,9,64,55,True
68,2,9,81,72,True
2,2,10,60,50,True
7,1,10,60,50,True
12,2,10,60,50,True
16,3,10,101,91,True
21,4,10,82,72,True
30,1,10,60,50,True
31,1,10,82,72,True
49,2,10,81,71,True
65,2,10,81,71,True
1,3,11,60,49,True
27,2,11,60,49,True
28,2,11,60,49,True
37,2,11,60,49,True
50,2,11,94,83,True
52,2,11,81,70,True
54,3,11,94,83,True
55,2,11,81,70,True
66,1,11,81,70,True
16,4,12,101,89,True
29,1,12,60,48,True
31,2,12,82,70,True
48,3,12,81,69,True
49,3,12,94,82,True
52,3,12,81,69,True
62,3,12,64,52,True
63,1,12,81,69,True
73,3,12,81,69,True
1,4,13,60,47,True
4,3,13,101,88,True
17,1,13,82,69,True
18,1,13,94,81,True
20,2,13,60,47,True
21,5,13,82,69,True
25,4,13,60,47,True
33,3,13,60,47,True
36,3,13,82,69,True
51,5,13,81,68,True
75,3,13,81,68,True
9,2,14,60,46,True
32,2,14,101,87,True
73,4,14,81,67,True
18,2,15,94,79,True
37,3,15,60,45,True
48,4,15,81,66,True
69,1,15,81,66,True
73,5,15,81,66,True
15,3,16,83,67,True
20,3,16,101,85,True
23,1,16,101,85,True
42,2,16,94,78,True
53,3,16,81,65,True
58,1,16,64,48,True
65,3,16,81,65,True
76,4,16,81,65,True
79,1,16,81,65,True
15,4,17,83,66,True
21,6,17,82,65,True
22,2,17,109,92,True
30,2,17,60,43,True
51,6,17,81,64,True
72,1,17,81,64,True
74,4,17,94,77,True
79,2,17,81,64,True
2,3,18,60,42,True
4,4,18,101,83,True
13,1,18,60,42,True
21,7,18,82,64,True
50,3,18,94,76,True
53,4,18,81,63,True
61,1,18,81,63,True
65,4,18,81,63,True
77,2,18,81,63,True
4,5,19,101,82,True
22,3,19,109,90,True
24,2,19,60,41,True
28,3,19,82,63,True
35,3,19,82,63,True
40,3,19,81,62,True
71,4,19,81,62,True
76,5,19,81,62,True
42,3,20,94,74,True
44,2,20,81,61,True
56,3,20,81,61,True
58,2,20,64,44,True
6,3,21,60,39,True
10,3,21,60,39,True
16,5,21,101,80,True
21,8,21,82,61,True
34,2,21,82,61,True
42,4,21,94,73,True
45,2,21,81,60,True
49,4,21,94,73,True
60,1,21,81,60,True
71,5,21,81,60,True
8,2,22,82,60,True
11,2,22,82,60,True
14,2,22,126,104,True
66,2,22,81,59,True
77,3,22,81,59,True
1,5,23,60,37,True
14,3,23,126,103,True
26,2,23,101,78,True
29,2,23,82,59,True
32,3,23,101,78,True
47,3,23,94,71,True
55,3,23,81,58,True
60,2,23,81,58,True
62,4,23,81,58,True
7,2,24,82,58,True
22,4,24,109,85,True
55,4,24,81,57,True
56,4,24,81,57,True
67,3,24,94,70,True
26,3,25,101,76,True
29,3,25,82,57,True
43,3,25,118,93,True
56,5,25,81,56,True
62,5,25,81,56,True
20,4,26,101,75,True
21,9,26,82,56,True
72,2,26,118,92,True
73,6,26,94,68,True
77,4,26,81,55,True
5,1,27,82,55,True
15,5,27,83,56,True
31,3,27,82,55,True
42,5,27,94,67,True
68,3,27,118,91,True
22,5,28,109,81,True
26,4,28,101,73,True
36,4,28,126,98,True
37,4,28,82,54,True
41,3,28,118,90,True
51,7,28,118,90,True
66,3,28,81,53,True
5,2,29,82,53,True
16,6,29,101,72,True
25,5,29,101,72,True
41,4,29,118,89,True
45,3,29,81,52,True
56,6,29,81,52,True
67,4,29,94,65,True
73,7,29,94,65,True
24,3,30,101,71,True
25,6,30,101,71,True
32,4,30,101,71,True
37,5,30,82,52,True
54,4,30,94,64,True
58,3,30,81,51,True
62,6,30,81,51,True
79,3,30,81,51,True
1,6,31,82,51,True
14,4,31,126,95,True
27,3,31,64,33,True
33,4,31,82,51,True
40,4,31,81,50,True
43,4,31,118,87,True
65,5,31,94,63,True
2,4,32,109,77,True
14,5,32,126,94,True
16,7,32,109,77,True
24,4,32,101,69,True
51,8,32,118,86,True
52,4,32,118,86,True
54,5,32,94,62,True
16,8,33,109,76,True
46,2,33,94,61,True
58,4,33,81,48,True
61,2,33,81,48,True
63,2,33,118,85,True
68,4,33,118,85,True
71,6,33,118,85,True
1,7,34,82,48,True
4,6,34,101,67,True
12,3,34,94,60,True
30,3,34,109,75,True
31,4,34,126,92,True
41,5,34,118,84,True
43,5,34,118,84,True
8,3,35,126,91,True
12,4,35,94,59,True
16,9,35,109,74,True
20,5,35,101,66,True
27,4,35,64,29,True
28,4,35,138,103,True
33,5,35,82,47,True
41,6,35,118,83,True
44,3,35,81,46,True
47,4,35,94,59,True
68,5,35,118,83,True
71,7,35,118,83,True
74,5,35,118,83,True
10,4,36,82,46,True
12,5,36,94,58,True
17,2,36,126,90,True
18,3,36,94,58,True
27,5,36,101,65,True
34,3,36,126,90,True
40,5,36,94,58,True
42,6,36,94,58,True
53,5,36,81,45,True
0,1,37,101,64,True
4,7,37,109,72,True
12,6,37,94,57,True
33,6,37,82,45,True
34,4,37,126,89,True
41,7,37,118,81,True
45,4,37,118,81,True
51,9,37,118,81,True
58,5,37,81,44,True
59,1,37,81,44,True
67,5,37,118,81,True
7,3,38,126,88,True
27,6,38,101,63,True
29,4,38,138,100,True
33,7,38,82,44,True
62,7,38,81,43,True
76,6,38,118,80,True
14,6,39,126,87,True
20,6,39,138,99,True
33,8,39,82,43,True
57,3,39,81,42,True
58,6,39,101,62,True
71,8,39,118,79,True
77,5,39,118,79,True
4,8,40,109,69,True
29,5,40,138,98,True
36,5,40,126,86,True
46,3,40,94,54,True
47,5,40,94,54,True
65,6,40,138,98,True
71,9,40,118,78,True
72,3,40,118,78,True
78,1,40,156,116,True
0,2,41,101,60,True
10,5,41,82,41,True
24,5,41,109,68,True
30,4,41,109,68,True
31,5,41,126,85,True
33,9,41,82,41,True
51,10,41,118,77,True
65,7,41,138,97,True
68,6,41,118,77,True
76,7,41,118,77,True
79,4,41,81,40,True
4,9,42,138,96,True
12,7,42,94,52,True
14,7,42,126,84,True
15,6,42,126,84,True
21,10,42,138,96,True
41,8,42,118,76,True
44,4,42,118,76,True
60,3,42,118,76,True
2,5,43,138,95,True
25,7,43,109,66,True
27,7,43,101,58,True
31,6,43,126,83,True
50,4,43,94,51,True
55,5,43,118,75,True
69,2,43,118,75,True
72,4,43,118,75,True
25,8,44,109,65,True
51,11,44,118,74,True
70,1,44,94,50,True
78,2,44,156,112,True
10,6,45,101,56,True
21,11,45,138,93,True
24,6,45,109,64,True
26,5,45,109,64,True
37,6,45,126,81,True
43,6,45,118,73,True
44,5,45,118,73,True
59,2,45,81,36,True
10,7,46,101,55,True
18,4,46,94,48,True
40,6,46,118,72,True
69,3,46,118,72,True
2,6,47,138,91,True
8,4,47,138,91,True
21,12,47,138,91,True
57,4,47,118,71,True
58,7,47,101,54,True
70,2,47,94,47,True
7,4,48,126,78,True
23,2,48,109,61,True
26,6,48,109,61,True
40,7,48,118,70,True
43,7,48,118,70,True
44,6,48,118,70,True
63,3,48,118,70,True
67,6,48,156,108,True
15,7,49,126,77,True
40,8,49,118,69,True
41,9,49,118,69,True
62,8,49,118,69,True
73,8,49,156,107,True
26,7,50,109,59,True
45,5,50,118,68,True
73,9,50,156,106,True
78,3,50,156,106,True
1,8,51,126,75,True
4,10,51,138,87,True
23,3,51,109,58,True
35,4,51,167,116,True
70,3,51,118,67,True
77,6,51,118,67,True
7,5,52,138,86,True
13,2,52,126,74,True
23,4,52,109,57,True
29,6,52,138,86,True
37,7,52,126,74,True
51,12,52,156,104,True
53,6,52,118,66,True
58,8,52,101,49,True
0,3,53,109,56,True
3,1,53,101,48,True
22,6,53,138,85,True
23,5,53,109,56,True
24,7,53,109,56,True
27,8,53,101,48,True
44,7,53,118,65,True
55,6,53,118,65,True
72,5,53,118,65,True
78,4,53,156,103,True
17,3,54,138,84,True
74,6,54,118,64,True
7,6,55,138,83,True
19,1,55,101,46,True
45,6,55,156,101,True
54,6,55,94,39,True
60,4,55,118,63,True
70,4,55,118,63,True
20,7,56,140,84,True
22,7,56,138,82,True
33,10,56,126,70,True
39,2,56,138,82,True
51,13,56,156,100,True
54,7,56,94,38,True
6,4,57,101,44,True
7,7,57,138,81,True
8,5,57,167,110,True
19,2,57,101,44,True
23,6,57,109,52,True
39,3,57,138,81,True
41,10,57,156,99,True
61,3,57,118,61,True
67,7,57,156,99,True
70,5,57,127,70,True
3,2,58,101,43,True
33,11,58,126,68,True
37,8,58,138,80,True
43,8,58,118,60,True
4,11,59,138,79,True
32,5,59,140,81,True
33,12,59,126,67,True
38,1,59,140,81,True
40,9,59,118,59,True
46,4,59,118,59,True
61,4,59,118,59,True
67,8,59,156,97,True
7,8,60,138,78,True
15,8,60,140,80,True
21,13,60,167,107,True
32,6,60,140,80,True
40,10,60,118,58,True
56,7,60,156,96,True
4,12,61,138,77,True
6,5,61,109,48,True
16,10,61,138,77,True
29,7,61,138,77,True
38,2,61,140,79,True
39,4,61,138,77,True
42,7,61,127,66,True
50,5,61,127,66,True
53,7,61,118,57,True
60,5,61,156,95,True
63,4,61,138,77,True
73,10,61,156,95,True
18,5,62,127,65,True
27,9,62,101,39,True
40,11,62,156,94,True
60,6,62,156,94,True
66,4,62,156,94,True
73,11,62,156,94,True
3,3,63,109,46,True
5,3,63,138,75,True
7,9,63,138,75,True
22,8,63,138,75,True
29,8,63,138,75,True
43,9,63,138,75,True
47,6,63,127,64,True
71,10,63,138,75,True
73,12,63,156,93,True
3,4,64,109,45,True
5,4,64,138,74,True
18,6,64,127,63,True
21,14,64,167,103,True
23,7,64,109,45,True
24,8,64,140,76,True
29,9,64,138,74,True
34,5,64,138,74,True
36,6,64,167,103,True
42,8,64,127,63,True
45,7,64,156,92,True
55,7,64,138,74,True
79,5,64,138,74,True
6,6,65,109,44,True
15,9,65,140,75,True
24,9,65,140,75,True
29,10,65,138,73,True
31,7,65,167,102,True
52,5,65,138,73,True
76,8,65,138,73,True
6,7,66,109,43,True
7,10,66,138,72,True
10,8,66,126,60,True
11,3,66,167,101,True
15,10,66,140,74,True
36,7,66,167,101,True
38,3,66,140,74,True
45,8,66,156,90,True
59,3,66,138,72,True
6,8,67,109,42,True
13,3,67,138,71,True
31,8,67,167,100,True
33,13,67,138,71,True
35,5,67,167,100,True
37,9,67,138,71,True
41,11,67,156,89,True
46,5,67,118,51,True
53,8,67,118,51,True
54,8,67,127,60,True
62,9,67,138,71,True
63,5,67,156,89,True
66,5,67,156,89,True
68,7,67,138,71,True
71,11,67,138,71,True
76,9,67,138,71,True
78,5,67,156,89,True
7,11,68,138,70,True
42,9,68,127,59,True
53,9,68,118,50,True
54,9,68,127,59,True
69,4,68,138,70,True
10,9,69,126,57,True
22,9,69,138,69,True
24,10,69,140,71,True
32,7,69,140,71,True
34,6,69,138,69,True
40,12,69,156,87,True
61,5,69,118,49,True
62,10,69,138,69,True
67,9,69,156,87,True
78,6,69,156,87,True
11,4,70,167,97,True
34,7,70,138,68,True
49,5,70,138,68,True
52,6,70,156,86,True
16,11,71,140,69,True
19,3,71,140,69,True
23,8,71,140,69,True
44,8,71,138,67,True
52,7,71,156,85,True
55,8,71,138,67,True
60,7,71,156,85,True
8,6,72,167,95,True
20,8,72,140,68,True
29,11,72,167,95,True
1,9,73,138,65,True
27,10,73,118,45,True
46,6,73,118,45,True
52,8,73,156,83,True
59,4,73,138,65,True
65,8,73,156,83,True
74,7,73,138,65,True
76,10,73,138,65,True
10,10,74,138,64,True
15,11,74,140,66,True
31,9,74,167,93,True
51,14,74,156,82,True
62,11,74,138,64,True
65,9,74,156,82,True
67,10,74,156,82,True
7,12,75,140,65,True
16,12,75,140,65,True
22,10,75,140,65,True
24,11,75,140,65,True
25,9,75,140,65,True
28,5,75,167,92,True
37,10,75,138,63,True
40,13,75,156,81,True
45,9,75,156,81,True
48,5,75,156,81,True
56,8,75,156,81,True
60,8,75,156,81,True
61,6,75,156,81,True
67,11,75,156,81,True
76,11,75,138,63,True
21,15,76,167,91,True
31,10,76,167,91,True
38,4,76,140,64,True
39,5,76,140,64,True
46,7,76,118,42,True
55,9,76,138,62,True
66,6,76,156,80,True
75,4,76,138,62,True
0,4,77,140,63,True
14,8,77,140,63,True
38,5,77,140,63,True
56,9,77,156,79,True
65,10,77,156,79,True
72,6,77,156,79,True
75,5,77,138,61,True
5,5,78,138,60,True
7,13,78,140,62,True
18,7,78,138,60,True
23,9,78,140,62,True
24,12,78,140,62,True
49,6,78,156,78,True
65,11,78,156,78,True
69,5,78,156,78,True
72,7,78,156,78,True
1,10,79,138,59,True
19,4,79,140,61,True
22,11,79,140,61,True
33,14,79,138,59,True
56,10,79,156,77,True
11,5,80,167,87,True
22,12,80,140,60,True
28,6,80,167,87,True
29,12,80,167,87,True
60,9,80,156,76,True
73,13,80,156,76,True
77,7,80,156,76,True
0,5,81,140,59,True
6,9,81,140,59,True
17,4,81,167,86,True
30,5,81,140,59,True
39,6,81,140,59,True
48,6,81,156,75,True
49,7,81,156,75,True
60,10,81,156,75,True
1,11,82,138,56,True
27,11,82,138,56,True
48,7,82,156,74,True
2,7,83,140,57,True
18,8,83,138,55,True
23,10,83,140,57,True
30,6,83,140,57,True
39,7,83,140,57,True
53,10,83,156,73,True
54,10,83,127,44,True
71,12,83,156,73,True
72,8,83,156,73,True
4,13,84,140,56,True
36,8,84,167,83,True
45,10,84,156,72,True
55,10,84,156,72,True
8,7,85,167,82,True
20,9,85,140,55,True
27,12,85,140,55,True
31,11,85,167,82,True
38,6,85,140,55,True
42,10,85,156,71,True
46,8,85,156,71,True
48,8,85,156,71,True
50,6,85,156,71,True
56,11,85,156,71,True
62,12,85,156,71,True
52,9,86,156,70,True
64,1,86,156,70,True
21,16,87,167,80,True
27,13,87,140,53,True
44,9,87,138,51,True
58,9,87,138,51,True
64,2,87,156,69,True
72,9,87,156,69,True
77,8,87,156,69,True
16,13,88,140,52,True
18,9,88,156,68,True
27,14,88,140,52,True
33,15,88,138,50,True
34,8,88,167,79,True
50,7,88,156,68,True
52,10,88,156,68,True
63,6,88,156,68,True
65,12,88,156,68,True
75,6,88,156,68,True
1,12,89,138,49,True
8,8,89,167,78,True
11,6,89,167,78,True
31,12,89,167,78,True
46,9,89,156,67,True
50,8,89,156,67,True
74,8,89,156,67,True
1,13,90,138,48,True
7,14,90,140,50,True
12,8,90,138,48,True
13,4,90,167,77,True
15,12,90,167,77,True
22,13,90,140,50,True
32,8,90,140,50,True
51,15,90,156,66,True
57,5,90,156,66,True
72,10,90,156,66,True
78,7,90,169,79,True
5,6,91,140,49,True
8,9,91,167,76,True
9,3,91,140,49,True
47,7,91,156,65,True
54,11,91,156,65,True
58,10,91,138,47,True
12,9,92,138,46,True
15,13,92,167,75,True
20,10,92,140,48,True
25,10,92,151,59,True
35,6,92,167,75,True
44,10,92,156,64,True
58,11,92,138,46,True
60,11,92,169,77,True
62,13,92,156,64,True
70,6,92,156,64,True
79,6,92,156,64,True
15,14,93,167,74,True
34,9,93,167,74,True
64,3,93,156,63,True
4,14,94,140,46,True
14,9,94,140,46,True
36,9,94,167,73,True
40,14,94,156,62,True
42,11,94,156,62,True
66,7,94,156,62,True
67,12,94,156,62,True
3,5,95,151,56,True
7,15,95,140,45,True
12,10,95,138,43,True
16,14,95,167,72,True
49,8,95,156,61,True
62,14,95,156,61,True
72,11,95,163,68,True
79,7,95,156,61,True
38,7,96,151,55,True
51,16,96,156,60,True
52,11,96,156,60,True
56,12,96,156,60,True
65,13,96,156,60,True
70,7,96,156,60,True
13,5,97,167,70,True
22,14,97,167,70,True
26,8,97,167,70,True
55,11,97,156,59,True
61,7,97,156,59,True
10,11,98,156,58,True
13,6,98,167,69,True
17,5,98,214,116,True
24,13,98,167,69,True
27,15,98,151,53,True
29,13,98,167,69,True
33,16,98,167,69,True
40,15,98,156,58,True
62,15,98,163,65,True
73,14,98,169,71,True
76,12,98,156,58,True
36,10,99,167,68,True
62,16,99,163,64,True
66,8,99,156,57,True
14,10,100,167,67,True
17,6,100,214,114,True
19,5,100,156,56,True
26,9,100,167,67,True
15,15,101,167,66,True
23,11,101,167,66,True
46,10,101,159,58,True
64,4,101,156,55,True
65,14,101,169,68,True
7,16,102,167,65,True
14,11,102,167,65,True
28,7,102,214,112,True
31,13,102,214,112,True
33,17,102,167,65,True
39,8,102,167,65,True
46,11,102,159,57,True
52,12,102,156,54,True
68,8,102,163,61,True
76,13,102,156,54,True
15,16,103,167,64,True
17,7,103,214,111,True
37,11,103,167,64,True
42,12,103,159,56,True
43,10,103,163,60,True
55,12,103,163,60,True
60,12,103,169,66,True
69,6,103,163,60,True
70,8,103,156,53,True
0,6,104,151,47,True
4,15,104,214,110,True
16,15,104,167,63,True
30,7,104,167,63,True
36,11,104,214,110,True
39,9,104,167,63,True
49,9,104,163,59,True
52,13,104,156,52,True
66,9,104,156,52,True
68,9,104,163,59,True
23,12,105,167,62,True
24,14,105,167,62,True
30,8,105,167,62,True
39,10,105,167,62,True
4,16,106,214,108,True
5,7,106,167,61,True
7,17,106,214,108,True
16,16,106,167,61,True
21,17,106,214,108,True
25,11,106,151,45,True
50,9,106,159,53,True
55,13,106,163,57,True
57,6,106,156,50,True
59,5,106,156,50,True
65,15,106,169,63,True
1,14,107,167,60,True
2,8,107,167,60,True
5,8,107,167,60,True
12,11,107,156,49,True
22,15,107,214,107,True
29,14,107,214,107,True
45,11,107,169,62,True
62,17,107,163,56,True
78,8,107,228,121,True
2,9,108,167,59,True
7,18,108,214,106,True
23,13,108,167,59,True
44,11,108,163,55,True
49,10,108,228,120,True
57,7,108,156,48,True
0,7,109,167,58,True
3,6,109,167,58,True
14,12,109,214,105,True
24,15,109,167,58,True
28,8,109,214,105,True
31,14,109,214,105,True
40,16,109,156,47,True
46,12,109,159,50,True
66,10,109,156,47,True
71,13,109,163,54,True
76,14,109,156,47,True
8,10,110,214,104,True
31,15,110,214,104,True
33,18,110,167,57,True
40,17,110,156,46,True
49,11,110,228,118,True
4,17,111,214,103,True
16,17,111,214,103,True
37,12,111,167,56,True
41,12,111,228,117,True
50,10,111,159,48,True
51,17,111,169,58,True
61,8,111,156,45,True
70,9,111,159,48,True
0,8,112,167,55,True
12,12,112,156,44,True
13,7,112,167,55,True
17,8,112,214,102,True
23,14,112,167,55,True
24,16,112,167,55,True
32,9,112,214,102,True
33,19,112,167,55,True
37,13,112,167,55,True
41,13,112,228,116,True
45,12,112,169,57,True
62,18,112,163,51,True
73,15,112,169,57,True
1,15,113,167,54,True
16,18,113,214,101,True
17,9,113,214,101,True
30,9,113,214,101,True
40,18,113,169,56,True
47,8,113,159,46,True
79,8,113,163,50,True
2,10,114,214,100,True
19,6,114,167,53,True
29,15,114,214,100,True
35,7,114,214,100,True
39,11,114,167,53,True
43,11,114,169,55,True
52,14,114,169,55,True
62,19,114,163,49,True
74,9,114,228,114,True
79,9,114,163,49,True
1,16,115,167,52,True
10,12,115,167,52,True
14,13,115,214,99,True
15,17,115,167,52,True
30,10,115,214,99,True
64,5,115,169,54,True
66,11,115,169,54,True
75,7,115,169,54,True
2,11,116,214,98,True
18,10,116,159,43,True
22,16,116,214,98,True
26,10,116,214,98,True
50,11,116,159,43,True
57,8,116,169,53,True
59,6,116,163,47,True
61,9,116,163,47,True
75,8,116,169,53,True
4,18,117,214,97,True
9,4,117,167,50,True
29,16,117,214,97,True
49,12,117,228,111,True
54,12,117,159,42,True
73,16,117,169,52,True
79,10,117,163,46,True
0,9,118,214,96,True
12,13,118,167,49,True
15,18,118,167,49,True
20,11,118,214,96,True
23,15,118,214,96,True
24,17,118,214,96,True
25,12,118,214,96,True
28,9,118,214,96,True
56,13,118,169,51,True
64,6,118,169,51,True
69,7,118,169,51,True
77,9,118,188,70,True
2,12,119,214,95,True
20,12,119,214,95,True
27,16,119,214,95,True
42,13,119,159,40,True
43,12,119,169,50,True
47,9,119,159,40,True
50,12,119,159,40,True
52,15,119,169,50,True
57,9,119,169,50,True
73,17,119,169,50,True
3,7,120,214,94,True
5,9,120,214,94,True
20,13,120,214,94,True
22,17,120,214,94,True
31,16,120,214,94,True
45,13,120,169,49,True
60,13,120,188,68,True
62,20,120,163,43,True
65,16,120,228,108,True
13,8,121,167,46,True
19,7,121,167,46,True
20,14,121,214,93,True
22,18,121,214,93,True
34,10,121,185,64,True
37,14,121,185,64,True
47,10,121,159,38,True
61,10,121,169,48,True
65,17,121,228,107,True
73,18,121,169,48,True
74,10,121,228,107,True
31,17,122,214,92,True
70,10,122,169,47,True
4,19,123,214,91,True
6,10,123,214,91,True
36,12,123,214,91,True
37,15,123,185,62,True
47,11,123,159,36,True
67,13,123,169,46,True
72,12,123,228,105,True
11,7,124,214,90,True
12,14,124,167,43,True
14,14,124,214,90,True
15,19,124,167,43,True
26,11,124,214,90,True
52,16,124,169,45,True
53,11,124,169,45,True
59,7,124,188,64,True
60,14,124,188,64,True
19,8,125,167,42,True
25,13,125,214,89,True
29,17,125,214,89,True
45,14,125,228,103,True
56,14,125,188,63,True
5,10,126,214,88,True
6,11,126,214,88,True
9,5,126,214,88,True
16,19,126,214,88,True
25,14,126,214,88,True
31,18,126,214,88,True
36,13,126,214,88,True
54,13,126,174,48,True
62,21,126,188,62,True
66,12,126,169,43,True
72,13,126,228,102,True
79,11,126,188,62,True
18,11,127,167,40,True
33,20,127,185,58,True
38,8,127,214,87,True
54,14,127,174,47,True
79,12,127,188,61,True
12,15,128,167,39,True
14,15,128,214,86,True
35,8,128,214,86,True
45,15,128,228,100,True
47,12,128,167,39,True
51,18,128,169,41,True
57,10,128,169,41,True
62,22,128,188,60,True
68,10,128,228,100,True
70,11,128,169,41,True
71,14,128,169,41,True
3,8,129,214,85,True
4,20,129,214,85,True
5,11,129,214,85,True
6,12,129,214,85,True
9,6,129,214,85,True
68,11,129,228,99,True
2,13,130,214,84,True
16,20,130,214,84,True
18,12,130,167,37,True
31,19,130,214,84,True
41,14,130,228,98,True
48,9,130,228,98,True
59,8,130,188,58,True
70,12,130,174,44,True
74,11,130,228,98,True
13,9,131,185,54,True
16,21,131,214,83,True
19,9,131,214,83,True
53,12,131,169,38,True
57,11,131,169,38,True
0,10,132,214,82,True
12,16,132,185,53,True
20,15,132,214,82,True
29,18,132,214,82,True
35,9,132,214,82,True
47,13,132,174,42,True
58,12,132,214,82,True
63,7,132,228,96,True
72,14,132,228,96,True
5,12,133,214,81,True
15,20,133,214,81,True
26,12,133,214,81,True
33,21,133,185,52,True
57,12,133,169,36,True
59,9,133,188,55,True
61,11,133,169,36,True
62,23,133,188,55,True
5,13,134,214,80,True
16,22,134,214,80,True
19,10,134,214,80,True
21,18,134,214,80,True
24,18,134,214,80,True
35,10,134,214,80,True
42,14,134,174,40,True
62,24,134,188,54,True
71,15,134,228,94,True
79,13,134,188,54,True
1,17,135,214,79,True
12,17,135,185,50,True
16,23,135,214,79,True
18,13,135,167,32,True
26,13,135,214,79,True
37,16,135,214,79,True
55,14,135,228,93,True
66,13,135,228,93,True
78,9,135,228,93,True
0,11,136,214,78,True
11,8,136,214,78,True
29,19,136,214,78,True
39,12,136,214,78,True
41,15,136,228,92,True
46,13,136,169,33,True
60,15,136,228,92,True
61,12,136,169,33,True
67,14,136,228,92,True
73,19,136,228,92,True
77,10,136,188,52,True
0,12,137,214,77,True
11,9,137,214,77,True
39,13,137,214,77,True
47,14,137,174,37,True
77,11,137,228,91,True
0,13,138,214,76,True
50,13,138,174,36,True
54,15,138,174,36,True
56,15,138,228,90,True
10,13,139,214,75,True
12,18,139,185,46,True
15,21,139,214,75,True
27,17,139,214,75,True
33,22,139,214,75,True
50,14,139,174,35,True
70,13,139,174,35,True
12,19,140,185,45,True
14,16,140,214,74,True
29,20,140,214,74,True
33,23,140,214,74,True
54,16,140,174,34,True
55,15,140,228,88,True
66,14,140,228,88,True
13,10,141,214,73,True
21,19,141,214,73,True
35,11,141,214,73,True
42,15,141,188,47,True
45,16,141,228,87,True
52,17,141,228,87,True
60,16,141,228,87,True
68,12,141,228,87,True
20,16,142,214,72,True
21,20,142,214,72,True
24,19,142,214,72,True
41,16,142,228,86,True
45,17,142,228,86,True
49,13,142,228,86,True
52,18,142,228,86,True
0,14,143,214,71,True
4,21,143,214,71,True
7,19,143,214,71,True
12,20,143,214,71,True
16,24,143,224,81,True
21,21,143,214,71,True
27,18,143,214,71,True
29,21,143,214,71,True
38,9,143,214,71,True
40,19,143,228,85,True
49,14,143,228,85,True
68,13,143,228,85,True
3,9,144,214,70,True
28,10,144,214,70,True
31,20,144,214,70,True
32,10,144,214,70,True
34,11,144,214,70,True
39,14,144,214,70,True
43,13,144,228,84,True
47,15,144,174,30,True
70,14,144,188,44,True
77,12,144,228,84,True
0,15,145,214,69,True
7,20,145,214,69,True
9,7,145,214,69,True
13,11,145,214,69,True
47,16,145,188,43,True
56,16,145,228,83,True
67,15,145,244,99,True
6,13,146,214,68,True
9,8,146,214,68,True
17,10,146,214,68,True
18,14,146,214,68,True
37,17,146,214,68,True
41,17,146,228,82,True
53,13,146,228,82,True
72,15,146,228,82,True
1,18,147,214,67,True
6,14,147,214,67,True
11,10,147,214,67,True
14,17,147,214,67,True
15,22,147,214,67,True
28,11,147,214,67,True
35,12,147,214,67,True
38,10,147,214,67,True
52,19,147,228,81,True
70,15,147,228,81,True
14,18,148,214,66,True
16,25,148,224,76,True
53,14,148,228,80,True
55,16,148,228,80,True
66,15,148,244,96,True
77,13,148,228,80,True
0,16,149,214,65,True
7,21,149,214,65,True
18,15,149,214,65,True
25,15,149,214,65,True
43,14,149,244,95,True
48,10,149,228,79,True
55,17,149,228,79,True
64,7,149,228,79,True
68,14,149,244,95,True
69,8,149,228,79,True
74,12,149,228,79,True
4,22,150,214,64,True
6,15,150,214,64,True
15,23,150,214,64,True
22,19,150,224,74,True
29,22,150,214,64,True
33,24,150,214,64,True
56,17,150,228,78,True
57,13,150,228,78,True
3,10,151,214,63,True
5,14,151,214,63,True
7,22,151,214,63,True
16,26,151,224,73,True
26,14,151,214,63,True
31,21,151,214,63,True
36,14,151,214,63,True
41,18,151,228,77,True
46,14,151,228,77,True
77,14,151,228,77,True
14,19,152,214,62,True
16,27,152,224,72,True
19,11,152,214,62,True
22,20,152,224,72,True
24,20,152,214,62,True
30,11,152,214,62,True
33,25,152,214,62,True
43,15,152,244,92,True
46,15,152,228,76,True
47,17,152,188,36,True
55,18,152,228,76,True
61,13,152,228,76,True
66,16,152,244,92,True
68,15,152,244,92,True
2,14,153,214,61,True
4,23,153,214,61,True
8,11,153,214,61,True
31,22,153,214,61,True
33,26,153,214,61,True
35,13,153,214,61,True
44,12,153,228,75,True
53,15,153,228,75,True
62,25,153,228,75,True
75,9,153,228,75,True
13,12,154,214,60,True
16,28,154,224,70,True
20,17,154,214,60,True
24,21,154,214,60,True
34,12,154,214,60,True
55,19,154,244,90,True
61,14,154,228,74,True
13,13,155,214,59,True
24,22,155,214,59,True
26,15,155,224,69,True
41,19,155,228,73,True
52,20,155,228,73,True
75,10,155,228,73,True
4,24,156,214,58,True
34,13,156,214,58,True
42,16,156,228,72,True
43,16,156,244,88,True
44,13,156,228,72,True
49,15,156,228,72,True
51,19,156,244,88,True
54,17,156,228,72,True
66,17,156,244,88,True
75,11,156,228,72,True
0,17,157,214,57,True
16,29,157,224,67,True
40,20,157,228,71,True
47,18,157,228,71,True
50,15,157,228,71,True
1,19,158,214,56,True
11,11,158,245,87,True
13,14,158,214,56,True
34,14,158,214,56,True
37,18,158,214,56,True
39,15,158,214,56,True
46,16,158,228,70,True
1,20,159,214,55,True
2,15,159,214,55,True
4,25,159,224,65,True
11,12,159,245,86,True
21,22,159,245,86,True
26,16,159,245,86,True
33,27,159,214,55,True
42,17,159,228,69,True
0,18,160,214,54,True
3,11,160,214,54,True
4,26,160,224,64,True
6,16,160,224,64,True
39,16,160,224,64,True
55,20,160,244,84,True
57,14,160,228,68,True
65,18,160,244,84,True
8,12,161,245,84,True
18,16,161,228,67,True
19,12,161,214,53,True
32,11,161,214,53,True
7,23,162,224,62,True
22,21,162,245,83,True
52,21,162,228,66,True
73,20,162,244,82,True
78,10,162,244,82,True
13,15,163,245,82,True
26,17,163,245,82,True
29,23,163,295,132,True
31,23,163,245,82,True
45,18,163,244,81,True
55,21,163,244,81,True
57,15,163,228,65,True
0,19,164,214,50,True
27,19,164,245,81,True
32,12,164,224,60,True
36,15,164,214,50,True
44,14,164,244,80,True
49,16,164,244,80,True
62,26,164,244,80,True
70,16,164,228,64,True
77,15,164,244,80,True
78,11,164,244,80,True
15,24,165,224,59,True
43,17,165,244,79,True
49,17,165,244,79,True
8,13,166,245,79,True
18,17,166,228,62,True
46,17,166,244,78,True
61,15,166,228,62,True
72,16,166,244,78,True
5,15,167,214,47,True
23,16,167,224,57,True
26,18,167,245,78,True
54,18,167,228,61,True
56,18,167,244,77,True
0,20,168,214,46,True
26,19,168,245,77,True
39,17,168,224,56,True
44,15,168,244,76,True
56,19,168,244,76,True
70,17,168,228,60,True
71,16,168,244,76,True
74,13,168,244,76,True
78,12,168,244,76,True
3,12,169,224,55,True
6,17,169,224,55,True
18,18,169,228,59,True
35,14,169,245,76,True
47,19,169,228,59,True
48,11,169,244,75,True
55,22,169,244,75,True
60,17,169,244,75,True
79,14,169,244,75,True
25,16,170,224,54,True
70,18,170,228,58,True
77,16,170,244,74,True
12,21,171,214,43,True
32,13,171,245,74,True
36,16,171,271,100,True
37,19,171,245,74,True
48,12,171,244,73,True
49,18,171,244,73,True
51,20,171,244,73,True
56,20,171,244,73,True
58,13,171,245,74,True
4,27,172,271,99,True
25,17,172,224,52,True
45,19,172,244,72,True
54,19,172,228,56,True
56,21,172,244,72,True
59,10,172,244,72,True
72,17,172,264,92,True
75,12,172,244,72,True
77,17,172,244,72,True
78,13,172,244,72,True
15,25,173,224,51,True
36,17,173,271,98,True
41,20,173,244,71,True
42,18,173,228,55,True
49,19,173,244,71,True
50,16,173,244,71,True
61,16,173,244,71,True
65,19,173,244,71,True
67,16,173,244,71,True
72,18,173,264,91,True
2,16,174,245,71,True
3,13,174,224,50,True
19,13,174,224,50,True
23,17,174,245,71,True
32,14,174,245,71,True
41,21,174,244,70,True
53,16,174,244,70,True
59,11,174,244,70,True
4,28,175,271,96,True
15,26,175,271,96,True
19,14,175,224,49,True
28,12,175,271,96,True
29,24,175,295,120,True
35,15,175,245,70,True
40,21,175,244,69,True
47,20,175,228,53,True
79,15,175,244,69,True
3,14,176,224,48,True
7,24,176,245,69,True
9,9,176,245,69,True
12,22,176,228,52,True
15,27,176,271,95,True
16,30,176,271,95,True
23,18,176,245,69,True
26,20,176,245,69,True
31,24,176,271,95,True
35,16,176,245,69,True
43,18,176,244,68,True
48,13,176,244,68,True
72,19,176,264,88,True
28,13,177,271,94,True
43,19,177,244,67,True
44,16,177,245,68,True
64,8,177,244,67,True
78,14,177,244,67,True
7,25,178,245,67,True
9,10,178,245,67,True
13,16,178,245,67,True
34,15,178,271,93,True
40,22,178,244,66,True
55,23,178,244,66,True
64,9,178,244,66,True
65,20,178,264,86,True
2,17,179,271,92,True
8,14,179,245,66,True
52,22,179,244,65,True
53,17,179,244,65,True
73,21,179,244,65,True
0,21,180,245,65,True
6,18,180,224,44,True
17,11,180,271,91,True
21,23,180,271,91,True
25,18,180,245,65,True
26,21,180,271,91,True
29,25,180,295,115,True
36,18,180,271,91,True
41,22,180,244,64,True
43,20,180,244,64,True
58,14,180,245,65,True
76,15,180,244,64,True
16,31,181,271,90,True
18,19,181,228,47,True
23,19,181,245,64,True
33,28,181,245,64,True
55,24,181,244,63,True
69,9,181,244,63,True
14,20,182,245,63,True
27,20,182,245,63,True
28,14,182,271,89,True
36,19,182,271,89,True
57,16,182,264,82,True
58,15,182,245,63,True
72,20,182,264,82,True
77,18,182,244,62,True
5,16,183,245,62,True
18,20,183,228,45,True
27,21,183,245,62,True
34,16,183,271,88,True
36,20,183,271,88,True
37,20,183,245,62,True
74,14,183,264,81,True
78,15,183,264,81,True
12,23,184,228,44,True
17,12,184,295,111,True
35,17,184,271,87,True
44,17,184,245,61,True
48,14,184,264,80,True
58,16,184,245,61,True
63,8,184,264,80,True
69,10,184,264,80,True
78,16,184,264,80,True
2,18,185,271,86,True
10,14,185,271,86,True
24,23,185,271,86,True
52,23,185,244,59,True
61,17,185,244,59,True
74,15,185,264,79,True
79,16,185,244,59,True
8,15,186,271,85,True
9,11,186,271,85,True
15,28,186,271,85,True
16,32,186,271,85,True
18,21,186,244,58,True
41,23,186,264,78,True
51,21,186,264,78,True
79,17,186,244,58,True
4,29,187,271,84,True
14,21,187,271,84,True
21,24,187,295,108,True
30,12,187,271,84,True
34,17,187,271,84,True
53,18,187,264,77,True
60,18,187,244,57,True
12,24,188,271,83,True
23,20,188,271,83,True
25,19,188,271,83,True
30,13,188,271,83,True
45,20,188,264,76,True
61,18,188,244,56,True
62,27,188,244,56,True
71,17,188,264,76,True
29,26,189,295,106,True
56,22,189,244,55,True
57,17,189,264,75,True
63,9,189,264,75,True
70,19,189,244,55,True
3,15,190,245,55,True
10,15,190,271,81,True
20,18,190,271,81,True
22,22,190,271,81,True
32,15,190,271,81,True
48,15,190,264,74,True
51,22,190,264,74,True
53,19,190,264,74,True
67,17,190,264,74,True
14,22,191,271,80,True
24,24,191,271,80,True
35,18,191,271,80,True
62,28,191,244,53,True
69,11,191,264,73,True
72,21,191,264,73,True
78,17,191,264,73,True
7,26,192,271,79,True
9,12,192,271,79,True
19,15,192,245,53,True
52,24,192,264,72,True
69,12,192,264,72,True
73,22,192,244,52,True
17,13,193,295,102,True
35,19,193,295,102,True
52,25,193,264,71,True
68,16,193,264,71,True
75,13,193,264,71,True
0,22,194,271,77,True
5,17,194,271,77,True
11,13,194,295,101,True
15,29,194,271,77,True
22,23,194,271,77,True
28,15,194,295,101,True
42,19,194,244,50,True
59,12,194,244,50,True
73,23,194,329,135,True
78,18,194,264,70,True
79,18,194,244,50,True
7,27,195,271,76,True
10,16,195,271,76,True
37,21,195,271,76,True
51,23,195,264,69,True
62,29,195,244,49,True
63,10,195,264,69,True
71,18,195,264,69,True
5,18,196,271,75,True
7,28,196,271,75,True
26,22,196,271,75,True
31,25,196,298,102,True
33,29,196,271,75,True
34,18,196,271,75,True
38,11,196,271,75,True
58,17,196,245,49,True
59,13,196,244,48,True
61,19,196,264,68,True
74,16,196,264,68,True
5,19,197,271,74,True
13,17,197,271,74,True
35,20,197,295,98,True
41,24,197,264,67,True
53,20,197,264,67,True
54,20,197,244,47,True
56,23,197,264,67,True
63,11,197,264,67,True
65,21,197,264,67,True
66,18,197,264,67,True
73,24,197,329,132,True
78,19,197,264,67,True
16,33,198,271,73,True
33,30,198,271,73,True
35,21,198,295,97,True
11,14,199,298,99,True
18,22,199,271,72,True
21,25,199,295,96,True
30,14,199,271,72,True
38,12,199,271,72,True
41,25,199,264,65,True
58,18,199,245,46,True
5,20,200,271,71,True
14,23,200,271,71,True
44,18,200,245,45,True
47,21,200,264,64,True
50,17,200,264,64,True
69,13,200,264,64,True
75,14,200,264,64,True
78,20,200,264,64,True
31,26,201,298,97,True
56,24,201,264,63,True
60,19,201,264,63,True
78,21,201,264,63,True
3,16,202,245,43,True
31,27,202,298,96,True
42,20,202,264,62,True
64,10,202,264,62,True
6,19,203,271,68,True
10,17,203,271,68,True
12,25,203,271,68,True
15,30,203,271,68,True
41,26,203,264,61,True
63,12,203,264,61,True
71,19,203,329,126,True
75,15,203,264,61,True
36,21,204,295,91,True
39,18,204,271,67,True
61,20,204,264,60,True
65,22,204,264,60,True
67,18,204,264,60,True
3,17,205,271,66,True
7,29,205,271,66,True
12,26,205,271,66,True
20,19,205,271,66,True
23,21,205,271,66,True
33,31,205,271,66,True
39,19,205,271,66,True
70,20,205,264,59,True
76,16,205,329,124,True
78,22,205,264,59,True
5,21,206,271,65,True
23,22,206,271,65,True
32,16,206,271,65,True
36,22,206,298,92,True
40,23,206,264,58,True
47,22,206,264,58,True
48,16,206,264,58,True
50,18,206,264,58,True
53,21,206,264,58,True
57,18,206,264,58,True
79,19,206,264,58,True
13,18,207,271,64,True
37,22,207,271,64,True
40,24,207,264,57,True
47,23,207,264,57,True
70,21,207,264,57,True
76,17,207,329,122,True
31,28,208,298,90,True
47,24,208,264,56,True
53,22,208,264,56,True
75,16,208,264,56,True
76,18,208,329,121,True
77,19,208,264,56,True
41,27,209,264,55,True
44,19,209,329,120,True
4,30,210,286,76,True
12,27,210,271,61,True
18,23,210,271,61,True
24,25,210,286,76,True
54,21,210,264,54,True
56,25,210,264,54,True
63,13,210,329,119,True
68,17,210,329,119,True
70,22,210,264,54,True
10,18,211,271,60,True
25,20,211,271,60,True
30,15,211,295,84,True
35,22,211,298,87,True
46,18,211,264,53,True
52,26,211,329,118,True
53,23,211,264,53,True
65,23,211,264,53,True
78,23,211,329,118,True
0,23,212,271,59,True
7,30,212,295,83,True
13,19,212,271,59,True
20,20,212,286,74,True
21,26,212,298,86,True
31,29,212,298,86,True
53,24,212,264,52,True
65,24,212,329,117,True
72,22,212,329,117,True
0,24,213,271,58,True
4,31,213,295,82,True
5,22,213,295,82,True
11,15,213,298,85,True
28,16,213,295,82,True
30,16,213,295,82,True
32,17,213,286,73,True
37,23,213,271,58,True
74,17,213,329,116,True
75,17,213,264,51,True
78,24,213,329,116,True
7,31,214,295,81,True
20,21,214,286,72,True
41,28,214,264,50,True
48,17,214,329,115,True
49,20,214,329,115,True
68,18,214,329,115,True
8,16,215,298,83,True
16,34,215,295,80,True
30,17,215,295,80,True
33,32,215,295,80,True
52,27,215,329,114,True
64,11,215,264,49,True
11,16,216,298,82,True
13,20,216,271,55,True
21,27,216,298,82,True
56,26,216,329,113,True
58,19,216,264,48,True
64,12,216,264,48,True
5,23,217,295,78,True
12,28,217,271,54,True
24,26,217,295,78,True
28,17,217,298,81,True
30,18,217,295,78,True
42,21,217,329,112,True
59,14,217,329,112,True
68,19,217,329,112,True
79,20,217,329,112,True
1,21,218,271,53,True
14,24,218,295,77,True
15,31,218,271,53,True
27,22,218,286,68,True
34,19,218,271,53,True
40,25,218,264,46,True
45,21,218,329,111,True
54,22,218,271,53,True
69,14,218,329,111,True
21,28,219,298,79,True
44,20,219,329,110,True
64,13,219,329,110,True
19,16,220,271,51,True
25,21,220,295,75,True
28,18,220,298,78,True
49,21,220,329,109,True
58,20,220,264,44,True
61,21,220,264,44,True
67,19,220,329,109,True
4,32,221,295,74,True
26,23,221,295,74,True
34,20,221,271,50,True
40,26,221,264,43,True
63,14,221,329,108,True
65,25,221,329,108,True
13,21,222,271,49,True
18,24,222,271,49,True
31,30,222,298,76,True
35,23,222,298,76,True
48,18,222,329,107,True
54,23,222,271,49,True
59,15,222,329,107,True
63,15,222,329,107,True
73,25,222,329,107,True
76,19,222,329,107,True
1,22,223,295,72,True
19,17,223,271,48,True
33,33,223,295,72,True
34,21,223,271,48,True
40,27,223,329,106,True
44,21,223,329,106,True
60,20,223,329,106,True
68,20,223,329,106,True
69,15,223,329,106,True
8,17,224,298,74,True
16,35,224,295,71,True
17,14,224,298,74,True
31,31,224,298,74,True
37,24,224,271,47,True
40,28,224,329,105,True
48,19,224,329,105,True
12,29,225,271,46,True
26,24,225,295,70,True
40,29,225,329,104,True
41,29,225,329,104,True
47,25,225,271,46,True
11,17,226,298,72,True
17,15,226,298,72,True
39,20,226,295,69,True
75,18,226,329,103,True
5,24,227,295,68,True
11,18,227,298,71,True
26,25,227,295,68,True
32,18,227,295,68,True
39,21,227,295,68,True
50,19,227,329,102,True
51,24,227,329,102,True
60,21,227,329,102,True
70,23,227,329,102,True
1,23,228,295,67,True
2,19,228,295,67,True
19,18,228,295,67,True
22,24,228,295,67,True
25,22,228,295,67,True
31,32,228,298,70,True
55,25,228,329,101,True
58,21,228,329,101,True
9,13,229,295,66,True
11,19,229,298,69,True
12,30,229,271,42,True
14,25,229,295,66,True
17,16,229,298,69,True
24,27,229,295,66,True
51,25,229,329,100,True
10,19,230,295,65,True
12,31,230,271,41,True
20,22,230,295,65,True
49,22,230,329,99,True
56,27,230,329,99,True
61,22,230,329,99,True
67,20,230,329,99,True
69,16,230,329,99,True
5,25,231,295,64,True
15,32,231,288,57,True
16,36,231,295,64,True
66,19,231,329,98,True
68,21,231,329,98,True
79,21,231,329,98,True
1,24,232,295,63,True
10,20,232,295,63,True
22,25,232,295,63,True
25,23,232,295,63,True
30,19,232,295,63,True
31,33,232,298,66,True
34,22,232,295,63,True
58,22,232,329,97,True
61,23,232,329,97,True
76,20,232,329,97,True
0,25,233,295,62,True
5,26,233,295,62,True
11,20,233,298,65,True
34,23,233,295,62,True
51,26,233,329,96,True
52,28,233,329,96,True
64,14,233,329,96,True
26,26,234,295,61,True
54,24,234,329,95,True
55,26,234,329,95,True
70,24,234,329,95,True
79,22,234,329,95,True
15,33,235,295,60,True
16,37,235,295,60,True
23,23,235,295,60,True
34,24,235,295,60,True
39,22,235,295,60,True
41,30,235,329,94,True
43,21,235,329,94,True
54,25,235,329,94,True
61,24,235,329,94,True
69,17,235,329,94,True
70,25,235,329,94,True
72,23,235,329,94,True
21,29,236,344,108,True
25,24,236,295,59,True
30,20,236,295,59,True
54,26,236,329,93,True
56,28,236,329,93,True
68,22,236,329,93,True
1,25,237,295,58,True
2,20,237,295,58,True
12,32,237,295,58,True
30,21,237,295,58,True
36,23,237,298,61,True
52,29,237,329,92,True
55,27,237,329,92,True
58,23,237,329,92,True
73,26,237,329,92,True
78,25,237,329,92,True
1,26,238,295,57,True
4,33,238,295,57,True
19,19,238,295,57,True
34,25,238,295,57,True
59,16,238,329,91,True
60,22,238,329,91,True
62,30,238,329,91,True
5,27,239,295,56,True
23,24,239,295,56,True
39,23,239,295,56,True
41,31,239,329,90,True
15,34,240,295,55,True
35,24,240,298,58,True
41,32,240,329,89,True
68,23,240,329,89,True
70,26,240,329,89,True
2,21,241,298,57,True
6,20,241,295,54,True
8,18,241,298,57,True
12,33,241,295,54,True
14,26,241,298,57,True
28,19,241,298,57,True
35,25,241,298,57,True
41,33,241,329,88,True
68,24,241,329,88,True
72,24,241,329,88,True
73,27,241,329,88,True
78,26,241,329,88,True
79,23,241,329,88,True
2,22,242,298,56,True
7,32,242,298,56,True
18,25,242,329,87,True
26,27,242,295,53,True
27,23,242,329,87,True
47,26,242,329,87,True
13,22,243,329,86,True
16,38,243,328,85,True
18,26,243,329,86,True
34,26,243,295,52,True
43,22,243,329,86,True
64,15,243,329,86,True
73,28,243,329,86,True
3,18,244,295,51,True
46,19,244,329,85,True
50,20,244,329,85,True
68,25,244,329,85,True
1,27,245,295,50,True
5,28,245,298,53,True
13,23,245,329,84,True
22,26,245,298,53,True
28,20,245,298,53,True
29,27,245,344,99,True
36,24,245,298,53,True
38,13,245,295,50,True
49,23,245,329,84,True
53,25,245,329,84,True
56,29,245,329,84,True
62,31,245,329,84,True
15,35,246,295,49,True
31,34,246,298,52,True
33,34,246,295,49,True
41,34,246,329,83,True
45,22,246,329,83,True
59,17,246,329,83,True
62,32,246,329,83,True
77,20,246,329,83,True
19,20,247,295,48,True
25,25,247,295,48,True
48,20,247,329,82,True
60,23,247,329,82,True
79,24,247,329,82,True
1,28,248,295,47,True
12,34,248,295,47,True
18,27,248,329,81,True
24,28,248,295,47,True
29,28,248,344,96,True
54,27,248,329,81,True
72,25,248,329,81,True
74,18,248,329,81,True
77,21,248,329,81,True
8,19,249,344,95,True
14,27,249,298,49,True
28,21,249,298,49,True
43,23,249,329,80,True
44,22,249,329,80,True
50,21,249,329,80,True
54,28,249,329,80,True
55,28,249,329,80,True
58,24,249,329,80,True
66,20,249,329,80,True
69,18,249,329,80,True
72,26,249,329,80,True
75,19,249,329,80,True
10,21,250,295,45,True
14,28,250,298,48,True
19,21,250,295,45,True
25,26,250,295,45,True
45,23,250,329,79,True
68,26,250,329,79,True
78,27,250,329,79,True
5,29,251,298,47,True
15,36,251,295,44,True
20,23,251,328,77,True
29,29,251,344,93,True
38,14,251,295,44,True
46,20,251,329,78,True
49,24,251,329,78,True
65,26,251,329,78,True
77,22,251,329,78,True
20,24,252,328,76,True
64,16,252,329,77,True
8,20,253,344,91,True
17,17,253,344,91,True
39,24,253,295,42,True
49,25,253,329,76,True
52,30,253,329,76,True
54,29,253,329,76,True
57,19,253,364,111,True
58,25,253,329,76,True
63,16,253,329,76,True
71,20,253,329,76,True
72,27,253,329,76,True
10,22,254,329,75,True
15,37,254,329,75,True
34,27,254,329,75,True
50,22,254,329,75,True
58,26,254,329,75,True
64,17,254,329,75,True
70,27,254,329,75,True
77,23,254,329,75,True
1,29,255,329,74,True
10,23,255,329,74,True
61,25,255,329,74,True
72,28,255,329,74,True
76,21,255,329,74,True
1,30,256,329,73,True
5,30,256,298,42,True
16,39,256,328,72,True
24,29,256,328,72,True
27,24,256,329,73,True
29,30,256,344,88,True
30,22,256,344,88,True
31,35,256,344,88,True
48,21,256,329,73,True
74,19,256,329,73,True
4,34,257,328,71,True
31,36,257,344,87,True
40,30,257,329,72,True
63,17,257,329,72,True
10,24,258,329,71,True
18,28,258,329,71,True
20,25,258,328,70,True
48,22,258,329,71,True
58,27,258,329,71,True
64,18,258,329,71,True
66,21,258,364,106,True
68,27,258,329,71,True
72,29,258,329,71,True
26,28,259,328,69,True
52,31,259,329,70,True
66,22,259,364,105,True
68,28,259,329,70,True
72,30,259,329,70,True
2,23,260,344,84,True
20,26,260,328,68,True
42,22,260,329,69,True
46,21,260,329,69,True
55,29,260,329,69,True
59,18,260,329,69,True
78,28,260,329,69,True
8,21,261,344,83,True
15,38,261,329,68,True
30,23,261,344,83,True
44,23,261,329,68,True
57,20,261,364,103,True
72,31,261,329,68,True
9,14,262,328,66,True
23,25,262,328,66,True
37,25,262,329,67,True
38,15,262,295,33,True
42,23,262,329,67,True
49,26,262,329,67,True
52,32,262,329,67,True
63,18,262,329,67,True
66,23,262,364,102,True
76,22,262,329,67,True
78,29,262,329,67,True
7,33,263,344,81,True
18,29,263,329,66,True
48,23,263,329,66,True
55,30,263,329,66,True
66,24,263,364,101,True
67,21,263,364,101,True
73,29,263,364,101,True
16,40,264,344,80,True
26,29,264,344,80,True
27,25,264,329,65,True
48,24,264,364,100,True
52,33,264,329,65,True
60,24,264,329,65,True
16,41,265,344,79,True
24,30,265,328,63,True
34,28,265,329,64,True
48,25,265,364,99,True
50,23,265,329,64,True
59,19,265,329,64,True
67,22,265,364,99,True
7,34,266,344,78,True
12,35,266,329,63,True
18,30,266,329,63,True
24,31,266,328,62,True
28,22,266,344,78,True
32,19,266,344,78,True
39,25,266,344,78,True
46,22,266,364,98,True
48,26,266,364,98,True
53,26,266,364,98,True
66,25,266,364,98,True
0,26,267,328,61,True
2,24,267,344,77,True
5,31,267,344,77,True
35,26,267,344,77,True
46,23,267,364,97,True
47,27,267,329,62,True
52,34,267,329,62,True
60,25,267,329,62,True
19,22,268,329,61,True
52,35,268,329,61,True
67,23,268,364,96,True
79,25,268,329,61,True
0,27,269,328,59,True
8,22,269,344,75,True
10,25,269,329,60,True
16,42,269,344,75,True
21,30,269,358,89,True
23,26,269,328,59,True
25,27,269,328,59,True
27,26,269,329,60,True
30,24,269,344,75,True
37,26,269,329,60,True
40,31,269,364,95,True
43,24,269,329,60,True
44,24,269,329,60,True
51,27,269,364,95,True
59,20,269,329,60,True
66,26,269,364,95,True
78,30,269,364,95,True
49,27,270,329,59,True
61,26,270,364,94,True
66,27,270,364,94,True
13,24,271,329,58,True
26,30,271,344,73,True
27,27,271,329,58,True
46,24,271,364,93,True
62,33,271,329,58,True
71,21,271,329,58,True
21,31,272,358,86,True
26,31,272,344,72,True
27,28,272,329,57,True
28,23,272,344,72,True
31,37,272,344,72,True
43,25,272,329,57,True
44,25,272,329,57,True
51,28,272,364,92,True
61,27,272,364,92,True
2,25,273,344,71,True
3,19,273,329,56,True
22,27,273,344,71,True
25,28,273,328,55,True
34,29,273,329,56,True
37,27,273,329,56,True
43,26,273,329,56,True
55,31,273,364,91,True
74,20,273,329,56,True
14,29,274,344,70,True
20,27,274,344,70,True
37,28,274,329,55,True
43,27,274,329,55,True
49,28,274,364,90,True
64,19,274,364,90,True
73,30,274,364,90,True
5,32,275,358,83,True
37,29,275,329,54,True
58,28,275,329,54,True
60,26,275,329,54,True
67,24,275,364,89,True
1,31,276,329,53,True
2,26,276,344,68,True
16,43,276,344,68,True
19,23,276,329,53,True
48,27,276,364,88,True
74,21,276,329,53,True
2,27,277,358,81,True
8,23,277,358,81,True
10,26,277,329,52,True
16,44,277,344,67,True
18,31,277,329,52,True
29,31,277,344,67,True
30,25,277,344,67,True
36,25,277,358,81,True
41,35,277,364,87,True
55,32,277,364,87,True
65,27,277,364,87,True
66,28,277,364,87,True
76,23,277,364,87,True
78,31,277,364,87,True
15,39,278,329,51,True
21,32,278,393,115,True
37,30,278,329,51,True
51,29,278,364,86,True
72,32,278,364,86,True
24,32,279,344,65,True
37,31,279,329,50,True
39,26,279,344,65,True
55,33,279,364,85,True
56,30,279,364,85,True
63,19,279,364,85,True
74,22,279,364,85,True
77,24,279,329,50,True
5,33,280,358,78,True
15,40,280,329,49,True
22,28,280,344,64,True
53,27,280,364,84,True
60,27,280,329,49,True
65,28,280,364,84,True
0,28,281,344,63,True
5,34,281,358,77,True
11,21,281,393,112,True
27,29,281,344,63,True
31,38,281,358,77,True
33,35,281,329,48,True
44,26,281,329,48,True
8,24,282,358,76,True
38,16,282,344,62,True
40,32,282,364,82,True
52,36,282,364,82,True
55,34,282,364,82,True
33,36,283,329,46,True
43,28,283,364,81,True
52,37,283,364,81,True
67,25,283,364,81,True
71,22,283,364,81,True
77,25,283,329,46,True
10,27,284,329,45,True
20,28,284,344,60,True
24,33,284,344,60,True
38,17,284,344,60,True
46,25,284,364,80,True
47,28,284,329,45,True
10,28,285,329,44,True
38,18,285,344,59,True
72,33,285,364,79,True
1,32,286,329,43,True
9,15,286,344,58,True
16,45,286,344,58,True
19,24,286,344,58,True
42,24,286,364,78,True
49,29,286,364,78,True
57,21,286,364,78,True
61,28,286,364,78,True
63,20,286,364,78,True
24,34,287,344,57,True
33,37,287,329,42,True
34,30,287,329,42,True
40,33,287,364,77,True
48,28,287,364,77,True
50,24,287,329,42,True
54,30,287,329,42,True
71,23,287,364,77,True
20,29,288,344,56,True
36,26,288,358,70,True
59,21,288,364,76,True
62,34,288,329,41,True
68,29,288,364,76,True
78,32,288,364,76,True
79,26,288,364,76,True
11,22,289,393,104,True
12,36,289,329,40,True
41,36,289,364,75,True
48,29,289,364,75,True
51,30,289,364,75,True
56,31,289,364,75,True
57,22,289,364,75,True
63,21,289,364,75,True
68,30,289,364,75,True
77,26,289,364,75,True
3,20,290,344,54,True
16,46,290,344,54,True
18,32,290,329,39,True
46,26,290,364,74,True
59,22,290,364,74,True
66,29,290,364,74,True
71,24,290,364,74,True
74,23,290,364,74,True
5,35,291,358,67,True
13,25,291,329,38,True
15,41,291,329,38,True
18,33,291,329,38,True
20,30,291,344,53,True
26,32,291,344,53,True
32,20,291,344,53,True
62,35,291,364,73,True
69,19,291,364,73,True
71,25,291,364,73,True
74,24,291,367,76,True
0,29,292,344,52,True
25,29,292,344,52,True
50,25,292,364,72,True
54,31,292,329,37,True
56,32,292,364,72,True
62,36,292,364,72,True
75,20,292,364,72,True
79,27,292,364,72,True
13,26,293,329,36,True
30,26,293,358,65,True
34,31,293,358,65,True
40,34,293,364,71,True
50,26,293,364,71,True
61,29,293,364,71,True
78,33,293,367,74,True
8,25,294,358,64,True
16,47,294,358,64,True
38,19,294,344,50,True
48,30,294,364,70,True
52,38,294,364,70,True
63,22,294,364,70,True
77,27,294,364,70,True
0,30,295,358,63,True
4,35,295,358,63,True
11,23,295,393,98,True
23,27,295,344,49,True
56,33,295,364,69,True
58,29,295,364,69,True
60,28,295,364,69,True
75,21,295,364,69,True
5,36,296,358,62,True
8,26,296,358,62,True
9,16,296,358,62,True
12,37,296,329,33,True
14,30,296,358,62,True
26,33,296,344,48,True
28,24,296,358,62,True
30,27,296,358,62,True
32,21,296,344,48,True
33,38,296,358,62,True
40,35,296,364,68,True
42,25,296,364,68,True
60,29,296,364,68,True
65,29,296,367,71,True
68,31,296,364,68,True
0,31,297,358,61,True
65,30,297,367,70,True
68,32,297,364,67,True
71,26,297,364,67,True
73,31,297,364,67,True
75,22,297,364,67,True
2,28,298,358,60,True
5,37,298,358,60,True
14,31,298,358,60,True
20,31,298,358,60,True
34,32,298,358,60,True
41,37,298,364,66,True
55,35,298,364,66,True
3,21,299,344,45,True
11,24,299,393,94,True
24,35,299,358,59,True
39,27,299,358,59,True
47,29,299,372,73,True
23,28,300,358,58,True
50,27,300,364,64,True
76,24,300,367,67,True
2,29,301,358,57,True
6,21,301,344,43,True
10,29,301,358,57,True
22,29,301,358,57,True
29,32,301,372,71,True
39,28,301,358,57,True
53,28,301,364,63,True
69,20,301,364,63,True
6,22,302,344,42,True
7,35,302,393,91,True
10,30,302,358,56,True
57,23,302,364,62,True
60,30,302,364,62,True
62,37,302,364,62,True
38,20,303,344,41,True
50,28,303,367,64,True
52,39,303,367,64,True
57,24,303,364,61,True
60,31,303,364,61,True
2,30,304,358,54,True
3,22,304,344,40,True
4,36,304,358,54,True
18,34,304,372,68,True
34,33,304,358,54,True
44,27,304,364,60,True
52,40,304,367,63,True
58,30,304,364,60,True
60,32,304,364,60,True
61,30,304,364,60,True
64,20,304,364,60,True
0,32,305,358,53,True
18,35,305,372,67,True
22,30,305,372,67,True
37,32,305,358,53,True
45,24,305,367,62,True
51,31,305,379,74,True
58,31,305,364,59,True
72,34,305,367,62,True
7,36,306,393,87,True
26,34,306,358,52,True
30,28,306,358,52,True
35,27,306,358,52,True
52,41,306,367,61,True
75,23,306,364,58,True
79,28,306,364,58,True
15,42,307,358,51,True
33,39,307,358,51,True
35,28,307,358,51,True
37,33,307,358,51,True
44,28,307,364,57,True
48,31,307,379,72,True
63,23,307,364,57,True
73,32,307,390,83,True
16,48,308,358,50,True
18,36,308,372,64,True
20,32,308,372,64,True
30,29,308,358,50,True
51,32,308,379,71,True
56,34,308,364,56,True
59,23,308,364,56,True
61,31,308,364,56,True
62,38,308,364,56,True
13,27,309,358,49,True
16,49,309,358,49,True
28,25,309,372,63,True
30,30,309,358,49,True
34,34,309,372,63,True
35,29,309,358,49,True
39,29,309,358,49,True
53,29,309,367,58,True
54,32,309,367,58,True
56,35,309,364,55,True
3,23,310,358,48,True
9,17,310,358,48,True
17,18,310,393,83,True
33,40,310,358,48,True
43,29,310,367,57,True
44,29,310,364,54,True
45,25,310,421,111,True
57,25,310,367,57,True
61,32,310,364,54,True
70,28,310,367,57,True
77,28,310,364,54,True
10,31,311,358,47,True
15,43,311,372,61,True
18,37,311,372,61,True
56,36,311,379,68,True
60,33,311,364,53,True
63,24,311,390,79,True
77,29,311,364,53,True
79,29,311,364,53,True
34,35,312,372,60,True
37,34,312,372,60,True
49,30,312,379,67,True
62,39,312,364,52,True
65,31,312,367,55,True
73,33,312,390,78,True
76,25,312,367,55,True
1,33,313,393,80,True
3,24,313,364,51,True
6,23,313,358,45,True
8,27,313,393,80,True
18,38,313,372,59,True
25,30,313,358,45,True
43,30,313,367,54,True
47,30,313,372,59,True
51,33,313,379,66,True
56,37,313,379,66,True
68,33,313,421,108,True
18,39,314,372,58,True
21,33,314,393,79,True
23,29,314,372,58,True
26,35,314,372,58,True
34,36,314,372,58,True
36,27,314,393,79,True
45,26,314,421,107,True
49,31,314,379,65,True
52,42,314,367,53,True
60,34,314,364,50,True
76,26,314,367,53,True
2,31,315,393,78,True
10,32,315,364,49,True
19,25,315,364,49,True
21,34,315,393,78,True
30,31,315,372,57,True
39,30,315,372,57,True
45,27,315,421,106,True
61,33,315,367,52,True
69,21,315,367,52,True
1,34,316,393,77,True
2,32,316,393,77,True
29,33,316,393,77,True
30,32,316,372,56,True
42,26,316,367,51,True
55,36,316,367,51,True
56,38,316,379,63,True
67,26,316,379,63,True
76,27,316,367,51,True
21,35,317,393,76,True
26,36,317,372,55,True
34,37,317,372,55,True
75,24,317,379,62,True
77,30,317,364,47,True
5,38,318,358,40,True
9,18,318,393,75,True
13,28,318,372,54,True
26,37,318,372,54,True
30,33,318,372,54,True
49,32,318,379,61,True
50,29,318,379,61,True
0,33,319,372,53,True
1,35,319,393,74,True
14,32,319,372,53,True
20,33,319,372,53,True
37,35,319,372,53,True
39,31,319,372,53,True
41,38,319,379,60,True
45,28,319,421,102,True
46,27,319,367,48,True
53,30,319,367,48,True
67,27,319,379,60,True
71,27,319,367,48,True
32,22,320,372,52,True
39,32,320,372,52,True
51,34,320,379,59,True
19,26,321,364,43,True
33,41,321,372,51,True
44,30,321,364,43,True
47,31,321,372,51,True
53,31,321,367,46,True
69,22,321,379,58,True
72,35,321,390,69,True
78,34,321,390,69,True
0,34,322,372,50,True
30,34,322,393,71,True
37,36,322,372,50,True
39,33,322,372,50,True
52,43,322,379,57,True
67,28,322,379,57,True
69,23,322,379,57,True
15,44,323,372,49,True
19,27,323,372,49,True
22,31,323,393,70,True
24,36,323,372,49,True
28,26,323,393,70,True
58,32,323,364,41,True
78,35,323,390,67,True
5,39,324,372,48,True
22,32,324,393,69,True
45,29,324,421,97,True
46,28,324,367,43,True
47,32,324,372,48,True
70,29,324,379,55,True
1,36,325,393,68,True
10,33,325,372,47,True
11,25,325,393,68,True
13,29,325,372,47,True
19,28,325,372,47,True
23,30,325,388,63,True
37,37,325,372,47,True
52,44,325,379,54,True
53,32,325,367,42,True
0,35,326,372,46,True
3,25,326,388,62,True
21,36,326,393,67,True
24,37,326,372,46,True
38,21,326,388,62,True
44,31,326,383,57,True
52,45,326,379,53,True
64,21,326,379,53,True
67,29,326,390,64,True
72,36,326,390,64,True
1,37,327,393,66,True
2,33,327,393,66,True
10,34,327,372,45,True
15,45,327,372,45,True
24,38,327,372,45,True
27,30,327,364,37,True
30,35,327,393,66,True
31,39,327,393,66,True
32,23,327,388,61,True
56,39,327,379,52,True
79,30,327,383,56,True
0,36,328,372,44,True
20,34,328,388,60,True
30,36,328,393,65,True
40,36,328,379,51,True
43,31,328,390,62,True
61,34,328,379,51,True
71,28,328,379,51,True
76,28,328,379,51,True
77,31,328,383,55,True
2,34,329,393,64,True
4,37,329,393,64,True
13,30,329,436,107,True
32,24,329,388,59,True
36,28,329,393,64,True
38,22,329,388,59,True
44,32,329,383,54,True
47,33,329,379,50,True
64,22,329,390,61,True
66,30,329,390,61,True
67,30,329,390,61,True
74,25,329,379,50,True
76,29,329,379,50,True
34,38,330,393,63,True
36,29,330,393,63,True
40,37,330,390,60,True
52,46,330,379,49,True
53,33,330,383,53,True
55,37,330,421,91,True
62,40,330,371,41,True
79,31,330,383,53,True
24,39,331,393,62,True
30,37,331,393,62,True
31,40,331,393,62,True
42,27,331,390,59,True
50,30,331,390,59,True
52,47,331,421,90,True
54,33,331,379,48,True
62,41,331,383,52,True
63,25,331,390,59,True
66,31,331,390,59,True
70,30,331,379,48,True
0,37,332,388,56,True
8,28,332,393,61,True
15,46,332,393,61,True
26,38,332,393,61,True
29,34,332,393,61,True
38,23,332,388,56,True
45,30,332,421,89,True
46,29,332,379,47,True
52,48,332,421,89,True
74,26,332,421,89,True
4,38,333,393,60,True
31,41,333,393,60,True
55,38,333,421,88,True
63,26,333,421,88,True
64,23,333,421,88,True
78,36,333,390,57,True
79,32,333,383,50,True
22,33,334,393,59,True
27,31,334,388,54,True
52,49,334,421,87,True
56,40,334,390,56,True
57,26,334,379,45,True
59,24,334,371,37,True
65,32,334,421,87,True
72,37,334,421,87,True
77,32,334,383,49,True
0,38,335,388,53,True
9,19,335,393,58,True
20,35,335,393,58,True
22,34,335,393,58,True
24,40,335,393,58,True
26,39,335,393,58,True
40,38,335,390,55,True
41,39,335,390,55,True
50,31,335,390,55,True
57,27,335,379,44,True
60,35,335,421,86,True
62,42,335,383,48,True
7,37,336,393,57,True
20,36,336,393,57,True
27,32,336,388,52,True
29,35,336,393,57,True
35,30,336,393,57,True
37,38,336,393,57,True
42,28,336,390,54,True
52,50,336,421,85,True
56,41,336,390,54,True
75,25,336,383,47,True
1,38,337,393,56,True
4,39,337,393,56,True
15,47,337,393,56,True
32,25,337,393,56,True
39,34,337,393,56,True
59,25,337,383,46,True
64,24,337,421,84,True
65,33,337,421,84,True
70,31,337,379,42,True
71,29,337,421,84,True
75,26,337,383,46,True
37,39,338,393,55,True
51,35,338,390,52,True
64,25,338,421,83,True
65,34,338,421,83,True
0,39,339,393,54,True
12,38,339,388,49,True
23,31,339,393,54,True
25,31,339,393,54,True
30,38,339,393,54,True
32,26,339,430,91,True
70,32,339,390,51,True
3,26,340,388,48,True
22,35,340,430,90,True
28,27,340,430,90,True
42,29,340,390,50,True
46,30,340,383,43,True
52,51,340,421,81,True
68,34,340,451,111,True
75,27,340,390,50,True
78,37,340,451,111,True
79,33,340,383,43,True
5,40,341,393,52,True
16,50,341,393,52,True
21,37,341,393,52,True
22,36,341,430,89,True
23,32,341,393,52,True
25,32,341,393,52,True
61,35,341,383,42,True
68,35,341,451,110,True
77,33,341,421,80,True
22,37,342,430,88,True
24,41,342,393,51,True
52,52,342,421,79,True
74,27,342,421,79,True
0,40,343,393,50,True
9,20,343,393,50,True
24,42,343,393,50,True
30,39,343,430,87,True
44,33,343,421,78,True
46,31,343,383,40,True
62,43,343,383,40,True
66,32,343,390,47,True
1,39,344,393,49,True
12,39,344,388,44,True
20,37,344,393,49,True
24,43,344,430,86,True
30,40,344,430,86,True
39,35,344,430,86,True
44,34,344,421,77,True
50,32,344,390,46,True
57,28,344,383,39,True
42,30,345,390,45,True
59,26,345,383,38,True
73,34,345,390,45,True
7,38,346,393,47,True
18,40,346,388,42,True
28,28,346,430,84,True
43,32,346,421,75,True
49,33,346,451,105,True
76,30,346,421,75,True
9,21,347,430,83,True
13,31,347,436,89,True
28,29,347,430,83,True
29,36,347,430,83,True
30,41,347,430,83,True
31,42,347,430,83,True
32,27,347,430,83,True
38,24,347,393,46,True
57,29,347,383,36,True
59,27,347,383,36,True
60,36,347,451,104,True
69,24,347,451,104,True
77,34,347,421,74,True
27,33,348,388,40,True
45,31,348,421,73,True
46,32,348,421,73,True
52,53,348,451,103,True
61,36,348,390,42,True
67,31,348,451,103,True
68,36,348,451,103,True
8,29,349,430,81,True
22,38,349,430,81,True
29,37,349,430,81,True
39,36,349,430,81,True
40,39,349,421,72,True
42,31,349,390,41,True
54,34,349,390,41,True
77,35,349,421,72,True
11,26,350,436,86,True
17,19,350,430,80,True
53,34,350,421,71,True
78,38,350,451,101,True
0,41,351,393,42,True
1,40,351,393,42,True
4,40,351,430,79,True
12,40,351,393,42,True
28,30,351,430,79,True
41,40,351,451,100,True
16,51,352,430,78,True
17,20,352,430,78,True
28,31,352,430,78,True
29,38,352,430,78,True
30,42,352,430,78,True
43,33,352,451,99,True
46,33,352,421,69,True
53,35,352,421,69,True
57,30,352,390,38,True
4,41,353,430,77,True
6,24,353,393,40,True
14,33,353,430,77,True
18,41,353,393,40,True
21,38,353,465,112,True
23,33,353,430,77,True
34,39,353,393,40,True
44,35,353,421,68,True
48,32,353,451,98,True
78,39,353,451,98,True
5,41,354,393,39,True
7,39,354,393,39,True
21,39,354,465,111,True
22,39,354,430,76,True
32,28,354,430,76,True
41,41,354,451,97,True
50,33,354,390,36,True
66,33,354,451,97,True
73,35,354,451,97,True
77,36,354,451,97,True
21,40,355,465,110,True
24,44,355,430,75,True
29,39,355,430,75,True
34,40,355,393,38,True
50,34,355,451,96,True
61,37,355,451,96,True
63,27,355,451,96,True
68,37,355,451,96,True
69,25,355,451,96,True
1,41,356,393,37,True
17,21,356,430,74,True
32,29,356,430,74,True
55,39,356,451,95,True
64,26,356,451,95,True
66,34,356,451,95,True
67,32,356,451,95,True
78,40,356,451,95,True
6,25,357,393,36,True
11,27,357,436,79,True
17,22,357,436,79,True
20,38,357,430,73,True
24,45,357,430,73,True
45,32,357,451,94,True
69,26,357,451,94,True
73,36,357,451,94,True
39,37,358,430,72,True
52,54,358,451,93,True
64,27,358,451,93,True
65,35,358,451,93,True
70,33,358,451,93,True
0,42,359,430,71,True
8,30,359,436,77,True
33,42,359,430,71,True
39,38,359,430,71,True
42,32,359,390,31,True
47,34,359,390,31,True
64,28,359,451,92,True
67,33,359,451,92,True
75,28,359,451,92,True
17,23,360,436,76,True
20,39,360,436,76,True
25,33,360,436,76,True
27,34,360,430,70,True
34,41,360,393,33,True
35,31,360,430,70,True
39,39,360,430,70,True
40,40,360,451,91,True
48,33,360,451,91,True
55,40,360,451,91,True
77,37,360,451,91,True
6,26,361,430,69,True
42,33,361,451,90,True
59,28,361,421,60,True
8,31,362,436,74,True
36,30,362,436,74,True
67,34,362,451,89,True
79,34,362,421,59,True
35,32,363,436,73,True
68,38,363,451,88,True
70,34,363,451,88,True
72,38,363,451,88,True
76,31,363,451,88,True
79,35,363,421,58,True
6,27,364,430,66,True
14,34,364,430,66,True
21,41,364,465,101,True
39,40,364,430,66,True
40,41,364,451,87,True
62,44,364,421,57,True
71,30,364,451,87,True
6,28,365,430,65,True
15,48,365,430,65,True
38,25,365,430,65,True
44,36,365,421,56,True
78,41,365,451,86,True
0,43,366,430,64,True
24,46,366,436,70,True
38,26,366,430,64,True
55,41,366,451,85,True
69,27,366,451,85,True
70,35,366,451,85,True
72,39,366,451,85,True
6,29,367,430,63,True
41,42,367,451,84,True
46,34,367,451,84,True
59,29,367,421,54,True
1,42,368,430,62,True
13,32,368,436,68,True
17,24,368,436,68,True
29,40,368,436,68,True
49,34,368,451,83,True
62,45,368,421,53,True
69,28,368,451,83,True
70,36,368,451,83,True
77,38,368,451,83,True
8,32,369,465,96,True
12,41,369,451,82,True
30,43,369,436,67,True
48,34,369,451,82,True
53,36,369,451,82,True
68,39,369,451,82,True
70,37,369,451,82,True
76,32,369,451,82,True
7,40,370,430,60,True
51,36,370,451,81,True
68,40,370,451,81,True
69,29,370,451,81,True
71,31,370,451,81,True
74,28,370,451,81,True
78,42,370,451,81,True
23,34,371,430,59,True
24,47,371,436,65,True
28,32,371,436,65,True
33,43,371,430,59,True
41,43,371,451,80,True
46,35,371,451,80,True
50,35,371,451,80,True
55,42,371,451,80,True
64,29,371,451,80,True
68,41,371,451,80,True
30,44,372,436,64,True
40,42,372,451,79,True
55,43,372,451,79,True
68,42,372,451,79,True
17,25,373,436,63,True
49,35,373,451,78,True
54,35,373,451,78,True
58,33,373,430,57,True
3,27,374,430,56,True
8,33,374,465,91,True
12,42,374,451,77,True
17,26,374,436,62,True
40,43,374,451,77,True
45,33,374,451,77,True
53,37,374,451,77,True
56,42,374,451,77,True
57,31,374,451,77,True
63,28,374,451,77,True
65,36,374,451,77,True
66,35,374,451,77,True
69,30,374,451,77,True
4,42,375,436,61,True
8,34,375,465,90,True
32,30,375,436,61,True
73,37,375,451,76,True
34,42,376,449,73,True
39,41,376,436,60,True
46,36,376,451,75,True
59,30,376,451,75,True
61,38,376,451,75,True
68,43,376,451,75,True
78,43,376,451,75,True
14,35,377,436,59,True
16,52,377,436,59,True
35,33,377,436,59,True
43,34,377,451,74,True
79,36,377,451,74,True
0,44,378,436,58,True
4,43,378,436,58,True
8,35,378,465,87,True
26,40,378,436,58,True
48,35,378,451,73,True
62,46,378,451,73,True
72,40,378,451,73,True
79,37,378,451,73,True
0,45,379,436,57,True
3,28,379,451,72,True
13,33,379,436,57,True
32,31,379,462,83,True
37,40,379,436,57,True
44,37,379,451,72,True
48,36,379,451,72,True
70,38,379,451,72,True
74,29,379,451,72,True
5,42,380,436,56,True
8,36,380,465,85,True
15,49,380,451,71,True
22,40,380,462,82,True
24,48,380,436,56,True
29,41,380,436,56,True
39,42,380,436,56,True
48,37,380,451,71,True
57,32,380,451,71,True
60,37,380,451,71,True
73,38,380,451,71,True
4,44,381,436,55,True
11,28,381,465,84,True
18,42,381,451,70,True
24,49,381,451,70,True
39,43,381,436,55,True
44,38,381,451,70,True
66,36,381,451,70,True
77,39,381,451,70,True
2,35,382,436,54,True
4,45,382,436,54,True
5,43,382,436,54,True
8,37,382,465,83,True
16,53,382,436,54,True
21,42,382,465,83,True
25,34,382,436,54,True
28,33,382,465,83,True
40,44,382,451,69,True
55,44,382,451,69,True
57,33,382,451,69,True
63,29,382,451,69,True
65,37,382,451,69,True
21,43,383,483,100,True
30,45,383,462,79,True
47,35,383,451,68,True
50,36,383,451,68,True
69,31,383,451,68,True
74,30,383,451,68,True
13,34,384,436,52,True
18,43,384,451,67,True
22,41,384,462,78,True
33,44,384,430,46,True
44,39,384,451,67,True
6,30,385,451,66,True
20,40,385,462,77,True
21,44,385,483,98,True
37,41,385,436,51,True
44,40,385,451,66,True
54,36,385,451,66,True
59,31,385,451,66,True
72,41,385,451,66,True
2,36,386,436,50,True
3,29,386,451,65,True
10,35,386,436,50,True
18,44,386,451,65,True
36,31,386,465,79,True
44,41,386,451,65,True
45,34,386,451,65,True
47,36,386,451,65,True
53,38,386,451,65,True
66,37,386,451,65,True
70,39,386,451,65,True
27,35,387,451,64,True
30,46,387,462,75,True
52,55,387,451,64,True
55,45,387,451,64,True
58,34,387,451,64,True
63,30,387,451,64,True
68,44,387,451,64,True
71,32,387,451,64,True
20,41,388,462,74,True
30,47,388,462,74,True
31,43,388,483,95,True
33,45,388,451,63,True
40,45,388,451,63,True
45,35,388,451,63,True
26,41,389,462,73,True
46,37,389,451,62,True
48,38,389,451,62,True
61,39,389,451,62,True
64,30,389,483,94,True
7,41,390,436,46,True
8,38,390,483,93,True
11,29,390,483,93,True
12,43,390,451,61,True
24,50,390,451,61,True
27,36,390,451,61,True
33,46,390,451,61,True
47,37,390,451,61,True
56,43,390,451,61,True
23,35,391,462,71,True
25,35,391,462,71,True
27,37,391,451,60,True
32,32,391,462,71,True
38,27,391,436,45,True
43,35,391,451,60,True
57,34,391,451,60,True
58,35,391,451,60,True
62,47,391,451,60,True
63,31,391,451,60,True
70,40,391,451,60,True
77,40,391,451,60,True
0,46,392,436,44,True
1,43,392,449,57,True
19,29,392,451,59,True
28,34,392,465,73,True
43,36,392,451,59,True
44,42,392,451,59,True
50,37,392,451,59,True
51,37,392,451,59,True
79,38,392,451,59,True
6,31,393,451,58,True
33,47,393,451,58,True
35,34,393,483,90,True
40,46,393,483,90,True
41,44,393,488,95,True
53,39,393,451,58,True
62,48,393,451,58,True
72,42,393,488,95,True
76,33,393,483,90,True
4,46,394,451,57,True
5,44,394,449,55,True
28,35,394,483,89,True
30,48,394,462,68,True
34,43,394,449,55,True
50,38,394,451,57,True
67,35,394,451,57,True
12,44,395,451,56,True
18,45,395,451,56,True
22,42,395,465,70,True
32,33,395,462,67,True
39,44,395,451,56,True
40,47,395,483,88,True
41,45,395,488,93,True
46,38,395,451,56,True
51,38,395,483,88,True
62,49,395,451,56,True
30,49,396,465,69,True
35,35,396,483,87,True
46,39,396,451,55,True
47,38,396,451,55,True
61,40,396,474,78,True
65,38,396,488,92,True
8,39,397,483,86,True
21,45,397,483,86,True
24,51,397,462,65,True
44,43,397,451,54,True
45,36,397,483,86,True
58,36,397,451,54,True
71,33,397,488,91,True
74,31,397,451,54,True
75,29,397,451,54,True
5,45,398,449,51,True
7,42,398,449,51,True
24,52,398,462,64,True
25,36,398,462,64,True
34,44,398,449,51,True
35,36,398,483,85,True
37,42,398,449,51,True
61,41,398,474,76,True
68,45,398,488,90,True
72,43,398,488,90,True
2,37,399,465,66,True
3,30,399,451,52,True
14,36,399,465,66,True
18,46,399,451,52,True
22,43,399,465,66,True
47,39,399,451,52,True
56,44,399,451,52,True
69,32,399,451,52,True
77,41,399,451,52,True
7,43,400,449,49,True
18,47,400,451,51,True
30,50,400,465,65,True
42,34,400,451,51,True
48,39,400,483,83,True
53,40,400,461,61,True
71,34,400,488,88,True
7,44,401,465,64,True
10,36,401,451,50,True
18,48,401,451,50,True
32,34,401,483,82,True
36,32,401,483,82,True
50,39,401,461,60,True
60,38,401,488,87,True
68,46,401,488,87,True
72,44,401,488,87,True
1,44,402,449,47,True
2,38,402,465,63,True
19,30,402,462,60,True
42,35,402,451,49,True
43,37,402,488,86,True
78,44,402,488,86,True
11,30,403,483,80,True
24,53,403,462,59,True
42,36,403,461,58,True
55,46,403,488,85,True
62,50,403,451,48,True
76,34,403,488,85,True
11,31,404,483,79,True
21,46,404,483,79,True
45,37,404,483,79,True
52,56,404,488,84,True
53,41,404,461,57,True
55,47,404,488,84,True
60,39,404,488,84,True
63,32,404,488,84,True
74,32,404,488,84,True
0,47,405,465,60,True
4,47,405,465,60,True
7,45,405,465,60,True
10,37,405,451,46,True
27,38,405,451,46,True
28,36,405,483,78,True
33,48,405,462,57,True
35,37,405,483,78,True
43,38,405,488,83,True
56,45,405,488,83,True
7,46,406,465,59,True
38,28,406,462,56,True
47,40,406,483,77,True
50,40,406,461,55,True
72,45,406,488,82,True
7,47,407,465,58,True
40,48,407,483,76,True
47,41,407,483,76,True
53,42,407,474,67,True
57,35,407,461,54,True
5,46,408,483,75,True
11,32,408,483,75,True
19,31,408,462,54,True
25,37,408,465,57,True
27,39,408,451,43,True
46,40,408,474,66,True
54,37,408,461,53,True
57,36,408,474,66,True
61,42,408,483,75,True
64,31,408,488,80,True
72,46,408,488,80,True
73,39,408,483,75,True
75,30,408,488,80,True
9,22,409,465,56,True
10,38,409,462,53,True
21,47,409,483,74,True
25,38,409,465,56,True
30,51,409,465,56,True
31,44,409,483,74,True
36,33,409,483,74,True
37,43,409,462,53,True
53,43,409,474,65,True
63,33,409,488,79,True
72,47,409,488,79,True
77,42,409,488,79,True
78,45,409,488,79,True
3,31,410,462,52,True
4,48,410,465,55,True
19,32,410,462,52,True
24,54,410,465,55,True
25,39,410,465,55,True
54,38,410,461,51,True
7,48,411,483,72,True
33,49,411,462,51,True
39,45,411,465,54,True
41,46,411,509,98,True
42,37,411,483,72,True
43,39,411,488,77,True
57,37,411,474,63,True
75,31,411,488,77,True
16,54,412,465,53,True
28,37,412,483,71,True
34,45,412,483,71,True
58,37,412,462,50,True
59,32,412,474,62,True
60,40,412,488,76,True
2,39,413,483,70,True
10,39,413,462,49,True
14,37,413,483,70,True
27,40,413,462,49,True
29,42,413,483,70,True
37,44,413,462,49,True
39,46,413,465,52,True
40,49,413,488,75,True
43,40,413,488,75,True
54,39,413,483,70,True
56,46,413,488,75,True
57,38,413,474,61,True
65,39,413,488,75,True
67,36,413,488,75,True
76,35,413,509,96,True
77,43,413,488,75,True
5,47,414,483,69,True
14,38,414,483,69,True
37,45,414,462,48,True
48,40,414,488,74,True
62,51,414,474,60,True
29,43,415,483,68,True
32,35,415,483,68,True
37,46,415,462,47,True
41,47,415,509,94,True
66,38,415,488,73,True
15,50,416,483,67,True
52,57,416,488,72,True
54,40,416,483,67,True
56,47,416,488,72,True
62,52,416,474,58,True
70,41,416,483,67,True
35,38,417,483,66,True
40,50,417,488,71,True
69,33,417,488,71,True
71,35,417,488,71,True
73,40,417,488,71,True
13,35,418,462,44,True
32,36,418,483,65,True
33,50,418,462,44,True
52,58,418,488,70,True
56,48,418,488,70,True
72,48,418,488,70,True
74,33,418,488,70,True
5,48,419,483,64,True
17,27,419,483,64,True
19,33,419,465,46,True
20,42,419,483,64,True
25,40,419,483,64,True
29,44,419,483,64,True
50,41,419,483,64,True
59,33,419,474,55,True
61,43,419,483,64,True
63,34,419,488,69,True
3,32,420,465,45,True
7,49,420,483,63,True
14,39,420,483,63,True
36,34,420,483,63,True
39,47,420,483,63,True
41,48,420,509,89,True
48,41,420,488,68,True
60,41,420,488,68,True
68,47,420,488,68,True
74,34,420,488,68,True
10,40,421,462,41,True
15,51,421,483,62,True
26,42,421,483,62,True
54,41,421,488,67,True
55,48,421,488,67,True
56,49,421,488,67,True
59,34,421,474,53,True
68,48,421,488,67,True
69,34,421,488,67,True
71,36,421,488,67,True
79,39,421,488,67,True
34,46,422,483,61,True
43,41,422,488,66,True
48,42,422,488,66,True
55,49,422,488,66,True
65,40,422,509,87,True
74,35,422,488,66,True
3,33,423,465,42,True
11,33,423,483,60,True
19,34,423,465,42,True
23,36,423,465,42,True
28,38,423,574,151,True
65,41,423,509,86,True
77,44,423,488,65,True
7,50,424,483,59,True
15,52,424,483,59,True
20,43,424,483,59,True
23,37,424,465,41,True
36,35,424,483,59,True
64,32,424,509,85,True
69,35,424,488,64,True
5,49,425,483,58,True
11,34,425,483,58,True
14,40,425,483,58,True
20,44,425,483,58,True
40,51,425,488,63,True
47,42,425,483,58,True
53,44,425,488,63,True
56,50,425,488,63,True
69,36,425,488,63,True
76,36,425,509,84,True
3,34,426,465,39,True
9,23,426,483,57,True
12,45,426,483,57,True
45,38,426,509,83,True
46,41,426,488,62,True
28,39,427,574,147,True
33,51,427,462,35,True
44,44,427,488,61,True
55,50,427,488,61,True
67,37,427,509,82,True
69,37,427,488,61,True
3,35,428,488,60,True
16,55,428,521,93,True
20,45,428,483,55,True
30,52,428,483,55,True
36,36,428,483,55,True
64,33,428,509,81,True
79,40,428,488,60,True
3,36,429,488,59,True
39,48,429,509,80,True
55,51,429,488,59,True
60,42,429,509,80,True
69,38,429,488,59,True
71,37,429,488,59,True
7,51,430,483,53,True
13,36,430,498,68,True
21,48,430,483,53,True
32,37,430,483,53,True
61,44,430,509,79,True
73,41,430,509,79,True
4,49,431,483,52,True
8,40,431,483,52,True
10,41,431,483,52,True
21,49,431,483,52,True
23,38,431,483,52,True
36,37,431,483,52,True
73,42,431,509,78,True
75,32,431,488,57,True
0,48,432,488,56,True
3,37,432,488,56,True
8,41,432,483,51,True
12,46,432,483,51,True
46,42,432,488,56,True
62,53,432,488,56,True
76,37,432,509,77,True
77,45,432,488,56,True
7,52,433,483,50,True
34,47,433,498,65,True
50,42,433,509,76,True
62,54,433,488,55,True
70,42,433,509,76,True
71,38,433,509,76,True
75,33,433,488,55,True
76,38,433,509,76,True
8,42,434,483,49,True
14,41,434,483,49,True
44,45,434,488,54,True
55,52,434,509,75,True
79,41,434,488,54,True
35,39,435,483,48,True
48,43,435,509,74,True
55,53,435,509,74,True
64,34,435,509,74,True
72,49,435,509,74,True
6,32,436,488,52,True
17,28,436,483,47,True
31,45,436,483,47,True
35,40,436,483,47,True
57,39,436,509,73,True
72,50,436,509,73,True
12,47,437,483,46,True
26,43,437,483,46,True
27,41,437,488,51,True
36,38,437,509,72,True
44,46,437,488,51,True
58,38,437,488,51,True
60,43,437,509,72,True
62,55,437,488,51,True
67,38,437,509,72,True
73,43,437,509,72,True
3,38,438,488,50,True
14,42,438,483,45,True
19,35,438,498,60,True
25,41,438,483,45,True
46,43,438,509,71,True
53,45,438,509,71,True
54,42,438,509,71,True
62,56,438,488,50,True
2,40,439,509,70,True
15,53,439,498,59,True
31,46,439,509,70,True
33,52,439,483,44,True
55,54,439,509,70,True
59,35,439,509,70,True
73,44,439,509,70,True
78,46,439,509,70,True
10,42,440,488,48,True
15,54,440,498,58,True
16,56,440,521,81,True
22,44,440,521,81,True
53,46,440,509,69,True
70,43,440,509,69,True
72,51,440,509,69,True
17,29,441,483,42,True
28,40,441,574,133,True
29,45,441,574,133,True
51,39,441,509,68,True
66,39,441,509,68,True
74,36,441,509,68,True
6,33,442,488,46,True
16,57,442,521,79,True
23,39,442,483,41,True
34,48,442,498,56,True
50,43,442,509,67,True
58,39,442,488,46,True
1,45,443,498,55,True
4,50,443,521,78,True
6,34,443,488,45,True
11,35,443,509,66,True
12,48,443,483,40,True
25,42,443,483,40,True
30,53,443,521,78,True
32,38,443,521,78,True
42,38,443,509,66,True
24,55,444,521,77,True
27,42,444,488,44,True
33,53,444,483,39,True
37,47,444,498,54,True
60,44,444,509,65,True
64,35,444,509,65,True
65,42,444,509,65,True
22,45,445,521,76,True
37,48,445,498,53,True
48,44,445,571,126,True
50,44,445,509,64,True
53,47,445,509,64,True
57,40,445,509,64,True
63,35,445,509,64,True
74,37,445,571,126,True
0,49,446,494,48,True
29,46,446,574,128,True
50,45,446,509,63,True
59,36,446,509,63,True
67,39,446,509,63,True
74,38,446,571,125,True
79,42,446,509,63,True
1,46,447,498,51,True
3,39,447,494,47,True
11,36,447,509,62,True
16,58,447,521,74,True
19,36,447,498,51,True
32,39,447,521,74,True
38,29,448,494,46,True
67,40,448,509,61,True
73,45,448,509,61,True
0,50,449,494,45,True
17,30,449,509,60,True
18,49,449,509,60,True
20,46,449,521,72,True
23,40,449,494,45,True
26,44,449,521,72,True
44,47,449,509,60,True
53,48,449,509,60,True
68,49,449,509,60,True
1,47,450,498,48,True
3,40,450,494,44,True
10,43,450,488,38,True
18,50,450,509,59,True
21,50,450,509,59,True
22,46,450,521,71,True
23,41,450,494,44,True
28,41,450,574,124,True
35,41,450,509,59,True
45,39,450,571,121,True
47,43,450,509,59,True
48,45,450,571,121,True
51,40,450,509,59,True
53,49,450,509,59,True
10,44,451,488,37,True
11,37,451,509,58,True
18,51,451,509,58,True
21,51,451,509,58,True
31,47,451,509,58,True
43,42,451,509,58,True
62,57,451,509,58,True
64,36,451,509,58,True
79,43,451,509,58,True
23,42,452,494,42,True
29,47,452,574,122,True
42,39,452,509,57,True
44,48,452,509,57,True
45,40,452,571,119,True
47,44,452,509,57,True
73,46,452,509,57,True
3,41,453,494,41,True
10,45,453,498,45,True
13,37,453,498,45,True
35,42,453,509,56,True
40,52,453,509,56,True
46,44,453,509,56,True
47,45,453,509,56,True
48,46,453,571,118,True
49,36,453,571,118,True
51,41,453,509,56,True
52,59,453,509,56,True
61,45,453,509,56,True
63,36,453,571,118,True
72,52,453,509,56,True
75,34,453,509,56,True
4,51,454,521,67,True
7,53,454,509,55,True
16,59,454,521,67,True
39,49,454,521,67,True
43,43,454,509,55,True
44,49,454,509,55,True
53,50,454,509,55,True
61,46,454,509,55,True
2,41,455,540,85,True
6,35,455,494,39,True
21,52,455,509,54,True
24,56,455,521,66,True
40,53,455,509,54,True
47,46,455,509,54,True
68,50,455,509,54,True
77,46,455,509,54,True
14,43,456,509,53,True
28,42,456,574,118,True
35,43,456,509,53,True
79,44,456,509,53,True
7,54,457,509,52,True
9,24,457,521,64,True
15,55,457,498,41,True
39,50,457,521,64,True
58,40,457,509,52,True
10,46,458,498,40,True
11,38,458,574,116,True
28,43,458,574,116,True
37,49,458,498,40,True
51,42,458,546,88,True
66,40,458,546,88,True
11,39,459,574,115,True
23,43,459,521,62,True
26,45,459,521,62,True
32,40,459,521,62,True
42,40,459,509,50,True
50,46,459,509,50,True
52,60,459,509,50,True
57,41,459,509,50,True
74,39,459,571,112,True
75,35,459,509,50,True
76,39,459,509,50,True
8,43,460,574,114,True
57,42,460,509,49,True
59,37,460,509,49,True
67,41,460,546,86,True
76,40,460,509,49,True
78,47,460,571,111,True
18,52,461,509,48,True
22,47,461,521,60,True
24,57,461,521,60,True
35,44,461,509,48,True
39,51,461,540,79,True
54,43,461,509,48,True
58,41,461,521,60,True
61,47,461,509,48,True
65,43,461,571,110,True
79,45,461,509,48,True
15,56,462,546,84,True
16,60,462,521,59,True
22,48,462,521,59,True
24,58,462,521,59,True
43,44,462,509,47,True
46,45,462,509,47,True
47,47,462,509,47,True
58,42,462,521,59,True
64,37,462,546,84,True
68,51,462,571,109,True
72,53,462,571,109,True
7,55,463,509,46,True
14,44,463,540,77,True
23,44,463,540,77,True
60,45,463,509,46,True
62,58,463,509,46,True
67,42,463,546,83,True
74,40,463,571,108,True
20,47,464,521,57,True
51,43,464,546,82,True
68,52,464,571,107,True
1,48,465,498,33,True
8,44,465,574,109,True
12,49,465,509,44,True
21,53,465,509,44,True
27,43,465,521,56,True
45,41,465,571,106,True
47,48,465,509,44,True
59,38,465,509,44,True
66,41,465,546,81,True
1,49,466,509,43,True
30,54,466,540,74,True
34,49,466,540,74,True
44,50,466,533,67,True
45,42,466,571,105,True
48,47,466,571,105,True
68,53,466,571,105,True
71,39,466,509,43,True
7,56,467,540,73,True
36,39,467,574,107,True
38,30,467,521,54,True
55,55,467,571,104,True
61,48,467,509,42,True
9,25,468,540,72,True
52,61,468,509,41,True
58,43,468,521,53,True
72,54,468,571,103,True
73,47,468,546,78,True
75,36,468,509,41,True
3,42,469,521,52,True
13,38,469,510,41,True
18,53,469,509,40,True
19,37,469,509,40,True
23,45,469,540,71,True
36,40,469,574,105,True
43,45,469,571,102,True
45,43,469,571,102,True
71,40,469,509,40,True
2,42,470,540,70,True
3,43,470,521,51,True
11,40,470,574,104,True
28,44,470,574,104,True
29,48,470,574,104,True
44,51,470,533,63,True
51,44,470,546,76,True
52,62,470,571,101,True
15,57,471,546,75,True
28,45,471,574,103,True
31,48,471,574,103,True
38,31,471,521,50,True
40,54,471,571,100,True
45,44,471,571,100,True
51,45,471,546,75,True
53,51,471,509,38,True
62,59,471,509,38,True
69,39,471,571,100,True
0,51,472,540,68,True
5,50,472,510,38,True
20,48,472,540,68,True
23,46,472,540,68,True
24,59,472,521,49,True
30,55,472,540,68,True
46,46,472,509,37,True
47,49,472,509,37,True
55,56,472,571,99,True
67,43,472,546,74,True
68,54,472,593,121,True
71,41,472,571,99,True
72,55,472,571,99,True
30,56,473,540,67,True
43,46,473,571,98,True
49,37,473,571,98,True
57,43,473,509,36,True
69,40,473,571,98,True
0,52,474,540,66,True
6,36,474,521,47,True
14,45,474,540,66,True
27,44,474,533,59,True
45,45,474,571,97,True
70,44,474,518,44,True
71,42,474,571,97,True
74,41,474,571,97,True
75,37,474,509,35,True
77,47,474,571,97,True
79,46,474,509,35,True
17,31,475,574,99,True
19,38,475,521,46,True
22,49,475,540,65,True
52,63,475,571,96,True
58,44,475,533,58,True
70,45,475,518,43,True
8,45,476,574,98,True
14,46,476,540,64,True
22,50,476,540,64,True
48,48,476,571,95,True
51,46,476,571,95,True
53,52,476,509,33,True
61,49,476,533,57,True
72,56,476,571,95,True
73,48,476,546,70,True
78,48,476,571,95,True
10,47,477,510,33,True
15,58,477,546,69,True
27,45,477,533,56,True
49,38,477,571,94,True
50,47,477,546,69,True
58,45,477,533,56,True
79,47,477,509,32,True
10,48,478,546,68,True
20,49,478,540,62,True
22,51,478,540,62,True
23,47,478,540,62,True
28,46,478,574,96,True
39,52,478,540,62,True
42,41,478,546,68,True
50,48,478,546,68,True
75,38,478,571,93,True
11,41,479,574,95,True
13,39,479,540,61,True
15,59,479,546,67,True
21,54,479,574,95,True
53,53,479,509,30,True
58,46,479,533,54,True
59,39,479,533,54,True
61,50,479,533,54,True
64,38,479,571,92,True
69,41,479,571,92,True
75,39,479,571,92,True
4,52,480,540,60,True
8,46,480,574,94,True
23,48,480,540,60,True
37,50,480,540,60,True
60,46,480,571,91,True
61,51,480,533,53,True
68,55,480,593,113,True
77,48,480,571,91,True
4,53,481,540,59,True
44,52,481,571,90,True
55,57,481,571,90,True
67,44,481,571,90,True
69,42,481,571,90,True
76,41,481,571,90,True
79,48,481,533,52,True
3,44,482,540,58,True
5,51,482,540,58,True
12,50,482,540,58,True
28,47,482,574,92,True
36,41,482,574,92,True
67,45,482,571,89,True
69,43,482,571,89,True
74,42,482,571,89,True
75,40,482,571,89,True
76,42,482,571,89,True
1,50,483,540,57,True
6,37,483,540,57,True
15,60,483,546,63,True
24,60,483,540,57,True
45,46,483,571,88,True
48,49,483,571,88,True
6,38,484,540,56,True
7,57,484,540,56,True
9,26,484,540,56,True
15,61,484,546,62,True
43,47,484,571,87,True
46,47,484,533,49,True
59,40,484,533,49,True
71,43,484,571,87,True
72,57,484,571,87,True
75,41,484,571,87,True
0,53,485,540,55,True
5,52,485,540,55,True
20,50,485,540,55,True
32,41,485,540,55,True
33,54,485,540,55,True
47,50,485,546,61,True
59,41,485,533,48,True
67,46,485,571,86,True
75,42,485,571,86,True
0,54,486,540,54,True
14,47,486,540,54,True
32,42,486,540,54,True
41,49,486,571,85,True
61,52,486,533,47,True
69,44,486,571,85,True
71,44,486,571,85,True
76,43,486,571,85,True
14,48,487,540,53,True
33,55,487,540,53,True
45,47,487,571,84,True
65,44,487,571,84,True
73,49,487,571,84,True
0,55,488,540,52,True
15,62,488,546,58,True
30,57,488,540,52,True
31,49,488,574,86,True
58,47,488,533,45,True
72,58,488,593,105,True
0,56,489,540,51,True
3,45,489,540,51,True
25,43,489,574,85,True
40,55,489,571,82,True
47,51,489,546,57,True
57,44,489,571,82,True
4,54,490,540,50,True
13,40,490,540,50,True
19,39,490,540,50,True
35,45,490,574,84,True
44,53,490,571,81,True
54,44,490,546,56,True
61,53,490,571,81,True
66,42,490,571,81,True
67,47,490,571,81,True
1,51,491,540,49,True
12,51,491,546,55,True
17,32,491,574,83,True
23,49,491,540,49,True
22,52,492,584,92,True
28,48,492,574,82,True
33,56,492,540,48,True
42,42,492,571,79,True
54,45,492,546,54,True
5,53,493,574,81,True
16,61,493,540,47,True
45,48,493,593,100,True
67,48,493,571,78,True
77,49,493,571,78,True
16,62,494,540,46,True
18,54,494,546,52,True
27,46,494,540,46,True
57,45,494,571,77,True
58,48,494,571,77,True
60,47,494,571,77,True
69,45,494,593,99,True
72,59,494,593,99,True
77,50,494,571,77,True
25,44,495,574,79,True
32,43,495,540,45,True
34,50,495,574,79,True
51,47,495,571,76,True
56,51,495,593,98,True
0,57,496,540,44,True
1,52,496,540,44,True
13,41,496,574,78,True
24,61,496,540,44,True
31,50,496,574,78,True
46,48,496,571,75,True
52,64,496,571,75,True
60,48,496,571,75,True
68,56,496,593,97,True
21,55,497,584,87,True
25,45,497,574,77,True
26,46,497,584,87,True
30,58,497,584,87,True
39,53,497,540,43,True
42,43,497,571,74,True
50,49,497,571,74,True
74,43,497,593,96,True
3,46,498,546,48,True
4,55,498,540,42,True
5,54,498,574,76,True
11,42,498,574,76,True
12,52,498,546,48,True
28,49,498,574,76,True
36,42,498,574,76,True
45,49,498,593,95,True
46,49,498,571,73,True
56,52,498,593,95,True
6,39,499,540,41,True
14,49,499,574,75,True
56,53,499,593,94,True
62,60,499,571,72,True
63,37,499,593,94,True
65,45,499,593,94,True
67,49,499,631,132,True
70,46,499,571,72,True
76,44,499,593,94,True
10,49,500,546,46,True
19,40,500,546,46,True
20,51,500,574,74,True
21,56,500,584,84,True
23,50,500,540,40,True
45,50,500,593,93,True
49,39,500,593,93,True
52,65,500,571,71,True
63,38,500,593,93,True
64,39,500,571,71,True
73,50,500,571,71,True
9,27,501,584,83,True
29,49,501,574,73,True
33,57,501,546,45,True
41,50,501,593,92,True
51,48,501,593,92,True
52,66,501,593,92,True
62,61,501,571,70,True
67,50,501,631,130,True
73,51,501,571,70,True
5,55,502,574,72,True
6,40,502,540,38,True
23,51,502,540,38,True
27,47,502,546,44,True
31,51,502,574,72,True
54,46,502,571,69,True
57,46,502,571,69,True
73,52,502,571,69,True
20,52,503,574,71,True
42,44,503,571,68,True
43,48,503,593,90,True
44,54,503,571,68,True
49,40,503,593,90,True
52,67,503,593,90,True
60,49,503,593,90,True
70,47,503,571,68,True
73,53,503,571,68,True
1,53,504,574,70,True
16,63,504,574,70,True
30,59,504,584,80,True
33,58,504,546,42,True
54,47,504,571,67,True
4,56,505,574,69,True
9,28,505,584,79,True
11,43,505,584,79,True
33,59,505,546,41,True
51,49,505,593,88,True
57,47,505,571,66,True
62,62,505,571,66,True
66,43,505,631,126,True
5,56,506,574,68,True
8,47,506,584,78,True
29,50,506,610,104,True
55,58,506,593,87,True
57,48,506,571,65,True
60,50,506,593,87,True
61,54,506,571,65,True
69,46,506,593,87,True
72,60,506,593,87,True
8,48,507,584,77,True
9,29,507,584,77,True
18,55,507,546,39,True
28,50,507,584,77,True
40,56,507,593,86,True
42,45,507,571,64,True
47,52,507,571,64,True
50,50,507,571,64,True
53,54,507,593,86,True
71,45,507,593,86,True
10,50,508,546,38,True
17,33,508,584,76,True
21,57,508,584,76,True
29,51,508,610,102,True
33,60,508,546,38,True
35,46,508,584,76,True
46,50,508,571,63,True
56,54,508,593,85,True
65,46,508,593,85,True
6,41,509,574,65,True
41,51,509,631,122,True
43,49,509,593,84,True
48,50,509,593,84,True
52,68,509,593,84,True
55,59,509,593,84,True
72,61,509,631,122,True
73,54,509,593,84,True
5,57,510,584,74,True
10,51,510,546,36,True
16,64,510,584,74,True
30,60,510,584,74,True
43,50,510,593,83,True
46,51,510,593,83,True
52,69,510,593,83,True
61,55,510,593,83,True
70,48,510,571,61,True
73,55,510,593,83,True
79,49,510,571,61,True
1,54,511,574,63,True
7,58,511,584,73,True
34,51,511,574,63,True
54,48,511,571,60,True
61,56,511,593,82,True
62,63,511,571,60,True
16,65,512,584,72,True
19,41,512,546,34,True
29,52,512,610,98,True
60,51,512,631,119,True
62,64,512,571,59,True
65,47,512,593,81,True
66,44,512,631,119,True
78,49,512,593,81,True
23,52,513,584,71,True
42,46,513,571,58,True
45,51,513,631,118,True
54,49,513,571,58,True
62,65,513,571,58,True
67,51,513,631,118,True
35,47,514,584,70,True
38,32,514,584,70,True
65,48,514,593,79,True
16,66,515,584,69,True
28,51,515,584,69,True
44,55,515,571,56,True
45,52,515,631,116,True
49,41,515,631,116,True
51,50,515,631,116,True
55,60,515,631,116,True
56,55,515,631,116,True
66,45,515,631,116,True
67,52,515,631,116,True
73,56,515,593,78,True
76,45,515,593,78,True
56,56,516,631,115,True
59,42,516,571,55,True
68,57,516,631,115,True
72,62,516,631,115,True
73,57,516,593,77,True
21,58,517,610,93,True
45,53,517,631,114,True
47,53,517,571,54,True
48,51,517,636,119,True
55,61,517,631,114,True
63,39,517,631,114,True
69,47,517,631,114,True
72,63,517,631,114,True
74,44,517,631,114,True
75,43,517,631,114,True
79,50,517,571,54,True
11,44,518,584,66,True
40,57,518,593,75,True
42,47,518,571,53,True
61,57,518,593,75,True
73,58,518,593,75,True
5,58,519,584,65,True
9,30,519,584,65,True
10,52,519,574,55,True
12,53,519,574,55,True
13,42,519,584,65,True
20,53,519,610,91,True
23,53,519,584,65,True
25,46,519,584,65,True
31,52,519,584,65,True
68,58,519,636,117,True
74,45,519,631,112,True
5,59,520,584,64,True
17,34,520,584,64,True
29,53,520,610,90,True
35,48,520,584,64,True
46,52,520,593,73,True
53,55,520,593,73,True
62,66,520,631,111,True
67,53,520,631,111,True
0,58,521,584,63,True
6,42,521,574,53,True
18,56,521,574,53,True
21,59,521,610,89,True
23,54,521,584,63,True
26,47,521,584,63,True
28,52,521,610,89,True
51,51,521,631,110,True
0,59,522,584,62,True
4,57,522,584,62,True
26,48,522,584,62,True
37,51,522,584,62,True
39,54,522,584,62,True
43,51,522,631,109,True
45,54,522,631,109,True
54,50,522,593,71,True
58,49,522,571,49,True
68,59,522,636,114,True
78,50,522,631,109,True
1,55,523,584,61,True
8,49,523,610,87,True
11,45,523,632,109,True
14,50,523,584,61,True
36,43,523,584,61,True
58,50,523,571,48,True
67,54,523,631,108,True
68,60,523,636,113,True
0,60,524,584,60,True
13,43,524,584,60,True
21,60,524,610,86,True
39,55,524,584,60,True
40,58,524,631,107,True
53,56,524,593,69,True
54,51,524,593,69,True
55,62,524,631,107,True
59,43,524,631,107,True
64,40,524,631,107,True
65,49,524,631,107,True
6,43,525,574,49,True
12,54,525,574,49,True
20,54,525,610,85,True
27,48,525,574,49,True
28,53,525,610,85,True
32,44,525,584,59,True
35,49,525,584,59,True
38,33,525,584,59,True
49,42,525,631,106,True
51,52,525,631,106,True
55,63,525,631,106,True
61,58,525,593,68,True
63,40,525,631,106,True
7,59,526,584,58,True
13,44,526,584,58,True
14,51,526,584,58,True
24,62,526,584,58,True
31,53,526,610,84,True
43,52,526,631,105,True
45,55,526,631,105,True
51,53,526,631,105,True
65,50,526,631,105,True
9,31,527,584,57,True
22,53,527,584,57,True
26,49,527,584,57,True
30,61,527,584,57,True
31,54,527,610,83,True
36,44,527,610,83,True
65,51,527,631,104,True
74,46,527,631,104,True
4,58,528,584,56,True
5,60,528,584,56,True
6,44,528,584,56,True
9,32,528,584,56,True
12,55,528,574,46,True
13,45,528,584,56,True
14,52,528,584,56,True
25,47,528,584,56,True
29,54,528,610,82,True
33,61,528,584,56,True
39,56,528,584,56,True
47,54,528,593,65,True
59,44,528,631,103,True
65,52,528,631,103,True
73,59,528,631,103,True
4,59,529,584,55,True
17,35,529,610,81,True
42,48,529,593,64,True
52,70,529,631,102,True
63,41,529,631,102,True
7,60,530,584,54,True
20,55,530,610,80,True
39,57,530,584,54,True
42,49,530,593,63,True
58,51,530,574,44,True
68,61,530,636,106,True
79,51,530,631,101,True
3,47,531,584,53,True
19,42,531,584,53,True
43,53,531,631,100,True
53,57,531,593,62,True
59,45,531,631,100,True
73,60,531,631,100,True
76,46,531,631,100,True
11,46,532,632,100,True
23,55,532,584,52,True
57,49,532,593,61,True
68,62,532,636,104,True
71,46,532,631,99,True
72,64,532,636,104,True
73,61,532,631,99,True
5,61,533,584,51,True
7,61,533,610,77,True
18,57,533,593,60,True
27,49,533,584,51,True
28,54,533,610,77,True
33,62,533,584,51,True
52,71,533,631,98,True
56,57,533,636,103,True
67,55,533,631,98,True
73,62,533,631,98,True
21,61,534,610,76,True
22,54,534,655,121,True
36,45,534,610,76,True
37,52,534,588,54,True
51,54,534,631,97,True
61,59,534,631,97,True
66,46,534,631,97,True
7,62,535,610,75,True
8,50,535,610,75,True
17,36,535,632,97,True
19,43,535,584,49,True
27,50,535,584,49,True
41,52,535,636,101,True
64,41,535,631,96,True
65,53,535,636,101,True
66,47,535,631,96,True
67,56,535,631,96,True
15,63,536,588,52,True
32,45,536,610,74,True
52,72,536,636,100,True
78,51,536,636,100,True
21,62,537,610,73,True
28,55,537,610,73,True
32,46,537,610,73,True
37,53,537,588,51,True
39,58,537,584,47,True
41,53,537,636,99,True
43,54,537,636,99,True
45,56,537,636,99,True
52,73,537,636,99,True
58,52,537,636,99,True
59,46,537,631,94,True
70,49,537,631,94,True
79,52,537,631,94,True
16,67,538,655,117,True
17,37,538,632,94,True
43,55,538,636,98,True
47,55,538,593,55,True
70,50,538,631,93,True
79,53,538,631,93,True
2,43,539,610,71,True
4,60,539,584,45,True
14,53,539,610,71,True
38,34,539,610,71,True
46,53,539,631,92,True
49,43,539,636,97,True
51,55,539,636,97,True
64,42,539,636,97,True
71,47,539,631,92,True
74,47,539,636,97,True
78,52,539,636,97,True
1,56,540,588,48,True
9,33,540,584,44,True
19,44,540,593,53,True
34,52,540,593,53,True
10,53,541,584,43,True
12,56,541,593,52,True
13,46,541,593,52,True
20,56,541,610,69,True
25,48,541,610,69,True
70,51,541,631,90,True
71,48,541,631,90,True
78,53,541,636,95,True
5,62,542,632,90,True
12,57,542,593,51,True
28,56,542,610,68,True
33,63,542,584,42,True
41,54,542,636,94,True
54,52,542,593,51,True
61,60,542,631,89,True
71,49,542,631,89,True
6,45,543,584,41,True
33,64,543,584,41,True
35,50,543,610,67,True
63,42,543,636,93,True
67,57,543,636,93,True
73,63,543,636,93,True
78,54,543,636,93,True
23,56,544,610,66,True
44,56,544,631,87,True
78,55,544,636,92,True
0,61,545,584,39,True
11,47,545,632,87,True
14,54,545,610,65,True
15,64,545,593,48,True
22,55,545,655,110,True
36,46,545,632,87,True
43,56,545,636,91,True
44,57,545,631,86,True
54,53,545,631,86,True
75,44,545,636,91,True
76,47,545,631,86,True
17,38,546,632,86,True
22,56,546,655,109,True
25,49,546,610,64,True
34,53,546,593,47,True
36,47,546,632,86,True
42,50,546,631,85,True
69,48,546,636,90,True
74,48,546,636,90,True
3,48,547,584,37,True
4,61,547,610,63,True
9,34,547,610,63,True
58,53,547,636,89,True
69,49,547,636,89,True
71,50,547,636,89,True
73,64,547,636,89,True
2,44,548,610,62,True
13,47,548,593,45,True
32,47,548,655,107,True
54,54,548,631,83,True
73,65,548,636,88,True
74,49,548,636,88,True
3,49,549,584,35,True
11,48,549,632,83,True
16,68,549,655,106,True
25,50,549,610,61,True
26,50,549,610,61,True
45,57,549,636,87,True
56,58,549,636,87,True
10,54,550,593,43,True
23,57,550,610,60,True
34,54,550,593,43,True
38,35,550,610,60,True
41,55,550,636,86,True
51,56,550,636,86,True
56,59,550,636,86,True
6,46,551,593,42,True
20,57,551,610,59,True
28,57,551,610,59,True
30,62,551,655,104,True
43,57,551,636,85,True
46,54,551,631,80,True
50,51,551,631,80,True
75,45,551,636,85,True
11,49,552,632,80,True
26,51,552,610,58,True
59,47,552,631,79,True
62,67,552,636,84,True
7,63,553,610,57,True
25,51,553,610,57,True
37,54,553,632,79,True
44,58,553,636,83,True
45,58,553,637,84,True
70,52,553,631,78,True
79,54,553,631,78,True
10,55,554,593,39,True
12,58,554,593,39,True
27,51,554,610,56,True
31,55,554,655,101,True
40,59,554,636,82,True
50,52,554,631,77,True
76,48,554,636,82,True
77,51,554,636,82,True
15,65,555,593,38,True
19,45,555,632,77,True
64,43,555,636,81,True
70,53,555,631,76,True
79,55,555,636,81,True
0,62,556,610,54,True
1,57,556,632,76,True
6,47,556,610,54,True
17,39,556,632,76,True
22,57,556,655,99,True
24,63,556,610,54,True
27,52,556,610,54,True
33,65,556,593,37,True
64,44,556,637,81,True
4,62,557,655,98,True
17,40,557,655,98,True
21,63,557,632,75,True
29,55,557,632,75,True
30,63,557,655,98,True
39,59,557,610,53,True
57,50,557,631,74,True
59,48,557,636,79,True
79,56,557,636,79,True
9,35,558,610,52,True
13,48,558,593,35,True
25,52,558,610,52,True
29,56,558,632,74,True
46,55,558,636,78,True
54,55,558,631,73,True
72,65,558,636,78,True
78,56,558,637,79,True
5,63,559,632,73,True
39,60,559,610,51,True
42,51,559,631,72,True
46,56,559,636,77,True
69,50,559,636,77,True
72,66,559,636,77,True
76,49,559,636,77,True
4,63,560,655,95,True
14,55,560,632,72,True
74,50,560,636,76,True
7,64,561,632,71,True
14,56,561,632,71,True
27,53,561,636,75,True
28,58,561,655,94,True
39,61,561,655,94,True
13,49,562,632,70,True
18,58,562,631,69,True
23,58,562,632,70,True
29,57,562,655,93,True
42,52,562,631,69,True
48,52,562,637,75,True
50,53,562,631,69,True
59,49,562,636,74,True
68,63,562,636,74,True
70,54,562,631,69,True
71,51,562,637,75,True
73,66,562,636,74,True
74,51,562,636,74,True
7,65,563,632,69,True
8,51,563,655,92,True
9,36,563,655,92,True
24,64,563,655,92,True
25,53,563,610,47,True
28,59,563,655,92,True
37,55,563,632,69,True
44,59,563,636,73,True
57,51,563,636,73,True
11,50,564,655,91,True
19,46,564,632,68,True
23,59,564,632,68,True
31,56,564,655,91,True
34,55,564,632,68,True
43,58,564,636,72,True
54,56,564,631,67,True
60,52,564,637,73,True
29,58,565,655,90,True
41,56,565,655,90,True
43,59,565,636,71,True
49,44,565,637,72,True
58,54,565,636,71,True
59,50,565,636,71,True
62,68,565,636,71,True
2,45,566,655,89,True
10,56,566,632,66,True
14,57,566,655,89,True
25,54,566,655,89,True
34,56,566,655,89,True
39,62,566,655,89,True
49,45,566,637,71,True
67,58,566,637,71,True
68,64,566,637,71,True
0,63,567,610,43,True
8,52,567,655,88,True
15,66,567,632,65,True
38,36,567,632,65,True
59,51,567,636,69,True
63,43,567,637,70,True
66,48,567,637,70,True
3,50,568,610,42,True
8,53,568,655,87,True
22,58,568,655,87,True
36,48,568,655,87,True
39,63,568,655,87,True
8,54,569,655,86,True
10,57,569,632,63,True
21,64,569,655,86,True
23,60,569,632,63,True
25,55,569,655,86,True
36,49,569,655,86,True
60,53,569,637,68,True
68,65,569,637,68,True
0,64,570,655,85,True
3,51,570,632,62,True
8,55,570,655,85,True
16,69,570,655,85,True
29,59,570,655,85,True
42,53,570,631,61,True
44,60,570,636,66,True
50,54,570,637,67,True
59,52,570,636,66,True
72,67,570,637,67,True
74,52,570,637,67,True
10,58,571,632,61,True
19,47,571,632,61,True
21,65,571,655,84,True
22,59,571,655,84,True
23,61,571,655,84,True
42,54,571,631,60,True
46,57,571,636,65,True
48,53,571,637,66,True
60,54,571,637,66,True
15,67,572,655,83,True
16,70,572,655,83,True
19,48,572,632,60,True
24,65,572,655,83,True
41,57,572,655,83,True
42,55,572,637,65,True
56,60,572,637,65,True
58,55,572,636,64,True
76,50,572,636,64,True
21,66,573,655,82,True
32,48,573,655,82,True
39,64,573,655,82,True
52,74,573,637,64,True
58,56,573,636,63,True
72,68,573,637,64,True
75,46,573,636,63,True
1,58,574,632,58,True
32,49,574,655,81,True
51,57,574,637,63,True
57,52,574,636,62,True
58,57,574,636,62,True
77,52,574,637,63,True
10,59,575,655,80,True
12,59,575,632,57,True
30,64,575,655,80,True
33,66,575,655,80,True
48,54,575,655,80,True
49,46,575,637,62,True
51,58,575,637,62,True
62,69,575,636,61,True
71,52,575,637,62,True
72,69,575,637,62,True
75,47,575,636,61,True
4,64,576,655,79,True
7,66,576,655,79,True
13,50,576,655,79,True
31,57,576,655,79,True
36,50,576,655,79,True
43,60,576,637,61,True
51,59,576,637,61,True
52,75,576,637,61,True
59,53,576,636,60,True
65,54,576,655,79,True
67,59,576,655,79,True
69,51,576,637,61,True
4,65,577,655,78,True
26,52,577,655,78,True
35,51,577,655,78,True
44,61,577,636,59,True
29,60,578,655,77,True
33,67,578,655,77,True
41,58,578,655,77,True
51,60,578,655,77,True
62,70,578,636,58,True
68,66,578,662,84,True
70,55,578,637,59,True
29,61,579,655,76,True
39,65,579,655,76,True
75,48,579,637,58,True
3,52,580,655,75,True
20,58,580,655,75,True
29,62,580,655,75,True
31,58,580,655,75,True
38,37,580,655,75,True
47,56,580,637,57,True
48,55,580,655,75,True
66,49,580,655,75,True
8,56,581,655,74,True
24,66,581,655,74,True
29,63,581,655,74,True
57,53,581,636,55,True
70,56,581,637,56,True
4,66,582,655,73,True
10,60,582,655,73,True
37,56,582,655,73,True
42,56,582,637,55,True
51,61,582,655,73,True
63,44,582,637,55,True
64,45,582,655,73,True
67,60,582,655,73,True
69,52,582,637,55,True
76,51,582,637,55,True
78,57,582,655,73,True
3,53,583,655,72,True
5,64,583,655,72,True
8,57,583,655,72,True
11,51,583,655,72,True
26,53,583,655,72,True
28,60,583,655,72,True
43,61,583,637,54,True
46,58,583,637,54,True
68,67,583,662,79,True
75,49,583,637,54,True
22,60,584,655,71,True
25,56,584,655,71,True
29,64,584,655,71,True
30,65,584,670,86,True
32,50,584,655,71,True
33,68,584,655,71,True
48,56,584,655,71,True
61,61,584,637,53,True
62,71,584,636,52,True
68,68,584,662,78,True
79,57,584,637,53,True
15,68,585,655,70,True
24,67,585,655,70,True
58,58,585,655,70,True
61,62,585,637,52,True
2,46,586,655,69,True
4,67,586,655,69,True
8,58,586,655,69,True
43,62,586,637,51,True
54,57,586,637,51,True
58,59,586,655,69,True
60,55,586,687,101,True
17,41,587,670,83,True
23,62,587,655,68,True
35,52,587,670,83,True
41,59,587,655,68,True
59,54,587,636,49,True
60,56,587,687,100,True
66,50,587,655,68,True
76,52,587,662,75,True
0,65,588,655,67,True
15,69,588,655,67,True
18,59,588,637,49,True
21,67,588,670,82,True
34,57,588,655,67,True
37,57,588,655,67,True
39,66,588,655,67,True
71,53,588,662,74,True
75,50,588,637,49,True
77,53,588,687,99,True
78,58,588,655,67,True
20,59,589,655,66,True
37,58,589,655,66,True
63,45,589,662,73,True
66,51,589,662,73,True
68,69,589,662,73,True
72,70,589,662,73,True
2,47,590,655,65,True
8,59,590,655,65,True
11,52,590,670,80,True
13,51,590,655,65,True
17,42,590,670,80,True
23,63,590,655,65,True
27,54,590,655,65,True
47,57,590,637,47,True
63,46,590,662,72,True
71,54,590,662,72,True
11,53,591,670,79,True
29,65,591,655,64,True
35,53,591,670,79,True
42,57,591,637,46,True
47,58,591,637,46,True
53,58,591,637,46,True
59,55,591,637,46,True
68,70,591,662,71,True
73,67,591,655,64,True
6,48,592,655,63,True
19,49,592,655,63,True
43,63,592,662,70,True
47,59,592,637,45,True
52,76,592,637,45,True
58,60,592,655,63,True
76,53,592,662,70,True
35,54,593,670,77,True
36,51,593,670,77,True
42,58,593,637,44,True
54,58,593,637,44,True
59,56,593,637,44,True
11,54,594,670,76,True
26,54,594,691,97,True
28,61,594,670,76,True
34,58,594,655,61,True
38,38,594,655,61,True
54,59,594,637,43,True
55,64,594,662,68,True
73,68,594,655,61,True
4,68,595,655,60,True
16,71,595,655,60,True
28,62,595,670,75,True
34,59,595,655,60,True
58,61,595,655,60,True
63,47,595,662,67,True
68,71,595,662,67,True
71,55,595,662,67,True
79,58,595,637,42,True
9,37,596,655,59,True
35,55,596,670,74,True
51,62,596,662,66,True
61,63,596,637,41,True
66,52,596,662,66,True
3,54,597,655,58,True
13,52,597,655,58,True
14,58,597,670,73,True
21,68,597,670,73,True
26,55,597,691,94,True
40,60,597,655,58,True
63,48,597,662,65,True
23,64,598,655,57,True
39,67,598,655,57,True
42,59,598,662,64,True
52,77,598,662,64,True
64,46,598,655,57,True
73,69,598,662,64,True
14,59,599,670,71,True
18,60,599,655,56,True
30,66,599,670,71,True
44,62,599,662,63,True
50,55,599,637,38,True
57,54,599,637,38,True
58,62,599,655,56,True
68,72,599,662,63,True
72,71,599,687,88,True
73,70,599,662,63,True
74,53,599,662,63,True
32,51,600,691,91,True
33,69,600,655,55,True
45,59,600,662,62,True
54,60,600,655,55,True
64,47,600,655,55,True
70,57,600,637,37,True
78,59,600,662,62,True
8,60,601,670,69,True
13,53,601,670,69,True
25,57,601,655,54,True
49,47,601,662,61,True
54,61,601,655,54,True
57,55,601,637,36,True
68,73,601,662,61,True
69,53,601,662,61,True
79,59,601,637,36,True
1,59,602,670,68,True
4,69,602,655,53,True
7,67,602,670,68,True
23,65,602,655,53,True
34,60,602,670,68,True
44,63,602,662,60,True
66,53,602,662,60,True
77,54,602,720,118,True
78,60,602,662,60,True
6,49,603,655,52,True
10,61,603,670,67,True
27,55,603,655,52,True
29,66,603,670,67,True
42,60,603,662,59,True
45,60,603,662,59,True
49,48,603,662,59,True
66,54,603,662,59,True
67,61,603,662,59,True
18,61,604,655,51,True
20,60,604,691,87,True
57,56,604,655,51,True
79,60,604,655,51,True
2,48,605,670,65,True
14,60,605,670,65,True
17,43,605,670,65,True
21,69,605,670,65,True
27,56,605,655,50,True
30,67,605,670,65,True
31,59,605,670,65,True
41,60,605,662,57,True
43,64,605,687,82,True
70,58,605,655,50,True
2,49,606,670,64,True
6,50,606,655,49,True
20,61,606,691,85,True
33,70,606,655,49,True
36,52,606,727,121,True
46,59,606,662,56,True
48,57,606,662,56,True
65,55,606,662,56,True
72,72,606,687,81,True
13,54,607,670,63,True
18,62,607,655,48,True
45,61,607,662,55,True
73,71,607,662,55,True
75,51,607,662,55,True
9,38,608,655,47,True
12,60,608,655,47,True
26,56,608,691,83,True
29,67,608,670,62,True
32,52,608,691,83,True
36,53,608,727,119,True
38,39,608,655,47,True
44,64,608,662,54,True
61,64,608,662,54,True
64,48,608,662,54,True
65,56,608,662,54,True
5,65,609,670,61,True
39,68,609,655,46,True
61,65,609,662,53,True
63,49,609,662,53,True
64,49,609,662,53,True
66,55,609,662,53,True
71,56,609,662,53,True
4,70,610,691,81,True
6,51,610,655,45,True
10,62,610,670,60,True
23,66,610,655,45,True
41,61,610,662,52,True
56,61,610,687,77,True
66,56,610,662,52,True
77,55,610,720,110,True
10,63,611,670,59,True
16,72,611,691,80,True
33,71,611,691,80,True
35,56,611,670,59,True
57,57,611,655,44,True
70,59,611,662,51,True
75,52,611,662,51,True
10,64,612,670,58,True
12,61,612,662,50,True
14,61,612,670,58,True
23,67,612,655,43,True
28,63,612,727,115,True
33,72,612,691,79,True
34,61,612,670,58,True
36,54,612,727,115,True
44,65,612,662,50,True
45,62,612,662,50,True
47,60,612,662,50,True
57,58,612,655,43,True
74,54,612,687,75,True
3,55,613,662,49,True
14,62,613,670,57,True
23,68,613,655,42,True
26,57,613,691,78,True
44,66,613,662,49,True
50,56,613,687,74,True
53,59,613,662,49,True
55,65,613,687,74,True
77,56,613,720,107,True
13,55,614,670,56,True
14,63,614,670,56,True
37,59,614,670,56,True
40,61,614,662,48,True
49,49,614,687,73,True
51,63,614,662,48,True
70,60,614,687,73,True
16,73,615,691,76,True
41,62,615,662,47,True
50,57,615,687,72,True
67,62,615,687,72,True
68,74,615,687,72,True
72,73,615,687,72,True
6,52,616,662,46,True
18,63,616,662,46,True
48,58,616,687,71,True
49,50,616,687,71,True
51,64,616,662,46,True
56,62,616,687,71,True
57,59,616,662,46,True
65,57,616,662,46,True
68,75,616,687,71,True
74,55,616,687,71,True
5,66,617,670,53,True
7,68,617,727,110,True
30,68,617,691,74,True
52,78,617,687,70,True
57,60,617,662,45,True
71,57,617,687,70,True
10,65,618,670,52,True
33,73,618,691,73,True
34,62,618,670,52,True
36,55,618,727,109,True
68,76,618,687,69,True
5,67,619,670,51,True
14,64,619,670,51,True
27,57,619,662,43,True
54,62,619,687,68,True
63,50,619,687,68,True
64,50,619,662,43,True
79,61,619,662,43,True
16,74,620,691,71,True
59,57,620,662,42,True
73,72,620,687,67,True
1,60,621,670,49,True
11,55,621,727,106,True
29,68,621,727,106,True
45,63,621,662,41,True
59,58,621,662,41,True
62,72,621,662,41,True
2,50,622,670,48,True
31,60,622,727,105,True
34,63,622,670,48,True
44,67,622,662,40,True
51,65,622,687,65,True
55,66,622,687,65,True
75,53,622,662,40,True
3,56,623,691,68,True
21,70,623,727,104,True
23,69,623,691,68,True
30,69,623,691,68,True
43,65,623,687,64,True
46,60,623,662,39,True
51,66,623,687,64,True
55,67,623,687,64,True
70,61,623,687,64,True
76,54,623,687,64,True
0,66,624,691,67,True
9,39,624,691,67,True
25,58,624,691,67,True
27,58,624,662,38,True
29,69,624,727,103,True
34,64,624,670,46,True
57,61,624,662,38,True
58,63,624,662,38,True
63,51,624,687,63,True
65,58,624,687,63,True
13,56,625,727,102,True
14,65,625,670,45,True
28,64,625,727,102,True
34,65,625,670,45,True
43,66,625,687,62,True
49,51,625,687,62,True
52,79,625,687,62,True
57,62,625,662,37,True
67,63,625,687,62,True
0,67,626,691,65,True
11,56,626,727,101,True
13,57,626,727,101,True
17,44,626,727,101,True
37,60,626,727,101,True
46,61,626,662,36,True
47,61,626,687,61,True
49,52,626,687,61,True
50,58,626,687,61,True
56,63,626,687,61,True
68,77,626,720,94,True
76,55,626,687,61,True
1,61,627,670,43,True
4,71,627,691,64,True
13,58,627,727,100,True
18,64,627,687,60,True
35,57,627,727,100,True
62,73,627,703,76,True
75,54,627,687,60,True
5,68,628,670,42,True
6,53,628,691,63,True
8,61,628,727,99,True
24,68,628,691,63,True
32,53,628,691,63,True
43,67,628,687,59,True
64,51,628,662,34,True
67,64,628,687,59,True
73,73,628,687,59,True
75,55,628,687,59,True
79,62,628,662,34,True
6,54,629,691,62,True
19,50,629,691,62,True
22,61,629,691,62,True
34,66,629,670,41,True
36,56,629,727,98,True
37,61,629,727,98,True
52,80,629,687,58,True
0,68,630,691,61,True
14,66,630,727,97,True
16,75,630,691,61,True
41,63,630,687,57,True
47,62,630,687,57,True
61,66,630,662,32,True
66,57,630,687,57,True
67,65,630,687,57,True
10,66,631,691,60,True
38,40,631,691,60,True
60,57,631,736,105,True
67,66,631,687,56,True
71,58,631,687,56,True
7,69,632,727,95,True
38,41,632,691,59,True
41,64,632,687,55,True
48,59,632,687,55,True
49,53,632,720,88,True
71,59,632,687,55,True
79,63,632,687,55,True
5,69,633,727,94,True
11,57,633,727,94,True
25,59,633,691,58,True
43,68,633,687,54,True
44,68,633,703,70,True
52,81,633,720,87,True
60,58,633,736,103,True
65,59,633,720,87,True
66,58,633,687,54,True
79,64,633,687,54,True
4,72,634,691,57,True
5,70,634,727,93,True
6,55,634,691,57,True
39,69,634,691,57,True
46,62,634,703,69,True
49,54,634,720,86,True
70,62,634,687,53,True
76,56,634,687,53,True
3,57,635,691,56,True
38,42,635,691,56,True
40,62,635,687,52,True
65,60,635,720,85,True
72,74,635,720,85,True
1,62,636,727,91,True
12,62,636,691,55,True
21,71,636,727,91,True
26,58,636,691,55,True
32,54,636,691,55,True
39,70,636,691,55,True
46,63,636,703,67,True
56,64,636,687,51,True
64,52,636,687,51,True
66,59,636,687,51,True
19,51,637,691,54,True
21,72,637,727,90,True
67,67,637,687,50,True
23,70,638,691,53,True
26,59,638,691,53,True
37,62,638,727,89,True
41,65,638,687,49,True
62,74,638,703,65,True
63,52,638,687,49,True
64,53,638,687,49,True
68,78,638,720,82,True
0,69,639,691,52,True
1,63,639,727,88,True
6,56,639,691,52,True
12,63,639,691,52,True
15,70,639,727,88,True
29,70,639,727,88,True
38,43,639,691,52,True
51,67,639,687,48,True
69,54,639,720,81,True
74,56,639,720,81,True
8,62,640,727,87,True
32,55,640,691,51,True
38,44,640,691,51,True
39,71,640,691,51,True
54,63,640,687,47,True
55,68,640,736,96,True
57,63,640,703,63,True
68,79,640,720,80,True
70,63,640,687,47,True
73,74,640,687,47,True
1,64,641,727,86,True
33,74,641,691,50,True
74,57,641,720,79,True
0,70,642,691,49,True
7,70,642,727,85,True
17,45,642,727,85,True
19,52,642,691,49,True
25,60,642,691,49,True
28,65,642,727,85,True
50,59,642,699,57,True
51,68,642,687,45,True
63,53,642,720,78,True
65,61,642,720,78,True
11,58,643,727,84,True
53,60,643,687,44,True
56,65,643,720,77,True
68,80,643,720,77,True
70,64,643,736,93,True
73,75,643,687,44,True
17,46,644,727,83,True
28,66,644,727,83,True
39,72,644,691,47,True
56,66,644,720,76,True
59,59,644,703,59,True
67,68,644,699,55,True
73,76,644,687,43,True
77,57,644,720,76,True
6,57,645,691,46,True
7,71,645,727,82,True
15,71,645,727,82,True
17,47,645,727,82,True
20,62,645,691,46,True
26,60,645,691,46,True
32,56,645,691,46,True
39,73,645,691,46,True
50,60,645,699,54,True
79,65,645,703,58,True
9,40,646,691,45,True
27,59,646,691,45,True
28,67,646,727,81,True
29,71,646,727,81,True
62,75,646,703,57,True
0,71,647,691,44,True
3,58,647,691,44,True
12,64,647,691,44,True
18,65,647,691,44,True
28,68,647,727,80,True
41,66,647,687,40,True
6,58,648,691,43,True
8,63,648,727,79,True
10,67,648,691,43,True
12,65,648,691,43,True
19,53,648,691,43,True
36,57,648,727,79,True
40,63,648,687,39,True
42,61,648,699,51,True
44,69,648,703,55,True
53,61,648,703,55,True
56,67,648,720,72,True
61,67,648,703,55,True
65,62,648,736,88,True
70,65,648,736,88,True
11,59,649,727,78,True
38,45,649,691,42,True
39,74,649,691,42,True
42,62,649,699,50,True
51,69,649,699,50,True
53,62,649,703,54,True
70,66,649,736,87,True
76,57,649,720,71,True
8,64,650,727,77,True
11,60,650,727,77,True
25,61,650,727,77,True
38,46,650,691,41,True
45,64,650,736,86,True
53,63,650,703,53,True
54,64,650,699,49,True
73,77,650,699,49,True
7,72,651,727,76,True
9,41,651,727,76,True
25,62,651,727,76,True
30,70,651,727,76,True
65,63,651,736,85,True
66,60,651,699,48,True
68,81,651,720,69,True
74,58,651,720,69,True
75,56,651,720,69,True
7,73,652,727,75,True
15,72,652,727,75,True
24,69,652,727,75,True
29,72,652,727,75,True
40,64,652,736,84,True
45,65,652,736,84,True
61,68,652,720,68,True
6,59,653,691,38,True
29,73,653,727,74,True
13,59,654,727,73,True
14,67,654,727,73,True
15,73,654,727,73,True
21,73,654,763,109,True
29,74,654,727,73,True
50,61,654,699,45,True
52,82,654,720,66,True
74,59,654,736,82,True
79,66,654,703,49,True
31,61,655,727,72,True
32,57,655,727,72,True
33,75,655,727,72,True
50,62,655,699,44,True
54,65,655,699,44,True
55,69,655,736,81,True
72,75,655,736,81,True
6,60,656,691,35,True
27,60,656,703,47,True
30,71,656,763,107,True
39,75,656,727,71,True
56,68,656,720,64,True
72,76,656,736,80,True
0,72,657,691,34,True
8,65,657,727,70,True
22,62,657,727,70,True
38,47,657,691,34,True
39,76,657,727,70,True
55,70,657,736,79,True
71,60,657,720,63,True
18,66,658,699,41,True
23,71,658,727,69,True
30,72,658,763,105,True
37,63,658,727,69,True
52,83,658,720,62,True
53,64,658,720,62,True
57,64,658,720,62,True
67,69,658,736,78,True
74,60,658,736,78,True
1,65,659,727,68,True
2,51,659,727,68,True
7,74,659,727,68,True
8,66,659,727,68,True
11,61,659,727,68,True
14,68,659,727,68,True
15,74,659,727,68,True
25,63,659,727,68,True
35,58,659,727,68,True
78,61,659,756,97,True
8,67,660,727,67,True
19,54,660,727,67,True
20,63,660,727,67,True
23,72,660,727,67,True
25,64,660,727,67,True
27,61,660,703,43,True
52,84,660,736,76,True
65,64,660,756,96,True
78,62,660,756,96,True
3,59,661,727,66,True
11,62,661,727,66,True
47,63,661,736,75,True
55,71,661,736,75,True
67,70,661,736,75,True
69,55,661,736,75,True
0,73,662,727,65,True
6,61,662,727,65,True
13,60,662,727,65,True
18,67,662,706,44,True
34,67,662,733,71,True
43,69,662,736,74,True
47,64,662,736,74,True
51,70,662,736,74,True
57,65,662,736,74,True
64,54,662,736,74,True
75,57,662,720,58,True
0,74,663,727,64,True
1,66,663,727,64,True
5,71,663,727,64,True
15,75,663,727,64,True
33,76,663,727,64,True
53,65,663,720,57,True
64,55,663,736,73,True
73,78,663,736,73,True
12,66,664,727,63,True
33,77,664,727,63,True
47,65,664,736,72,True
56,69,664,736,72,True
24,70,665,727,62,True
27,62,665,727,62,True
34,68,665,733,68,True
40,65,665,736,71,True
67,71,665,736,71,True
69,56,665,736,71,True
78,63,665,756,91,True
4,73,666,727,61,True
13,61,666,727,61,True
18,68,666,736,70,True
22,63,666,727,61,True
74,61,666,736,70,True
77,58,666,736,70,True
1,67,667,727,60,True
19,55,667,727,60,True
27,63,667,727,60,True
34,69,667,733,66,True
38,48,667,727,60,True
55,72,667,736,69,True
58,64,667,727,60,True
59,60,667,720,53,True
70,67,667,736,69,True
15,76,668,727,59,True
20,64,668,727,59,True
25,65,668,727,59,True
34,70,668,733,65,True
38,49,668,727,59,True
46,64,668,736,68,True
49,55,668,736,68,True
57,66,668,736,68,True
66,61,668,756,88,True
71,61,668,736,68,True
77,59,668,736,68,True
78,64,668,756,88,True
3,60,669,727,58,True
16,76,669,763,94,True
17,48,669,763,94,True
26,61,669,727,58,True
34,71,669,733,64,True
40,66,669,736,67,True
67,72,669,756,87,True
70,68,669,736,67,True
1,68,670,727,57,True
11,63,670,795,125,True
26,62,670,727,57,True
33,78,670,727,57,True
40,67,670,756,86,True
79,67,670,736,66,True
2,52,671,763,92,True
6,62,671,727,56,True
10,68,671,727,56,True
12,67,671,727,56,True
25,66,671,727,56,True
29,75,671,727,56,True
31,62,671,763,92,True
39,77,671,727,56,True
44,70,671,736,65,True
54,66,671,736,65,True
58,65,671,727,56,True
64,56,671,756,85,True
4,74,672,727,55,True
6,63,672,727,55,True
11,64,672,795,123,True
27,64,672,727,55,True
56,70,672,736,64,True
57,67,672,736,64,True
32,58,673,727,54,True
39,78,673,727,54,True
60,59,673,736,63,True
18,69,674,736,62,True
19,56,674,727,53,True
31,63,674,763,89,True
32,59,674,763,89,True
36,58,674,763,89,True
53,66,674,736,62,True
58,66,674,727,53,True
59,61,674,736,62,True
5,72,675,763,88,True
16,77,675,763,88,True
19,57,675,727,52,True
20,65,675,727,52,True
21,74,675,795,120,True
35,59,675,763,88,True
39,79,675,727,52,True
45,66,675,756,81,True
49,56,675,756,81,True
52,85,675,736,61,True
66,62,675,756,81,True
79,68,675,736,61,True
2,53,676,763,87,True
3,61,676,743,67,True
9,42,676,727,51,True
12,68,676,727,51,True
13,62,676,727,51,True
15,77,676,733,57,True
17,49,676,763,87,True
34,72,676,733,57,True
35,60,676,763,87,True
38,50,676,727,51,True
47,66,676,736,60,True
48,60,676,756,80,True
54,67,676,736,60,True
1,69,677,727,50,True
8,68,677,763,86,True
28,69,677,763,86,True
31,64,677,763,86,True
36,59,677,763,86,True
41,67,677,756,79,True
48,61,677,756,79,True
64,57,677,756,79,True
5,73,678,763,85,True
29,76,678,763,85,True
35,61,678,763,85,True
36,60,678,763,85,True
48,62,678,756,78,True
51,71,678,756,78,True
52,86,678,736,58,True
59,62,678,736,58,True
62,76,678,736,58,True
64,58,678,756,78,True
66,63,678,756,78,True
79,69,678,736,58,True
8,69,679,763,84,True
46,65,679,736,57,True
53,67,679,736,57,True
72,77,679,756,77,True
74,62,679,756,77,True
2,54,680,763,83,True
8,70,680,763,83,True
21,75,680,795,115,True
25,67,680,727,47,True
34,73,680,733,53,True
53,68,680,736,56,True
72,78,680,756,76,True
14,69,681,763,82,True
22,64,681,772,91,True
34,74,681,733,52,True
63,54,681,756,75,True
70,69,681,736,55,True
79,70,681,736,55,True
12,69,682,736,54,True
19,58,682,727,45,True
37,64,682,763,81,True
53,69,682,736,54,True
66,64,682,756,74,True
68,82,682,786,104,True
4,75,683,763,80,True
11,65,683,795,112,True
15,78,683,733,50,True
30,73,683,763,80,True
33,79,683,727,44,True
36,61,683,763,80,True
41,68,683,756,73,True
49,57,683,756,73,True
51,72,683,756,73,True
52,87,683,756,73,True
28,70,684,763,79,True
39,80,684,763,79,True
46,66,684,756,72,True
67,73,684,756,72,True
72,79,684,756,72,True
74,63,684,756,72,True
75,58,684,756,72,True
6,64,685,743,58,True
22,65,685,772,87,True
24,71,685,763,78,True
33,80,685,727,42,True
39,81,685,763,78,True
40,68,685,756,71,True
61,69,685,756,71,True
0,75,686,763,77,True
6,65,686,743,57,True
12,70,686,736,50,True
13,63,686,733,47,True
37,65,686,763,77,True
41,69,686,756,70,True
44,71,686,743,57,True
50,63,686,756,70,True
65,65,686,756,70,True
69,57,686,756,70,True
70,70,686,736,50,True
0,76,687,763,76,True
4,76,687,763,76,True
9,43,687,763,76,True
19,59,687,727,40,True
21,76,687,795,108,True
34,75,687,763,76,True
45,67,687,756,69,True
66,65,687,756,69,True
1,70,688,763,75,True
2,55,688,763,75,True
4,77,688,763,75,True
20,66,688,763,75,True
33,81,688,727,39,True
50,64,688,756,68,True
51,73,688,756,68,True
66,66,688,756,68,True
79,71,688,736,48,True
1,71,689,763,74,True
6,66,689,743,54,True
13,64,689,763,74,True
29,77,689,763,74,True
42,63,689,736,47,True
52,88,689,756,67,True
57,68,689,736,47,True
61,70,689,756,67,True
63,55,689,756,67,True
40,69,690,756,66,True
52,89,690,756,66,True
6,67,691,743,52,True
12,71,691,736,45,True
14,70,691,763,72,True
24,72,691,763,72,True
58,67,691,743,52,True
61,71,691,756,65,True
6,68,692,743,51,True
27,65,692,743,51,True
32,60,692,763,71,True
33,82,692,727,35,True
45,68,692,756,64,True
64,59,692,756,64,True
7,75,693,763,70,True
10,69,693,763,70,True
17,50,693,795,102,True
21,77,693,795,102,True
38,51,693,763,70,True
42,64,693,736,43,True
68,83,693,786,93,True
70,71,693,736,43,True
74,64,693,786,93,True
9,44,694,772,78,True
16,78,694,772,78,True
24,73,694,763,69,True
34,76,694,763,69,True
43,70,694,756,62,True
56,71,694,756,62,True
6,69,695,763,68,True
8,71,695,795,100,True
19,60,695,743,48,True
23,73,695,763,68,True
67,74,695,756,61,True
1,72,696,763,67,True
6,70,696,763,67,True
10,70,696,763,67,True
14,71,696,763,67,True
21,78,696,795,99,True
36,62,696,795,99,True
40,70,697,756,59,True
52,90,697,756,59,True
3,62,698,763,65,True
13,65,698,763,65,True
29,78,698,772,74,True
33,83,698,763,65,True
38,52,698,763,65,True
39,82,698,772,74,True
47,67,698,736,38,True
54,68,698,756,58,True
59,63,698,756,58,True
6,71,699,763,64,True
8,72,699,795,96,True
14,72,699,763,64,True
21,79,699,795,96,True
45,69,699,756,57,True
65,66,699,756,57,True
69,58,699,756,57,True
10,71,700,763,63,True
11,66,700,795,95,True
14,73,700,763,63,True
16,79,700,772,72,True
21,80,700,795,95,True
25,68,700,763,63,True
31,65,700,795,95,True
33,84,700,763,63,True
43,71,700,756,56,True
45,70,700,756,56,True
57,69,700,756,56,True
63,56,700,786,86,True
75,59,700,756,56,True
6,72,701,763,62,True
12,72,701,736,35,True
24,74,701,772,71,True
28,71,701,795,94,True
45,71,701,756,55,True
61,72,701,756,55,True
63,57,701,786,85,True
29,79,702,795,93,True
47,68,702,756,54,True
55,73,702,786,84,True
57,70,702,756,54,True
78,65,702,790,88,True
6,73,703,763,60,True
12,73,703,763,60,True
14,74,703,772,69,True
39,83,703,772,69,True
42,65,703,763,60,True
44,72,703,756,53,True
72,80,703,786,83,True
75,60,703,756,53,True
61,73,704,756,52,True
63,58,704,786,82,True
66,67,704,756,52,True
70,72,704,756,52,True
73,79,704,756,52,True
76,58,704,786,82,True
78,66,704,790,86,True
26,63,705,772,67,True
39,84,705,772,67,True
40,71,705,756,51,True
47,69,705,756,51,True
66,68,705,756,51,True
74,65,705,786,81,True
76,59,705,786,81,True
77,60,705,756,51,True
3,63,706,763,57,True
21,81,706,795,89,True
28,72,706,795,89,True
51,74,706,786,80,True
56,72,706,790,84,True
66,69,706,756,50,True
70,73,706,756,50,True
71,62,706,786,80,True
73,80,706,756,50,True
21,82,707,795,88,True
55,74,707,786,79,True
79,72,707,764,57,True
9,45,708,772,64,True
19,61,708,763,55,True
42,66,708,763,55,True
71,63,708,786,78,True
72,81,708,786,78,True
0,77,709,772,63,True
14,75,709,772,63,True
16,80,709,772,63,True
36,63,709,795,86,True
38,53,709,763,54,True
39,85,709,772,63,True
40,72,709,786,77,True
41,70,709,790,81,True
53,70,709,756,47,True
6,74,710,763,53,True
28,73,710,795,85,True
54,69,710,756,46,True
64,60,710,786,76,True
74,66,710,786,76,True
75,61,710,756,46,True
79,73,710,764,54,True
7,76,711,772,61,True
10,72,711,763,52,True
12,74,711,763,52,True
39,86,711,772,61,True
42,67,711,763,52,True
44,73,711,756,45,True
55,75,711,786,75,True
56,73,711,790,79,True
59,64,711,764,53,True
61,74,711,756,45,True
66,70,711,786,75,True
74,67,711,786,75,True
5,74,712,795,83,True
8,73,712,795,83,True
16,81,712,772,60,True
35,62,712,795,83,True
47,70,712,756,44,True
53,71,712,756,44,True
76,60,712,786,74,True
77,61,712,790,78,True
11,67,713,795,82,True
16,82,713,772,59,True
18,70,713,763,50,True
48,63,713,790,77,True
50,65,713,790,77,True
34,77,714,763,49,True
40,73,714,786,72,True
63,59,714,786,72,True
66,71,714,790,76,True
74,68,714,786,72,True
6,75,715,766,51,True
70,74,715,763,48,True
75,62,715,786,71,True
5,75,716,795,79,True
22,66,716,772,56,True
34,78,716,763,47,True
36,64,716,795,79,True
41,71,716,790,74,True
47,71,716,756,40,True
56,74,716,790,74,True
71,64,716,786,70,True
72,82,716,786,70,True
19,62,717,763,46,True
42,68,717,763,46,True
43,72,717,816,99,True
63,60,717,786,69,True
75,63,717,786,69,True
3,64,718,766,48,True
8,74,718,795,77,True
13,66,718,795,77,True
19,63,718,763,45,True
42,69,718,763,45,True
43,73,718,816,98,True
63,61,718,786,68,True
64,61,718,786,68,True
3,65,719,766,47,True
4,78,719,772,53,True
14,76,719,772,53,True
24,75,719,772,53,True
36,65,719,795,76,True
37,66,719,772,53,True
41,72,719,790,71,True
50,66,719,790,71,True
68,84,719,816,97,True
71,65,719,786,67,True
77,62,719,790,71,True
79,74,719,786,67,True
7,77,720,772,52,True
13,67,720,795,75,True
50,67,720,790,70,True
52,91,720,816,96,True
60,60,720,790,70,True
64,62,720,790,70,True
70,75,720,763,43,True
76,61,720,786,66,True
19,64,721,772,51,True
28,74,721,795,74,True
31,66,721,795,74,True
40,74,721,790,69,True
9,46,722,772,50,True
28,75,722,795,73,True
34,79,722,772,50,True
41,73,722,790,68,True
44,74,722,790,68,True
48,64,722,790,68,True
56,75,722,816,94,True
62,77,722,786,64,True
67,75,722,790,68,True
68,85,722,816,94,True
70,76,722,790,68,True
78,67,722,790,68,True
10,73,723,772,49,True
22,67,723,795,72,True
34,80,723,772,49,True
36,66,723,795,72,True
39,87,723,772,49,True
49,58,723,790,67,True
65,67,723,790,67,True
75,64,723,786,63,True
14,77,724,795,71,True
25,69,724,772,48,True
31,67,724,795,71,True
33,85,724,772,48,True
5,76,725,795,70,True
14,78,725,795,70,True
19,65,725,772,47,True
22,68,725,795,70,True
24,76,725,772,47,True
36,67,725,795,70,True
38,54,725,772,47,True
50,68,725,790,65,True
58,68,725,766,41,True
67,76,725,790,65,True
15,79,726,772,46,True
22,69,726,795,69,True
28,76,726,795,69,True
39,88,726,772,46,True
64,63,726,790,64,True
71,66,726,816,90,True
73,81,726,790,64,True
74,69,726,816,90,True
3,66,727,766,39,True
14,79,727,795,68,True
65,68,727,816,89,True
72,83,727,816,89,True
73,82,727,790,63,True
6,76,728,772,44,True
9,47,728,772,44,True
17,51,728,795,67,True
26,64,728,816,88,True
31,68,728,795,67,True
36,68,728,795,67,True
37,67,728,795,67,True
51,75,728,790,62,True
55,76,728,816,88,True
71,67,728,816,88,True
77,63,728,790,62,True
5,77,729,795,66,True
22,70,729,795,66,True
24,77,729,772,43,True
67,77,729,816,87,True
68,86,729,816,87,True
74,70,729,816,87,True
77,64,729,790,61,True
12,75,730,772,42,True
15,80,730,795,65,True
36,69,730,795,65,True
43,74,730,816,86,True
48,65,730,790,60,True
51,76,730,790,60,True
70,77,730,792,62,True
73,83,730,790,60,True
75,65,730,786,56,True
78,68,730,816,86,True
0,78,731,772,41,True
8,75,731,795,64,True
12,76,731,772,41,True
36,70,731,795,64,True
40,75,731,790,59,True
46,67,731,790,59,True
52,92,731,816,85,True
53,72,731,790,59,True
54,70,731,790,59,True
68,87,731,816,85,True
2,56,732,795,63,True
8,76,732,795,63,True
9,48,732,772,40,True
18,71,732,790,58,True
29,80,732,816,84,True
30,74,732,795,63,True
35,63,732,795,63,True
47,72,732,790,58,True
6,77,733,772,39,True
17,52,733,795,62,True
18,72,733,790,57,True
19,66,733,772,39,True
33,86,733,772,39,True
59,65,733,790,57,True
70,78,733,792,59,True
12,77,734,772,38,True
22,71,734,795,61,True
24,78,734,772,38,True
28,77,734,816,82,True
48,66,734,816,82,True
57,71,734,790,56,True
69,59,734,816,82,True
76,62,734,825,91,True
3,67,735,772,37,True
18,73,735,790,55,True
29,81,735,816,81,True
59,66,735,790,55,True
67,78,735,816,81,True
0,79,736,772,36,True
19,67,736,772,36,True
37,68,736,795,59,True
39,89,736,795,59,True
42,70,736,790,54,True
43,75,736,816,80,True
72,84,736,816,80,True
0,80,737,772,35,True
2,57,737,795,58,True
3,68,737,776,39,True
13,68,737,795,58,True
17,53,737,795,58,True
37,69,737,795,58,True
39,90,737,795,58,True
56,76,737,816,79,True
57,72,737,790,53,True
63,62,737,816,79,True
67,79,737,816,79,True
74,71,737,816,79,True
4,79,738,860,122,True
13,69,738,795,57,True
25,70,738,795,57,True
36,71,738,795,57,True
48,67,738,816,78,True
72,85,738,816,78,True
73,84,738,790,52,True
21,83,739,820,81,True
26,65,739,816,77,True
38,55,739,772,33,True
1,73,740,795,55,True
8,77,740,816,76,True
25,71,740,795,55,True
36,72,740,795,55,True
41,74,740,816,76,True
54,71,740,790,50,True
76,63,740,825,85,True
79,75,740,792,52,True
2,58,741,816,75,True
3,69,741,776,35,True
9,49,741,795,54,True
20,67,741,795,54,True
26,66,741,816,75,True
30,75,741,850,109,True
49,59,741,816,75,True
59,67,741,816,75,True
71,68,741,816,75,True
79,76,741,792,51,True
11,68,742,820,78,True
30,76,742,850,108,True
43,76,742,816,74,True
47,73,742,790,48,True
51,77,742,816,74,True
56,77,742,816,74,True
71,69,742,816,74,True
78,69,742,825,83,True
6,78,743,795,52,True
17,54,743,820,77,True
34,81,743,795,52,True
51,78,743,816,73,True
59,68,743,816,73,True
62,78,743,816,73,True
78,70,743,825,82,True
2,59,744,816,72,True
10,74,744,787,43,True
15,81,744,795,51,True
33,87,744,795,51,True
34,82,744,795,51,True
52,93,744,816,72,True
60,61,744,816,72,True
12,78,745,790,45,True
14,80,745,820,75,True
17,55,745,820,75,True
25,72,745,816,71,True
31,69,745,816,71,True
54,72,745,790,45,True
58,69,745,790,45,True
74,72,745,816,71,True
76,64,745,825,80,True
29,82,746,816,70,True
44,75,746,816,70,True
57,73,746,816,70,True
58,70,746,790,44,True
60,62,746,825,79,True
70,79,746,792,46,True
5,78,747,795,48,True
6,79,747,795,48,True
17,56,747,820,73,True
21,84,747,820,73,True
27,66,747,790,43,True
30,77,747,850,103,True
55,77,747,816,69,True
57,74,747,816,69,True
63,63,747,825,78,True
69,60,747,816,69,True
73,85,747,816,69,True
79,77,747,792,45,True
4,80,748,860,112,True
9,50,748,816,68,True
20,68,748,795,47,True
21,85,748,820,72,True
26,67,748,816,68,True
31,70,748,816,68,True
32,61,748,795,47,True
36,73,748,816,68,True
50,69,748,792,44,True
59,69,748,816,68,True
62,79,748,816,68,True
74,73,748,816,68,True
76,65,748,825,77,True
78,71,748,825,77,True
6,80,749,795,46,True
73,86,749,816,67,True
13,70,750,795,45,True
17,57,750,820,70,True
45,72,750,816,66,True
71,70,750,825,75,True
78,72,750,825,75,True
13,71,751,795,44,True
14,81,751,820,69,True
22,72,751,816,65,True
27,67,751,790,39,True
28,78,751,816,65,True
37,70,751,795,44,True
42,71,751,816,65,True
57,75,751,816,65,True
62,80,751,816,65,True
70,80,751,792,41,True
79,78,751,816,65,True
2,60,752,820,68,True
3,70,752,816,64,True
4,81,752,860,108,True
12,79,752,795,43,True
13,72,752,795,43,True
17,58,752,820,68,True
40,76,752,874,122,True
53,73,752,816,64,True
61,75,752,816,64,True
66,72,752,816,64,True
75,66,752,816,64,True
3,71,753,816,63,True
11,69,753,820,67,True
15,82,753,820,67,True
17,59,753,820,67,True
21,86,753,820,67,True
44,76,753,816,63,True
48,68,753,816,63,True
50,70,753,816,63,True
56,78,753,825,72,True
58,71,753,790,37,True
67,80,753,816,63,True
23,74,754,795,41,True
31,71,754,820,66,True
38,56,754,795,41,True
57,76,754,816,62,True
65,69,754,816,62,True
67,81,754,816,62,True
76,66,754,825,71,True
3,72,755,816,61,True
7,78,755,820,65,True
13,73,755,795,40,True
23,75,755,795,40,True
30,78,755,850,95,True
59,70,755,816,61,True
63,64,755,825,70,True
68,88,755,825,70,True
77,65,755,825,70,True
79,79,755,816,61,True
0,81,756,795,39,True
4,82,756,860,104,True
17,60,756,820,64,True
24,79,756,850,94,True
25,73,756,816,60,True
27,68,756,816,60,True
30,79,756,850,94,True
50,71,756,816,60,True
52,94,756,825,69,True
75,67,756,816,60,True
6,81,757,795,38,True
8,78,757,820,63,True
42,72,757,816,59,True
57,77,757,816,59,True
63,65,757,825,68,True
66,73,757,816,59,True
74,74,757,825,68,True
6,82,758,795,37,True
10,75,758,795,37,True
20,69,758,820,62,True
29,83,758,820,62,True
45,73,758,816,58,True
54,73,758,792,34,True
55,78,758,825,67,True
66,74,758,816,58,True
29,84,759,820,61,True
31,72,759,820,61,True
52,95,759,825,66,True
55,79,759,825,66,True
71,71,759,825,66,True
8,79,760,820,60,True
24,80,760,850,90,True
26,68,760,816,56,True
36,74,760,820,60,True
40,77,760,874,114,True
53,74,760,816,56,True
74,75,760,825,65,True
1,74,761,795,34,True
24,81,761,850,89,True
26,69,761,820,59,True
29,85,761,820,59,True
50,72,761,816,55,True
62,81,761,816,55,True
3,73,762,816,54,True
7,79,762,820,58,True
20,70,762,820,58,True
31,73,762,820,58,True
43,77,762,825,63,True
47,74,762,816,54,True
48,69,762,874,112,True
54,74,762,795,33,True
63,66,762,825,63,True
64,64,762,874,112,True
66,75,762,816,54,True
8,80,763,820,57,True
17,61,763,850,87,True
20,71,763,850,87,True
23,76,763,820,57,True
35,64,763,820,57,True
40,78,763,874,111,True
43,78,763,825,62,True
45,74,763,825,62,True
52,96,763,825,62,True
62,82,763,816,53,True
73,87,763,816,53,True
4,83,764,860,96,True
16,83,764,850,86,True
29,86,764,820,56,True
32,62,764,850,86,True
33,88,764,820,56,True
51,79,764,816,52,True
69,61,764,825,61,True
71,72,764,825,61,True
3,74,765,816,51,True
34,83,765,820,55,True
38,57,765,820,55,True
42,73,765,816,51,True
58,72,765,816,51,True
3,75,766,816,50,True
7,80,766,820,54,True
9,51,766,820,54,True
45,75,766,825,59,True
61,76,766,816,50,True
73,88,766,816,50,True
2,61,767,820,53,True
10,76,767,820,53,True
18,74,767,795,28,True
47,75,767,816,49,True
55,80,767,825,58,True
56,79,767,825,58,True
75,68,767,825,58,True
3,76,768,816,48,True
9,52,768,850,82,True
28,79,768,850,82,True
38,58,768,820,52,True
44,77,768,816,48,True
51,80,768,874,106,True
54,75,768,795,27,True
68,89,768,850,82,True
74,76,768,825,57,True
7,81,769,820,51,True
9,53,769,850,81,True
15,83,769,850,81,True
33,89,769,820,51,True
49,60,769,825,56,True
51,81,769,874,105,True
53,75,769,825,56,True
68,90,769,850,81,True
8,81,770,850,80,True
10,77,770,820,50,True
14,82,770,820,50,True
19,68,770,816,46,True
31,74,770,820,50,True
4,84,771,860,89,True
5,79,771,820,49,True
9,54,771,850,79,True
17,62,771,850,79,True
32,63,771,850,79,True
37,71,771,820,49,True
50,73,771,816,45,True
56,80,771,825,54,True
75,69,771,825,54,True
76,67,771,825,54,True
18,75,772,795,23,True
23,77,772,850,78,True
38,59,772,850,78,True
42,74,772,816,44,True
16,84,773,850,77,True
17,63,773,850,77,True
32,64,773,850,77,True
37,72,773,820,47,True
49,61,773,874,101,True
60,63,773,850,77,True
2,62,774,850,76,True
15,84,774,850,76,True
23,78,774,850,76,True
40,79,774,874,100,True
45,76,774,874,100,True
46,68,774,816,42,True
51,82,774,874,100,True
71,73,774,825,51,True
73,89,774,874,100,True
15,85,775,850,75,True
36,75,775,850,75,True
54,76,775,825,50,True
79,80,775,825,50,True
8,82,776,850,74,True
14,83,776,820,44,True
23,79,776,850,74,True
25,74,776,850,74,True
35,65,776,850,74,True
36,76,776,850,74,True
37,73,776,820,44,True
44,78,776,816,40,True
47,76,776,816,40,True
50,74,776,816,40,True
52,97,776,825,49,True
65,70,776,874,98,True
69,62,776,850,74,True
71,74,776,850,74,True
75,70,776,825,49,True
7,82,777,820,43,True
11,70,777,850,73,True
13,74,777,850,73,True
22,73,777,860,83,True
27,69,777,850,73,True
35,66,777,850,73,True
36,77,777,850,73,True
37,74,777,820,43,True
59,71,777,825,48,True
63,67,777,874,97,True
65,71,777,874,97,True
7,83,778,820,42,True
13,75,778,850,72,True
21,87,778,850,72,True
22,74,778,860,82,True
29,87,778,850,72,True
31,75,778,850,72,True
43,79,778,874,96,True
47,77,778,816,38,True
66,76,778,874,96,True
68,91,778,874,96,True
70,81,778,816,38,True
3,77,779,820,41,True
7,84,779,850,71,True
12,80,779,820,41,True
14,84,779,820,41,True
16,85,779,860,81,True
19,69,779,820,41,True
67,82,779,874,95,True
77,66,779,850,71,True
79,81,779,825,46,True
3,78,780,850,70,True
11,71,780,850,70,True
27,70,780,850,70,True
46,69,780,825,45,True
58,73,780,816,36,True
60,64,780,850,70,True
78,73,780,874,94,True
5,80,781,820,39,True
18,76,781,820,39,True
23,80,781,850,69,True
31,76,781,850,69,True
34,84,781,850,69,True
42,75,781,825,44,True
47,78,781,816,35,True
76,68,781,874,93,True
16,86,782,860,78,True
32,65,782,850,68,True
44,79,782,825,43,True
46,70,782,825,43,True
48,70,782,874,92,True
65,72,782,874,92,True
3,79,783,850,67,True
18,77,783,820,37,True
27,71,783,850,67,True
32,66,783,850,67,True
68,92,783,874,91,True
77,67,783,850,67,True
3,80,784,850,66,True
4,85,784,860,76,True
7,85,784,850,66,True
24,82,784,850,66,True
52,98,784,874,90,True
65,73,784,874,90,True
66,77,784,874,90,True
72,86,784,874,90,True
73,90,784,874,90,True
29,88,785,850,65,True
43,80,785,874,89,True
66,78,785,874,89,True
69,63,785,874,89,True
14,85,786,850,64,True
28,80,786,850,64,True
39,91,786,860,74,True
43,81,786,874,88,True
47,79,786,825,39,True
54,77,786,825,39,True
60,65,786,850,64,True
74,77,786,874,88,True
76,69,786,874,88,True
7,86,787,850,63,True
16,87,787,860,73,True
21,88,787,850,63,True
26,70,787,850,63,True
37,75,787,850,63,True
40,80,787,874,87,True
56,81,787,887,100,True
2,63,788,850,62,True
14,86,788,850,62,True
18,78,788,825,37,True
36,78,788,850,62,True
42,76,788,825,37,True
72,87,788,874,86,True
4,86,789,860,71,True
12,81,789,850,61,True
40,81,789,874,85,True
52,99,789,874,85,True
67,83,789,874,85,True
78,74,789,874,85,True
79,82,789,850,61,True
23,81,790,850,60,True
50,75,790,874,84,True
71,75,790,874,84,True
74,78,790,874,84,True
3,81,791,850,59,True
22,75,791,860,69,True
30,80,791,860,69,True
32,67,791,860,69,True
41,75,791,874,83,True
47,80,791,825,34,True
65,74,791,874,83,True
72,88,791,874,83,True
0,82,792,850,58,True
3,82,792,850,58,True
12,82,792,850,58,True
34,85,792,850,58,True
41,76,792,874,82,True
48,71,792,874,82,True
62,83,792,850,58,True
78,75,792,874,82,True
3,83,793,850,57,True
29,89,793,872,79,True
34,86,793,850,57,True
48,72,793,874,81,True
55,81,793,874,81,True
60,66,793,887,94,True
61,77,793,874,81,True
65,75,793,874,81,True
68,93,793,875,82,True
70,82,793,874,81,True
79,83,793,850,57,True
0,83,794,850,56,True
14,87,794,850,56,True
25,75,794,860,66,True
37,76,794,850,56,True
40,82,794,874,80,True
1,75,795,850,55,True
5,81,795,850,55,True
17,64,795,850,55,True
21,89,795,850,55,True
40,83,795,874,79,True
42,77,795,874,79,True
56,82,795,887,92,True
61,78,795,874,79,True
13,76,796,850,54,True
20,72,796,860,64,True
36,79,796,850,54,True
44,80,796,887,91,True
50,76,796,874,78,True
51,83,796,887,91,True
60,67,796,887,91,True
64,65,796,874,78,True
79,84,796,850,54,True
10,78,797,850,53,True
11,72,797,850,53,True
18,79,797,825,28,True
19,70,797,850,53,True
54,78,797,874,77,True
69,64,797,874,77,True
75,71,797,874,77,True
11,73,798,850,52,True
22,76,798,860,62,True
23,82,798,860,62,True
33,90,798,850,52,True
45,77,798,874,76,True
69,65,798,874,76,True
8,83,799,872,73,True
9,55,799,860,61,True
32,68,799,860,61,True
38,60,799,850,51,True
46,71,799,874,75,True
49,62,799,874,75,True
51,84,799,887,88,True
52,100,799,874,75,True
70,83,799,874,75,True
75,72,799,874,75,True
78,76,799,887,88,True
2,64,800,850,50,True
3,84,800,860,60,True
21,90,800,872,72,True
38,61,800,850,50,True
54,79,800,874,74,True
69,66,800,887,87,True
16,88,801,860,59,True
19,71,801,850,49,True
24,83,801,860,59,True
29,90,801,872,71,True
31,77,801,872,71,True
38,62,801,860,59,True
50,77,801,874,73,True
52,101,801,874,73,True
67,84,801,874,73,True
70,84,801,874,73,True
75,73,801,874,73,True
79,85,801,850,49,True
12,83,802,850,48,True
14,88,802,850,48,True
28,81,802,872,70,True
37,77,802,888,86,True
46,72,802,874,72,True
67,85,802,874,72,True
76,70,802,874,72,True
78,77,802,887,85,True
15,86,803,888,85,True
20,73,803,860,57,True
21,91,803,872,69,True
45,78,803,874,71,True
54,80,803,874,71,True
79,86,803,887,84,True
5,82,804,850,46,True
33,91,804,850,46,True
34,87,804,888,84,True
49,63,804,887,83,True
52,102,804,875,71,True
56,83,804,887,83,True
61,79,804,874,70,True
69,67,804,887,83,True
2,65,805,850,45,True
6,83,805,860,55,True
21,92,805,872,67,True
31,78,805,872,67,True
39,92,805,860,55,True
40,84,805,874,69,True
53,76,805,874,69,True
61,80,805,874,69,True
62,84,805,874,69,True
65,76,805,874,69,True
70,85,805,875,70,True
3,85,806,872,66,True
10,79,806,850,44,True
18,80,806,874,68,True
22,77,806,872,66,True
34,88,806,888,82,True
50,78,806,874,68,True
57,78,806,874,68,True
65,77,806,874,68,True
66,79,806,874,68,True
1,76,807,888,81,True
3,86,807,872,65,True
25,76,807,860,53,True
28,82,807,872,65,True
44,81,807,887,80,True
59,72,807,874,67,True
66,80,807,874,67,True
73,91,807,874,67,True
0,84,808,860,52,True
9,56,808,920,112,True
24,84,808,872,64,True
27,72,808,872,64,True
32,69,808,920,112,True
60,68,808,887,79,True
61,81,808,874,66,True
72,89,808,875,67,True
77,68,808,887,79,True
4,87,809,860,51,True
28,83,809,872,63,True
59,73,809,874,65,True
63,68,809,887,78,True
10,80,810,860,50,True
21,93,810,920,110,True
22,78,810,872,62,True
35,67,810,920,110,True
48,73,810,887,77,True
57,79,810,874,64,True
79,87,810,887,77,True
0,85,811,860,49,True
2,66,811,872,61,True
4,88,811,872,61,True
11,74,811,920,109,True
32,70,811,920,109,True
42,78,811,874,63,True
63,69,811,887,76,True
66,81,811,874,63,True
79,88,811,887,76,True
1,77,812,888,76,True
13,77,812,888,76,True
15,87,812,888,76,True
18,81,812,874,62,True
19,72,812,860,48,True
27,73,812,872,60,True
33,92,812,860,48,True
38,63,812,860,48,True
42,79,812,874,62,True
52,103,812,887,75,True
55,82,812,887,75,True
56,84,812,887,75,True
77,69,812,887,75,True
3,87,813,872,59,True
37,78,813,888,75,True
64,66,813,874,61,True
74,79,813,887,74,True
2,67,814,920,106,True
7,87,814,920,106,True
8,84,814,920,106,True
22,79,814,872,58,True
28,84,814,920,106,True
33,93,814,874,60,True
36,80,814,920,106,True
52,104,814,887,73,True
58,74,814,880,66,True
69,68,814,887,73,True
77,70,814,887,73,True
0,86,815,860,45,True
6,84,815,860,45,True
8,85,815,920,105,True
14,89,815,920,105,True
23,83,815,872,57,True
31,79,815,920,105,True
33,94,815,874,59,True
37,79,815,888,73,True
38,64,815,860,45,True
41,77,815,887,72,True
50,79,815,874,59,True
56,85,815,887,72,True
63,70,815,887,72,True
65,78,815,887,72,True
72,90,815,887,72,True
73,92,815,874,59,True
77,71,815,887,72,True
5,83,816,920,104,True
6,85,816,872,56,True
21,94,816,920,104,True
32,71,816,920,104,True
41,78,816,887,71,True
63,71,816,887,71,True
66,82,816,874,58,True
69,69,816,887,71,True
78,78,816,887,71,True
19,73,817,860,43,True
26,71,817,920,103,True
51,85,817,887,70,True
65,79,817,887,70,True
68,94,817,887,70,True
6,86,818,872,54,True
9,57,818,920,102,True
13,78,818,888,70,True
23,84,818,872,54,True
63,72,818,920,102,True
67,86,818,887,69,True
75,74,818,887,69,True
3,88,819,872,53,True
18,82,819,874,55,True
29,91,819,920,101,True
47,81,819,875,56,True
58,75,819,880,61,True
66,83,819,887,68,True
68,95,819,887,68,True
26,72,820,920,100,True
31,80,820,920,100,True
32,72,820,920,100,True
39,93,820,872,52,True
62,85,820,887,67,True
64,67,820,887,67,True
69,70,820,920,100,True
73,93,820,887,67,True
8,86,821,920,99,True
38,65,821,872,51,True
55,83,821,887,66,True
56,86,821,920,99,True
62,86,821,887,66,True
69,71,821,920,99,True
11,75,822,920,98,True
21,95,822,920,98,True
22,80,822,920,98,True
29,92,822,920,98,True
78,79,822,887,65,True
79,89,822,887,65,True
4,89,823,920,97,True
10,81,823,874,51,True
21,96,823,920,97,True
33,95,823,874,51,True
47,82,823,875,52,True
50,80,823,887,64,True
61,82,823,887,64,True
65,80,823,887,64,True
72,91,823,920,97,True
79,90,823,887,64,True
5,84,824,920,96,True
26,73,824,920,96,True
43,82,824,920,96,True
52,105,824,887,63,True
60,69,824,887,63,True
2,68,825,920,95,True
29,93,825,920,95,True
52,106,825,920,95,True
54,81,825,887,62,True
60,70,825,887,62,True
65,81,825,887,62,True
16,89,826,920,94,True
18,83,826,875,49,True
21,97,826,920,94,True
23,85,826,872,46,True
33,96,826,874,48,True
35,68,826,920,94,True
39,94,826,872,46,True
45,79,826,920,94,True
51,86,826,887,61,True
57,80,826,887,61,True
59,74,826,887,61,True
78,80,826,887,61,True
9,58,827,920,93,True
22,81,827,920,93,True
26,74,827,920,93,True
31,81,827,920,93,True
42,80,827,887,60,True
47,83,827,875,48,True
54,82,827,887,60,True
58,76,827,880,53,True
68,96,827,920,93,True
2,69,828,920,92,True
3,89,828,874,46,True
12,84,828,874,46,True
16,90,828,920,92,True
20,74,828,920,92,True
23,86,828,872,44,True
28,85,828,920,92,True
30,81,828,920,92,True
52,107,828,920,92,True
61,83,828,887,59,True
66,84,828,920,92,True
3,90,829,874,45,True
18,84,829,875,46,True
22,82,829,920,91,True
25,77,829,920,91,True
36,81,829,920,91,True
37,80,829,888,59,True
46,73,829,887,58,True
63,73,829,920,91,True
78,81,829,920,91,True
27,74,830,880,50,True
35,69,830,920,90,True
37,81,830,888,58,True
58,77,830,880,50,True
62,87,830,887,57,True
79,91,830,887,57,True
41,79,831,920,89,True
64,68,831,887,56,True
73,94,831,920,89,True
75,75,831,887,56,True
1,78,832,888,56,True
12,85,832,874,42,True
15,88,832,888,56,True
22,83,832,920,88,True
39,95,832,920,88,True
41,80,832,920,88,True
42,81,832,887,55,True
47,84,832,887,55,True
53,77,832,887,55,True
58,78,832,887,55,True
71,76,832,920,88,True
73,95,832,920,88,True
14,90,833,920,87,True
41,81,833,920,87,True
57,81,833,887,54,True
8,87,834,920,86,True
20,75,834,920,86,True
24,85,834,920,86,True
30,82,834,920,86,True
47,85,834,887,53,True
70,86,834,887,53,True
16,91,835,920,85,True
20,76,835,920,85,True
21,98,835,920,85,True
22,84,835,920,85,True
53,78,835,920,85,True
62,88,835,887,52,True
69,72,835,920,85,True
70,87,835,887,52,True
5,85,836,920,84,True
10,82,836,888,52,True
24,86,836,920,84,True
28,86,836,920,84,True
62,89,836,887,51,True
63,74,836,920,84,True
68,97,836,920,84,True
5,86,837,920,83,True
7,88,837,920,83,True
24,87,837,920,83,True
29,94,837,920,83,True
50,81,837,888,51,True
56,87,837,920,83,True
57,82,837,887,50,True
5,87,838,920,82,True
15,89,838,888,50,True
39,96,838,920,82,True
42,82,838,888,50,True
56,88,838,920,82,True
74,80,838,920,82,True
79,92,838,887,49,True
6,87,839,896,57,True
24,88,839,920,81,True
26,75,839,920,81,True
56,89,839,920,81,True
1,79,840,888,48,True
9,59,840,920,80,True
11,76,840,920,80,True
42,83,840,888,48,True
55,84,840,920,80,True
68,98,840,920,80,True
3,91,841,896,55,True
6,88,841,896,55,True
7,89,841,920,79,True
9,60,841,920,79,True
33,97,841,888,47,True
52,108,841,920,79,True
15,90,842,888,46,True
51,87,842,920,78,True
62,90,842,920,78,True
63,75,842,920,78,True
77,72,842,920,78,True
78,82,842,920,78,True
79,93,842,920,78,True
9,61,843,920,77,True
30,83,843,961,118,True
50,82,843,916,73,True
7,90,844,920,76,True
9,62,844,920,76,True
17,65,844,920,76,True
22,85,844,920,76,True
31,82,844,920,76,True
35,70,844,920,76,True
36,82,844,920,76,True
49,64,844,920,76,True
52,109,844,920,76,True
53,79,844,920,76,True
66,85,844,920,76,True
67,87,844,920,76,True
79,94,844,920,76,True
13,79,845,920,75,True
22,86,845,920,75,True
34,89,845,888,43,True
35,71,845,920,75,True
36,83,845,920,75,True
39,97,845,920,75,True
43,83,845,950,105,True
48,74,845,920,75,True
51,88,845,920,75,True
54,83,845,888,43,True
60,71,845,950,105,True
62,91,845,920,75,True
70,88,845,888,43,True
77,73,845,920,75,True
6,89,846,896,50,True
7,91,846,920,74,True
14,91,846,920,74,True
15,91,846,888,42,True
27,75,846,896,50,True
48,75,846,920,74,True
58,79,846,950,104,True
70,89,846,888,42,True
72,92,846,920,74,True
79,95,846,920,74,True
3,92,847,896,49,True
8,88,847,920,73,True
9,63,847,920,73,True
21,99,847,920,73,True
31,83,847,920,73,True
49,65,847,920,73,True
55,85,847,920,73,True
71,77,847,920,73,True
78,83,847,920,73,True
2,70,848,920,72,True
4,90,848,920,72,True
19,74,848,920,72,True
40,85,848,920,72,True
47,86,848,888,40,True
49,66,848,920,72,True
50,83,848,916,68,True
64,69,848,920,72,True
68,99,848,920,72,True
77,74,848,920,72,True
4,91,849,920,71,True
15,92,849,888,39,True
44,82,849,950,101,True
54,84,849,916,67,True
61,84,849,920,71,True
70,90,849,920,71,True
71,78,849,920,71,True
77,75,849,950,101,True
2,71,850,920,70,True
18,85,850,888,38,True
21,100,850,920,70,True
23,87,850,920,70,True
33,98,850,920,70,True
44,83,850,950,100,True
48,76,850,920,70,True
49,67,850,920,70,True
54,85,850,916,66,True
76,71,850,920,70,True
0,87,851,920,69,True
2,72,851,920,69,True
14,92,851,920,69,True
15,93,851,888,37,True
19,75,851,920,69,True
28,87,851,920,69,True
53,80,851,920,69,True
59,75,851,920,69,True
66,86,851,920,69,True
15,94,852,920,68,True
16,92,852,920,68,True
17,66,852,920,68,True
51,89,852,920,68,True
56,90,852,950,98,True
59,76,852,920,68,True
65,82,852,920,68,True
1,80,853,920,67,True
21,101,853,920,67,True
26,76,853,920,67,True
37,82,853,920,67,True
64,70,853,920,67,True
73,96,853,920,67,True
76,72,853,920,67,True
9,64,854,920,66,True
12,86,854,888,34,True
15,95,854,920,66,True
39,98,854,961,107,True
42,84,854,916,62,True
65,83,854,920,66,True
66,87,854,920,66,True
74,81,854,920,66,True
2,73,855,961,106,True
11,77,855,920,65,True
14,93,855,920,65,True
16,93,855,920,65,True
45,80,855,920,65,True
54,86,855,916,61,True
70,91,855,920,65,True
75,76,855,950,95,True
0,88,856,920,64,True
5,88,856,920,64,True
19,76,856,920,64,True
22,87,856,961,105,True
30,84,856,961,105,True
37,83,856,920,64,True
45,81,856,920,64,True
79,96,856,920,64,True
3,93,857,920,63,True
11,78,857,920,63,True
12,87,857,920,63,True
29,95,857,920,63,True
30,85,857,961,104,True
45,82,857,920,63,True
47,87,857,916,59,True
64,71,857,920,63,True
70,92,857,920,63,True
12,88,858,920,62,True
13,80,858,920,62,True
18,86,858,920,62,True
20,77,858,920,62,True
25,78,858,920,62,True
35,72,858,920,62,True
56,91,858,950,92,True
2,74,859,961,102,True
13,81,859,920,61,True
17,67,859,920,61,True
21,102,859,920,61,True
39,99,859,961,102,True
53,81,859,920,61,True
63,76,859,950,91,True
3,94,860,920,60,True
4,92,860,920,60,True
9,65,860,920,60,True
12,89,860,920,60,True
23,88,860,920,60,True
42,85,860,916,56,True
53,82,860,920,60,True
56,92,860,950,90,True
60,72,860,950,90,True
65,84,860,950,90,True
68,100,860,950,90,True
72,93,860,950,90,True
13,82,861,920,59,True
16,94,861,920,59,True
25,79,861,920,59,True
32,73,861,920,59,True
40,86,861,920,59,True
43,84,861,950,89,True
45,83,861,920,59,True
51,90,861,950,89,True
54,87,861,916,55,True
59,77,861,920,59,True
63,77,861,950,89,True
22,88,862,961,99,True
24,89,862,920,58,True
42,86,862,920,58,True
43,85,862,950,88,True
61,85,862,920,58,True
64,72,862,920,58,True
67,88,862,950,88,True
77,76,862,950,88,True
17,68,863,920,57,True
20,78,863,961,98,True
29,96,863,961,98,True
34,90,863,920,57,True
35,73,863,920,57,True
61,86,863,920,57,True
64,73,863,920,57,True
1,81,864,920,56,True
7,92,864,920,56,True
30,86,864,961,97,True
48,77,864,950,86,True
66,88,864,950,86,True
77,77,864,950,86,True
1,82,865,920,55,True
4,93,865,920,55,True
9,66,865,920,55,True
18,87,865,920,55,True
19,77,865,920,55,True
24,90,865,920,55,True
36,84,865,920,55,True
53,83,865,920,55,True
59,78,865,920,55,True
61,87,865,920,55,True
72,94,865,950,85,True
75,77,865,950,85,True
78,84,865,950,85,True
9,67,866,920,54,True
25,80,866,920,54,True
37,84,866,920,54,True
39,100,866,961,95,True
57,83,866,920,54,True
62,92,866,950,84,True
63,78,866,950,84,True
74,82,866,950,84,True
75,78,866,950,84,True
77,78,866,950,84,True
7,93,867,920,53,True
20,79,867,961,94,True
22,89,867,961,94,True
23,89,867,920,53,True
34,91,867,920,53,True
43,86,867,950,83,True
50,84,867,920,53,True
59,79,867,920,53,True
60,73,867,950,83,True
61,88,867,920,53,True
67,89,867,950,83,True
70,93,867,920,53,True
73,97,867,950,83,True
3,95,868,920,52,True
28,88,868,961,93,True
51,91,868,950,82,True
53,84,868,920,52,True
54,88,868,920,52,True
64,74,868,920,52,True
74,83,868,950,82,True
77,79,868,950,82,True
15,96,869,920,51,True
23,90,869,920,51,True
36,85,869,961,92,True
45,84,869,950,81,True
63,79,869,950,81,True
71,79,869,950,81,True
75,79,869,950,81,True
1,83,870,920,50,True
7,94,870,920,50,True
8,89,870,920,50,True
16,95,870,961,91,True
19,78,870,920,50,True
29,97,870,961,91,True
51,92,870,950,80,True
76,73,870,950,80,True
9,68,871,961,90,True
12,90,871,920,49,True
18,88,871,920,49,True
29,98,871,961,90,True
47,88,871,920,49,True
53,85,871,920,49,True
1,84,872,920,48,True
11,79,872,961,89,True
28,89,872,961,89,True
31,84,872,961,89,True
33,99,872,920,48,True
37,85,872,920,48,True
38,66,872,961,89,True
48,78,872,950,78,True
60,74,872,950,78,True
8,90,873,961,88,True
12,91,873,920,47,True
21,103,873,961,88,True
33,100,873,920,47,True
35,74,873,920,47,True
63,80,873,950,77,True
33,101,874,920,46,True
45,85,874,950,76,True
60,75,874,950,76,True
69,73,874,950,76,True
73,98,874,950,76,True
76,74,874,950,76,True
13,83,875,961,86,True
26,77,875,961,86,True
61,89,875,920,45,True
1,85,876,920,44,True
3,96,876,923,47,True
8,91,876,961,85,True
12,92,876,920,44,True
14,94,876,920,44,True
20,80,876,961,85,True
21,104,876,961,85,True
22,90,876,961,85,True
36,86,876,961,85,True
41,82,876,950,74,True
43,87,876,950,74,True
76,75,876,950,74,True
20,81,877,961,84,True
22,91,877,961,84,True
36,87,877,961,84,True
50,85,877,920,43,True
0,89,878,961,83,True
14,95,878,961,83,True
23,91,878,961,83,True
25,81,878,961,83,True
35,75,878,961,83,True
1,86,879,920,41,True
5,89,879,920,41,True
24,91,879,961,82,True
31,85,879,961,82,True
42,87,879,920,41,True
43,88,879,950,71,True
49,68,879,950,71,True
79,97,879,950,71,True
1,87,880,961,81,True
14,96,880,961,81,True
16,96,880,961,81,True
34,92,880,961,81,True
48,79,880,950,70,True
65,85,880,950,70,True
79,98,880,950,70,True
8,92,881,961,80,True
12,93,881,920,39,True
16,97,881,961,80,True
17,69,881,961,80,True
18,89,881,920,39,True
41,83,881,950,69,True
51,93,881,950,69,True
66,89,881,950,69,True
72,95,881,950,69,True
3,97,882,923,41,True
10,83,882,920,38,True
13,84,882,961,79,True
30,87,882,961,79,True
54,89,882,920,38,True
56,93,882,950,68,True
71,80,882,950,68,True
2,75,883,961,78,True
10,84,883,961,78,True
11,80,883,961,78,True
14,97,883,961,78,True
29,99,883,961,78,True
35,76,883,961,78,True
76,76,883,950,67,True
2,76,884,961,77,True
11,81,884,961,77,True
12,94,884,920,36,True
22,92,884,961,77,True
23,92,884,961,77,True
32,74,884,961,77,True
36,88,884,961,77,True
77,80,884,950,66,True
7,95,885,984,99,True
9,69,885,961,76,True
17,70,885,961,76,True
23,93,885,961,76,True
24,92,885,961,76,True
47,89,885,950,65,True
56,94,885,950,65,True
57,84,885,950,65,True
70,94,885,950,65,True
10,85,886,961,75,True
11,82,886,961,75,True
19,79,886,961,75,True
42,88,886,920,34,True
43,89,886,950,64,True
48,80,886,950,64,True
59,80,886,950,64,True
1,88,887,961,74,True
9,70,887,961,74,True
39,101,887,961,74,True
56,95,887,950,63,True
10,86,888,961,73,True
18,90,888,920,32,True
29,100,888,961,73,True
39,102,888,961,73,True
45,86,888,950,62,True
58,80,888,950,62,True
7,96,889,984,95,True
63,81,889,950,61,True
65,86,889,950,61,True
67,90,889,,,False
68,101,889,950,61,True
73,99,889,950,61,True
79,99,889,950,61,True
5,90,890,961,71,True
7,97,890,984,94,True
15,97,890,961,71,True
20,82,890,961,71,True
23,94,890,961,71,True
28,90,890,984,94,True
45,87,890,950,60,True
54,90,890,950,60,True
56,96,890,950,60,True
57,85,890,950,60,True
75,80,890,950,60,True
76,77,890,950,60,True
79,100,890,950,60,True
11,83,891,961,70,True
19,80,891,961,70,True
22,93,891,961,70,True
27,76,891,950,59,True
46,74,891,950,59,True
52,110,891,950,59,True
7,98,892,984,92,True
12,95,892,961,69,True
15,98,892,961,69,True
28,91,892,984,92,True
30,88,892,961,69,True
34,93,892,961,69,True
37,86,892,961,69,True
53,86,892,950,58,True
69,74,892,950,58,True
3,98,893,961,68,True
9,71,893,961,68,True
10,87,893,961,68,True
16,98,893,961,68,True
28,92,893,984,91,True
31,86,893,961,68,True
65,87,893,950,57,True
3,99,894,961,67,True
13,85,894,961,67,True
14,98,894,961,67,True
15,99,894,961,67,True
35,77,894,961,67,True
42,89,894,950,56,True
56,97,894,950,56,True
64,75,894,950,56,True
65,88,894,950,56,True
77,81,894,950,56,True
0,90,895,961,66,True
3,100,895,961,66,True
5,91,895,961,66,True
6,90,895,961,66,True
12,96,895,961,66,True
15,100,895,961,66,True
21,105,895,961,66,True
26,78,895,961,66,True
38,67,895,961,66,True
70,95,895,950,55,True
20,83,896,961,65,True
41,84,896,950,54,True
44,84,896,950,54,True
45,88,896,950,54,True
49,69,896,950,54,True
73,100,896,950,54,True
77,82,896,950,54,True
79,101,896,950,54,True
1,89,897,961,64,True
2,77,897,961,64,True
48,81,897,950,53,True
64,76,897,950,53,True
6,91,898,961,63,True
11,84,898,,,False
20,84,898,961,63,True
24,93,898,961,63,True
58,81,898,959,61,True
72,96,898,,,False
74,84,898,,,False
77,83,898,950,52,True
2,78,899,961,62,True
5,92,899,961,62,True
20,85,899,961,62,True
27,77,899,959,60,True
45,89,899,950,51,True
52,111,899,950,51,True
57,86,899,950,51,True
70,96,899,950,51,True
71,81,899,950,51,True
74,85,899,,,False
77,84,899,950,51,True
29,101,900,984,84,True
33,102,900,961,61,True
35,78,900,984,84,True
51,94,900,950,50,True
56,98,900,950,50,True
63,82,900,950,50,True
65,89,900,950,50,True
68,102,900,950,50,True
70,97,900,950,50,True
18,91,901,961,60,True
25,82,901,961,60,True
40,87,901,950,49,True
68,103,901,950,49,True
69,75,901,950,49,True
6,92,902,961,59,True
22,94,902,984,82,True
23,95,902,984,82,True
24,94,902,961,59,True
30,89,902,984,82,True
32,75,902,961,59,True
34,94,902,961,59,True
46,75,902,950,48,True
48,82,902,950,48,True
56,99,902,950,48,True
75,81,902,950,48,True
1,90,903,961,58,True
9,72,903,961,58,True
11,85,903,,,False
14,99,903,984,81,True
20,86,903,961,58,True
26,79,903,984,81,True
28,93,903,984,81,True
29,102,903,984,81,True
33,103,903,961,58,True
40,88,903,950,47,True
45,90,903,950,47,True
46,76,903,950,47,True
54,91,903,950,47,True
4,94,904,961,57,True
16,99,904,961,57,True
19,81,904,961,57,True
21,106,904,,,False
23,96,904,984,80,True
36,89,904,,,False
49,70,904,950,46,True
59,81,904,950,46,True
77,85,904,950,46,True
79,102,904,959,55,True
12,97,905,961,56,True
22,95,905,984,79,True
42,90,905,950,45,True
54,92,905,950,45,True
72,97,905,,,False
74,86,905,,,False
78,85,905,,,False
36,90,906,,,False
41,85,906,,,False
51,95,906,950,44,True
61,90,906,950,44,True
63,83,906,950,44,True
3,101,907,961,54,True
40,89,907,950,43,True
42,91,907,950,43,True
65,90,907,,,False
76,78,907,,,False
11,86,908,,,False
15,101,908,961,53,True
32,76,908,961,53,True
33,104,908,961,53,True
42,92,908,950,42,True
43,90,908,950,42,True
56,100,908,950,42,True
57,87,908,950,42,True
60,76,908,950,42,True
66,90,908,950,42,True
69,76,908,,,False
70,98,908,950,42,True
75,82,908,950,42,True
76,79,908,,,False
79,103,908,959,51,True
10,88,909,961,52,True
11,87,909,,,False
24,95,909,961,52,True
36,91,909,,,False
40,90,909,950,41,True
68,104,909,,,False
72,98,909,,,False
4,95,910,984,74,True
6,93,910,961,51,True
25,83,910,961,51,True
36,92,910,,,False
37,87,910,961,51,True
41,86,910,,,False
53,87,910,950,40,True
58,82,910,959,49,True
61,91,910,,,False
68,105,910,,,False
8,93,911,,,False
26,80,911,984,73,True
27,78,911,963,52,True
31,87,911,984,73,True
33,105,911,961,50,True
38,68,911,961,50,True
43,91,911,950,39,True
50,86,911,950,39,True
51,96,911,950,39,True
54,93,911,950,39,True
59,82,911,959,48,True
75,83,911,950,39,True
24,96,912,984,72,True
33,106,912,961,49,True
42,93,912,950,38,True
43,92,912,950,38,True
46,77,912,950,38,True
50,87,912,950,38,True
76,80,912,,,False
0,91,913,961,48,True
25,84,913,961,48,True
28,94,913,,,False
31,88,913,,,False
42,94,913,950,37,True
44,85,913,,,False
50,88,913,950,37,True
73,101,913,950,37,True
76,81,913,,,False
15,102,914,961,47,True
18,92,914,961,47,True
29,103,914,984,70,True
32,77,914,984,70,True
48,83,914,,,False
50,89,914,950,36,True
53,88,914,950,36,True
60,77,914,,,False
63,84,914,,,False
64,77,914,,,False
71,82,914,,,False
72,99,914,,,False
9,73,915,984,69,True
19,82,915,961,46,True
27,79,915,963,48,True
29,104,915,984,69,True
52,112,915,,,False
79,104,915,959,44,True
6,94,916,961,45,True
14,100,916,,,False
15,103,916,961,45,True
79,105,916,959,43,True
50,90,917,950,33,True
74,87,917,,,False
7,99,918,984,66,True
15,104,918,961,43,True
19,83,918,961,43,True
20,87,918,984,66,True
61,92,918,,,False
66,91,918,,,False
69,77,918,,,False
73,102,918,,,False
6,95,919,961,42,True
29,105,919,984,65,True
33,107,919,961,42,True
68,106,919,,,False
69,78,919,,,False
76,82,919,,,False
79,106,919,,,False
19,84,920,961,41,True
29,106,920,984,64,True
30,90,920,984,64,True
36,93,920,,,False
37,88,920,984,64,True
38,69,920,984,64,True
41,87,920,,,False
61,93,920,,,False
74,88,920,,,False
78,86,920,,,False
29,107,921,984,63,True
51,97,921,,,False
52,113,921,,,False
58,83,921,959,38,True
6,96,922,963,41,True
16,100,922,984,62,True
20,88,922,984,62,True
34,95,922,984,62,True
60,78,922,,,False
63,85,922,,,False
6,97,923,963,40,True
8,94,923,,,False
17,71,923,,,False
26,81,923,984,61,True
63,86,923,,,False
64,78,923,,,False
76,83,923,,,False
4,96,924,984,60,True
7,100,924,984,60,True
10,89,924,984,60,True
11,88,924,,,False
14,101,924,,,False
39,103,924,984,60,True
50,91,924,,,False
63,87,924,,,False
5,93,925,984,59,True
14,102,925,,,False
16,101,925,984,59,True
46,78,925,,,False
48,84,925,,,False
52,114,925,,,False
63,88,925,,,False
66,92,925,,,False
68,107,925,,,False
7,101,926,984,58,True
10,90,926,984,58,True
19,85,926,961,35,True
46,79,926,,,False
49,71,926,,,False
50,92,926,,,False
51,98,926,,,False
67,91,926,,,False
68,108,926,,,False
72,100,926,,,False
6,98,927,963,36,True
26,82,927,,,False
35,79,927,,,False
53,89,927,,,False
55,86,927,,,False
58,84,927,,,False
70,99,927,,,False
73,103,927,,,False
77,86,927,,,False
5,94,928,984,56,True
7,102,928,984,56,True
10,91,928,984,56,True
12,98,928,961,33,True
29,108,928,,,False
33,108,928,984,56,True
35,80,928,,,False
43,93,928,,,False
56,101,928,,,False
65,91,928,,,False
68,109,928,,,False
2,79,929,984,55,True
46,80,929,,,False
48,85,929,,,False
58,85,929,,,False
62,93,929,,,False
78,87,929,,,False
1,91,930,,,False
3,102,930,963,33,True
10,92,930,984,54,True
28,95,930,,,False
29,109,930,,,False
32,78,930,,,False
36,94,930,,,False
44,86,930,,,False
55,87,930,,,False
60,79,930,,,False
13,86,931,984,53,True
23,97,931,984,53,True
79,107,931,,,False
7,103,932,,,False
8,95,932,,,False
12,99,932,961,29,True
17,72,932,,,False
26,83,932,,,False
48,86,932,,,False
50,93,932,,,False
57,88,932,,,False
58,86,932,,,False
61,94,932,,,False
63,89,932,,,False
30,91,933,984,51,True
34,96,933,,,False
36,95,933,,,False
41,88,933,,,False
45,91,933,,,False
52,115,933,,,False
54,94,933,,,False
4,97,934,,,False
7,104,934,,,False
27,80,934,,,False
31,89,934,,,False
39,104,934,984,50,True
66,93,934,,,False
75,84,934,,,False
0,92,935,984,49,True
20,89,935,,,False
27,81,935,,,False
38,70,935,984,49,True
44,87,935,,,False
50,94,935,,,False
59,83,935,,,False
63,90,935,,,False
77,87,935,,,False
9,74,936,984,48,True
12,100,936,984,48,True
18,93,936,972,36,True
29,110,936,,,False
45,92,936,,,False
53,90,936,,,False
54,95,936,,,False
70,100,936,,,False
1,92,937,,,False
2,80,937,,,False
8,96,937,,,False
9,75,937,,,False
15,105,937,,,False
27,82,937,,,False
36,96,937,,,False
42,95,937,,,False
44,88,937,,,False
47,90,937,,,False
10,93,938,984,46,True
18,94,938,,,False
46,81,938,,,False
57,89,938,,,False
59,84,938,,,False
67,92,938,,,False
73,104,938,,,False
76,84,938,,,False
78,88,938,,,False
12,101,939,984,45,True
24,97,939,,,False
26,84,939,,,False
31,90,939,,,False
33,109,939,984,45,True
52,116,939,,,False
79,108,939,,,False
11,89,940,,,False
13,87,940,,,False
20,90,940,,,False
32,79,940,,,False
50,95,940,,,False
51,99,940,,,False
67,93,940,,,False
69,79,940,,,False
0,93,941,984,43,True
10,94,941,984,43,True
13,88,941,,,False
26,85,941,,,False
33,110,941,984,43,True
38,71,941,984,43,True
47,91,941,,,False
56,102,941,,,False
64,79,941,,,False
65,92,941,,,False
10,95,942,984,42,True
11,90,942,,,False
46,82,942,,,False
53,91,942,,,False
54,96,942,,,False
56,103,942,,,False
57,90,942,,,False
70,101,942,,,False
71,83,942,,,False
76,85,942,,,False
77,88,942,,,False
3,103,943,984,41,True
11,91,943,,,False
20,91,943,,,False
21,107,943,,,False
33,111,943,984,41,True
44,89,943,,,False
51,100,943,,,False
60,80,943,,,False
12,102,944,984,40,True
33,112,944,984,40,True
52,117,944,,,False
60,81,944,,,False
61,95,944,,,False
75,85,944,,,False
3,104,945,984,39,True
9,76,945,,,False
17,73,945,,,False
37,89,945,,,False
53,92,945,,,False
68,110,945,,,False
72,101,945,,,False
77,89,945,,,False
6,99,946,,,False
7,105,946,,,False
9,77,946,,,False
11,92,946,,,False
15,106,946,,,False
42,96,946,,,False
49,72,946,,,False
55,88,946,,,False
71,84,946,,,False
79,109,946,,,False
0,94,947,,,False
15,107,947,,,False
58,87,947,,,False
69,80,947,,,False
79,110,947,,,False
4,98,948,,,False
25,85,948,,,False
28,96,948,,,False
29,111,948,,,False
31,91,948,,,False
51,101,948,,,False
52,118,948,,,False
55,89,948,,,False
59,85,948,,,False
66,94,948,,,False
70,102,948,,,False
3,105,949,,,False
9,78,949,,,False
36,97,949,,,False
39,105,949,,,False
43,94,949,,,False
53,93,949,,,False
74,89,949,,,False
7,106,950,,,False
17,74,950,,,False
21,108,950,,,False
24,98,950,,,False
26,86,950,,,False
29,112,950,,,False
32,80,950,,,False
71,85,950,,,False
72,102,950,,,False
79,111,950,,,False
7,107,951,,,False
18,95,951,,,False
22,96,951,,,False
47,92,951,,,False
55,90,951,,,False
71,86,951,,,False
27,83,952,,,False
38,72,952,,,False
43,95,952,,,False
5,95,953,,,False
28,97,953,,,False
52,119,953,,,False
54,97,953,,,False
61,96,953,,,False
72,103,953,,,False
76,86,953,,,False
2,81,954,,,False
8,97,954,,,False
11,93,954,,,False
22,97,954,,,False
27,84,954,,,False
30,92,954,,,False
72,104,954,,,False
3,106,955,,,False
10,96,955,,,False
15,108,955,,,False
18,96,955,,,False
45,93,955,,,False
48,87,955,,,False
63,91,955,,,False
69,81,955,,,False
71,87,955,,,False
19,86,956,,,False
28,98,956,,,False
30,93,956,,,False
34,97,956,,,False
42,97,956,,,False
53,94,956,,,False
58,88,956,,,False
75,86,956,,,False
0,95,957,,,False
12,103,957,,,False
14,103,957,,,False
20,92,957,,,False
41,89,957,,,False
63,92,957,,,False
74,90,957,,,False
10,97,958,,,False
27,85,958,,,False
33,113,958,,,False
34,98,958,,,False
40,91,958,,,False
46,83,958,,,False
50,96,958,,,False
53,95,958,,,False
65,93,958,,,False
0,96,959,,,False
20,93,959,,,False
25,86,959,,,False
40,92,959,,,False
48,88,959,,,False
49,73,959,,,False
60,82,959,,,False
72,105,959,,,False
9,79,960,,,False
27,86,960,,,False
41,90,960,,,False
43,96,960,,,False
54,98,960,,,False
60,83,960,,,False
77,90,960,,,False
69,82,961,,,False
8,98,962,,,False
16,102,962,,,False
26,87,962,,,False
64,80,962,,,False
67,94,962,,,False
72,106,962,,,False
9,80,963,,,False
29,113,963,,,False
42,98,963,,,False
6,100,964,,,False
15,109,964,,,False
21,109,964,,,False
24,99,964,,,False
25,87,964,,,False
36,98,964,,,False
44,90,964,,,False
46,84,964,,,False
50,97,964,,,False
51,102,964,,,False
59,86,964,,,False
78,89,964,,,False
0,97,965,,,False
12,104,965,,,False
15,110,965,,,False
23,98,965,,,False
43,97,965,,,False
48,89,965,,,False
51,103,965,,,False
53,96,965,,,False
55,91,965,,,False
59,87,965,,,False
60,84,965,,,False
68,111,965,,,False
71,88,965,,,False
28,99,966,,,False
34,99,966,,,False
50,98,966,,,False
73,105,966,,,False
77,91,966,,,False
79,112,966,,,False
15,111,967,,,False
26,88,967,,,False
37,90,967,,,False
68,112,967,,,False
72,107,967,,,False
74,91,967,,,False
2,82,968,,,False
9,81,968,,,False
10,98,968,,,False
13,89,968,,,False
45,94,968,,,False
61,97,968,,,False
67,95,968,,,False
72,108,968,,,False
12,105,969,,,False
22,98,969,,,False
23,99,969,,,False
26,89,969,,,False
29,114,969,,,False
37,91,969,,,False
41,91,969,,,False
43,98,969,,,False
47,93,969,,,False
49,74,969,,,False
54,99,969,,,False
59,88,969,,,False
64,81,969,,,False
0,98,970,,,False
2,83,970,,,False
9,82,970,,,False
24,100,970,,,False
25,88,970,,,False
33,114,970,,,False
50,99,970,,,False
73,106,970,,,False
74,92,970,,,False
13,90,971,,,False
27,87,971,,,False
33,115,971,,,False
41,92,971,,,False
60,85,971,,,False
7,108,972,,,False
19,87,972,,,False
23,100,972,,,False
31,92,972,,,False
45,95,972,,,False
62,94,972,,,False
66,95,972,,,False
77,92,972,,,False
8,99,973,,,False
11,94,973,,,False
24,101,973,,,False
26,90,973,,,False
36,99,973,,,False
45,96,973,,,False
12,106,974,,,False
18,97,974,,,False
34,100,974,,,False
36,100,974,,,False
45,97,974,,,False
48,90,974,,,False
59,89,974,,,False
72,109,974,,,False
23,101,975,,,False
25,89,975,,,False
36,101,975,,,False
55,92,975,,,False
59,90,975,,,False
73,107,975,,,False
26,91,976,,,False
27,88,976,,,False
32,81,976,,,False
59,91,976,,,False
74,93,976,,,False
1,93,977,,,False
3,107,977,,,False
4,99,977,,,False
14,104,977,,,False
21,110,977,,,False
38,73,977,,,False
62,95,977,,,False
0,99,978,,,False
1,94,978,,,False
24,102,978,,,False
26,92,978,,,False
39,106,978,,,False
49,75,978,,,False
56,104,978,,,False
62,96,978,,,False
70,103,978,,,False
73,108,978,,,False
74,94,978,,,False
20,94,979,,,False
28,100,979,,,False
32,82,979,,,False
63,93,979,,,False
72,110,979,,,False
77,93,979,,,False
26,93,980,,,False
33,116,980,,,False
46,85,980,,,False
58,89,980,,,False
3,108,981,,,False
12,107,981,,,False
23,102,981,,,False
24,103,981,,,False
25,90,981,,,False
31,93,981,,,False
32,83,981,,,False
35,81,981,,,False
36,102,981,,,False
51,104,981,,,False
4,100,982,,,False
8,100,982,,,False
16,103,982,,,False
18,98,982,,,False
41,93,982,,,False
48,91,982,,,False
79,113,982,,,False
0,100,983,,,False
5,96,983,,,False
25,91,983,,,False
44,91,983,,,False
45,98,983,,,False
66,96,983,,,False
75,87,983,,,False
6,101,984,,,False
14,105,984,,,False
36,103,984,,,False
37,92,984,,,False
40,93,984,,,False
55,93,984,,,False
61,98,984,,,False
64,82,984,,,False
69,83,984,,,False
2,84,985,,,False
15,112,985,,,False
21,111,985,,,False
39,107,985,,,False
48,92,985,,,False
54,100,985,,,False
71,89,985,,,False
76,87,985,,,False
22,99,986,,,False
25,92,986,,,False
32,84,986,,,False
61,99,986,,,False
66,97,986,,,False
67,96,986,,,False
71,90,986,,,False
6,102,987,,,False
14,106,987,,,False
26,94,987,,,False
40,94,987,,,False
54,101,987,,,False
66,98,987,,,False
68,113,987,,,False
76,88,987,,,False
10,99,988,,,False
17,75,988,,,False
28,101,988,,,False
46,86,988,,,False
60,86,988,,,False
64,83,988,,,False
11,95,989,,,False
17,76,989,,,False
50,100,989,,,False
68,114,989,,,False
0,101,990,,,False
6,103,990,,,False
17,77,990,,,False
23,103,990,,,False
26,95,990,,,False
39,108,990,,,False
45,99,990,,,False
53,97,990,,,False
59,92,990,,,False
5,97,991,,,False
12,108,991,,,False
19,88,991,,,False
24,104,991,,,False
55,94,991,,,False
73,109,991,,,False
8,101,992,,,False
12,109,992,,,False
15,113,992,,,False
26,96,992,,,False
53,98,992,,,False
54,102,992,,,False
62,97,992,,,False
72,111,992,,,False
7,109,993,,,False
28,102,993,,,False
68,115,993,,,False
69,84,993,,,False
78,90,993,,,False
13,91,994,,,False
23,104,994,,,False
24,105,994,,,False
31,94,994,,,False
32,85,994,,,False
36,104,994,,,False
40,95,994,,,False
51,105,994,,,False
55,95,994,,,False
72,112,994,,,False
14,107,995,,,False
17,78,995,,,False
21,112,995,,,False
35,82,995,,,False
37,93,995,,,False
43,99,995,,,False
52,120,995,,,False
61,100,995,,,False
68,116,995,,,False
79,114,995,,,False
12,110,996,,,False
22,100,996,,,False
44,92,996,,,False
75,88,996,,,False
1,95,997,,,False
44,93,997,,,False
67,97,997,,,False
0,102,998,,,False
12,111,998,,,False
16,104,998,,,False
28,103,998,,,False
39,109,998,,,False
54,103,998,,,False
55,96,998,,,False
65,94,998,,,False
2,85,999,,,False
7,110,999,,,False
13,92,999,,,False
19,89,999,,,False
43,100,999,,,False
59,93,999,,,False
62,98,999,,,False
75,89,999,,,False
77,94,999,,,False
