episode,mean_VAoI,avg_tx_ratio,tx_ratio_ema,target_tx_ratio,budget_error,budget_relative_error,budget_error_after_deadzone,mean_action_probability,multiplier_used,multiplier_next,multiplier_at_max,actor_loss,critic_loss,entropy,approx_kl,clip_fraction,mean_vaoi_advantage,std_vaoi_advantage,max_abs_vaoi_advantage,mean_budget_advantage,std_budget_advantage,max_abs_budget_advantage,vaoi_policy_gradient_norm,budget_policy_gradient_norm,budget_to_vaoi_gradient_ratio,n_nodes,update_probability,max_node_activity_ratio,node_cap_violation_fraction,curvature_control_messages,actor_architecture_version,use_stage1_reference,alpha_raw,alpha_kappa,effective_alpha,residual_input_dim,residual_input_feature_names,q_base_mean,q_base_std,q_base_min,q_base_max,residual_delta_mean,residual_delta_std,residual_delta_min,residual_delta_max,q_final_mean,q_final_std,corr_s_kappa_q_base,residual_architecture,node_input_dim,edge_input_dim,message_dim,aggregation,aggregated_message_dim,decoder_input_dim,directed_edge_count,mean_directed_degree,valid_edge_fraction,message_l2_mean,message_l2_std,aggregated_message_l2_mean,aggregated_message_l2_std,action_prob_mean,action_prob_std,action_prob_min,action_prob_p10,action_prob_p50,action_prob_p90,action_prob_max,action_prob_node_std_mean,action_prob_global_std,action_prob_per_node_mean_std
0,7.0722361135482785,0.11662499957252294,0.10831249978626148,0.1,0.008312499786261474,0.08312498955011578,0.08312498955011578,0.11425203830003738,0.0,0.0,False,-7.427978289342718e-06,127.009521484375,0.34851160645484924,9.895509720081463e-06,0.0,1.708984314063855e-07,0.9999995827674866,4.808034896850586,0.0,0.0,0.0,0.000545086688362062,0.0,0.0,100,0.2,0.235,0.16,970,curvature_stage2_mpnn_v1,True,1.2475175857543945,1.5000001192092896,1.5,38,normalized_degree|time_since_last_tx|consecutive_tx_attempts|congestion_ewma|self_information_increment,0.11425203830003738,0.035265110433101654,0.05736881494522095,0.21430417895317078,0.0,0.0,0.0,0.0,0.11425203830003738,0.035265110433101654,0.9853913506278098,mpnn,5,3,16,mean_max,32,38,388000,3880.0,0.9365128874778748,1.103621482849121,0.1728121042251587,1.664001703262329,0.1807926595211029,0.11425203830003738,0.035265110433101654,0.05736881494522095,0.07224552631378195,0.10975059866905212,0.1617414951324463,0.21430417895317078,0.03526511788368225,0.035265110433101654,0.03526517003774643
1,7.6407782707177105,0.1050999998068437,0.10670624979655259,0.1,0.006706249796552585,0.06706249125927673,0.06706249125927673,0.10479971766471863,0.0,0.0,False,-2.770385799522046e-05,144.24127197265625,0.3216414451599121,1.8041815565084107e-05,0.0,-8.544921570319275e-08,0.9999995231628418,5.17714786529541,0.0,0.0,0.0,0.0024120621383190155,0.0,0.0,100,0.2,0.2625,0.17,904,curvature_stage2_mpnn_v1,True,1.2475175857543945,1.5000001192092896,1.5,38,normalized_degree|time_since_last_tx|consecutive_tx_attempts|congestion_ewma|self_information_increment,0.10535085201263428,0.04750553518533707,0.05736881494522095,0.21430417895317078,-0.005902962293475866,0.0019172634929418564,-0.01117612887173891,0.005497484002262354,0.10479971766471863,0.04726561903953552,0.9842799039959053,mpnn,5,3,16,mean_max,32,38,361600,3616.0,0.9389491081237793,1.1183226108551025,0.1610012799501419,1.6917874813079834,0.17163850367069244,0.10479971766471863,0.04726561903953552,0.0568084716796875,0.05710287690162658,0.09193845093250275,0.21295881271362305,0.2152136266231537,0.04726554825901985,0.04726561903953552,0.04726528003811836
2,6.8449118641391395,0.0988999996241182,0.1028031247103354,0.1,0.002803124710335392,0.028031244300229487,0.0,0.1026620864868164,0.0,0.0,False,-3.355712760821916e-05,110.06491088867188,0.3176478445529938,-6.905223563080654e-05,0.0,3.295898522992502e-07,0.9999995231628418,5.582705020904541,0.0,0.0,0.0,0.00215060799382627,0.0,0.0,100,0.2,0.255,0.13,1070,curvature_stage2_mpnn_v1,True,1.2475175857543945,1.5000001192092896,1.5,38,normalized_degree|time_since_last_tx|consecutive_tx_attempts|congestion_ewma|self_information_increment,0.10536124557256699,0.04146726429462433,0.05736881494522095,0.21430417895317078,-0.029530126601457596,0.0025891331024467945,-0.03847555071115494,0.0009880764409899712,0.1026620864868164,0.04058845713734627,0.9836173688181908,mpnn,5,3,16,mean_max,32,38,428000,4280.0,0.9355186820030212,1.1893569231033325,0.16543453931808472,1.7788835763931274,0.18066759407520294,0.1026620864868164,0.04058845713734627,0.05553743243217468,0.060961535573005675,0.09276260435581207,0.15416743159293142,0.21444064378738403,0.040588051080703735,0.04058845713734627,0.040587689727544785
3,7.597991157770156,0.09650000010617077,0.09965156240825308,0.1,-0.00034843759174692235,-0.0034843755690316665,0.0,0.09726203978061676,0.0,0.0,False,9.851074537436944e-06,134.39231872558594,0.30989620089530945,-2.8369761366775492e-06,0.0,-5.126952942191565e-07,0.9999995827674866,5.490797519683838,0.0,0.0,0.0,0.0019670906476676464,0.0,0.0,100,0.2,0.235,0.09,1058,curvature_stage2_mpnn_v1,True,1.2475175857543945,1.5000001192092896,1.5,38,normalized_degree|time_since_last_tx|consecutive_tx_attempts|congestion_ewma|self_information_increment,0.1032114028930664,0.037906575947999954,0.05736881494522095,0.21430417895317078,-0.06706715375185013,0.004579101223498583,-0.0802353024482727,-0.008142995648086071,0.09726203978061676,0.03605778142809868,0.9822045469189904,mpnn,5,3,16,mean_max,32,38,423200,4232.0,0.9326087236404419,1.1747878789901733,0.16493605077266693,1.7670494318008423,0.1737191379070282,0.09726203978061676,0.03605778142809868,0.05348196625709534,0.05389758907258511,0.09121672809123993,0.14746078848838168,0.21293628215789795,0.03605622798204422,0.03605778142809868,0.03605540469288826
4,7.859920462593436,0.1011499997926876,0.10040078110047035,0.1,0.0004007811004703432,0.004007810603922372,0.0,0.10098842531442642,0.0,0.0,False,-2.5640869353082962e-05,138.39627075195312,0.32349419593811035,1.177689409814775e-05,0.0,-2.3193359766082722e-07,0.9999996423721313,6.027212619781494,0.0,0.0,0.0,0.002748259576037526,0.0,0.0,100,0.2,0.2625,0.08,940,curvature_stage2_mpnn_v1,True,1.2475175857543945,1.5000001192092896,1.5,38,normalized_degree|time_since_last_tx|consecutive_tx_attempts|congestion_ewma|self_information_increment,0.10812375694513321,0.03677346929907799,0.05736881494522095,0.21430417895317078,-0.07718444615602493,0.005905128549784422,-0.09565301239490509,-0.011768474243581295,0.10098842531442642,0.03460304066538811,0.9871258857759444,mpnn,5,3,16,mean_max,32,38,376000,3760.0,0.9451569318771362,1.119040608406067,0.15954189002513885,1.688093900680542,0.1658278852701187,0.10098842531442642,0.03460304066538811,0.052742987871170044,0.05349639058113098,0.10018584132194519,0.13923192620277405,0.2120787799358368,0.03460083156824112,0.03460304066538811,0.03459884971380234
5,7.17066893748939,0.10242499989457428,0.1014128904975223,0.1,0.0014128904975223011,0.014128903562332654,0.0,0.10358729213476181,0.0,0.0,False,5.310058668328566e-07,107.86486053466797,0.32888931035995483,2.435330861771945e-05,0.0,2.4414061883248905e-08,0.9999995827674866,5.942385673522949,0.0,0.0,0.0,0.0018853814108297229,0.0,0.0,100,0.2,0.2275,0.09,954,curvature_stage2_mpnn_v1,True,1.2475175857543945,1.5000001192092896,1.5,38,normalized_degree|time_since_last_tx|consecutive_tx_attempts|congestion_ewma|self_information_increment,0.10876794159412384,0.03568749874830246,0.05736881494522095,0.21430417895317078,-0.055093664675951004,0.006247180514037609,-0.07710587233304977,-0.008795603178441525,0.10358729213476181,0.03416367992758751,0.9830953955263049,mpnn,5,3,16,mean_max,32,38,381600,3816.0,0.9452515840530396,1.1031601428985596,0.15644745528697968,1.6641775369644165,0.16446436941623688,0.10358729213476181,0.03416367992758751,0.05372124910354614,0.0622092604637146,0.09874863922595978,0.14164305329321178,0.21282696723937988,0.034162577241659164,0.03416367992758751,0.03415884077548981
6,6.724797980189323,0.09810000011697412,0.09975644530724821,0.1,-0.00024355469275179342,-0.002435546683963266,0.0,0.09883980453014374,0.0,0.0,False,-2.491455052222591e-05,88.4452133178711,0.31544002890586853,-3.9903452488943e-06,0.0,1.708984314063855e-07,0.9999996423721313,6.21549654006958,0.0,0.0,0.0,0.004164781887084246,0.0,0.0,100,0.2,0.21,0.07,1064,curvature_stage2_mpnn_v1,True,1.2475175857543945,1.5000001192092896,1.5,38,normalized_degree|time_since_last_tx|consecutive_tx_attempts|congestion_ewma|self_information_increment,0.10279645770788193,0.03331880643963814,0.05736881494522095,0.21430417895317078,-0.04383772984147072,0.00882659014314413,-0.0696997344493866,-0.007693721447139978,0.09883980453014374,0.032124113291502,0.9838722380773735,mpnn,5,3,16,mean_max,32,38,425600,4256.0,0.9387264847755432,1.127204418182373,0.154917374253273,1.6978365182876587,0.15935951471328735,0.09883980453014374,0.032124113291502,0.0540522038936615,0.06610753834247589,0.09054269269108772,0.13115577697753902,0.21301156282424927,0.032123297452926636,0.032124113291502,0.032114703208208084
7,7.594921708256006,0.09272499992512166,0.09624072261618494,0.1,-0.0037592773838150684,-0.037592770078873676,0.0,0.09509805589914322,0.0,0.0,False,-4.028320290672127e-07,112.46548461914062,0.3013227880001068,-2.7316378691466525e-05,0.0,-9.765624753299562e-08,0.9999997019767761,5.890067100524902,0.0,0.0,0.0,0.0005010859458707273,0.0,0.0,100,0.2,0.22,0.12,976,curvature_stage2_mpnn_v1,True,1.2475175857543945,1.5000001192092896,1.5,38,normalized_degree|time_since_last_tx|consecutive_tx_attempts|congestion_ewma|self_information_increment,0.10027240961790085,0.04528488218784332,0.05736881494522095,0.21430417895317078,-0.058828748762607574,0.012380252592265606,-0.09429652243852615,-0.012543939985334873,0.09509805589914322,0.042976465076208115,0.9864236079993455,mpnn,5,3,16,mean_max,32,38,390400,3904.0,0.9457274675369263,1.136907696723938,0.148935005068779,1.7121105194091797,0.15835808217525482,0.09509805589914322,0.042976465076208115,0.05260249972343445,0.05435365438461304,0.0800839364528656,0.16142028868198396,0.2121995985507965,0.04297540336847305,0.042976465076208115,0.0429641418159008
8,8.61893586937338,0.09314999971538782,0.09469536116578638,0.1,-0.005304638834213629,-0.053046383037497986,-0.053046383037497986,0.09279455244541168,0.0,0.0,False,-4.2803956603165716e-05,141.77635192871094,0.299110472202301,2.8804963221773505e-05,0.0,-9.765624753299562e-08,0.9999997019767761,5.88379430770874,0.0,0.0,0.0,0.0029559482354670763,0.0,0.0,100,0.2,0.205,0.06,922,curvature_stage2_mpnn_v1,True,1.2475175857543945,1.5000001192092896,1.5,38,normalized_degree|time_since_last_tx|consecutive_tx_attempts|congestion_ewma|self_information_increment,0.09975522756576538,0.032919786870479584,0.05736881494522095,0.21430417895317078,-0.0801456868648529,0.016195395961403847,-0.12098021805286407,-0.017829421907663345,0.09279455244541168,0.030648263171315193,0.9836579594239181,mpnn,5,3,16,mean_max,32,38,368800,3688.0,0.9450216889381409,1.1644675731658936,0.14865614473819733,1.7464196681976318,0.16183510422706604,0.09279455244541168,0.030648263171315193,0.05163896083831787,0.05359746515750885,0.09222108125686646,0.1290501952171325,0.21058708429336548,0.0306459441781044,0.030648263171315193,0.030619293451309204
9,6.705012127235531,0.09509999989997596,0.09489768053288117,0.1,-0.005102319467118838,-0.05102318956886942,-0.05102318956886942,0.09164696931838989,0.0,0.0,False,1.2261963092896622e-05,69.6485824584961,0.2953345775604248,0.00011754097795346752,0.0,1.2207031829802872e-07,0.9999996423721313,6.543892860412598,0.0,0.0,0.0,0.0011277886806055903,0.0,0.0,100,0.2,0.2175,0.07,972,curvature_stage2_mpnn_v1,True,1.2475175857543945,1.5000001192092896,1.5,38,normalized_degree|time_since_last_tx|consecutive_tx_attempts|congestion_ewma|self_information_increment,0.10164296627044678,0.036942772567272186,0.05736881494522095,0.21430417895317078,-0.1151178702712059,0.02031128481030464,-0.16610275208950043,-0.02610168792307377,0.09164696931838989,0.03348734602332115,0.9817893843811308,mpnn,5,3,16,mean_max,32,38,388800,3888.0,0.9465715289115906,1.2086559534072876,0.15088193118572235,1.8093687295913696,0.15787671506404877,0.09164696931838989,0.03348734602332115,0.049613773822784424,0.05484482049942017,0.08620594441890717,0.1317632704973221,0.20963546633720398,0.0334835909307003,0.03348734602332115,0.033447302877902985
10,7.647067931033671,0.09509999992325902,0.09499884022807009,0.1,-0.005001159771929914,-0.05001159271813987,-0.05001159271813987,0.09380004554986954,0.0,0.0,False,-1.1242676009715069e-05,92.41238403320312,0.30440831184387207,-2.1462519725901075e-06,0.0,7.324219097881723e-08,0.9999997615814209,5.88424825668335,0.0,0.0,0.0,0.0026378468610346317,0.0,0.0,100,0.2,0.215,0.11,934,curvature_stage2_mpnn_v1,True,1.2475175857543945,1.5000001192092896,1.5,38,normalized_degree|time_since_last_tx|consecutive_tx_attempts|congestion_ewma|self_information_increment,0.10694996267557144,0.04260651022195816,0.05736881494522095,0.21430417895317078,-0.1465417891740799,0.023456882685422897,-0.2068747729063034,-0.0329725444316864,0.09380004554986954,0.03753521293401718,0.9863716345540401,mpnn,5,3,16,mean_max,32,38,373600,3736.0,0.9390390515327454,1.1652506589889526,0.14778730273246765,1.7493113279342651,0.15963682532310486,0.09380004554986954,0.03753521293401718,0.04775473475456238,0.05671737194061279,0.07957303524017334,0.15217408835887908,0.20806288719177246,0.037529218941926956,0.03753521293401718,0.03748797997832298
11,7.233509854152799,0.09187500001862645,0.09343692012334827,0.1,-0.006563079876651737,-0.06563079220343815,-0.06563079220343815,0.09274298697710037,0.0,0.0,False,-8.661499305162579e-05,70.76252746582031,0.30697232484817505,7.751908560749143e-05,0.0,6.103515914901436e-08,0.9999997615814209,6.661190032958984,0.0,0.0,0.0,0.005085492040961981,0.0,0.0,100,0.2,0.2425,0.12,862,curvature_stage2_mpnn_v1,True,1.2475175857543945,1.5000001192092896,1.5,38,normalized_degree|time_since_last_tx|consecutive_tx_attempts|congestion_ewma|self_information_increment,0.1047407016158104,0.04319233074784279,0.05736881494522095,0.21430417895317078,-0.13485565781593323,0.027218405157327652,-0.20924818515777588,-0.03162567317485809,0.09274298697710037,0.038184355944395065,0.9850974202459508,mpnn,5,3,16,mean_max,32,38,344800,3448.0,0.9404263496398926,1.08921480178833,0.1425754278898239,1.645163655281067,0.15329702198505402,0.09274298697710037,0.038184355944395065,0.04792168736457825,0.05216907262802124,0.08430179953575134,0.14686377644538878,0.20844969153404236,0.038178786635398865,0.038184355944395065,0.03812322020530701
12,6.894373502358794,0.0981749999988824,0.09580596006111533,0.1,-0.004194039938884675,-0.04194039519480723,0.0,0.09864248335361481,0.0,0.0,False,-4.6386719532165444e-07,56.054542541503906,0.32131317257881165,5.391789090936072e-05,0.0,-1.708984314063855e-07,0.9999997615814209,6.83308744430542,0.0,0.0,0.0,0.00034106458770111203,0.0,0.0,100,0.2,0.19,0.07,1002,curvature_stage2_mpnn_v1,True,1.2475175857543945,1.5000001192092896,1.5,38,normalized_degree|time_since_last_tx|consecutive_tx_attempts|congestion_ewma|self_information_increment,0.10688123852014542,0.03710626810789108,0.05736881494522095,0.21430417895317078,-0.08945290744304657,0.024901144206523895,-0.1543939858675003,-0.020716534927487373,0.09864248335361481,0.03428829833865166,0.9841803696063309,mpnn,5,3,16,mean_max,32,38,400800,4008.0,0.9348677396774292,1.057723045349121,0.14883014559745789,1.5932153463363647,0.1603587418794632,0.09864248335361481,0.03428829833865166,0.05050593614578247,0.06193325519561768,0.09095308184623718,0.14019770026206962,0.21078729629516602,0.034284528344869614,0.03428829833865166,0.03421986475586891
13,7.682019447758794,0.09612500000279396,0.09596548003195465,0.1,-0.0040345199680453525,-0.04034519564593396,0.0,0.09480169415473938,0.0,0.0,False,-4.150390850554686e-06,69.56043243408203,0.3113310635089874,-1.392620470141992e-05,0.0,4.882812376649781e-08,0.9999997615814209,6.421424865722656,0.0,0.0,0.0,0.0004852054116781801,0.0,0.0,100,0.2,0.2125,0.09,988,curvature_stage2_mpnn_v1,True,1.2475175857543945,1.5000001192092896,1.5,38,normalized_degree|time_since_last_tx|consecutive_tx_attempts|congestion_ewma|self_information_increment,0.09961511939764023,0.032792236655950546,0.05736881494522095,0.21430417895317078,-0.05446583405137062,0.020616017282009125,-0.10847508907318115,-0.013054023496806622,0.09480169415473938,0.03105955384671688,0.986800787325153,mpnn,5,3,16,mean_max,32,38,395200,3952.0,0.9466245174407959,1.0202829837799072,0.14783626794815063,1.5374428033828735,0.16080579161643982,0.09480169415473938,0.03105955384671688,0.052411675453186035,0.06544910967350005,0.08628673851490021,0.1440709590911865,0.211959570646286,0.031056810170412064,0.03105955384671688,0.03101198747754097
14,6.94517374008894,0.1061249998351559,0.10104523993355527,0.1,0.0010452399335552642,0.010452398290312814,0.0,0.1070743054151535,0.0,0.0,False,1.416015606992005e-06,46.37458038330078,0.33562779426574707,1.2907292330055498e-05,0.0,4.882812376649781e-08,0.9999997615814209,6.729905128479004,0.0,0.0,0.0,0.0004808101220987737,0.0,0.0,100,0.2,0.2375,0.13,1044,curvature_stage2_mpnn_v1,True,1.2475175857543945,1.5000001192092896,1.5,38,normalized_degree|time_since_last_tx|consecutive_tx_attempts|congestion_ewma|self_information_increment,0.11058858782052994,0.03703324869275093,0.05736881494522095,0.21430417895317078,-0.03573600947856903,0.01757797598838806,-0.0798996314406395,-0.0045751286670565605,0.1070743054151535,0.03570474311709404,0.984544446812751,mpnn,5,3,16,mean_max,32,38,417600,4176.0,0.9360895752906799,1.0021096467971802,0.1536424309015274,1.519971489906311,0.15898680686950684,0.1070743054151535,0.03570474311709404,0.05374157428741455,0.06580258607864381,0.10162058472633362,0.15678549110889436,0.2135225236415863,0.035702869296073914,0.03570474311709404,0.03566723316907883
15,6.867121975235641,0.10512499965261668,0.10308511979308597,0.1,0.003085119793085969,0.030851194845740205,0.0,0.10205058008432388,0.0,0.0,False,-1.1352539331710432e-05,42.62529373168945,0.325796514749527,-1.7582417058292776e-05,0.0,-9.765624753299562e-08,0.9999997615814209,6.47953987121582,0.0,0.0,0.0,0.001608849735930562,0.0,0.0,100,0.2,0.215,0.1,1058,curvature_stage2_mpnn_v1,True,1.2475175857543945,1.5000001192092896,1.5,38,normalized_degree|time_since_last_tx|consecutive_tx_attempts|congestion_ewma|self_information_increment,0.10437695682048798,0.03303931653499603,0.05736881494522095,0.21430417895317078,-0.024740105494856834,0.0152213079854846,-0.06167159229516983,0.0013361951569095254,0.10205058008432388,0.03214399144053459,0.986320994051198,mpnn,5,3,16,mean_max,32,38,423200,4232.0,0.9367202520370483,0.9935542941093445,0.1565372496843338,1.5048776865005493,0.1574791669845581,0.10205058008432388,0.03214399144053459,0.054590463638305664,0.06967779695987701,0.09392128884792328,0.14842922091483687,0.21447622776031494,0.03214243799448013,0.03214399144053459,0.032115042209625244
16,7.487569437809288,0.09979999984148889,0.10144255981728743,0.1,0.0014425598172874282,0.01442559673031461,0.0,0.10170195251703262,0.0,0.0,False,-5.627441623801133e-06,48.59934997558594,0.322062611579895,-2.0506548992216267e-07,0.0,-7.324219097881723e-08,0.9999997019767761,6.658581733703613,0.0,0.0,0.0,0.004081428982317448,0.0,0.0,100,0.2,0.2125,0.1,870,curvature_stage2_mpnn_v1,True,1.2475175857543945,1.5000001192092896,1.5,38,normalized_degree|time_since_last_tx|consecutive_tx_attempts|congestion_ewma|self_information_increment,0.10303573310375214,0.03667808696627617,0.05736881494522095,0.21430417895317078,-0.014075030572712421,0.01306720357388258,-0.04345138743519783,0.009413988329470158,0.10170195251703262,0.0360490046441555,0.9833949714540607,mpnn,5,3,16,mean_max,32,38,348000,3480.0,0.9418476819992065,0.9466620683670044,0.14837248623371124,1.4424617290496826,0.15463930368423462,0.10170195251703262,0.0360490046441555,0.05537235736846924,0.06295146644115449,0.09733036160469055,0.1524114370346069,0.21574610471725464,0.03604782745242119,0.0360490046441555,0.036030009388923645
17,7.547666670456529,0.1005750000057742,0.10100877991153082,0.1,0.0010087799115308105,0.010087798106528293,0.0,0.09972846508026123,0.0,0.0,False,-1.220703097715159e-06,47.3867073059082,0.3180711567401886,7.41702160667046e-06,0.0,-2.4414061883248905e-08,0.9999998211860657,6.690345287322998,0.0,0.0,0.0,0.0004899565246887505,0.0,0.0,100,0.2,0.225,0.05,962,curvature_stage2_mpnn_v1,True,1.2475175857543945,1.5000001192092896,1.5,38,normalized_degree|time_since_last_tx|consecutive_tx_attempts|congestion_ewma|self_information_increment,0.1013682559132576,0.0320538654923439,0.05736881494522095,0.21430417895317078,-0.01784193329513073,0.01113517303019762,-0.04121239855885506,0.003808769630268216,0.09972846508026123,0.03144505247473717,0.9834721503027228,mpnn,5,3,16,mean_max,32,38,384800,3848.0,0.9495893716812134,0.9478734731674194,0.1447145938873291,1.4415885210037231,0.1496557593345642,0.09972846508026123,0.03144505247473717,0.05535292625427246,0.05721981525421143,0.09776797890663147,0.1390059858560562,0.21470871567726135,0.03144383803009987,0.03144505247473717,0.03142978250980377
18,7.172468950934708,0.09972500017844141,0.10036689004498611,0.1,0.0003668900449861068,0.0036689000829710594,0.0,0.09982258826494217,0.0,0.0,False,-2.9541015464928932e-06,41.646183013916016,0.32004275918006897,-1.3016195907766814e-06,0.0,1.2207031829802872e-07,0.9999998211860657,6.499998092651367,0.0,0.0,0.0,0.00041362710180692375,0.0,0.0,100,0.2,0.175,0.06,1024,curvature_stage2_mpnn_v1,True,1.2475175857543945,1.5000001192092896,1.5,38,normalized_degree|time_since_last_tx|consecutive_tx_attempts|congestion_ewma|self_information_increment,0.10203820466995239,0.027120808139443398,0.05736881494522095,0.1617414951324463,-0.024245861917734146,0.010816266760230064,-0.04925445839762688,-0.0010692940559238195,0.09982258826494217,0.02646901085972786,0.9885261234190179,mpnn,5,3,16,mean_max,32,38,409600,4096.0,0.9439599514007568,0.9523929357528687,0.14754870533943176,1.4480777978897095,0.1463322937488556,0.09982258826494217,0.02646901085972786,0.05514180660247803,0.060639411211013794,0.09824420511722565,0.13459514677523746,0.16136416792869568,0.02646789140999317,0.02646901085972786,0.026452140882611275
19,7.2193823134899135,0.10492499984800815,0.10264594494649713,0.1,0.002645944946497128,0.026459446819026598,0.0,0.10384093225002289,0.0,0.0,False,-2.5634765279392013e-06,43.97919464111328,0.326143354177475,3.873717105307151e-06,0.0,-4.882812376649781e-08,0.9999998807907104,6.614346504211426,0.0,0.0,0.0,0.0003900379524566233,0.0,0.0,100,0.2,0.235,0.13,962,curvature_stage2_mpnn_v1,True,1.2475175857543945,1.5000001192092896,1.5,38,normalized_degree|time_since_last_tx|consecutive_tx_attempts|congestion_ewma|self_information_increment,0.1066240593791008,0.037887006998062134,0.05736881494522095,0.21430417895317078,-0.029548658058047295,0.010259739123284817,-0.04888705909252167,-0.003967747092247009,0.10384093225002289,0.03689420968294144,0.9824203162710161,mpnn,5,3,16,mean_max,32,38,384800,3848.0,0.9433186054229736,0.9357423782348633,0.14426927268505096,1.4156453609466553,0.14955848455429077,0.10384093225002289,0.03689420968294144,0.05504751205444336,0.06557429134845734,0.09685041010379791,0.15764297842978023,0.21309161186218262,0.036893330514431,0.03689420968294144,0.03688303753733635
20,7.389885851144791,0.09509999996982516,0.09887297245816115,0.1,-0.0011270275418388542,-0.011270274291361113,0.0,0.09436798095703125,0.0,0.0,False,-3.967285010730848e-06,48.563377380371094,0.3063771426677704,2.4188800580304815e-06,0.0,2.4414061883248905e-08,0.9999997615814209,6.720902919769287,0.0,0.0,0.0,0.0007935630274005234,0.0,0.0,100,0.2,0.22,0.05,880,curvature_stage2_mpnn_v1,True,1.2475175857543945,1.5000001192092896,1.5,38,normalized_degree|time_since_last_tx|consecutive_tx_attempts|congestion_ewma|self_information_increment,0.09722606092691422,0.03270689398050308,0.05736881494522095,0.21430417895317078,-0.03302064165472984,0.009316830895841122,-0.04841301590204239,-0.009357444010674953,0.09436798095703125,0.03179382532835007,0.9770672432974031,mpnn,5,3,16,mean_max,32,38,352000,3520.0,0.9475852251052856,0.9182511568069458,0.13818971812725067,1.3821473121643066,0.1501740664243698,0.09436798095703125,0.03179382532835007,0.05496358871459961,0.056223237514495844,0.08807836472988129,0.12697958052158356,0.21265122294425964,0.03179292380809784,0.03179382532835007,0.03178517520427704
21,6.660932313166558,0.10104999988339841,0.09996148617077978,0.1,-3.851382922022417e-05,-0.00038513825368841634,0.0,0.1021028533577919,0.0,0.0,False,-1.0327148629585281e-05,49.368595123291016,0.32246464490890503,-4.896889095107326e-06,0.0,4.882812376649781e-08,0.9999998807907104,6.529885768890381,0.0,0.0,0.0,0.0019080224446952343,0.0,0.0,100,0.2,0.2175,0.08,1032,curvature_stage2_mpnn_v1,True,1.2475175857543945,1.5000001192092896,1.5,38,normalized_degree|time_since_last_tx|consecutive_tx_attempts|congestion_ewma|self_information_increment,0.10573215037584305,0.03400244563817978,0.05736881494522095,0.21430417895317078,-0.03931727260351181,0.007653209380805492,-0.05487997829914093,-0.011052369140088558,0.1021028533577919,0.032986901700496674,0.9830012004570914,mpnn,5,3,16,mean_max,32,38,412800,4128.0,0.9395203590393066,0.9408103823661804,0.13894402980804443,1.4160423278808594,0.14447437226772308,0.1021028533577919,0.032986901700496674,0.054579347372055054,0.06793290376663208,0.09688436985015869,0.14319381415843963,0.2124490737915039,0.03298599272966385,0.032986901700496674,0.032980043441057205
22,6.8890234867483375,0.10247500003315509,0.10121824310196743,0.1,0.0012182431019674284,0.012182429801431303,0.0,0.10285505652427673,0.0,0.0,False,-1.2451172324290383e-06,54.2714958190918,0.32015565037727356,3.835681923192169e-07,0.0,-2.4414061883248905e-08,0.9999998211860657,6.589827537536621,0.0,0.0,0.0,0.0003229250432923436,0.0,0.0,100,0.2,0.225,0.2,956,curvature_stage2_mpnn_v1,True,1.2475175857543945,1.5000001192092896,1.5,38,normalized_degree|time_since_last_tx|consecutive_tx_attempts|congestion_ewma|self_information_increment,0.1076793447136879,0.0441921129822731,0.05736881494522095,0.21430417895317078,-0.051851432770490646,0.00833117961883545,-0.06947606801986694,-0.015105030499398708,0.10285505652427673,0.04238611087203026,0.9859380658834475,mpnn,5,3,16,mean_max,32,38,382400,3824.0,0.9459126591682434,0.9362959265708923,0.13598282635211945,1.4192733764648438,0.13809803128242493,0.10285505652427673,0.04238611087203026,0.0537852942943573,0.05518936514854431,0.09494452178478241,0.16304230988025664,0.21158728003501892,0.04238533973693848,0.04238611087203026,0.042379964143037796
23,8.322110834494232,0.10192499984521419,0.1015716214735908,0.1,0.0015716214735908007,0.01571621316428669,0.0,0.10255036503076553,0.0,0.0,False,-3.569335967767984e-05,71.65198516845703,0.31957095861434937,9.309202368967817e-07,0.0,0.0,0.9999999403953552,6.803808689117432,0.0,0.0,0.0,0.002991819754242897,0.0,0.0,100,0.2,0.2175,0.12,974,curvature_stage2_mpnn_v1,True,1.2475175857543945,1.5000001192092896,1.5,38,normalized_degree|time_since_last_tx|consecutive_tx_attempts|congestion_ewma|self_information_increment,0.10867848247289658,0.04091091454029083,0.05736881494522095,0.21430417895317078,-0.06551779806613922,0.01028335839509964,-0.08394702523946762,-0.019063591957092285,0.10255036503076553,0.03881873935461044,0.9841019441375466,mpnn,5,3,16,mean_max,32,38,389600,3896.0,0.9425821304321289,0.9511380195617676,0.1387616991996765,1.4305164813995361,0.15097495913505554,0.10255036503076553,0.03881873935461044,0.05306777358055115,0.05463237166404725,0.10298755764961243,0.16497736275196076,0.21111178398132324,0.03881746158003807,0.03881873935461044,0.03880874812602997
24,6.713306807167828,0.09935000021476298,0.10046081084417689,0.1,0.0004608108441768871,0.004608107980958073,0.0,0.0984337255358696,0.0,0.0,False,5.688476448995061e-06,64.16668701171875,0.31286224722862244,3.564222788554616e-05,0.0,0.0,0.9999998211860657,6.745173931121826,0.0,0.0,0.0,0.000669207947794348,0.0,0.0,100,0.2,0.1875,0.05,1038,curvature_stage2_mpnn_v1,True,1.2475175857543945,1.5000001192092896,1.5,38,normalized_degree|time_since_last_tx|consecutive_tx_attempts|congestion_ewma|self_information_increment,0.10657843947410583,0.032944757491350174,0.05736881494522095,0.21430417895317078,-0.08946996927261353,0.01190035231411457,-0.11388614028692245,-0.02698908932507038,0.0984337255358696,0.030793482437729836,0.980787205427399,mpnn,5,3,16,mean_max,32,38,415200,4152.0,0.9353492259979248,0.9798367619514465,0.13645529747009277,1.460724949836731,0.15112829208374023,0.0984337255358696,0.030793482437729836,0.05164605379104614,0.06157871447503567,0.09700989723205566,0.1277943730354309,0.20979484915733337,0.030791012570261955,0.030793482437729836,0.03077685832977295
25,7.378358592092991,0.1007750001270324,0.10061790548560465,0.1,0.0006179054856046418,0.006179054238140994,0.0,0.10069607943296432,0.0,0.0,False,-5.2746581786777824e-05,71.98771667480469,0.3151176869869232,3.357420428073965e-05,0.0,0.0,0.9999998211860657,6.953132152557373,0.0,0.0,0.0,0.0031702707055956125,0.0,0.0,100,0.2,0.235,0.11,916,curvature_stage2_mpnn_v1,True,1.2475175857543945,1.5000001192092896,1.5,38,normalized_degree|time_since_last_tx|consecutive_tx_attempts|congestion_ewma|self_information_increment,0.11138053983449936,0.03771212324500084,0.05736881494522095,0.21430417895317078,-0.11370675265789032,0.013128337450325489,-0.14188899099826813,-0.034498099237680435,0.10069607943296432,0.03442487493157387,0.9839315039534972,mpnn,5,3,16,mean_max,32,38,366400,3664.0,0.9436217546463013,0.9979207515716553,0.13528911769390106,1.4820654392242432,0.15401721000671387,0.10069607943296432,0.03442487493157387,0.050511449575424194,0.057265305519104005,0.10043536126613617,0.1462298095226288,0.20832502841949463,0.034421637654304504,0.03442487493157387,0.03440694510936737
26,7.68937524985522,0.09509999989066273,0.09785895268813369,0.1,-0.0021410473118663176,-0.02141047097761608,0.0,0.0949285626411438,0.0,0.0,False,-2.55249015026493e-05,80.93545532226562,0.2983546853065491,8.10292040114291e-05,0.0,2.4414061883248905e-08,0.9999998807907104,6.617353916168213,0.0,0.0,0.0,0.0011753876460716128,0.0,0.0,100,0.2,0.24,0.07,940,curvature_stage2_mpnn_v1,True,1.2475175857543945,1.5000001192092896,1.5,38,normalized_degree|time_since_last_tx|consecutive_tx_attempts|congestion_ewma|self_information_increment,0.10890807956457138,0.041268475353717804,0.05736881494522095,0.21430417895317078,-0.1551288515329361,0.015024730935692787,-0.18755923211574554,-0.04446395859122276,0.0949285626411438,0.03660616651177406,0.982075315556412,mpnn,5,3,16,mean_max,32,38,376000,3760.0,0.9496223330497742,1.0423110723495483,0.13169732689857483,1.549818515777588,0.1509801596403122,0.0949285626411438,0.03660616651177406,0.04816672205924988,0.05049639940261841,0.09419198334217072,0.13658728897571565,0.2064397931098938,0.03660089895129204,0.03660616651177406,0.03658566251397133
27,7.514289149008691,0.08767500018235296,0.09276697643524331,0.1,-0.007233023564756691,-0.07233022841454406,-0.07233022841454406,0.08542030304670334,0.0,0.0,False,9.741211215441581e-06,85.54820251464844,0.28037989139556885,0.00012117609730921686,0.0,2.4414061883248905e-08,0.9999999403953552,6.7350335121154785,0.0,0.0,0.0,0.0007501494837924838,0.0,0.0,100,0.2,0.2075,0.05,884,curvature_stage2_mpnn_v1,True,1.2475175857543945,1.5000001192092896,1.5,38,normalized_degree|time_since_last_tx|consecutive_tx_attempts|congestion_ewma|self_information_increment,0.10346588492393494,0.03544622287154198,0.05736881494522095,0.21430417895317078,-0.2136692851781845,0.017780601978302002,-0.2541699707508087,-0.06106679514050484,0.08542030304670334,0.029953455552458763,0.984703309401829,mpnn,5,3,16,mean_max,32,38,353600,3536.0,0.954123318195343,1.0659606456756592,0.1289770007133484,1.5925285816192627,0.14169038832187653,0.08542030304670334,0.029953455552458763,0.04526340961456299,0.05580868124961853,0.07972905039787292,0.12846095860004422,0.20375250279903412,0.029943205416202545,0.029953455552458763,0.029922939836978912
28,7.166811613515019,0.08990000012796372,0.09133348828160351,0.1,-0.008666511718396497,-0.08666510851745411,-0.08666510851745411,0.0883369967341423,0.0,0.0,False,-6.066894457035232e-06,81.63093566894531,0.2893449664115906,4.70817722089123e-05,0.0,-2.4414061883248905e-08,0.9999997615814209,6.783129692077637,0.0,0.0,0.0,0.0003820381825789809,0.0,0.0,100,0.2,0.22,0.08,996,curvature_stage2_mpnn_v1,True,1.2475175857543945,1.5000001192092896,1.5,38,normalized_degree|time_since_last_tx|consecutive_tx_attempts|congestion_ewma|self_information_increment,0.11101385205984116,0.0392003133893013,0.05736881494522095,0.21430417895317078,-0.256855309009552,0.020782046020030975,-0.30527088046073914,-0.07315705716609955,0.0883369967341423,0.03222602233290672,0.9855083834810371,mpnn,5,3,16,mean_max,32,38,398400,3984.0,0.94065260887146,1.1011263132095337,0.1362941563129425,1.6339201927185059,0.15077950060367584,0.0883369967341423,0.03222602233290672,0.04359045624732971,0.056305313110351564,0.08153563737869263,0.12189572751522063,0.20142820477485657,0.03221157565712929,0.03222602233290672,0.03218561038374901
29,7.7940767785906795,0.07884999997448176,0.08509174412804263,0.1,-0.014908255871957377,-0.14908254381131938,-0.14908254381131938,0.08089709281921387,0.0,0.0,False,-7.0678711381333414e-06,92.34186553955078,0.27682679891586304,-5.095581855130149e-06,0.0,-2.4414061883248905e-08,0.9999998807907104,6.82444429397583,0.0,0.0,0.0,0.0010304214665666223,0.0,0.0,100,0.2,0.165,0.03,916,curvature_stage2_mpnn_v1,True,1.2475175857543945,1.5000001192092896,1.5,38,normalized_degree|time_since_last_tx|consecutive_tx_attempts|congestion_ewma|self_information_increment,0.10426213592290878,0.029431262984871864,0.05736881494522095,0.21430417895317078,-0.2806028425693512,0.024264536798000336,-0.34548550844192505,-0.08071085810661316,0.08089709281921387,0.02323780208826065,0.983534393016246,mpnn,5,3,16,mean_max,32,38,366400,3664.0,0.9449344873428345,1.0797667503356934,0.13269783556461334,1.608158826828003,0.1523141860961914,0.08089709281921387,0.02323780208826065,0.04266306757926941,0.05153385102748871,0.07952530682086945,0.10755874812602996,0.1985066533088684,0.023218054324388504,0.02323780208826065,0.02317451313138008
30,7.248087629266084,0.08130000006407499,0.0831958720960588,0.1,-0.0168041279039412,-0.1680412622352858,-0.1680412622352858,0.0807875394821167,0.0,0.0,False,-2.5097655452555045e-05,87.06340026855469,0.27347904443740845,3.4866054193116724e-05,0.0,2.4414061883248905e-08,0.9999998211860657,6.625060081481934,0.0,0.0,0.0,0.0026301078032702208,0.0,0.0,100,0.2,0.17,0.02,1096,curvature_stage2_mpnn_v1,True,1.2475175857543945,1.5000001192092896,1.5,38,normalized_degree|time_since_last_tx|consecutive_tx_attempts|congestion_ewma|self_information_increment,0.10451377183198929,0.028278976678848267,0.05736881494522095,0.21430417895317078,-0.28500697016716003,0.029078859835863113,-0.3618839979171753,-0.0841071754693985,0.0807875394821167,0.0224445890635252,0.9818007969843557,mpnn,5,3,16,mean_max,32,38,438400,4384.0,0.9365328550338745,1.1268993616104126,0.14393384754657745,1.675459623336792,0.16237983107566833,0.0807875394821167,0.0224445890635252,0.04182228446006775,0.05580287575721741,0.0791410356760025,0.10450326204299927,0.20048263669013977,0.022423282265663147,0.0224445890635252,0.02234979160130024
31,7.245881317518651,0.08072499996516853,0.08196043603061368,0.1,-0.01803956396938633,-0.18039562165430112,-0.18039562165430112,0.07983295619487762,0.0,0.0,False,1.373290979245212e-05,86.97077941894531,0.26779237389564514,3.565207953215577e-05,0.0,0.0,0.9999998807907104,6.720925331115723,0.0,0.0,0.0,0.0017517127562314272,0.0,0.0,100,0.2,0.1925,0.04,1020,curvature_stage2_mpnn_v1,True,1.2475175857543945,1.5000001192092896,1.5,38,normalized_degree|time_since_last_tx|consecutive_tx_attempts|congestion_ewma|self_information_increment,0.10649731755256653,0.042504873126745224,0.05736881494522095,0.21430417895317078,-0.3205086290836334,0.03605233505368233,-0.4198082685470581,-0.08913842588663101,0.07983295619487762,0.03258942440152168,0.9840280572820471,mpnn,5,3,16,mean_max,32,38,408000,4080.0,0.9442818760871887,1.1318392753601074,0.14826102554798126,1.6752575635910034,0.1718573272228241,0.07983295619487762,0.03258942440152168,0.0395108163356781,0.044105279445648196,0.07672685757279396,0.12244342863559722,0.19921796023845673,0.032567787915468216,0.03258942440152168,0.032492052763700485
32,7.457310598492622,0.07734999991487712,0.0796552179727454,0.1,-0.020344782027254607,-0.20344779992776607,-0.20344779992776607,0.07811746001243591,0.0,0.0,False,-5.102539034851361e-06,90.13998413085938,0.270946741104126,1.2940358828927856e-05,0.0,0.0,0.9999999403953552,6.755819320678711,0.0,0.0,0.0,0.0009232615120708942,0.0,0.0,100,0.2,0.1875,0.05,996,curvature_stage2_mpnn_v1,True,1.2475175857543945,1.5000001192092896,1.5,38,normalized_degree|time_since_last_tx|consecutive_tx_attempts|congestion_ewma|self_information_increment,0.10639196634292603,0.0363718718290329,0.05736881494522095,0.21430417895317078,-0.3426377773284912,0.03771135210990906,-0.4413366913795471,-0.09172438085079193,0.07811746001243591,0.027449825778603554,0.9843686397402447,mpnn,5,3,16,mean_max,32,38,398400,3984.0,0.9405597448348999,1.1085584163665771,0.1481936126947403,1.65091073513031,0.16856566071510315,0.07811746001243591,0.027449825778603554,0.03914937376976013,0.04974453151226044,0.07179462909698486,0.11353011727333068,0.1987018585205078,0.027422400191426277,0.027449825778603554,0.027330001816153526
33,8.816891141459346,0.07497499998193234,0.07731510897733887,0.1,-0.022684891022661136,-0.2268488875417226,-0.2268488875417226,0.07568877190351486,0.0,0.0,False,-5.04760755575262e-05,101.92622375488281,0.26910555362701416,6.93600086378865e-05,0.0,2.4414061883248905e-08,0.9999998807907104,6.645090103149414,0.0,0.0,0.0,0.0026076112408190966,0.0,0.0,100,0.2,0.18,0.03,908,curvature_stage2_mpnn_v1,True,1.2475175857543945,1.5000001192092896,1.5,38,normalized_degree|time_since_last_tx|consecutive_tx_attempts|congestion_ewma|self_information_increment,0.10177434235811234,0.03701489418745041,0.05736881494522095,0.21430417895317078,-0.32710880041122437,0.03545423224568367,-0.41791802644729614,-0.09133017063140869,0.07568877190351486,0.028221894055604935,0.9820166203382233,mpnn,5,3,16,mean_max,32,38,363200,3632.0,0.9374284148216248,1.0319554805755615,0.14289408922195435,1.5398930311203003,0.16749411821365356,0.07568877190351486,0.028221894055604935,0.039338767528533936,0.04371727108955383,0.07326078414916992,0.11120854020118712,0.1982453167438507,0.028197456151247025,0.028221894055604935,0.028125211596488953
34,7.409125517085195,0.08489999991841614,0.08110755444787751,0.1,-0.018892445552122494,-0.18892443662878128,-0.18892443662878128,0.08532315492630005,0.0,0.0,False,1.9531249563442543e-05,95.40113067626953,0.29119205474853516,3.5875178582500666e-05,0.0,2.4414061883248905e-08,0.9999999403953552,6.822301864624023,0.0,0.0,0.0,0.001444082474336028,0.0,0.0,100,0.2,0.1725,0.03,980,curvature_stage2_mpnn_v1,True,1.2475175857543945,1.5000001192092896,1.5,38,normalized_degree|time_since_last_tx|consecutive_tx_attempts|congestion_ewma|self_information_increment,0.10925833880901337,0.0365787036716938,0.05736881494522095,0.21430417895317078,-0.27541741728782654,0.036215782165527344,-0.3783852458000183,-0.07745550572872162,0.08532315492630005,0.029115980491042137,0.9825312385140866,mpnn,5,3,16,mean_max,32,38,392000,3920.0,0.9424566030502319,1.0074570178985596,0.146428182721138,1.5252407789230347,0.16229254007339478,0.08532315492630005,0.029115980491042137,0.04106584191322327,0.04682135581970215,0.08480174839496613,0.11740733981132506,0.20080891251564026,0.029095763340592384,0.029115980491042137,0.02899039536714554
35,7.9802704474702475,0.07982499986886978,0.08046627715837365,0.1,-0.019533722841626355,-0.19533720888254266,-0.19533720888254266,0.07984021306037903,0.0,0.0,False,-3.920898598153144e-05,99.50627136230469,0.2776351869106293,3.10343639284838e-05,0.0,-2.4414061883248905e-08,0.9999998211860657,6.72151517868042,0.0,0.0,0.0,0.0029889915604144335,0.0,0.0,100,0.2,0.215,0.05,1028,curvature_stage2_mpnn_v1,True,1.2475175857543945,1.5000001192092896,1.5,38,normalized_degree|time_since_last_tx|consecutive_tx_attempts|congestion_ewma|self_information_increment,0.09962350130081177,0.036808568984270096,0.05736881494522095,0.21430417895317078,-0.24558842182159424,0.03422495350241661,-0.3475966453552246,-0.06462165713310242,0.07984021306037903,0.030247878283262253,0.9843588187153374,mpnn,5,3,16,mean_max,32,38,411200,4112.0,0.9371619820594788,0.9649372100830078,0.14208173751831055,1.459022879600525,0.1630607396364212,0.07984021306037903,0.030247878283262253,0.04242688789963722,0.049618014693260194,0.07131646573543549,0.12199921011924741,0.20314237475395203,0.030232999473810196,0.030247878283262253,0.03014918603003025
36,7.667017667926848,0.0810750000597909,0.08077063860908228,0.1,-0.01922936139091773,-0.19229359467981783,-0.19229359467981783,0.08063897490501404,0.0,0.0,False,1.4147949514153879e-05,97.93179321289062,0.2792484760284424,3.888544597430155e-06,0.0,-2.4414061883248905e-08,0.9999999403953552,6.7108330726623535,0.0,0.0,0.0,0.0017185290344059467,0.0,0.0,100,0.2,0.2125,0.05,938,curvature_stage2_mpnn_v1,True,1.2475175857543945,1.5000001192092896,1.5,38,normalized_degree|time_since_last_tx|consecutive_tx_attempts|congestion_ewma|self_information_increment,0.09678976982831955,0.03267857804894447,0.05736881494522095,0.21430417895317078,-0.2012743353843689,0.03109407238662243,-0.28428006172180176,-0.052406758069992065,0.08063897490501404,0.02755867876112461,0.9807526690828394,mpnn,5,3,16,mean_max,32,38,375200,3752.0,0.9452078938484192,0.9285520315170288,0.14639855921268463,1.403646469116211,0.1669624298810959,0.08063897490501404,0.02755867876112461,0.044279515743255615,0.048635435104370114,0.07915791869163513,0.10694550573825837,0.20514950156211853,0.027546947821974754,0.02755867876112461,0.027470577508211136
37,7.326652027890086,0.09232499995268881,0.08654781928088554,0.1,-0.01345218071911447,-0.13452179373896533,-0.13452179373896533,0.09162488579750061,0.0,0.0,False,-5.737304491049144e-06,94.40206909179688,0.30049875378608704,1.2713153410004452e-06,0.0,0.0,0.9999998807907104,6.66030216217041,0.0,0.0,0.0,0.0016135451151058078,0.0,0.0,100,0.2,0.19,0.04,924,curvature_stage2_mpnn_v1,True,1.2475175857543945,1.5000001192092896,1.5,38,normalized_degree|time_since_last_tx|consecutive_tx_attempts|congestion_ewma|self_information_increment,0.10755115747451782,0.035142719745635986,0.05736881494522095,0.21430417895317078,-0.17852984368801117,0.029667943716049194,-0.26185697317123413,-0.04468149319291115,0.09162488579750061,0.030176127329468727,0.9859587649058568,mpnn,5,3,16,mean_max,32,38,369600,3696.0,0.9400379061698914,0.9271765947341919,0.15236328542232513,1.4045802354812622,0.17254631221294403,0.09162488579750061,0.030176127329468727,0.04572337865829468,0.05074340403079986,0.08988320827484131,0.1319271594285965,0.20623141527175903,0.030165057629346848,0.030176127329468727,0.030083348974585533
38,6.666692929007113,0.08800000010523945,0.08727390969306249,0.1,-0.012726090306937513,-0.12726089034328608,-0.12726089034328608,0.08839117735624313,0.0,0.0,False,-2.978515567519935e-06,89.63855743408203,0.2954203188419342,3.785380386034376e-06,0.0,2.4414061883248905e-08,0.9999997615814209,6.54019832611084,0.0,0.0,0.0,0.0016562300734221935,0.0,0.0,100,0.2,0.205,0.04,1054,curvature_stage2_mpnn_v1,True,1.2475175857543945,1.5000001192092896,1.5,38,normalized_degree|time_since_last_tx|consecutive_tx_attempts|congestion_ewma|self_information_increment,0.10436432808637619,0.029422517865896225,0.05736881494522095,0.21430417895317078,-0.18514983355998993,0.03364630043506622,-0.2754073739051819,-0.04506987705826759,0.08839117735624313,0.025541847571730614,0.9792740959565446,mpnn,5,3,16,mean_max,32,38,421600,4216.0,0.9417647123336792,0.9294064044952393,0.1550344079732895,1.4102810621261597,0.1731455773115158,0.08839117735624313,0.025541847571730614,0.04541519284248352,0.06065002083778382,0.08508773148059845,0.11432833671569824,0.20664027333259583,0.025528430938720703,0.025541847571730614,0.025407670065760612
39,7.466367415525019,0.09022500024177134,0.08874945496741692,0.1,-0.01125054503258309,-0.11250543907528698,-0.11250543907528698,0.08798138797283173,0.0,0.0,False,-5.773925749963382e-06,93.52763366699219,0.29423487186431885,-1.9603443433879875e-05,0.0,0.0,0.9999998807907104,6.620680809020996,0.0,0.0,0.0,0.0004385323263704777,0.0,0.0,100,0.2,0.2375,0.05,964,curvature_stage2_mpnn_v1,True,1.2475175857543945,1.5000001192092896,1.5,38,normalized_degree|time_since_last_tx|consecutive_tx_attempts|congestion_ewma|self_information_increment,0.10347285121679306,0.03648883104324341,0.05736881494522095,0.21430417895317078,-0.17940354347229004,0.03645586594939232,-0.28369247913360596,-0.04324125498533249,0.08798138797283173,0.03115140274167061,0.9817760853078115,mpnn,5,3,16,mean_max,32,38,385600,3856.0,0.9474714994430542,0.8934451937675476,0.1506340503692627,1.3663177490234375,0.16806654632091522,0.08798138797283173,0.03115140274167061,0.04512155055999756,0.05056353211402893,0.08574323356151581,0.12531603872776031,0.206772580742836,0.031138889491558075,0.03115140274167061,0.031025784090161324
40,6.720401527062059,0.09732500007376074,0.09303722752058882,0.1,-0.006962772479411183,-0.06962771783134004,-0.06962771783134004,0.09352871030569077,0.0,0.0,False,-1.8676757918001385e-06,84.9457778930664,0.3069351017475128,-7.075107077980647e-06,0.0,-2.4414061883248905e-08,0.9999999403953552,6.8326416015625,0.0,0.0,0.0,0.001269375323317945,0.0,0.0,100,0.2,0.2175,0.05,1036,curvature_stage2_mpnn_v1,True,1.2475175857543945,1.5000001192092896,1.5,38,normalized_degree|time_since_last_tx|consecutive_tx_attempts|congestion_ewma|self_information_increment,0.10854347795248032,0.031169138848781586,0.05736881494522095,0.21430417895317078,-0.16569927334785461,0.03688754141330719,-0.26596274971961975,-0.04089587926864624,0.09352871030569077,0.026948321610689163,0.9882237871453705,mpnn,5,3,16,mean_max,32,38,414400,4144.0,0.9403981566429138,0.9111900329589844,0.1614130735397339,1.369447946548462,0.1809385120868683,0.09352871030569077,0.026948321610689163,0.04555967450141907,0.06283061802387237,0.0865253210067749,0.12832661122083663,0.207066148519516,0.026934070512652397,0.026948321610689163,0.02678532898426056
41,7.4656310738995675,0.09237500023562462,0.09270611387810672,0.1,-0.0072938861218932866,-0.07293885392504747,-0.07293885392504747,0.0920635387301445,0.0,0.0,False,-5.383300958783366e-06,90.23226928710938,0.2997186481952667,2.892486691052909e-06,0.0,0.0,0.9999998807907104,6.548311233520508,0.0,0.0,0.0,0.0006752422777935863,0.0,0.0,100,0.2,0.21,0.07,926,curvature_stage2_mpnn_v1,True,1.2475175857543945,1.5000001192092896,1.5,38,normalized_degree|time_since_last_tx|consecutive_tx_attempts|congestion_ewma|self_information_increment,0.10663499683141708,0.03851796314120293,0.05736881494522095,0.21430417895317078,-0.16317227482795715,0.03553982451558113,-0.2593378722667694,-0.043923307210206985,0.0920635387301445,0.03333311155438423,0.9834277430131685,mpnn,5,3,16,mean_max,32,38,370400,3704.0,0.949954092502594,0.8956195116043091,0.1561388373374939,1.3823132514953613,0.16801156103610992,0.0920635387301445,0.03333311155438423,0.045972079038619995,0.05582570731639862,0.08688309788703918,0.12669824361801146,0.20660817623138428,0.03332320600748062,0.03333311155438423,0.033211492002010345
42,7.304243182912469,0.08870000008493661,0.09070305698152167,0.1,-0.009296943018478332,-0.09296942088784123,-0.09296942088784123,0.08863483369350433,0.0,0.0,False,-3.4912111004814506e-05,88.47701263427734,0.29764971137046814,4.009519670944428e-06,0.0,0.0,0.9999998807907104,6.615147590637207,0.0,0.0,0.0,0.00426985789090395,0.0,0.0,100,0.2,0.195,0.03,880,curvature_stage2_mpnn_v1,True,1.2475175857543945,1.5000001192092896,1.5,38,normalized_degree|time_since_last_tx|consecutive_tx_attempts|congestion_ewma|self_information_increment,0.10362398624420166,0.031856875866651535,0.05736881494522095,0.21430417895317078,-0.173040509223938,0.03212853521108627,-0.2654585838317871,-0.04797067865729332,0.08863483369350433,0.027350367978215218,0.9834618533917144,mpnn,5,3,16,mean_max,32,38,352000,3520.0,0.9413920640945435,0.8668363690376282,0.1495784968137741,1.3303776979446411,0.1661461591720581,0.08863483369350433,0.027350367978215218,0.045615941286087036,0.055937197804450986,0.08328211307525635,0.12744815051555633,0.20566430687904358,0.02734050340950489,0.027350367978215218,0.027237920090556145
43,6.9002823253721,0.0924749999679625,0.0915890284747421,0.1,-0.00841097152525791,-0.08410970684160841,-0.08410970684160841,0.09424527734518051,0.0,0.0,False,1.0791015483846422e-05,83.54644775390625,0.31094029545783997,3.891723099513911e-05,0.0,-4.882812376649781e-08,1.0,6.696924686431885,0.0,0.0,0.0,0.0013901600614190102,0.0,0.0,100,0.2,0.215,0.04,928,curvature_stage2_mpnn_v1,True,1.2475175857543945,1.5000001192092896,1.5,38,normalized_degree|time_since_last_tx|consecutive_tx_attempts|congestion_ewma|self_information_increment,0.10776080191135406,0.03273317217826843,0.05736881494522095,0.21430417895317078,-0.14938154816627502,0.027152055874466896,-0.22616879642009735,-0.04254370555281639,0.09424527734518051,0.028818555176258087,0.9804168603545157,mpnn,5,3,16,mean_max,32,38,371200,3712.0,0.9472305774688721,0.8595374822616577,0.15128257870674133,1.3190547227859497,0.166036918759346,0.09424527734518051,0.028818555176258087,0.04743191599845886,0.06186231970787048,0.09044568240642548,0.12613540887832642,0.20682606101036072,0.02881113439798355,0.028818555176258087,0.02873294986784458
44,6.866294935457408,0.09300000015180558,0.09229451431327385,0.1,-0.00770548568672616,-0.07705484916177668,-0.07705484916177668,0.09599535167217255,0.0,0.0,False,-1.0546875273576006e-05,81.13346862792969,0.31264057755470276,2.779387250484433e-05,0.0,0.0,0.9999998807907104,6.754421710968018,0.0,0.0,0.0,0.0012531271204352379,0.0,0.0,100,0.2,0.2025,0.11,942,curvature_stage2_mpnn_v1,True,1.2475175857543945,1.5000001192092896,1.5,38,normalized_degree|time_since_last_tx|consecutive_tx_attempts|congestion_ewma|self_information_increment,0.10780805349349976,0.03486228734254837,0.05736881494522095,0.21430417895317078,-0.1295073926448822,0.02221982181072235,-0.18965491652488708,-0.03913963958621025,0.09599535167217255,0.031130339950323105,0.9868540436835381,mpnn,5,3,16,mean_max,32,38,376800,3768.0,0.9441666603088379,0.845333456993103,0.14605878293514252,1.3050826787948608,0.15436486899852753,0.09599535167217255,0.031130339950323105,0.04865196347236633,0.06130480170249939,0.08965432643890381,0.14105090498924255,0.2069028913974762,0.031125172972679138,0.031130339950323105,0.031075499951839447
45,7.365057826973498,0.09144999996758997,0.0918722571404319,0.1,-0.008127742859568104,-0.081277420467939,-0.081277420467939,0.09240929037332535,0.0,0.0,False,-3.295898522992502e-06,83.21549987792969,0.30593937635421753,1.0648683200997766e-05,0.0,4.882812376649781e-08,0.9999998211860657,6.778522968292236,0.0,0.0,0.0,0.0007524820975959301,0.0,0.0,100,0.2,0.1675,0.03,958,curvature_stage2_mpnn_v1,True,1.2475175857543945,1.5000001192092896,1.5,38,normalized_degree|time_since_last_tx|consecutive_tx_attempts|congestion_ewma|self_information_increment,0.10258078575134277,0.02729097008705139,0.05736881494522095,0.21430417895317078,-0.11623172461986542,0.0187342818826437,-0.16441459953784943,-0.03395308926701546,0.09240929037332535,0.02484004944562912,0.9819680032078401,mpnn,5,3,16,mean_max,32,38,383200,3832.0,0.9428575038909912,0.8450122475624084,0.14928126335144043,1.2915595769882202,0.1625833362340927,0.09240929037332535,0.02484004944562912,0.04983404278755188,0.06270414590835571,0.09169191122055054,0.11816803365945766,0.20855170488357544,0.024835839867591858,0.02484004944562912,0.02479369379580021
46,6.564676007665693,0.09074999985285104,0.09131112849664147,0.1,-0.008688871503358536,-0.08688870634471473,-0.08688870634471473,0.09007322788238525,0.0,0.0,False,-2.9541015464928932e-05,79.50604248046875,0.3012222647666931,5.082468760519987e-06,0.0,0.0,0.9999997615814209,6.7935471534729,0.0,0.0,0.0,0.0034210183657705784,0.0,0.0,100,0.2,0.2,0.04,1022,curvature_stage2_mpnn_v1,True,1.2475175857543945,1.5000001192092896,1.5,38,normalized_degree|time_since_last_tx|consecutive_tx_attempts|congestion_ewma|self_information_increment,0.09932403266429901,0.028652606531977654,0.05736881494522095,0.21430417895317078,-0.10828789323568344,0.014968568459153175,-0.144083172082901,-0.031466636806726456,0.09007322788238525,0.02611987292766571,0.9785223526356505,mpnn,5,3,16,mean_max,32,38,408800,4088.0,0.9432167410850525,0.836963415145874,0.14723533391952515,1.2846978902816772,0.1561269462108612,0.09007322788238525,0.02611987292766571,0.050350338220596313,0.05308531522750855,0.09042146801948547,0.11675238907337182,0.20844575762748718,0.026116594672203064,0.02611987292766571,0.0260943453758955
47,7.0988613759726285,0.0953249999275431,0.0933180642120923,0.1,-0.006681935787907711,-0.066819351197142,-0.066819351197142,0.09555648267269135,0.0,0.0,False,6.848144494142616e-06,82.8050765991211,0.31327685713768005,8.429328772763256e-06,0.0,-2.4414061883248905e-08,0.9999997615814209,6.542836666107178,0.0,0.0,0.0,0.0009310050518251956,0.0,0.0,100,0.2,0.1725,0.02,1042,curvature_stage2_mpnn_v1,True,1.2475175857543945,1.5000001192092896,1.5,38,normalized_degree|time_since_last_tx|consecutive_tx_attempts|congestion_ewma|self_information_increment,0.1034836396574974,0.0298414696007967,0.05736881494522095,0.17073550820350647,-0.0889320820569992,0.01117200031876564,-0.11373376846313477,-0.025975843891501427,0.09555648267269135,0.027698276564478874,0.9896013560934706,mpnn,5,3,16,mean_max,32,38,416800,4168.0,0.9347744584083557,0.8263861536979675,0.14620420336723328,1.26775062084198,0.15293161571025848,0.09555648267269135,0.027698276564478874,0.05188143253326416,0.05829092860221863,0.09070540964603424,0.1377813458442688,0.16662073135375977,0.02769600786268711,0.027698276564478874,0.027682948857545853
48,7.878530313596129,0.09394999990705401,0.09363403205957316,0.1,-0.006365967940426848,-0.06365967303830117,-0.06365967303830117,0.09333286434412003,0.0,0.0,False,-9.191894605464768e-06,89.99437713623047,0.3054927885532379,-4.17422143073054e-06,0.0,0.0,0.9999999403953552,6.774242877960205,0.0,0.0,0.0,0.0014597623376175761,0.0,0.0,100,0.2,0.2275,0.08,1002,curvature_stage2_mpnn_v1,True,1.2475175857543945,1.5000001192092896,1.5,38,normalized_degree|time_since_last_tx|consecutive_tx_attempts|congestion_ewma|self_information_increment,0.09970539808273315,0.036490995436906815,0.05736881494522095,0.21430417895317078,-0.07394161075353622,0.009043226018548012,-0.0954507440328598,-0.021465405821800232,0.09333286434412003,0.0344240739941597,0.9833437561329964,mpnn,5,3,16,mean_max,32,38,400800,4008.0,0.9405564069747925,0.8144375085830688,0.144644632935524,1.2409601211547852,0.15846271812915802,0.09333286434412003,0.0344240739941597,0.05279776453971863,0.0578385204076767,0.08797255158424377,0.13872358798980713,0.21060171723365784,0.03442274406552315,0.0344240739941597,0.034416332840919495
49,6.531743444949388,0.09694999996572733,0.09529201601265025,0.1,-0.004707983987349756,-0.04707983516551405,0.0,0.09408792853355408,0.0,0.0,False,-1.2487793355830945e-05,79.9040298461914,0.3091856837272644,-2.5384972104802728e-05,0.0,-2.4414061883248905e-08,0.9999999403953552,6.445442199707031,0.0,0.0,0.0,0.001581894583068788,0.0,0.0,100,0.2,0.245,0.05,1060,curvature_stage2_mpnn_v1,True,1.2475175857543945,1.5000001192092896,1.5,38,normalized_degree|time_since_last_tx|consecutive_tx_attempts|congestion_ewma|self_information_increment,0.09937596321105957,0.030607130378484726,0.05736881494522095,0.21430417895317078,-0.06085851415991783,0.007555533666163683,-0.07630041986703873,-0.017711961641907692,0.09408792853355408,0.029103735461831093,0.9833926803290055,mpnn,5,3,16,mean_max,32,38,424000,4240.0,0.9445565938949585,0.8144621849060059,0.14676611125469208,1.2523589134216309,0.14871814846992493,0.09408792853355408,0.029103735461831093,0.05357888340950012,0.06249315142631531,0.0893673300743103,0.13756856918334961,0.21105310320854187,0.029102591797709465,0.029103735461831093,0.02909724973142147
50,7.381407833844423,0.1069499998074025,0.10112100791002637,0.1,0.001121007910026367,0.011210077979255871,0.0,0.1073857769370079,0.0,0.0,False,-1.8798828023136593e-06,85.70015716552734,0.33738794922828674,6.690263944619801e-06,0.0,-2.4414061883248905e-08,0.9999998807907104,6.656317234039307,0.0,0.0,0.0,0.0007100849761627614,0.0,0.0,100,0.2,0.2175,0.12,982,curvature_stage2_mpnn_v1,True,1.2475175857543945,1.5000001192092896,1.5,38,normalized_degree|time_since_last_tx|consecutive_tx_attempts|congestion_ewma|self_information_increment,0.11200523376464844,0.03331444784998894,0.05736881494522095,0.21430417895317078,-0.0475933700799942,0.007299049757421017,-0.06267662346363068,-0.013808442279696465,0.1073857769370079,0.0320763885974884,0.984509353039829,mpnn,5,3,16,mean_max,32,38,392800,3928.0,0.9337703585624695,0.799875020980835,0.1482478231191635,1.2251120805740356,0.15774467587471008,0.1073857769370079,0.0320763885974884,0.05432531237602234,0.07747176885604859,0.10013297200202942,0.15122517347335815,0.21198832988739014,0.032075315713882446,0.0320763885974884,0.03206944465637207
51,6.582556565962732,0.09959999976679683,0.10036050383841161,0.1,0.00036050383841160216,0.0036050380236122195,0.0,0.09898219257593155,0.0,0.0,False,-1.6601562720097718e-06,77.64767456054688,0.3192443251609802,-3.744984496734105e-06,0.0,2.4414061883248905e-08,0.9999999403953552,6.740759372711182,0.0,0.0,0.0,0.0004290564975235611,0.0,0.0,100,0.2,0.235,0.04,1018,curvature_stage2_mpnn_v1,True,1.2475175857543945,1.5000001192092896,1.5,38,normalized_degree|time_since_last_tx|consecutive_tx_attempts|congestion_ewma|self_information_increment,0.10241910070180893,0.030163556337356567,0.05736881494522095,0.21430417895317078,-0.03798791021108627,0.008286095224320889,-0.05335474759340286,-0.01074193324893713,0.09898219257593155,0.02917247824370861,0.9826510062069692,mpnn,5,3,16,mean_max,32,38,407200,4072.0,0.9368516802787781,0.7991523742675781,0.14919114112854004,1.2387055158615112,0.14691664278507233,0.09898219257593155,0.02917247824370861,0.05478370189666748,0.05996079742908478,0.0958002507686615,0.13941507339477538,0.21237894892692566,0.029171515256166458,0.02917247824370861,0.029163867235183716
52,7.972880801931024,0.10947499993722885,0.10491775188782024,0.1,0.004917751887820232,0.049177513960450926,0.0,0.1079166978597641,0.0,0.0,False,-9.350585969514214e-06,89.78132629394531,0.33699122071266174,-1.1435253099989495e-06,0.0,-2.4414061883248905e-08,0.9999998807907104,6.698273658752441,0.0,0.0,0.0,0.0006170253036543727,0.0,0.0,100,0.2,0.2225,0.15,884,curvature_stage2_mpnn_v1,True,1.2475175857543945,1.5000001192092896,1.5,38,normalized_degree|time_since_last_tx|consecutive_tx_attempts|congestion_ewma|self_information_increment,0.11104842275381088,0.035699035972356796,0.05736881494522095,0.21430417895317078,-0.03209598362445831,0.009378387592732906,-0.04685784876346588,-0.006217708345502615,0.1079166978597641,0.03468986600637436,0.9804322993407166,mpnn,5,3,16,mean_max,32,38,353600,3536.0,0.9421153664588928,0.7849193811416626,0.15061020851135254,1.2022658586502075,0.16304460167884827,0.1079166978597641,0.03468986600637436,0.055038273334503174,0.05662888959050179,0.10602244734764099,0.1481717139482327,0.21313077211380005,0.03468891233205795,0.03468986600637436,0.03467917814850807
53,7.036405053846538,0.10310000006109477,0.1040088759744575,0.1,0.004008875974457496,0.04008875573569939,0.0,0.10154703259468079,0.0,0.0,False,-1.4294433640316129e-05,80.90744018554688,0.3212788999080658,-5.990713702885841e-07,0.0,0.0,0.9999998807907104,6.660731315612793,0.0,0.0,0.0,0.0006897362763993442,0.0,0.0,100,0.2,0.24,0.14,986,curvature_stage2_mpnn_v1,True,1.2475175857543945,1.5000001192092896,1.5,38,normalized_degree|time_since_last_tx|consecutive_tx_attempts|congestion_ewma|self_information_increment,0.10382317006587982,0.042173389345407486,0.05736881494522095,0.21430417895317078,-0.024278549477458,0.013141078874468803,-0.043321393430233,0.007903944700956345,0.10154703259468079,0.041113145649433136,0.9855383120545164,mpnn,5,3,16,mean_max,32,38,394400,3944.0,0.9429792165756226,0.8029942512512207,0.15259815752506256,1.2425129413604736,0.14743749797344208,0.10154703259468079,0.041113145649433136,0.055241793394088745,0.05932766795158402,0.09349074959754944,0.15991939902305605,0.21540626883506775,0.04111180454492569,0.041113145649433136,0.04109729453921318
54,7.754957852698863,0.10254999978933484,0.10327943788189617,0.1,0.0032794378818961634,0.03279437553952408,0.0,0.09980444610118866,0.0,0.0,False,2.0141601453360636e-06,87.27745819091797,0.3214716911315918,-1.4291329534898978e-05,0.0,2.4414061883248905e-08,0.9999999403953552,6.775014400482178,0.0,0.0,0.0,0.000316835124976933,0.0,0.0,100,0.2,0.2025,0.11,1100,curvature_stage2_mpnn_v1,True,1.2475175857543945,1.5000001192092896,1.5,38,normalized_degree|time_since_last_tx|consecutive_tx_attempts|congestion_ewma|self_information_increment,0.10123419761657715,0.029768429696559906,0.05736881494522095,0.1788477897644043,-0.015120639465749264,0.020189043134450912,-0.043169718235731125,0.03424568846821785,0.09980444610118866,0.029085082933306694,0.9892008174262981,mpnn,5,3,16,mean_max,32,38,440000,4400.0,0.935768187046051,0.8203567266464233,0.15782855451107025,1.2609667778015137,0.15653973817825317,0.09980444610118866,0.029085082933306694,0.05517315864562988,0.06323792934417724,0.09520424902439117,0.14081511199473978,0.18284037709236145,0.029080772772431374,0.029085082933306694,0.0290329959243536
55,6.970514395870269,0.10804999988060444,0.10566471888125031,0.1,0.005664718881250308,0.05664718314778477,0.05664718314778477,0.10712922364473343,0.0,0.0,False,-2.8063965146429837e-05,86.66646575927734,0.33597761392593384,1.9084647647105157e-05,0.0,-2.4414061883248905e-08,0.9999998211860657,6.59594202041626,0.0,0.0,0.0,0.0014633351238444448,0.0,0.0,100,0.2,0.2425,0.11,948,curvature_stage2_mpnn_v1,True,1.2475175857543945,1.5000001192092896,1.5,38,normalized_degree|time_since_last_tx|consecutive_tx_attempts|congestion_ewma|self_information_increment,0.10769850760698318,0.03299107402563095,0.05736881494522095,0.21430417895317078,-0.004768455401062965,0.02834329381585121,-0.04367160052061081,0.05783897638320923,0.10712922364473343,0.0323198027908802,0.987592854867757,mpnn,5,3,16,mean_max,32,38,379200,3792.0,0.9460601210594177,0.8061540722846985,0.15476995706558228,1.243109941482544,0.1560611128807068,0.10712922364473343,0.0323198027908802,0.055347323417663574,0.07485474348068237,0.09968118369579315,0.16187568604946137,0.22204571962356567,0.03231240063905716,0.0323198027908802,0.0322166308760643
56,7.138047735504806,0.10040000007487833,0.10303235947806433,0.1,0.0030323594780643226,0.03032359174828405,0.0,0.10265996307134628,0.0,0.0,False,-1.7333984487777343e-06,83.27603149414062,0.32472914457321167,-1.3987027159600984e-05,0.0,-2.4414061883248905e-08,1.0,6.754506587982178,0.0,0.0,0.0,0.0010451489361003041,0.0,0.0,100,0.2,0.2225,0.06,896,curvature_stage2_mpnn_v1,True,1.2475175857543945,1.5000001192092896,1.5,38,normalized_degree|time_since_last_tx|consecutive_tx_attempts|congestion_ewma|self_information_increment,0.10287123918533325,0.03082704357802868,0.05736881494522095,0.17073550820350647,-0.0007697826949879527,0.04143313691020012,-0.0506003201007843,0.08914847671985626,0.10265996307134628,0.03022647649049759,0.9902153579664337,mpnn,5,3,16,mean_max,32,38,358400,3584.0,0.9478738903999329,0.7831196188926697,0.14465448260307312,1.2216854095458984,0.14041955769062042,0.10265996307134628,0.03022647649049759,0.05490708351135254,0.06650491058826447,0.0961085855960846,0.15263664126396176,0.18202543258666992,0.03021182492375374,0.03022647649049759,0.030002709478139877
57,6.929053781591356,0.10187499977648258,0.10245367962727345,0.1,0.002453679627273442,0.024536793819055037,0.0,0.10456010699272156,0.0,0.0,False,-3.0273437005234882e-05,84.31413269042969,0.3261321187019348,-4.2841147660510615e-05,0.0,0.0,1.0,6.6844916343688965,0.0,0.0,0.0,0.0015823591966181993,0.0,0.0,100,0.2,0.25,0.07,992,curvature_stage2_mpnn_v1,True,1.2475175857543945,1.5000001192092896,1.5,38,normalized_degree|time_since_last_tx|consecutive_tx_attempts|congestion_ewma|self_information_increment,0.10586924105882645,0.03370478376746178,0.05736881494522095,0.21430417895317078,-0.012643054127693176,0.04516628757119179,-0.06514807790517807,0.09288064390420914,0.10456010699272156,0.032712072134017944,0.9807471023717831,mpnn,5,3,16,mean_max,32,38,396800,3968.0,0.9416658282279968,0.7872307896614075,0.14351458847522736,1.2195802927017212,0.1415795087814331,0.10456010699272156,0.032712072134017944,0.05422219634056091,0.06701748669147492,0.10079909861087799,0.14626306891441346,0.2280403971672058,0.03269587457180023,0.032712072134017944,0.032459717243909836
58,6.658260108493269,0.1000749998446554,0.10126433973596442,0.1,0.0012643397359644176,0.012643396095304568,0.0,0.10313977301120758,0.0,0.0,False,-4.272461069376732e-07,77.8116683959961,0.3233335614204407,-2.4308850697707385e-05,0.0,0.0,0.9999998807907104,6.949989318847656,0.0,0.0,0.0,0.0003746835864149034,0.0,0.0,100,0.2,0.1875,0.09,924,curvature_stage2_mpnn_v1,True,1.2475175857543945,1.5000001192092896,1.5,38,normalized_degree|time_since_last_tx|consecutive_tx_attempts|congestion_ewma|self_information_increment,0.10668918490409851,0.0347888357937336,0.05736881494522095,0.21430417895317078,-0.036844585090875626,0.03433164209127426,-0.08236204832792282,0.054224614053964615,0.10313977301120758,0.03330736234784126,0.985863921817874,mpnn,5,3,16,mean_max,32,38,369600,3696.0,0.9467316269874573,0.780478298664093,0.1388545036315918,1.2097241878509521,0.14474272727966309,0.10313977301120758,0.03330736234784126,0.05340960621833801,0.06279575526714325,0.09969113767147064,0.15545761585235596,0.22100841999053955,0.033300358802080154,0.03330736234784126,0.0331755168735981
59,6.855581060908735,0.1006000000052154,0.10093216987058992,0.1,0.0009321698705899162,0.009321697773729385,0.0,0.10196404904127121,0.0,0.0,False,-2.6745605282485485e-05,80.0881576538086,0.3229388892650604,-4.495697339734761e-06,0.0,2.4414061883248905e-08,0.9999999403953552,6.884599208831787,0.0,0.0,0.0,0.0019233631901443005,0.0,0.0,100,0.2,0.23,0.05,1016,curvature_stage2_mpnn_v1,True,1.2475175857543945,1.5000001192092896,1.5,38,normalized_degree|time_since_last_tx|consecutive_tx_attempts|congestion_ewma|self_information_increment,0.10716142505407333,0.027765925973653793,0.05736881494522095,0.21430417895317078,-0.05513278767466545,0.027255386114120483,-0.09598883241415024,0.0304231196641922,0.10196404904127121,0.026308655738830566,0.9823176269525993,mpnn,5,3,16,mean_max,32,38,406400,4064.0,0.9445177316665649,0.8096073269844055,0.14641232788562775,1.2358450889587402,0.15537004172801971,0.10196404904127121,0.026308655738830566,0.05271086096763611,0.07207350134849548,0.09953524172306061,0.13675573021173476,0.219471275806427,0.026303792372345924,0.026308655738830566,0.026202870532870293
60,7.0670037935674195,0.10249999999534339,0.10171608493296666,0.1,0.001716084932966655,0.01716084761358179,0.0,0.10098403692245483,0.0,0.0,False,-5.262451304588467e-05,78.92445373535156,0.3166130781173706,5.0531874876469374e-05,0.0,2.4414061883248905e-08,0.9999998807907104,6.772829532623291,0.0,0.0,0.0,0.00224863039329648,0.0,0.0,100,0.2,0.23,0.14,978,curvature_stage2_mpnn_v1,True,1.2475175857543945,1.5000001192092896,1.5,38,normalized_degree|time_since_last_tx|consecutive_tx_attempts|congestion_ewma|self_information_increment,0.10803025215864182,0.038083869963884354,0.05736881494522095,0.21430417895317078,-0.07508964836597443,0.02234053798019886,-0.11615146696567535,0.0015250068390741944,0.10098403692245483,0.03554641082882881,0.9846524261814331,mpnn,5,3,16,mean_max,32,38,391200,3912.0,0.9470168948173523,0.8448637127876282,0.14556455612182617,1.2948342561721802,0.151264950633049,0.10098403692245483,0.03554641082882881,0.05196988582611084,0.06437119245529174,0.0916663110256195,0.15580407381057726,0.212164968252182,0.03554319217801094,0.03554641082882881,0.035498104989528656
61,6.5050383983552456,0.09717500011436642,0.09944554252366654,0.1,-0.000554457476333467,-0.005544574208877249,0.0,0.09668132662773132,0.0,0.0,False,-3.8793943531345576e-05,75.67669677734375,0.30857595801353455,5.298352334648371e-05,0.0,4.882812376649781e-08,0.9999998807907104,6.656139373779297,0.0,0.0,0.0,0.0014490245375782251,0.0,0.0,100,0.2,0.1775,0.03,968,curvature_stage2_mpnn_v1,True,1.2475175857543945,1.5000001192092896,1.5,38,normalized_degree|time_since_last_tx|consecutive_tx_attempts|congestion_ewma|self_information_increment,0.10628413408994675,0.027063656598329544,0.05736881494522095,0.16809719800949097,-0.1054946780204773,0.020381612703204155,-0.14471793174743652,-0.02982245944440365,0.09668132662773132,0.024684015661478043,0.9874484395285946,mpnn,5,3,16,mean_max,32,38,387200,3872.0,0.9454209804534912,0.9009736776351929,0.14855600893497467,1.376200556755066,0.1546354442834854,0.09668132662773132,0.024684015661478043,0.05044525861740112,0.06738221645355279,0.09373544156551361,0.1373757392168045,0.16353300213813782,0.02467963472008705,0.024684015661478043,0.02462531439960003
62,6.827195723578334,0.09000000008381903,0.09472277130374279,0.1,-0.0052772286962572135,-0.052772281685343966,-0.052772281685343966,0.09090050309896469,0.0,0.0,False,-4.733886817120947e-05,76.69377136230469,0.29285305738449097,3.822927828878164e-05,0.0,-2.4414061883248905e-08,0.9999998211860657,6.7044196128845215,0.0,0.0,0.0,0.002208187710493803,0.0,0.0,100,0.2,0.1625,0.04,1164,curvature_stage2_mpnn_v1,True,1.2475175857543945,1.5000001192092896,1.5,38,normalized_degree|time_since_last_tx|consecutive_tx_attempts|congestion_ewma|self_information_increment,0.10393775999546051,0.029217731207609177,0.05736881494522095,0.17520570755004883,-0.14895373582839966,0.018643392249941826,-0.18665601313114166,-0.04181579500436783,0.09090050309896469,0.025718212127685547,0.9895532342924315,mpnn,5,3,16,mean_max,32,38,465600,4656.0,0.9340721368789673,0.9902563095092773,0.15631639957427979,1.5175575017929077,0.15443171560764313,0.09090050309896469,0.025718212127685547,0.04878288507461548,0.06190976798534393,0.08757241070270538,0.13157417178153716,0.16857576370239258,0.025711126625537872,0.025718212127685547,0.02567758411169052
63,6.744014648199081,0.08762500008102507,0.09117388569238394,0.1,-0.008826114307616068,-0.08826113425004725,-0.08826113425004725,0.0885700210928917,0.0,0.0,False,1.5087890460563358e-05,74.69884490966797,0.28756284713745117,2.8108584956498817e-05,0.0,-2.4414061883248905e-08,0.9999998807907104,6.72979736328125,0.0,0.0,0.0,0.0012430846691131592,0.0,0.0,100,0.2,0.195,0.04,984,curvature_stage2_mpnn_v1,True,1.2475175857543945,1.5000001192092896,1.5,38,normalized_degree|time_since_last_tx|consecutive_tx_attempts|congestion_ewma|self_information_increment,0.10658132284879684,0.03349227085709572,0.05736881494522095,0.21430417895317078,-0.20663435757160187,0.02111148275434971,-0.2493036538362503,-0.057023387402296066,0.0885700210928917,0.028410140424966812,0.9827111367456104,mpnn,5,3,16,mean_max,32,38,393600,3936.0,0.9426702260971069,1.0271201133728027,0.15525174140930176,1.569197177886963,0.15915313363075256,0.0885700210928917,0.028410140424966812,0.045554280281066895,0.058539640903472905,0.08505724370479584,0.1225951462984085,0.20485913753509521,0.028397753834724426,0.028410140424966812,0.028365448117256165
64,7.186683851033449,0.08059999984689056,0.08588694276963725,0.1,-0.014113057230362755,-0.14113055819057174,-0.14113055819057174,0.08205375075340271,0.0,0.0,False,-4.833984348806553e-06,76.06208038330078,0.2798459231853485,9.027961823449004e-06,0.0,0.0,0.9999998807907104,6.684048175811768,0.0,0.0,0.0,0.002961154794320464,0.0,0.0,100,0.2,0.17,0.04,1042,curvature_stage2_mpnn_v1,True,1.2475175857543945,1.5000001192092896,1.5,38,normalized_degree|time_since_last_tx|consecutive_tx_attempts|congestion_ewma|self_information_increment,0.10309625416994095,0.03407319635152817,0.05736881494522095,0.21430417895317078,-0.2539807856082916,0.022252444177865982,-0.2972102463245392,-0.06754737347364426,0.08205375075340271,0.027954434975981712,0.9835378842569145,mpnn,5,3,16,mean_max,32,38,416800,4168.0,0.9313195943832397,1.0290534496307373,0.15668095648288727,1.5631369352340698,0.16003142297267914,0.08205375075340271,0.027954434975981712,0.04346415400505066,0.05426290035247803,0.07275156676769257,0.1133298933506012,0.20271456241607666,0.02793704904615879,0.027954434975981712,0.02790844440460205
65,7.90461616743356,0.08540000014007092,0.08564347145485408,0.1,-0.014356528545145922,-0.1435652710949321,-0.1435652710949321,0.08446118235588074,0.0,0.0,False,5.22460959473392e-06,86.64291381835938,0.2863475978374481,-6.348926490318263e-06,0.0,0.0,0.9999998211860657,6.392090797424316,0.0,0.0,0.0,0.0017399881035089493,0.0,0.0,100,0.2,0.195,0.05,928,curvature_stage2_mpnn_v1,True,1.2475175857543945,1.5000001192092896,1.5,38,normalized_degree|time_since_last_tx|consecutive_tx_attempts|congestion_ewma|self_information_increment,0.10466519743204117,0.0346151627600193,0.05736881494522095,0.21430417895317078,-0.23899199068546295,0.020084315910935402,-0.2820352017879486,-0.06641291826963425,0.08446118235588074,0.028673812747001648,0.9833385195191696,mpnn,5,3,16,mean_max,32,38,371200,3712.0,0.9395447373390198,1.001876950263977,0.14841152727603912,1.5271809101104736,0.1553308516740799,0.08446118235588074,0.028673812747001648,0.044318556785583496,0.05168252885341645,0.07814860343933105,0.11773853600025176,0.20330891013145447,0.02865799143910408,0.028673812747001648,0.028634820133447647
66,7.105970193855464,0.08445000014733522,0.08504673580109465,0.1,-0.014953264198905358,-0.14953262703579087,-0.14953262703579087,0.08447294682264328,0.0,0.0,False,-2.1289062715368345e-05,80.99307250976562,0.28842195868492126,1.2002797120658215e-05,0.0,-4.882812376649781e-08,0.9999997615814209,6.547114372253418,0.0,0.0,0.0,0.002694128081202507,0.0,0.0,100,0.2,0.2075,0.02,1036,curvature_stage2_mpnn_v1,True,1.2475175857543945,1.5000001192092896,1.5,38,normalized_degree|time_since_last_tx|consecutive_tx_attempts|congestion_ewma|self_information_increment,0.10407748073339462,0.030342988669872284,0.05736881494522095,0.21430417895317078,-0.23176686465740204,0.020515788346529007,-0.271781861782074,-0.06674161553382874,0.08447294682264328,0.025133496150374413,0.984207678230147,mpnn,5,3,16,mean_max,32,38,414400,4144.0,0.9424782991409302,0.9913527369499207,0.14916013181209564,1.5082190036773682,0.1534227579832077,0.08447294682264328,0.025133496150374413,0.04459920525550842,0.05168523602187633,0.081448495388031,0.11412571370601654,0.20315444469451904,0.02511691488325596,0.025133496150374413,0.025087585672736168
67,7.167293698005378,0.08927500002551823,0.08716086791330643,0.1,-0.012839132086693572,-0.1283913080278049,-0.1283913080278049,0.08925488591194153,0.0,0.0,False,-9.74365248112008e-05,82.61286163330078,0.3040294051170349,6.925177876837552e-05,0.0,0.0,1.0,6.772467613220215,0.0,0.0,0.0,0.004577594809234142,0.0,0.0,100,0.2,0.1825,0.04,1072,curvature_stage2_mpnn_v1,True,1.2475175857543945,1.5000001192092896,1.5,38,normalized_degree|time_since_last_tx|consecutive_tx_attempts|congestion_ewma|self_information_increment,0.1074727326631546,0.034042708575725555,0.05736881494522095,0.21430417895317078,-0.2071695625782013,0.018642062321305275,-0.24455343186855316,-0.06210347265005112,0.08925488591194153,0.028669418767094612,0.9856734928203307,mpnn,5,3,16,mean_max,32,38,428800,4288.0,0.9352495074272156,0.9217793941497803,0.13785749673843384,1.4057486057281494,0.1401936560869217,0.08925488591194153,0.028669418767094612,0.04571574926376343,0.05442788600921631,0.0892716646194458,0.1261538565158844,0.20304495096206665,0.028658242896199226,0.028669418767094612,0.028633615002036095
68,7.242245701216161,0.0868249999312684,0.08699293392228741,0.1,-0.013007066077712598,-0.1300706477700612,-0.1300706477700612,0.08811208605766296,0.0,0.0,False,-5.4406737035606056e-05,83.53140258789062,0.301281213760376,0.00012643598893191665,0.0,0.0,0.9999998807907104,6.715952396392822,0.0,0.0,0.0,0.0023037658538669348,0.0,0.0,100,0.2,0.1925,0.04,1060,curvature_stage2_mpnn_v1,True,1.2475175857543945,1.5000001192092896,1.5,38,normalized_degree|time_since_last_tx|consecutive_tx_attempts|congestion_ewma|self_information_increment,0.10044107586145401,0.032212093472480774,0.05736881494522095,0.21430417895317078,-0.14580181241035461,0.015609970316290855,-0.17324946820735931,-0.048466332256793976,0.08811208605766296,0.0287783183157444,0.9795008843952095,mpnn,5,3,16,mean_max,32,38,424000,4240.0,0.9329009652137756,0.8490899205207825,0.12861810624599457,1.2736517190933228,0.1463678479194641,0.08811208605766296,0.0287783183157444,0.04894682765007019,0.0570344477891922,0.08633226156234741,0.11841213703155518,0.20619428157806396,0.028773726895451546,0.0287783183157444,0.028754986822605133
69,7.643890388906002,0.09724999971687794,0.09212146681958266,0.1,-0.00787853318041734,-0.07878532392564101,-0.07878532392564101,0.09467911720275879,0.0,0.0,False,3.7658690416719764e-05,85.64734649658203,0.3102225661277771,-2.1541165551752783e-05,0.0,-4.882812376649781e-08,0.9999998807907104,6.561408042907715,0.0,0.0,0.0,0.006500576622784138,0.0,0.0,100,0.2,0.21,0.07,870,curvature_stage2_mpnn_v1,True,1.2475175857543945,1.5000001192092896,1.5,38,normalized_degree|time_since_last_tx|consecutive_tx_attempts|congestion_ewma|self_information_increment,0.10274886339902878,0.03250622749328613,0.05736881494522095,0.21430417895317078,-0.09127063304185867,0.011727754957973957,-0.11061132699251175,-0.034813374280929565,0.09467911720275879,0.030188407748937607,0.9835646646106794,mpnn,5,3,16,mean_max,32,38,348000,3480.0,0.9456723928451538,0.8031674027442932,0.1198238655924797,1.2189172506332397,0.13458332419395447,0.09467911720275879,0.030188407748937607,0.05196428298950195,0.06467551290988922,0.08741122484207153,0.1339574158191668,0.20850065350532532,0.030186593532562256,0.030188407748937607,0.03017329052090645
70,6.938130809478462,0.09824999985750765,0.09518573333854516,0.1,-0.004814266661454847,-0.04814266180028229,0.0,0.10051071643829346,0.0,0.0,False,-1.3476562344294507e-05,83.81591796875,0.3170070946216583,-1.9564486137824133e-05,0.0,0.0,0.9999998807907104,6.74635648727417,0.0,0.0,0.0,0.001816524425521493,0.0,0.0,100,0.2,0.235,0.11,918,curvature_stage2_mpnn_v1,True,1.2475175857543945,1.5000001192092896,1.5,38,normalized_degree|time_since_last_tx|consecutive_tx_attempts|congestion_ewma|self_information_increment,0.10831978917121887,0.04021736979484558,0.05736881494522095,0.21430417895317078,-0.0840035080909729,0.012115716002881527,-0.10499557107686996,-0.03272826597094536,0.10051071643829346,0.03748803958296776,0.983388652348373,mpnn,5,3,16,mean_max,32,38,367200,3672.0,0.9370915293693542,0.8137486577033997,0.12089113891124725,1.2268857955932617,0.14056207239627838,0.10051071643829346,0.03748803958296776,0.052200913429260254,0.056873610615730416,0.09169113636016846,0.15745372772216798,0.20877578854560852,0.037486482411623,0.03748803958296776,0.03747464716434479
71,7.308269456215203,0.101875000144355,0.09853036674145008,0.1,-0.0014696332585499294,-0.014696331115866183,0.0,0.1005968302488327,0.0,0.0,False,2.722167891988647e-06,84.56839752197266,0.3169420063495636,1.5634725059499033e-05,0.0,-2.4414061883248905e-08,0.9999999403953552,6.6993255615234375,0.0,0.0,0.0,0.0006728072185069323,0.0,0.0,100,0.2,0.205,0.14,994,curvature_stage2_mpnn_v1,True,1.2475175857543945,1.5000001192092896,1.5,38,normalized_degree|time_since_last_tx|consecutive_tx_attempts|congestion_ewma|self_information_increment,0.10986502468585968,0.04144967347383499,0.05736881494522095,0.21430417895317078,-0.09930644929409027,0.01454247534275055,-0.12423111498355865,-0.03843574598431587,0.1005968302488327,0.03819667175412178,0.9872302240502971,mpnn,5,3,16,mean_max,32,38,397600,3976.0,0.9387776851654053,0.8278050422668457,0.12302661687135696,1.2445939779281616,0.14126066863536835,0.1005968302488327,0.03819667175412178,0.05134224891662598,0.059085351228713986,0.09026271104812622,0.1508488744497299,0.20786216855049133,0.0381946936249733,0.03819667175412178,0.038177210837602615
72,6.914835356734693,0.09559999968856574,0.0970651832150079,0.1,-0.002934816784992106,-0.029348164915104568,0.0,0.0942360907793045,0.0,0.0,False,-1.000976590148639e-05,81.83319854736328,0.305990993976593,2.0800602214876562e-05,0.0,2.4414061883248905e-08,0.9999998807907104,6.7009501457214355,0.0,0.0,0.0,0.0015486825723201036,0.0,0.0,100,0.2,0.215,0.06,1038,curvature_stage2_mpnn_v1,True,1.2475175857543945,1.5000001192092896,1.5,38,normalized_degree|time_since_last_tx|consecutive_tx_attempts|congestion_ewma|self_information_increment,0.10398849844932556,0.03126649186015129,0.05736881494522095,0.21430417895317078,-0.1097048968076706,0.01656077802181244,-0.14101542532444,-0.03996860235929489,0.0942360907793045,0.028486916795372963,0.9853324111740163,mpnn,5,3,16,mean_max,32,38,415200,4152.0,0.9462427496910095,0.8400399684906006,0.12344806641340256,1.2569105625152588,0.14286954700946808,0.0942360907793045,0.028486916795372963,0.05050027370452881,0.06204248666763306,0.08978430926799774,0.13213748335838316,0.2071985900402069,0.02848382480442524,0.028486916795372963,0.02845526486635208
73,6.730361357368529,0.09607499982230365,0.09657009151865578,0.1,-0.0034299084813442238,-0.0342990813835341,0.0,0.09625200182199478,0.0,0.0,False,-0.0001144287089118734,77.1349105834961,0.3060346245765686,3.030015795957297e-05,0.0,-2.4414061883248905e-08,0.9999998807907104,6.893533229827881,0.0,0.0,0.0,0.006011266727000475,0.0,0.0,100,0.2,0.2025,0.06,962,curvature_stage2_mpnn_v1,True,1.2475175857543945,1.5000001192092896,1.5,38,normalized_degree|time_since_last_tx|consecutive_tx_attempts|congestion_ewma|self_information_increment,0.1074582189321518,0.03440360724925995,0.05736881494522095,0.21430417895317078,-0.12313034385442734,0.01914379931986332,-0.1587238907814026,-0.04526495933532715,0.09625200182199478,0.03100808523595333,0.9827445350044668,mpnn,5,3,16,mean_max,32,38,384800,3848.0,0.9433732032775879,0.8789721131324768,0.12631835043430328,1.3171710968017578,0.1477920413017273,0.09625200182199478,0.03100808523595333,0.049677520990371704,0.059837433695793155,0.09111286699771881,0.1280240923166275,0.20659595727920532,0.031004156917333603,0.03100808523595333,0.03096761554479599
74,8.041929790936411,0.09269999998155981,0.0946350457501078,0.1,-0.005364954249892209,-0.05364953713396838,-0.05364953713396838,0.09062134474515915,0.0,0.0,False,2.807617192956968e-06,89.9872055053711,0.2910361588001251,0.00017654095427133143,0.0,-2.4414061883248905e-08,0.9999998807907104,6.487984657287598,0.0,0.0,0.0,0.00015928437642287463,0.0,0.0,100,0.2,0.195,0.03,968,curvature_stage2_mpnn_v1,True,1.2475175857543945,1.5000001192092896,1.5,38,normalized_degree|time_since_last_tx|consecutive_tx_attempts|congestion_ewma|self_information_increment,0.10544267296791077,0.03401970490813255,0.05736881494522095,0.21430417895317078,-0.16831156611442566,0.026713449507951736,-0.21852652728557587,-0.055873751640319824,0.09062134474515915,0.02940809540450573,0.9859735382970058,mpnn,5,3,16,mean_max,32,38,387200,3872.0,0.9425103068351746,0.9283241033554077,0.12783324718475342,1.3830063343048096,0.1559571772813797,0.09062134474515915,0.02940809540450573,0.047151923179626465,0.05183406472206116,0.09252798557281494,0.12339625880122183,0.20488783717155457,0.029400266706943512,0.02940809540450573,0.029335612431168556
75,7.146561366133392,0.08952499975915998,0.0920800227546339,0.1,-0.007919977245366111,-0.07919976453368466,-0.07919976453368466,0.08855942636728287,0.0,0.0,False,7.324218813664629e-07,84.64131927490234,0.28839969635009766,7.005446968832985e-05,0.0,0.0,0.9999998211860657,6.635066509246826,0.0,0.0,0.0,0.0004709395579993725,0.0,0.0,100,0.2,0.165,0.06,1194,curvature_stage2_mpnn_v1,True,1.2475175857543945,1.5000001192092896,1.5,38,normalized_degree|time_since_last_tx|consecutive_tx_attempts|congestion_ewma|self_information_increment,0.108303964138031,0.03649358078837395,0.05736881494522095,0.18319851160049438,-0.22379401326179504,0.03685645014047623,-0.30001506209373474,-0.07029296457767487,0.08855942636728287,0.03000328131020069,0.9897869645909965,mpnn,5,3,16,mean_max,32,38,477600,4776.0,0.9209421873092651,0.9821661114692688,0.140193372964859,1.4398438930511475,0.17059311270713806,0.08855942636728287,0.03000328131020069,0.04380708932876587,0.049940955638885495,0.0853760689496994,0.1320978432893753,0.17202189564704895,0.029990151524543762,0.03000328131020069,0.029875198379158974
76,6.945315909795463,0.08410000002477318,0.08809001138970354,0.1,-0.011909988610296462,-0.11909987419297721,-0.11909987419297721,0.08294575661420822,0.0,0.0,False,-2.5390625069121597e-06,83.4610824584961,0.2791965901851654,3.5077544453088194e-05,0.0,2.4414061883248905e-08,1.0,6.601428031921387,0.0,0.0,0.0,0.0008581072324886918,0.0,0.0,100,0.2,0.1575,0.02,1136,curvature_stage2_mpnn_v1,True,1.2475175857543945,1.5000001192092896,1.5,38,normalized_degree|time_since_last_tx|consecutive_tx_attempts|congestion_ewma|self_information_increment,0.10486394166946411,0.028421154245734215,0.05736881494522095,0.17520570755004883,-0.2592633366584778,0.04463145509362221,-0.35379698872566223,-0.07941775768995285,0.08294575661420822,0.02267235331237316,0.9906589835379016,mpnn,5,3,16,mean_max,32,38,454400,4544.0,0.9319542050361633,0.9878506660461426,0.13949279487133026,1.4689667224884033,0.16307859122753143,0.08294575661420822,0.02267235331237316,0.04172590374946594,0.05269150733947754,0.08349931240081787,0.11087847352027894,0.1626967489719391,0.022649969905614853,0.02267235331237316,0.02243567630648613
77,7.165503034777939,0.08357500016223639,0.08583250577596996,0.1,-0.014167494224030047,-0.14167492807280765,-0.14167492807280765,0.08241661638021469,0.0,0.0,False,-1.3415527064353228e-05,85.26847839355469,0.28210970759391785,-7.826297405699734e-06,0.0,2.4414061883248905e-08,0.9999998211860657,6.792689800262451,0.0,0.0,0.0,0.0031687908340245485,0.0,0.0,100,0.2,0.185,0.02,960,curvature_stage2_mpnn_v1,True,1.2475175857543945,1.5000001192092896,1.5,38,normalized_degree|time_since_last_tx|consecutive_tx_attempts|congestion_ewma|self_information_increment,0.10625622421503067,0.03260887414216995,0.05736881494522095,0.21430417895317078,-0.28138911724090576,0.04581322893500328,-0.37320780754089355,-0.08298283070325851,0.08241661638021469,0.025569548830389977,0.984146873235219,mpnn,5,3,16,mean_max,32,38,384000,3840.0,0.9382083415985107,0.9376378655433655,0.13243569433689117,1.4034804105758667,0.16000041365623474,0.08241661638021469,0.025569548830389977,0.04102322459220886,0.050838062167167665,0.07718534767627716,0.11544433832168577,0.19982755184173584,0.02554604597389698,0.025569548830389977,0.02535129524767399
78,7.084320696927607,0.08140000008512288,0.08361625293054642,0.1,-0.016383747069453586,-0.16383745431079041,-0.16383745431079041,0.07938528805971146,0.0,0.0,False,-3.0761718790017767e-06,82.30261993408203,0.27596351504325867,-2.654278250702191e-05,0.0,-2.4414061883248905e-08,0.9999998211860657,6.702592372894287,0.0,0.0,0.0,0.001012990134768188,0.0,0.0,100,0.2,0.22,0.03,976,curvature_stage2_mpnn_v1,True,1.2475175857543945,1.5000001192092896,1.5,38,normalized_degree|time_since_last_tx|consecutive_tx_attempts|congestion_ewma|self_information_increment,0.10064730048179626,0.03317784145474434,0.05736881494522095,0.21430417895317078,-0.2614315450191498,0.04314764216542244,-0.3503445088863373,-0.07634055614471436,0.07938528805971146,0.026379097253084183,0.9820780660775957,mpnn,5,3,16,mean_max,32,38,390400,3904.0,0.9463345408439636,0.907486617565155,0.13288451731204987,1.3669384717941284,0.15473446249961853,0.07938528805971146,0.026379097253084183,0.04164409637451172,0.05242764055728913,0.07361027598381042,0.1079010248184204,0.2010626196861267,0.026361074298620224,0.026379097253084183,0.026210369542241096
79,6.969917161688208,0.08317500011064112,0.08339562652059376,0.1,-0.016604373479406243,-0.1660437181896906,-0.1660437181896906,0.08403236418962479,0.0,0.0,False,2.2583008103538305e-06,79.80870056152344,0.2836137115955353,1.0470424058439676e-05,0.0,0.0,0.9999998211860657,6.771216869354248,0.0,0.0,0.0,0.0010759638389572501,0.0,0.0,100,0.2,0.1975,0.05,1018,curvature_stage2_mpnn_v1,True,1.2475175857543945,1.5000001192092896,1.5,38,normalized_degree|time_since_last_tx|consecutive_tx_attempts|congestion_ewma|self_information_increment,0.10454431176185608,0.03525567054748535,0.05736881494522095,0.21430417895317078,-0.24302305281162262,0.03773948922753334,-0.321076363325119,-0.07120242714881897,0.08403236418962479,0.028942620381712914,0.9817347225039367,mpnn,5,3,16,mean_max,32,38,407200,4072.0,0.9374901652336121,0.910498857498169,0.13991884887218475,1.3679440021514893,0.15932847559452057,0.08403236418962479,0.028942620381712914,0.04283931851387024,0.05290057957172394,0.08013339340686798,0.11563992500305174,0.20230573415756226,0.02892671339213848,0.028942620381712914,0.028806636109948158
80,7.303101773820817,0.08612499990966171,0.08476031321512774,0.1,-0.015239686784872267,-0.1523968526090374,-0.1523968526090374,0.0856756940484047,0.0,0.0,False,-1.67236321431119e-05,82.50598907470703,0.284847617149353,1.934022657223977e-05,0.0,2.4414061883248905e-08,0.9999998807907104,6.866575241088867,0.0,0.0,0.0,0.0016879512695595622,0.0,0.0,100,0.2,0.1975,0.05,952,curvature_stage2_mpnn_v1,True,1.2475175857543945,1.5000001192092896,1.5,38,normalized_degree|time_since_last_tx|consecutive_tx_attempts|congestion_ewma|self_information_increment,0.10673599690198898,0.03469039499759674,0.05736881494522095,0.21430417895317078,-0.24403388798236847,0.03629474714398384,-0.3170570433139801,-0.0681329146027565,0.0856756940484047,0.02820170484483242,0.9808019728682335,mpnn,5,3,16,mean_max,32,38,380800,3808.0,0.9408376812934875,0.9303613305091858,0.1445900797843933,1.4002400636672974,0.16322435438632965,0.0856756940484047,0.02820170484483242,0.04309222102165222,0.048788401484489444,0.08137927949428558,0.1135275274515152,0.2024383246898651,0.02818516083061695,0.02820170484483242,0.02807626686990261
81,7.979949744008482,0.08192500004544855,0.08334265663028814,0.1,-0.016657343369711863,-0.16657341703977693,-0.16657341703977693,0.0815802738070488,0.0,0.0,False,-7.006835858192062e-06,87.61050415039062,0.27378609776496887,3.198569538653828e-05,0.0,2.4414061883248905e-08,0.9999998807907104,6.6131978034973145,0.0,0.0,0.0,0.0011330053675919771,0.0,0.0,100,0.2,0.185,0.05,954,curvature_stage2_mpnn_v1,True,1.2475175857543945,1.5000001192092896,1.5,38,normalized_degree|time_since_last_tx|consecutive_tx_attempts|congestion_ewma|self_information_increment,0.1038999855518341,0.03393073007464409,0.05736881494522095,0.21430417895317078,-0.2680952250957489,0.035779159516096115,-0.34208229184150696,-0.07009599357843399,0.0815802738070488,0.027255954220891,0.9810352510085395,mpnn,5,3,16,mean_max,32,38,381600,3816.0,0.9416273832321167,0.9577378034591675,0.1493956744670868,1.4521769285202026,0.16195401549339294,0.0815802738070488,0.027255954220891,0.04238814115524292,0.050592759251594545,0.07700705528259277,0.11435627341270446,0.2025224268436432,0.027234168723225594,0.027255954220891,0.02713177725672722
82,7.25583409126848,0.08247500005643815,0.08290882834336315,0.1,-0.017091171656636858,-0.17091169947519863,-0.17091169947519863,0.07980598509311676,0.0,0.0,False,-8.544922138753464e-07,86.64419555664062,0.2728995978832245,7.475372512999456e-06,0.0,0.0,0.9999997615814209,6.634758949279785,0.0,0.0,0.0,0.0018726858543232083,0.0,0.0,100,0.2,0.205,0.03,964,curvature_stage2_mpnn_v1,True,1.2475175857543945,1.5000001192092896,1.5,38,normalized_degree|time_since_last_tx|consecutive_tx_attempts|congestion_ewma|self_information_increment,0.10457926988601685,0.03421636298298836,0.05736881494522095,0.21430417895317078,-0.2997019588947296,0.03936895355582237,-0.37866896390914917,-0.07325241714715958,0.07980598509311676,0.02687869966030121,0.9804818079354305,mpnn,5,3,16,mean_max,32,38,385600,3856.0,0.9427282214164734,0.9510322213172913,0.15357646346092224,1.435256838798523,0.1706196367740631,0.07980598509311676,0.02687869966030121,0.04080408811569214,0.0473816603422165,0.07463790103793144,0.1105843186378479,0.20211568474769592,0.026852335780858994,0.02687869966030121,0.026736101135611534
83,7.434439914934337,0.08105000010225921,0.08197941422281119,0.1,-0.01802058577718882,-0.18020583975130422,-0.18020583975130422,0.08150531351566315,0.0,0.0,False,-4.1381834307685494e-05,85.71282958984375,0.28271275758743286,4.8917849198915064e-05,0.0,0.0,0.9999998807907104,6.788704872131348,0.0,0.0,0.0,0.0030956673435866833,0.0,0.0,100,0.2,0.1875,0.05,1118,curvature_stage2_mpnn_v1,True,1.2475175857543945,1.5000001192092896,1.5,38,normalized_degree|time_since_last_tx|consecutive_tx_attempts|congestion_ewma|self_information_increment,0.10697351396083832,0.03620317578315735,0.05736881494522095,0.21430417895317078,-0.30281519889831543,0.04073534160852432,-0.38348886370658875,-0.07482333481311798,0.08150531351566315,0.02848844788968563,0.9798666343361324,mpnn,5,3,16,mean_max,32,38,447200,4472.0,0.9372786283493042,0.9060381054878235,0.1491708606481552,1.3676859140396118,0.164964959025383,0.08150531351566315,0.02848844788968563,0.04015132784843445,0.04916454255580902,0.0782424807548523,0.11546952724456787,0.20177555084228516,0.028462514281272888,0.02848844788968563,0.028335005044937134
84,7.472393181435764,0.07929999988991768,0.08063970705636443,0.1,-0.019360292943635574,-0.19360291007606473,-0.19360291007606473,0.078181691467762,0.0,0.0,False,1.3122558812028728e-05,86.40951538085938,0.2743809223175049,-4.777565436597797e-07,0.0,2.4414061883248905e-08,0.9999999403953552,6.775275230407715,0.0,0.0,0.0,0.0012355013750493526,0.0,0.0,100,0.2,0.1675,0.01,950,curvature_stage2_mpnn_v1,True,1.2475175857543945,1.5000001192092896,1.5,38,normalized_degree|time_since_last_tx|consecutive_tx_attempts|congestion_ewma|self_information_increment,0.09870826452970505,0.031875643879175186,0.05736881494522095,0.17073550820350647,-0.2560305595397949,0.041327305138111115,-0.3393339514732361,-0.06571441888809204,0.078181691467762,0.025349996984004974,0.9894778769048714,mpnn,5,3,16,mean_max,32,38,380000,3800.0,0.9453631639480591,0.8501759767532349,0.1478460431098938,1.2946226596832275,0.16511088609695435,0.078181691467762,0.025349996984004974,0.04246807098388672,0.04714194536209107,0.07593455910682678,0.11640362441539764,0.16107586026191711,0.025331854820251465,0.025349996984004974,0.025195365771651268
85,7.591683595068753,0.0811249999050051,0.08088235348068476,0.1,-0.019117646519315246,-0.19117644607550785,-0.19117644607550785,0.08096149563789368,0.0,0.0,False,-7.653809007024392e-06,92.5540542602539,0.28153863549232483,7.676845598325599e-06,0.0,0.0,0.9999998211860657,6.3452229499816895,0.0,0.0,0.0,0.0008311098208650947,0.0,0.0,100,0.2,0.1425,0.0,990,curvature_stage2_mpnn_v1,True,1.2475175857543945,1.5000001192092896,1.5,38,normalized_degree|time_since_last_tx|consecutive_tx_attempts|congestion_ewma|self_information_increment,0.09949173778295517,0.022266600281000137,0.05736881494522095,0.17073550820350647,-0.227036714553833,0.038411397486925125,-0.30190661549568176,-0.06281358003616333,0.08096149563789368,0.018332665786147118,0.9896074935797047,mpnn,5,3,16,mean_max,32,38,396000,3960.0,0.9427196979522705,0.8198480010032654,0.13899795711040497,1.2436226606369019,0.16164489090442657,0.08096149563789368,0.018332665786147118,0.04378938674926758,0.05423683077096939,0.08136436343193054,0.10174402296543121,0.16162866353988647,0.018310213461518288,0.018332665786147118,0.018121303990483284
86,7.0981810588017105,0.09115000000689179,0.08601617674378828,0.1,-0.013983823256211725,-0.1398382185782954,-0.1398382185782954,0.0905827134847641,0.0,0.0,False,4.113769591640448e-06,88.27621459960938,0.2991834580898285,-1.2697856845989008e-06,0.0,0.0,0.9999999403953552,6.6118974685668945,0.0,0.0,0.0,0.0016336211701855063,0.0,0.0,100,0.2,0.1925,0.04,962,curvature_stage2_mpnn_v1,True,1.2475175857543945,1.5000001192092896,1.5,38,normalized_degree|time_since_last_tx|consecutive_tx_attempts|congestion_ewma|self_information_increment,0.10905245691537857,0.036732371896505356,0.05736881494522095,0.21430417895317078,-0.20720957219600677,0.03824099153280258,-0.27519354224205017,-0.061634086072444916,0.0905827134847641,0.03091234154999256,0.9830027871128022,mpnn,5,3,16,mean_max,32,38,384800,3848.0,0.9467905163764954,0.8139587044715881,0.14330823719501495,1.2467843294143677,0.162056103348732,0.0905827134847641,0.03091234154999256,0.04491621255874634,0.050683459639549254,0.08524973690509796,0.13092606663703918,0.2041091024875641,0.030899422243237495,0.03091234154999256,0.030764002352952957
87,7.04440631378442,0.08430000006221235,0.08515808840300032,0.1,-0.014841911596999685,-0.14841910112808673,-0.14841910112808673,0.0840102806687355,0.0,0.0,False,-1.2707519090326969e-05,84.2911148071289,0.28373852372169495,2.4485118501615943e-06,0.0,-2.4414061883248905e-08,0.9999999403953552,6.744101524353027,0.0,0.0,0.0,0.0013152449391782284,0.0,0.0,100,0.2,0.1875,0.04,1060,curvature_stage2_mpnn_v1,True,1.2475175857543945,1.5000001192092896,1.5,38,normalized_degree|time_since_last_tx|consecutive_tx_attempts|congestion_ewma|self_information_increment,0.10101199895143509,0.03343949094414711,0.05736881494522095,0.21430417895317078,-0.20381207764148712,0.03739981725811958,-0.26938456296920776,-0.06351487338542938,0.0840102806687355,0.028121987357735634,0.9813923962080309,mpnn,5,3,16,mean_max,32,38,424000,4240.0,0.9399504661560059,0.8093447685241699,0.14542421698570251,1.2351783514022827,0.16519539058208466,0.0840102806687355,0.028121987357735634,0.04488226771354675,0.05523737370967865,0.07737775146961212,0.1121182233095169,0.20380374789237976,0.028110411018133163,0.028121987357735634,0.02799065224826336
88,9.513389633446932,0.08082500000018626,0.0829915442015933,0.1,-0.017008455798406708,-0.17008454097561299,-0.17008454097561299,0.0821450799703598,0.0,0.0,False,-2.1826172087457962e-05,107.49908447265625,0.28086015582084656,2.1553067199420184e-05,0.0,0.0,0.9999999403953552,6.885655403137207,0.0,0.0,0.0,0.0015192332211881876,0.0,0.0,100,0.2,0.19,0.03,1068,curvature_stage2_mpnn_v1,True,1.2475175857543945,1.5000001192092896,1.5,38,normalized_degree|time_since_last_tx|consecutive_tx_attempts|congestion_ewma|self_information_increment,0.09905992448329926,0.03442564606666565,0.05736881494522095,0.21430417895317078,-0.20680955052375793,0.04043959453701973,-0.2778021991252899,-0.06455685198307037,0.0821450799703598,0.02888030745089054,0.9814027915808662,mpnn,5,3,16,mean_max,32,38,427200,4272.0,0.9336423277854919,0.7776713967323303,0.14338131248950958,1.1809574365615845,0.16880808770656586,0.0821450799703598,0.02888030745089054,0.044751912355422974,0.05094361007213593,0.07519388943910599,0.11438198685646057,0.20334309339523315,0.028866436332464218,0.02888030745089054,0.028732813894748688
89,7.450389657504856,0.08765000001527369,0.0853207721084335,0.1,-0.014679227891566504,-0.14679226423643862,-0.14679226423643862,0.08815149962902069,0.0,0.0,False,-3.096923683187924e-05,95.30207061767578,0.29156693816185,5.672438874171348e-06,0.0,0.0,0.9999998807907104,6.643924236297607,0.0,0.0,0.0,0.004847826436161995,0.0,0.0,100,0.2,0.1875,0.05,976,curvature_stage2_mpnn_v1,True,1.2475175857543945,1.5000001192092896,1.5,38,normalized_degree|time_since_last_tx|consecutive_tx_attempts|congestion_ewma|self_information_increment,0.10428749769926071,0.033573612570762634,0.05736881494522095,0.21430417895317078,-0.1869378238916397,0.04573575779795647,-0.27078402042388916,-0.059485163539648056,0.08815149962902069,0.028743188828229904,0.9818235991681324,mpnn,5,3,16,mean_max,32,38,390400,3904.0,0.9455097317695618,0.7822699546813965,0.14766551554203033,1.1893891096115112,0.17620578408241272,0.08815149962902069,0.028743188828229904,0.04496282339096069,0.058097100257873534,0.0829409658908844,0.11693276464939117,0.20445841550827026,0.02872789464890957,0.028743188828229904,0.028525937348604202
90,6.81270556718111,0.08590000011492521,0.08561038611167936,0.1,-0.014389613888320649,-0.14389612449359404,-0.14389612449359404,0.08540397882461548,0.0,0.0,False,8.544921570319275e-08,92.23384857177734,0.28125452995300293,5.198396320338361e-05,0.0,2.4414061883248905e-08,1.0,6.596032619476318,0.0,0.0,0.0,0.00036599088343791664,0.0,0.0,100,0.2,0.1925,0.06,1024,curvature_stage2_mpnn_v1,True,1.2475175857543945,1.5000001192092896,1.5,38,normalized_degree|time_since_last_tx|consecutive_tx_attempts|congestion_ewma|self_information_increment,0.10303198546171188,0.0348014198243618,0.05736881494522095,0.21430417895317078,-0.20730824768543243,0.053484827280044556,-0.3089899718761444,-0.06377578526735306,0.08540397882461548,0.028886495158076286,0.9868347011134991,mpnn,5,3,16,mean_max,32,38,409600,4096.0,0.9416479468345642,0.8258485198020935,0.1553966999053955,1.249574065208435,0.18641561269760132,0.08540397882461548,0.028886495158076286,0.04305890202522278,0.05479648411273956,0.07728023827075958,0.12557148039340973,0.20352336764335632,0.028869638219475746,0.028886495158076286,0.02861061692237854
91,8.338524242527782,0.07694999986328184,0.0812801929874806,0.1,-0.018719807012519407,-0.18719805140538892,-0.18719805140538892,0.07598146051168442,0.0,0.0,False,-4.1503906800244295e-07,105.56226348876953,0.2653849124908447,3.7424556467158254e-06,0.0,0.0,0.9999998807907104,6.387249946594238,0.0,0.0,0.0,0.0028992609586566687,0.0,0.0,100,0.2,0.13,0.0,1010,curvature_stage2_mpnn_v1,True,1.2475175857543945,1.5000001192092896,1.5,38,normalized_degree|time_since_last_tx|consecutive_tx_attempts|congestion_ewma|self_information_increment,0.09539783000946045,0.02654922939836979,0.05736881494522095,0.15987294912338257,-0.24940471351146698,0.05728583782911301,-0.3568854033946991,-0.07439851760864258,0.07598146051168442,0.02127799578011036,0.9901791254517986,mpnn,5,3,16,mean_max,32,38,404000,4040.0,0.9395965337753296,0.8044402599334717,0.14718195796012878,1.2199585437774658,0.179139643907547,0.07598146051168442,0.02127799578011036,0.04161563515663147,0.052274346351623535,0.07385121285915375,0.10501093864440918,0.1486665904521942,0.021252674981951714,0.02127799578011036,0.02093224599957466
92,7.380482075996697,0.08389999995939433,0.08259009647343746,0.1,-0.017409903526562548,-0.17409901785572368,-0.17409901785572368,0.08295953273773193,0.0,0.0,False,-1.5966796127031557e-05,93.54041290283203,0.2833366096019745,-8.939207873481791e-06,0.0,-2.4414061883248905e-08,0.9999997615814209,6.535415172576904,0.0,0.0,0.0,0.0008421220700256526,0.0,0.0,100,0.2,0.205,0.06,918,curvature_stage2_mpnn_v1,True,1.2475175857543945,1.5000001192092896,1.5,38,normalized_degree|time_since_last_tx|consecutive_tx_attempts|congestion_ewma|self_information_increment,0.10345910489559174,0.038260411471128464,0.05736881494522095,0.21430417895317078,-0.24324248731136322,0.060815490782260895,-0.3583245873451233,-0.07190138846635818,0.08295953273773193,0.030638257041573524,0.9795856947551694,mpnn,5,3,16,mean_max,32,38,367200,3672.0,0.941838264465332,0.7514444589614868,0.14642485976219177,1.1512172222137451,0.17717906832695007,0.08295953273773193,0.030638257041573524,0.041430264711380005,0.048711201548576354,0.07876110076904297,0.1175022482872009,0.20228663086891174,0.030618473887443542,0.030638257041573524,0.030331792309880257
93,8.198326770178973,0.08692499990575016,0.0847575481895938,0.1,-0.015242451810406205,-0.15242450286161177,-0.15242450286161177,0.08441831916570663,0.0,0.0,False,-1.1486816219985485e-05,100.07347869873047,0.28656092286109924,-3.582869248930365e-05,0.0,-2.4414061883248905e-08,0.9999998211860657,6.692268371582031,0.0,0.0,0.0,0.0008687429944984615,0.0,0.0,100,0.2,0.2125,0.06,896,curvature_stage2_mpnn_v1,True,1.2475175857543945,1.5000001192092896,1.5,38,normalized_degree|time_since_last_tx|consecutive_tx_attempts|congestion_ewma|self_information_increment,0.1033867821097374,0.038130272179841995,0.05736881494522095,0.21430417895317078,-0.2237745076417923,0.06279518455266953,-0.3422192633152008,-0.061574291437864304,0.08441831916570663,0.031222879886627197,0.9828745465346883,mpnn,5,3,16,mean_max,32,38,358400,3584.0,0.9473828077316284,0.7204229831695557,0.1434847116470337,1.0857805013656616,0.18371376395225525,0.08441831916570663,0.031222879886627197,0.04197937622666359,0.04797917902469635,0.07978402078151703,0.12431128695607184,0.20404285192489624,0.03120182268321514,0.031222879886627197,0.03087807074189186
94,6.837862621806562,0.08874999997671694,0.08675377408315538,0.1,-0.013246225916844628,-0.1324622459222217,-0.1324622459222217,0.08752750605344772,0.0,0.0,False,8.544922138753464e-07,92.27914428710938,0.29469355940818787,-3.5699013096746057e-06,0.0,2.4414061883248905e-08,0.9999998211860657,6.680360317230225,0.0,0.0,0.0,0.0007458067848347127,0.0,0.0,100,0.2,0.19,0.02,984,curvature_stage2_mpnn_v1,True,1.2475175857543945,1.5000001192092896,1.5,38,normalized_degree|time_since_last_tx|consecutive_tx_attempts|congestion_ewma|self_information_increment,0.10458557307720184,0.031956180930137634,0.05736881494522095,0.21430417895317078,-0.19702795147895813,0.06601123511791229,-0.31799495220184326,-0.058538079261779785,0.08752750605344772,0.026773279532790184,0.9840536224851091,mpnn,5,3,16,mean_max,32,38,393600,3936.0,0.9424415826797485,0.6935185790061951,0.14277639985084534,1.0563108921051025,0.17944101989269257,0.08752750605344772,0.026773279532790184,0.04299347102642059,0.054716721177101135,0.0860666036605835,0.12338714301586151,0.20385843515396118,0.02674681693315506,0.026773279532790184,0.026275448501110077
95,7.249760355092585,0.09060000014025718,0.08867688711170628,0.1,-0.011323112888293727,-0.11323111755982551,-0.11323111755982551,0.0903441309928894,0.0,0.0,False,-4.614257704815827e-06,91.64218139648438,0.3006899654865265,9.011372981149179e-07,0.0,-2.4414061883248905e-08,0.9999998807907104,6.612759590148926,0.0,0.0,0.0,0.0006616749451495707,0.0,0.0,100,0.2,0.17,0.03,894,curvature_stage2_mpnn_v1,True,1.2475175857543945,1.5000001192092896,1.5,38,normalized_degree|time_since_last_tx|consecutive_tx_attempts|congestion_ewma|self_information_increment,0.10664885491132736,0.03160566836595535,0.05736881494522095,0.21430417895317078,-0.18383102118968964,0.06831851601600647,-0.3075273633003235,-0.054354168474674225,0.0903441309928894,0.026802504435181618,0.9851386350131285,mpnn,5,3,16,mean_max,32,38,357600,3576.0,0.9431571364402771,0.6689050793647766,0.1386784315109253,1.0117411613464355,0.18190094828605652,0.0903441309928894,0.026802504435181618,0.04360964894294739,0.05670194327831268,0.08712853491306305,0.12478699386119842,0.20432087779045105,0.026775771751999855,0.026802504435181618,0.02625003084540367
96,7.416905061379075,0.09259999981150031,0.0906384434616033,0.1,-0.00936155653839671,-0.09361555602241149,-0.09361555602241149,0.091910220682621,0.0,0.0,False,-3.051757857974735e-06,89.34025573730469,0.3018949627876282,-4.010259999631671e-06,0.0,0.0,0.9999998211860657,6.618252754211426,0.0,0.0,0.0,0.0004796684661414474,0.0,0.0,100,0.2,0.2125,0.09,988,curvature_stage2_mpnn_v1,True,1.2475175857543945,1.5000001192092896,1.5,38,normalized_degree|time_since_last_tx|consecutive_tx_attempts|congestion_ewma|self_information_increment,0.10736946016550064,0.04088073968887329,0.05736881494522095,0.21430417895317078,-0.17182336747646332,0.06803513318300247,-0.30001354217529297,-0.04823325201869011,0.091910220682621,0.034816186875104904,0.9828357158734379,mpnn,5,3,16,mean_max,32,38,395200,3952.0,0.9445925951004028,0.6591907739639282,0.13783803582191467,0.9910640716552734,0.17973832786083221,0.091910220682621,0.034816186875104904,0.04357221722602844,0.05315241813659668,0.08556975424289703,0.1410762906074524,0.20554709434509277,0.03479691222310066,0.034816186875104904,0.034389741718769073
97,7.165878548696637,0.08699999995529652,0.08881922170844991,0.1,-0.011180778291550092,-0.11180777173472374,-0.11180777173472374,0.0882079005241394,0.0,0.0,False,-3.876953269354999e-05,86.5560531616211,0.2964768409729004,5.0419330364093184e-05,0.0,-2.4414061883248905e-08,0.9999998211860657,6.599449634552002,0.0,0.0,0.0,0.0028928762767463923,0.0,0.0,100,0.2,0.18,0.04,1050,curvature_stage2_mpnn_v1,True,1.2475175857543945,1.5000001192092896,1.5,38,normalized_degree|time_since_last_tx|consecutive_tx_attempts|congestion_ewma|self_information_increment,0.10183015465736389,0.03539753332734108,0.05736881494522095,0.21430417895317078,-0.1579756885766983,0.06690952181816101,-0.28325438499450684,-0.040074847638607025,0.0882079005241394,0.03054146282374859,0.9808386524031119,mpnn,5,3,16,mean_max,32,38,420000,4200.0,0.9359714388847351,0.6240338087081909,0.13235163688659668,0.9311408400535583,0.17659813165664673,0.0882079005241394,0.03054146282374859,0.04470852017402649,0.05366019010543824,0.08437292277812958,0.12063994407653808,0.20731711387634277,0.030519330874085426,0.03054146282374859,0.030095787718892097
98,8.132276504784823,0.08195000005885959,0.08538461088365476,0.1,-0.014615389116345245,-0.1461538765480648,-0.1461538765480648,0.08358625322580338,0.0,0.0,False,-2.447509723424446e-05,92.60596466064453,0.2880399823188782,5.4232914408203214e-05,0.0,0.0,0.9999999403953552,6.747223377227783,0.0,0.0,0.0,0.0010060734348371625,0.0,0.0,100,0.2,0.15,0.0,984,curvature_stage2_mpnn_v1,True,1.2475175857543945,1.5000001192092896,1.5,38,normalized_degree|time_since_last_tx|consecutive_tx_attempts|congestion_ewma|self_information_increment,0.09429378062486649,0.02816624939441681,0.05736881494522095,0.15786856412887573,-0.1319933533668518,0.05895914137363434,-0.23757687211036682,-0.03002711944282055,0.08358625322580338,0.024836163967847824,0.9900501051873687,mpnn,5,3,16,mean_max,32,38,393600,3936.0,0.940619945526123,0.5753723382949829,0.12479492276906967,0.8629319071769714,0.16649654507637024,0.08358625322580338,0.024836163967847824,0.04650416970252991,0.055032062530517574,0.07998622953891754,0.12570649087429045,0.1530352532863617,0.024816488847136497,0.024836163967847824,0.024438170716166496
99,6.792525766640901,0.0947499999217689,0.09006730540271182,0.1,-0.009932694597288183,-0.09932693604018823,-0.09932693604018823,0.0934254452586174,0.0,0.0,False,-2.8515625672298484e-05,87.27713775634766,0.30910417437553406,2.579727834017831e-06,0.0,-2.4414061883248905e-08,0.9999998211860657,6.673527240753174,0.0,0.0,0.0,0.0016391585813835263,0.0,0.0,100,0.2,0.22,0.08,1044,curvature_stage2_mpnn_v1,True,1.2475175857543945,1.5000001192092896,1.5,38,normalized_degree|time_since_last_tx|consecutive_tx_attempts|congestion_ewma|self_information_increment,0.10229814797639847,0.03507659584283829,0.05736881494522095,0.21430417895317078,-0.0996890589594841,0.048609621822834015,-0.1878465712070465,-0.021502654999494553,0.0934254452586174,0.031734686344861984,0.9811533158304842,mpnn,5,3,16,mean_max,32,38,417600,4176.0,0.9386661648750305,0.536726713180542,0.1198420375585556,0.8064517378807068,0.15922929346561432,0.0934254452586174,0.031734686344861984,0.04832720756530762,0.056899151206016546,0.08780178427696228,0.1231948137283325,0.20951715111732483,0.03172319009900093,0.031734686344861984,0.031482402235269547
100,7.048294945247472,0.09844999991822988,0.09425865266047084,0.1,-0.0057413473395291625,-0.05741346765394486,-0.05741346765394486,0.09630545973777771,0.0,0.0,False,9.716796739667188e-06,85.25526428222656,0.31475722789764404,-1.328560301772086e-05,0.0,-4.882812376649781e-08,0.9999998807907104,6.76137638092041,0.0,0.0,0.0,0.0012535614660009742,0.0,0.0,100,0.2,0.1925,0.06,1054,curvature_stage2_mpnn_v1,True,1.2475175857543945,1.5000001192092896,1.5,38,normalized_degree|time_since_last_tx|consecutive_tx_attempts|congestion_ewma|self_information_increment,0.10277099907398224,0.0316445492208004,0.05736881494522095,0.21430417895317078,-0.07146617025136948,0.0388663075864315,-0.1424020230770111,-0.009949424304068089,0.09630545973777771,0.02942662127315998,0.9837210401607758,mpnn,5,3,16,mean_max,32,38,421600,4216.0,0.9340465068817139,0.5177374482154846,0.11462824791669846,0.7734689116477966,0.15431663393974304,0.09630545973777771,0.02942662127315998,0.05048748850822449,0.06101399064064026,0.0904758870601654,0.1325216174125671,0.21163782477378845,0.02941899374127388,0.02942662127315998,0.029240131378173828
101,6.414501260407269,0.10655000015627593,0.10040432640837338,0.1,0.0004043264083733733,0.0040432636794073655,0.0,0.10522179305553436,0.0,0.0,False,-1.4038086192158516e-05,78.34241485595703,0.3350107967853546,1.514096538812737e-06,0.0,0.0,0.9999999403953552,6.72344970703125,0.0,0.0,0.0,0.0018100687302649021,0.0,0.0,100,0.2,0.2175,0.05,1074,curvature_stage2_mpnn_v1,True,1.2475175857543945,1.5000001192092896,1.5,38,normalized_degree|time_since_last_tx|consecutive_tx_attempts|congestion_ewma|self_information_increment,0.11063744872808456,0.027425304055213928,0.063936747610569,0.21430417895317078,-0.056022875010967255,0.032292623072862625,-0.11246437579393387,-0.007594706956297159,0.10522179305553436,0.025921249762177467,0.9876400838436438,mpnn,5,3,16,mean_max,32,38,429600,4296.0,0.9333193898200989,0.5017253160476685,0.11374631524085999,0.7472625970840454,0.15409359335899353,0.10522179305553436,0.025921249762177467,0.0576426163315773,0.07862269282341003,0.09873877465724945,0.13911283314228057,0.21266236901283264,0.025914857164025307,0.025921249762177467,0.02574710175395012
102,8.495862630419433,0.10109999968670308,0.10075216304753823,0.1,0.0007521630475382235,0.007521629723219262,0.0,0.09739375114440918,0.0,0.0,False,3.12499992105586e-06,95.28692626953125,0.3146700859069824,-7.182940862549003e-06,0.0,4.882812376649781e-08,0.9999998807907104,6.603196620941162,0.0,0.0,0.0,0.0027291905134916306,0.0,0.0,100,0.2,0.2425,0.05,964,curvature_stage2_mpnn_v1,True,1.2475175857543945,1.5000001192092896,1.5,38,normalized_degree|time_since_last_tx|consecutive_tx_attempts|congestion_ewma|self_information_increment,0.101311095058918,0.03234376013278961,0.05736881494522095,0.21430417895317078,-0.04317963868379593,0.025788012892007828,-0.08666779100894928,-0.002272918587550521,0.09739375114440918,0.030821753665804863,0.9797626400886206,mpnn,5,3,16,mean_max,32,38,385600,3856.0,0.9402515292167664,0.49265459179878235,0.1102302148938179,0.7382102012634277,0.1498626321554184,0.09739375114440918,0.030821753665804863,0.05298224091529846,0.06525785326957703,0.09376226365566254,0.1261394590139389,0.21328559517860413,0.03081911988556385,0.030821753665804863,0.030741961672902107
103,6.441631309948861,0.1005499998992309,0.10065108147338456,0.1,0.0006510814733845516,0.006510814082764107,0.0,0.10108435899019241,0.0,0.0,False,-1.7333984487777343e-06,79.00053405761719,0.3215000331401825,2.858624156942824e-06,0.0,0.0,0.9999999403953552,6.67830228805542,0.0,0.0,0.0,0.0014663442270830274,0.0,0.0,100,0.2,0.235,0.1,938,curvature_stage2_mpnn_v1,True,1.2475175857543945,1.5000001192092896,1.5,38,normalized_degree|time_since_last_tx|consecutive_tx_attempts|congestion_ewma|self_information_increment,0.10489393025636673,0.03521260991692543,0.05736881494522095,0.21430417895317078,-0.04055154323577881,0.02753492258489132,-0.08666148781776428,-0.002568151568993926,0.10108435899019241,0.03363540396094322,0.9846783615666344,mpnn,5,3,16,mean_max,32,38,375200,3752.0,0.9437633156776428,0.47443050146102905,0.11521653831005096,0.7213594913482666,0.1510360687971115,0.10108435899019241,0.03363540396094322,0.05291634798049927,0.06546830832958221,0.09360845386981964,0.15493510365486146,0.21349918842315674,0.03363238647580147,0.03363540396094322,0.0335443913936615
104,7.319277496598661,0.10497499987948686,0.10281304067643571,0.1,0.002813040676435702,0.028130403951316624,0.0,0.10413917154073715,0.0,0.0,False,-3.906249901319825e-07,83.9538345336914,0.32556548714637756,8.000782827366493e-07,0.0,-2.4414061883248905e-08,0.9999998211860657,6.657453536987305,0.0,0.0,0.0,0.000395243609091267,0.0,0.0,100,0.2,0.2325,0.15,924,curvature_stage2_mpnn_v1,True,1.2475175857543945,1.5000001192092896,1.5,38,normalized_degree|time_since_last_tx|consecutive_tx_attempts|congestion_ewma|self_information_increment,0.10830897092819214,0.043632250279188156,0.05736881494522095,0.21430417895317078,-0.0425356887280941,0.029920728877186775,-0.09186195582151413,0.0027129859663546085,0.10413917154073715,0.04155455529689789,0.9824556325725097,mpnn,5,3,16,mean_max,32,38,369600,3696.0,0.949364185333252,0.47708243131637573,0.11308178305625916,0.7235956192016602,0.14846228063106537,0.10413917154073715,0.04155455529689789,0.05265939235687256,0.0565729022026062,0.0989052802324295,0.14834821075201032,0.21453210711479187,0.04155169427394867,0.04155455529689789,0.041464805603027344
105,7.054791927970946,0.09829999984707684,0.10055652026175627,0.1,0.0005565202617562603,0.005565202061042398,0.0,0.09697042405605316,0.0,0.0,False,-2.4316406779689714e-05,82.30904388427734,0.3127414584159851,4.156259819865227e-06,0.0,2.4414061883248905e-08,1.0,6.6475725173950195,0.0,0.0,0.0,0.0017306909430772066,0.0,0.0,100,0.2,0.225,0.08,964,curvature_stage2_mpnn_v1,True,1.2475175857543945,1.5000001192092896,1.5,38,normalized_degree|time_since_last_tx|consecutive_tx_attempts|congestion_ewma|self_information_increment,0.10060466825962067,0.03552502766251564,0.05736881494522095,0.21430417895317078,-0.039591796696186066,0.031877920031547546,-0.09459181874990463,0.00812122505158186,0.09697042405605316,0.03384728729724884,0.9863568637086695,mpnn,5,3,16,mean_max,32,38,385600,3856.0,0.938755214214325,0.48561227321624756,0.10905425995588303,0.7288141846656799,0.14751036465168,0.09697042405605316,0.03384728729724884,0.05252420902252197,0.057765689492225644,0.08825071156024933,0.14581442773342132,0.2148984968662262,0.03384348750114441,0.03384728729724884,0.03373713046312332
106,6.599998484216631,0.10072500003501773,0.10064076014838699,0.1,0.0006407601483869874,0.006407600843109789,0.0,0.10032731294631958,0.0,0.0,False,-4.500732393353246e-05,79.13365936279297,0.3222644031047821,4.252932285453426e-06,0.0,-2.4414061883248905e-08,0.9999998807907104,6.7059712409973145,0.0,0.0,0.0,0.002936514327302575,0.0,0.0,100,0.2,0.2125,0.1,980,curvature_stage2_mpnn_v1,True,1.2475175857543945,1.5000001192092896,1.5,38,normalized_degree|time_since_last_tx|consecutive_tx_attempts|congestion_ewma|self_information_increment,0.10370147973299026,0.03690572455525398,0.05736881494522095,0.21430417895317078,-0.03555718809366226,0.03849240392446518,-0.09963303059339523,0.024407338351011276,0.10032731294631958,0.03528721630573273,0.9869743947480305,mpnn,5,3,16,mean_max,32,38,392000,3920.0,0.9421402812004089,0.48872286081314087,0.08798848092556,0.737443745136261,0.11832882463932037,0.10032731294631958,0.03528721630573273,0.05233299732208252,0.05856416411697865,0.09403479099273682,0.15530843436717987,0.2175065577030182,0.03528192639350891,0.03528721630573273,0.03512196987867355
107,7.259459849521518,0.09942499998956919,0.10003288006897809,0.1,3.288006897808615e-05,0.0003288006569007958,0.0,0.10030688345432281,0.0,0.0,False,-3.837890471913852e-05,81.01377868652344,0.3259037733078003,8.611661178292707e-05,0.0,0.0,1.0,6.6990838050842285,0.0,0.0,0.0,0.0010552846360951662,0.0,0.0,100,0.2,0.23,0.07,1052,curvature_stage2_mpnn_v1,True,1.2475175857543945,1.5000001192092896,1.5,38,normalized_degree|time_since_last_tx|consecutive_tx_attempts|congestion_ewma|self_information_increment,0.10140359401702881,0.035764243453741074,0.05736881494522095,0.21430417895317078,-0.01029359269887209,0.04523705318570137,-0.07718668133020401,0.06401539593935013,0.10030688345432281,0.03468932583928108,0.9820660595073675,mpnn,5,3,16,mean_max,32,38,420800,4208.0,0.9337000846862793,0.5181973576545715,0.06920415163040161,0.7715712189674377,0.09902996569871902,0.10030688345432281,0.03468932583928108,0.05335286259651184,0.0601587325334549,0.09385837614536285,0.14280644357204436,0.22444745898246765,0.03468027710914612,0.03468932583928108,0.03446292132139206
108,6.831760870777071,0.10384999991394579,0.10194143999146194,0.1,0.0019414399914619296,0.0194143979731795,0.0,0.10567138344049454,0.0,0.0,False,-4.2614745325408876e-05,78.37113189697266,0.3404737412929535,0.00021390336041804403,0.0,0.0,0.9999999403953552,6.618113994598389,0.0,0.0,0.0,0.0008155951509252191,0.0,0.0,100,0.2,0.24,0.08,1038,curvature_stage2_mpnn_v1,True,1.2475175857543945,1.5000001192092896,1.5,38,normalized_degree|time_since_last_tx|consecutive_tx_attempts|congestion_ewma|self_information_increment,0.10255994647741318,0.03385450690984726,0.05736881494522095,0.21430417895317078,0.03597027435898781,0.057517118752002716,-0.046410128474235535,0.13367030024528503,0.10567138344049454,0.033726971596479416,0.9819378282033312,mpnn,5,3,16,mean_max,32,38,415200,4152.0,0.9421483874320984,0.5433893203735352,0.0563940554857254,0.8122031688690186,0.08065560460090637,0.10567138344049454,0.033726971596479416,0.05496886372566223,0.06959201991558076,0.09929175674915314,0.1404179334640503,0.23539596796035767,0.03370824456214905,0.033726971596479416,0.03332054987549782
109,6.265428278520703,0.11189999970141798,0.10692071984643996,0.1,0.006920719846439952,0.06920719154368037,0.06920719154368037,0.10926081240177155,0.0,0.0,False,-8.294677536468953e-05,72.53179931640625,0.35388076305389404,0.00010763011960079893,0.0,-2.4414061883248905e-08,0.9999998807907104,6.7393293380737305,0.0,0.0,0.0,0.0013920763740316033,0.0,0.0,100,0.2,0.2025,0.13,998,curvature_stage2_mpnn_v1,True,1.2475175857543945,1.5000001192092896,1.5,38,normalized_degree|time_since_last_tx|consecutive_tx_attempts|congestion_ewma|self_information_increment,0.1009010374546051,0.03131246566772461,0.05736881494522095,0.17073550820350647,0.09226644784212112,0.08250336349010468,-0.020407624542713165,0.2427341789007187,0.10926081240177155,0.03274395316839218,0.9912108025375206,mpnn,5,3,16,mean_max,32,38,399200,3992.0,0.9375275373458862,0.5892181396484375,0.04911362752318382,0.8783125877380371,0.06971706449985504,0.10926081240177155,0.03274395316839218,0.056340932846069336,0.07028433978557587,0.10355839133262634,0.15728811323642733,0.2055155634880066,0.032701488584280014,0.03274395316839218,0.031809043139219284
110,6.712221206575632,0.12099999979138375,0.11396035981891185,0.1,0.013960359818911847,0.13960358422876004,0.13960358422876004,0.12335038930177689,0.0,0.0,False,-0.0002445312566123903,73.93290710449219,0.35580700635910034,1.3497680811269674e-05,0.0,-2.4414061883248905e-08,0.9999997615814209,6.700103282928467,0.0,0.0,0.0,0.0066144755110144615,0.0,0.0,100,0.2,0.245,0.24,982,curvature_stage2_mpnn_v1,True,1.2475175857543945,1.5000001192092896,1.5,38,normalized_degree|time_since_last_tx|consecutive_tx_attempts|congestion_ewma|self_information_increment,0.10477659851312637,0.03448701277375221,0.05736881494522095,0.21430417895317078,0.18931353092193604,0.11427972465753555,0.031090326607227325,0.4092197120189667,0.12335038930177689,0.03852633759379387,0.9861028877442015,mpnn,5,3,16,mean_max,32,38,392800,3928.0,0.930598258972168,0.5554788708686829,0.07462415099143982,0.8315359354019165,0.10218919068574905,0.12335038930177689,0.03852633759379387,0.059315115213394165,0.07620295882225037,0.11954648792743683,0.17418194711208346,0.28364336490631104,0.03844098746776581,0.03852633759379387,0.03665660694241524
111,6.511640395708382,0.11664999973028899,0.11530517977460042,0.1,0.015305179774600414,0.1530517824408259,0.1530517824408259,0.11749424040317535,0.0,0.0,False,-0.00024228515394497663,70.00171661376953,0.33740100264549255,0.0004024734371341765,0.0,0.0,0.9999998807907104,6.7792558670043945,0.0,0.0,0.0,0.004562194924801588,0.0,0.0,100,0.2,0.2175,0.16,1054,curvature_stage2_mpnn_v1,True,1.2475175857543945,1.5000001192092896,1.5,38,normalized_degree|time_since_last_tx|consecutive_tx_attempts|congestion_ewma|self_information_increment,0.10728307068347931,0.03201552480459213,0.05736881494522095,0.21430417895317078,0.1049184799194336,0.12128960341215134,-0.04892124980688095,0.34104081988334656,0.11749424040317535,0.034061942249536514,0.9840637156047738,mpnn,5,3,16,mean_max,32,38,421600,4216.0,0.9284345507621765,0.5811550617218018,0.13036414980888367,0.8846731185913086,0.15876394510269165,0.11749424040317535,0.034061942249536514,0.05501985549926758,0.07550090253353119,0.11439722776412964,0.16117374300956727,0.27185729146003723,0.033973999321460724,0.034061942249536514,0.031809002161026
112,6.19704218160361,0.10304999992251396,0.10917758984855719,0.1,0.009177589848557183,0.0917758893079829,0.0917758893079829,0.10377062857151031,0.0,0.0,False,-0.00015366211300715804,65.72042083740234,0.31465503573417664,0.00022972717124503106,0.0,-4.882812376649781e-08,0.9999998211860657,6.592848777770996,0.0,0.0,0.0,0.0023478055372834206,0.0,0.0,100,0.2,0.2275,0.08,930,curvature_stage2_mpnn_v1,True,1.2475175857543945,1.5000001192092896,1.5,38,normalized_degree|time_since_last_tx|consecutive_tx_attempts|congestion_ewma|self_information_increment,0.10447987914085388,0.031538572162389755,0.05736881494522095,0.21430417895317078,-0.005906232632696629,0.10486278682947159,-0.1317320019006729,0.21199744939804077,0.10377062857151031,0.03058619610965252,0.985154806713595,mpnn,5,3,16,mean_max,32,38,372000,3720.0,0.9462849497795105,0.6531532406806946,0.16475507616996765,1.02915358543396,0.18260405957698822,0.10377062857151031,0.03058619610965252,0.050719887018203735,0.06838691830635071,0.10107173025608063,0.14234625101089476,0.24667319655418396,0.030533693730831146,0.03058619610965252,0.029117703437805176
113,7.180400494709611,0.09724999989382922,0.1032137948711932,0.1,0.003213794871193193,0.03213794549813738,0.0,0.09509255737066269,0.0,0.0,False,-7.492675649700686e-05,72.06128692626953,0.29963645339012146,0.00024345031124539673,0.0,-2.4414061883248905e-08,0.9999998807907104,6.727725982666016,0.0,0.0,0.0,0.0017889600712805986,0.0,0.0,100,0.2,0.23,0.07,1094,curvature_stage2_mpnn_v1,True,1.2475175857543945,1.5000001192092896,1.5,38,normalized_degree|time_since_last_tx|consecutive_tx_attempts|congestion_ewma|self_information_increment,0.1043296605348587,0.033482518047094345,0.05736881494522095,0.21430417895317078,-0.10172192007303238,0.07094099372625351,-0.19349710643291473,0.10530657321214676,0.09509255737066269,0.030117500573396683,0.980181347249328,mpnn,5,3,16,mean_max,32,38,437600,4376.0,0.9428199529647827,0.7998009324073792,0.18445634841918945,1.2570234537124634,0.19161519408226013,0.09509255737066269,0.030117500573396683,0.04802766442298889,0.06007185280323029,0.0927402526140213,0.12788329422473907,0.2258853316307068,0.03009435161948204,0.030117500573396683,0.029567036777734756
114,7.201549233682454,0.09162500000093132,0.09741939743606226,0.1,-0.002580602563937745,-0.025806023058775145,0.0,0.09162060916423798,0.0,0.0,False,-1.3830566786054987e-05,72.77738189697266,0.2921992540359497,8.273645653389394e-05,0.0,2.4414061883248905e-08,0.9999998211860657,6.708981037139893,0.0,0.0,0.0,0.0010377069702371955,0.0,0.0,100,0.2,0.185,0.07,1034,curvature_stage2_mpnn_v1,True,1.2475175857543945,1.5000001192092896,1.5,38,normalized_degree|time_since_last_tx|consecutive_tx_attempts|congestion_ewma|self_information_increment,0.1066470667719841,0.03756262734532356,0.05736881494522095,0.21430417895317078,-0.16751544177532196,0.05758148431777954,-0.2547130882740021,0.013802604749798775,0.09162060916423798,0.03195501118898392,0.9864516176557171,mpnn,5,3,16,mean_max,32,38,413600,4136.0,0.9416513442993164,0.8916241526603699,0.1968010663986206,1.4144599437713623,0.1895654797554016,0.09162060916423798,0.03195501118898392,0.04544878005981445,0.05195826292037964,0.086250439286232,0.13055928945541379,0.20439782738685608,0.03193901479244232,0.03195501118898392,0.0316392220556736
115,7.854288388676942,0.08447500006761402,0.09094719875183814,0.1,-0.009052801248161865,-0.09052800342881831,-0.09052800342881831,0.08258798718452454,0.0,0.0,False,4.943847670801915e-06,81.87322235107422,0.2794071435928345,8.500689546053763e-06,0.0,0.0,0.9999999403953552,6.688330173492432,0.0,0.0,0.0,0.004260043613612652,0.0,0.0,100,0.2,0.1975,0.04,1036,curvature_stage2_mpnn_v1,True,1.2475175857543945,1.5000001192092896,1.5,38,normalized_degree|time_since_last_tx|consecutive_tx_attempts|congestion_ewma|self_information_increment,0.10105714201927185,0.03446993604302406,0.05736881494522095,0.21430417895317078,-0.22250522673130035,0.05932458117604256,-0.31548047065734863,-0.0439196415245533,0.08258798718452454,0.028295090422034264,0.9812027514466221,mpnn,5,3,16,mean_max,32,38,414400,4144.0,0.9283904433250427,0.9157519936561584,0.20306360721588135,1.4463435411453247,0.19566813111305237,0.08258798718452454,0.028295090422034264,0.04319491982460022,0.05143118798732758,0.0787411481142044,0.11316089630126952,0.2015315592288971,0.028276722878217697,0.028295090422034264,0.02798239327967167
116,7.351641416326165,0.08262500000186264,0.08678609937685039,0.1,-0.013213900623149616,-0.13213899301759685,-0.13213899301759685,0.08284793794155121,0.0,0.0,False,-3.591308632167056e-05,79.3614273071289,0.2875206172466278,4.51555970357731e-05,0.0,-2.4414061883248905e-08,0.9999998807907104,6.770719051361084,0.0,0.0,0.0,0.0018987964140251279,0.0,0.0,100,0.2,0.1625,0.01,912,curvature_stage2_mpnn_v1,True,1.2475175857543945,1.5000001192092896,1.5,38,normalized_degree|time_since_last_tx|consecutive_tx_attempts|congestion_ewma|self_information_increment,0.1007813885807991,0.029825162142515182,0.05736881494522095,0.17073552310466766,-0.21545493602752686,0.06066093221306801,-0.30506598949432373,-0.04729147255420685,0.08284793794155121,0.024447601288557053,0.9904210724488995,mpnn,5,3,16,mean_max,32,38,364800,3648.0,0.9436266422271729,0.8942217230796814,0.19979923963546753,1.4300556182861328,0.18732133507728577,0.08284793794155121,0.024447601288557053,0.043406933546066284,0.05573478639125824,0.07880771160125732,0.12393751665949822,0.15911918878555298,0.0244265366345644,0.024447601288557053,0.024053018540143967
117,7.362662630937994,0.08479999999050052,0.08579304968367546,0.1,-0.014206950316324546,-0.14206948895629656,-0.14206948895629656,0.08580764383077621,0.0,0.0,False,1.279296884604264e-05,80.21063232421875,0.29164212942123413,4.0476868889527395e-05,0.0,4.882812376649781e-08,0.9999999403953552,6.865169525146484,0.0,0.0,0.0,0.001200882368721068,0.0,0.0,100,0.2,0.195,0.03,952,curvature_stage2_mpnn_v1,True,1.2475175857543945,1.5000001192092896,1.5,38,normalized_degree|time_since_last_tx|consecutive_tx_attempts|congestion_ewma|self_information_increment,0.10036183148622513,0.03361159563064575,0.05736881494522095,0.21430417895317078,-0.17174509167671204,0.057408493012189865,-0.25944095849990845,-0.033482279628515244,0.08580764383077621,0.028441742062568665,0.9861503367895672,mpnn,5,3,16,mean_max,32,38,380800,3808.0,0.9427022337913513,0.9059879779815674,0.20615503191947937,1.4430161714553833,0.19323882460594177,0.08580764383077621,0.028441742062568665,0.045361995697021484,0.05432739853858948,0.07834769785404205,0.1284312605857849,0.2028450071811676,0.028424115851521492,0.028441742062568665,0.028125595301389694
118,7.356044213287532,0.09052500008139759,0.08815902488253652,0.1,-0.011840975117463487,-0.11840973933366093,-0.11840973933366093,0.09055497497320175,0.0,0.0,False,-5.815429540234618e-05,86.34252166748047,0.30359500646591187,2.6352399800089188e-05,0.0,0.0,0.9999997615814209,6.570611953735352,0.0,0.0,0.0,0.003305962774902582,0.0,0.0,100,0.2,0.2025,0.06,1044,curvature_stage2_mpnn_v1,True,1.2475175857543945,1.5000001192092896,1.5,38,normalized_degree|time_since_last_tx|consecutive_tx_attempts|congestion_ewma|self_information_increment,0.10386429727077484,0.03268939629197121,0.05736881494522095,0.21430417895317078,-0.15172432363033295,0.05360054969787598,-0.23412035405635834,-0.026461202651262283,0.09055497497320175,0.028391970321536064,0.9832348334940987,mpnn,5,3,16,mean_max,32,38,417600,4176.0,0.9414511322975159,0.9247279167175293,0.21360592544078827,1.467926263809204,0.19688007235527039,0.09055497497320175,0.028391970321536064,0.046396251767873764,0.05889558494091034,0.08565381541848183,0.12783568799495698,0.20447412133216858,0.02837076596915722,0.028391970321536064,0.028081970289349556
119,6.905551248453557,0.09794999964535236,0.09305451226394444,0.1,-0.006945487736055564,-0.06945487041506859,-0.06945487041506859,0.09734383225440979,0.0,0.0,False,-5.566406252910383e-05,80.37202453613281,0.320657879114151,2.3429551220033318e-05,0.0,-2.4414061883248905e-08,0.9999998807907104,6.848354816436768,0.0,0.0,0.0,0.0019402055768296123,0.0,0.0,100,0.2,0.1725,0.07,938,curvature_stage2_mpnn_v1,True,1.2475175857543945,1.5000001192092896,1.5,38,normalized_degree|time_since_last_tx|consecutive_tx_attempts|congestion_ewma|self_information_increment,0.10804098099470139,0.03279442712664604,0.05736881494522095,0.17520570755004883,-0.11547453701496124,0.04793830215930939,-0.19555765390396118,-0.019576380029320717,0.09734383225440979,0.029348017647862434,0.9899627174525605,mpnn,5,3,16,mean_max,32,38,375200,3752.0,0.9502958655357361,0.9358725547790527,0.21823379397392273,1.4939990043640137,0.18913544714450836,0.09734383225440979,0.029348017647862434,0.04796919226646423,0.05790278017520904,0.09725524485111237,0.14171552658081055,0.17019078135490417,0.029332637786865234,0.029348017647862434,0.029067452996969223
120,6.765314646139741,0.09792499988805503,0.09548975607599974,0.1,-0.004510243924000262,-0.04510243472975915,0.0,0.09929952025413513,0.0,0.0,False,-1.6601562720097718e-06,77.58097839355469,0.3221074640750885,7.49978789826855e-05,0.0,0.0,0.9999998211860657,6.899831771850586,0.0,0.0,0.0,0.0009011750225909054,0.0,0.0,100,0.2,0.225,0.09,1032,curvature_stage2_mpnn_v1,True,1.2475175857543945,1.5000001192092896,1.5,38,normalized_degree|time_since_last_tx|consecutive_tx_attempts|congestion_ewma|self_information_increment,0.10593372583389282,0.03905246779322624,0.05736881494522095,0.21430417895317078,-0.0712440013885498,0.03899049758911133,-0.1448506861925125,-0.00294452509842813,0.09929952025413513,0.036284439265728,0.9831205460143773,mpnn,5,3,16,mean_max,32,38,412800,4128.0,0.9346100091934204,0.9571134448051453,0.22789590060710907,1.5167049169540405,0.20040163397789001,0.09929952025413513,0.036284439265728,0.05062520503997803,0.06215889155864716,0.09040026366710663,0.14588490426540374,0.21265271306037903,0.03627115115523338,0.036284439265728,0.03612842783331871
121,6.806702520921826,0.09917500002775341,0.09733237805187658,0.1,-0.002667621948123422,-0.026676216813612538,0.0,0.10051161050796509,0.0,0.0,False,-8.71582051331643e-06,80.09239959716797,0.3240019679069519,1.4464272680925205e-05,0.0,0.0,0.9999998807907104,6.527461528778076,0.0,0.0,0.0,0.0016338287387043238,0.0,0.0,100,0.2,0.2,0.06,1114,curvature_stage2_mpnn_v1,True,1.2475175857543945,1.5000001192092896,1.5,38,normalized_degree|time_since_last_tx|consecutive_tx_attempts|congestion_ewma|self_information_increment,0.10399355739355087,0.028790969401597977,0.05736881494522095,0.16512185335159302,-0.037258729338645935,0.03722057119011879,-0.11703122407197952,0.023883633315563202,0.10051161050796509,0.02757006324827671,0.9899883119486651,mpnn,5,3,16,mean_max,32,38,445600,4456.0,0.9394591450691223,0.9559741616249084,0.2281699925661087,1.500864028930664,0.21301302313804626,0.10051161050796509,0.02757006324827671,0.05166119337081909,0.06536689996719361,0.09783200919628143,0.1428849458694458,0.16770300269126892,0.02754991501569748,0.02757006324827671,0.027372095733880997
122,6.638422228470445,0.10812499993480743,0.102728688993342,0.1,0.002728688993341999,0.02728688720473127,0.0,0.1067776009440422,0.0,0.0,False,-7.054443267406896e-05,76.51895904541016,0.3310023844242096,2.9890659789089113e-05,0.0,0.0,0.9999997615814209,6.745110034942627,0.0,0.0,0.0,0.0039033018983900547,0.0,0.0,100,0.2,0.185,0.1,924,curvature_stage2_mpnn_v1,True,1.2475175857543945,1.5000001192092896,1.5,38,normalized_degree|time_since_last_tx|consecutive_tx_attempts|congestion_ewma|self_information_increment,0.10958512127399445,0.030249712988734245,0.05736881494522095,0.17520570755004883,-0.02807765267789364,0.045921336859464645,-0.12457793951034546,0.045190874487161636,0.1067776009440422,0.029080066829919815,0.9910732498093542,mpnn,5,3,16,mean_max,32,38,369600,3696.0,0.9402759671211243,0.8876010179519653,0.21573299169540405,1.4054985046386719,0.19911807775497437,0.1067776009440422,0.029080066829919815,0.05160066485404968,0.07280243933200836,0.10363008081912994,0.1530132085084915,0.1811954379081726,0.029049012809991837,0.029080066829919815,0.028763988986611366
123,7.118898740895093,0.10227499978616833,0.10250184438975517,0.1,0.0025018443897551618,0.02501844139570748,0.0,0.10067871958017349,0.0,0.0,False,1.8627930330694653e-05,78.69886779785156,0.3169627785682678,5.6974113249452785e-05,0.0,0.0,0.9999999403953552,6.810652256011963,0.0,0.0,0.0,0.0014094330836087465,0.0,0.0,100,0.2,0.205,0.1,982,curvature_stage2_mpnn_v1,True,1.2475175857543945,1.5000001192092896,1.5,38,normalized_degree|time_since_last_tx|consecutive_tx_attempts|congestion_ewma|self_information_increment,0.10658864676952362,0.03592744469642639,0.05736881494522095,0.21430417895317078,-0.06226290762424469,0.053496625274419785,-0.1638960838317871,0.027021141722798347,0.10067871958017349,0.033414483070373535,0.984109183537509,mpnn,5,3,16,mean_max,32,38,392800,3928.0,0.9366242289543152,0.8529630899429321,0.20520441234111786,1.3677152395248413,0.18646787106990814,0.10067871958017349,0.033414483070373535,0.04944917559623718,0.05852625668048859,0.09520550072193146,0.1560998946428299,0.2177574336528778,0.03339042887091637,0.033414483070373535,0.0330813005566597
124,7.693347977772355,0.09579999985173344,0.0991509221207443,0.1,-0.0008490778792556997,-0.008490777943479202,0.0,0.09692579507827759,0.0,0.0,False,-2.106933607137762e-05,81.34970092773438,0.31396135687828064,1.8525173800298944e-05,0.0,-4.882812376649781e-08,0.9999997615814209,6.598938465118408,0.0,0.0,0.0,0.003304102225229144,0.0,0.0,100,0.2,0.2125,0.06,1104,curvature_stage2_mpnn_v1,True,1.2475175857543945,1.5000001192092896,1.5,38,normalized_degree|time_since_last_tx|consecutive_tx_attempts|congestion_ewma|self_information_increment,0.1044575423002243,0.03617457300424576,0.05736881494522095,0.21430417895317078,-0.0823483020067215,0.059915415942668915,-0.2019888013601303,0.017590181902050972,0.09692579507827759,0.033244043588638306,0.9824130362176418,mpnn,5,3,16,mean_max,32,38,441600,4416.0,0.9314107894897461,0.8587292432785034,0.2099858522415161,1.3525079488754272,0.19417570531368256,0.09692579507827759,0.033244043588638306,0.048446476459503174,0.06310006976127625,0.08980044722557068,0.1340872824192047,0.21655035018920898,0.0332166813313961,0.033244043588638306,0.03284672275185585
125,7.295930803641677,0.09952499993611127,0.09933796102842779,0.1,-0.0006620389715722153,-0.006620389053683247,0.0,0.1004682332277298,0.0,0.0,False,-4.345703018771019e-06,78.46209716796875,0.3219231069087982,2.049581235041842e-05,0.0,2.4414061883248905e-08,0.9999998211860657,6.797670841217041,0.0,0.0,0.0,0.0019470038823783398,0.0,0.0,100,0.2,0.195,0.06,938,curvature_stage2_mpnn_v1,True,1.2475175857543945,1.5000001192092896,1.5,38,normalized_degree|time_since_last_tx|consecutive_tx_attempts|congestion_ewma|self_information_increment,0.10689534991979599,0.035076260566711426,0.05736881494522095,0.21430417895317078,-0.06853100657463074,0.06381719559431076,-0.1916532665491104,0.03889622539281845,0.1004682332277298,0.0327308289706707,0.9827171233112836,mpnn,5,3,16,mean_max,32,38,375200,3752.0,0.9434701204299927,0.816545844078064,0.20258602499961853,1.3064093589782715,0.18113039433956146,0.1004682332277298,0.0327308289706707,0.04869529604911804,0.06283428966999054,0.09334427118301392,0.1420287549495697,0.22032767534255981,0.03269871324300766,0.0327308289706707,0.032227303832769394
126,6.249642176218331,0.10329999988432974,0.10131898045637877,0.1,0.0013189804563787655,0.01318980324480733,0.0,0.10290032625198364,0.0,0.0,False,-1.0949706847895868e-05,74.54229736328125,0.3250366747379303,4.705691480921814e-06,0.0,2.4414061883248905e-08,1.0,6.802549362182617,0.0,0.0,0.0,0.0014898719964548945,0.0,0.0,100,0.2,0.19,0.07,992,curvature_stage2_mpnn_v1,True,1.2475175857543945,1.5000001192092896,1.5,38,normalized_degree|time_since_last_tx|consecutive_tx_attempts|congestion_ewma|self_information_increment,0.1086830347776413,0.03179088979959488,0.05736881494522095,0.16512185335159302,-0.06012025848031044,0.07229980081319809,-0.19278474152088165,0.06416739523410797,0.10290032625198364,0.029781782999634743,0.9915698405033659,mpnn,5,3,16,mean_max,32,38,396800,3968.0,0.9362121820449829,0.8107978701591492,0.20542746782302856,1.29390287399292,0.18310298025608063,0.10290032625198364,0.029781782999634743,0.04883599281311035,0.06440721452236176,0.09937994182109833,0.1466416597366333,0.17312076687812805,0.02973712980747223,0.029781782999634743,0.029051799327135086
127,6.972217940017581,0.10230000000912697,0.10180949023275288,0.1,0.0018094902327528695,0.018094900518038644,0.0,0.10158602148294449,0.0,0.0,False,-8.410644113610033e-06,78.68819427490234,0.3197702169418335,2.100762321788352e-05,0.0,-2.4414061883248905e-08,0.9999997615814209,6.826179504394531,0.0,0.0,0.0,0.0007358592702075839,0.0,0.0,100,0.2,0.215,0.1,1030,curvature_stage2_mpnn_v1,True,1.2475175857543945,1.5000001192092896,1.5,38,normalized_degree|time_since_last_tx|consecutive_tx_attempts|congestion_ewma|self_information_increment,0.10888304561376572,0.036967698484659195,0.05736881494522095,0.21430417895317078,-0.07608164101839066,0.07765266299247742,-0.22405564785003662,0.06680820137262344,0.10158602148294449,0.033972784876823425,0.9852324071879611,mpnn,5,3,16,mean_max,32,38,412000,4120.0,0.9372233152389526,0.8024822473526001,0.20590047538280487,1.2754870653152466,0.1911306232213974,0.10158602148294449,0.033972784876823425,0.04781234264373779,0.06427499204874039,0.09623165428638458,0.1473627746105194,0.2239254117012024,0.0339326374232769,0.033972784876823425,0.0332658477127552
128,7.685042925067246,0.09315000009257346,0.09747974516266317,0.1,-0.0025202548373368383,-0.025202545853113798,0.0,0.0933634489774704,0.0,0.0,False,-2.320556632184889e-05,81.66412353515625,0.303373247385025,1.4031572391104419e-05,0.0,0.0,0.9999998807907104,6.760771751403809,0.0,0.0,0.0,0.0015136455185711384,0.0,0.0,100,0.2,0.155,0.02,1058,curvature_stage2_mpnn_v1,True,1.2475175857543945,1.5000001192092896,1.5,38,normalized_degree|time_since_last_tx|consecutive_tx_attempts|congestion_ewma|self_information_increment,0.10181960463523865,0.02612725831568241,0.05736881494522095,0.16809719800949097,-0.09556493908166885,0.07496145367622375,-0.2424197942018509,0.05258375033736229,0.0933634489774704,0.023810314014554024,0.991140567473287,mpnn,5,3,16,mean_max,32,38,423200,4232.0,0.9281190633773804,0.7896261215209961,0.20153707265853882,1.2512712478637695,0.19606751203536987,0.0933634489774704,0.023810314014554024,0.046885520219802856,0.06308843493461609,0.08996368944644928,0.12666535377502441,0.17421582341194153,0.023758215829730034,0.023810314014554024,0.022990258410573006
129,7.101640644520521,0.0896999999275431,0.09358987254510313,0.1,-0.006410127454896872,-0.0641012681388419,-0.0641012681388419,0.09169057756662369,0.0,0.0,False,-7.421875125146471e-06,79.65446472167969,0.2992537021636963,-1.8761451428872533e-05,0.0,0.0,0.9999999403953552,6.8569183349609375,0.0,0.0,0.0,0.0008218754082918167,0.0,0.0,100,0.2,0.1575,0.02,1000,curvature_stage2_mpnn_v1,True,1.2475175857543945,1.5000001192092896,1.5,38,normalized_degree|time_since_last_tx|consecutive_tx_attempts|congestion_ewma|self_information_increment,0.10209615528583527,0.028811465948820114,0.05736881494522095,0.15338897705078125,-0.11799055337905884,0.0770755186676979,-0.27960485219955444,0.03413117304444313,0.09169057756662369,0.025656728073954582,0.9935661627586231,mpnn,5,3,16,mean_max,32,38,400000,4000.0,0.937517523765564,0.7760262489318848,0.19717459380626678,1.2367242574691772,0.19753284752368927,0.09169057756662369,0.025656728073954582,0.045128434896469116,0.05758649706840515,0.09043276309967041,0.12694527506828307,0.15651237964630127,0.025619998574256897,0.025656728073954582,0.024910571053624153
130,7.138600521348417,0.09450000006705522,0.09404493630607919,0.1,-0.00595506369392082,-0.059550630984145106,-0.059550630984145106,0.09466155618429184,0.0,0.0,False,-9.172363206744194e-05,78.97148132324219,0.30191776156425476,3.210777504136786e-05,0.0,0.0,0.9999997615814209,6.615832328796387,0.0,0.0,0.0,0.004254910163581371,0.0,0.0,100,0.2,0.205,0.06,928,curvature_stage2_mpnn_v1,True,1.2475175857543945,1.5000001192092896,1.5,38,normalized_degree|time_since_last_tx|consecutive_tx_attempts|congestion_ewma|self_information_increment,0.1075597032904625,0.037325937300920486,0.05736881494522095,0.21430417895317078,-0.14080281555652618,0.07361554354429245,-0.3045100271701813,0.011586419306695461,0.09466155618429184,0.03250499069690704,0.9855898867218732,mpnn,5,3,16,mean_max,32,38,371200,3712.0,0.9364789724349976,0.7995011210441589,0.19873131811618805,1.2526676654815674,0.2119033932685852,0.09466155618429184,0.03250499069690704,0.04443246126174927,0.05813109278678894,0.08931317925453186,0.13658744692802427,0.21436035633087158,0.032477106899023056,0.03250499069690704,0.03194557502865791
131,7.2664737340062855,0.08872499994002282,0.091384968123051,0.1,-0.008615031876949009,-0.08615031015445906,-0.08615031015445906,0.08902060240507126,0.0,0.0,False,-4.245605305186473e-05,80.80830383300781,0.2864970266819,8.375556353712454e-05,0.0,0.0,0.9999997615814209,6.773669242858887,0.0,0.0,0.0,0.0017095064977183938,0.0,0.0,100,0.2,0.21,0.06,1070,curvature_stage2_mpnn_v1,True,1.2475175857543945,1.5000001192092896,1.5,38,normalized_degree|time_since_last_tx|consecutive_tx_attempts|congestion_ewma|self_information_increment,0.10513658076524734,0.034340787678956985,0.05736881494522095,0.21430417895317078,-0.18426774442195892,0.07967817783355713,-0.3624538779258728,-0.021136905997991562,0.08902060240507126,0.02898530475795269,0.9807902109517996,mpnn,5,3,16,mean_max,32,38,428000,4280.0,0.9357990622520447,0.871458888053894,0.21096913516521454,1.3519734144210815,0.22246301174163818,0.08902060240507126,0.02898530475795269,0.04210015758872032,0.060824650526046756,0.08383312821388245,0.11761242747306823,0.20737424492835999,0.0289593692868948,0.02898530475795269,0.028322137892246246
132,7.072473743669689,0.0876249999832362,0.0895049840531436,0.1,-0.01049501594685641,-0.10495014897354919,-0.10495014897354919,0.08543772250413895,0.0,0.0,False,-1.9091796275461093e-05,80.13399505615234,0.27838534116744995,0.0002541713183745742,0.0,0.0,0.9999998807907104,6.734879970550537,0.0,0.0,0.0,0.0007041763747110963,0.0,0.0,100,0.2,0.1775,0.03,952,curvature_stage2_mpnn_v1,True,1.2475175857543945,1.5000001192092896,1.5,38,normalized_degree|time_since_last_tx|consecutive_tx_attempts|congestion_ewma|self_information_increment,0.10686525702476501,0.03056447207927704,0.05736881494522095,0.21430417895317078,-0.24765190482139587,0.09469699114561081,-0.4510200619697571,-0.039936263114213943,0.08543772250413895,0.024628227576613426,0.9840155512613769,mpnn,5,3,16,mean_max,32,38,380800,3808.0,0.9399710893630981,0.9071968793869019,0.21237516403198242,1.413299560546875,0.22825664281845093,0.08543772250413895,0.024628227576613426,0.03867796063423157,0.05492899119853974,0.08400927484035492,0.11455419361591337,0.20440149307250977,0.02459246851503849,0.024628227576613426,0.023577021434903145
133,7.410254809111357,0.07840000014286488,0.08395249209800423,0.1,-0.016047507901995772,-0.16047506297245143,-0.16047506297245143,0.0790104866027832,0.0,0.0,False,-1.8066406482830644e-05,83.51769256591797,0.2627325654029846,5.358446287573315e-05,0.0,-2.4414061883248905e-08,0.9999998807907104,6.719578266143799,0.0,0.0,0.0,0.0006886817282065749,0.0,0.0,100,0.2,0.1825,0.02,922,curvature_stage2_mpnn_v1,True,1.2475175857543945,1.5000001192092896,1.5,38,normalized_degree|time_since_last_tx|consecutive_tx_attempts|congestion_ewma|self_information_increment,0.10565843433141708,0.036096587777137756,0.05736881494522095,0.21430417895317078,-0.32004624605178833,0.10565599799156189,-0.5428426265716553,-0.0649929940700531,0.0790104866027832,0.027005068957805634,0.9865665496914913,mpnn,5,3,16,mean_max,32,38,368800,3688.0,0.9426355957984924,0.9523269534111023,0.21441233158111572,1.4928263425827026,0.22686022520065308,0.0790104866027832,0.027005068957805634,0.0355454683303833,0.04786909520626068,0.07334151864051819,0.11658916473388671,0.19442489743232727,0.02696416899561882,0.027005068957805634,0.025990623980760574
134,8.226130063869059,0.07640000001061707,0.08017624605431065,0.1,-0.01982375394568936,-0.19823751963314162,-0.19823751963314162,0.0770149901509285,0.0,0.0,False,1.352539038634859e-05,86.67798614501953,0.26265522837638855,1.9257733583799563e-05,0.0,-2.4414061883248905e-08,0.9999997615814209,6.995823383331299,0.0,0.0,0.0,0.0011839666403830051,0.0,0.0,100,0.2,0.165,0.02,936,curvature_stage2_mpnn_v1,True,1.2475175857543945,1.5000001192092896,1.5,38,normalized_degree|time_since_last_tx|consecutive_tx_attempts|congestion_ewma|self_information_increment,0.10918654501438141,0.03327866271138191,0.05736881494522095,0.21430417895317078,-0.3874189853668213,0.10501424223184586,-0.606988787651062,-0.0748879536986351,0.0770149901509285,0.024071156978607178,0.9840611078721856,mpnn,5,3,16,mean_max,32,38,374400,3744.0,0.9378979802131653,0.9783827662467957,0.21619662642478943,1.5141021013259888,0.2377813160419464,0.0770149901509285,0.024071156978607178,0.033476829528808594,0.051220306754112245,0.07234469056129456,0.10838530361652374,0.1912693977355957,0.024020085111260414,0.024071156978607178,0.02297789417207241
135,7.499469958208501,0.07404999993275851,0.07711312299353458,0.1,-0.022886877006465425,-0.22886874717777952,-0.22886874717777952,0.07428588718175888,0.0,0.0,False,-9.173584112431854e-05,87.39216613769531,0.2689661681652069,7.124947296688333e-05,0.0,0.0,0.9999998807907104,6.563868522644043,0.0,0.0,0.0,0.005046457052230835,0.0,0.0,100,0.2,0.135,0.0,940,curvature_stage2_mpnn_v1,True,1.2475175857543945,1.5000001192092896,1.5,38,normalized_degree|time_since_last_tx|consecutive_tx_attempts|congestion_ewma|self_information_increment,0.10778573155403137,0.028670918196439743,0.05736881494522095,0.21430417895317078,-0.41209936141967773,0.10733692348003387,-0.6300118565559387,-0.09157554805278778,0.07428588718175888,0.020621266216039658,0.9858964740170697,mpnn,5,3,16,mean_max,32,38,376000,3760.0,0.9426462650299072,0.9115055799484253,0.20935891568660736,1.4186372756958008,0.22801357507705688,0.07428588718175888,0.020621266216039658,0.0325358510017395,0.05254727900028229,0.0709824413061142,0.0994366019964218,0.18794208765029907,0.020571595057845116,0.020621266216039658,0.01937498152256012
136,7.120987634174526,0.07217500012367964,0.07464406155860712,0.1,-0.02535593844139289,-0.253559359057993,-0.253559359057993,0.07775140553712845,0.0,0.0,False,-4.638671725842869e-06,87.1639175415039,0.27808594703674316,0.00042438198579475284,0.0,2.4414061883248905e-08,1.0,6.6690192222595215,0.0,0.0,0.0,0.0005605604383163154,0.0,0.0,100,0.2,0.16,0.03,1074,curvature_stage2_mpnn_v1,True,1.2475175857543945,1.5000001192092896,1.5,38,normalized_degree|time_since_last_tx|consecutive_tx_attempts|congestion_ewma|self_information_increment,0.10651296377182007,0.036843299865722656,0.05736881494522095,0.21430417895317078,-0.34782376885414124,0.10079099237918854,-0.5557771325111389,-0.08371423184871674,0.07775140553712845,0.02715294621884823,0.9842286351858468,mpnn,5,3,16,mean_max,32,38,429600,4296.0,0.9377793073654175,0.8571895956993103,0.20024333894252777,1.333977222442627,0.21658845245838165,0.07775140553712845,0.02715294621884823,0.03509551286697388,0.0494246393442154,0.07069620490074158,0.11193996518850326,0.19053801894187927,0.02712024189531803,0.02715294621884823,0.026267193257808685
137,6.833702774196863,0.08047500003129243,0.07755953079494977,0.1,-0.02244046920505023,-0.22440466961003536,-0.22440466961003536,0.079632468521595,0.0,0.0,False,1.8090820958605036e-05,82.4133529663086,0.2763954997062683,-1.6138128557940945e-06,0.0,0.0,0.9999999403953552,6.670337200164795,0.0,0.0,0.0,0.003174093784764409,0.0,0.0,100,0.2,0.2,0.04,1056,curvature_stage2_mpnn_v1,True,1.2475175857543945,1.5000001192092896,1.5,38,normalized_degree|time_since_last_tx|consecutive_tx_attempts|congestion_ewma|self_information_increment,0.10299558192491531,0.034687235951423645,0.05736881494522095,0.21430417895317078,-0.2824798822402954,0.08844669908285141,-0.47610872983932495,-0.06320115923881531,0.079632468521595,0.026605870574712753,0.9829771045388381,mpnn,5,3,16,mean_max,32,38,422400,4224.0,0.9366879463195801,0.823084831237793,0.1965389996767044,1.2873724699020386,0.2157396674156189,0.079632468521595,0.026605870574712753,0.03742054104804993,0.05116636753082276,0.07510608434677124,0.1118074506521225,0.19415125250816345,0.026584014296531677,0.026605870574712753,0.0258988905698061
138,6.793916395753622,0.08890000004786998,0.08322976542140988,0.1,-0.01677023457859013,-0.1677023290156684,-0.1677023290156684,0.08640474826097488,0.0,0.0,False,-2.808837962220423e-05,82.06672668457031,0.2904638946056366,-2.1770876628579572e-05,0.0,0.0,0.9999998807907104,6.560742378234863,0.0,0.0,0.0,0.0019034779397770762,0.0,0.0,100,0.2,0.2175,0.07,1106,curvature_stage2_mpnn_v1,True,1.2475175857543945,1.5000001192092896,1.5,38,normalized_degree|time_since_last_tx|consecutive_tx_attempts|congestion_ewma|self_information_increment,0.11022429168224335,0.039657965302467346,0.05736881494522095,0.21430417895317078,-0.2700541019439697,0.08705423027276993,-0.45126333832740784,-0.045868176966905594,0.08640474826097488,0.0311454925686121,0.981517788816505,mpnn,5,3,16,mean_max,32,38,442400,4424.0,0.9311686158180237,0.7932335138320923,0.19393381476402283,1.225059151649475,0.2268114686012268,0.08640474826097488,0.0311454925686121,0.03842994570732117,0.05232576131820679,0.08088172972202301,0.12106409370899202,0.19904455542564392,0.031118331477046013,0.0311454925686121,0.030459117144346237
139,7.415901005715131,0.08437500002793968,0.08380238272467477,0.1,-0.016197617275325232,-0.16197615655563666,-0.16197615655563666,0.08463307470083237,0.0,0.0,False,-5.358886846806854e-05,81.53937530517578,0.291560560464859,4.512622399488464e-05,0.0,2.4414061883248905e-08,0.9999998211860657,6.825031757354736,0.0,0.0,0.0,0.002594921039417386,0.0,0.0,100,0.2,0.2025,0.04,926,curvature_stage2_mpnn_v1,True,1.2475175857543945,1.5000001192092896,1.5,38,normalized_degree|time_since_last_tx|consecutive_tx_attempts|congestion_ewma|self_information_increment,0.10599527508020401,0.0316723957657814,0.05736881494522095,0.21430417895317078,-0.24896709620952606,0.09265001118183136,-0.44231128692626953,-0.03875268995761871,0.08463307470083237,0.025388041511178017,0.9813161059213158,mpnn,5,3,16,mean_max,32,38,370400,3704.0,0.9471598267555237,0.6994206309318542,0.18671850860118866,1.0978666543960571,0.2238018959760666,0.08463307470083237,0.025388041511178017,0.03960481286048889,0.056592637300491334,0.08142471313476562,0.11068552136421203,0.20360839366912842,0.025350704789161682,0.025388041511178017,0.024441737681627274
140,6.951954053007066,0.08317500002216548,0.08348869137342013,0.1,-0.016511308626579874,-0.16511306975449175,-0.16511306975449175,0.08370405435562134,0.0,0.0,False,2.0385741663631052e-05,76.99237060546875,0.28672948479652405,2.5927058231900446e-05,0.0,-2.4414061883248905e-08,0.9999998807907104,6.675950050354004,0.0,0.0,0.0,0.0027177035808563232,0.0,0.0,100,0.2,0.1575,0.02,1008,curvature_stage2_mpnn_v1,True,1.2475175857543945,1.5000001192092896,1.5,38,normalized_degree|time_since_last_tx|consecutive_tx_attempts|congestion_ewma|self_information_increment,0.10084298998117447,0.029794966802001,0.05736881494522095,0.17309072613716125,-0.20513521134853363,0.09594927728176117,-0.4014381170272827,-0.018483933061361313,0.08370405435562134,0.024685923010110855,0.9912601154708721,mpnn,5,3,16,mean_max,32,38,403200,4032.0,0.9418055415153503,0.6750880479812622,0.1928664743900299,1.051919937133789,0.2397538274526596,0.08370405435562134,0.024685923010110855,0.0410117506980896,0.05460701286792755,0.07821906730532646,0.11941767334938048,0.16503426432609558,0.024657025933265686,0.024685923010110855,0.023632660508155823
141,6.852957816645503,0.08550000007264316,0.08449434572303165,0.1,-0.015505654276968359,-0.15505652726403085,-0.15505652726403085,0.08793066442012787,0.0,0.0,False,-2.83203121398401e-06,75.80709075927734,0.2948366105556488,1.2945290109200869e-05,0.0,-2.4414061883248905e-08,0.9999999403953552,6.883211612701416,0.0,0.0,0.0,0.0009492893004789948,0.0,0.0,100,0.2,0.18,0.02,962,curvature_stage2_mpnn_v1,True,1.2475175857543945,1.5000001192092896,1.5,38,normalized_degree|time_since_last_tx|consecutive_tx_attempts|congestion_ewma|self_information_increment,0.10448335111141205,0.02992469258606434,0.05736881494522095,0.21430417895317078,-0.19176837801933289,0.09519147127866745,-0.3901309669017792,-0.006497546099126339,0.08793066442012787,0.025423089042305946,0.9823195596035444,mpnn,5,3,16,mean_max,32,38,384800,3848.0,0.9460108876228333,0.6496404409408569,0.18403801321983337,1.0142687559127808,0.23473162949085236,0.08793066442012787,0.025423089042305946,0.04034554958343506,0.05755262672901154,0.08586382865905762,0.116599702835083,0.20782500505447388,0.02539040334522724,0.025423089042305946,0.024286696687340736
142,7.35492625605315,0.08967500009573996,0.0870846729093858,0.1,-0.012915327090614201,-0.1291532579908162,-0.1291532579908162,0.09177082031965256,0.0,0.0,False,-1.2744140803988557e-05,81.0732192993164,0.2997647523880005,-9.465725270274561e-06,0.0,0.0,0.9999998211860657,6.8241682052612305,0.0,0.0,0.0,0.0026813398580998182,0.0,0.0,100,0.2,0.19,0.05,964,curvature_stage2_mpnn_v1,True,1.2475175857543945,1.5000001192092896,1.5,38,normalized_degree|time_since_last_tx|consecutive_tx_attempts|congestion_ewma|self_information_increment,0.10851750522851944,0.03865661472082138,0.05736881494522095,0.21430417895317078,-0.18482071161270142,0.09673718363046646,-0.3862614929676056,-0.0030854393262416124,0.09177082031965256,0.0324275903403759,0.9850012962075709,mpnn,5,3,16,mean_max,32,38,385600,3856.0,0.9397329092025757,0.6640004515647888,0.18984061479568481,1.0185058116912842,0.24621523916721344,0.09177082031965256,0.0324275903403759,0.041267454624176025,0.05438690483570099,0.08678571879863739,0.13328043520450591,0.20999222993850708,0.03239322453737259,0.0324275903403759,0.03147881105542183
143,7.081465404890477,0.08772500002756715,0.08740483646847648,0.1,-0.012595163531523526,-0.125951622720073,-0.125951622720073,0.087553471326828,0.0,0.0,False,-1.46728516483563e-05,79.5204086303711,0.2883768677711487,1.8084299881593324e-05,0.0,0.0,0.9999999403953552,6.63839864730835,0.0,0.0,0.0,0.001174024655483663,0.0,0.0,100,0.2,0.2025,0.02,970,curvature_stage2_mpnn_v1,True,1.2475175857543945,1.5000001192092896,1.5,38,normalized_degree|time_since_last_tx|consecutive_tx_attempts|congestion_ewma|self_information_increment,0.10428047925233841,0.03627176210284233,0.05736881494522095,0.21430417895317078,-0.19217166304588318,0.10594633966684341,-0.4046548306941986,-0.0016222598496824503,0.087553471326828,0.03013051487505436,0.9861765523446516,mpnn,5,3,16,mean_max,32,38,388000,3880.0,0.9415644407272339,0.6736291646957397,0.1946035623550415,1.0471794605255127,0.25256043672561646,0.087553471326828,0.03013051487505436,0.04025813937187195,0.0534631997346878,0.08311136066913605,0.13097394704818724,0.2085976004600525,0.030091509222984314,0.03013051487505436,0.02899932488799095
144,6.6072553075477485,0.08692499996162951,0.087164918215053,0.1,-0.012835081784947008,-0.12835080501438959,-0.12835080501438959,0.08851095288991928,0.0,0.0,False,-8.692627307027578e-05,76.74175262451172,0.2877686023712158,-5.299002077663317e-05,0.0,0.0,0.9999998807907104,6.654180526733398,0.0,0.0,0.0,0.0035823897924274206,0.0,0.0,100,0.2,0.1925,0.04,1018,curvature_stage2_mpnn_v1,True,1.2475175857543945,1.5000001192092896,1.5,38,normalized_degree|time_since_last_tx|consecutive_tx_attempts|congestion_ewma|self_information_increment,0.10755732655525208,0.03764985874295235,0.05736881494522095,0.21430417895317078,-0.21564283967018127,0.11757920682430267,-0.4594137966632843,-0.006410445086658001,0.08851095288991928,0.030867017805576324,0.9842884531772169,mpnn,5,3,16,mean_max,32,38,407200,4072.0,0.9376080632209778,0.7105723023414612,0.20708981156349182,1.1082639694213867,0.2610870897769928,0.08851095288991928,0.030867017805576324,0.03854063153266907,0.051853280514478683,0.08569994568824768,0.1267542093992233,0.20986026525497437,0.03082565777003765,0.030867017805576324,0.02947564423084259
145,7.581084585599601,0.07727499995846301,0.082219959086758,0.1,-0.017780040913242007,-0.17780039135238093,-0.17780039135238093,0.07732855528593063,0.0,0.0,False,-0.00026826170505955815,80.79843139648438,0.25458651781082153,0.00023523895652033389,0.0,-2.4414061883248905e-08,0.9999997615814209,6.7242631912231445,0.0,0.0,0.0,0.006080609280616045,0.0,0.0,100,0.2,0.1625,0.02,986,curvature_stage2_mpnn_v1,True,1.2475175857543945,1.5000001192092896,1.5,38,normalized_degree|time_since_last_tx|consecutive_tx_attempts|congestion_ewma|self_information_increment,0.0975528210401535,0.03198367729783058,0.05736881494522095,0.21430417895317078,-0.2572813332080841,0.14011645317077637,-0.5281358957290649,-0.006505913101136684,0.07732855528593063,0.025667376816272736,0.9811982392893736,mpnn,5,3,16,mean_max,32,38,394400,3944.0,0.9382530450820923,0.7915773987770081,0.22432570159435272,1.2426992654800415,0.27715179324150085,0.07732855528593063,0.025667376816272736,0.035805732011795044,0.05175579190254211,0.07228846848011017,0.10406921505928039,0.20971688628196716,0.025601744651794434,0.025667376816272736,0.02375410869717598
146,6.756575493142009,0.08287500009406358,0.08254747959041078,0.1,-0.017452520409589223,-0.17452518664337358,-0.17452518664337358,0.08362323045730591,0.0,0.0,False,-0.00014157715486362576,75.2199935913086,0.2589402496814728,0.0005574750830419362,0.0,2.4414061883248905e-08,0.9999998211860657,6.740021228790283,0.0,0.0,0.0,0.0025208592414855957,0.0,0.0,100,0.2,0.1675,0.02,886,curvature_stage2_mpnn_v1,True,1.2475175857543945,1.5000001192092896,1.5,38,normalized_degree|time_since_last_tx|consecutive_tx_attempts|congestion_ewma|self_information_increment,0.1170879378914833,0.044220685958862305,0.05736881494522095,0.21430417895317078,-0.37280967831611633,0.1815374791622162,-0.691186249256134,-0.015388975851237774,0.08362323045730591,0.0316954106092453,0.9860978905021638,mpnn,5,3,16,mean_max,32,38,354400,3544.0,0.9470231533050537,0.9088171124458313,0.2521350085735321,1.426499366760254,0.3041045665740967,0.08362323045730591,0.0316954106092453,0.03054472804069519,0.04542827308177948,0.08053752779960632,0.12929949760437012,0.2065291404724121,0.031619004905223846,0.0316954106092453,0.028840387240052223
147,8.136384092383087,0.06592499998863786,0.07423623978952432,0.1,-0.02576376021047569,-0.25763757634099926,-0.25763757634099926,0.06400690227746964,0.0,0.0,False,0.00010122070671059191,85.08991241455078,0.22495363652706146,0.00018618747708387673,0.0,0.0,0.9999998211860657,6.669300556182861,0.0,0.0,0.0,0.004055579658597708,0.0,0.0,100,0.2,0.1525,0.01,954,curvature_stage2_mpnn_v1,True,1.2475175857543945,1.5000001192092896,1.5,38,normalized_degree|time_since_last_tx|consecutive_tx_attempts|congestion_ewma|self_information_increment,0.10501731187105179,0.03675922751426697,0.05736881494522095,0.21430417895317078,-0.5473596453666687,0.18190926313400269,-0.8425262570381165,-0.04857782647013664,0.06400690227746964,0.023779870942234993,0.9851788119025559,mpnn,5,3,16,mean_max,32,38,381600,3816.0,0.945345938205719,0.9290379881858826,0.2505711317062378,1.4618064165115356,0.2983263432979584,0.06400690227746964,0.023779870942234993,0.02628156542778015,0.038092541694641116,0.05855196714401245,0.09359703660011291,0.1982491910457611,0.023662598803639412,0.023779870942234993,0.0212720837444067
148,8.098647475503386,0.06037499989848584,0.06730561984400507,0.1,-0.032694380155994934,-0.32694376886557247,-0.32694376886557247,0.0607149712741375,0.0,0.0,False,-3.085937350988388e-05,85.98028564453125,0.22265839576721191,9.059746844286565e-06,0.0,2.4414061883248905e-08,1.0,6.8730998039245605,0.0,0.0,0.0,0.002388919238001108,0.0,0.0,100,0.2,0.15,0.0,966,curvature_stage2_mpnn_v1,True,1.2475175857543945,1.5000001192092896,1.5,38,normalized_degree|time_since_last_tx|consecutive_tx_attempts|congestion_ewma|self_information_increment,0.10410279780626297,0.033526625484228134,0.05736881494522095,0.21430417895317078,-0.5953826308250427,0.18950967490673065,-0.8837149143218994,-0.06082504242658615,0.0607149712741375,0.021306835114955902,0.9833599926608768,mpnn,5,3,16,mean_max,32,38,386400,3864.0,0.9377251267433167,0.928151547908783,0.25937825441360474,1.4710439443588257,0.3092122972011566,0.0607149712741375,0.021306835114955902,0.024869471788406372,0.03732616305351257,0.05620238184928894,0.08815942406654358,0.18736335635185242,0.021211231127381325,0.021306835114955902,0.018521137535572052
149,8.602341675311328,0.06017499977257103,0.06374030980828804,0.1,-0.03625969019171196,-0.36259686565743304,-0.36259686565743304,0.062479667365550995,0.0,0.0,False,1.3134766049915925e-05,96.37701416015625,0.22606003284454346,-2.4430173652945086e-05,0.0,2.4414061883248905e-08,0.9999999403953552,6.799237251281738,0.0,0.0,0.0,0.0016195749631151557,0.0,0.0,100,0.2,0.1375,0.0,938,curvature_stage2_mpnn_v1,True,1.2475175857543945,1.5000001192092896,1.5,38,normalized_degree|time_since_last_tx|consecutive_tx_attempts|congestion_ewma|self_information_increment,0.10996544361114502,0.04546186700463295,0.05736881494522095,0.21430417895317078,-0.621139645576477,0.20230577886104584,-0.9120111465454102,-0.0381469652056694,0.062479667365550995,0.026262501254677773,0.9857251697906845,mpnn,5,3,16,mean_max,32,38,375200,3752.0,0.9362899661064148,0.927798867225647,0.2689781188964844,1.461606502532959,0.323071151971817,0.062479667365550995,0.026262501254677773,0.024317502975463867,0.033402860164642334,0.05701163411140442,0.10270560011267661,0.18075457215309143,0.026150479912757874,0.026262501254677773,0.0238509401679039
150,8.902927519604564,0.0594499997748062,0.06159515479154712,0.1,-0.03840484520845289,-0.3840484136796875,-0.3840484136796875,0.05783393606543541,0.0,0.0,False,-2.2839354642201215e-05,102.6529312133789,0.21444928646087646,4.371329123387113e-05,0.0,0.0,0.9999999403953552,6.8434906005859375,0.0,0.0,0.0,0.0020720118191093206,0.0,0.0,100,0.2,0.1425,0.0,980,curvature_stage2_mpnn_v1,True,1.2475175857543945,1.5000001192092896,1.5,38,normalized_degree|time_since_last_tx|consecutive_tx_attempts|congestion_ewma|self_information_increment,0.10297401994466782,0.03203211724758148,0.05736881494522095,0.21430417895317078,-0.6348916292190552,0.20498135685920715,-0.927802562713623,-0.035965945571660995,0.05783393606543541,0.019681207835674286,0.9861210998411385,mpnn,5,3,16,mean_max,32,38,392000,3920.0,0.9343035817146301,0.9549226760864258,0.27576783299446106,1.5027028322219849,0.32945919036865234,0.05783393606543541,0.019681207835674286,0.024136364459991455,0.03519939780235291,0.05501246452331543,0.08303275108337402,0.1835263967514038,0.019561046734452248,0.019681207835674286,0.016398321837186813
151,9.128312108404934,0.05394999970681966,0.05777257724918339,0.1,-0.04222742275081662,-0.42227418528074767,-0.42227418528074767,0.05394600331783295,0.0,0.0,False,3.3325195545330644e-06,115.439208984375,0.20359236001968384,3.1061350455274805e-05,0.0,0.0,0.9999999403953552,6.8003458976745605,0.0,0.0,0.0,0.0004931683652102947,0.0,0.0,100,0.2,0.0925,0.0,946,curvature_stage2_mpnn_v1,True,1.2475175857543945,1.5000001192092896,1.5,38,normalized_degree|time_since_last_tx|consecutive_tx_attempts|congestion_ewma|self_information_increment,0.0986889898777008,0.02481929026544094,0.05736881494522095,0.15338897705078125,-0.6634809374809265,0.19777528941631317,-0.942426860332489,-0.03143899515271187,0.05394600331783295,0.01594008505344391,0.9913916689774463,mpnn,5,3,16,mean_max,32,38,378400,3784.0,0.9347119331359863,0.9622673392295837,0.2764485776424408,1.5183417797088623,0.3294658362865448,0.05394600331783295,0.01594008505344391,0.023737937211990356,0.03555186986923218,0.051308825612068176,0.07520511448383331,0.13288140296936035,0.015798665583133698,0.01594008505344391,0.012384512461721897
152,8.119858331494033,0.056899999701417986,0.05733628847530069,0.1,-0.04266371152469932,-0.4266370725832859,-0.4266370725832859,0.05597880855202675,0.0,0.0,False,-6.018066414981149e-06,111.55604553222656,0.21338459849357605,2.4105997908918653e-06,0.0,0.0,0.9999998807907104,7.0233869552612305,0.0,0.0,0.0,0.000796353502664715,0.0,0.0,100,0.2,0.1025,0.0,1082,curvature_stage2_mpnn_v1,True,1.2475175857543945,1.5000001192092896,1.5,38,normalized_degree|time_since_last_tx|consecutive_tx_attempts|congestion_ewma|self_information_increment,0.10627561062574387,0.02713737078011036,0.05736881494522095,0.17073550820350647,-0.7052629590034485,0.1872587352991104,-0.9582129120826721,-0.052768558263778687,0.05597880855202675,0.01639259234070778,0.9933391374267379,mpnn,5,3,16,mean_max,32,38,432800,4328.0,0.929105818271637,0.965406060218811,0.2886481285095215,1.528227686882019,0.3413027822971344,0.05597880855202675,0.01639259234070778,0.02363458275794983,0.03574321568012238,0.054877445101737976,0.07810815274715424,0.12487104535102844,0.016231009736657143,0.01639259234070778,0.01318203192204237
153,8.472170718982817,0.05817499974742532,0.057755644111363004,0.1,-0.042244355888637,-0.42244351664201835,-0.42244351664201835,0.055565714836120605,0.0,0.0,False,8.78906234902388e-07,115.1455078125,0.21125808358192444,-7.549221209046664e-06,0.0,-2.4414061883248905e-08,0.9999998211860657,6.774805545806885,0.0,0.0,0.0,0.0008577897679060698,0.0,0.0,100,0.2,0.14,0.0,946,curvature_stage2_mpnn_v1,True,1.2475175857543945,1.5000001192092896,1.5,38,normalized_degree|time_since_last_tx|consecutive_tx_attempts|congestion_ewma|self_information_increment,0.10429438203573227,0.0351269356906414,0.05736881494522095,0.21430417895317078,-0.6936833262443542,0.19798380136489868,-0.9537878632545471,-0.0667230486869812,0.055565714836120605,0.02045704610645771,0.9812722208632706,mpnn,5,3,16,mean_max,32,38,378400,3784.0,0.9405866861343384,0.940483033657074,0.28096798062324524,1.4978487491607666,0.3310694992542267,0.055565714836120605,0.02045704610645771,0.023360490798950195,0.03473536372184753,0.05174402892589569,0.0800521582365036,0.19045892357826233,0.020329860970377922,0.02045704610645771,0.01772923395037651
154,8.241784352064133,0.06279999987222254,0.06027782199179277,0.1,-0.03972217800820724,-0.3972217403598983,-0.3972217403598983,0.06237288936972618,0.0,0.0,False,-2.7209473046241328e-05,113.85707092285156,0.23191611468791962,2.5875815481413156e-05,0.0,0.0,1.0,6.562629222869873,0.0,0.0,0.0,0.0018534072441980243,0.0,0.0,100,0.2,0.135,0.0,1036,curvature_stage2_mpnn_v1,True,1.2475175857543945,1.5000001192092896,1.5,38,normalized_degree|time_since_last_tx|consecutive_tx_attempts|congestion_ewma|self_information_increment,0.11668265610933304,0.040627554059028625,0.05736881494522095,0.21430417895317078,-0.7028261423110962,0.19445383548736572,-0.9539818167686462,-0.038731951266527176,0.06237288936972618,0.025142254307866096,0.9852958711785241,mpnn,5,3,16,mean_max,32,38,414400,4144.0,0.9299565553665161,0.9133520722389221,0.28191885352134705,1.4489425420761108,0.33924680948257446,0.06237288936972618,0.025142254307866096,0.02332746610045433,0.037446889281272884,0.05645918846130371,0.10089489817619324,0.20120903849601746,0.024972334504127502,0.025142254307866096,0.022201577201485634
155,7.8387770266830925,0.05874999987427145,0.05951391093303211,0.1,-0.04048608906696789,-0.4048608501835939,-0.4048608501835939,0.05768194422125816,0.0,0.0,False,-0.00010162353282794356,108.85369873046875,0.2282390147447586,0.00013603644038084894,0.0,2.4414061883248905e-08,0.9999998807907104,6.65034294128418,0.0,0.0,0.0,0.0022268611937761307,0.0,0.0,100,0.2,0.13,0.0,1086,curvature_stage2_mpnn_v1,True,1.2475175857543945,1.5000001192092896,1.5,38,normalized_degree|time_since_last_tx|consecutive_tx_attempts|congestion_ewma|self_information_increment,0.10438300669193268,0.03534780442714691,0.05736881494522095,0.21430417895317078,-0.6540080308914185,0.21881110966205597,-0.9464401602745056,-0.004974440671503544,0.05768194422125816,0.021255560219287872,0.9823266221803053,mpnn,5,3,16,mean_max,32,38,434400,4344.0,0.9261233806610107,0.8160846829414368,0.2717569172382355,1.2914808988571167,0.34459465742111206,0.05768194422125816,0.021255560219287872,0.02334269881248474,0.03496159911155701,0.05418315529823303,0.0849829524755478,0.19659113883972168,0.021131696179509163,0.021255560219287872,0.01791244000196457
156,6.7810732383653525,0.06607499996665865,0.06279445544984538,0.1,-0.03720554455015462,-0.3720554082960054,-0.3720554082960054,0.06540688127279282,0.0,0.0,False,-4.028320290672127e-06,96.90023803710938,0.23761792480945587,1.9935614545829594e-06,0.0,4.882812376649781e-08,0.9999998807907104,6.777206897735596,0.0,0.0,0.0,0.004918677732348442,0.0,0.0,100,0.2,0.1375,0.0,1052,curvature_stage2_mpnn_v1,True,1.2475175857543945,1.5000001192092896,1.5,38,normalized_degree|time_since_last_tx|consecutive_tx_attempts|congestion_ewma|self_information_increment,0.10693127661943436,0.029949957504868507,0.05736881494522095,0.21430417895317078,-0.5560306906700134,0.25294339656829834,-0.9182736873626709,0.008615048602223396,0.06540688127279282,0.022475428879261017,0.9858631467945894,mpnn,5,3,16,mean_max,32,38,420800,4208.0,0.9335669875144958,0.8358273506164551,0.27536532282829285,1.3268163204193115,0.33975791931152344,0.06540688127279282,0.022475428879261017,0.0245206356048584,0.04065196514129639,0.061442434787750244,0.09571251273155212,0.20091119408607483,0.0222651194781065,0.022475428879261017,0.01622437871992588
157,7.850586884133517,0.061799999829381703,0.06229722763961354,0.1,-0.037702772360386466,-0.3770276859010961,-0.3770276859010961,0.06273379176855087,0.0,0.0,False,1.8151855329051614e-05,101.0748062133789,0.22194567322731018,6.460442818934098e-05,0.0,0.0,0.9999999403953552,6.572695255279541,0.0,0.0,0.0,0.001134001067839563,0.0,0.0,100,0.2,0.13,0.0,1002,curvature_stage2_mpnn_v1,True,1.2475175857543945,1.5000001192092896,1.5,38,normalized_degree|time_since_last_tx|consecutive_tx_attempts|congestion_ewma|self_information_increment,0.1061132550239563,0.04271932691335678,0.05736881494522095,0.21430417895317078,-0.5843227505683899,0.24940860271453857,-0.9251819849014282,0.00722096860408783,0.06273379176855087,0.026877371594309807,0.9846378354178422,mpnn,5,3,16,mean_max,32,38,400800,4008.0,0.9265918135643005,0.8807723522186279,0.2842121422290802,1.3986713886260986,0.34546101093292236,0.06273379176855087,0.026877371594309807,0.024075359106063843,0.03581297695636749,0.0559285432100296,0.10320950448513029,0.21266111731529236,0.026732198894023895,0.026877371594309807,0.022843390703201294
158,8.08228257972747,0.05694999970495701,0.059623613672285275,0.1,-0.04037638632771473,-0.403763822900765,-0.403763822900765,0.05689234659075737,0.0,0.0,False,-6.140136520116357e-06,94.95298767089844,0.21105116605758667,3.7043020711280406e-05,0.0,0.0,0.9999998211860657,6.800972938537598,0.0,0.0,0.0,0.0006513490225188434,0.0,0.0,100,0.2,0.1425,0.0,1064,curvature_stage2_mpnn_v1,True,1.2475175857543945,1.5000001192092896,1.5,38,normalized_degree|time_since_last_tx|consecutive_tx_attempts|congestion_ewma|self_information_increment,0.10109744220972061,0.034805722534656525,0.05736881494522095,0.21430417895317078,-0.6360680460929871,0.22103969752788544,-0.930618166923523,-0.004699597135186195,0.05689234659075737,0.021638106554746628,0.9864784051212925,mpnn,5,3,16,mean_max,32,38,425600,4256.0,0.9258505702018738,0.9014516472816467,0.2804442048072815,1.4442206621170044,0.33035314083099365,0.05689234659075737,0.021638106554746628,0.023592591285705566,0.03326069712638855,0.05249708890914917,0.08619236350059509,0.1696544587612152,0.021487437188625336,0.021638106554746628,0.018090782687067986
159,8.211555285938084,0.058549999869428576,0.059086806770856926,0.1,-0.04091319322914308,-0.4091318913782417,-0.4091318913782417,0.056141454726457596,0.0,0.0,False,-7.885741979407612e-06,97.22299194335938,0.20873048901557922,7.177139195846394e-05,0.0,0.0,0.9999999403953552,6.720006942749023,0.0,0.0,0.0,0.0011281141778454185,0.0,0.0,100,0.2,0.1075,0.0,1016,curvature_stage2_mpnn_v1,True,1.2475175857543945,1.5000001192092896,1.5,38,normalized_degree|time_since_last_tx|consecutive_tx_attempts|congestion_ewma|self_information_increment,0.10183042287826538,0.03627822920680046,0.05736881494522095,0.21430417895317078,-0.6510459780693054,0.21674862504005432,-0.9394619464874268,-0.0067838202230632305,0.056141454726457596,0.021138738840818405,0.9865877273350522,mpnn,5,3,16,mean_max,32,38,406400,4064.0,0.9316682815551758,0.9312522411346436,0.2911471128463745,1.481684923171997,0.34396135807037354,0.056141454726457596,0.021138738840818405,0.02362161874771118,0.0312732994556427,0.052778199315071106,0.08306906223297118,0.18970239162445068,0.021024925634264946,0.021138738840818405,0.018232185393571854
160,9.200405800566077,0.05224999968893826,0.05566840322989759,0.1,-0.04433159677010241,-0.4433159233694318,-0.4433159233694318,0.05544283613562584,0.0,0.0,False,4.1503906800244295e-07,108.68701934814453,0.20797118544578552,-4.049545168527402e-05,0.0,2.4414061883248905e-08,0.9999998211860657,6.819040775299072,0.0,0.0,0.0,0.0007059103227220476,0.0,0.0,100,0.2,0.1175,0.0,1014,curvature_stage2_mpnn_v1,True,1.2475175857543945,1.5000001192092896,1.5,38,normalized_degree|time_since_last_tx|consecutive_tx_attempts|congestion_ewma|self_information_increment,0.10369658470153809,0.03431345894932747,0.05736881494522095,0.21430417895317078,-0.6886492371559143,0.19066539406776428,-0.9423715472221375,-0.03392467275261879,0.05544283613562584,0.02007894217967987,0.9803652547819202,mpnn,5,3,16,mean_max,32,38,405600,4056.0,0.9291346073150635,0.9520381093025208,0.2863733470439911,1.5227234363555908,0.32909318804740906,0.05544283613562584,0.02007894217967987,0.0234280526638031,0.03347359001636505,0.05143687129020691,0.08013308048248291,0.1626841127872467,0.0199870802462101,0.02007894217967987,0.017534127458930016
161,11.397494193501771,0.04884999964851886,0.05225920143920823,0.1,-0.047740798560791775,-0.477407937867124,-0.477407937867124,0.048242442309856415,0.0,0.0,False,-1.980590786843095e-05,123.07189178466797,0.18772724270820618,2.2044374418328516e-05,0.0,2.4414061883248905e-08,0.9999997615814209,7.1608171463012695,0.0,0.0,0.0,0.0020811758004128933,0.0,0.0,100,0.2,0.0975,0.0,1130,curvature_stage2_mpnn_v1,True,1.2475175857543945,1.5000001192092896,1.5,38,normalized_degree|time_since_last_tx|consecutive_tx_attempts|congestion_ewma|self_information_increment,0.09448544681072235,0.027001256123185158,0.05736881494522095,0.15338897705078125,-0.728584885597229,0.17096994817256927,-0.9472590088844299,-0.05575089529156685,0.048242442309856415,0.014957278035581112,0.9922804738248152,mpnn,5,3,16,mean_max,32,38,452000,4520.0,0.9194977879524231,1.0052249431610107,0.28266641497612,1.595611810684204,0.32945942878723145,0.048242442309856415,0.014957278035581112,0.023433595895767212,0.030639562010765075,0.045317843556404114,0.06848690211772919,0.11247438192367554,0.01485438458621502,0.014957278035581112,0.01292438618838787
162,10.16943080343306,0.05129999971482903,0.05177960057701863,0.1,-0.048220399422981376,-0.4822039460094192,-0.4822039460094192,0.051898133009672165,0.0,0.0,False,-7.104492397047579e-06,149.58602905273438,0.19543668627738953,2.4369424863834865e-05,0.0,2.4414061883248905e-08,0.9999998807907104,6.582864761352539,0.0,0.0,0.0,0.0003836692194454372,0.0,0.0,100,0.2,0.13,0.0,950,curvature_stage2_mpnn_v1,True,1.2475175857543945,1.5000001192092896,1.5,38,normalized_degree|time_since_last_tx|consecutive_tx_attempts|congestion_ewma|self_information_increment,0.10233727097511292,0.037996985018253326,0.05736881494522095,0.21430417895317078,-0.7460771203041077,0.16644828021526337,-0.9619320034980774,-0.06999276578426361,0.051898133009672165,0.021532388404011726,0.9820582289471472,mpnn,5,3,16,mean_max,32,38,380000,3800.0,0.929486870765686,1.0178399085998535,0.29388752579689026,1.622973084449768,0.3323292136192322,0.051898133009672165,0.021532388404011726,0.023008525371551514,0.03023386299610138,0.04718434810638428,0.07500945329666137,0.18770283460617065,0.021449005231261253,0.021532388404011726,0.01986411027610302
163,8.561418439373375,0.052699999720789495,0.05223980014890406,0.1,-0.04776019985109595,-0.4776019507507644,-0.4776019507507644,0.05146816372871399,0.0,0.0,False,5.932617114012828e-06,141.6688690185547,0.19828733801841736,7.870187801017892e-06,0.0,-2.4414061883248905e-08,0.9999998807907104,6.692951679229736,0.0,0.0,0.0,0.0014274154091253877,0.0,0.0,100,0.2,0.12,0.0,1028,curvature_stage2_mpnn_v1,True,1.2475175857543945,1.5000001192092896,1.5,38,normalized_degree|time_since_last_tx|consecutive_tx_attempts|congestion_ewma|self_information_increment,0.10531884431838989,0.035822492092847824,0.05736881494522095,0.21430417895317078,-0.7819935083389282,0.14948640763759613,-0.9701640009880066,-0.13336996734142303,0.05146816372871399,0.018865035846829414,0.9875191952657353,mpnn,5,3,16,mean_max,32,38,411200,4112.0,0.926422655582428,1.0243632793426514,0.3028050363063812,1.6338763236999512,0.3374447226524353,0.05146816372871399,0.018865035846829414,0.022834956645965576,0.031065818667411805,0.04699587821960449,0.07664575576782225,0.1729564666748047,0.018784215673804283,0.018865035846829414,0.01744242198765278
164,8.552085108458996,0.05089999956078827,0.05156989985484617,0.1,-0.04843010014515384,-0.48430095302144305,-0.48430095302144305,0.04957077279686928,0.0,0.0,False,-9.812011558096856e-05,139.5696563720703,0.20043417811393738,-1.5558183804387227e-05,0.0,0.0,0.9999998807907104,6.587284088134766,0.0,0.0,0.0,0.0031306897290050983,0.0,0.0,100,0.2,0.1175,0.0,1092,curvature_stage2_mpnn_v1,True,1.2475175857543945,1.5000001192092896,1.5,38,normalized_degree|time_since_last_tx|consecutive_tx_attempts|congestion_ewma|self_information_increment,0.10254919528961182,0.032575104385614395,0.05736881494522095,0.21430417895317078,-0.79251629114151,0.14851726591587067,-0.9720001816749573,-0.11147787421941757,0.04957077279686928,0.017100149765610695,0.9823309538230709,mpnn,5,3,16,mean_max,32,38,436800,4368.0,0.9170283675193787,0.9615835547447205,0.29057133197784424,1.5326794385910034,0.3384944498538971,0.04957077279686928,0.017100149765610695,0.022972822189331055,0.0333994448184967,0.045580700039863586,0.07043541073799134,0.1513841152191162,0.017017846927046776,0.017100149765610695,0.01566930115222931
165,8.792337394282221,0.05232499969657511,0.05194744977571064,0.1,-0.048052550224289364,-0.4805254541903482,-0.4805254541903482,0.05225955694913864,0.0,0.0,False,-0.00022031250409781933,134.4486541748047,0.2163970023393631,0.00028511352138593793,0.0,0.0,0.9999998211860657,6.731807708740234,0.0,0.0,0.0,0.0033644274808466434,0.0,0.0,100,0.2,0.125,0.0,952,curvature_stage2_mpnn_v1,True,1.2475175857543945,1.5000001192092896,1.5,38,normalized_degree|time_since_last_tx|consecutive_tx_attempts|congestion_ewma|self_information_increment,0.10109017044305801,0.03904528170824051,0.05736881494522095,0.21430417895317078,-0.7185832262039185,0.18964779376983643,-0.9532069563865662,-0.02391171082854271,0.05225955694913864,0.021135546267032623,0.9802928618146728,mpnn,5,3,16,mean_max,32,38,380800,3808.0,0.9260215163230896,0.817125141620636,0.2651173174381256,1.2950868606567383,0.3328395187854767,0.05225955694913864,0.021135546267032623,0.023183465003967285,0.02997344136238098,0.04826328158378601,0.07829853296279907,0.1806614100933075,0.02105560712516308,0.021135546267032623,0.019223211333155632
166,7.802262619510293,0.06542499989736825,0.058686224836539444,0.1,-0.04131377516346056,-0.4131377103208346,-0.4131377103208346,0.06519470363855362,0.0,0.0,False,-0.0004936523619107902,119.01206970214844,0.264370858669281,0.0010773352114483714,0.02215000055730343,4.882812376649781e-08,0.9999999403953552,6.684287071228027,0.0,0.0,0.0,0.007327290717512369,0.0,0.0,100,0.2,0.125,0.0,1000,curvature_stage2_mpnn_v1,True,1.2475175857543945,1.5000001192092896,1.5,38,normalized_degree|time_since_last_tx|consecutive_tx_attempts|congestion_ewma|self_information_increment,0.11058115214109421,0.03494752570986748,0.05736881494522095,0.21430417895317078,-0.5921890735626221,0.2351411134004593,-0.907669723033905,-0.00580437621101737,0.06519470363855362,0.02372879348695278,0.9867685850354967,mpnn,5,3,16,mean_max,32,38,400000,4000.0,0.9427124857902527,0.6814085841178894,0.23818591237068176,1.0724073648452759,0.3192139267921448,0.06519470363855362,0.02372879348695278,0.024319320917129517,0.036915856599807735,0.061929598450660706,0.09699888229370114,0.20086511969566345,0.023567957803606987,0.02372879348695278,0.018865032121539116
167,7.679784336891025,0.0705749998614192,0.06463061234897932,0.1,-0.035369387651020684,-0.35369384114082275,-0.35369384114082275,0.06897278130054474,0.0,0.0,False,5.478515595314093e-05,110.93624877929688,0.2562875747680664,5.368352503865026e-05,0.0,0.0,0.9999999403953552,6.6748552322387695,0.0,0.0,0.0,0.0019917006138712168,0.0,0.0,100,0.2,0.15,0.0,930,curvature_stage2_mpnn_v1,True,1.2475175857543945,1.5000001192092896,1.5,38,normalized_degree|time_since_last_tx|consecutive_tx_attempts|congestion_ewma|self_information_increment,0.0981004536151886,0.029590116813778877,0.05736881494522095,0.21430417895317078,-0.4010145366191864,0.24770113825798035,-0.801413357257843,0.029004694893956184,0.06897278130054474,0.024206455796957016,0.9839183865669832,mpnn,5,3,16,mean_max,32,38,372000,3720.0,0.9391263723373413,0.6204807758331299,0.22163431346416473,0.9646669626235962,0.31410282850265503,0.06897278130054474,0.024206455796957016,0.0276029109954834,0.0424314945936203,0.06497956812381744,0.10111402869224549,0.21503600478172302,0.023956170305609703,0.024206455796957016,0.018323352560400963
168,7.078530562445521,0.07887500004377217,0.07175280619637575,0.1,-0.028247193803624254,-0.28247190978905157,-0.28247190978905157,0.078728087246418,0.0,0.0,False,1.3769531506113708e-05,99.38134765625,0.272307813167572,-1.1357076346030226e-06,0.0,2.4414061883248905e-08,0.9999998211860657,6.760161876678467,0.0,0.0,0.0,0.0023530765902251005,0.0,0.0,100,0.2,0.1325,0.0,1018,curvature_stage2_mpnn_v1,True,1.2475175857543945,1.5000001192092896,1.5,38,normalized_degree|time_since_last_tx|consecutive_tx_attempts|congestion_ewma|self_information_increment,0.10667252540588379,0.0303779449313879,0.05736881494522095,0.17073550820350647,-0.3481422960758209,0.24335318803787231,-0.7582940459251404,0.0392351895570755,0.078728087246418,0.026331070810556412,0.9879558541909851,mpnn,5,3,16,mean_max,32,38,407200,4072.0,0.9327775239944458,0.6268978118896484,0.22721418738365173,0.9661669135093689,0.3223550617694855,0.078728087246418,0.026331070810556412,0.028332561254501343,0.049604898691177374,0.07474596798419952,0.11252415776252746,0.17421701550483704,0.02610618993639946,0.026331070810556412,0.019775839522480965
169,7.257618182897568,0.08062499984633177,0.07618890302135375,0.1,-0.02381109697864625,-0.23811094597536792,-0.23811094597536792,0.07946425676345825,0.0,0.0,False,-8.911132681532763e-06,93.47972869873047,0.2692415416240692,3.967581506003626e-05,0.0,2.4414061883248905e-08,0.9999998807907104,6.790378093719482,0.0,0.0,0.0,0.0009550437098369002,0.0,0.0,100,0.2,0.165,0.03,998,curvature_stage2_mpnn_v1,True,1.2475175857543945,1.5000001192092896,1.5,38,normalized_degree|time_since_last_tx|consecutive_tx_attempts|congestion_ewma|self_information_increment,0.106426902115345,0.03547334298491478,0.05736881494522095,0.21430417895317078,-0.3357020616531372,0.25279197096824646,-0.7663848996162415,0.03802790492773056,0.07946425676345825,0.02953886054456234,0.9818317180276487,mpnn,5,3,16,mean_max,32,38,399200,3992.0,0.9413952827453613,0.627434492111206,0.23325254023075104,0.9676617980003357,0.33260592818260193,0.07946425676345825,0.02953886054456234,0.028771966695785522,0.04798470139503479,0.07426667213439941,0.11712034642696378,0.21838322281837463,0.029361510649323463,0.02953886054456234,0.02334466576576233
170,6.588283338807523,0.07939999998547137,0.07779445150341256,0.1,-0.022205548496587443,-0.22205546276032817,-0.22205546276032817,0.07786290347576141,0.0,0.0,False,-1.3171386854082812e-05,82.86841583251953,0.2644447684288025,2.7132364266435616e-05,0.0,0.0,0.9999998807907104,6.866780757904053,0.0,0.0,0.0,0.0008840988739393651,0.0,0.0,100,0.2,0.1725,0.03,960,curvature_stage2_mpnn_v1,True,1.2475175857543945,1.5000001192092896,1.5,38,normalized_degree|time_since_last_tx|consecutive_tx_attempts|congestion_ewma|self_information_increment,0.10559602081775665,0.035110536962747574,0.05736881494522095,0.21430417895317078,-0.35200655460357666,0.2579069435596466,-0.7805494666099548,0.03294261172413826,0.07786290347576141,0.029067106544971466,0.9811990098293139,mpnn,5,3,16,mean_max,32,38,384000,3840.0,0.9431406259536743,0.6387174725532532,0.2355445772409439,0.9898495078086853,0.3337208032608032,0.07786290347576141,0.029067106544971466,0.028510838747024536,0.04693499207496643,0.0718916654586792,0.11662057042121887,0.21750417351722717,0.02885180525481701,0.029067106544971466,0.022696854546666145
171,6.985781812779606,0.07567500009667129,0.07673472580004193,0.1,-0.02326527419995808,-0.23265271873430893,-0.23265271873430893,0.07501685619354248,0.0,0.0,False,-2.050781222351361e-05,82.02989959716797,0.25666776299476624,3.638434282038361e-05,0.0,0.0,0.9999998211860657,6.821596145629883,0.0,0.0,0.0,0.0012614935403689742,0.0,0.0,100,0.2,0.15,0.0,1040,curvature_stage2_mpnn_v1,True,1.2475175857543945,1.5000001192092896,1.5,38,normalized_degree|time_since_last_tx|consecutive_tx_attempts|congestion_ewma|self_information_increment,0.10503377765417099,0.0334693007171154,0.05736881494522095,0.21430417895317078,-0.3874138593673706,0.2636958360671997,-0.8122026920318604,0.027056559920310974,0.07501685619354248,0.027913732454180717,0.9823177819081621,mpnn,5,3,16,mean_max,32,38,416000,4160.0,0.9425023794174194,0.6706095337867737,0.24169957637786865,1.0422202348709106,0.3390045464038849,0.07501685619354248,0.027913732454180717,0.027306556701660156,0.04400492906570434,0.06987413763999939,0.11426801979541777,0.21684084832668304,0.027658652514219284,0.027913732454180717,0.021178901195526123
172,8.161244954913855,0.07214999988675118,0.07444236284339656,0.1,-0.025557637156603447,-0.25557634600839985,-0.25557634600839985,0.07101920247077942,0.0,0.0,False,-1.2622070244105998e-05,86.9614486694336,0.24413156509399414,8.755258022574708e-05,0.0,4.882812376649781e-08,0.9999998807907104,6.7501983642578125,0.0,0.0,0.0,0.0006854392704553902,0.0,0.0,100,0.2,0.1625,0.01,974,curvature_stage2_mpnn_v1,True,1.2475175857543945,1.5000001192092896,1.5,38,normalized_degree|time_since_last_tx|consecutive_tx_attempts|congestion_ewma|self_information_increment,0.1036887913942337,0.046582210808992386,0.05736881494522095,0.21430417895317078,-0.42123720049858093,0.26581451296806335,-0.8245521187782288,0.01757582277059555,0.07101920247077942,0.03274970501661301,0.9882599542348597,mpnn,5,3,16,mean_max,32,38,389600,3896.0,0.9386627078056335,0.6861985921859741,0.2398979365825653,1.068197250366211,0.3357435464859009,0.07101920247077942,0.03274970501661301,0.026198940351605415,0.035714146494865415,0.06156294047832489,0.11812898814678191,0.21520885825157166,0.03253428265452385,0.03274970501661301,0.027892056852579117
173,7.23833233512938,0.07069999982137233,0.07257118133238444,0.1,-0.027428818667615568,-0.27428815924733974,-0.27428815924733974,0.07147084921598434,0.0,0.0,False,7.1533204391016625e-06,80.30448150634766,0.24936987459659576,6.223076525202487e-06,0.0,0.0,0.9999998211860657,6.829121112823486,0.0,0.0,0.0,0.001402548747137189,0.0,0.0,100,0.2,0.1675,0.01,1030,curvature_stage2_mpnn_v1,True,1.2475175857543945,1.5000001192092896,1.5,38,normalized_degree|time_since_last_tx|consecutive_tx_attempts|congestion_ewma|self_information_increment,0.10557115823030472,0.03629130497574806,0.05736881494522095,0.21430417895317078,-0.44726377725601196,0.2752680480480194,-0.8617970943450928,0.012825640849769115,0.07147084921598434,0.0285196416079998,0.9847113970659237,mpnn,5,3,16,mean_max,32,38,412000,4120.0,0.9389587640762329,0.7029739022254944,0.24819067120552063,1.0880571603775024,0.34353816509246826,0.07147084921598434,0.0285196416079998,0.02644169330596924,0.039863485097885135,0.06665633618831635,0.11146050095558166,0.21469786763191223,0.028256133198738098,0.0285196416079998,0.021983034908771515
174,7.497816421240568,0.0677249998645857,0.07014809059848506,0.1,-0.029851909401514942,-0.29851906416324303,-0.29851906416324303,0.06866912543773651,0.0,0.0,False,-2.268066418764647e-05,83.52410125732422,0.24248120188713074,-2.2426263512898004e-06,0.0,0.0,0.9999999403953552,6.828949928283691,0.0,0.0,0.0,0.002136786002665758,0.0,0.0,100,0.2,0.13,0.0,1012,curvature_stage2_mpnn_v1,True,1.2475175857543945,1.5000001192092896,1.5,38,normalized_degree|time_since_last_tx|consecutive_tx_attempts|congestion_ewma|self_information_increment,0.10271576046943665,0.03388307988643646,0.05736881494522095,0.21430417895317078,-0.458301305770874,0.2715594172477722,-0.858836829662323,0.01162168849259615,0.06866912543773651,0.026176903396844864,0.9831886519309292,mpnn,5,3,16,mean_max,32,38,404800,4048.0,0.9414056539535522,0.7231171131134033,0.24437732994556427,1.1117349863052368,0.34398648142814636,0.06866912543773651,0.026176903396844864,0.02569219470024109,0.040192890167236324,0.0638468861579895,0.10384574607014656,0.21490582823753357,0.025902390480041504,0.026176903396844864,0.01969330571591854
175,7.057029805630446,0.06899999991990625,0.06957404525919567,0.1,-0.03042595474080434,-0.3042595169820917,-0.3042595169820917,0.06767258793115616,0.0,0.0,False,-1.7504882634966634e-05,81.14974975585938,0.23752239346504211,7.767350325593725e-05,0.0,0.0,0.9999999403953552,6.784912109375,0.0,0.0,0.0,0.0013247376773506403,0.0,0.0,100,0.2,0.145,0.0,968,curvature_stage2_mpnn_v1,True,1.2475175857543945,1.5000001192092896,1.5,38,normalized_degree|time_since_last_tx|consecutive_tx_attempts|congestion_ewma|self_information_increment,0.10331228375434875,0.033814966678619385,0.05736881494522095,0.21430417895317078,-0.4846811592578888,0.2697050869464874,-0.8695216774940491,0.007941309362649918,0.06767258793115616,0.02611513063311577,0.9825291734360583,mpnn,5,3,16,mean_max,32,38,387200,3872.0,0.9368569254875183,0.7510834336280823,0.2447659969329834,1.1473661661148071,0.34517428278923035,0.06767258793115616,0.02611513063311577,0.02561292052268982,0.04064752757549286,0.06185542047023773,0.1057296186685562,0.21463191509246826,0.025826197117567062,0.02611513063311577,0.01978326588869095
176,7.819470685906708,0.06522499989252538,0.06739952257586052,0.1,-0.03260047742413949,-0.32600474164092075,-0.32600474164092075,0.06479153782129288,0.0,0.0,False,2.4047851638897555e-06,84.67852783203125,0.231672003865242,1.43671604746487e-05,0.0,0.0,0.9999998807907104,6.9097185134887695,0.0,0.0,0.0,0.00045210111420601606,0.0,0.0,100,0.2,0.1125,0.0,1022,curvature_stage2_mpnn_v1,True,1.2475175857543945,1.5000001192092896,1.5,38,normalized_degree|time_since_last_tx|consecutive_tx_attempts|congestion_ewma|self_information_increment,0.10385245084762573,0.029523037374019623,0.05736881494522095,0.17073550820350647,-0.5360616445541382,0.2671845555305481,-0.8999339938163757,-0.0019840605091303587,0.06479153782129288,0.023301318287849426,0.9896537558593724,mpnn,5,3,16,mean_max,32,38,408800,4088.0,0.9455430507659912,0.7794855237007141,0.2436097413301468,1.1936161518096924,0.344376802444458,0.06479153782129288,0.023301318287849426,0.0247822105884552,0.03774025738239288,0.06088338792324066,0.09707533717155456,0.16745951771736145,0.022987408563494682,0.023301318287849426,0.016406992450356483
177,7.5970929219573735,0.06629999977070838,0.06684976117328445,0.1,-0.033150238826715556,-0.33150235511692006,-0.33150235511692006,0.06718854606151581,0.0,0.0,False,9.033203127728484e-07,84.7181167602539,0.23973220586776733,-9.941742973751388e-06,0.0,4.882812376649781e-08,1.0,6.725157260894775,0.0,0.0,0.0,0.0012529962696135044,0.0,0.0,100,0.2,0.1375,0.0,898,curvature_stage2_mpnn_v1,True,1.2475175857543945,1.5000001192092896,1.5,38,normalized_degree|time_since_last_tx|consecutive_tx_attempts|congestion_ewma|self_information_increment,0.11002776771783829,0.039274174720048904,0.05736881494522095,0.21430417895317078,-0.5569809079170227,0.26499831676483154,-0.9107075333595276,-0.006850542034953833,0.06718854606151581,0.026867004111409187,0.9826103034948207,mpnn,5,3,16,mean_max,32,38,359200,3592.0,0.9347243905067444,0.7674787044525146,0.23931890726089478,1.1726315021514893,0.3388824164867401,0.06718854606151581,0.026867004111409187,0.024090498685836792,0.037706989049911495,0.06103043258190155,0.10599552094936371,0.20208051800727844,0.026569828391075134,0.026867004111409187,0.021177301183342934
178,7.282700759880245,0.06474999989382922,0.06579988053355684,0.1,-0.03420011946644316,-0.34200116046431556,-0.34200116046431556,0.06117855757474899,0.0,0.0,False,-3.178710903739557e-05,84.4609603881836,0.22397944331169128,7.033363363007084e-05,0.0,2.4414061883248905e-08,0.9999998807907104,6.761075496673584,0.0,0.0,0.0,0.001999820116907358,0.0,0.0,100,0.2,0.12,0.0,984,curvature_stage2_mpnn_v1,True,1.2475175857543945,1.5000001192092896,1.5,38,normalized_degree|time_since_last_tx|consecutive_tx_attempts|congestion_ewma|self_information_increment,0.10077980905771255,0.026536302641034126,0.05736881494522095,0.17520570755004883,-0.5635480880737305,0.26240086555480957,-0.9107159376144409,-0.015159156173467636,0.06117855757474899,0.020881187170743942,0.9884345999612573,mpnn,5,3,16,mean_max,32,38,393600,3936.0,0.9310035705566406,0.8086434006690979,0.239881694316864,1.2190660238265991,0.3380519151687622,0.06117855757474899,0.020881187170743942,0.024671494960784912,0.038741078972816465,0.056687161326408386,0.08882813155651093,0.16281874477863312,0.02052486501634121,0.020881187170743942,0.014202234335243702
179,7.303010104224086,0.06064999981317669,0.06322494017336677,0.1,-0.03677505982663323,-0.36775056149127616,-0.36775056149127616,0.06044090539216995,0.0,0.0,False,-1.989746124309022e-06,84.16033172607422,0.21948617696762085,5.443143891170621e-05,0.0,0.0,0.9999997615814209,6.65319299697876,0.0,0.0,0.0,0.0013156926725059748,0.0,0.0,100,0.2,0.115,0.0,1076,curvature_stage2_mpnn_v1,True,1.2475175857543945,1.5000001192092896,1.5,38,normalized_degree|time_since_last_tx|consecutive_tx_attempts|congestion_ewma|self_information_increment,0.10242161899805069,0.03221219405531883,0.05736881494522095,0.21430417895317078,-0.5890713930130005,0.24961693584918976,-0.9103341102600098,-0.029069755226373672,0.06044090539216995,0.022111741825938225,0.9832096080964482,mpnn,5,3,16,mean_max,32,38,430400,4304.0,0.932409405708313,0.8447843790054321,0.24363510310649872,1.2766834497451782,0.3427164554595947,0.06044090539216995,0.022111741825938225,0.024212568998336792,0.03545660972595215,0.055904194712638855,0.08935560286045074,0.19995304942131042,0.021846845746040344,0.022111741825938225,0.017003439366817474
180,8.424950278699399,0.05804999987594783,0.0606374700246573,0.1,-0.0393625299753427,-0.393625260390901,-0.393625260390901,0.05990012735128403,0.0,0.0,False,-1.511230493633775e-05,90.73773193359375,0.218016117811203,-3.0971084925113246e-05,0.0,-2.4414061883248905e-08,0.9999997615814209,6.836195468902588,0.0,0.0,0.0,0.0007045791135169566,0.0,0.0,100,0.2,0.12,0.0,1006,curvature_stage2_mpnn_v1,True,1.2475175857543945,1.5000001192092896,1.5,38,normalized_degree|time_since_last_tx|consecutive_tx_attempts|congestion_ewma|self_information_increment,0.1048809289932251,0.03462112322449684,0.05736881494522095,0.21430417895317078,-0.622586727142334,0.2370622307062149,-0.928834855556488,-0.043197307735681534,0.05990012735128403,0.022440435364842415,0.9847890012496041,mpnn,5,3,16,mean_max,32,38,402400,4024.0,0.9275049567222595,0.8684592247009277,0.24078653752803802,1.3070869445800781,0.3373088538646698,0.05990012735128403,0.022440435364842415,0.023755669593811035,0.03370989561080932,0.05655023455619812,0.0892037957906723,0.19240817427635193,0.022199559956789017,0.022440435364842415,0.01808193139731884
181,9.236292930357159,0.05702499984297901,0.05883123493381816,0.1,-0.04116876506618185,-0.41168760949305755,-0.41168760949305755,0.0565589964389801,0.0,0.0,False,-2.148437488358468e-06,98.94985961914062,0.21258044242858887,1.3319671552380896e-06,0.0,0.0,0.9999999403953552,6.808673858642578,0.0,0.0,0.0,0.0022643902339041233,0.0,0.0,100,0.2,0.1425,0.0,914,curvature_stage2_mpnn_v1,True,1.2475175857543945,1.5000001192092896,1.5,38,normalized_degree|time_since_last_tx|consecutive_tx_attempts|congestion_ewma|self_information_increment,0.10294967889785767,0.037981174886226654,0.05736881494522095,0.21430417895317078,-0.6575067043304443,0.22713707387447357,-0.9347708225250244,-0.07808545976877213,0.0565589964389801,0.022041000425815582,0.9865242103611686,mpnn,5,3,16,mean_max,32,38,365600,3656.0,0.9257357716560364,0.8500480651855469,0.24238204956054688,1.2940930128097534,0.3375687599182129,0.0565589964389801,0.022041000425815582,0.02344372868537903,0.03050357401371002,0.052525728940963745,0.0857812762260437,0.15663358569145203,0.021876106038689613,0.022041000425815582,0.018755340948700905
182,8.77352247171104,0.05662499975413084,0.0577281173439745,0.1,-0.04227188265602551,-0.42271878428837667,-0.42271878428837667,0.05759642273187637,0.0,0.0,False,-1.3195800420362502e-05,109.4906234741211,0.21526162326335907,1.7438857469187496e-07,0.0,0.0,0.9999997615814209,6.667121410369873,0.0,0.0,0.0,0.0027450660709291697,0.0,0.0,100,0.2,0.15,0.0,1048,curvature_stage2_mpnn_v1,True,1.2475175857543945,1.5000001192092896,1.5,38,normalized_degree|time_since_last_tx|consecutive_tx_attempts|congestion_ewma|self_information_increment,0.10484260320663452,0.03762611746788025,0.05736881494522095,0.21430417895317078,-0.6626452207565308,0.22261694073677063,-0.9378042817115784,-0.07170385122299194,0.05759642273187637,0.02252686396241188,0.9823049746426601,mpnn,5,3,16,mean_max,32,38,419200,4192.0,0.932335376739502,0.8743406534194946,0.2484329491853714,1.3240472078323364,0.34481850266456604,0.05759642273187637,0.02252686396241188,0.023527830839157104,0.03367724418640137,0.053538233041763306,0.08944309651851653,0.17560285329818726,0.022338934242725372,0.02252686396241188,0.019127236679196358
183,7.872160085961223,0.057649999679997566,0.05768905851198603,0.1,-0.042310941488013974,-0.4231093725692025,-0.4231093725692025,0.056985948234796524,0.0,0.0,False,-5.278320168145001e-05,108.83871459960938,0.21775557100772858,1.7448634025640786e-05,0.0,0.0,0.9999998807907104,6.607146739959717,0.0,0.0,0.0,0.003907523583620787,0.0,0.0,100,0.2,0.1025,0.0,1030,curvature_stage2_mpnn_v1,True,1.2475175857543945,1.5000001192092896,1.5,38,normalized_degree|time_since_last_tx|consecutive_tx_attempts|congestion_ewma|self_information_increment,0.10413389652967453,0.031138136982917786,0.05736881494522095,0.17073550820350647,-0.6682780981063843,0.2298855185508728,-0.9490261673927307,-0.06018636003136635,0.056985948234796524,0.019725583493709564,0.9901466466663859,mpnn,5,3,16,mean_max,32,38,412000,4120.0,0.9243422150611877,0.8318352699279785,0.25764575600624084,1.267682433128357,0.3559415340423584,0.056985948234796524,0.019725583493709564,0.023457735776901245,0.03453614711761475,0.05332309007644653,0.08269404172897338,0.1454753577709198,0.01943729631602764,0.019725583493709564,0.015320880338549614
184,7.9395661687478425,0.057024999810382726,0.057357029161184375,0.1,-0.04264297083881563,-0.4264296657451897,-0.4264296657451897,0.0587032213807106,0.0,0.0,False,-4.8852540203370154e-05,106.76349639892578,0.2272336184978485,0.00023762541241012514,0.0,0.0,0.9999997615814209,6.65280294418335,0.0,0.0,0.0,0.0012301969109103084,0.0,0.0,100,0.2,0.1225,0.0,978,curvature_stage2_mpnn_v1,True,1.2475175857543945,1.5000001192092896,1.5,38,normalized_degree|time_since_last_tx|consecutive_tx_attempts|congestion_ewma|self_information_increment,0.10422475636005402,0.03745555132627487,0.05736881494522095,0.21430417895317078,-0.6368541121482849,0.24798527359962463,-0.9444609880447388,-0.027296259999275208,0.0587032213807106,0.022998057305812836,0.980855317777425,mpnn,5,3,16,mean_max,32,38,391200,3912.0,0.9391180872917175,0.7669990658760071,0.2547510862350464,1.1774343252182007,0.3527608811855316,0.0587032213807106,0.022998057305812836,0.023600518703460693,0.03413041047751904,0.05470532178878784,0.0905284345149994,0.19063988327980042,0.02275126986205578,0.022998057305812836,0.018686747178435326
185,7.5151234898716215,0.0636499997228384,0.06050351444201139,0.1,-0.03949648555798862,-0.39496481608340456,-0.39496481608340456,0.06339944154024124,0.0,0.0,False,-9.110107203014195e-05,101.31462860107422,0.24171943962574005,0.00012086518836440518,0.0,0.0,0.9999998211860657,6.726315975189209,0.0,0.0,0.0,0.0021724961698055267,0.0,0.0,100,0.2,0.12,0.0,990,curvature_stage2_mpnn_v1,True,1.2475175857543945,1.5000001192092896,1.5,38,normalized_degree|time_since_last_tx|consecutive_tx_attempts|congestion_ewma|self_information_increment,0.10583993047475815,0.03399011120200157,0.05736881494522095,0.21430417895317078,-0.5774879455566406,0.27144932746887207,-0.9212967753410339,-0.0014285173965618014,0.06339944154024124,0.024052182212471962,0.986311268891665,mpnn,5,3,16,mean_max,32,38,396000,3960.0,0.9401111006736755,0.7007870078086853,0.25399482250213623,1.0849767923355103,0.35054725408554077,0.06339944154024124,0.024052182212471962,0.024048209190368652,0.036559590697288515,0.059134408831596375,0.09503051638603209,0.20033791661262512,0.023697055876255035,0.024052182212471962,0.017679037526249886
186,7.256783086806536,0.06784999986644834,0.06417675715422987,0.1,-0.03582324284577014,-0.3582323926344621,-0.3582323926344621,0.06856480240821838,0.0,0.0,False,-1.1804198948084377e-05,94.3134765625,0.2513943016529083,0.00012813322246074677,0.0,-4.882812376649781e-08,0.9999998807907104,6.833923816680908,0.0,0.0,0.0,0.0005498290411196649,0.0,0.0,100,0.2,0.145,0.0,1062,curvature_stage2_mpnn_v1,True,1.2475175857543945,1.5000001192092896,1.5,38,normalized_degree|time_since_last_tx|consecutive_tx_attempts|congestion_ewma|self_information_increment,0.10615690797567368,0.044830773025751114,0.05736881494522095,0.21430417895317078,-0.4927765727043152,0.2843688428401947,-0.8986992835998535,0.008415190503001213,0.06856480240821838,0.03112214244902134,0.98334894874212,mpnn,5,3,16,mean_max,32,38,424800,4248.0,0.9252471923828125,0.6405308246612549,0.25548961758613586,1.0020841360092163,0.34995630383491516,0.06856480240821838,0.03112214244902134,0.025087952613830566,0.03399689495563507,0.05987654626369476,0.11126951277256011,0.21326115727424622,0.030827127397060394,0.03112214244902134,0.025451436638832092
187,8.919646731056273,0.07144999989308416,0.06781337852365701,0.1,-0.03218662147634299,-0.32186618257681165,-0.32186618257681165,0.06993719190359116,0.0,0.0,False,-0.00014726562949363142,106.89926147460938,0.25777822732925415,4.966538108419627e-05,0.0,0.0,0.9999998807907104,6.667655944824219,0.0,0.0,0.0,0.003246922744438052,0.0,0.0,100,0.2,0.125,0.0,962,curvature_stage2_mpnn_v1,True,1.2475175857543945,1.5000001192092896,1.5,38,normalized_degree|time_since_last_tx|consecutive_tx_attempts|congestion_ewma|self_information_increment,0.10414926707744598,0.032843779772520065,0.05736881494522095,0.17520570755004883,-0.45515087246894836,0.2694007456302643,-0.8532389402389526,0.014603055082261562,0.06993719190359116,0.026529088616371155,0.989691164744504,mpnn,5,3,16,mean_max,32,38,384800,3848.0,0.9334381222724915,0.5782781839370728,0.24277085065841675,0.9090864062309265,0.3323974609375,0.06993719190359116,0.026529088616371155,0.02607715129852295,0.03856285214424133,0.06578139960765839,0.10703797936439512,0.17468124628067017,0.02614951692521572,0.026529088616371155,0.01956608146429062
188,6.959785110093653,0.07264999995473773,0.07023168923919737,0.1,-0.029768310760802635,-0.2976830778397186,-0.2976830778397186,0.07219970971345901,0.0,0.0,False,-0.00014040527457837015,89.70679473876953,0.26595333218574524,0.0001731398078845814,0.0,4.882812376649781e-08,0.9999998807907104,6.874710559844971,0.0,0.0,0.0,0.0028606385458260775,0.0,0.0,100,0.2,0.1275,0.0,982,curvature_stage2_mpnn_v1,True,1.2475175857543945,1.5000001192092896,1.5,38,normalized_degree|time_since_last_tx|consecutive_tx_attempts|congestion_ewma|self_information_increment,0.09820342063903809,0.027738312259316444,0.05736881494522095,0.16809719800949097,-0.3557709753513336,0.2664300203323364,-0.8008696436882019,0.02234485186636448,0.07219970971345901,0.025227665901184082,0.9883820660089482,mpnn,5,3,16,mean_max,32,38,392800,3928.0,0.9404378533363342,0.4887085556983948,0.24680688977241516,0.7922632098197937,0.32926952838897705,0.07219970971345901,0.025227665901184082,0.027443379163742065,0.042813810706138614,0.06674420833587646,0.10588473379611968,0.16971084475517273,0.024904057383537292,0.025227665901184082,0.017906200140714645
189,7.572344926185906,0.08247500011231751,0.07635334467575744,0.1,-0.023646655324242566,-0.2364665295957727,-0.2364665295957727,0.08281286060810089,0.0,0.0,False,7.498779450543225e-05,92.28387451171875,0.28556370735168457,9.05819033505395e-05,0.0,0.0,0.9999998211860657,6.752630710601807,0.0,0.0,0.0,0.003069504862651229,0.0,0.0,100,0.2,0.18,0.05,932,curvature_stage2_mpnn_v1,True,1.2475175857543945,1.5000001192092896,1.5,38,normalized_degree|time_since_last_tx|consecutive_tx_attempts|congestion_ewma|self_information_increment,0.10605303943157196,0.03998107463121414,0.05736881494522095,0.21430417895317078,-0.28278398513793945,0.23767594993114471,-0.740724503993988,0.03612004220485687,0.08281286060810089,0.03279394283890724,0.9812920108320301,mpnn,5,3,16,mean_max,32,38,372800,3728.0,0.9411855936050415,0.45589679479599,0.23924608528614044,0.7473168969154358,0.3168436288833618,0.08281286060810089,0.03279394283890724,0.029613882303237915,0.04802752137184143,0.07626159489154816,0.12867316007614127,0.2190515398979187,0.03258054330945015,0.03279394283890724,0.027608618140220642
190,7.064963636882603,0.08044999992474913,0.07840167230025329,0.1,-0.02159832769974672,-0.21598325539914165,-0.21598325539914165,0.0802282989025116,0.0,0.0,False,-2.150878935935907e-05,87.6984634399414,0.27567222714424133,-1.8572431145003065e-05,0.0,2.4414061883248905e-08,0.9999998211860657,6.600995063781738,0.0,0.0,0.0,0.0010564057156443596,0.0,0.0,100,0.2,0.155,0.02,938,curvature_stage2_mpnn_v1,True,1.2475175857543945,1.5000001192092896,1.5,38,normalized_degree|time_since_last_tx|consecutive_tx_attempts|congestion_ewma|self_information_increment,0.09805319458246231,0.03568587452173233,0.05736881494522095,0.21430417895317078,-0.2279880791902542,0.23356610536575317,-0.7028422951698303,0.04797611013054848,0.0802282989025116,0.0308789424598217,0.9840181270535928,mpnn,5,3,16,mean_max,32,38,375200,3752.0,0.9463886022567749,0.41974788904190063,0.24026204645633698,0.7002987265586853,0.3172514736652374,0.0802282989025116,0.0308789424598217,0.029313743114471436,0.045785012841224666,0.07474923133850098,0.12258862257003782,0.22124868631362915,0.03070393018424511,0.0308789424598217,0.025844870135188103
191,6.838694949112832,0.08332500020973384,0.08086333625499356,0.1,-0.019136663745006444,-0.1913666183134026,-0.1913666183134026,0.08277896791696548,0.0,0.0,False,8.959960723586846e-06,81.02984619140625,0.28237831592559814,-5.162266461411491e-06,0.0,0.0,0.9999998211860657,7.034693241119385,0.0,0.0,0.0,0.0008191217784769833,0.0,0.0,100,0.2,0.1425,0.0,1028,curvature_stage2_mpnn_v1,True,1.2475175857543945,1.5000001192092896,1.5,38,normalized_degree|time_since_last_tx|consecutive_tx_attempts|congestion_ewma|self_information_increment,0.1000918298959732,0.030438261106610298,0.05736881494522095,0.17711526155471802,-0.2197379320859909,0.2282128930091858,-0.7032912969589233,0.055815696716308594,0.08277896791696548,0.027774183079600334,0.9886435801830474,mpnn,5,3,16,mean_max,32,38,411200,4112.0,0.9306298494338989,0.419400155544281,0.23669761419296265,0.7105392813682556,0.3069923520088196,0.08277896791696548,0.027774183079600334,0.031291961669921875,0.05149947702884674,0.07750774919986725,0.11879071965813635,0.18382170796394348,0.02758547104895115,0.027774183079600334,0.022131910547614098
192,6.954739402905107,0.08977499997708946,0.08531916811604151,0.1,-0.014680831883958495,-0.14680830415875454,-0.14680830415875454,0.08761776983737946,0.0,0.0,False,-4.8254394641844556e-05,81.1577377319336,0.29461055994033813,-3.091592952841893e-05,0.0,0.0,0.9999999403953552,6.70326042175293,0.0,0.0,0.0,0.003403682727366686,0.0,0.0,100,0.2,0.175,0.04,930,curvature_stage2_mpnn_v1,True,1.2475175857543945,1.5000001192092896,1.5,38,normalized_degree|time_since_last_tx|consecutive_tx_attempts|congestion_ewma|self_information_increment,0.10556555539369583,0.03547550365328789,0.05736881494522095,0.21430417895317078,-0.2158374786376953,0.23032817244529724,-0.7052316069602966,0.06547260284423828,0.08761776983737946,0.03187517821788788,0.9858594469952279,mpnn,5,3,16,mean_max,32,38,372000,3720.0,0.9418010711669922,0.4038253128528595,0.2337321937084198,0.6736048460006714,0.30524742603302,0.08761776983737946,0.03187517821788788,0.03068515658378601,0.05147477388381958,0.08217242360115051,0.12963733226060867,0.22288694977760315,0.031692951917648315,0.03187517821788788,0.02631409838795662
193,6.355616410784424,0.09419999999925494,0.08975958405764822,0.1,-0.010240415942351783,-0.10240414918310291,-0.10240414918310291,0.09301010519266129,0.0,0.0,False,1.053466803568881e-05,73.10029602050781,0.3045482039451599,-6.415468305931427e-06,0.0,0.0,0.9999997615814209,6.72939920425415,0.0,0.0,0.0,0.002841104054823518,0.0,0.0,100,0.2,0.175,0.06,960,curvature_stage2_mpnn_v1,True,1.2475175857543945,1.5000001192092896,1.5,38,normalized_degree|time_since_last_tx|consecutive_tx_attempts|congestion_ewma|self_information_increment,0.10866834968328476,0.03831200674176216,0.05736881494522095,0.21430417895317078,-0.18160507082939148,0.22422978281974792,-0.6684924364089966,0.08409085124731064,0.09301010519266129,0.03480479121208191,0.9829725745989162,mpnn,5,3,16,mean_max,32,38,384000,3840.0,0.9463099241256714,0.39970463514328003,0.2336253672838211,0.6752354502677917,0.30257707834243774,0.09301010519266129,0.03480479121208191,0.0321621298789978,0.05603655874729156,0.08666244149208069,0.13903857767581937,0.2276216447353363,0.03464166447520256,0.03480479121208191,0.02951270155608654
194,5.98860202267766,0.09604999987408519,0.0929047919658667,0.1,-0.007095208034133299,-0.07095207324612567,-0.07095207324612567,0.09650825709104538,0.0,0.0,False,-1.2231444998178631e-05,67.94933319091797,0.3093777298927307,9.580241567164194e-06,0.0,2.4414061883248905e-08,0.9999999403953552,6.824662685394287,0.0,0.0,0.0,0.0010201378026977181,0.0,0.0,100,0.2,0.195,0.08,1072,curvature_stage2_mpnn_v1,True,1.2475175857543945,1.5000001192092896,1.5,38,normalized_degree|time_since_last_tx|consecutive_tx_attempts|congestion_ewma|self_information_increment,0.11245997250080109,0.041181642562150955,0.05736881494522095,0.21430417895317078,-0.1789904236793518,0.22572121024131775,-0.6590185761451721,0.0908525213599205,0.09650825709104538,0.03709142282605171,0.9842754707067571,mpnn,5,3,16,mean_max,32,38,428800,4288.0,0.9360401034355164,0.41527578234672546,0.24313998222351074,0.6987305879592896,0.312864750623703,0.09650825709104538,0.03709142282605171,0.03213411569595337,0.05739562213420868,0.08988924324512482,0.1477738708257675,0.22928816080093384,0.03694096952676773,0.03709142282605171,0.03176020830869675
195,6.335941409505904,0.09252499999944121,0.09271489598265395,0.1,-0.007285104017346056,-0.07285103288835727,-0.07285103288835727,0.0909365862607956,0.0,0.0,False,-1.0192870831815526e-05,67.52534484863281,0.2992505431175232,-1.506172429799335e-05,0.0,-2.4414061883248905e-08,0.9999997615814209,6.674843788146973,0.0,0.0,0.0,0.0012920433655381203,0.0,0.0,100,0.2,0.1525,0.02,1008,curvature_stage2_mpnn_v1,True,1.2475175857543945,1.5000001192092896,1.5,38,normalized_degree|time_since_last_tx|consecutive_tx_attempts|congestion_ewma|self_information_increment,0.10624922066926956,0.026649445295333862,0.05736881494522095,0.1617414951324463,-0.1849476844072342,0.22318580746650696,-0.643520712852478,0.10562353581190109,0.0909365862607956,0.027217714115977287,0.9895728903795792,mpnn,5,3,16,mean_max,32,38,403200,4032.0,0.9385738968849182,0.41838929057121277,0.2347036451101303,0.6995935440063477,0.3032417893409729,0.0909365862607956,0.027217714115977287,0.03212004899978638,0.05887290313839912,0.08935172855854034,0.12778129577636718,0.1745958924293518,0.02702799253165722,0.027217714115977287,0.0204718466848135
196,6.952431056797504,0.09180000006686896,0.09225744802476146,0.1,-0.007742551975238543,-0.07742551200983423,-0.07742551200983423,0.08897950500249863,0.0,0.0,False,-2.4902343284338713e-05,68.92486572265625,0.29099583625793457,6.768648745492101e-05,0.0,-2.4414061883248905e-08,0.9999998211860657,6.609074592590332,0.0,0.0,0.0,0.0018423094879835844,0.0,0.0,100,0.2,0.1825,0.04,1056,curvature_stage2_mpnn_v1,True,1.2475175857543945,1.5000001192092896,1.5,38,normalized_degree|time_since_last_tx|consecutive_tx_attempts|congestion_ewma|self_information_increment,0.10477304458618164,0.033384498208761215,0.05736881494522095,0.21430417895317078,-0.19268883764743805,0.23185209929943085,-0.6485242247581482,0.11434783786535263,0.08897950500249863,0.03120286762714386,0.9814249746282517,mpnn,5,3,16,mean_max,32,38,422400,4224.0,0.9385061264038086,0.4343887269496918,0.24424052238464355,0.719214916229248,0.3144189715385437,0.08897950500249863,0.03120286762714386,0.032564371824264526,0.05460599362850189,0.08445706963539124,0.1309085115790367,0.23162361979484558,0.03097924403846264,0.03120286762714386,0.025242909789085388
197,8.128129565641284,0.08340000003110618,0.08782872402793382,0.1,-0.012171275972066187,-0.12171274754938712,-0.12171274754938712,0.08305042237043381,0.0,0.0,False,-1.3183594091970008e-05,74.10590362548828,0.2796527147293091,-8.771322654865799e-07,0.0,0.0,0.9999998211860657,6.748526573181152,0.0,0.0,0.0,0.0041422913782298565,0.0,0.0,100,0.2,0.1825,0.05,974,curvature_stage2_mpnn_v1,True,1.2475175857543945,1.5000001192092896,1.5,38,normalized_degree|time_since_last_tx|consecutive_tx_attempts|congestion_ewma|self_information_increment,0.10029254108667374,0.03967279940843582,0.05736881494522095,0.21430417895317078,-0.2158195823431015,0.23624373972415924,-0.6672126650810242,0.10034031420946121,0.08305042237043381,0.034150220453739166,0.9827827965485595,mpnn,5,3,16,mean_max,32,38,389600,3896.0,0.9420995712280273,0.40714961290359497,0.2336857169866562,0.6945528984069824,0.2977912127971649,0.08305042237043381,0.034150220453739166,0.031077414751052856,0.04747617244720459,0.07602447271347046,0.13241203427314757,0.23011177778244019,0.03396673500537872,0.034150220453739166,0.02931138686835766
198,7.097378292903304,0.08772499999497085,0.08777686201145234,0.1,-0.01222313798854767,-0.12223136766233993,-0.12223136766233993,0.08673381805419922,0.0,0.0,False,-9.739990491652861e-05,72.28848266601562,0.2955435812473297,2.4428666165476898e-06,0.0,0.0,0.9999998807907104,6.75085973739624,0.0,0.0,0.0,0.0031636871863156557,0.0,0.0,100,0.2,0.18,0.05,946,curvature_stage2_mpnn_v1,True,1.2475175857543945,1.5000001192092896,1.5,38,normalized_degree|time_since_last_tx|consecutive_tx_attempts|congestion_ewma|self_information_increment,0.10303344577550888,0.03572126850485802,0.05736881494522095,0.21430417895317078,-0.19975371658802032,0.23711071908473969,-0.6460167169570923,0.09747056663036346,0.08673381805419922,0.032376766204833984,0.986447490955072,mpnn,5,3,16,mean_max,32,38,378400,3784.0,0.9469608664512634,0.36377689242362976,0.22514815628528595,0.6421687602996826,0.28681567311286926,0.08673381805419922,0.032376766204833984,0.03191259503364563,0.05020235180854797,0.08073455095291138,0.13138641119003297,0.2283962368965149,0.03217446431517601,0.032376766204833984,0.02671208418905735
199,6.836849746480584,0.09172500010114164,0.08975093105629699,0.1,-0.010249068943703019,-0.10249067918796227,-0.10249067918796227,0.09349704533815384,0.0,0.0,False,6.5307617660437245e-06,73.78964233398438,0.31259405612945557,0.00015870809147600085,0.0,-2.4414061883248905e-08,0.9999997615814209,6.873507976531982,0.0,0.0,0.0,0.0006582040805369616,0.0,0.0,100,0.2,0.155,0.01,970,curvature_stage2_mpnn_v1,True,1.2475175857543945,1.5000001192092896,1.5,38,normalized_degree|time_since_last_tx|consecutive_tx_attempts|congestion_ewma|self_information_increment,0.10591842979192734,0.029226990416646004,0.05736881494522095,0.1617414951324463,-0.14888909459114075,0.2136572301387787,-0.5879738926887512,0.11156871914863586,0.09349704533815384,0.02931881882250309,0.9929129157736765,mpnn,5,3,16,mean_max,32,38,388000,3880.0,0.9444200992584229,0.3513394892215729,0.218913733959198,0.6153128147125244,0.27636316418647766,0.09349704533815384,0.02931881882250309,0.03539356589317322,0.05763615965843201,0.09171515703201294,0.13457417488098145,0.17557945847511292,0.029142599552869797,0.02931881882250309,0.023365838453173637
200,6.543209349662066,0.09987499982118607,0.09481296543874153,0.1,-0.005187034561258477,-0.05187034042555073,-0.05187034042555073,0.09734591841697693,0.0,0.0,False,-4.777832145919092e-05,71.80258178710938,0.3170531094074249,2.9698616344830953e-05,0.0,-2.4414061883248905e-08,0.9999998807907104,6.83013916015625,0.0,0.0,0.0,0.0019613474141806364,0.0,0.0,100,0.2,0.19,0.07,1006,curvature_stage2_mpnn_v1,True,1.2475175857543945,1.5000001192092896,1.5,38,normalized_degree|time_since_last_tx|consecutive_tx_attempts|congestion_ewma|self_information_increment,0.10656311362981796,0.03710303083062172,0.05736881494522095,0.21430417895317078,-0.10644789785146713,0.19469167292118073,-0.5229517817497253,0.13129888474941254,0.09734591841697693,0.035301707684993744,0.9821331570951635,mpnn,5,3,16,mean_max,32,38,402400,4024.0,0.9417743682861328,0.34287241101264954,0.21392138302326202,0.5994488000869751,0.2646237015724182,0.09734591841697693,0.035301707684993744,0.036606043577194214,0.060018393397331234,0.090567946434021,0.14155789911746977,0.23393002152442932,0.0351802222430706,0.035301707684993744,0.031119467690587044
201,6.677904297150672,0.09874999979045242,0.09678148261459697,0.1,-0.003218517385403033,-0.032185170635513266,0.0,0.09799939393997192,0.0,0.0,False,2.2192381948116235e-05,71.8825912475586,0.31702011823654175,6.147062958916649e-05,0.0,0.0,0.9999998807907104,6.806097030639648,0.0,0.0,0.0,0.0016500556375831366,0.0,0.0,100,0.2,0.2075,0.04,1094,curvature_stage2_mpnn_v1,True,1.2475175857543945,1.5000001192092896,1.5,38,normalized_degree|time_since_last_tx|consecutive_tx_attempts|congestion_ewma|self_information_increment,0.10471313446760178,0.03179999440908432,0.05736881494522095,0.21430417895317078,-0.07738325744867325,0.16542550921440125,-0.4509071707725525,0.12268181145191193,0.09799939393997192,0.030642861500382423,0.9855266522810899,mpnn,5,3,16,mean_max,32,38,437600,4376.0,0.9313368201255798,0.34139981865882874,0.21106840670108795,0.5931620001792908,0.25956785678863525,0.09799939393997192,0.030642861500382423,0.03894051909446716,0.06232683062553406,0.09340539574623108,0.13789917230606077,0.23221522569656372,0.03053203597664833,0.030642861500382423,0.027131926268339157
202,7.897409826740622,0.09267499994952232,0.09472824128205964,0.1,-0.005271758717940361,-0.052717581907645424,-0.052717581907645424,0.09325700998306274,0.0,0.0,False,-9.497070095676463e-06,78.47598266601562,0.3023817241191864,5.434371814772021e-07,0.0,0.0,0.9999998807907104,6.849264621734619,0.0,0.0,0.0,0.0012827623868361115,0.0,0.0,100,0.2,0.2175,0.05,940,curvature_stage2_mpnn_v1,True,1.2475175857543945,1.5000001192092896,1.5,38,normalized_degree|time_since_last_tx|consecutive_tx_attempts|congestion_ewma|self_information_increment,0.09911467134952545,0.03747349604964256,0.05736881494522095,0.21430417895317078,-0.06648299843072891,0.14702680706977844,-0.4146142303943634,0.10919588804244995,0.09325700998306274,0.034574322402477264,0.982231092115763,mpnn,5,3,16,mean_max,32,38,376000,3760.0,0.941106379032135,0.321414977312088,0.20484818518161774,0.5690776109695435,0.2536138892173767,0.09325700998306274,0.034574322402477264,0.03895273804664612,0.058761483430862425,0.08661520481109619,0.14136467576026915,0.22989165782928467,0.03450080752372742,0.034574322402477264,0.03234860301017761
203,6.486494699455798,0.10020000006537884,0.09746412067371923,0.1,-0.002535879326280771,-0.025358790726928638,0.0,0.1003953143954277,0.0,0.0,False,-7.858886965550482e-05,70.86117553710938,0.3152807354927063,1.1826527043012902e-05,0.0,0.0,0.9999998807907104,6.8299946784973145,0.0,0.0,0.0,0.003960727714002132,0.0,0.0,100,0.2,0.235,0.07,968,curvature_stage2_mpnn_v1,True,1.2475175857543945,1.5000001192092896,1.5,38,normalized_degree|time_since_last_tx|consecutive_tx_attempts|congestion_ewma|self_information_increment,0.1072937473654747,0.03686971217393875,0.05736881494522095,0.21430417895317078,-0.07493001967668533,0.14532329142093658,-0.403289794921875,0.08957666158676147,0.1003953143954277,0.03450343385338783,0.9852812472412038,mpnn,5,3,16,mean_max,32,38,387200,3872.0,0.9395067095756531,0.3322042226791382,0.21199755370616913,0.5842359662055969,0.2664709687232971,0.1003953143954277,0.03450343385338783,0.04007384181022644,0.06181111931800842,0.09225362539291382,0.15000203251838684,0.227376788854599,0.034425392746925354,0.03450343385338783,0.03198687732219696
204,7.041465922668576,0.09254999992903322,0.09500706030137623,0.1,-0.004992939698623772,-0.049929391993298516,0.0,0.09233634918928146,0.0,0.0,False,-4.357910074759275e-05,75.54627990722656,0.2956346273422241,7.894315785961226e-05,0.0,-2.4414061883248905e-08,0.9999998211860657,6.666253566741943,0.0,0.0,0.0,0.0019503994844853878,0.0,0.0,100,0.2,0.2075,0.08,1034,curvature_stage2_mpnn_v1,True,1.2475175857543945,1.5000001192092896,1.5,38,normalized_degree|time_since_last_tx|consecutive_tx_attempts|congestion_ewma|self_information_increment,0.10157226771116257,0.03569680452346802,0.05736881494522095,0.21430417895317078,-0.10692387819290161,0.15802450478076935,-0.47842031717300415,0.06622834503650665,0.09233634918928146,0.03245069086551666,0.9789387057598826,mpnn,5,3,16,mean_max,32,38,413600,4136.0,0.9323887825012207,0.35683825612068176,0.22329488396644592,0.6119837164878845,0.2838466465473175,0.09233634918928146,0.03245069086551666,0.038009583950042725,0.05824747979640961,0.08989844843745232,0.12974911928176877,0.22327616810798645,0.032371487468481064,0.03245069086551666,0.029722649604082108
205,6.337874765582383,0.09292499999981374,0.09396603015059499,0.1,-0.006033969849405019,-0.06033969246008094,-0.06033969246008094,0.09478646516799927,0.0,0.0,False,2.6501464162720367e-05,69.70329284667969,0.3030014932155609,-1.1554207958397456e-05,0.0,-2.4414061883248905e-08,0.9999998807907104,6.8350749015808105,0.0,0.0,0.0,0.0021414654329419136,0.0,0.0,100,0.2,0.1875,0.07,1078,curvature_stage2_mpnn_v1,True,1.2475175857543945,1.5000001192092896,1.5,38,normalized_degree|time_since_last_tx|consecutive_tx_attempts|congestion_ewma|self_information_increment,0.10800547152757645,0.03929136320948601,0.05736881494522095,0.21430417895317078,-0.1486215889453888,0.17364004254341125,-0.5401554703712463,0.03007790818810463,0.09478646516799927,0.03527834638953209,0.9839897748787819,mpnn,5,3,16,mean_max,32,38,431200,4312.0,0.9326460957527161,0.36044594645500183,0.22649532556533813,0.6156967878341675,0.2857099175453186,0.09478646516799927,0.03527834638953209,0.03542381525039673,0.05781979858875275,0.08728586137294769,0.13954511284828183,0.21881261467933655,0.03518632799386978,0.03527834638953209,0.032073259353637695
206,6.379858083315193,0.08787499989848584,0.0909205150245404,0.1,-0.0090794849754596,-0.09079484067511194,-0.09079484067511194,0.08598057925701141,0.0,0.0,False,-4.760742285725428e-06,69.89622497558594,0.28640952706336975,2.261758709209971e-05,0.0,-2.4414061883248905e-08,0.9999998807907104,6.682343006134033,0.0,0.0,0.0,0.0004132124886382371,0.0,0.0,100,0.2,0.21,0.04,1120,curvature_stage2_mpnn_v1,True,1.2475175857543945,1.5000001192092896,1.5,38,normalized_degree|time_since_last_tx|consecutive_tx_attempts|congestion_ewma|self_information_increment,0.09954865276813507,0.03288037329912186,0.05736881494522095,0.21430417895317078,-0.16769151389598846,0.17705373466014862,-0.5584390759468079,0.00893101841211319,0.08598057925701141,0.0295871514827013,0.9803133254296721,mpnn,5,3,16,mean_max,32,38,448000,4480.0,0.9425089359283447,0.36010292172431946,0.22965191304683685,0.620088517665863,0.2910134196281433,0.08598057925701141,0.0295871514827013,0.03503212332725525,0.05607700943946839,0.08146674931049347,0.1232078045606613,0.2142723798751831,0.029487261548638344,0.0295871514827013,0.026319041848182678
207,7.511666655577719,0.08314999998547137,0.08703525750500589,0.1,-0.012964742494994116,-0.12964741198519997,-0.12964741198519997,0.08389002829790115,0.0,0.0,False,6.469726372415607e-07,73.42833709716797,0.28427186608314514,-3.835916686512064e-06,0.0,-2.4414061883248905e-08,0.9999999403953552,6.811978340148926,0.0,0.0,0.0,0.0009637040784582496,0.0,0.0,100,0.2,0.155,0.01,1040,curvature_stage2_mpnn_v1,True,1.2475175857543945,1.5000001192092896,1.5,38,normalized_degree|time_since_last_tx|consecutive_tx_attempts|congestion_ewma|self_information_increment,0.09847032278776169,0.022429442033171654,0.05736881494522095,0.17711526155471802,-0.18393474817276,0.172326922416687,-0.5722669959068298,-0.0016923175426200032,0.08389002829790115,0.021629808470606804,0.9870534805238705,mpnn,5,3,16,mean_max,32,38,416000,4160.0,0.937706708908081,0.3652037978172302,0.22172167897224426,0.6268539428710938,0.2838858366012573,0.08389002829790115,0.021629808470606804,0.0352725088596344,0.056601622700691225,0.08168430626392365,0.11157071888446807,0.17647626996040344,0.021530332043766975,0.021629808470606804,0.01743120513856411
208,7.153500510714948,0.09037500008940696,0.08870512879720643,0.1,-0.011294871202793572,-0.11294870073306565,-0.11294870073306565,0.09059058874845505,0.0,0.0,False,-7.019043096079258e-06,70.24772644042969,0.2985292375087738,-1.429002509212296e-06,0.0,0.0,0.9999999403953552,6.89087438583374,0.0,0.0,0.0,0.001039296155795455,0.0,0.0,100,0.2,0.1875,0.05,1022,curvature_stage2_mpnn_v1,True,1.2475175857543945,1.5000001192092896,1.5,38,normalized_degree|time_since_last_tx|consecutive_tx_attempts|congestion_ewma|self_information_increment,0.10718359053134918,0.03575316444039345,0.05736881494522095,0.21430417895317078,-0.19118860363960266,0.1774653047323227,-0.57899409532547,-0.001883921679109335,0.09059058874845505,0.031298838555812836,0.9869208440026432,mpnn,5,3,16,mean_max,32,38,408800,4088.0,0.9367661476135254,0.3574831485748291,0.22241626679897308,0.613462507724762,0.28405678272247314,0.09059058874845505,0.031298838555812836,0.03359350562095642,0.05540592074394226,0.08532226085662842,0.13271707892417908,0.21287047863006592,0.03120299056172371,0.031298838555812836,0.027793385088443756
209,6.8069643937423825,0.08334999989252538,0.08602756434486591,0.1,-0.013972435655134091,-0.13972434257890665,-0.13972434257890665,0.08420158177614212,0.0,0.0,False,-1.343994154012762e-05,71.16813659667969,0.28540152311325073,1.1574858945095912e-05,0.0,0.0,0.9999997615814209,6.860195636749268,0.0,0.0,0.0,0.0014995960518717766,0.0,0.0,100,0.2,0.2125,0.04,1026,curvature_stage2_mpnn_v1,True,1.2475175857543945,1.5000001192092896,1.5,38,normalized_degree|time_since_last_tx|consecutive_tx_attempts|congestion_ewma|self_information_increment,0.09852007776498795,0.03404969722032547,0.05736881494522095,0.21430417895317078,-0.17720095813274384,0.17320343852043152,-0.5705548524856567,-0.004360722377896309,0.08420158177614212,0.029773877933621407,0.9818054377844274,mpnn,5,3,16,mean_max,32,38,410400,4104.0,0.9441691040992737,0.33307138085365295,0.2176159769296646,0.5788637399673462,0.2758730947971344,0.08420158177614212,0.029773877933621407,0.03516709804534912,0.0536713570356369,0.07834598422050476,0.1219881147146225,0.21236613392829895,0.02968534082174301,0.029773877933621407,0.026761682704091072
210,6.9447280233725905,0.08934999998193234,0.08768878216339912,0.1,-0.012311217836600885,-0.12311216605479225,-0.12311216605479225,0.09058188647031784,0.0,0.0,False,-2.5634764710957825e-07,73.69189453125,0.2992199659347534,1.9096867163170828e-06,0.0,0.0,0.9999998807907104,6.683712005615234,0.0,0.0,0.0,0.0021547130309045315,0.0,0.0,100,0.2,0.175,0.04,1044,curvature_stage2_mpnn_v1,True,1.2475175857543945,1.5000001192092896,1.5,38,normalized_degree|time_since_last_tx|consecutive_tx_attempts|congestion_ewma|self_information_increment,0.10530318319797516,0.03341888636350632,0.05736881494522095,0.21430417895317078,-0.17112091183662415,0.16878852248191833,-0.5476683378219604,0.00019389015506021678,0.09058188647031784,0.02977156825363636,0.9835882574323479,mpnn,5,3,16,mean_max,32,38,417600,4176.0,0.9395617842674255,0.3487592041492462,0.2212597280740738,0.5919031500816345,0.28218579292297363,0.09058188647031784,0.02977156825363636,0.03627792000770569,0.058379301428794855,0.0869760513305664,0.12919825911521912,0.21295791864395142,0.029682083055377007,0.02977156825363636,0.026479272171854973
211,7.9663239901326595,0.08517499983776361,0.08643189100058137,0.1,-0.01356810899941864,-0.13568107642607877,-0.13568107642607877,0.08676149696111679,0.0,0.0,False,-9.497070095676463e-06,79.9276351928711,0.28962773084640503,7.164065664255759e-06,0.0,2.4414061883248905e-08,0.9999999403953552,6.785299777984619,0.0,0.0,0.0,0.0023608847986906767,0.0,0.0,100,0.2,0.205,0.06,916,curvature_stage2_mpnn_v1,True,1.2475175857543945,1.5000001192092896,1.5,38,normalized_degree|time_since_last_tx|consecutive_tx_attempts|congestion_ewma|self_information_increment,0.10093856602907181,0.03548569604754448,0.05736881494522095,0.21430417895317078,-0.17055372893810272,0.16125966608524323,-0.5267546772956848,-0.0021769851446151733,0.08676149696111679,0.030804011970758438,0.9853972253886563,mpnn,5,3,16,mean_max,32,38,366400,3664.0,0.9503493309020996,0.3314880132675171,0.21184751391410828,0.5788405537605286,0.2713990807533264,0.08676149696111679,0.030804011970758438,0.03624811768531799,0.056727683544158934,0.07985176146030426,0.1253519624471664,0.21234261989593506,0.03072277270257473,0.030804011970758438,0.028133314102888107
212,7.098039636388421,0.09310000002384186,0.08976594551221162,0.1,-0.010234054487788385,-0.10234053464383039,-0.10234053464383039,0.0912003442645073,0.0,0.0,False,-2.890625000873115e-05,78.06976318359375,0.29900220036506653,-7.645286132174078e-06,0.0,0.0,0.9999998807907104,6.716454982757568,0.0,0.0,0.0,0.0020343842916190624,0.0,0.0,100,0.2,0.195,0.1,978,curvature_stage2_mpnn_v1,True,1.2475175857543945,1.5000001192092896,1.5,38,normalized_degree|time_since_last_tx|consecutive_tx_attempts|congestion_ewma|self_information_increment,0.10670763999223709,0.048068344593048096,0.05736881494522095,0.21430417895317078,-0.17255951464176178,0.16619405150413513,-0.5260674357414246,0.00744041008874774,0.0912003442645073,0.040461376309394836,0.9834956731907228,mpnn,5,3,16,mean_max,32,38,391200,3912.0,0.9423415064811707,0.33103370666503906,0.21154260635375977,0.5732435584068298,0.2718719244003296,0.0912003442645073,0.040461376309394836,0.03471532464027405,0.0502163290977478,0.08126692473888397,0.15273410081863403,0.21501129865646362,0.04039697349071503,0.040461376309394836,0.038092177361249924
213,6.557202028408646,0.09359999998938293,0.09168297275079727,0.1,-0.008317027249202733,-0.08317026417500091,-0.08317026417500091,0.09197753667831421,0.0,0.0,False,8.288574463222176e-06,75.54576110839844,0.3039259612560272,-1.004695332085248e-05,0.0,2.4414061883248905e-08,0.9999997615814209,6.704620361328125,0.0,0.0,0.0,0.003021099604666233,0.0,0.0,100,0.2,0.18,0.04,954,curvature_stage2_mpnn_v1,True,1.2475175857543945,1.5000001192092896,1.5,38,normalized_degree|time_since_last_tx|consecutive_tx_attempts|congestion_ewma|self_information_increment,0.10467636585235596,0.029858741909265518,0.05736881494522095,0.21430417895317078,-0.14837795495986938,0.16181141138076782,-0.4842941164970398,0.028463618829846382,0.09197753667831421,0.02763807587325573,0.9851176333294205,mpnn,5,3,16,mean_max,32,38,381600,3816.0,0.942743718624115,0.326422780752182,0.210922971367836,0.5713362097740173,0.2714194059371948,0.09197753667831421,0.02763807587325573,0.03761342167854309,0.06046721339225769,0.08821175992488861,0.1255829930305481,0.21664288640022278,0.027549251914024353,0.02763807587325573,0.02424141950905323
214,6.515021970272064,0.09599999988917261,0.09384148631998494,0.1,-0.0061585136800150625,-0.06158513064163756,-0.06158513064163756,0.09696348756551743,0.0,0.0,False,3.259277264078264e-06,73.34678649902344,0.3115125596523285,3.7575637179543264e-06,0.0,-2.4414061883248905e-08,0.9999998211860657,6.856400489807129,0.0,0.0,0.0,0.0012048156931996346,0.0,0.0,100,0.2,0.205,0.1,996,curvature_stage2_mpnn_v1,True,1.2475175857543945,1.5000001192092896,1.5,38,normalized_degree|time_since_last_tx|consecutive_tx_attempts|congestion_ewma|self_information_increment,0.11022912710905075,0.03879504278302193,0.05736881494522095,0.21430417895317078,-0.14583531022071838,0.16916505992412567,-0.4881330132484436,0.04225195199251175,0.09696348756551743,0.03461815416812897,0.9845644292461367,mpnn,5,3,16,mean_max,32,38,398400,3984.0,0.9453438520431519,0.33713001012802124,0.21566984057426453,0.5791589021682739,0.27913138270378113,0.09696348756551743,0.03461815416812897,0.037117213010787964,0.05898784995079041,0.08947691321372986,0.14762386977672573,0.2192637324333191,0.03451170027256012,0.03461815416812897,0.03140906244516373
215,7.6873931699991225,0.08899999991059303,0.09142074311528899,0.1,-0.00857925688471102,-0.08579256026785417,-0.08579256026785417,0.08872148394584656,0.0,0.0,False,-9.3872067736811e-06,82.42365264892578,0.2952476739883423,2.795170985336881e-06,0.0,2.4414061883248905e-08,1.0,6.524337291717529,0.0,0.0,0.0,0.0016889246180653572,0.0,0.0,100,0.2,0.2,0.03,984,curvature_stage2_mpnn_v1,True,1.2475175857543945,1.5000001192092896,1.5,38,normalized_degree|time_since_last_tx|consecutive_tx_attempts|congestion_ewma|self_information_increment,0.10066305845975876,0.03157301992177963,0.05736881494522095,0.21430417895317078,-0.14494995772838593,0.16854815185070038,-0.4969595968723297,0.04414557293057442,0.08872148394584656,0.029164232313632965,0.9834775956494028,mpnn,5,3,16,mean_max,32,38,393600,3936.0,0.9411864876747131,0.33466196060180664,0.2121618539094925,0.5721928477287292,0.2757411003112793,0.08872148394584656,0.029164232313632965,0.03743261098861694,0.05636977553367615,0.08417603373527527,0.12213433384895325,0.21951985359191895,0.029071347787976265,0.029164232313632965,0.02587464638054371
216,7.393659847155213,0.09414999989327043,0.0927853715042797,0.1,-0.007214628495720299,-0.07214627774257522,-0.07214627774257522,0.09378883242607117,0.0,0.0,False,-1.649170008022338e-05,79.97416687011719,0.30643510818481445,-5.109278845338849e-06,0.0,-2.4414061883248905e-08,0.9999997615814209,6.586252689361572,0.0,0.0,0.0,0.0015092813409864902,0.0,0.0,100,0.2,0.1875,0.02,1018,curvature_stage2_mpnn_v1,True,1.2475175857543945,1.5000001192092896,1.5,38,normalized_degree|time_since_last_tx|consecutive_tx_attempts|congestion_ewma|self_information_increment,0.10653600096702576,0.03247629478573799,0.05736881494522095,0.21430417895317078,-0.14697006344795227,0.17173591256141663,-0.49998709559440613,0.059113647788763046,0.09378883242607117,0.030268128961324692,0.9847435133228206,mpnn,5,3,16,mean_max,32,38,407200,4072.0,0.940108060836792,0.3495975136756897,0.21378599107265472,0.585080623626709,0.28251808881759644,0.09378883242607117,0.030268128961324692,0.03687724471092224,0.058271417021751405,0.09176558256149292,0.13319554924964905,0.22199299931526184,0.03017035312950611,0.030268128961324692,0.026632893830537796
217,7.6103063165768985,0.08994999997783452,0.09136768574105711,0.1,-0.008632314258942897,-0.08632313395711558,-0.08632313395711558,0.09141127020120621,0.0,0.0,False,-5.0427246605977416e-05,81.42504119873047,0.29738402366638184,-5.92294827583828e-06,0.0,0.0,0.9999998807907104,6.5984368324279785,0.0,0.0,0.0,0.0031328299082815647,0.0,0.0,100,0.2,0.19,0.02,938,curvature_stage2_mpnn_v1,True,1.2475175857543945,1.5000001192092896,1.5,38,normalized_degree|time_since_last_tx|consecutive_tx_attempts|congestion_ewma|self_information_increment,0.10327597707509995,0.0353117436170578,0.05736881494522095,0.21430417895317078,-0.13942429423332214,0.18115293979644775,-0.5209680795669556,0.07765784859657288,0.09141127020120621,0.032234519720077515,0.9889832868944403,mpnn,5,3,16,mean_max,32,38,375200,3752.0,0.9502345323562622,0.35768377780914307,0.2178250253200531,0.6077112555503845,0.29122665524482727,0.09141127020120621,0.032234519720077515,0.03694227337837219,0.056748130917549135,0.08378475904464722,0.13960342705249784,0.22563230991363525,0.03213232383131981,0.032234519720077515,0.02862662822008133
218,6.745809839554131,0.09052500021643936,0.09094634297874823,0.1,-0.00905365702125177,-0.09053656115886159,-0.09053656115886159,0.09086059778928757,0.0,0.0,False,7.812500371073838e-06,76.52313995361328,0.29461073875427246,1.792419789126143e-05,0.0,-2.4414061883248905e-08,0.9999998807907104,6.836324214935303,0.0,0.0,0.0,0.0006446564802899957,0.0,0.0,100,0.2,0.195,0.03,1060,curvature_stage2_mpnn_v1,True,1.2475175857543945,1.5000001192092896,1.5,38,normalized_degree|time_since_last_tx|consecutive_tx_attempts|congestion_ewma|self_information_increment,0.1042250245809555,0.03460991010069847,0.05736881494522095,0.21430417895317078,-0.16078965365886688,0.20486988127231598,-0.5604906678199768,0.09055785089731216,0.09086059778928757,0.032257214188575745,0.9831898601184346,mpnn,5,3,16,mean_max,32,38,424000,4240.0,0.9427547454833984,0.38954415917396545,0.23066066205501556,0.6486417055130005,0.303370863199234,0.09086059778928757,0.032257214188575745,0.035271525382995605,0.056085172295570376,0.08553814888000488,0.13221830725669861,0.22862708568572998,0.03210943564772606,0.032257214188575745,0.027708765119314194
219,7.514577270857989,0.08862500004004686,0.08978567150939755,0.1,-0.010214328490602456,-0.1021432746916971,-0.1021432746916971,0.08884445577859879,0.0,0.0,False,-0.00012608642282430083,82.091796875,0.2876085340976715,0.00011977225221926346,0.0,0.0,0.9999997615814209,6.782308101654053,0.0,0.0,0.0,0.0038986278232187033,0.0,0.0,100,0.2,0.17,0.04,956,curvature_stage2_mpnn_v1,True,1.2475175857543945,1.5000001192092896,1.5,38,normalized_degree|time_since_last_tx|consecutive_tx_attempts|congestion_ewma|self_information_increment,0.10456421226263046,0.03595086559653282,0.05736881494522095,0.21430417895317078,-0.1877845674753189,0.21809625625610352,-0.5978643298149109,0.09095039963722229,0.08884445577859879,0.03266172483563423,0.9862749989798217,mpnn,5,3,16,mean_max,32,38,382400,3824.0,0.9435198903083801,0.4214557707309723,0.2342931181192398,0.6876874566078186,0.31417980790138245,0.08884445577859879,0.03266172483563423,0.03338882327079773,0.05198050439357758,0.08337804675102234,0.13581160306930543,0.2278338074684143,0.032493337988853455,0.03266172483563423,0.027642298489809036
220,6.933754542730749,0.08627499996684491,0.08803033573812123,0.1,-0.011969664261878774,-0.11969663064912467,-0.11969663064912467,0.08543561398983002,0.0,0.0,False,3.9477537939092144e-05,77.4993667602539,0.2790229022502899,0.00011703125346684828,0.0,0.0,0.9999998807907104,6.864731311798096,0.0,0.0,0.0,0.002709386171773076,0.0,0.0,100,0.2,0.2,0.06,1028,curvature_stage2_mpnn_v1,True,1.2475175857543945,1.5000001192092896,1.5,38,normalized_degree|time_since_last_tx|consecutive_tx_attempts|congestion_ewma|self_information_increment,0.10542069375514984,0.04227151721715927,0.05736881494522095,0.21430417895317078,-0.23982299864292145,0.25100383162498474,-0.6671621203422546,0.09474201500415802,0.08543561398983002,0.03562234714627266,0.9819292850250757,mpnn,5,3,16,mean_max,32,38,411200,4112.0,0.946060299873352,0.45730409026145935,0.24451515078544617,0.7492877244949341,0.3287954330444336,0.08543561398983002,0.03562234714627266,0.030986636877059937,0.04557805657386779,0.07617434859275818,0.13445397317409516,0.2289447784423828,0.035427212715148926,0.03562234714627266,0.030043337494134903
221,6.711889144442975,0.08734999984502792,0.08769016779157457,0.1,-0.012309832208425436,-0.12309830977442339,-0.12309830977442339,0.08677151799201965,0.0,0.0,False,-3.19824212056119e-05,75.58589172363281,0.28614628314971924,3.0739993235329166e-05,0.0,-2.4414061883248905e-08,0.9999998211860657,6.695901393890381,0.0,0.0,0.0,0.0012329715536907315,0.0,0.0,100,0.2,0.185,0.05,968,curvature_stage2_mpnn_v1,True,1.2475175857543945,1.5000001192092896,1.5,38,normalized_degree|time_since_last_tx|consecutive_tx_attempts|congestion_ewma|self_information_increment,0.10850750654935837,0.03467123582959175,0.05736881494522095,0.21430417895317078,-0.2653461992740631,0.27002662420272827,-0.7039210200309753,0.10578348487615585,0.08677151799201965,0.032244738191366196,0.983412614419487,mpnn,5,3,16,mean_max,32,38,387200,3872.0,0.9485563039779663,0.4734611213207245,0.24464023113250732,0.7662354707717896,0.33187928795814514,0.08677151799201965,0.032244738191366196,0.03011283278465271,0.05087379217147827,0.07959985733032227,0.13001445233821868,0.23002773523330688,0.03189164027571678,0.032244738191366196,0.024412430822849274
222,6.263282331302762,0.08597499991767109,0.08683258385462284,0.1,-0.01316741614537717,-0.13167414828635687,-0.13167414828635687,0.08556737750768661,0.0,0.0,False,-9.765625463842298e-07,71.41839599609375,0.2857722043991089,5.476832484418992e-06,0.0,-2.4414061883248905e-08,0.9999997615814209,6.6270856857299805,0.0,0.0,0.0,0.00240095192566514,0.0,0.0,100,0.2,0.175,0.04,1020,curvature_stage2_mpnn_v1,True,1.2475175857543945,1.5000001192092896,1.5,38,normalized_degree|time_since_last_tx|consecutive_tx_attempts|congestion_ewma|self_information_increment,0.10850739479064941,0.034978337585926056,0.05736881494522095,0.21430417895317078,-0.28419047594070435,0.2791198492050171,-0.7157332301139832,0.11711113899946213,0.08556737750768661,0.03243500739336014,0.9817762839149199,mpnn,5,3,16,mean_max,32,38,408000,4080.0,0.9375956058502197,0.48565924167633057,0.24286489188671112,0.7851179838180542,0.3263184726238251,0.08556737750768661,0.03243500739336014,0.03040751814842224,0.05077819228172302,0.07909077405929565,0.1316624492406845,0.23198819160461426,0.03212614357471466,0.03243500739336014,0.024271691218018532
223,7.34914798412472,0.07837499979883432,0.08260379182672858,0.1,-0.01739620817327142,-0.17396206433650777,-0.17396206433650777,0.07679601013660431,0.0,0.0,False,-8.911133022593276e-07,75.00437927246094,0.26636025309562683,-5.8610179820561825e-08,0.0,-2.4414061883248905e-08,0.9999998211860657,6.821350574493408,0.0,0.0,0.0,0.0010541282827034593,0.0,0.0,100,0.2,0.175,0.03,872,curvature_stage2_mpnn_v1,True,1.2475175857543945,1.5000001192092896,1.5,38,normalized_degree|time_since_last_tx|consecutive_tx_attempts|congestion_ewma|self_information_increment,0.09746170043945312,0.03266182914376259,0.05736881494522095,0.21430417895317078,-0.2761615514755249,0.2706207036972046,-0.6865848302841187,0.13060441613197327,0.07679601013660431,0.028991514816880226,0.9842711219435476,mpnn,5,3,16,mean_max,32,38,348800,3488.0,0.9418348670005798,0.47313663363456726,0.2364947348833084,0.7677913904190063,0.3207018971443176,0.07679601013660431,0.028991514816880226,0.030577927827835083,0.04380830526351929,0.07131518423557281,0.11598276197910308,0.23436442017555237,0.028686106204986572,0.028991514816880226,0.02191164903342724
224,6.306964131407439,0.0870749999023974,0.08483939586456299,0.1,-0.015160604135437017,-0.15160602619376756,-0.15160602619376756,0.08791883289813995,0.0,0.0,False,-2.9418944905046374e-05,67.8247299194336,0.2939908802509308,1.427289862476755e-05,0.0,-2.4414061883248905e-08,0.9999999403953552,6.7396745681762695,0.0,0.0,0.0,0.001971858087927103,0.0,0.0,100,0.2,0.175,0.01,992,curvature_stage2_mpnn_v1,True,1.2475175857543945,1.5000001192092896,1.5,38,normalized_degree|time_since_last_tx|consecutive_tx_attempts|congestion_ewma|self_information_increment,0.11134921759366989,0.0320541150867939,0.05736881494522095,0.21430417895317078,-0.2813490629196167,0.27379798889160156,-0.6817195415496826,0.1434669941663742,0.08791883289813995,0.031020186841487885,0.9857016009012989,mpnn,5,3,16,mean_max,32,38,396800,3968.0,0.9413658976554871,0.485302209854126,0.23995687067508698,0.7883177995681763,0.3214621841907501,0.08791883289813995,0.031020186841487885,0.030737698078155518,0.05178098976612091,0.08296531438827515,0.13005152940750123,0.23270311951637268,0.03059207834303379,0.031020186841487885,0.021995924413204193
225,6.678462128229439,0.08694999989587814,0.08589469788022056,0.1,-0.01410530211977945,-0.1410530070924938,-0.1410530070924938,0.08521811664104462,0.0,0.0,False,-1.4001464478496928e-05,67.67654418945312,0.2841501832008362,1.0383369954070076e-05,0.0,0.0,0.9999998807907104,6.844742298126221,0.0,0.0,0.0,0.004254413768649101,0.0,0.0,100,0.2,0.195,0.06,968,curvature_stage2_mpnn_v1,True,1.2475175857543945,1.5000001192092896,1.5,38,normalized_degree|time_since_last_tx|consecutive_tx_attempts|congestion_ewma|self_information_increment,0.10625603049993515,0.03504215553402901,0.05736881494522095,0.21430417895317078,-0.26340529322624207,0.2710731029510498,-0.6568887829780579,0.17155686020851135,0.08521811664104462,0.03253541141748428,0.9812729417176344,mpnn,5,3,16,mean_max,32,38,387200,3872.0,0.9463403820991516,0.49497857689857483,0.23653995990753174,0.7969871759414673,0.31624600291252136,0.08521811664104462,0.03253541141748428,0.031662195920944214,0.050799128413200376,0.07842309772968292,0.13012817203998564,0.2407468557357788,0.03217097371816635,0.03253541141748428,0.02482176199555397
226,6.361813378296793,0.08952500018756837,0.08770984903389446,0.1,-0.012290150966105542,-0.1229014973709057,-0.1229014973709057,0.09064280986785889,0.0,0.0,False,-3.5046385164605454e-05,65.63406372070312,0.2899366319179535,5.094795051263645e-05,0.0,0.0,0.9999998211860657,6.7714033126831055,0.0,0.0,0.0,0.0015844602603465319,0.0,0.0,100,0.2,0.2,0.05,954,curvature_stage2_mpnn_v1,True,1.2475175857543945,1.5000001192092896,1.5,38,normalized_degree|time_since_last_tx|consecutive_tx_attempts|congestion_ewma|self_information_increment,0.1147993877530098,0.04447178542613983,0.05736881494522095,0.21430417895317078,-0.27461013197898865,0.2874809503555298,-0.6759462952613831,0.18317896127700806,0.09064280986785889,0.03791944310069084,0.9846535544159425,mpnn,5,3,16,mean_max,32,38,381600,3816.0,0.9453563690185547,0.5255334377288818,0.2429356873035431,0.8394068479537964,0.3280988335609436,0.09064280986785889,0.03791944310069084,0.030591964721679688,0.04727214574813843,0.0830736756324768,0.1431626945734024,0.2428469955921173,0.0375937893986702,0.03791944310069084,0.030045446008443832
227,7.028466407954693,0.07714999988209456,0.08242992445799452,0.1,-0.017570075542005487,-0.17570073784998108,-0.17570073784998108,0.07671840488910675,0.0,0.0,False,-6.907959323143587e-05,67.79366302490234,0.25758999586105347,8.487758896080777e-05,0.0,0.0,0.9999997615814209,6.816496849060059,0.0,0.0,0.0,0.002609695540741086,0.0,0.0,100,0.2,0.1575,0.01,1034,curvature_stage2_mpnn_v1,True,1.2475175857543945,1.5000001192092896,1.5,38,normalized_degree|time_since_last_tx|consecutive_tx_attempts|congestion_ewma|self_information_increment,0.10029646754264832,0.03473343700170517,0.05736881494522095,0.21430417895317078,-0.31435155868530273,0.29911816120147705,-0.7251397371292114,0.182722270488739,0.07671840488910675,0.030990201979875565,0.9854836236099193,mpnn,5,3,16,mean_max,32,38,413600,4136.0,0.929702639579773,0.5682306885719299,0.24734030663967133,0.9082871079444885,0.3257354497909546,0.07671840488910675,0.030990201979875565,0.02924320101737976,0.042297714948654176,0.07168491184711456,0.12041764557361599,0.2428285777568817,0.03055412694811821,0.030990201979875565,0.022583801299333572
228,6.878708575405181,0.07250000002793967,0.07746496224296709,0.1,-0.022535037757032916,-0.22535035503529366,-0.22535035503529366,0.07429764419794083,0.0,0.0,False,-2.744140692811925e-05,67.17491912841797,0.2514164447784424,2.4569097149651498e-05,0.0,0.0,0.9999998807907104,6.755801200866699,0.0,0.0,0.0,0.0014529317850247025,0.0,0.0,100,0.2,0.1475,0.0,1018,curvature_stage2_mpnn_v1,True,1.2475175857543945,1.5000001192092896,1.5,38,normalized_degree|time_since_last_tx|consecutive_tx_attempts|congestion_ewma|self_information_increment,0.1002458855509758,0.03075684793293476,0.06179031729698181,0.21430417895317078,-0.362709105014801,0.32736635208129883,-0.7823973298072815,0.19581182301044464,0.07429764419794083,0.029908090829849243,0.9827333355770769,mpnn,5,3,16,mean_max,32,38,407200,4072.0,0.9424852728843689,0.6071390509605408,0.25556042790412903,0.9751558303833008,0.3339916169643402,0.07429764419794083,0.029908090829849243,0.030209273099899292,0.04255554676055908,0.06805607676506042,0.11667585968971253,0.24396643042564392,0.029343528673052788,0.029908090829849243,0.019399305805563927
229,6.546317672282457,0.07534999993629754,0.07640748108963231,0.1,-0.02359251891036769,-0.23592516551116036,-0.23592516551116036,0.07556745409965515,0.0,0.0,False,2.6342773708165623e-05,66.255615234375,0.2580471336841583,4.062171228724765e-06,0.0,0.0,0.9999998807907104,6.783400058746338,0.0,0.0,0.0,0.0029657783452421427,0.0,0.0,100,0.2,0.15,0.0,920,curvature_stage2_mpnn_v1,True,1.2475175857543945,1.5000001192092896,1.5,38,normalized_degree|time_since_last_tx|consecutive_tx_attempts|congestion_ewma|self_information_increment,0.10745283216238022,0.03429923206567764,0.05736881494522095,0.21430417895317078,-0.4192442297935486,0.3404078781604767,-0.8332263827323914,0.21152062714099884,0.07556745409965515,0.03132561966776848,0.9821544811642905,mpnn,5,3,16,mean_max,32,38,368000,3680.0,0.9400516152381897,0.6106691360473633,0.25491851568222046,0.9699414968490601,0.33875033259391785,0.07556745409965515,0.03132561966776848,0.026324868202209473,0.0406684935092926,0.06883762776851654,0.12136642113327976,0.2478661835193634,0.030643949285149574,0.03132561966776848,0.020048847422003746
230,8.274206790775061,0.0716249999590218,0.07401624052432706,0.1,-0.02598375947567294,-0.25983756877297254,-0.25983756877297254,0.07236815989017487,0.0,0.0,False,-9.981689800042659e-05,75.43585968017578,0.24748122692108154,-1.0972273230436258e-05,0.0,-4.882812376649781e-08,0.9999998807907104,6.9987993240356445,0.0,0.0,0.0,0.004187681712210178,0.0,0.0,100,0.2,0.115,0.0,906,curvature_stage2_mpnn_v1,True,1.2475175857543945,1.5000001192092896,1.5,38,normalized_degree|time_since_last_tx|consecutive_tx_attempts|congestion_ewma|self_information_increment,0.10655535012483597,0.034884124994277954,0.05736881494522095,0.17520570755004883,-0.4557271897792816,0.3303631544113159,-0.8466528654098511,0.21286992728710175,0.07236815989017487,0.031107613816857338,0.9910978489059025,mpnn,5,3,16,mean_max,32,38,362400,3624.0,0.9440755844116211,0.6668832898139954,0.24418972432613373,1.0443111658096313,0.3245607614517212,0.07236815989017487,0.031107613816857338,0.025974929332733154,0.03709195554256439,0.06756266951560974,0.11425689160823821,0.2014465630054474,0.030414504930377007,0.031107613816857338,0.020496618002653122
231,7.347990920245647,0.06812499995343387,0.07107062023888047,0.1,-0.028929379761119534,-0.28929376868181844,-0.28929376868181844,0.06823350489139557,0.0,0.0,False,-1.2280273040232714e-05,78.290771484375,0.2336413562297821,0.0001587136648595333,0.0,2.4414061883248905e-08,0.9999998211860657,6.560034275054932,0.0,0.0,0.0,0.001056815730407834,0.0,0.0,100,0.2,0.135,0.0,906,curvature_stage2_mpnn_v1,True,1.2475175857543945,1.5000001192092896,1.5,38,normalized_degree|time_since_last_tx|consecutive_tx_attempts|congestion_ewma|self_information_increment,0.10351331532001495,0.0331195592880249,0.05736881494522095,0.21430417895317078,-0.48974600434303284,0.3269728422164917,-0.8690373301506042,0.1903977394104004,0.06823350489139557,0.02913459576666355,0.9851038321916278,mpnn,5,3,16,mean_max,32,38,362400,3624.0,0.9405491352081299,0.7263953685760498,0.23709022998809814,1.126478672027588,0.3128390908241272,0.06823350489139557,0.02913459576666355,0.0252760648727417,0.03756920099258423,0.06180937588214874,0.10792463719844815,0.24538502097129822,0.028427811339497566,0.02913459576666355,0.019238296896219254
232,8.511868407577277,0.06204999978654087,0.06656031001271068,0.1,-0.03343968998728933,-0.33439686643320665,-0.33439686643320665,0.06402025371789932,0.0,0.0,False,-0.00012977294682059437,85.90263366699219,0.2204102724790573,7.136037311283872e-05,0.0,2.4414061883248905e-08,0.9999998807907104,6.851424694061279,0.0,0.0,0.0,0.003132967511191964,0.0,0.0,100,0.2,0.1425,0.0,860,curvature_stage2_mpnn_v1,True,1.2475175857543945,1.5000001192092896,1.5,38,normalized_degree|time_since_last_tx|consecutive_tx_attempts|congestion_ewma|self_information_increment,0.1047920286655426,0.0387263223528862,0.05736881494522095,0.21430417895317078,-0.5621171593666077,0.3032577633857727,-0.8978081345558167,0.15776439011096954,0.06402025371789932,0.027945302426815033,0.9810299983689963,mpnn,5,3,16,mean_max,32,38,344000,3440.0,0.9203662872314453,0.8155936598777771,0.22422686219215393,1.2645410299301147,0.2873588502407074,0.06402025371789932,0.027945302426815033,0.02448210120201111,0.03269583284854889,0.05941128730773926,0.10655864775180816,0.23300573229789734,0.02736363187432289,0.027945302426815033,0.02053726091980934
233,7.975255534164607,0.05934999975375831,0.0629551548832345,0.1,-0.03704484511676551,-0.37044841412281365,-0.37044841412281365,0.059653978794813156,0.0,0.0,False,-0.00030944825266487896,87.55697631835938,0.20479729771614075,0.0005043738638050854,0.004650000017136335,-2.4414061883248905e-08,0.9999997615814209,6.889578819274902,0.0,0.0,0.0,0.004459684249013662,0.0,0.0,100,0.2,0.135,0.0,974,curvature_stage2_mpnn_v1,True,1.2475175857543945,1.5000001192092896,1.5,38,normalized_degree|time_since_last_tx|consecutive_tx_attempts|congestion_ewma|self_information_increment,0.10754893720149994,0.03913116082549095,0.05736881494522095,0.21430417895317078,-0.657507061958313,0.2568539083003998,-0.9335295557975769,0.12177272140979767,0.059653978794813156,0.024055369198322296,0.9861724771116459,mpnn,5,3,16,mean_max,32,38,389600,3896.0,0.9218378067016602,0.9942825436592102,0.2288948893547058,1.518117904663086,0.2868172824382782,0.059653978794813156,0.024055369198322296,0.02374899387359619,0.034096616506576534,0.056453704833984375,0.09513774812221526,0.18729734420776367,0.023769395425915718,0.024055369198322296,0.019246824085712433
234,8.776833584941924,0.05084999977145344,0.05690257732734397,0.1,-0.04309742267265604,-0.430974183629142,-0.430974183629142,0.052119262516498566,0.0,0.0,False,0.00011176757834618911,101.01518249511719,0.19449383020401,4.2277817556168884e-05,0.0,0.0,0.9999998807907104,6.604045867919922,0.0,0.0,0.0,0.0030169545207172632,0.0,0.0,100,0.2,0.1075,0.0,962,curvature_stage2_mpnn_v1,True,1.2475175857543945,1.5000001192092896,1.5,38,normalized_degree|time_since_last_tx|consecutive_tx_attempts|congestion_ewma|self_information_increment,0.10687856376171112,0.033461153507232666,0.05736881494522095,0.21430417895317078,-0.7843911647796631,0.17477741837501526,-0.9673834443092346,-0.08983899652957916,0.052119262516498566,0.01739654503762722,0.982648289062976,mpnn,5,3,16,mean_max,32,38,384800,3848.0,0.9348622560501099,1.0652203559875488,0.2317238450050354,1.6220118999481201,0.28542158007621765,0.052119262516498566,0.01739654503762722,0.02290445566177368,0.03310166597366333,0.04928591847419739,0.07289085686206817,0.16329768300056458,0.017280099913477898,0.01739654503762722,0.015346495434641838
235,9.610015662945807,0.04892499967478216,0.05291378850106306,0.1,-0.04708621149893694,-0.47086206790316265,-0.47086206790316265,0.04908887669444084,0.0,0.0,False,1.5258789289873675e-06,114.49859619140625,0.19367410242557526,1.6545287735425518e-06,0.0,-2.4414061883248905e-08,0.9999998211860657,6.617914199829102,0.0,0.0,0.0,0.0019905613735318184,0.0,0.0,100,0.2,0.085,0.0,944,curvature_stage2_mpnn_v1,True,1.2475175857543945,1.5000001192092896,1.5,38,normalized_degree|time_since_last_tx|consecutive_tx_attempts|congestion_ewma|self_information_increment,0.10639499872922897,0.0271841399371624,0.05736881494522095,0.17073550820350647,-0.8406607508659363,0.13524915277957916,-0.979924201965332,-0.16333085298538208,0.04908887669444084,0.013552198186516762,0.9898566611001665,mpnn,5,3,16,mean_max,32,38,377600,3776.0,0.9275688529014587,1.0581367015838623,0.23037710785865784,1.6010934114456177,0.28989091515541077,0.04908887669444084,0.013552198186516762,0.02254354953765869,0.03274099230766296,0.0479181706905365,0.06817150712013244,0.10262659192085266,0.013437789864838123,0.013552198186516762,0.012119157239794731
236,9.110096215344965,0.050824999758042395,0.05186939412955273,0.1,-0.04813060587044728,-0.48130601057387173,-0.48130601057387173,0.05038375407457352,0.0,0.0,False,-6.225586162145191e-07,115.77428436279297,0.19814004004001617,-6.050306637916947e-06,0.0,-2.4414061883248905e-08,0.9999997615814209,6.860818386077881,0.0,0.0,0.0,0.00039854252827353776,0.0,0.0,100,0.2,0.13,0.0,1002,curvature_stage2_mpnn_v1,True,1.2475175857543945,1.5000001192092896,1.5,38,normalized_degree|time_since_last_tx|consecutive_tx_attempts|congestion_ewma|self_information_increment,0.1095697283744812,0.035305943340063095,0.05736881494522095,0.21430417895317078,-0.8476415872573853,0.13009488582611084,-0.978859007358551,-0.22515839338302612,0.05038375407457352,0.01717764139175415,0.9857522593696042,mpnn,5,3,16,mean_max,32,38,400800,4008.0,0.9269885420799255,1.0537184476852417,0.2285977005958557,1.6056591272354126,0.28302016854286194,0.05038375407457352,0.01717764139175415,0.0225030779838562,0.03271984755992889,0.046802818775177,0.07324779629707334,0.13318628072738647,0.01711588352918625,0.01717764139175415,0.01612289436161518
237,9.27274343214929,0.05027499966789037,0.05107219689872155,0.1,-0.04892780310127846,-0.48927798208498635,-0.48927798208498635,0.0485469289124012,0.0,0.0,False,-3.5058594221482053e-05,128.95404052734375,0.19509227573871613,1.9436307411524467e-05,0.0,0.0,0.9999998807907104,6.530834674835205,0.0,0.0,0.0,0.001969075994566083,0.0,0.0,100,0.2,0.0875,0.0,1048,curvature_stage2_mpnn_v1,True,1.2475175857543945,1.5000001192092896,1.5,38,normalized_degree|time_since_last_tx|consecutive_tx_attempts|congestion_ewma|self_information_increment,0.10441074520349503,0.027218719944357872,0.05736881494522095,0.1788477897644043,-0.8337276577949524,0.13984014093875885,-0.975744903087616,-0.2199910283088684,0.0485469289124012,0.01401659194380045,0.9870957249231942,mpnn,5,3,16,mean_max,32,38,419200,4192.0,0.9334923624992371,1.0215257406234741,0.2289094477891922,1.548951506614685,0.2921311557292938,0.0485469289124012,0.01401659194380045,0.022537529468536377,0.0320047527551651,0.04700416326522827,0.06739855110645293,0.11504620313644409,0.013916716910898685,0.01401659194380045,0.01247197575867176
238,9.87455681655556,0.04817499962635338,0.04962359826253747,0.1,-0.05037640173746254,-0.5037639669982287,-0.5037639669982287,0.04908338934183121,0.0,0.0,False,7.836913937353529e-06,134.75328063964844,0.1963118612766266,6.525770731968805e-05,0.0,7.324219097881723e-08,0.9999998807907104,6.729498386383057,0.0,0.0,0.0,0.0008112163050100207,0.0,0.0,100,0.2,0.1175,0.0,1014,curvature_stage2_mpnn_v1,True,1.2475175857543945,1.5000001192092896,1.5,38,normalized_degree|time_since_last_tx|consecutive_tx_attempts|congestion_ewma|self_information_increment,0.10221800208091736,0.03251805528998375,0.05736881494522095,0.21430417895317078,-0.7985037565231323,0.16177141666412354,-0.9695446491241455,-0.11831951886415482,0.04908338934183121,0.01670250855386257,0.9840463076359518,mpnn,5,3,16,mean_max,32,38,405600,4056.0,0.9231114387512207,0.9823917746543884,0.22756794095039368,1.4847735166549683,0.29400646686553955,0.04908338934183121,0.01670250855386257,0.022677719593048096,0.029816868901252746,0.04718969762325287,0.07104263007640839,0.150323748588562,0.016589147970080376,0.01670250855386257,0.015015361830592155
239,8.343194678910077,0.05477499974425882,0.05219929900339815,0.1,-0.04780070099660186,-0.47800696216532235,-0.47800696216532235,0.05307310074567795,0.0,0.0,False,1.7333984487777343e-06,124.74424743652344,0.20574384927749634,-2.0402158042998053e-05,0.0,0.0,0.9999998807907104,6.889401435852051,0.0,0.0,0.0,0.0006666439003311098,0.0,0.0,100,0.2,0.13,0.0,1054,curvature_stage2_mpnn_v1,True,1.2475175857543945,1.5000001192092896,1.5,38,normalized_degree|time_since_last_tx|consecutive_tx_attempts|congestion_ewma|self_information_increment,0.10805712640285492,0.032829053699970245,0.05736881494522095,0.21430417895317078,-0.779075562953949,0.17844638228416443,-0.963630199432373,-0.002912803553044796,0.05307310074567795,0.01760096475481987,0.9838642033429532,mpnn,5,3,16,mean_max,32,38,421600,4216.0,0.919136643409729,0.9778752326965332,0.23020027577877045,1.483052372932434,0.2974127233028412,0.05307310074567795,0.01760096475481987,0.022906720638275146,0.03411089181900025,0.049937546253204346,0.07547310590744019,0.14747238159179688,0.017448462545871735,0.01760096475481987,0.015288250520825386
240,8.445160333402455,0.05102499969769269,0.05161214935054542,0.1,-0.048387850649454583,-0.48387845810670005,-0.48387845810670005,0.05170881375670433,0.0,0.0,False,-3.2470702535647433e-06,127.12066650390625,0.20063240826129913,1.216604118781106e-06,0.0,0.0,0.9999998807907104,6.638988494873047,0.0,0.0,0.0,0.0005552065558731556,0.0,0.0,100,0.2,0.1,0.0,1092,curvature_stage2_mpnn_v1,True,1.2475175857543945,1.5000001192092896,1.5,38,normalized_degree|time_since_last_tx|consecutive_tx_attempts|congestion_ewma|self_information_increment,0.10337318480014801,0.030835241079330444,0.062654048204422,0.21430417895317078,-0.7615492939949036,0.18873555958271027,-0.9626976847648621,-0.04283555969595909,0.05170881375670433,0.01785055734217167,0.9835807249430709,mpnn,5,3,16,mean_max,32,38,436800,4368.0,0.9179258346557617,0.9776736497879028,0.2328128218650818,1.4757355451583862,0.30447879433631897,0.05170881375670433,0.01785055734217167,0.02505505084991455,0.034025147557258606,0.048196688294410706,0.07237029969692231,0.1867208182811737,0.017634356394410133,0.01785055734217167,0.0151096535846591
241,9.53493028447032,0.04927499962504953,0.050443574487797474,0.1,-0.04955642551220253,-0.49556420556560477,-0.49556420556560477,0.05134747922420502,0.0,0.0,False,-6.899413710925728e-05,131.01095581054688,0.1943930834531784,-3.345869845361449e-05,0.0,0.0,0.9999998211860657,6.689026832580566,0.0,0.0,0.0,0.0033756662160158157,0.0,0.0,100,0.2,0.1275,0.0,1026,curvature_stage2_mpnn_v1,True,1.2475175857543945,1.5000001192092896,1.5,38,normalized_degree|time_since_last_tx|consecutive_tx_attempts|congestion_ewma|self_information_increment,0.10337810218334198,0.03853631392121315,0.05736881494522095,0.21430417895317078,-0.7664211988449097,0.1858106404542923,-0.9640146493911743,-0.12607312202453613,0.05134747922420502,0.020521074533462524,0.9846251510545635,mpnn,5,3,16,mean_max,32,38,410400,4104.0,0.9244127869606018,1.0189809799194336,0.23148025572299957,1.5464708805084229,0.29384729266166687,0.05134747922420502,0.020521074533462524,0.022806257009506226,0.028167277574539185,0.04666583240032196,0.0784380257129669,0.16820630431175232,0.020382123067975044,0.020521074533462524,0.018473468720912933
242,12.212236873283983,0.045524999629706145,0.04798428705875181,0.1,-0.052015712941248196,-0.5201570773967742,-0.5201570773967742,0.04651900753378868,0.0,0.0,False,1.3522339031624142e-05,163.267578125,0.18537305295467377,-4.896847713098396e-06,0.0,4.882812376649781e-08,1.0,6.533738613128662,0.0,0.0,0.0,0.0044832550920546055,0.0,0.0,100,0.2,0.085,0.0,1026,curvature_stage2_mpnn_v1,True,1.2475175857543945,1.5000001192092896,1.5,38,normalized_degree|time_since_last_tx|consecutive_tx_attempts|congestion_ewma|self_information_increment,0.09950528293848038,0.02777843549847603,0.05736881494522095,0.16809719800949097,-0.8236677050590515,0.15598024427890778,-0.9739651083946228,-0.12394296377897263,0.04651900753378868,0.014002722688019276,0.9905302235408001,mpnn,5,3,16,mean_max,32,38,410400,4104.0,0.9126973748207092,1.0275990962982178,0.22539947926998138,1.5521657466888428,0.29051196575164795,0.04651900753378868,0.014002722688019276,0.022659778594970703,0.02936139702796936,0.0447514820843935,0.06628327667713164,0.11766648292541504,0.013872325420379639,0.014002722688019276,0.012294158339500427
243,9.714243442341685,0.04872499981895089,0.04835464343885135,0.1,-0.05164535656114866,-0.5164535139661351,-0.5164535139661351,0.048539526760578156,0.0,0.0,False,1.3256835700303782e-05,163.9984130859375,0.19329576194286346,-1.3564736036641989e-06,0.0,0.0,0.9999999403953552,6.65681791305542,0.0,0.0,0.0,0.0014617908746004105,0.0,0.0,100,0.2,0.125,0.0,924,curvature_stage2_mpnn_v1,True,1.2475175857543945,1.5000001192092896,1.5,38,normalized_degree|time_since_last_tx|consecutive_tx_attempts|congestion_ewma|self_information_increment,0.101231649518013,0.031085727736353874,0.05736881494522095,0.21430417895317078,-0.8019517660140991,0.17258232831954956,-0.9738972783088684,-0.09644041210412979,0.048539526760578156,0.016544222831726074,0.9828663542696363,mpnn,5,3,16,mean_max,32,38,369600,3696.0,0.9144507646560669,0.9824724197387695,0.22993086278438568,1.4878829717636108,0.2962241768836975,0.048539526760578156,0.016544222831726074,0.022584468126296997,0.028770551085472107,0.04635380208492279,0.06892406642436981,0.15134459733963013,0.016358911991119385,0.016544222831726074,0.014499583281576633
244,10.172350278533996,0.05099999968893826,0.0496773215638948,0.1,-0.0503226784361052,-0.5032267340383786,-0.5032267340383786,0.050635211169719696,0.0,0.0,False,-5.065917775937123e-06,163.01889038085938,0.19785289466381073,1.581651758897351e-06,0.0,-2.4414061883248905e-08,0.9999998807907104,6.770859241485596,0.0,0.0,0.0,0.0008213571272790432,0.0,0.0,100,0.2,0.1275,0.0,892,curvature_stage2_mpnn_v1,True,1.2475175857543945,1.5000001192092896,1.5,38,normalized_degree|time_since_last_tx|consecutive_tx_attempts|congestion_ewma|self_information_increment,0.10429873317480087,0.035280492156744,0.05736881494522095,0.21430417895317078,-0.7890216112136841,0.18300968408584595,-0.9680517315864563,-0.004720756318420172,0.050635211169719696,0.018333468586206436,0.9839493654395536,mpnn,5,3,16,mean_max,32,38,356800,3568.0,0.9230941534042358,0.9802427887916565,0.23635157942771912,1.483718991279602,0.3067924380302429,0.050635211169719696,0.018333468586206436,0.022748351097106934,0.031071564555168154,0.0471721887588501,0.07370856702327727,0.16833776235580444,0.018172230571508408,0.018333468586206436,0.01628004014492035
245,10.454294417649507,0.05019999968353659,0.0499386606237157,0.1,-0.050061339376284306,-0.5006133437015087,-0.5006133437015087,0.04940415173768997,0.0,0.0,False,-4.7900390200084075e-05,165.7529754638672,0.19694598019123077,7.611525234096916e-06,0.0,4.882812376649781e-08,0.9999999403953552,6.7565226554870605,0.0,0.0,0.0,0.00244074291549623,0.0,0.0,100,0.2,0.1175,0.0,1016,curvature_stage2_mpnn_v1,True,1.2475175857543945,1.5000001192092896,1.5,38,normalized_degree|time_since_last_tx|consecutive_tx_attempts|congestion_ewma|self_information_increment,0.10215024650096893,0.03464774414896965,0.05736881494522095,0.21430417895317078,-0.7957716584205627,0.17399469017982483,-0.9673805832862854,-0.08297183364629745,0.04940415173768997,0.018715906888246536,0.9820795122019172,mpnn,5,3,16,mean_max,32,38,406400,4064.0,0.9255905747413635,0.9581805467605591,0.23465649783611298,1.454160213470459,0.29871001839637756,0.04940415173768997,0.018715906888246536,0.022979050874710083,0.03161496222019196,0.04470202326774597,0.06836687326431275,0.18239334225654602,0.01856962963938713,0.018715906888246536,0.016817620024085045
246,9.070772467069327,0.0500249996362254,0.04998183012997055,0.1,-0.05001816987002945,-0.5001816486821297,-0.5001816486821297,0.053252678364515305,0.0,0.0,False,-0.00018093262042384595,153.8247528076172,0.21547973155975342,0.00035514062619768083,0.0,2.4414061883248905e-08,0.9999998807907104,6.758084297180176,0.0,0.0,0.0,0.003920238930732012,0.0,0.0,100,0.2,0.095,0.0,1074,curvature_stage2_mpnn_v1,True,1.2475175857543945,1.5000001192092896,1.5,38,normalized_degree|time_since_last_tx|consecutive_tx_attempts|congestion_ewma|self_information_increment,0.105030857026577,0.02871350385248661,0.05736881494522095,0.21430417895317078,-0.747307538986206,0.19692423939704895,-0.9574299454689026,0.01664848066866398,0.053252678364515305,0.017008047550916672,0.9836924435153321,mpnn,5,3,16,mean_max,32,38,429600,4296.0,0.9271834492683411,0.8529363870620728,0.23639988899230957,1.3062946796417236,0.3057960569858551,0.053252678364515305,0.017008047550916672,0.023092180490493774,0.034185108542442326,0.051567912101745605,0.07375763654708861,0.1791207194328308,0.016763268038630486,0.017008047550916672,0.013768574222922325
247,8.966253012605012,0.05712499969638884,0.05355341491317969,0.1,-0.04644658508682031,-0.46446580442162266,-0.46446580442162266,0.05588602274656296,0.0,0.0,False,-3.3312986488454044e-05,146.10415649414062,0.22395910322666168,6.361617852235213e-05,0.0,4.882812376649781e-08,0.9999998807907104,6.852718830108643,0.0,0.0,0.0,0.0011647308710962534,0.0,0.0,100,0.2,0.1175,0.0,952,curvature_stage2_mpnn_v1,True,1.2475175857543945,1.5000001192092896,1.5,38,normalized_degree|time_since_last_tx|consecutive_tx_attempts|congestion_ewma|self_information_increment,0.10165072232484818,0.03178441897034645,0.05736881494522095,0.21430417895317078,-0.6665761470794678,0.24897035956382751,-0.9277396202087402,0.0977531298995018,0.05588602274656296,0.0208881963044405,0.9837717844040589,mpnn,5,3,16,mean_max,32,38,380800,3808.0,0.9337185025215149,0.7685720324516296,0.23185782134532928,1.1849066019058228,0.3069417476654053,0.05588602274656296,0.0208881963044405,0.023766428232192993,0.0308920681476593,0.05293929576873779,0.08336186110973358,0.2035941183567047,0.020501647144556046,0.0208881963044405,0.015852749347686768
248,7.478030046485364,0.061924999724142255,0.05773920731866097,0.1,-0.04226079268133903,-0.42260788455260184,-0.42260788455260184,0.06241603568196297,0.0,0.0,False,-6.511230458272621e-05,123.41576385498047,0.24110254645347595,0.0002297095488756895,0.0,2.4414061883248905e-08,1.0,6.929219722747803,0.0,0.0,0.0,0.00167583127040416,0.0,0.0,100,0.2,0.105,0.0,1046,curvature_stage2_mpnn_v1,True,1.2475175857543945,1.5000001192092896,1.5,38,normalized_degree|time_since_last_tx|consecutive_tx_attempts|congestion_ewma|self_information_increment,0.10165441781282425,0.027646318078041077,0.05736881494522095,0.17073550820350647,-0.5549997091293335,0.2846453785896301,-0.8844123482704163,0.14673292636871338,0.06241603568196297,0.022364648059010506,0.989901272680621,mpnn,5,3,16,mean_max,32,38,418400,4184.0,0.9324474334716797,0.7135148048400879,0.23725315928459167,1.1089587211608887,0.3135388493537903,0.06241603568196297,0.022364648059010506,0.024923652410507202,0.03737460970878601,0.05806483328342438,0.09222671762108801,0.1751675307750702,0.02191935107111931,0.022364648059010506,0.014380935579538345
249,7.695594443380832,0.06649999995250255,0.06211960363558176,0.1,-0.03788039636441824,-0.37880392576378985,-0.37880392576378985,0.06832674890756607,0.0,0.0,False,3.665771509986371e-05,118.54463195800781,0.24621421098709106,7.637739327037707e-05,0.0,-2.4414061883248905e-08,0.9999998807907104,6.618375778198242,0.0,0.0,0.0,0.003370536956936121,0.0,0.0,100,0.2,0.1425,0.0,928,curvature_stage2_mpnn_v1,True,1.2475175857543945,1.5000001192092896,1.5,38,normalized_degree|time_since_last_tx|consecutive_tx_attempts|congestion_ewma|self_information_increment,0.10246062278747559,0.042668331414461136,0.05736881494522095,0.21430417895317078,-0.462675541639328,0.2928731441497803,-0.8221719861030579,0.1628667116165161,0.06832674890756607,0.031375277787446976,0.9854875742734988,mpnn,5,3,16,mean_max,32,38,371200,3712.0,0.9305818676948547,0.6876940131187439,0.23438841104507446,1.0644599199295044,0.3154388964176178,0.06832674890756607,0.031375277787446976,0.026290208101272583,0.036086222529411315,0.0598921924829483,0.11230554282665252,0.24131280183792114,0.03101785108447075,0.031375277787446976,0.025008928030729294
250,6.851871464326978,0.0765500000026077,0.06933480181909474,0.1,-0.030665198180905268,-0.30665195114385757,-0.30665195114385757,0.07630335539579391,0.0,0.0,False,-2.7856445740326308e-05,98.23888397216797,0.2657496929168701,1.679726665315684e-05,0.0,2.4414061883248905e-08,0.9999998807907104,6.86965799331665,0.0,0.0,0.0,0.0029771735426038504,0.0,0.0,100,0.2,0.165,0.02,944,curvature_stage2_mpnn_v1,True,1.2475175857543945,1.5000001192092896,1.5,38,normalized_degree|time_since_last_tx|consecutive_tx_attempts|congestion_ewma|self_information_increment,0.11194675415754318,0.04082810878753662,0.05736881494522095,0.21430417895317078,-0.4396578073501587,0.28310132026672363,-0.7942048907279968,0.16000278294086456,0.07630335539579391,0.03127816691994667,0.9867403362512503,mpnn,5,3,16,mean_max,32,38,377600,3776.0,0.9389380216598511,0.6719616651535034,0.23887991905212402,1.0363112688064575,0.32603487372398376,0.07630335539579391,0.03127816691994667,0.0273418128490448,0.040692880749702454,0.07147325575351715,0.12050330638885498,0.23495995998382568,0.03098246082663536,0.03127816691994667,0.024209322407841682
251,7.581003530398011,0.07044999984558671,0.06989240083234072,0.1,-0.030107599167659288,-0.30107596156899674,-0.30107596156899674,0.06948588043451309,0.0,0.0,False,-1.851806700869929e-05,98.58634948730469,0.25011929869651794,2.5616272978368215e-06,0.0,-2.4414061883248905e-08,0.9999999403953552,6.6748151779174805,0.0,0.0,0.0,0.0020099147222936153,0.0,0.0,100,0.2,0.1425,0.0,1010,curvature_stage2_mpnn_v1,True,1.2475175857543945,1.5000001192092896,1.5,38,normalized_degree|time_since_last_tx|consecutive_tx_attempts|congestion_ewma|self_information_increment,0.10044097900390625,0.03698643296957016,0.05736881494522095,0.21430417895317078,-0.4192415475845337,0.28085723519325256,-0.7800044417381287,0.15689049661159515,0.06948588043451309,0.02850879356265068,0.9867409820643234,mpnn,5,3,16,mean_max,32,38,404000,4040.0,0.9370519518852234,0.6524775624275208,0.23620493710041046,1.0169988870620728,0.322345107793808,0.06948588043451309,0.02850879356265068,0.027651667594909668,0.03849346041679382,0.06347046792507172,0.10698823332786558,0.2288285195827484,0.028126651421189308,0.02850879356265068,0.021944915875792503
252,7.390370212830603,0.07194999991450458,0.07092120037342264,0.1,-0.029078799626577362,-0.2907879671869769,-0.2907879671869769,0.07330817729234695,0.0,0.0,False,-3.7658690416719764e-05,85.25032043457031,0.2525166869163513,4.188414823147468e-05,0.0,4.882812376649781e-08,0.9999998807907104,6.9511518478393555,0.0,0.0,0.0,0.003996711689978838,0.0,0.0,100,0.2,0.15,0.0,990,curvature_stage2_mpnn_v1,True,1.2475175857543945,1.5000001192092896,1.5,38,normalized_degree|time_since_last_tx|consecutive_tx_attempts|congestion_ewma|self_information_increment,0.10201486200094223,0.03660937771201134,0.05736881494522095,0.21430417895317078,-0.3878241777420044,0.30029186606407166,-0.7722830772399902,0.18545103073120117,0.07330817729234695,0.030979420989751816,0.983111076934251,mpnn,5,3,16,mean_max,32,38,396000,3960.0,0.9422600865364075,0.661425769329071,0.24486154317855835,1.022498607635498,0.3357170522212982,0.07330817729234695,0.030979420989751816,0.027904421091079712,0.04054677486419678,0.06644181907176971,0.11739956736564633,0.2448940873146057,0.03061499074101448,0.030979420989751816,0.023178424686193466
253,6.534667182341218,0.07332499993499368,0.07212310015420817,0.1,-0.027876899845791836,-0.2787689705810213,-0.2787689705810213,0.07551639527082443,0.0,0.0,False,-0.0001144287089118734,77.24134063720703,0.2516833245754242,-3.063045005546883e-05,0.0,2.4414061883248905e-08,0.9999999403953552,6.972565174102783,0.0,0.0,0.0,0.003273624926805496,0.0,0.0,100,0.2,0.1175,0.0,950,curvature_stage2_mpnn_v1,True,1.2475175857543945,1.5000001192092896,1.5,38,normalized_degree|time_since_last_tx|consecutive_tx_attempts|congestion_ewma|self_information_increment,0.10902418196201324,0.03318745270371437,0.05736881494522095,0.21430417895317078,-0.43210482597351074,0.30625119805336,-0.8070846796035767,0.18547029793262482,0.07551639527082443,0.029560184106230736,0.9873605297878087,mpnn,5,3,16,mean_max,32,38,380000,3800.0,0.9404816031455994,0.7075826525688171,0.2456251084804535,1.0968092679977417,0.3363604247570038,0.07551639527082443,0.029560184106230736,0.0270843505859375,0.042743811011314393,0.069949671626091,0.11631188988685608,0.24274596571922302,0.02902729995548725,0.029560184106230736,0.019832991063594818
254,7.749198981150985,0.06574999989476055,0.06893655002448436,0.1,-0.031063449975515647,-0.31063446869170963,-0.31063446869170963,0.06687824428081512,0.0,0.0,False,5.4833984904689714e-05,84.18586730957031,0.23469091951847076,1.5414303561556153e-05,0.0,0.0,0.9999999403953552,6.845090389251709,0.0,0.0,0.0,0.0027635223232209682,0.0,0.0,100,0.2,0.13,0.0,872,curvature_stage2_mpnn_v1,True,1.2475175857543945,1.5000001192092896,1.5,38,normalized_degree|time_since_last_tx|consecutive_tx_attempts|congestion_ewma|self_information_increment,0.10401465743780136,0.03029041178524494,0.05736881494522095,0.21430417895317078,-0.509804368019104,0.2991533875465393,-0.856468141078949,0.157761350274086,0.06687824428081512,0.025499263778328896,0.9844471557340425,mpnn,5,3,16,mean_max,32,38,348800,3488.0,0.9383400082588196,0.7136967182159424,0.24622087180614471,1.110159993171692,0.3358593285083771,0.06687824428081512,0.025499263778328896,0.025673121213912964,0.03858894109725952,0.06281629204750061,0.10399413108825682,0.2288578748703003,0.02506900765001774,0.025499263778328896,0.01667306013405323
255,6.949481800757349,0.06862499997951091,0.06878077500199764,0.1,-0.031219224998002365,-0.3121922187608018,-0.3121922187608018,0.06704169511795044,0.0,0.0,False,-1.5441893992829137e-05,76.19973754882812,0.23870280385017395,2.2445998183684424e-05,0.0,-2.4414061883248905e-08,0.9999997615814209,6.854178428649902,0.0,0.0,0.0,0.0013320499565452337,0.0,0.0,100,0.2,0.12,0.0,1064,curvature_stage2_mpnn_v1,True,1.2475175857543945,1.5000001192092896,1.5,38,normalized_degree|time_since_last_tx|consecutive_tx_attempts|congestion_ewma|self_information_increment,0.10794570297002792,0.03171824663877487,0.05736881494522095,0.21430417895317078,-0.5501319169998169,0.29902851581573486,-0.891637921333313,0.1391029953956604,0.06704169511795044,0.02624143473803997,0.9862863180824263,mpnn,5,3,16,mean_max,32,38,425600,4256.0,0.9360079765319824,0.7435303330421448,0.25467193126678467,1.1405633687973022,0.34836211800575256,0.06704169511795044,0.02624143473803997,0.025026142597198486,0.03760414719581604,0.0629151463508606,0.10298880040645599,0.22909465432167053,0.025775298476219177,0.02624143473803997,0.017646916210651398
256,7.741945468373597,0.06752499982714653,0.0681528874145721,0.1,-0.03184711258542791,-0.3184710940071697,-0.3184710940071697,0.06582563370466232,0.0,0.0,False,-2.8039550670655444e-05,83.39982604980469,0.23321981728076935,7.462249050149694e-05,0.0,2.4414061883248905e-08,0.9999999403953552,6.695519924163818,0.0,0.0,0.0,0.001842450350522995,0.0,0.0,100,0.2,0.135,0.0,930,curvature_stage2_mpnn_v1,True,1.2475175857543945,1.5000001192092896,1.5,38,normalized_degree|time_since_last_tx|consecutive_tx_attempts|congestion_ewma|self_information_increment,0.10831213742494583,0.03462279215455055,0.05736881494522095,0.21430417895317078,-0.5702522397041321,0.29551535844802856,-0.9001038670539856,0.11435803025960922,0.06582563370466232,0.026119673624634743,0.9833685757334067,mpnn,5,3,16,mean_max,32,38,372000,3720.0,0.9411585927009583,0.7556139826774597,0.2538391947746277,1.1669563055038452,0.34649336338043213,0.06582563370466232,0.026119673624634743,0.024678945541381836,0.03812332153320312,0.060694366693496704,0.10324262380599976,0.22890248894691467,0.025748880580067635,0.026119673624634743,0.0182933509349823
257,7.944537376835942,0.06107499988283962,0.06461394364870586,0.1,-0.035386056351294146,-0.3538605281268886,-0.3538605281268886,0.06090308353304863,0.0,0.0,False,-5.8813475334318355e-05,82.34728240966797,0.21854658424854279,4.6006440243218094e-05,0.0,-2.4414061883248905e-08,0.9999998211860657,6.901018142700195,0.0,0.0,0.0,0.0021406738087534904,0.0,0.0,100,0.2,0.1125,0.0,954,curvature_stage2_mpnn_v1,True,1.2475175857543945,1.5000001192092896,1.5,38,normalized_degree|time_since_last_tx|consecutive_tx_attempts|congestion_ewma|self_information_increment,0.1039913222193718,0.02927405573427677,0.05736881494522095,0.17520570755004883,-0.6079559922218323,0.2864314913749695,-0.9142685532569885,0.084069162607193,0.06090308353304863,0.022584402933716774,0.9882878748829106,mpnn,5,3,16,mean_max,32,38,381600,3816.0,0.9351205229759216,0.8057536482810974,0.25296905636787415,1.237639307975769,0.3445175290107727,0.06090308353304863,0.022584402933716774,0.023999333381652832,0.03753463923931122,0.055864498019218445,0.09095322489738465,0.17217877507209778,0.022086311131715775,0.022584402933716774,0.014788048341870308
258,7.927023220732808,0.057099999766796826,0.06085697170775134,0.1,-0.039143028292248666,-0.3914302437794623,-0.3914302437794623,0.05701453983783722,0.0,0.0,False,2.412109461147338e-05,85.7670669555664,0.20959320664405823,3.5747136280406266e-05,0.0,2.4414061883248905e-08,0.9999998807907104,6.76608943939209,0.0,0.0,0.0,0.0012031132355332375,0.0,0.0,100,0.2,0.14,0.0,1056,curvature_stage2_mpnn_v1,True,1.2475175857543945,1.5000001192092896,1.5,38,normalized_degree|time_since_last_tx|consecutive_tx_attempts|congestion_ewma|self_information_increment,0.10286650061607361,0.03437834978103638,0.05736881494522095,0.21430417895317078,-0.6556491255760193,0.26668718457221985,-0.940475344657898,0.05076008662581444,0.05701453983783722,0.021870147436857224,0.9822821235068925,mpnn,5,3,16,mean_max,32,38,422400,4224.0,0.9276041388511658,0.8308234214782715,0.25591832399368286,1.28208327293396,0.3442668914794922,0.05701453983783722,0.021870147436857224,0.023519903421401978,0.03071575164794922,0.054158419370651245,0.0859479397535324,0.2137908935546875,0.02155308797955513,0.021870147436857224,0.016624776646494865
259,8.258490155264735,0.05857499974779785,0.05971598572777459,0.1,-0.040284014272225416,-0.4028401024382439,-0.4028401024382439,0.0562044233083725,0.0,0.0,False,-1.8469238057150505e-05,91.77054595947266,0.21298159658908844,-9.25891254155431e-06,0.0,-2.4414061883248905e-08,0.9999999403953552,6.760715007781982,0.0,0.0,0.0,0.0024855961091816425,0.0,0.0,100,0.2,0.12,0.0,974,curvature_stage2_mpnn_v1,True,1.2475175857543945,1.5000001192092896,1.5,38,normalized_degree|time_since_last_tx|consecutive_tx_attempts|congestion_ewma|self_information_increment,0.10396965593099594,0.03466329351067543,0.05736881494522095,0.21430417895317078,-0.6825697422027588,0.25792360305786133,-0.9484373331069946,0.03398042544722557,0.0562044233083725,0.02128777466714382,0.9861220217932726,mpnn,5,3,16,mean_max,32,38,389600,3896.0,0.9386730194091797,0.8044343590736389,0.2629412114620209,1.2408523559570312,0.3582131564617157,0.0562044233083725,0.02128777466714382,0.023249715566635132,0.03252358622848988,0.051715776324272156,0.08362693637609481,0.17045503854751587,0.02105635218322277,0.02128777466714382,0.016430066898465157
260,7.843831568993628,0.05707499981392175,0.05839549277084817,0.1,-0.041604507229151835,-0.41604503068701526,-0.41604503068701526,0.05661546066403389,0.0,0.0,False,6.005859177093953e-06,90.17877197265625,0.21338453888893127,-6.649242550338386e-06,0.0,2.4414061883248905e-08,0.9999998807907104,6.8651885986328125,0.0,0.0,0.0,0.0023471275344491005,0.0,0.0,100,0.2,0.1175,0.0,920,curvature_stage2_mpnn_v1,True,1.2475175857543945,1.5000001192092896,1.5,38,normalized_degree|time_since_last_tx|consecutive_tx_attempts|congestion_ewma|self_information_increment,0.10389892756938934,0.0339946411550045,0.05736881494522095,0.21430417895317078,-0.6783959865570068,0.26463860273361206,-0.948683500289917,0.04749859869480133,0.05661546066403389,0.02196620963513851,0.9854597611734003,mpnn,5,3,16,mean_max,32,38,368000,3680.0,0.9355679154396057,0.7996890544891357,0.25740447640419006,1.2366050481796265,0.35254335403442383,0.05661546066403389,0.02196620963513851,0.02331489324569702,0.03125447928905487,0.05275321006774902,0.08569106459617615,0.20606350898742676,0.02169773355126381,0.02196620963513851,0.016579555347561836
261,8.668146466054022,0.05667499970179051,0.05753524623631934,0.1,-0.04246475376368067,-0.4246474951720572,-0.4246474951720572,0.05844024196267128,0.0,0.0,False,-3.511962859192863e-05,99.50568389892578,0.21416273713111877,-3.7960595363983884e-05,0.0,0.0,0.9999999403953552,6.815005779266357,0.0,0.0,0.0,0.002053583273664117,0.0,0.0,100,0.2,0.115,0.0,944,curvature_stage2_mpnn_v1,True,1.2475175857543945,1.5000001192092896,1.5,38,normalized_degree|time_since_last_tx|consecutive_tx_attempts|congestion_ewma|self_information_increment,0.10716786980628967,0.033639274537563324,0.05736881494522095,0.21430417895317078,-0.6831173896789551,0.2706884741783142,-0.9552013874053955,0.04139173775911331,0.05844024196267128,0.02257896587252617,0.981344393280209,mpnn,5,3,16,mean_max,32,38,377600,3776.0,0.9292160868644714,0.8375130891799927,0.26053476333618164,1.287640929222107,0.3556283116340637,0.05844024196267128,0.02257896587252617,0.023136615753173828,0.034366756677627563,0.05263685807585716,0.091834157705307,0.1963168978691101,0.022203493863344193,0.02257896587252617,0.01646660454571247
262,8.78106717787683,0.05189999965019524,0.054717622943257285,0.1,-0.04528237705674272,-0.45282372528505466,-0.45282372528505466,0.05422653630375862,0.0,0.0,False,-2.2607422579312697e-05,104.78755187988281,0.200866237282753,-6.1202526921988465e-06,0.0,0.0,0.9999998807907104,6.668817520141602,0.0,0.0,0.0,0.0012673030141741037,0.0,0.0,100,0.2,0.135,0.0,952,curvature_stage2_mpnn_v1,True,1.2475175857543945,1.5000001192092896,1.5,38,normalized_degree|time_since_last_tx|consecutive_tx_attempts|congestion_ewma|self_information_increment,0.10348276048898697,0.04167775437235832,0.05736881494522095,0.21430417895317078,-0.7148938179016113,0.25011369585990906,-0.964951753616333,0.03011673502624035,0.05422653630375862,0.023511411622166634,0.9853882380964498,mpnn,5,3,16,mean_max,32,38,380800,3808.0,0.9310582876205444,0.8715391755104065,0.25826677680015564,1.3385034799575806,0.34952783584594727,0.05422653630375862,0.023511411622166634,0.022824078798294067,0.031334123015403746,0.04812251031398773,0.09477737247943878,0.19690638780593872,0.02325519174337387,0.023511411622166634,0.019828710705041885
263,9.440446466132999,0.05294999973848462,0.05383381134087095,0.1,-0.046166188659129054,-0.4616618404251065,-0.4616618404251065,0.051620934158563614,0.0,0.0,False,2.294921841894393e-06,117.4234390258789,0.19964052736759186,2.1019779978814768e-06,0.0,-2.4414061883248905e-08,0.9999998807907104,6.5295820236206055,0.0,0.0,0.0,0.0036457693204283714,0.0,0.0,100,0.2,0.105,0.0,968,curvature_stage2_mpnn_v1,True,1.2475175857543945,1.5000001192092896,1.5,38,normalized_degree|time_since_last_tx|consecutive_tx_attempts|congestion_ewma|self_information_increment,0.10343009978532791,0.03248775377869606,0.05736881494522095,0.21430417895317078,-0.7665066123008728,0.2212352603673935,-0.9750592708587646,-0.03609384596347809,0.051620934158563614,0.018817728385329247,0.9861463728846589,mpnn,5,3,16,mean_max,32,38,387200,3872.0,0.9320712685585022,0.8724448680877686,0.2595924139022827,1.3315948247909546,0.3520163893699646,0.051620934158563614,0.018817728385329247,0.022646963596343994,0.03122018575668335,0.04813550412654877,0.07492165565490722,0.19237783551216125,0.018515843898057938,0.018817728385329247,0.015207825228571892
264,9.682796225100756,0.05392499965615571,0.05387940549851333,0.1,-0.04612059450148667,-0.4612058988942768,-0.4612058988942768,0.05214138329029083,0.0,0.0,False,-3.699951048474759e-05,120.5427017211914,0.20602799952030182,-1.1718535461113788e-05,0.0,0.0,0.9999998807907104,6.927212715148926,0.0,0.0,0.0,0.001557523151859641,0.0,0.0,100,0.2,0.095,0.0,1002,curvature_stage2_mpnn_v1,True,1.2475175857543945,1.5000001192092896,1.5,38,normalized_degree|time_since_last_tx|consecutive_tx_attempts|congestion_ewma|self_information_increment,0.10430755466222763,0.029287507757544518,0.05736881494522095,0.17073550820350647,-0.7659124732017517,0.22878314554691315,-0.9746931791305542,-0.01724856160581112,0.05214138329029083,0.0179161187261343,0.9896055822077456,mpnn,5,3,16,mean_max,32,38,400800,4008.0,0.9284106492996216,0.8415741324424744,0.2593335807323456,1.2690836191177368,0.3583376407623291,0.05214138329029083,0.0179161187261343,0.022650867700576782,0.029953885078430175,0.04950360953807831,0.07430796027183532,0.14703097939491272,0.017570946365594864,0.0179161187261343,0.013578359968960285
265,8.165970467943698,0.055999999805353584,0.05493970265193346,0.1,-0.04506029734806655,-0.45060292842037264,-0.45060292842037264,0.05580805614590645,0.0,0.0,False,-1.511230493633775e-05,120.58434295654297,0.21031716465950012,3.587843366403831e-06,0.0,0.0,1.0,6.726187229156494,0.0,0.0,0.0,0.004370290320366621,0.0,0.0,100,0.2,0.1325,0.0,1006,curvature_stage2_mpnn_v1,True,1.2475175857543945,1.5000001192092896,1.5,38,normalized_degree|time_since_last_tx|consecutive_tx_attempts|congestion_ewma|self_information_increment,0.10626369714736938,0.040795885026454926,0.05736881494522095,0.21430417895317078,-0.7137277722358704,0.25797680020332336,-0.9673548340797424,0.021091924980282784,0.05580805614590645,0.02319609746336937,0.9834288967391394,mpnn,5,3,16,mean_max,32,38,402400,4024.0,0.9312723875045776,0.8310514092445374,0.2605375647544861,1.276307463645935,0.3520983159542084,0.05580805614590645,0.02319609746336937,0.022739261388778687,0.030628493428230284,0.050683051347732544,0.09420957267284392,0.2057686746120453,0.02293604426085949,0.02319609746336937,0.018931930884718895
266,8.640185107886792,0.05732499990146607,0.056132351276699764,0.1,-0.04386764872330024,-0.43867644336535805,-0.43867644336535805,0.05827825888991356,0.0,0.0,False,-5.090332251711516e-06,120.13275146484375,0.21379081904888153,-7.551908254299633e-08,0.0,0.0,0.9999998807907104,6.859210014343262,0.0,0.0,0.0,0.00033196929143741727,0.0,0.0,100,0.2,0.115,0.0,990,curvature_stage2_mpnn_v1,True,1.2475175857543945,1.5000001192092896,1.5,38,normalized_degree|time_since_last_tx|consecutive_tx_attempts|congestion_ewma|self_information_increment,0.11265920102596283,0.03839172050356865,0.05736881494522095,0.21430417895317078,-0.7346954941749573,0.24876704812049866,-0.9681594967842102,0.009881684556603432,0.05827825888991356,0.022738201543688774,0.9861313956248314,mpnn,5,3,16,mean_max,32,38,396000,3960.0,0.9283711910247803,0.8784825801849365,0.2590098977088928,1.3406471014022827,0.34870609641075134,0.05827825888991356,0.022738201543688774,0.022783011198043823,0.032813397049903874,0.05467735230922699,0.08993595838546752,0.1746923327445984,0.0224156491458416,0.022738201543688774,0.018060173839330673
267,10.154761843904852,0.049999999720603226,0.053066175498651495,0.1,-0.04693382450134851,-0.4693381980796653,-0.4693381980796653,0.04873253032565117,0.0,0.0,False,5.480957042891532e-06,134.4709014892578,0.18938393890857697,3.2426472898805514e-05,0.0,2.4414061883248905e-08,0.9999998807907104,6.5764617919921875,0.0,0.0,0.0,0.0005417480715550482,0.0,0.0,100,0.2,0.1075,0.0,930,curvature_stage2_mpnn_v1,True,1.2475175857543945,1.5000001192092896,1.5,38,normalized_degree|time_since_last_tx|consecutive_tx_attempts|congestion_ewma|self_information_increment,0.0980081707239151,0.03201676160097122,0.05736881494522095,0.18319851160049438,-0.765099823474884,0.22073325514793396,-0.9721925258636475,-0.03830980136990547,0.04873253032565117,0.017857229337096214,0.9878749453034944,mpnn,5,3,16,mean_max,32,38,372000,3720.0,0.9240860342979431,0.8941634893417358,0.2504751980304718,1.3571562767028809,0.33587098121643066,0.04873253032565117,0.017857229337096214,0.022707819938659668,0.02788513004779816,0.044930607080459595,0.07317053973674773,0.1434498131275177,0.01759335584938526,0.017857229337096214,0.014529991894960403
268,9.247466910369694,0.053099999674595895,0.053083087586623695,0.1,-0.04691691241337631,-0.46916907721685536,-0.46916907721685536,0.052348487079143524,0.0,0.0,False,1.2817382639696007e-06,129.77032470703125,0.20039024949073792,7.674494554521516e-06,0.0,-2.4414061883248905e-08,0.9999998807907104,6.7316203117370605,0.0,0.0,0.0,0.00042226153891533613,0.0,0.0,100,0.2,0.1425,0.0,998,curvature_stage2_mpnn_v1,True,1.2475175857543945,1.5000001192092896,1.5,38,normalized_degree|time_since_last_tx|consecutive_tx_attempts|congestion_ewma|self_information_increment,0.1063813865184784,0.03814759850502014,0.05736881494522095,0.21430417895317078,-0.7806988954544067,0.20115897059440613,-0.9750053882598877,-0.10254339873790741,0.052348487079143524,0.020825520157814026,0.9817790101763747,mpnn,5,3,16,mean_max,32,38,399200,3992.0,0.9275000095367432,0.9009517431259155,0.25571537017822266,1.3711845874786377,0.33772513270378113,0.052348487079143524,0.020825520157814026,0.022595077753067017,0.03137629926204682,0.0478806346654892,0.07896598279476164,0.18117284774780273,0.020656011998653412,0.020825520157814026,0.018230145797133446
269,9.056086865104735,0.04977499972097576,0.05142904365379973,0.1,-0.048570956346200275,-0.48570951489105124,-0.48570951489105124,0.05031406134366989,0.0,0.0,False,-1.30615239868348e-06,132.38076782226562,0.1961061656475067,4.525133590504993e-06,0.0,-2.4414061883248905e-08,1.0,6.718662261962891,0.0,0.0,0.0,0.0004898905172012746,0.0,0.0,100,0.2,0.0875,0.0,918,curvature_stage2_mpnn_v1,True,1.2475175857543945,1.5000001192092896,1.5,38,normalized_degree|time_since_last_tx|consecutive_tx_attempts|congestion_ewma|self_information_increment,0.10329070687294006,0.02971174754202366,0.05736881494522095,0.16809719800949097,-0.7862071990966797,0.19819647073745728,-0.9756364822387695,-0.10915254056453705,0.05031406134366989,0.016265884041786194,0.9915417222828942,mpnn,5,3,16,mean_max,32,38,367200,3672.0,0.924553394317627,0.8963893055915833,0.25080403685569763,1.3678640127182007,0.3323451280593872,0.05031406134366989,0.016265884041786194,0.02253413200378418,0.030607283115386963,0.048529207706451416,0.07144443988800048,0.12862271070480347,0.016080467030405998,0.016265884041786194,0.013228234834969044
270,8.950816686712205,0.05124999979510903,0.051339521724454384,0.1,-0.04866047827554562,-0.4866047340949828,-0.4866047340949828,0.05182305723428726,0.0,0.0,False,-3.1445313652511686e-05,129.8808135986328,0.20292779803276062,2.0596767171809915e-06,0.0,2.4414061883248905e-08,0.9999999403953552,6.758320331573486,0.0,0.0,0.0,0.002825841773301363,0.0,0.0,100,0.2,0.09,0.0,1058,curvature_stage2_mpnn_v1,True,1.2475175857543945,1.5000001192092896,1.5,38,normalized_degree|time_since_last_tx|consecutive_tx_attempts|congestion_ewma|self_information_increment,0.10635777562856674,0.03299765661358833,0.05736881494522095,0.17711526155471802,-0.7874653339385986,0.19672302901744843,-0.9785905480384827,-0.04160464555025101,0.05182305723428726,0.017596235498785973,0.9925968316717788,mpnn,5,3,16,mean_max,32,38,423200,4232.0,0.9246762990951538,0.8851573467254639,0.25987040996551514,1.3449207544326782,0.3473536968231201,0.05182305723428726,0.017596235498785973,0.02282315492630005,0.03129578828811645,0.048402339220047,0.07593790888786316,0.13501164317131042,0.017415087670087814,0.017596235498785973,0.014916347339749336
271,8.679648209661245,0.05104999957606196,0.05119476065025817,0.1,-0.04880523934974183,-0.48805234469218384,-0.48805234469218384,0.05406520888209343,0.0,0.0,False,1.5881347280810587e-05,126.82048797607422,0.20858940482139587,5.4299187468132004e-05,0.0,0.0,0.9999999403953552,6.673563003540039,0.0,0.0,0.0,0.001903082593344152,0.0,0.0,100,0.2,0.1125,0.0,1006,curvature_stage2_mpnn_v1,True,1.2475175857543945,1.5000001192092896,1.5,38,normalized_degree|time_since_last_tx|consecutive_tx_attempts|congestion_ewma|self_information_increment,0.10767184942960739,0.035696566104888916,0.05736881494522095,0.21430417895317078,-0.7624413371086121,0.2175089716911316,-0.9740444421768188,-0.03282136842608452,0.05406520888209343,0.020330552011728287,0.9854155908671356,mpnn,5,3,16,mean_max,32,38,402400,4024.0,0.9268563389778137,0.8739503026008606,0.2569543719291687,1.327656626701355,0.34666377305984497,0.05406520888209343,0.020330552011728287,0.022671431303024292,0.033039267733693124,0.0494525283575058,0.08202717304229734,0.1928291618824005,0.020128702744841576,0.020330552011728287,0.016964511945843697
272,8.455830293782055,0.05634999976959079,0.05377238020992448,0.1,-0.04622761979007552,-0.46227615167314007,-0.46227615167314007,0.05528156831860542,0.0,0.0,False,-3.063964868488256e-06,119.5647201538086,0.20898869633674622,3.6398262182046892e-06,0.0,0.0,0.9999998807907104,6.810044288635254,0.0,0.0,0.0,0.00041901247459463775,0.0,0.0,100,0.2,0.1325,0.0,1060,curvature_stage2_mpnn_v1,True,1.2475175857543945,1.5000001192092896,1.5,38,normalized_degree|time_since_last_tx|consecutive_tx_attempts|congestion_ewma|self_information_increment,0.10970666259527206,0.03929184377193451,0.05736881494522095,0.21430417895317078,-0.7583351731300354,0.2175913155078888,-0.969591498374939,-0.03960568085312843,0.05528156831860542,0.021880870684981346,0.9820558206553539,mpnn,5,3,16,mean_max,32,38,424000,4240.0,0.9230636954307556,0.8904324173927307,0.2546343207359314,1.3514293432235718,0.34160366654396057,0.05528156831860542,0.021880870684981346,0.022674858570098877,0.032875218987464906,0.05088832974433899,0.08954305350780487,0.2005862593650818,0.021618587896227837,0.021880870684981346,0.018747497349977493
273,8.261230052858592,0.05287499971687794,0.053323689963401213,0.1,-0.04667631003659879,-0.46676305368968257,-0.46676305368968257,0.05258244648575783,0.0,0.0,False,-3.991699031757889e-06,114.8452377319336,0.20164035260677338,1.1790172720793635e-05,0.0,2.4414061883248905e-08,0.9999998807907104,6.784266471862793,0.0,0.0,0.0,0.0006723946426063776,0.0,0.0,100,0.2,0.12,0.0,1004,curvature_stage2_mpnn_v1,True,1.2475175857543945,1.5000001192092896,1.5,38,normalized_degree|time_since_last_tx|consecutive_tx_attempts|congestion_ewma|self_information_increment,0.10428284853696823,0.031772635877132416,0.05736881494522095,0.21430417895317078,-0.7560540437698364,0.21136614680290222,-0.9694673418998718,-0.04146929457783699,0.05258244648575783,0.01857670210301876,0.9797356436767392,mpnn,5,3,16,mean_max,32,38,401600,4016.0,0.9179830551147461,0.8885055184364319,0.2531794309616089,1.3561452627182007,0.33798497915267944,0.05258244648575783,0.01857670210301876,0.022718846797943115,0.033469027280807494,0.048363326117396355,0.07665616869926453,0.19040676951408386,0.018354518339037895,0.01857670210301876,0.015211228281259537
274,8.571366174444556,0.051249999762512745,0.05228684486295698,0.1,-0.04771315513704302,-0.47713150365727985,-0.47713150365727985,0.05126933008432388,0.0,0.0,False,-6.762695193174295e-06,115.91001892089844,0.19997067749500275,-3.6991966112509544e-07,0.0,2.4414061883248905e-08,0.9999999403953552,6.653219699859619,0.0,0.0,0.0,0.002029270865023136,0.0,0.0,100,0.2,0.13,0.0,1092,curvature_stage2_mpnn_v1,True,1.2475175857543945,1.5000001192092896,1.5,38,normalized_degree|time_since_last_tx|consecutive_tx_attempts|congestion_ewma|self_information_increment,0.10372626036405563,0.030466781929135323,0.05736881494522095,0.21430417895317078,-0.7733931541442871,0.19367484748363495,-0.9718533158302307,-0.11264720559120178,0.05126933008432388,0.017266418784856796,0.9838452752066951,mpnn,5,3,16,mean_max,32,38,436800,4368.0,0.9204830527305603,0.897843062877655,0.2497251033782959,1.3594003915786743,0.33231082558631897,0.05126933008432388,0.017266418784856796,0.022597044706344604,0.0326682448387146,0.04834742844104767,0.07259358763694762,0.17043349146842957,0.01708432473242283,0.017266418784856796,0.014454103074967861
275,8.520361623242497,0.0550499997427687,0.05366842230286284,0.1,-0.046331577697137166,-0.4633157306397986,-0.4633157306397986,0.05314292013645172,0.0,0.0,False,-4.7631834604544565e-05,110.4336166381836,0.20231254398822784,3.80872588721104e-05,0.0,4.882812376649781e-08,1.0,6.814123153686523,0.0,0.0,0.0,0.0045103454031050205,0.0,0.0,100,0.2,0.1075,0.0,992,curvature_stage2_mpnn_v1,True,1.2475175857543945,1.5000001192092896,1.5,38,normalized_degree|time_since_last_tx|consecutive_tx_attempts|congestion_ewma|self_information_increment,0.1059560775756836,0.03207791596651077,0.05736881494522095,0.21430417895317078,-0.762458860874176,0.2090931385755539,-0.9674540758132935,-0.06089060753583908,0.05314292013645172,0.018654413521289825,0.9820803669755132,mpnn,5,3,16,mean_max,32,38,396800,3968.0,0.9333896040916443,0.9229745268821716,0.2524256408214569,1.4045623540878296,0.3392728269100189,0.05314292013645172,0.018654413521289825,0.02291107177734375,0.03334814608097077,0.04946546256542206,0.07671261429786681,0.17904317378997803,0.018447209149599075,0.018654413521289825,0.015273798257112503
276,9.035565657392144,0.050449999775737525,0.05205921103930018,0.1,-0.04794078896069982,-0.4794078416662141,-0.4794078416662141,0.051158491522073746,0.0,0.0,False,-6.989746179897338e-05,113.06968688964844,0.19200646877288818,5.814773612655699e-05,0.0,0.0,0.9999999403953552,6.837226867675781,0.0,0.0,0.0,0.0021181078627705574,0.0,0.0,100,0.2,0.11,0.0,944,curvature_stage2_mpnn_v1,True,1.2475175857543945,1.5000001192092896,1.5,38,normalized_degree|time_since_last_tx|consecutive_tx_attempts|congestion_ewma|self_information_increment,0.10472548753023148,0.039671920239925385,0.05736881494522095,0.21430417895317078,-0.7836384773254395,0.18698425590991974,-0.9716253280639648,-0.08463464677333832,0.051158491522073746,0.020619919523596764,0.9834326105974086,mpnn,5,3,16,mean_max,32,38,377600,3776.0,0.9271027445793152,0.9760305881500244,0.24824491143226624,1.480046272277832,0.3284515142440796,0.051158491522073746,0.020619919523596764,0.022626876831054688,0.030436399579048156,0.046299949288368225,0.07857010066509246,0.16962316632270813,0.020494921132922173,0.020619919523596764,0.018633713945746422
277,8.736985092684627,0.049774999702349304,0.05091710537082474,0.1,-0.04908289462917526,-0.4908288972088629,-0.4908288972088629,0.051021795719861984,0.0,0.0,False,3.6206056392984465e-05,113.08361053466797,0.19384054839611053,-1.7699815089144977e-06,0.0,0.0,0.9999998807907104,6.859380722045898,0.0,0.0,0.0,0.0017289428506046534,0.0,0.0,100,0.2,0.1325,0.0,910,curvature_stage2_mpnn_v1,True,1.2475175857543945,1.5000001192092896,1.5,38,normalized_degree|time_since_last_tx|consecutive_tx_attempts|congestion_ewma|self_information_increment,0.10927151888608932,0.043757617473602295,0.05736881494522095,0.21430417895317078,-0.8299992084503174,0.15086889266967773,-0.9811663031578064,-0.2711470425128937,0.051021795719861984,0.021147223189473152,0.9824035522077985,mpnn,5,3,16,mean_max,32,38,364000,3640.0,0.9310961365699768,0.9966597557067871,0.24891725182533264,1.5144017934799194,0.32444027066230774,0.051021795719861984,0.021147223189473152,0.0223827064037323,0.028378677368164063,0.046803414821624756,0.08358465433120726,0.14921927452087402,0.021084941923618317,0.021147223189473152,0.020093083381652832
278,9.043362123072148,0.04727499964181334,0.04909605250631904,0.1,-0.05090394749368096,-0.5090394240328672,-0.5090394240328672,0.04610351473093033,0.0,0.0,False,-3.701171954162419e-05,116.79168701171875,0.181685671210289,5.388828503782861e-05,0.0,-2.4414061883248905e-08,1.0,6.929208755493164,0.0,0.0,0.0,0.002109683584421873,0.0,0.0,100,0.2,0.105,0.0,1072,curvature_stage2_mpnn_v1,True,1.2475175857543945,1.5000001192092896,1.5,38,normalized_degree|time_since_last_tx|consecutive_tx_attempts|congestion_ewma|self_information_increment,0.10266956686973572,0.03548426181077957,0.05736881494522095,0.21430417895317078,-0.8662137985229492,0.1269359588623047,-0.986871600151062,-0.21314392983913422,0.04610351473093033,0.016562366858124733,0.9869975922319595,mpnn,5,3,16,mean_max,32,38,428800,4288.0,0.9214062690734863,1.0676608085632324,0.2480039745569229,1.6054668426513672,0.3251897096633911,0.04610351473093033,0.016562366858124733,0.022280842065811157,0.02791747748851776,0.04261335730552673,0.06943634748458861,0.12492555379867554,0.01650702767074108,0.016562366858124733,0.015763211995363235
279,10.432255782820285,0.0477749997144565,0.048435526110387775,0.1,-0.05156447388961223,-0.5156446873316536,-0.5156446873316536,0.046757493168115616,0.0,0.0,False,7.324218813664629e-07,133.14315795898438,0.18426521122455597,2.9749700843240134e-05,0.0,-2.4414061883248905e-08,0.9999999403953552,6.638397216796875,0.0,0.0,0.0,0.00036387768341228366,0.0,0.0,100,0.2,0.1225,0.0,920,curvature_stage2_mpnn_v1,True,1.2475175857543945,1.5000001192092896,1.5,38,normalized_degree|time_since_last_tx|consecutive_tx_attempts|congestion_ewma|self_information_increment,0.10596068203449249,0.03323346748948097,0.05736881494522095,0.21430417895317078,-0.8879159092903137,0.11333463340997696,-0.9899661540985107,-0.33244287967681885,0.046757493168115616,0.015606623142957687,0.9844121777144567,mpnn,5,3,16,mean_max,32,38,368000,3680.0,0.9234212040901184,1.0958054065704346,0.2473658323287964,1.6426531076431274,0.32230672240257263,0.046757493168115616,0.015606623142957687,0.022218793630599976,0.032169243693351744,0.043878957629203796,0.06366118788719177,0.13352158665657043,0.015553291887044907,0.015606623142957687,0.014875564724206924
280,10.39214141085744,0.04572499962057918,0.047080262865483474,0.1,-0.05291973713451653,-0.5291973184254335,-0.5291973184254335,0.047751013189554214,0.0,0.0,False,-2.2705078208673513e-06,138.7690887451172,0.1883266419172287,-1.5248002455336973e-05,0.0,0.0,1.0,6.795748233795166,0.0,0.0,0.0,0.00025202817050740123,0.0,0.0,100,0.2,0.0925,0.0,960,curvature_stage2_mpnn_v1,True,1.2475175857543945,1.5000001192092896,1.5,38,normalized_degree|time_since_last_tx|consecutive_tx_attempts|congestion_ewma|self_information_increment,0.11027008295059204,0.031190933659672737,0.05736881494522095,0.21430417895317078,-0.9108724594116211,0.08998117595911026,-0.9918308854103088,-0.4615016579627991,0.047751013189554214,0.014674508012831211,0.9854257357208895,mpnn,5,3,16,mean_max,32,38,384000,3840.0,0.915945291519165,1.1192233562469482,0.24145910143852234,1.683823585510254,0.3114381730556488,0.047751013189554214,0.014674508012831211,0.0221652090549469,0.032218465209007265,0.04440887272357941,0.06576675847172736,0.13529032468795776,0.014636289328336716,0.014674508012831211,0.014119214378297329
281,12.18430885784328,0.040249999654479326,0.0436651312599814,0.1,-0.056334868740018605,-0.563348631065323,-0.563348631065323,0.04002433642745018,0.0,0.0,False,3.820800884568598e-06,162.6041259765625,0.16605746746063232,5.78852450416889e-06,0.0,-2.4414061883248905e-08,1.0,6.878120422363281,0.0,0.0,0.0,0.0007953812601044774,0.0,0.0,100,0.2,0.095,0.0,940,curvature_stage2_mpnn_v1,True,1.2475175857543945,1.5000001192092896,1.5,38,normalized_degree|time_since_last_tx|consecutive_tx_attempts|congestion_ewma|self_information_increment,0.09463930875062943,0.024984778836369514,0.05736881494522095,0.21430417895317078,-0.9234108328819275,0.07802507281303406,-0.9929526448249817,-0.48350855708122253,0.04002433642745018,0.01138408575206995,0.9777716361694995,mpnn,5,3,16,mean_max,32,38,376000,3760.0,0.9199654459953308,1.1286036968231201,0.23727455735206604,1.7011789083480835,0.30229252576828003,0.04002433642745018,0.01138408575206995,0.022072631865739822,0.029235595464706422,0.03793884254992008,0.051794263720512386,0.11813592910766602,0.011349913664162159,0.01138408575206995,0.011016313917934895
282,11.263083572871983,0.041249999576248225,0.04245756541811481,0.1,-0.057542434581885196,-0.5754242882764231,-0.5754242882764231,0.0424206405878067,0.0,0.0,False,-3.662109548940862e-08,181.4961700439453,0.17409929633140564,4.1347030332872237e-07,0.0,0.0,0.9999999403953552,6.767698287963867,0.0,0.0,0.0,0.00040256133070215583,0.0,0.0,100,0.2,0.08,0.0,1018,curvature_stage2_mpnn_v1,True,1.2475175857543945,1.5000001192092896,1.5,38,normalized_degree|time_since_last_tx|consecutive_tx_attempts|congestion_ewma|self_information_increment,0.1004590317606926,0.025433743372559547,0.05736881494522095,0.17309072613716125,-0.9272037148475647,0.07574462890625,-0.9942972660064697,-0.45352092385292053,0.0424206405878067,0.011196580715477467,0.9889605134743544,mpnn,5,3,16,mean_max,32,38,407200,4072.0,0.9116207957267761,1.1390713453292847,0.24184650182724,1.7020140886306763,0.3093271255493164,0.0424206405878067,0.011196580715477467,0.022087514400482178,0.028916388750076294,0.04078233242034912,0.057510250806808466,0.09356465935707092,0.01116278674453497,0.011196580715477467,0.010838167741894722
283,13.55843513060361,0.04549999963957816,0.04397878252884649,0.1,-0.05602121747115352,-0.5602121186903233,-0.5602121186903233,0.045226700603961945,0.0,0.0,False,-7.623290912306402e-06,209.78402709960938,0.17999331653118134,3.0810329008090775e-06,0.0,0.0,0.9999998211860657,6.910884857177734,0.0,0.0,0.0,0.0011350620770826936,0.0,0.0,100,0.2,0.105,0.0,914,curvature_stage2_mpnn_v1,True,1.2475175857543945,1.5000001192092896,1.5,38,normalized_degree|time_since_last_tx|consecutive_tx_attempts|congestion_ewma|self_information_increment,0.10628476738929749,0.04708538204431534,0.05736881494522095,0.21430417895317078,-0.9299381971359253,0.07390712201595306,-0.993724524974823,-0.4335283041000366,0.045226700603961945,0.021086731925606728,0.9854864369294194,mpnn,5,3,16,mean_max,32,38,365600,3656.0,0.9013047218322754,1.1111106872558594,0.2352447807788849,1.6704398393630981,0.30042243003845215,0.045226700603961945,0.021086731925606728,0.022060513496398926,0.02297901604324579,0.038113608956336975,0.07263815402984618,0.12661194801330566,0.02106810361146927,0.021086731925606728,0.02090414986014366
284,10.937111613340676,0.04527499960269779,0.04462689106577214,0.1,-0.055373108934227866,-0.5537310339691752,-0.5537310339691752,0.04538629576563835,0.0,0.0,False,-6.494140507129487e-06,214.16978454589844,0.1831863671541214,8.904524406716519e-07,0.0,0.0,0.9999999403953552,6.803435325622559,0.0,0.0,0.0,0.0005236296565271914,0.0,0.0,100,0.2,0.1075,0.0,1052,curvature_stage2_mpnn_v1,True,1.2475175857543945,1.5000001192092896,1.5,38,normalized_degree|time_since_last_tx|consecutive_tx_attempts|congestion_ewma|self_information_increment,0.10630550235509872,0.03435499593615532,0.05736881494522095,0.21430417895317078,-0.9224559664726257,0.07981093972921371,-0.9927483201026917,-0.48832353949546814,0.04538629576563835,0.015673505142331123,0.9830718118382568,mpnn,5,3,16,mean_max,32,38,420800,4208.0,0.9138901829719543,1.101960301399231,0.24176113307476044,1.6557800769805908,0.3134616017341614,0.04538629576563835,0.015673505142331123,0.02209576964378357,0.02878134250640869,0.0429953932762146,0.06339947879314423,0.14207994937896729,0.015642821788787842,0.015673505142331123,0.015338201075792313
285,10.024117919206619,0.045499999644234776,0.04506344535500346,0.1,-0.05493655464499655,-0.5493654915134163,-0.5493654915134163,0.04409927502274513,0.0,0.0,False,3.955078227591002e-06,199.20480346679688,0.1788976788520813,-9.687915735412389e-06,0.0,0.0,0.9999999403953552,6.880815505981445,0.0,0.0,0.0,0.000787011522334069,0.0,0.0,100,0.2,0.1075,0.0,1126,curvature_stage2_mpnn_v1,True,1.2475175857543945,1.5000001192092896,1.5,38,normalized_degree|time_since_last_tx|consecutive_tx_attempts|congestion_ewma|self_information_increment,0.10232130438089371,0.033119454979896545,0.05736881494522095,0.21430417895317078,-0.9100658893585205,0.0865028128027916,-0.9922112822532654,-0.4034852683544159,0.04409927502274513,0.015203248709440231,0.9805688515530034,mpnn,5,3,16,mean_max,32,38,450400,4504.0,0.9235168695449829,1.097753882408142,0.2511923909187317,1.6471047401428223,0.32083845138549805,0.04409927502274513,0.015203248709440231,0.02213302254676819,0.027732473611831662,0.04201488569378853,0.06089010834693909,0.12003359198570251,0.015175973996520042,0.015203248709440231,0.014807338826358318
286,10.801022747680545,0.044999999622814355,0.04503172248890891,0.1,-0.054968277511091096,-0.549682720142639,-0.549682720142639,0.043526001274585724,0.0,0.0,False,-2.368164132349193e-06,199.50160217285156,0.17783121764659882,-9.291479727835394e-06,0.0,-2.4414061883248905e-08,1.0,6.728696346282959,0.0,0.0,0.0,0.0005178931751288474,0.0,0.0,100,0.2,0.085,0.0,1008,curvature_stage2_mpnn_v1,True,1.2475175857543945,1.5000001192092896,1.5,38,normalized_degree|time_since_last_tx|consecutive_tx_attempts|congestion_ewma|self_information_increment,0.10077279061079025,0.024737801402807236,0.05736881494522095,0.17520570755004883,-0.9052776098251343,0.09656787663698196,-0.9904858469963074,-0.4007507562637329,0.043526001274585724,0.011399916373193264,0.9884470923471534,mpnn,5,3,16,mean_max,32,38,403200,4032.0,0.9184647798538208,1.0759806632995605,0.24523431062698364,1.6240941286087036,0.3202911615371704,0.043526001274585724,0.011399916373193264,0.022184520959854126,0.03028980493545532,0.04166882112622261,0.06042109131813049,0.09179702401161194,0.0113479383289814,0.011399916373193264,0.010730965062975883
287,11.300215670131147,0.04257499953266233,0.04380336101078562,0.1,-0.056196638989214384,-0.5619663336955105,-0.5619663336955105,0.04433676600456238,0.0,0.0,False,-1.3427734302240424e-06,197.92117309570312,0.17799347639083862,-1.2906021993330796e-06,0.0,0.0,0.9999998807907104,6.627954006195068,0.0,0.0,0.0,0.0011628074571490288,0.0,0.0,100,0.2,0.1,0.0,978,curvature_stage2_mpnn_v1,True,1.2475175857543945,1.5000001192092896,1.5,38,normalized_degree|time_since_last_tx|consecutive_tx_attempts|congestion_ewma|self_information_increment,0.10174250602722168,0.03842829167842865,0.05736881494522095,0.21430417895317078,-0.8971962928771973,0.09761195629835129,-0.9909681677818298,-0.3658429682254791,0.04433676600456238,0.017259979620575905,0.9875578600818495,mpnn,5,3,16,mean_max,32,38,391200,3912.0,0.9050689935684204,1.0648590326309204,0.24700532853603363,1.6059222221374512,0.31473755836486816,0.04433676600456238,0.017259979620575905,0.022126585245132446,0.02523725926876068,0.039988040924072266,0.06861443519592285,0.1179400384426117,0.017228450626134872,0.017259979620575905,0.016863441094756126
288,10.355412625856697,0.04317499959375709,0.043489180302271356,0.1,-0.05651081969772865,-0.5651081404664724,-0.5651081404664724,0.04339424893260002,0.0,0.0,False,-3.6376952721184352e-06,183.40994262695312,0.1760786920785904,8.385464411730936e-07,0.0,0.0,0.9999999403953552,6.694853782653809,0.0,0.0,0.0,0.0016408159863203764,0.0,0.0,100,0.2,0.1225,0.0,1056,curvature_stage2_mpnn_v1,True,1.2475175857543945,1.5000001192092896,1.5,38,normalized_degree|time_since_last_tx|consecutive_tx_attempts|congestion_ewma|self_information_increment,0.09991500526666641,0.0350729301571846,0.05736881494522095,0.21430417895317078,-0.8996798992156982,0.09450092166662216,-0.991432249546051,-0.46340444684028625,0.04339424893260002,0.01586243137717247,0.9822201014718929,mpnn,5,3,16,mean_max,32,38,422400,4224.0,0.9052793383598328,1.0574373006820679,0.24775578081607819,1.6032646894454956,0.31699228286743164,0.04339424893260002,0.01586243137717247,0.02213960886001587,0.02705599069595337,0.039956703782081604,0.06319549977779387,0.11849033832550049,0.015830151736736298,0.01586243137717247,0.015456913970410824
289,11.022751269005239,0.04612499963492155,0.044807089968596454,0.1,-0.05519291003140355,-0.551929045121131,-0.551929045121131,0.04641321301460266,0.0,0.0,False,-3.300781099824235e-05,191.59115600585938,0.18670110404491425,2.2698959583067335e-05,0.0,0.0,1.0,6.608682632446289,0.0,0.0,0.0,0.002001976128667593,0.0,0.0,100,0.2,0.1,0.0,960,curvature_stage2_mpnn_v1,True,1.2475175857543945,1.5000001192092896,1.5,38,normalized_degree|time_since_last_tx|consecutive_tx_attempts|congestion_ewma|self_information_increment,0.10597044974565506,0.03777988627552986,0.05736881494522095,0.21430417895317078,-0.8984187245368958,0.09985339641571045,-0.9898648858070374,-0.3643653094768524,0.04641321301460266,0.01785067841410637,0.98426899390167,mpnn,5,3,16,mean_max,32,38,384000,3840.0,0.9278150796890259,1.0235650539398193,0.24446141719818115,1.5582704544067383,0.3179682493209839,0.04641321301460266,0.01785067841410637,0.022174984216690063,0.02993151843547821,0.04206632077693939,0.07048776149749755,0.13303253054618835,0.017810754477977753,0.01785067841410637,0.017323313280940056
290,10.214257063679398,0.047249999633058905,0.04602854480082768,0.1,-0.053971455199172326,-0.5397144980202735,-0.5397144980202735,0.04670437052845955,0.0,0.0,False,-1.3427734302240424e-07,174.26925659179688,0.18858925998210907,-9.45337706070859e-06,0.0,0.0,0.9999998211860657,6.903368949890137,0.0,0.0,0.0,0.00022436899598687887,0.0,0.0,100,0.2,0.1075,0.0,966,curvature_stage2_mpnn_v1,True,1.2475175857543945,1.5000001192092896,1.5,38,normalized_degree|time_since_last_tx|consecutive_tx_attempts|congestion_ewma|self_information_increment,0.10439969599246979,0.03408170863986015,0.05736881494522095,0.21430417895317078,-0.8726238012313843,0.12178144603967667,-0.9864954948425293,-0.34859317541122437,0.04670437052845955,0.016081014648079872,0.9859415410735574,mpnn,5,3,16,mean_max,32,38,386400,3864.0,0.9183514714241028,0.9924644827842712,0.2456372082233429,1.4933781623840332,0.32690683007240295,0.04670437052845955,0.016081014648079872,0.022222548723220825,0.02794935405254364,0.04395076632499695,0.06763597056269646,0.12837857007980347,0.016013965010643005,0.016081014648079872,0.015237252227962017
291,8.792319690920413,0.05064999964553863,0.048339272223183155,0.1,-0.05166072777681685,-0.5166072261074459,-0.5166072261074459,0.04922033101320267,0.0,0.0,False,2.1728515093855094e-06,159.68402099609375,0.1952790915966034,-9.125820724875666e-06,0.0,-4.882812376649781e-08,0.9999998807907104,6.8869500160217285,0.0,0.0,0.0,0.00024304418184328824,0.0,0.0,100,0.2,0.1225,0.0,956,curvature_stage2_mpnn_v1,True,1.2475175857543945,1.5000001192092896,1.5,38,normalized_degree|time_since_last_tx|consecutive_tx_attempts|congestion_ewma|self_information_increment,0.10696810483932495,0.034634437412023544,0.05736881494522095,0.21430417895317078,-0.8430458903312683,0.14257709681987762,-0.9828197956085205,-0.28920334577560425,0.04922033101320267,0.01664240099489689,0.9818250958234503,mpnn,5,3,16,mean_max,32,38,382400,3824.0,0.9368854761123657,0.9678595066070557,0.24994345009326935,1.4650946855545044,0.33140790462493896,0.04922033101320267,0.01664240099489689,0.0223844051361084,0.030839222669601443,0.0479617565870285,0.06795369237661361,0.14564299583435059,0.016581116244196892,0.01664240099489689,0.015493670478463173
292,10.697729312442243,0.045424999687820676,0.04688213595550192,0.1,-0.053117864044498087,-0.5311785873271221,-0.5311785873271221,0.04609039053320885,0.0,0.0,False,1.794433615032176e-06,171.0635986328125,0.18604162335395813,5.265414529276313e-06,0.0,0.0,0.9999998807907104,6.743814468383789,0.0,0.0,0.0,0.0007394164567813277,0.0,0.0,100,0.2,0.085,0.0,960,curvature_stage2_mpnn_v1,True,1.2475175857543945,1.5000001192092896,1.5,38,normalized_degree|time_since_last_tx|consecutive_tx_attempts|congestion_ewma|self_information_increment,0.09957148879766464,0.020076986402273178,0.05736881494522095,0.1481514573097229,-0.8345959186553955,0.14710065722465515,-0.9785823225975037,-0.20431634783744812,0.04609039053320885,0.010905494913458824,0.9935585848660463,mpnn,5,3,16,mean_max,32,38,384000,3840.0,0.9153515696525574,0.9707338213920593,0.23948438465595245,1.4650964736938477,0.3190253674983978,0.04609039053320885,0.010905494913458824,0.0225810706615448,0.03248775899410248,0.044862642884254456,0.05970081090927124,0.10925975441932678,0.01072817761451006,0.010905494913458824,0.00880760233849287
293,9.952329042889177,0.05569999970495701,0.051291067830229464,0.1,-0.04870893216977054,-0.48708927298877813,-0.48708927298877813,0.054115455597639084,0.0,0.0,False,-4.6630857468699105e-06,150.08187866210938,0.20636315643787384,-5.500935913005378e-06,0.0,2.4414061883248905e-08,1.0,6.948488712310791,0.0,0.0,0.0,0.0006900652660988271,0.0,0.0,100,0.2,0.125,0.0,922,curvature_stage2_mpnn_v1,True,1.2475175857543945,1.5000001192092896,1.5,38,normalized_degree|time_since_last_tx|consecutive_tx_attempts|congestion_ewma|self_information_increment,0.11556798964738846,0.03986385837197304,0.05736881494522095,0.21430417895317078,-0.8348703980445862,0.1506665199995041,-0.978508472442627,-0.20705483853816986,0.054115455597639084,0.020089441910386086,0.9811371115369402,mpnn,5,3,16,mean_max,32,38,368800,3688.0,0.9318872094154358,0.9855669736862183,0.240669846534729,1.4857747554779053,0.31616976857185364,0.054115455597639084,0.020089441910386086,0.0225069522857666,0.03168260455131531,0.05098359286785126,0.08131923973560332,0.14875563979148865,0.01998768374323845,0.020089441910386086,0.01863538846373558
294,9.99068561911583,0.0489749997202307,0.05013303377523008,0.1,-0.049866966224769924,-0.498669612380738,-0.498669612380738,0.04801294952630997,0.0,0.0,False,1.59912110575533e-06,158.2812042236328,0.189405158162117,4.039581199322129e-06,0.0,-2.4414061883248905e-08,0.9999999403953552,6.757256507873535,0.0,0.0,0.0,0.0003555498260539025,0.0,0.0,100,0.2,0.1125,0.0,938,curvature_stage2_mpnn_v1,True,1.2475175857543945,1.5000001192092896,1.5,38,normalized_degree|time_since_last_tx|consecutive_tx_attempts|congestion_ewma|self_information_increment,0.10313204675912857,0.03469553217291832,0.05736881494522095,0.21430417895317078,-0.8298061490058899,0.14278899133205414,-0.9782874584197998,-0.2571350038051605,0.04801294952630997,0.01706918515264988,0.9816017178980732,mpnn,5,3,16,mean_max,32,38,375200,3752.0,0.9245389103889465,0.979885995388031,0.2381535768508911,1.4750534296035767,0.31340116262435913,0.04801294952630997,0.01706918515264988,0.022526830434799194,0.03003815412521362,0.045061612501740456,0.06849893927574158,0.14090371131896973,0.01697949692606926,0.01706918515264988,0.01591106690466404
295,11.032752011604607,0.04517499965615571,0.047654016715692894,0.1,-0.05234598328430711,-0.5234597804970931,-0.5234597804970931,0.044385310262441635,0.0,0.0,False,-5.480957042891532e-06,167.84219360351562,0.1799720674753189,-4.5018355194770265e-06,0.0,0.0,0.9999998807907104,6.664501190185547,0.0,0.0,0.0,0.0010365488706156611,0.0,0.0,100,0.2,0.0925,0.0,922,curvature_stage2_mpnn_v1,True,1.2475175857543945,1.5000001192092896,1.5,38,normalized_degree|time_since_last_tx|consecutive_tx_attempts|congestion_ewma|self_information_increment,0.0961756631731987,0.02973851002752781,0.05736881494522095,0.21430417895317078,-0.8344956040382385,0.14646399021148682,-0.9769684672355652,-0.27004799246788025,0.044385310262441635,0.014701981097459793,0.982534978556299,mpnn,5,3,16,mean_max,32,38,368800,3688.0,0.9243438243865967,0.9767594337463379,0.23786966502666473,1.4700769186019897,0.3167766034603119,0.044385310262441635,0.014701981097459793,0.022473573684692383,0.02851710021495819,0.04202753305435181,0.06183566749095916,0.1598946452140808,0.014586112461984158,0.014701981097459793,0.013457221910357475
296,9.252427271157503,0.04842499974183738,0.04803950822876514,0.1,-0.051960491771234865,-0.519604865751862,-0.519604865751862,0.047843195497989655,0.0,0.0,False,-7.421875125146471e-06,156.4623260498047,0.19064418971538544,5.697338110621786e-06,0.0,0.0,1.0,6.9304375648498535,0.0,0.0,0.0,0.0006845408352091908,0.0,0.0,100,0.2,0.1225,0.0,992,curvature_stage2_mpnn_v1,True,1.2475175857543945,1.5000001192092896,1.5,38,normalized_degree|time_since_last_tx|consecutive_tx_attempts|congestion_ewma|self_information_increment,0.1024589091539383,0.03335624188184738,0.05736881494522095,0.21430417895317078,-0.8235458731651306,0.14546415209770203,-0.9751968383789062,-0.23776721954345703,0.047843195497989655,0.016055483371019363,0.9845597067927955,mpnn,5,3,16,mean_max,32,38,396800,3968.0,0.9272227883338928,0.9513229131698608,0.24208275973796844,1.443289041519165,0.32043755054473877,0.047843195497989655,0.016055483371019363,0.022486507892608643,0.02700062096118927,0.047293588519096375,0.06683378219604491,0.13400354981422424,0.015986960381269455,0.016055483371019363,0.014855645596981049
297,10.930323958992958,0.04744999966118485,0.047744753944974995,0.1,-0.05225524605502501,-0.5225524082950093,-0.5225524082950093,0.04659759998321533,0.0,0.0,False,-1.1596679314607172e-06,165.78256225585938,0.18665994703769684,-7.171799097704934e-06,0.0,4.882812376649781e-08,0.9999998807907104,6.797200679779053,0.0,0.0,0.0,0.0005193781107664108,0.0,0.0,100,0.2,0.115,0.0,1018,curvature_stage2_mpnn_v1,True,1.2475175857543945,1.5000001192092896,1.5,38,normalized_degree|time_since_last_tx|consecutive_tx_attempts|congestion_ewma|self_information_increment,0.09967809170484543,0.033726368099451065,0.05736881494522095,0.21430417895317078,-0.8259574174880981,0.1507515162229538,-0.9746641516685486,-0.24936626851558685,0.04659759998321533,0.0171305350959301,0.9805548796512438,mpnn,5,3,16,mean_max,32,38,407200,4072.0,0.9266429543495178,0.9540048837661743,0.23761668801307678,1.442355990409851,0.31473761796951294,0.04659759998321533,0.0171305350959301,0.022610098123550415,0.029092398285865784,0.04306630790233612,0.06712484061717987,0.15259814262390137,0.017040131613612175,0.0171305350959301,0.015805905684828758
298,9.852289391122758,0.049024999574758116,0.04838487675986655,0.1,-0.051615123240133454,-0.5161511807862165,-0.5161511807862165,0.04879207909107208,0.0,0.0,False,1.0986327652062755e-06,161.0417938232422,0.19209203124046326,2.449103703838773e-06,0.0,0.0,0.9999998807907104,6.672582149505615,0.0,0.0,0.0,0.0010164902778342366,0.0,0.0,100,0.2,0.1075,0.0,1028,curvature_stage2_mpnn_v1,True,1.2475175857543945,1.5000001192092896,1.5,38,normalized_degree|time_since_last_tx|consecutive_tx_attempts|congestion_ewma|self_information_increment,0.10218320786952972,0.035916075110435486,0.05736881494522095,0.21430417895317078,-0.8046589493751526,0.16745634377002716,-0.9718891978263855,-0.1665390431880951,0.04879207909107208,0.01824677735567093,0.986499456421599,mpnn,5,3,16,mean_max,32,38,411200,4112.0,0.9265856146812439,0.9429891705513,0.24148763716220856,1.4292988777160645,0.32190707325935364,0.04879207909107208,0.01824677735567093,0.022602945566177368,0.028899595141410828,0.04459454119205475,0.07398130893707275,0.1564445197582245,0.01812962256371975,0.01824677735567093,0.016616135835647583
299,9.516062132380902,0.05014999961014837,0.049267438185007464,0.1,-0.05073256181499254,-0.5073255674173687,-0.5073255674173687,0.05159544199705124,0.0,0.0,False,-1.0607910553517286e-05,151.94554138183594,0.1986689567565918,-1.1370487300155219e-05,0.0,0.0,0.9999998211860657,6.857834815979004,0.0,0.0,0.0,0.0010026965755969286,0.0,0.0,100,0.2,0.13,0.0,1088,curvature_stage2_mpnn_v1,True,1.2475175857543945,1.5000001192092896,1.5,38,normalized_degree|time_since_last_tx|consecutive_tx_attempts|congestion_ewma|self_information_increment,0.10718798637390137,0.038610782474279404,0.05736881494522095,0.21430417895317078,-0.800944447517395,0.16326066851615906,-0.9735326766967773,-0.16869819164276123,0.05159544199705124,0.02014305628836155,0.9854420038205637,mpnn,5,3,16,mean_max,32,38,435200,4352.0,0.9188212156295776,0.966001033782959,0.2399364560842514,1.4478492736816406,0.3180311620235443,0.05159544199705124,0.02014305628836155,0.022669345140457153,0.029003480076789857,0.047958970069885254,0.077370086312294,0.1698458194732666,0.020040815696120262,0.02014305628836155,0.01848677545785904
