checkpoint_episode,checkpoint_label,scenario_id,policy,n_nodes,slots,update_probability,target_tx_ratio,matched_rate_probability,policy_probability,mean_VAoI,actual_tx_ratio,action_prob_mean,action_prob_std,action_prob_min,action_prob_p10,action_prob_p50,action_prob_p90,action_prob_max,action_prob_node_std_mean,action_prob_global_std,action_prob_per_node_mean_std,grid_update_probability,grid_alpha,curvature_center
0,u=0.05_alpha=0.10,v00,nn,100,500,0.05,0.1,0.09989587962627411,0.09989587962627411,3.436090303030301,0.10142,0.09989587962627411,0.0023574407678097486,0.09644359350204468,0.09729833304882061,0.09927307069301605,0.10335811972618103,0.1055164560675621,0.0023574407678097486,0.0023574407678097486,0.0023574873339384794,0.05,0.1,0.4015509259807487
0,u=0.05_alpha=0.10,v00,fixed_random,100,500,0.05,0.1,0.09989587962627411,0.1,3.70619919191919,0.09913999999999999,0.10000000894069672,7.450580596923828e-09,0.10000000149011612,0.10000000149011612,0.10000000149011612,0.10000000149011612,0.10000000149011612,2.9802322387695312e-08,7.450580596923828e-09,1.4901161193847656e-08,0.05,0.1,0.4015509259807487
0,u=0.05_alpha=0.10,v00,matched_random,100,500,0.05,0.1,0.09989587962627411,0.09989587962627411,3.5452016161616138,0.10132,0.09989587962627411,0.0,0.09989587962627411,0.09989587962627411,0.09989587962627411,0.09989587962627411,0.09989587962627411,1.4901161193847656e-08,0.0,7.450580596923828e-09,0.05,0.1,0.4015509259807487
0,u=0.05_alpha=0.10,v01,nn,100,500,0.05,0.1,0.10024704039096832,0.10024704039096832,3.5069076767676766,0.09922,0.10024704039096832,0.0024337677750736475,0.09644359350204468,0.09731858968734741,0.09998603165149689,0.10351097583770752,0.10551643371582031,0.0024337677750736475,0.0024337677750736475,0.0024338120128959417,0.05,0.1,0.4015509259807487
0,u=0.05_alpha=0.10,v01,fixed_random,100,500,0.05,0.1,0.10024704039096832,0.1,3.5939571717171708,0.10002000000000001,0.10000000894069672,7.450580596923828e-09,0.10000000149011612,0.10000000149011612,0.10000000149011612,0.10000000149011612,0.10000000149011612,2.9802322387695312e-08,7.450580596923828e-09,1.4901161193847656e-08,0.05,0.1,0.4015509259807487
0,u=0.05_alpha=0.10,v01,matched_random,100,500,0.05,0.1,0.10024704039096832,0.10024704039096832,3.6214204040404043,0.10076,0.10024703294038773,7.450580596923828e-09,0.10024704039096832,0.10024704039096832,0.10024704039096832,0.10024704039096832,0.10024704039096832,7.450580596923828e-09,7.450580596923828e-09,7.450580596923828e-09,0.05,0.1,0.4015509259807487
0,u=0.05_alpha=0.10,v02,nn,100,500,0.05,0.1,0.09989175945520401,0.09989175945520401,3.486725050505054,0.10108,0.09989175945520401,0.0023584049195051193,0.09644359350204468,0.09644359350204468,0.09965160489082336,0.10296991467475891,0.10551643371582031,0.0023584049195051193,0.0023584049195051193,0.002358530182391405,0.05,0.1,0.4015509259807487
0,u=0.05_alpha=0.10,v02,fixed_random,100,500,0.05,0.1,0.09989175945520401,0.1,3.7424430303030305,0.10114000000000001,0.10000000894069672,7.450580596923828e-09,0.10000000149011612,0.10000000149011612,0.10000000149011612,0.10000000149011612,0.10000000149011612,2.9802322387695312e-08,7.450580596923828e-09,1.4901161193847656e-08,0.05,0.1,0.4015509259807487
0,u=0.05_alpha=0.10,v02,matched_random,100,500,0.05,0.1,0.09989175945520401,0.09989175945520401,3.740539393939393,0.09968,0.0998917669057846,7.450580596923828e-09,0.09989175945520401,0.09989175945520401,0.09989175945520401,0.09989175945520401,0.09989175945520401,7.450580596923828e-09,7.450580596923828e-09,0.0,0.05,0.1,0.4015509259807487
0,u=0.05_alpha=0.10,v03,nn,100,500,0.05,0.1,0.10004308819770813,0.10004308819770813,3.8999353535353545,0.10122,0.10004308819770813,0.0021120968740433455,0.09644359350204468,0.09727077484130886,0.0999860167503357,0.10241147875785828,0.10551643371582031,0.0021120968740433455,0.0021120968740433455,0.002112177899107337,0.05,0.1,0.4015509259807487
0,u=0.05_alpha=0.10,v03,fixed_random,100,500,0.05,0.1,0.10004308819770813,0.1,4.325990505050503,0.10071999999999999,0.10000000894069672,7.450580596923828e-09,0.10000000149011612,0.10000000149011612,0.10000000149011612,0.10000000149011612,0.10000000149011612,2.9802322387695312e-08,7.450580596923828e-09,1.4901161193847656e-08,0.05,0.1,0.4015509259807487
0,u=0.05_alpha=0.10,v03,matched_random,100,500,0.05,0.1,0.10004308819770813,0.10004308819770813,4.1146789898989935,0.10058,0.10004306584596634,2.2351741790771484e-08,0.10004308819770813,0.10004308819770813,0.10004308819770813,0.10004308819770813,0.10004308819770813,7.450580596923828e-09,2.2351741790771484e-08,1.4901161193847656e-08,0.05,0.1,0.4015509259807487
0,u=0.05_alpha=0.10,v04,nn,100,500,0.05,0.1,0.09959597885608673,0.09959597885608673,4.4945901010101,0.09880000000000001,0.09959597885608673,0.0023324103094637394,0.09644359350204468,0.09644359350204468,0.09938770532608032,0.10274348258972131,0.1055164560675621,0.0023324103094637394,0.0023324103094637394,0.0023324834182858467,0.05,0.1,0.4015509259807487
0,u=0.05_alpha=0.10,v04,fixed_random,100,500,0.05,0.1,0.09959597885608673,0.1,4.631628484848484,0.10012,0.10000000894069672,7.450580596923828e-09,0.10000000149011612,0.10000000149011612,0.10000000149011612,0.10000000149011612,0.10000000149011612,2.9802322387695312e-08,7.450580596923828e-09,1.4901161193847656e-08,0.05,0.1,0.4015509259807487
0,u=0.05_alpha=0.10,v04,matched_random,100,500,0.05,0.1,0.09959597885608673,0.09959597885608673,4.40265595959596,0.09954,0.09959598630666733,7.450580596923828e-09,0.09959597885608673,0.09959597885608673,0.09959597885608673,0.09959597885608673,0.09959597885608673,0.0,7.450580596923828e-09,2.2351741790771484e-08,0.05,0.1,0.4015509259807487
0,u=0.05_alpha=0.10,v05,nn,100,500,0.05,0.1,0.09982825070619583,0.09982825070619583,5.981166464646465,0.09992000000000001,0.09982825070619583,0.002585794311016798,0.09644359350204468,0.09644359350204468,0.0996098518371582,0.10306829214095926,0.10551643371582031,0.002585794311016798,0.002585794311016798,0.002585784299299121,0.05,0.1,0.4015509259807487
0,u=0.05_alpha=0.10,v05,fixed_random,100,500,0.05,0.1,0.09982825070619583,0.1,5.658770101010095,0.09936,0.10000000894069672,7.450580596923828e-09,0.10000000149011612,0.10000000149011612,0.10000000149011612,0.10000000149011612,0.10000000149011612,2.9802322387695312e-08,7.450580596923828e-09,1.4901161193847656e-08,0.05,0.1,0.4015509259807487
0,u=0.05_alpha=0.10,v05,matched_random,100,500,0.05,0.1,0.09982825070619583,0.09982825070619583,5.6917002020202005,0.10266,0.09982825070619583,0.0,0.09982825070619583,0.09982825070619583,0.09982825070619583,0.09982825070619583,0.09982825070619583,2.2351741790771484e-08,0.0,1.4901161193847656e-08,0.05,0.1,0.4015509259807487
0,u=0.05_alpha=0.10,v06,nn,100,500,0.05,0.1,0.09987112134695053,0.09987112134695053,3.503271313131311,0.09694000000000001,0.09987112134695053,0.002375707495957613,0.09644359350204468,0.09644359350204468,0.09970217943191528,0.10296991467475891,0.10551643371582031,0.0023757072631269693,0.002375707495957613,0.0023756877053529024,0.05,0.1,0.4015509259807487
0,u=0.05_alpha=0.10,v06,fixed_random,100,500,0.05,0.1,0.09987112134695053,0.1,3.578010303030303,0.09853999999999999,0.10000000894069672,7.450580596923828e-09,0.10000000149011612,0.10000000149011612,0.10000000149011612,0.10000000149011612,0.10000000149011612,2.9802322387695312e-08,7.450580596923828e-09,1.4901161193847656e-08,0.05,0.1,0.4015509259807487
0,u=0.05_alpha=0.10,v06,matched_random,100,500,0.05,0.1,0.09987112134695053,0.09987112134695053,3.822831515151514,0.1002,0.09987113624811172,1.4901161193847656e-08,0.09987112134695053,0.09987112134695053,0.09987112134695053,0.09987112134695053,0.09987112134695053,2.2351741790771484e-08,1.4901161193847656e-08,1.4901161193847656e-08,0.05,0.1,0.4015509259807487
0,u=0.05_alpha=0.10,v07,nn,100,500,0.05,0.1,0.09968528151512146,0.09968528151512146,3.148246666666664,0.10024,0.09968528151512146,0.001977767562493682,0.09644359350204468,0.0969350054860118,0.09960103034973145,0.10223132371902466,0.10551643371582031,0.0019777677953243256,0.001977767562493682,0.0019777612760663033,0.05,0.1,0.4015509259807487
0,u=0.05_alpha=0.10,v07,fixed_random,100,500,0.05,0.1,0.09968528151512146,0.1,3.0749262626262595,0.10006,0.10000000894069672,7.450580596923828e-09,0.10000000149011612,0.10000000149011612,0.10000000149011612,0.10000000149011612,0.10000000149011612,2.9802322387695312e-08,7.450580596923828e-09,1.4901161193847656e-08,0.05,0.1,0.4015509259807487
0,u=0.05_alpha=0.10,v07,matched_random,100,500,0.05,0.1,0.09968528151512146,0.09968528151512146,2.956841414141412,0.10002000000000001,0.09968530386686325,2.2351741790771484e-08,0.09968528151512146,0.09968528151512146,0.09968528151512146,0.09968528151512146,0.09968528151512146,2.2351741790771484e-08,2.2351741790771484e-08,7.450580596923828e-09,0.05,0.1,0.4015509259807487
0,u=0.05_alpha=0.10,v08,nn,100,500,0.05,0.1,0.10011330991983414,0.10011330991983414,3.4174460606060593,0.09952,0.10011330991983414,0.002616188023239374,0.09644359350204468,0.09685724377632167,0.0999860167503357,0.10551643371582031,0.10551643371582031,0.002616188023239374,0.002616188023239374,0.0026161030400544405,0.05,0.1,0.4015509259807487
0,u=0.05_alpha=0.10,v08,fixed_random,100,500,0.05,0.1,0.10011330991983414,0.1,3.427792525252528,0.10092000000000001,0.10000000894069672,7.450580596923828e-09,0.10000000149011612,0.10000000149011612,0.10000000149011612,0.10000000149011612,0.10000000149011612,2.9802322387695312e-08,7.450580596923828e-09,1.4901161193847656e-08,0.05,0.1,0.4015509259807487
0,u=0.05_alpha=0.10,v08,matched_random,100,500,0.05,0.1,0.10011330991983414,0.10011330991983414,3.5505703030303017,0.10082,0.10011328756809235,2.2351741790771484e-08,0.10011330991983414,0.10011330991983414,0.10011330991983414,0.10011330991983414,0.10011330991983414,1.4901161193847656e-08,2.2351741790771484e-08,0.0,0.05,0.1,0.4015509259807487
0,u=0.05_alpha=0.10,v09,nn,100,500,0.05,0.1,0.10004765540361404,0.10004765540361404,3.8151442424242417,0.10022,0.10004765540361404,0.002377781318500638,0.09644359350204468,0.0964436337351799,0.0999860167503357,0.10375982522964478,0.10551643371582031,0.002377781318500638,0.002377781318500638,0.0023777915630489588,0.05,0.1,0.4015509259807487
0,u=0.05_alpha=0.10,v09,fixed_random,100,500,0.05,0.1,0.10004765540361404,0.1,4.036691313131313,0.10334,0.10000000894069672,7.450580596923828e-09,0.10000000149011612,0.10000000149011612,0.10000000149011612,0.10000000149011612,0.10000000149011612,2.9802322387695312e-08,7.450580596923828e-09,1.4901161193847656e-08,0.05,0.1,0.4015509259807487
0,u=0.05_alpha=0.10,v09,matched_random,100,500,0.05,0.1,0.10004765540361404,0.10004765540361404,4.016419191919189,0.09958,0.10004768520593643,2.9802322387695312e-08,0.10004765540361404,0.10004765540361404,0.10004765540361404,0.10004765540361404,0.10004765540361404,2.9802322387695312e-08,2.9802322387695312e-08,0.0,0.05,0.1,0.4015509259807487
0,u=0.05_alpha=0.20,v00,nn,100,500,0.05,0.1,0.09984111040830612,0.09984111040830612,3.4386260606060635,0.10167999999999999,0.09984111040830612,0.004741119686514139,0.09300068020820618,0.09466200172901175,0.0985509604215622,0.1068156361579895,0.11129957437515259,0.0047411201521754265,0.004741119686514139,0.004741160664707422,0.05,0.2,0.4015509259807487
0,u=0.05_alpha=0.20,v00,fixed_random,100,500,0.05,0.1,0.09984111040830612,0.1,3.70619919191919,0.09913999999999999,0.10000000894069672,7.450580596923828e-09,0.10000000149011612,0.10000000149011612,0.10000000149011612,0.10000000149011612,0.10000000149011612,2.9802322387695312e-08,7.450580596923828e-09,1.4901161193847656e-08,0.05,0.2,0.4015509259807487
0,u=0.05_alpha=0.20,v00,matched_random,100,500,0.05,0.1,0.09984111040830612,0.09984111040830612,3.5441864646464634,0.10128,0.09984110295772552,7.450580596923828e-09,0.09984111040830612,0.09984111040830612,0.09984111040830612,0.09984111040830612,0.09984111040830612,0.0,7.450580596923828e-09,0.0,0.05,0.2,0.4015509259807487
0,u=0.05_alpha=0.20,v01,nn,100,500,0.05,0.1,0.10054706037044525,0.10054706037044525,3.4806854545454557,0.09956,0.10054706037044525,0.00489772018045187,0.09300068020820618,0.09470149874687195,0.09997207671403885,0.10713061690330505,0.1112995445728302,0.00489772018045187,0.00489772018045187,0.004897784441709518,0.05,0.2,0.4015509259807487
0,u=0.05_alpha=0.20,v01,fixed_random,100,500,0.05,0.1,0.10054706037044525,0.1,3.5939571717171708,0.10002000000000001,0.10000000894069672,7.450580596923828e-09,0.10000000149011612,0.10000000149011612,0.10000000149011612,0.10000000149011612,0.10000000149011612,2.9802322387695312e-08,7.450580596923828e-09,1.4901161193847656e-08,0.05,0.2,0.4015509259807487
0,u=0.05_alpha=0.20,v01,matched_random,100,500,0.05,0.1,0.10054706037044525,0.10054706037044525,3.622422020202019,0.10096,0.10054706782102585,7.450580596923828e-09,0.10054706037044525,0.10054706037044525,0.10054706037044525,0.10054706037044525,0.10054706037044525,7.450580596923828e-09,7.450580596923828e-09,2.2351741790771484e-08,0.05,0.2,0.4015509259807487
0,u=0.05_alpha=0.20,v02,nn,100,500,0.05,0.1,0.09983303397893906,0.09983303397893906,3.4320945454545484,0.10116,0.09983303397893906,0.004723715130239725,0.09300068020820618,0.09300068020820618,0.09930434823036194,0.10601767897605896,0.1112995445728302,0.004723715130239725,0.004723715130239725,0.004723700694739819,0.05,0.2,0.4015509259807487
0,u=0.05_alpha=0.20,v02,fixed_random,100,500,0.05,0.1,0.09983303397893906,0.1,3.7424430303030305,0.10114000000000001,0.10000000894069672,7.450580596923828e-09,0.10000000149011612,0.10000000149011612,0.10000000149011612,0.10000000149011612,0.10000000149011612,2.9802322387695312e-08,7.450580596923828e-09,1.4901161193847656e-08,0.05,0.2,0.4015509259807487
0,u=0.05_alpha=0.20,v02,matched_random,100,500,0.05,0.1,0.09983303397893906,0.09983303397893906,3.7404161616161615,0.09962,0.09983301907777786,1.4901161193847656e-08,0.09983303397893906,0.09983303397893906,0.09983303397893906,0.09983303397893906,0.09983303397893906,7.450580596923828e-09,1.4901161193847656e-08,0.0,0.05,0.2,0.4015509259807487
0,u=0.05_alpha=0.20,v03,nn,100,500,0.05,0.1,0.10012581944465637,0.10012581944465637,3.953086868686867,0.10118,0.10012581944465637,0.004227227997034788,0.09300068020820618,0.09460838437080435,0.09997206926345825,0.10487431287765503,0.1112995445728302,0.004227227531373501,0.004227227997034788,0.004227267578244209,0.05,0.2,0.4015509259807487
0,u=0.05_alpha=0.20,v03,fixed_random,100,500,0.05,0.1,0.10012581944465637,0.1,4.325990505050503,0.10071999999999999,0.10000000894069672,7.450580596923828e-09,0.10000000149011612,0.10000000149011612,0.10000000149011612,0.10000000149011612,0.10000000149011612,2.9802322387695312e-08,7.450580596923828e-09,1.4901161193847656e-08,0.05,0.2,0.4015509259807487
0,u=0.05_alpha=0.20,v03,matched_random,100,500,0.05,0.1,0.10012581944465637,0.10012581944465637,4.106517171717173,0.10067999999999999,0.10012579709291458,2.2351741790771484e-08,0.10012581944465637,0.10012581944465637,0.10012581944465637,0.10012581944465637,0.10012581944465637,0.0,2.2351741790771484e-08,0.0,0.05,0.2,0.4015509259807487
0,u=0.05_alpha=0.20,v04,nn,100,500,0.05,0.1,0.09924174845218658,0.09924174845218658,4.189796161616161,0.09849999999999999,0.09924174845218658,0.0046739159151911736,0.09300068020820618,0.09300068020820618,0.09877872467041016,0.10555336177349016,0.11129957437515259,0.0046739159151911736,0.0046739159151911736,0.004673960618674755,0.05,0.2,0.4015509259807487
0,u=0.05_alpha=0.20,v04,fixed_random,100,500,0.05,0.1,0.09924174845218658,0.1,4.631628484848484,0.10012,0.10000000894069672,7.450580596923828e-09,0.10000000149011612,0.10000000149011612,0.10000000149011612,0.10000000149011612,0.10000000149011612,2.9802322387695312e-08,7.450580596923828e-09,1.4901161193847656e-08,0.05,0.2,0.4015509259807487
0,u=0.05_alpha=0.20,v04,matched_random,100,500,0.05,0.1,0.09924174845218658,0.09924174845218658,4.396683838383841,0.09904,0.09924174845218658,0.0,0.09924174845218658,0.09924174845218658,0.09924174845218658,0.09924174845218658,0.09924174845218658,1.4901161193847656e-08,0.0,0.0,0.05,0.2,0.4015509259807487
0,u=0.05_alpha=0.20,v05,nn,100,500,0.05,0.1,0.09971609711647034,0.09971609711647034,5.838123030303029,0.09996000000000001,0.09971609711647034,0.005194130353629589,0.09300068020820618,0.09300068020820618,0.0992211401462555,0.10622040629386606,0.1112995445728302,0.005194130353629589,0.005194130353629589,0.005194191820919514,0.05,0.2,0.4015509259807487
0,u=0.05_alpha=0.20,v05,fixed_random,100,500,0.05,0.1,0.09971609711647034,0.1,5.658770101010095,0.09936,0.10000000894069672,7.450580596923828e-09,0.10000000149011612,0.10000000149011612,0.10000000149011612,0.10000000149011612,0.10000000149011612,2.9802322387695312e-08,7.450580596923828e-09,1.4901161193847656e-08,0.05,0.2,0.4015509259807487
0,u=0.05_alpha=0.20,v05,matched_random,100,500,0.05,0.1,0.09971609711647034,0.09971609711647034,5.703133131313135,0.10262,0.09971607476472855,2.2351741790771484e-08,0.09971609711647034,0.09971609711647034,0.09971609711647034,0.09971609711647034,0.09971609711647034,7.450580596923828e-09,2.2351741790771484e-08,0.0,0.05,0.2,0.4015509259807487
0,u=0.05_alpha=0.20,v06,nn,100,500,0.05,0.1,0.09979248046875,0.09979248046875,3.4595381818181825,0.09704,0.09979248046875,0.004770169034600258,0.09300068020820618,0.09300068020820618,0.09940522909164429,0.10601767897605896,0.1112995445728302,0.004770168103277683,0.004770169034600258,0.004770259372889996,0.05,0.2,0.4015509259807487
0,u=0.05_alpha=0.20,v06,fixed_random,100,500,0.05,0.1,0.09979248046875,0.1,3.578010303030303,0.09853999999999999,0.10000000894069672,7.450580596923828e-09,0.10000000149011612,0.10000000149011612,0.10000000149011612,0.10000000149011612,0.10000000149011612,2.9802322387695312e-08,7.450580596923828e-09,1.4901161193847656e-08,0.05,0.2,0.4015509259807487
0,u=0.05_alpha=0.20,v06,matched_random,100,500,0.05,0.1,0.09979248046875,0.09979248046875,3.8240525252525224,0.10013999999999999,0.09979248046875,0.0,0.09979248046875,0.09979248046875,0.09979248046875,0.09979248046875,0.09979248046875,0.0,0.0,0.0,0.05,0.2,0.4015509259807487
0,u=0.05_alpha=0.20,v07,nn,100,500,0.05,0.1,0.09940622746944427,0.09940622746944427,3.1638347474747457,0.09986,0.09940622746944427,0.0039596110582351685,0.09300068020820618,0.09395444765687046,0.09920346736907959,0.10450670123100281,0.1112995445728302,0.0039596110582351685,0.0039596110582351685,0.003959638066589832,0.05,0.2,0.4015509259807487
0,u=0.05_alpha=0.20,v07,fixed_random,100,500,0.05,0.1,0.09940622746944427,0.1,3.0749262626262595,0.10006,0.10000000894069672,7.450580596923828e-09,0.10000000149011612,0.10000000149011612,0.10000000149011612,0.10000000149011612,0.10000000149011612,2.9802322387695312e-08,7.450580596923828e-09,1.4901161193847656e-08,0.05,0.2,0.4015509259807487
0,u=0.05_alpha=0.20,v07,matched_random,100,500,0.05,0.1,0.09940622746944427,0.09940622746944427,2.948204444444441,0.09981999999999999,0.09940622746944427,0.0,0.09940622746944427,0.09940622746944427,0.09940622746944427,0.09940622746944427,0.09940622746944427,7.450580596923828e-09,0.0,7.450580596923828e-09,0.05,0.2,0.4015509259807487
0,u=0.05_alpha=0.20,v08,nn,100,500,0.05,0.1,0.10028721392154694,0.10028721392154694,3.3682719191919213,0.09986,0.10028721392154694,0.005278649739921093,0.09300068020820618,0.09380327761173297,0.09997206926345825,0.1112995445728302,0.1112995445728302,0.005278649274259806,0.005278649739921093,0.005278788972645998,0.05,0.2,0.4015509259807487
0,u=0.05_alpha=0.20,v08,fixed_random,100,500,0.05,0.1,0.10028721392154694,0.1,3.427792525252528,0.10092000000000001,0.10000000894069672,7.450580596923828e-09,0.10000000149011612,0.10000000149011612,0.10000000149011612,0.10000000149011612,0.10000000149011612,2.9802322387695312e-08,7.450580596923828e-09,1.4901161193847656e-08,0.05,0.2,0.4015509259807487
0,u=0.05_alpha=0.20,v08,matched_random,100,500,0.05,0.1,0.10028721392154694,0.10028721392154694,3.5416361616161596,0.10103999999999999,0.10028720647096634,7.450580596923828e-09,0.10028721392154694,0.10028721392154694,0.10028721392154694,0.10028721392154694,0.10028721392154694,7.450580596923828e-09,7.450580596923828e-09,1.4901161193847656e-08,0.05,0.2,0.4015509259807487
0,u=0.05_alpha=0.20,v09,nn,100,500,0.05,0.1,0.10014543682336807,0.10014543682336807,3.8222688888888894,0.10016,0.10014543682336807,0.004780674818903208,0.09300068020820618,0.09300068691372872,0.09997206926345825,0.10764408111572266,0.1112995445728302,0.004780675284564495,0.004780674818903208,0.004780745133757591,0.05,0.2,0.4015509259807487
0,u=0.05_alpha=0.20,v09,fixed_random,100,500,0.05,0.1,0.10014543682336807,0.1,4.036691313131313,0.10334,0.10000000894069672,7.450580596923828e-09,0.10000000149011612,0.10000000149011612,0.10000000149011612,0.10000000149011612,0.10000000149011612,2.9802322387695312e-08,7.450580596923828e-09,1.4901161193847656e-08,0.05,0.2,0.4015509259807487
0,u=0.05_alpha=0.20,v09,matched_random,100,500,0.05,0.1,0.10014543682336807,0.10014543682336807,4.0147789898989865,0.09981999999999999,0.10014545172452927,1.4901161193847656e-08,0.10014543682336807,0.10014543682336807,0.10014543682336807,0.10014543682336807,0.10014543682336807,7.450580596923828e-09,1.4901161193847656e-08,2.2351741790771484e-08,0.05,0.2,0.4015509259807487
0,u=0.05_alpha=0.50,v00,nn,100,500,0.05,0.1,0.09997577965259552,0.09997577965259552,3.3477862626262636,0.10208,0.09997577965259552,0.012078872881829739,0.08332529664039612,0.08713341653347065,0.09641337394714355,0.11780473589897156,0.1303350031375885,0.012078871950507164,0.012078872881829739,0.012079047039151192,0.05,0.5,0.4015509259807487
0,u=0.05_alpha=0.50,v00,fixed_random,100,500,0.05,0.1,0.09997577965259552,0.1,3.70619919191919,0.09913999999999999,0.10000000894069672,7.450580596923828e-09,0.10000000149011612,0.10000000149011612,0.10000000149011612,0.10000000149011612,0.10000000149011612,2.9802322387695312e-08,7.450580596923828e-09,1.4901161193847656e-08,0.05,0.5,0.4015509259807487
0,u=0.05_alpha=0.50,v00,matched_random,100,500,0.05,0.1,0.09997577965259552,0.09997577965259552,3.434543838383835,0.1014,0.09997577965259552,0.0,0.09997577965259552,0.09997577965259552,0.09997577965259552,0.09997577965259552,0.09997577965259552,1.4901161193847656e-08,0.0,1.4901161193847656e-08,0.05,0.5,0.4015509259807487
0,u=0.05_alpha=0.50,v01,nn,100,500,0.05,0.1,0.1017695888876915,0.1017695888876915,3.548533535353537,0.10102,0.1017695888876915,0.012502143159508705,0.08332529664039612,0.08722484111785889,0.09993023425340652,0.11866399645805359,0.1303349733352661,0.01250214409083128,0.012502143159508705,0.012502353638410568,0.05,0.5,0.4015509259807487
0,u=0.05_alpha=0.50,v01,fixed_random,100,500,0.05,0.1,0.1017695888876915,0.1,3.5939571717171708,0.10002000000000001,0.10000000894069672,7.450580596923828e-09,0.10000000149011612,0.10000000149011612,0.10000000149011612,0.10000000149011612,0.10000000149011612,2.9802322387695312e-08,7.450580596923828e-09,1.4901161193847656e-08,0.05,0.5,0.4015509259807487
0,u=0.05_alpha=0.50,v01,matched_random,100,500,0.05,0.1,0.1017695888876915,0.1017695888876915,3.628616565656567,0.10186,0.1017695814371109,7.450580596923828e-09,0.1017695888876915,0.1017695888876915,0.1017695888876915,0.1017695888876915,0.1017695888876915,1.4901161193847656e-08,7.450580596923828e-09,0.0,0.05,0.5,0.4015509259807487
0,u=0.05_alpha=0.50,v02,nn,100,500,0.05,0.1,0.09995409846305847,0.09995409846305847,3.447195959595962,0.10116,0.09995409846305847,0.01188375148922205,0.08332529664039612,0.08332529664039612,0.09826914966106415,0.11564189195632935,0.1303349733352661,0.011883750557899475,0.01188375148922205,0.011883878149092197,0.05,0.5,0.4015509259807487
0,u=0.05_alpha=0.50,v02,fixed_random,100,500,0.05,0.1,0.09995409846305847,0.1,3.7424430303030305,0.10114000000000001,0.10000000894069672,7.450580596923828e-09,0.10000000149011612,0.10000000149011612,0.10000000149011612,0.10000000149011612,0.10000000149011612,2.9802322387695312e-08,7.450580596923828e-09,1.4901161193847656e-08,0.05,0.5,0.4015509259807487
0,u=0.05_alpha=0.50,v02,matched_random,100,500,0.05,0.1,0.09995409846305847,0.09995409846305847,3.740510909090908,0.09970000000000001,0.09995412081480026,2.2351741790771484e-08,0.09995409846305847,0.09995409846305847,0.09995409846305847,0.09995409846305847,0.09995409846305847,7.450580596923828e-09,2.2351741790771484e-08,0.0,0.05,0.5,0.4015509259807487
0,u=0.05_alpha=0.50,v03,nn,100,500,0.05,0.1,0.10061202198266983,0.10061202198266983,3.935646868686867,0.1018,0.10061202198266983,0.010611561127007008,0.08332529664039612,0.08701013624668238,0.09993022680282593,0.11257874965667725,0.1303349733352661,0.010611562989652157,0.010611561127007008,0.010611728765070438,0.05,0.5,0.4015509259807487
0,u=0.05_alpha=0.50,v03,fixed_random,100,500,0.05,0.1,0.10061202198266983,0.1,4.325990505050503,0.10071999999999999,0.10000000894069672,7.450580596923828e-09,0.10000000149011612,0.10000000149011612,0.10000000149011612,0.10000000149011612,0.10000000149011612,2.9802322387695312e-08,7.450580596923828e-09,1.4901161193847656e-08,0.05,0.5,0.4015509259807487
0,u=0.05_alpha=0.50,v03,matched_random,100,500,0.05,0.1,0.10061202198266983,0.10061202198266983,4.122658989898992,0.1013,0.10061202943325043,7.450580596923828e-09,0.10061202198266983,0.10061202198266983,0.10061202198266983,0.10061202198266983,0.10061202198266983,0.0,7.450580596923828e-09,7.450580596923828e-09,0.05,0.5,0.4015509259807487
0,u=0.05_alpha=0.50,v04,nn,100,500,0.05,0.1,0.09847724437713623,0.09847724437713623,4.099331515151516,0.09759999999999999,0.09847724437713623,0.011782691814005375,0.08332529664039612,0.08332529664039612,0.09697180986404419,0.11439335048198498,0.1303350031375885,0.0117826908826828,0.011782691814005375,0.011782863177359104,0.05,0.5,0.4015509259807487
0,u=0.05_alpha=0.50,v04,fixed_random,100,500,0.05,0.1,0.09847724437713623,0.1,4.631628484848484,0.10012,0.10000000894069672,7.450580596923828e-09,0.10000000149011612,0.10000000149011612,0.10000000149011612,0.10000000149011612,0.10000000149011612,2.9802322387695312e-08,7.450580596923828e-09,1.4901161193847656e-08,0.05,0.5,0.4015509259807487
0,u=0.05_alpha=0.50,v04,matched_random,100,500,0.05,0.1,0.09847724437713623,0.09847724437713623,4.39836383838384,0.09826,0.09847724437713623,0.0,0.09847724437713623,0.09847724437713623,0.09847724437713623,0.09847724437713623,0.09847724437713623,7.450580596923828e-09,0.0,7.450580596923828e-09,0.05,0.5,0.4015509259807487
0,u=0.05_alpha=0.50,v05,nn,100,500,0.05,0.1,0.09973902255296707,0.09973902255296707,5.683269494949493,0.09974,0.09973902255296707,0.0131918890401721,0.08332529664039612,0.08332529664039612,0.09806360304355621,0.11619537770747333,0.1303349733352661,0.013191889971494675,0.0131918890401721,0.01319214142858982,0.05,0.5,0.4015509259807487
0,u=0.05_alpha=0.50,v05,fixed_random,100,500,0.05,0.1,0.09973902255296707,0.1,5.658770101010095,0.09936,0.10000000894069672,7.450580596923828e-09,0.10000000149011612,0.10000000149011612,0.10000000149011612,0.10000000149011612,0.10000000149011612,2.9802322387695312e-08,7.450580596923828e-09,1.4901161193847656e-08,0.05,0.5,0.4015509259807487
0,u=0.05_alpha=0.50,v05,matched_random,100,500,0.05,0.1,0.09973902255296707,0.09973902255296707,5.695388484848487,0.10264,0.09973903000354767,7.450580596923828e-09,0.09973902255296707,0.09973902255296707,0.09973902255296707,0.09973902255296707,0.09973902255296707,7.450580596923828e-09,7.450580596923828e-09,0.0,0.05,0.5,0.4015509259807487
0,u=0.05_alpha=0.50,v06,nn,100,500,0.05,0.1,0.09985943138599396,0.09985943138599396,3.383981010101009,0.09736,0.09985943138599396,0.012099701911211014,0.08332529664039612,0.08332529664039612,0.09851899743080139,0.11564189195632935,0.1303349733352661,0.01209970097988844,0.012099701911211014,0.012099942192435265,0.05,0.5,0.4015509259807487
0,u=0.05_alpha=0.50,v06,fixed_random,100,500,0.05,0.1,0.09985943138599396,0.1,3.578010303030303,0.09853999999999999,0.10000000894069672,7.450580596923828e-09,0.10000000149011612,0.10000000149011612,0.10000000149011612,0.10000000149011612,0.10000000149011612,2.9802322387695312e-08,7.450580596923828e-09,1.4901161193847656e-08,0.05,0.5,0.4015509259807487
0,u=0.05_alpha=0.50,v06,matched_random,100,500,0.05,0.1,0.09985943138599396,0.09985943138599396,3.822831515151514,0.1002,0.09985943138599396,0.0,0.09985943138599396,0.09985943138599396,0.09985943138599396,0.09985943138599396,0.09985943138599396,1.4901161193847656e-08,0.0,1.4901161193847656e-08,0.05,0.5,0.4015509259807487
0,u=0.05_alpha=0.50,v07,nn,100,500,0.05,0.1,0.09878238290548325,0.09878238290548325,3.083766262626261,0.09986,0.09878238290548325,0.00995331909507513,0.08332529664039612,0.08550172522664203,0.0980193018913269,0.11160299181938171,0.1303349733352661,0.00995331909507513,0.00995331909507513,0.00995344016700983,0.05,0.5,0.4015509259807487
0,u=0.05_alpha=0.50,v07,fixed_random,100,500,0.05,0.1,0.09878238290548325,0.1,3.0749262626262595,0.10006,0.10000000894069672,7.450580596923828e-09,0.10000000149011612,0.10000000149011612,0.10000000149011612,0.10000000149011612,0.10000000149011612,2.9802322387695312e-08,7.450580596923828e-09,1.4901161193847656e-08,0.05,0.5,0.4015509259807487
0,u=0.05_alpha=0.50,v07,matched_random,100,500,0.05,0.1,0.09878238290548325,0.09878238290548325,2.9763735353535354,0.09934,0.09878239035606384,7.450580596923828e-09,0.09878238290548325,0.09878238290548325,0.09878238290548325,0.09878238290548325,0.09878238290548325,7.450580596923828e-09,7.450580596923828e-09,1.4901161193847656e-08,0.05,0.5,0.4015509259807487
0,u=0.05_alpha=0.50,v08,nn,100,500,0.05,0.1,0.10117970407009125,0.10117970407009125,3.250229494949495,0.10067999999999999,0.10117970407009125,0.013583749532699585,0.08332529664039612,0.08515429496765248,0.09993022680282593,0.1303349733352661,0.1303349733352661,0.013583747670054436,0.013583749532699585,0.013584005646407604,0.05,0.5,0.4015509259807487
0,u=0.05_alpha=0.50,v08,fixed_random,100,500,0.05,0.1,0.10117970407009125,0.1,3.427792525252528,0.10092000000000001,0.10000000894069672,7.450580596923828e-09,0.10000000149011612,0.10000000149011612,0.10000000149011612,0.10000000149011612,0.10000000149011612,2.9802322387695312e-08,7.450580596923828e-09,1.4901161193847656e-08,0.05,0.5,0.4015509259807487
0,u=0.05_alpha=0.50,v08,matched_random,100,500,0.05,0.1,0.10117970407009125,0.10117970407009125,3.5627494949494927,0.10188000000000001,0.10117970407009125,0.0,0.10117970407009125,0.10117970407009125,0.10117970407009125,0.10117970407009125,0.10117970407009125,2.2351741790771484e-08,0.0,1.4901161193847656e-08,0.05,0.5,0.4015509259807487
0,u=0.05_alpha=0.50,v09,nn,100,500,0.05,0.1,0.10074257105588913,0.10074257105588913,3.731551919191918,0.10084,0.10074257105588913,0.012174852192401886,0.08332529664039612,0.0833253301680088,0.09993022680282593,0.12007179856300354,0.1303349733352661,0.012174850329756737,0.012174852192401886,0.012175020761787891,0.05,0.5,0.4015509259807487
0,u=0.05_alpha=0.50,v09,fixed_random,100,500,0.05,0.1,0.10074257105588913,0.1,4.036691313131313,0.10334,0.10000000894069672,7.450580596923828e-09,0.10000000149011612,0.10000000149011612,0.10000000149011612,0.10000000149011612,0.10000000149011612,2.9802322387695312e-08,7.450580596923828e-09,1.4901161193847656e-08,0.05,0.5,0.4015509259807487
0,u=0.05_alpha=0.50,v09,matched_random,100,500,0.05,0.1,0.10074257105588913,0.10074257105588913,4.012100404040406,0.1002,0.10074257105588913,0.0,0.10074257105588913,0.10074257105588913,0.10074257105588913,0.10074257105588913,0.10074257105588913,1.4901161193847656e-08,0.0,1.4901161193847656e-08,0.05,0.5,0.4015509259807487
0,u=0.05_alpha=1.00,v00,nn,100,500,0.05,0.1,0.10121146589517593,0.10121146589517593,3.3443036363636325,0.10268000000000001,0.10121146589517593,0.025099847465753555,0.06921723484992981,0.07578366994857876,0.0929449051618576,0.13829252123832703,0.1681528240442276,0.025099845603108406,0.025099847465753555,0.02509971708059311,0.05,1.0,0.4015509259807487
0,u=0.05_alpha=1.00,v00,fixed_random,100,500,0.05,0.1,0.10121146589517593,0.1,3.70619919191919,0.09913999999999999,0.10000000894069672,7.450580596923828e-09,0.10000000149011612,0.10000000149011612,0.10000000149011612,0.10000000149011612,0.10000000149011612,2.9802322387695312e-08,7.450580596923828e-09,1.4901161193847656e-08,0.05,1.0,0.4015509259807487
0,u=0.05_alpha=1.00,v00,matched_random,100,500,0.05,0.1,0.10121146589517593,0.10121146589517593,3.4544890909090906,0.10238,0.10121144354343414,2.2351741790771484e-08,0.10121146589517593,0.10121146589517593,0.10121146589517593,0.10121146589517593,0.10121146589517593,7.450580596923828e-09,2.2351741790771484e-08,0.0,0.05,1.0,0.4015509259807487
0,u=0.05_alpha=1.00,v01,nn,100,500,0.05,0.1,0.10490698367357254,0.10490698367357254,3.5949074747474716,0.10426,0.10490698367357254,0.026066306978464127,0.06921723484992981,0.07594403624534607,0.09986049681901932,0.14026856422424316,0.1681528091430664,0.026066305115818977,0.026066306978464127,0.02606620080769062,0.05,1.0,0.4015509259807487
0,u=0.05_alpha=1.00,v01,fixed_random,100,500,0.05,0.1,0.10490698367357254,0.1,3.5939571717171708,0.10002000000000001,0.10000000894069672,7.450580596923828e-09,0.10000000149011612,0.10000000149011612,0.10000000149011612,0.10000000149011612,0.10000000149011612,2.9802322387695312e-08,7.450580596923828e-09,1.4901161193847656e-08,0.05,1.0,0.4015509259807487
0,u=0.05_alpha=1.00,v01,matched_random,100,500,0.05,0.1,0.10490698367357254,0.10490698367357254,3.643463232323232,0.10506,0.10490701347589493,2.9802322387695312e-08,0.10490698367357254,0.10490698367357254,0.10490698367357254,0.10490698367357254,0.10490698367357254,1.4901161193847656e-08,2.9802322387695312e-08,0.0,0.05,1.0,0.4015509259807487
0,u=0.05_alpha=1.00,v02,nn,100,500,0.05,0.1,0.10114610195159912,0.10114610195159912,3.48510282828283,0.10174,0.10114610195159912,0.024163806810975075,0.06921723484992981,0.06921723484992981,0.0965656191110611,0.13336792588233948,0.1681528091430664,0.024163810536265373,0.024163806810975075,0.024163732305169106,0.05,1.0,0.4015509259807487
0,u=0.05_alpha=1.00,v02,fixed_random,100,500,0.05,0.1,0.10114610195159912,0.1,3.7424430303030305,0.10114000000000001,0.10000000894069672,7.450580596923828e-09,0.10000000149011612,0.10000000149011612,0.10000000149011612,0.10000000149011612,0.10000000149011612,2.9802322387695312e-08,7.450580596923828e-09,1.4901161193847656e-08,0.05,1.0,0.4015509259807487
0,u=0.05_alpha=1.00,v02,matched_random,100,500,0.05,0.1,0.10114610195159912,0.10114610195159912,3.78123393939394,0.10092000000000001,0.10114610195159912,0.0,0.10114610195159912,0.10114610195159912,0.10114610195159912,0.10114610195159912,0.10114610195159912,1.4901161193847656e-08,0.0,7.450580596923828e-09,0.05,1.0,0.4015509259807487
0,u=0.05_alpha=1.00,v03,nn,100,500,0.05,0.1,0.10221497714519501,0.10221497714519501,4.049809696969692,0.10284,0.10221497714519501,0.021504033356904984,0.06921723484992981,0.07557000219822134,0.09986048936843872,0.12651732563972473,0.1681528091430664,0.021504033356904984,0.021504033356904984,0.021503999829292297,0.05,1.0,0.4015509259807487
0,u=0.05_alpha=1.00,v03,fixed_random,100,500,0.05,0.1,0.10221497714519501,0.1,4.325990505050503,0.10071999999999999,0.10000000894069672,7.450580596923828e-09,0.10000000149011612,0.10000000149011612,0.10000000149011612,0.10000000149011612,0.10000000149011612,2.9802322387695312e-08,7.450580596923828e-09,1.4901161193847656e-08,0.05,1.0,0.4015509259807487
0,u=0.05_alpha=1.00,v03,matched_random,100,500,0.05,0.1,0.10221497714519501,0.10221497714519501,4.13311797979798,0.10302,0.10221495479345322,2.2351741790771484e-08,0.10221497714519501,0.10221497714519501,0.10221497714519501,0.10221497714519501,0.10221497714519501,1.4901161193847656e-08,2.2351741790771484e-08,7.450580596923828e-09,0.05,1.0,0.4015509259807487
0,u=0.05_alpha=1.00,v04,nn,100,500,0.05,0.1,0.09819140285253525,0.09819140285253525,4.053291919191919,0.0977,0.09819140285253525,0.0240846686065197,0.06921723484992981,0.06921723484992981,0.09402573108673096,0.13055919706820987,0.1681528240442276,0.0240846686065197,0.0240846686065197,0.02408459410071373,0.05,1.0,0.4015509259807487
0,u=0.05_alpha=1.00,v04,fixed_random,100,500,0.05,0.1,0.09819140285253525,0.1,4.631628484848484,0.10012,0.10000000894069672,7.450580596923828e-09,0.10000000149011612,0.10000000149011612,0.10000000149011612,0.10000000149011612,0.10000000149011612,2.9802322387695312e-08,7.450580596923828e-09,1.4901161193847656e-08,0.05,1.0,0.4015509259807487
0,u=0.05_alpha=1.00,v04,matched_random,100,500,0.05,0.1,0.09819140285253525,0.09819140285253525,4.4038901010100995,0.098,0.09819138795137405,1.4901161193847656e-08,0.09819140285253525,0.09819140285253525,0.09819140285253525,0.09819140285253525,0.09819140285253525,1.4901161193847656e-08,1.4901161193847656e-08,0.0,0.05,1.0,0.4015509259807487
0,u=0.05_alpha=1.00,v05,nn,100,500,0.05,0.1,0.10098449885845184,0.10098449885845184,5.467615151515147,0.10108,0.10098449885845184,0.027313781902194023,0.06921723484992981,0.06921723484992981,0.09616260230541229,0.13464213609693582,0.1681528091430664,0.027313778176903725,0.027313781902194023,0.02731364779174328,0.05,1.0,0.4015509259807487
0,u=0.05_alpha=1.00,v05,fixed_random,100,500,0.05,0.1,0.10098449885845184,0.1,5.658770101010095,0.09936,0.10000000894069672,7.450580596923828e-09,0.10000000149011612,0.10000000149011612,0.10000000149011612,0.10000000149011612,0.10000000149011612,2.9802322387695312e-08,7.450580596923828e-09,1.4901161193847656e-08,0.05,1.0,0.4015509259807487
0,u=0.05_alpha=1.00,v05,matched_random,100,500,0.05,0.1,0.10098449885845184,0.10098449885845184,5.7243870707070705,0.10378,0.10098446905612946,2.9802322387695312e-08,0.10098449885845184,0.10098449885845184,0.10098449885845184,0.10098449885845184,0.10098449885845184,0.0,2.9802322387695312e-08,1.4901161193847656e-08,0.05,1.0,0.4015509259807487
0,u=0.05_alpha=1.00,v06,nn,100,500,0.05,0.1,0.10098773241043091,0.10098773241043091,3.3653486868686855,0.09804,0.10098773241043091,0.024997981265187263,0.06921723484992981,0.06921723484992981,0.09705758094787598,0.13336792588233948,0.1681528091430664,0.024997979402542114,0.024997981265187263,0.024997834116220474,0.05,1.0,0.4015509259807487
0,u=0.05_alpha=1.00,v06,fixed_random,100,500,0.05,0.1,0.10098773241043091,0.1,3.578010303030303,0.09853999999999999,0.10000000894069672,7.450580596923828e-09,0.10000000149011612,0.10000000149011612,0.10000000149011612,0.10000000149011612,0.10000000149011612,2.9802322387695312e-08,7.450580596923828e-09,1.4901161193847656e-08,0.05,1.0,0.4015509259807487
0,u=0.05_alpha=1.00,v06,matched_random,100,500,0.05,0.1,0.10098773241043091,0.10098773241043091,3.826963434343436,0.10122,0.10098772495985031,7.450580596923828e-09,0.10098773241043091,0.10098773241043091,0.10098773241043091,0.10098773241043091,0.10098773241043091,1.4901161193847656e-08,7.450580596923828e-09,0.0,0.05,1.0,0.4015509259807487
0,u=0.05_alpha=1.00,v07,nn,100,500,0.05,0.1,0.09844857454299927,0.09844857454299927,3.033035151515151,0.09956,0.09844857454299927,0.020242519676685333,0.06921723484992981,0.0729402236640476,0.09607365727424622,0.12436625361442566,0.1681528091430664,0.02024252340197563,0.020242519676685333,0.020242473110556602,0.05,1.0,0.4015509259807487
0,u=0.05_alpha=1.00,v07,fixed_random,100,500,0.05,0.1,0.09844857454299927,0.1,3.0749262626262595,0.10006,0.10000000894069672,7.450580596923828e-09,0.10000000149011612,0.10000000149011612,0.10000000149011612,0.10000000149011612,0.10000000149011612,2.9802322387695312e-08,7.450580596923828e-09,1.4901161193847656e-08,0.05,1.0,0.4015509259807487
0,u=0.05_alpha=1.00,v07,matched_random,100,500,0.05,0.1,0.09844857454299927,0.09844857454299927,2.9727797979797974,0.09912000000000001,0.09844856709241867,7.450580596923828e-09,0.09844857454299927,0.09844857454299927,0.09844857454299927,0.09844857454299927,0.09844857454299927,7.450580596923828e-09,7.450580596923828e-09,0.0,0.05,1.0,0.4015509259807487
0,u=0.05_alpha=1.00,v08,nn,100,500,0.05,0.1,0.10393941402435303,0.10393941402435303,3.143697777777781,0.1035,0.10393941402435303,0.028711482882499695,0.06921723484992981,0.07233908474445531,0.09986048936843872,0.1681528091430664,0.1681528091430664,0.028711486607789993,0.028711482882499695,0.028711196035146713,0.05,1.0,0.4015509259807487
0,u=0.05_alpha=1.00,v08,fixed_random,100,500,0.05,0.1,0.10393941402435303,0.1,3.427792525252528,0.10092000000000001,0.10000000894069672,7.450580596923828e-09,0.10000000149011612,0.10000000149011612,0.10000000149011612,0.10000000149011612,0.10000000149011612,2.9802322387695312e-08,7.450580596923828e-09,1.4901161193847656e-08,0.05,1.0,0.4015509259807487
0,u=0.05_alpha=1.00,v08,matched_random,100,500,0.05,0.1,0.10393941402435303,0.10393941402435303,3.6810084848484808,0.10492000000000001,0.10393941402435303,0.0,0.10393941402435303,0.10393941402435303,0.10393941402435303,0.10393941402435303,0.10393941402435303,1.4901161193847656e-08,0.0,7.450580596923828e-09,0.05,1.0,0.4015509259807487
0,u=0.05_alpha=1.00,v09,nn,100,500,0.05,0.1,0.10276597738265991,0.10276597738265991,3.7515622222222227,0.10316,0.10276597738265991,0.025317590683698654,0.06921723484992981,0.06921725496649742,0.09986048936843872,0.1435299515724182,0.1681528091430664,0.025317588821053505,0.025317590683698654,0.025317473337054253,0.05,1.0,0.4015509259807487
0,u=0.05_alpha=1.00,v09,fixed_random,100,500,0.05,0.1,0.10276597738265991,0.1,4.036691313131313,0.10334,0.10000000894069672,7.450580596923828e-09,0.10000000149011612,0.10000000149011612,0.10000000149011612,0.10000000149011612,0.10000000149011612,2.9802322387695312e-08,7.450580596923828e-09,1.4901161193847656e-08,0.05,1.0,0.4015509259807487
0,u=0.05_alpha=1.00,v09,matched_random,100,500,0.05,0.1,0.10276597738265991,0.10276597738265991,4.088549090909093,0.10215999999999999,0.10276598483324051,7.450580596923828e-09,0.10276597738265991,0.10276597738265991,0.10276597738265991,0.10276597738265991,0.10276597738265991,0.0,7.450580596923828e-09,1.4901161193847656e-08,0.05,1.0,0.4015509259807487
0,u=0.05_alpha=1.50,v00,nn,100,500,0.05,0.1,0.10372637957334518,0.10372637957334518,3.39005696969697,0.10522000000000001,0.10372637957334518,0.03938157856464386,0.057348430156707764,0.06580642163753625,0.08959172666072845,0.16169032454490662,0.21424061059951782,0.03938157856464386,0.03938157856464386,0.0393817201256752,0.05,1.5,0.4015509259807487
0,u=0.05_alpha=1.50,v00,fixed_random,100,500,0.05,0.1,0.10372637957334518,0.1,3.70619919191919,0.09913999999999999,0.10000000894069672,7.450580596923828e-09,0.10000000149011612,0.10000000149011612,0.10000000149011612,0.10000000149011612,0.10000000149011612,2.9802322387695312e-08,7.450580596923828e-09,1.4901161193847656e-08,0.05,1.5,0.4015509259807487
0,u=0.05_alpha=1.50,v00,matched_random,100,500,0.05,0.1,0.10372637957334518,0.10372637957334518,3.4302371717171707,0.10474,0.10372637957334518,0.0,0.10372637957334518,0.10372637957334518,0.10372637957334518,0.10372637957334518,0.10372637957334518,0.0,0.0,1.4901161193847656e-08,0.05,1.5,0.4015509259807487
0,u=0.05_alpha=1.50,v01,nn,100,500,0.05,0.1,0.10945043712854385,0.10945043712854385,3.6684775757575756,0.109,0.10945043712854385,0.041033677756786346,0.057348430156707764,0.06601667404174805,0.0997907817363739,0.1650698184967041,0.21424058079719543,0.04103368520736694,0.041033677756786346,0.041033785790205,0.05,1.5,0.4015509259807487
0,u=0.05_alpha=1.50,v01,fixed_random,100,500,0.05,0.1,0.10945043712854385,0.1,3.5939571717171708,0.10002000000000001,0.10000000894069672,7.450580596923828e-09,0.10000000149011612,0.10000000149011612,0.10000000149011612,0.10000000149011612,0.10000000149011612,2.9802322387695312e-08,7.450580596923828e-09,1.4901161193847656e-08,0.05,1.5,0.4015509259807487
0,u=0.05_alpha=1.50,v01,matched_random,100,500,0.05,0.1,0.10945043712854385,0.10945043712854385,3.726764646464645,0.10992,0.10945045202970505,1.4901161193847656e-08,0.10945043712854385,0.10945043712854385,0.10945043712854385,0.10945043712854385,0.10945043712854385,7.450580596923828e-09,1.4901161193847656e-08,7.450580596923828e-09,0.05,1.5,0.4015509259807487
0,u=0.05_alpha=1.50,v02,nn,100,500,0.05,0.1,0.1035698652267456,0.1035698652267456,3.4277200000000003,0.10404,0.1035698652267456,0.03710055351257324,0.057348430156707764,0.057348430156707764,0.09488905966281891,0.1533399224281311,0.21424058079719543,0.03710055723786354,0.03710055351257324,0.037100695073604584,0.05,1.5,0.4015509259807487
0,u=0.05_alpha=1.50,v02,fixed_random,100,500,0.05,0.1,0.1035698652267456,0.1,3.7424430303030305,0.10114000000000001,0.10000000894069672,7.450580596923828e-09,0.10000000149011612,0.10000000149011612,0.10000000149011612,0.10000000149011612,0.10000000149011612,2.9802322387695312e-08,7.450580596923828e-09,1.4901161193847656e-08,0.05,1.5,0.4015509259807487
0,u=0.05_alpha=1.50,v02,matched_random,100,500,0.05,0.1,0.1035698652267456,0.1035698652267456,3.7372535353535365,0.10298,0.1035698652267456,0.0,0.1035698652267456,0.1035698652267456,0.1035698652267456,0.1035698652267456,0.1035698652267456,7.450580596923828e-09,0.0,2.2351741790771484e-08,0.05,1.5,0.4015509259807487
0,u=0.05_alpha=1.50,v03,nn,100,500,0.05,0.1,0.10480361431837082,0.10480361431837082,4.423792323232325,0.10555999999999999,0.10480361431837082,0.0329182930290699,0.057348430156707764,0.06552975773811606,0.09979075193405151,0.14190569519996643,0.21424058079719543,0.0329182967543602,0.0329182930290699,0.032918401062488556,0.05,1.5,0.4015509259807487
0,u=0.05_alpha=1.50,v03,fixed_random,100,500,0.05,0.1,0.10480361431837082,0.1,4.325990505050503,0.10071999999999999,0.10000000894069672,7.450580596923828e-09,0.10000000149011612,0.10000000149011612,0.10000000149011612,0.10000000149011612,0.10000000149011612,2.9802322387695312e-08,7.450580596923828e-09,1.4901161193847656e-08,0.05,1.5,0.4015509259807487
0,u=0.05_alpha=1.50,v03,matched_random,100,500,0.05,0.1,0.10480361431837082,0.10480361431837082,4.1481589898989855,0.10564,0.10480358451604843,2.9802322387695312e-08,0.10480361431837082,0.10480361431837082,0.10480361431837082,0.10480361431837082,0.10480361431837082,7.450580596923828e-09,2.9802322387695312e-08,0.0,0.05,1.5,0.4015509259807487
0,u=0.05_alpha=1.50,v04,nn,100,500,0.05,0.1,0.09912338107824326,0.09912338107824326,4.160333737373736,0.09866,0.09912338107824326,0.03723905235528946,0.057348430156707764,0.057348430156707764,0.09116014838218689,0.14862744212149812,0.21424061059951782,0.03723905235528946,0.03723905235528946,0.03723911941051483,0.05,1.5,0.4015509259807487
0,u=0.05_alpha=1.50,v04,fixed_random,100,500,0.05,0.1,0.09912338107824326,0.1,4.631628484848484,0.10012,0.10000000894069672,7.450580596923828e-09,0.10000000149011612,0.10000000149011612,0.10000000149011612,0.10000000149011612,0.10000000149011612,2.9802322387695312e-08,7.450580596923828e-09,1.4901161193847656e-08,0.05,1.5,0.4015509259807487
0,u=0.05_alpha=1.50,v04,matched_random,100,500,0.05,0.1,0.09912338107824326,0.09912338107824326,4.398956565656567,0.09885999999999999,0.09912336617708206,1.4901161193847656e-08,0.09912338107824326,0.09912338107824326,0.09912338107824326,0.09912338107824326,0.09912338107824326,2.9802322387695312e-08,1.4901161193847656e-08,0.0,0.05,1.5,0.4015509259807487
0,u=0.05_alpha=1.50,v05,nn,100,500,0.05,0.1,0.10374132543802261,0.10374132543802261,4.860497171717174,0.10358,0.10374132543802261,0.04277265816926956,0.057348430156707764,0.057348430156707764,0.0942964106798172,0.15552104413506196,0.21424058079719543,0.04277265444397926,0.04277265816926956,0.042772773653268814,0.05,1.5,0.4015509259807487
0,u=0.05_alpha=1.50,v05,fixed_random,100,500,0.05,0.1,0.10374132543802261,0.1,5.658770101010095,0.09936,0.10000000894069672,7.450580596923828e-09,0.10000000149011612,0.10000000149011612,0.10000000149011612,0.10000000149011612,0.10000000149011612,2.9802322387695312e-08,7.450580596923828e-09,1.4901161193847656e-08,0.05,1.5,0.4015509259807487
0,u=0.05_alpha=1.50,v05,matched_random,100,500,0.05,0.1,0.10374132543802261,0.10374132543802261,5.732022020202021,0.10642,0.10374131053686142,1.4901161193847656e-08,0.10374132543802261,0.10374132543802261,0.10374132543802261,0.10374132543802261,0.10374132543802261,1.4901161193847656e-08,1.4901161193847656e-08,7.450580596923828e-09,0.05,1.5,0.4015509259807487
0,u=0.05_alpha=1.50,v06,nn,100,500,0.05,0.1,0.10338827967643738,0.10338827967643738,3.298824848484849,0.10046,0.10338827967643738,0.03906441479921341,0.057348430156707764,0.057348430156707764,0.09561550617218018,0.1533399224281311,0.21424058079719543,0.03906441107392311,0.03906441479921341,0.039064548909664154,0.05,1.5,0.4015509259807487
0,u=0.05_alpha=1.50,v06,fixed_random,100,500,0.05,0.1,0.10338827967643738,0.1,3.578010303030303,0.09853999999999999,0.10000000894069672,7.450580596923828e-09,0.10000000149011612,0.10000000149011612,0.10000000149011612,0.10000000149011612,0.10000000149011612,2.9802322387695312e-08,7.450580596923828e-09,1.4901161193847656e-08,0.05,1.5,0.4015509259807487
0,u=0.05_alpha=1.50,v06,matched_random,100,500,0.05,0.1,0.10338827967643738,0.10338827967643738,3.8325472727272714,0.10358,0.10338830202817917,2.2351741790771484e-08,0.10338827967643738,0.10338827967643738,0.10338827967643738,0.10338827967643738,0.10338827967643738,0.0,2.2351741790771484e-08,2.2351741790771484e-08,0.05,1.5,0.4015509259807487
0,u=0.05_alpha=1.50,v07,nn,100,500,0.05,0.1,0.09898411482572556,0.09898411482572556,2.9867042424242425,0.09962,0.09898411482572556,0.031138569116592407,0.057348430156707764,0.0621035587042599,0.09416261315345764,0.1383618414402008,0.21424058079719543,0.031138570979237556,0.031138569116592407,0.031138651072978973,0.05,1.5,0.4015509259807487
0,u=0.05_alpha=1.50,v07,fixed_random,100,500,0.05,0.1,0.09898411482572556,0.1,3.0749262626262595,0.10006,0.10000000894069672,7.450580596923828e-09,0.10000000149011612,0.10000000149011612,0.10000000149011612,0.10000000149011612,0.10000000149011612,2.9802322387695312e-08,7.450580596923828e-09,1.4901161193847656e-08,0.05,1.5,0.4015509259807487
0,u=0.05_alpha=1.50,v07,matched_random,100,500,0.05,0.1,0.09898411482572556,0.09898411482572556,2.9801101010101005,0.09952,0.09898411482572556,0.0,0.09898411482572556,0.09898411482572556,0.09898411482572556,0.09898411482572556,0.09898411482572556,1.4901161193847656e-08,0.0,0.0,0.05,1.5,0.4015509259807487
0,u=0.05_alpha=1.50,v08,nn,100,500,0.05,0.1,0.1083335354924202,0.1083335354924202,3.208919595959598,0.10832000000000001,0.1083335354924202,0.04579487815499306,0.057348430156707764,0.061326414346697354,0.09979075193405151,0.21424058079719543,0.21424058079719543,0.04579486697912216,0.04579487815499306,0.04579506069421768,0.05,1.5,0.4015509259807487
0,u=0.05_alpha=1.50,v08,fixed_random,100,500,0.05,0.1,0.1083335354924202,0.1,3.427792525252528,0.10092000000000001,0.10000000894069672,7.450580596923828e-09,0.10000000149011612,0.10000000149011612,0.10000000149011612,0.10000000149011612,0.10000000149011612,2.9802322387695312e-08,7.450580596923828e-09,1.4901161193847656e-08,0.05,1.5,0.4015509259807487
0,u=0.05_alpha=1.50,v08,matched_random,100,500,0.05,0.1,0.1083335354924202,0.1083335354924202,3.7716676767676773,0.10944000000000001,0.10833356529474258,2.9802322387695312e-08,0.1083335354924202,0.1083335354924202,0.1083335354924202,0.1083335354924202,0.1083335354924202,1.4901161193847656e-08,2.9802322387695312e-08,0.0,0.05,1.5,0.4015509259807487
0,u=0.05_alpha=1.50,v09,nn,100,500,0.05,0.1,0.10608987510204315,0.10608987510204315,3.7854498989899,0.1066,0.10608987510204315,0.039805468171834946,0.057348430156707764,0.05734844021499157,0.09979075193405151,0.17068210244178772,0.21424058079719543,0.03980546444654465,0.039805468171834946,0.03980560228228569,0.05,1.5,0.4015509259807487
0,u=0.05_alpha=1.50,v09,fixed_random,100,500,0.05,0.1,0.10608987510204315,0.1,4.036691313131313,0.10334,0.10000000894069672,7.450580596923828e-09,0.10000000149011612,0.10000000149011612,0.10000000149011612,0.10000000149011612,0.10000000149011612,2.9802322387695312e-08,7.450580596923828e-09,1.4901161193847656e-08,0.05,1.5,0.4015509259807487
0,u=0.05_alpha=1.50,v09,matched_random,100,500,0.05,0.1,0.10608987510204315,0.10608987510204315,4.069418383838384,0.10568,0.10608985275030136,2.2351741790771484e-08,0.10608987510204315,0.10608987510204315,0.10608987510204315,0.10608987510204315,0.10608987510204315,1.4901161193847656e-08,2.2351741790771484e-08,7.450580596923828e-09,0.05,1.5,0.4015509259807487
0,u=0.05_alpha=2.00,v00,nn,100,500,0.05,0.1,0.10751088708639145,0.10751088708639145,3.43138808080808,0.1092,0.10751088708639145,0.05514513701200485,0.04741114377975464,0.05706225335598125,0.08635076880455017,0.1881822645664215,0.2688772678375244,0.05514514073729515,0.05514513701200485,0.055144939571619034,0.05,2.0,0.4015509259807487
0,u=0.05_alpha=2.00,v00,fixed_random,100,500,0.05,0.1,0.10751088708639145,0.1,3.70619919191919,0.09913999999999999,0.10000000894069672,7.450580596923828e-09,0.10000000149011612,0.10000000149011612,0.10000000149011612,0.10000000149011612,0.10000000149011612,2.9802322387695312e-08,7.450580596923828e-09,1.4901161193847656e-08,0.05,2.0,0.4015509259807487
0,u=0.05_alpha=2.00,v00,matched_random,100,500,0.05,0.1,0.10751088708639145,0.10751088708639145,3.497869494949494,0.10814,0.10751090943813324,2.2351741790771484e-08,0.10751088708639145,0.10751088708639145,0.10751088708639145,0.10751088708639145,0.10751088708639145,1.4901161193847656e-08,2.2351741790771484e-08,7.450580596923828e-09,0.05,2.0,0.4015509259807487
0,u=0.05_alpha=2.00,v01,nn,100,500,0.05,0.1,0.11540326476097107,0.11540326476097107,3.791460404040404,0.11503999999999999,0.11540326476097107,0.05763925611972809,0.04741114377975464,0.05730655789375305,0.09972119331359863,0.1932704746723175,0.2688772678375244,0.05763924866914749,0.05763925611972809,0.05763901770114899,0.05,2.0,0.4015509259807487
0,u=0.05_alpha=2.00,v01,fixed_random,100,500,0.05,0.1,0.11540326476097107,0.1,3.5939571717171708,0.10002000000000001,0.10000000894069672,7.450580596923828e-09,0.10000000149011612,0.10000000149011612,0.10000000149011612,0.10000000149011612,0.10000000149011612,2.9802322387695312e-08,7.450580596923828e-09,1.4901161193847656e-08,0.05,2.0,0.4015509259807487
0,u=0.05_alpha=2.00,v01,matched_random,100,500,0.05,0.1,0.11540326476097107,0.11540326476097107,4.0371347474747505,0.11603999999999999,0.11540327966213226,1.4901161193847656e-08,0.11540326476097107,0.11540326476097107,0.11540326476097107,0.11540326476097107,0.11540326476097107,1.4901161193847656e-08,1.4901161193847656e-08,2.2351741790771484e-08,0.05,2.0,0.4015509259807487
0,u=0.05_alpha=2.00,v02,nn,100,500,0.05,0.1,0.10720596462488174,0.10720596462488174,3.5183284848484844,0.10794000000000001,0.10720596462488174,0.05090344324707985,0.04741114377975464,0.04741114377975464,0.09323914349079132,0.175696462392807,0.2688772678375244,0.05090344324707985,0.05090344324707985,0.05090336129069328,0.05,2.0,0.4015509259807487
0,u=0.05_alpha=2.00,v02,fixed_random,100,500,0.05,0.1,0.10720596462488174,0.1,3.7424430303030305,0.10114000000000001,0.10000000894069672,7.450580596923828e-09,0.10000000149011612,0.10000000149011612,0.10000000149011612,0.10000000149011612,0.10000000149011612,2.9802322387695312e-08,7.450580596923828e-09,1.4901161193847656e-08,0.05,2.0,0.4015509259807487
0,u=0.05_alpha=2.00,v02,matched_random,100,500,0.05,0.1,0.10720596462488174,0.10720596462488174,3.80661717171717,0.10636,0.10720597952604294,1.4901161193847656e-08,0.10720596462488174,0.10720596462488174,0.10720596462488174,0.10720596462488174,0.10720596462488174,2.9802322387695312e-08,1.4901161193847656e-08,7.450580596923828e-09,0.05,2.0,0.4015509259807487
0,u=0.05_alpha=2.00,v03,nn,100,500,0.05,0.1,0.10836197435855865,0.10836197435855865,4.212312121212122,0.1096,0.10836197435855865,0.04504860192537308,0.04741114377975464,0.05674490034580537,0.09972119331359863,0.15882548689842224,0.2688772678375244,0.04504859820008278,0.04504860192537308,0.04504852369427681,0.05,2.0,0.4015509259807487
0,u=0.05_alpha=2.00,v03,fixed_random,100,500,0.05,0.1,0.10836197435855865,0.1,4.325990505050503,0.10071999999999999,0.10000000894069672,7.450580596923828e-09,0.10000000149011612,0.10000000149011612,0.10000000149011612,0.10000000149011612,0.10000000149011612,2.9802322387695312e-08,7.450580596923828e-09,1.4901161193847656e-08,0.05,2.0,0.4015509259807487
0,u=0.05_alpha=2.00,v03,matched_random,100,500,0.05,0.1,0.10836197435855865,0.10836197435855865,4.208571717171718,0.10928,0.10836197435855865,0.0,0.10836197435855865,0.10836197435855865,0.10836197435855865,0.10836197435855865,0.10836197435855865,7.450580596923828e-09,0.0,2.2351741790771484e-08,0.05,2.0,0.4015509259807487
0,u=0.05_alpha=2.00,v04,nn,100,500,0.05,0.1,0.10123472660779953,0.10123472660779953,3.902726464646465,0.1007,0.10123472660779953,0.05149349942803383,0.047411128878593445,0.04741114377975464,0.08837336301803589,0.16871201694010557,0.2688772678375244,0.05149349942803383,0.05149349942803383,0.051493316888809204,0.05,2.0,0.4015509259807487
0,u=0.05_alpha=2.00,v04,fixed_random,100,500,0.05,0.1,0.10123472660779953,0.1,4.631628484848484,0.10012,0.10000000894069672,7.450580596923828e-09,0.10000000149011612,0.10000000149011612,0.10000000149011612,0.10000000149011612,0.10000000149011612,2.9802322387695312e-08,7.450580596923828e-09,1.4901161193847656e-08,0.05,2.0,0.4015509259807487
0,u=0.05_alpha=2.00,v04,matched_random,100,500,0.05,0.1,0.10123472660779953,0.10123472660779953,4.380098585858587,0.10128,0.10123469680547714,2.9802322387695312e-08,0.10123472660779953,0.10123472660779953,0.10123472660779953,0.10123472660779953,0.10123472660779953,2.2351741790771484e-08,2.9802322387695312e-08,0.0,0.05,2.0,0.4015509259807487
0,u=0.05_alpha=2.00,v05,nn,100,500,0.05,0.1,0.10797831416130066,0.10797831416130066,5.147053535353534,0.1082,0.10797831416130066,0.059849467128515244,0.04741114377975464,0.04741114377975464,0.09246461093425751,0.17898227870459543,0.2688772678375244,0.05984947830438614,0.059849467128515244,0.05984935909509659,0.05,2.0,0.4015509259807487
0,u=0.05_alpha=2.00,v05,fixed_random,100,500,0.05,0.1,0.10797831416130066,0.1,5.658770101010095,0.09936,0.10000000894069672,7.450580596923828e-09,0.10000000149011612,0.10000000149011612,0.10000000149011612,0.10000000149011612,0.10000000149011612,2.9802322387695312e-08,7.450580596923828e-09,1.4901161193847656e-08,0.05,2.0,0.4015509259807487
0,u=0.05_alpha=2.00,v05,matched_random,100,500,0.05,0.1,0.10797831416130066,0.10797831416130066,5.503362222222221,0.11096,0.10797832906246185,1.4901161193847656e-08,0.10797831416130066,0.10797831416130066,0.10797831416130066,0.10797831416130066,0.10797831416130066,0.0,1.4901161193847656e-08,0.0,0.05,2.0,0.4015509259807487
0,u=0.05_alpha=2.00,v06,nn,100,500,0.05,0.1,0.10703510791063309,0.10703510791063309,3.519324848484849,0.10352,0.10703510791063309,0.05455709248781204,0.047411128878593445,0.04741114377975464,0.09419265389442444,0.175696462392807,0.2688772678375244,0.05455709248781204,0.05455709248781204,0.054556954652071,0.05,2.0,0.4015509259807487
0,u=0.05_alpha=2.00,v06,fixed_random,100,500,0.05,0.1,0.10703510791063309,0.1,3.578010303030303,0.09853999999999999,0.10000000894069672,7.450580596923828e-09,0.10000000149011612,0.10000000149011612,0.10000000149011612,0.10000000149011612,0.10000000149011612,2.9802322387695312e-08,7.450580596923828e-09,1.4901161193847656e-08,0.05,2.0,0.4015509259807487
0,u=0.05_alpha=2.00,v06,matched_random,100,500,0.05,0.1,0.10703510791063309,0.10703510791063309,3.902306666666667,0.10686,0.10703513771295547,2.9802322387695312e-08,0.10703510791063309,0.10703510791063309,0.10703510791063309,0.10703510791063309,0.10703510791063309,7.450580596923828e-09,2.9802322387695312e-08,7.450580596923828e-09,0.05,2.0,0.4015509259807487
0,u=0.05_alpha=2.00,v07,nn,100,500,0.05,0.1,0.10036370903253555,0.10036370903253555,3.0148357575757583,0.10042,0.10036370903253555,0.042853571474552155,0.047411128878593445,0.05278926789760916,0.0922856330871582,0.15365612506866455,0.2688772678375244,0.042853571474552155,0.042853571474552155,0.04285341501235962,0.05,2.0,0.4015509259807487
0,u=0.05_alpha=2.00,v07,fixed_random,100,500,0.05,0.1,0.10036370903253555,0.1,3.0749262626262595,0.10006,0.10000000894069672,7.450580596923828e-09,0.10000000149011612,0.10000000149011612,0.10000000149011612,0.10000000149011612,0.10000000149011612,2.9802322387695312e-08,7.450580596923828e-09,1.4901161193847656e-08,0.05,2.0,0.4015509259807487
0,u=0.05_alpha=2.00,v07,matched_random,100,500,0.05,0.1,0.10036370903253555,0.10036370903253555,2.9711167676767682,0.1008,0.10036372393369675,1.4901161193847656e-08,0.10036370903253555,0.10036370903253555,0.10036370903253555,0.10036370903253555,0.10036370903253555,1.4901161193847656e-08,1.4901161193847656e-08,0.0,0.05,2.0,0.4015509259807487
0,u=0.05_alpha=2.00,v08,nn,100,500,0.05,0.1,0.11435935646295547,0.11435935646295547,3.446554141414137,0.11460000000000001,0.11435935646295547,0.06508252769708633,0.04741114377975464,0.05189944505691801,0.09972118586301804,0.2688772678375244,0.2688772678375244,0.06508253514766693,0.06508252769708633,0.06508231908082962,0.05,2.0,0.4015509259807487
0,u=0.05_alpha=2.00,v08,fixed_random,100,500,0.05,0.1,0.11435935646295547,0.1,3.427792525252528,0.10092000000000001,0.10000000894069672,7.450580596923828e-09,0.10000000149011612,0.10000000149011612,0.10000000149011612,0.10000000149011612,0.10000000149011612,2.9802322387695312e-08,7.450580596923828e-09,1.4901161193847656e-08,0.05,2.0,0.4015509259807487
0,u=0.05_alpha=2.00,v08,matched_random,100,500,0.05,0.1,0.11435935646295547,0.11435935646295547,3.9171713131313153,0.11526,0.11435936391353607,7.450580596923828e-09,0.11435935646295547,0.11435935646295547,0.11435935646295547,0.11435935646295547,0.11435935646295547,7.450580596923828e-09,7.450580596923828e-09,7.450580596923828e-09,0.05,2.0,0.4015509259807487
0,u=0.05_alpha=2.00,v09,nn,100,500,0.05,0.1,0.11070046573877335,0.11070046573877335,3.617812323232324,0.11077999999999999,0.11070046573877335,0.05589836835861206,0.047411128878593445,0.04741114377975464,0.09972119331359863,0.2017606496810913,0.2688772678375244,0.05589836835861206,0.05589836835861206,0.05589815601706505,0.05,2.0,0.4015509259807487
0,u=0.05_alpha=2.00,v09,fixed_random,100,500,0.05,0.1,0.11070046573877335,0.1,4.036691313131313,0.10334,0.10000000894069672,7.450580596923828e-09,0.10000000149011612,0.10000000149011612,0.10000000149011612,0.10000000149011612,0.10000000149011612,2.9802322387695312e-08,7.450580596923828e-09,1.4901161193847656e-08,0.05,2.0,0.4015509259807487
0,u=0.05_alpha=2.00,v09,matched_random,100,500,0.05,0.1,0.11070046573877335,0.11070046573877335,4.207586262626263,0.1103,0.11070048063993454,1.4901161193847656e-08,0.11070046573877335,0.11070046573877335,0.11070046573877335,0.11070046573877335,0.11070046573877335,1.4901161193847656e-08,1.4901161193847656e-08,7.450580596923828e-09,0.05,2.0,0.4015509259807487
0,u=0.05_alpha=3.00,v00,nn,100,500,0.05,0.1,0.11861658096313477,0.11861658096313477,3.9720103030303004,0.11952,0.11861658096313477,0.09115996211767197,0.03223681449890137,0.04275367259979399,0.08019372820854187,0.25083106756210327,0.40086138248443604,0.09115993976593018,0.09115996211767197,0.09116005152463913,0.05,3.0,0.4015509259807487
0,u=0.05_alpha=3.00,v00,fixed_random,100,500,0.05,0.1,0.11861658096313477,0.1,3.70619919191919,0.09913999999999999,0.10000000894069672,7.450580596923828e-09,0.10000000149011612,0.10000000149011612,0.10000000149011612,0.10000000149011612,0.10000000149011612,2.9802322387695312e-08,7.450580596923828e-09,1.4901161193847656e-08,0.05,3.0,0.4015509259807487
0,u=0.05_alpha=3.00,v00,matched_random,100,500,0.05,0.1,0.11861658096313477,0.11861658096313477,3.6530094949494956,0.11852,0.11861658096313477,0.0,0.11861658096313477,0.11861658096313477,0.11861658096313477,0.11861658096313477,0.11861658096313477,2.2351741790771484e-08,0.0,0.0,0.05,3.0,0.4015509259807487
0,u=0.05_alpha=3.00,v01,nn,100,500,0.05,0.1,0.13126790523529053,0.13126790523529053,4.176278383838385,0.13072,0.13126790523529053,0.09579962491989136,0.03223681449890137,0.04302990436553955,0.09958202391862869,0.2602374851703644,0.40086138248443604,0.09579961001873016,0.09579962491989136,0.0957997590303421,0.05,3.0,0.4015509259807487
0,u=0.05_alpha=3.00,v01,fixed_random,100,500,0.05,0.1,0.13126790523529053,0.1,3.5939571717171708,0.10002000000000001,0.10000000894069672,7.450580596923828e-09,0.10000000149011612,0.10000000149011612,0.10000000149011612,0.10000000149011612,0.10000000149011612,2.9802322387695312e-08,7.450580596923828e-09,1.4901161193847656e-08,0.05,3.0,0.4015509259807487
0,u=0.05_alpha=3.00,v01,matched_random,100,500,0.05,0.1,0.13126790523529053,0.13126790523529053,4.120650303030302,0.13228,0.13126790523529053,0.0,0.13126790523529053,0.13126790523529053,0.13126790523529053,0.13126790523529053,0.13126790523529053,1.4901161193847656e-08,0.0,2.9802322387695312e-08,0.05,3.0,0.4015509259807487
0,u=0.05_alpha=3.00,v02,nn,100,500,0.05,0.1,0.11792860180139542,0.11792860180139542,3.8862666666666676,0.11768,0.11792860180139542,0.08148306608200073,0.03223681449890137,0.03223681449890137,0.09001807868480682,0.22792604565620422,0.40086138248443604,0.08148305863142014,0.08148306608200073,0.08148307353258133,0.05,3.0,0.4015509259807487
0,u=0.05_alpha=3.00,v02,fixed_random,100,500,0.05,0.1,0.11792860180139542,0.1,3.7424430303030305,0.10114000000000001,0.10000000894069672,7.450580596923828e-09,0.10000000149011612,0.10000000149011612,0.10000000149011612,0.10000000149011612,0.10000000149011612,2.9802322387695312e-08,7.450580596923828e-09,1.4901161193847656e-08,0.05,3.0,0.4015509259807487
0,u=0.05_alpha=3.00,v02,matched_random,100,500,0.05,0.1,0.11792860180139542,0.11792860180139542,4.080271111111111,0.1175,0.11792861670255661,1.4901161193847656e-08,0.11792860180139542,0.11792860180139542,0.11792860180139542,0.11792860180139542,0.11792860180139542,7.450580596923828e-09,1.4901161193847656e-08,1.4901161193847656e-08,0.05,3.0,0.4015509259807487
0,u=0.05_alpha=3.00,v03,nn,100,500,0.05,0.1,0.11823663115501404,0.11823663115501404,4.598734343434345,0.11907999999999999,0.11823663115501404,0.0717838704586029,0.03223681449890137,0.0424042582511936,0.0995820164680481,0.19751840829849243,0.40086138248443604,0.0717838853597641,0.0717838704586029,0.07178398966789246,0.05,3.0,0.4015509259807487
0,u=0.05_alpha=3.00,v03,fixed_random,100,500,0.05,0.1,0.11823663115501404,0.1,4.325990505050503,0.10071999999999999,0.10000000894069672,7.450580596923828e-09,0.10000000149011612,0.10000000149011612,0.10000000149011612,0.10000000149011612,0.10000000149011612,2.9802322387695312e-08,7.450580596923828e-09,1.4901161193847656e-08,0.05,3.0,0.4015509259807487
0,u=0.05_alpha=3.00,v03,matched_random,100,500,0.05,0.1,0.11823663115501404,0.11823663115501404,4.420944040404039,0.11926,0.11823665350675583,2.2351741790771484e-08,0.11823663115501404,0.11823663115501404,0.11823663115501404,0.11823663115501404,0.11823663115501404,1.4901161193847656e-08,2.2351741790771484e-08,0.0,0.05,3.0,0.4015509259807487
0,u=0.05_alpha=3.00,v04,nn,100,500,0.05,0.1,0.10868390649557114,0.10868390649557114,4.27732424242424,0.1079,0.10868390649557114,0.08353225886821747,0.03223681449890137,0.03223681449890137,0.08302965760231018,0.2152569264173303,0.40086138248443604,0.08353225886821747,0.08353225886821747,0.08353237062692642,0.05,3.0,0.4015509259807487
0,u=0.05_alpha=3.00,v04,fixed_random,100,500,0.05,0.1,0.10868390649557114,0.1,4.631628484848484,0.10012,0.10000000894069672,7.450580596923828e-09,0.10000000149011612,0.10000000149011612,0.10000000149011612,0.10000000149011612,0.10000000149011612,2.9802322387695312e-08,7.450580596923828e-09,1.4901161193847656e-08,0.05,3.0,0.4015509259807487
0,u=0.05_alpha=3.00,v04,matched_random,100,500,0.05,0.1,0.10868390649557114,0.10868390649557114,4.51727898989899,0.1085,0.10868392884731293,2.2351741790771484e-08,0.10868390649557114,0.10868390649557114,0.10868390649557114,0.10868390649557114,0.10868390649557114,1.4901161193847656e-08,2.2351741790771484e-08,1.4901161193847656e-08,0.05,3.0,0.4015509259807487
0,u=0.05_alpha=3.00,v05,nn,100,500,0.05,0.1,0.12047524750232697,0.12047524750232697,5.41116242424242,0.12104,0.12047524750232697,0.09891891479492188,0.03223681449890137,0.03223681449890137,0.08890208601951599,0.23399992883196574,0.40086138248443604,0.09891891479492188,0.09891891479492188,0.09891915321350098,0.05,3.0,0.4015509259807487
0,u=0.05_alpha=3.00,v05,fixed_random,100,500,0.05,0.1,0.12047524750232697,0.1,5.658770101010095,0.09936,0.10000000894069672,7.450580596923828e-09,0.10000000149011612,0.10000000149011612,0.10000000149011612,0.10000000149011612,0.10000000149011612,2.9802322387695312e-08,7.450580596923828e-09,1.4901161193847656e-08,0.05,3.0,0.4015509259807487
0,u=0.05_alpha=3.00,v05,matched_random,100,500,0.05,0.1,0.12047524750232697,0.12047524750232697,6.222913939393936,0.12406,0.12047526985406876,2.2351741790771484e-08,0.12047524750232697,0.12047524750232697,0.12047524750232697,0.12047524750232697,0.12047524750232697,1.4901161193847656e-08,2.2351741790771484e-08,0.0,0.05,3.0,0.4015509259807487
0,u=0.05_alpha=3.00,v06,nn,100,500,0.05,0.1,0.11772692203521729,0.11772692203521729,4.031729494949493,0.11513999999999999,0.11772692203521729,0.08988538384437561,0.03223681449890137,0.03223681449890137,0.09140375256538391,0.22792604565620422,0.40086138248443604,0.08988537639379501,0.08988538384437561,0.08988555520772934,0.05,3.0,0.4015509259807487
0,u=0.05_alpha=3.00,v06,fixed_random,100,500,0.05,0.1,0.11772692203521729,0.1,3.578010303030303,0.09853999999999999,0.10000000894069672,7.450580596923828e-09,0.10000000149011612,0.10000000149011612,0.10000000149011612,0.10000000149011612,0.10000000149011612,2.9802322387695312e-08,7.450580596923828e-09,1.4901161193847656e-08,0.05,3.0,0.4015509259807487
0,u=0.05_alpha=3.00,v06,matched_random,100,500,0.05,0.1,0.11772692203521729,0.11772692203521729,4.261548686868685,0.11744,0.11772692203521729,0.0,0.11772692203521729,0.11772692203521729,0.11772692203521729,0.11772692203521729,0.11772692203521729,1.4901161193847656e-08,0.0,1.4901161193847656e-08,0.05,3.0,0.4015509259807487
0,u=0.05_alpha=3.00,v07,nn,100,500,0.05,0.1,0.10546526312828064,0.10546526312828064,3.168420000000001,0.10647999999999999,0.10546526312828064,0.06905806809663773,0.03223681449890137,0.037989082932475715,0.08863240480422974,0.18836015462875366,0.40086138248443604,0.06905806809663773,0.06905806809663773,0.06905805319547653,0.05,3.0,0.4015509259807487
0,u=0.05_alpha=3.00,v07,fixed_random,100,500,0.05,0.1,0.10546526312828064,0.1,3.0749262626262595,0.10006,0.10000000894069672,7.450580596923828e-09,0.10000000149011612,0.10000000149011612,0.10000000149011612,0.10000000149011612,0.10000000149011612,2.9802322387695312e-08,7.450580596923828e-09,1.4901161193847656e-08,0.05,3.0,0.4015509259807487
0,u=0.05_alpha=3.00,v07,matched_random,100,500,0.05,0.1,0.10546526312828064,0.10546526312828064,3.0075252525252507,0.10587999999999999,0.10546528548002243,2.2351741790771484e-08,0.10546526312828064,0.10546526312828064,0.10546526312828064,0.10546526312828064,0.10546526312828064,7.450580596923828e-09,2.2351741790771484e-08,0.0,0.05,3.0,0.4015509259807487
0,u=0.05_alpha=3.00,v08,nn,100,500,0.05,0.1,0.1308365762233734,0.1308365762233734,4.008611717171714,0.13196,0.1308365762233734,0.10995184630155563,0.03223681449890137,0.03701307773590378,0.0995820164680481,0.40086138248443604,0.40086138248443604,0.10995185375213623,0.10995184630155563,0.10995211452245712,0.05,3.0,0.4015509259807487
0,u=0.05_alpha=3.00,v08,fixed_random,100,500,0.05,0.1,0.1308365762233734,0.1,3.427792525252528,0.10092000000000001,0.10000000894069672,7.450580596923828e-09,0.10000000149011612,0.10000000149011612,0.10000000149011612,0.10000000149011612,0.10000000149011612,2.9802322387695312e-08,7.450580596923828e-09,1.4901161193847656e-08,0.05,3.0,0.4015509259807487
0,u=0.05_alpha=3.00,v08,matched_random,100,500,0.05,0.1,0.1308365762233734,0.1308365762233734,4.20517292929293,0.13162000000000001,0.1308365911245346,1.4901161193847656e-08,0.1308365762233734,0.1308365762233734,0.1308365762233734,0.1308365762233734,0.1308365762233734,1.4901161193847656e-08,1.4901161193847656e-08,0.0,0.05,3.0,0.4015509259807487
0,u=0.05_alpha=3.00,v09,nn,100,500,0.05,0.1,0.12345673143863678,0.12345673143863678,4.587570505050506,0.12342,0.12345673143863678,0.0929521694779396,0.03223681449890137,0.03223684132099152,0.0995820164680481,0.2760026454925537,0.40086138248443604,0.09295214712619781,0.0929521694779396,0.09295226633548737,0.05,3.0,0.4015509259807487
0,u=0.05_alpha=3.00,v09,fixed_random,100,500,0.05,0.1,0.12345673143863678,0.1,4.036691313131313,0.10334,0.10000000894069672,7.450580596923828e-09,0.10000000149011612,0.10000000149011612,0.10000000149011612,0.10000000149011612,0.10000000149011612,2.9802322387695312e-08,7.450580596923828e-09,1.4901161193847656e-08,0.05,3.0,0.4015509259807487
0,u=0.05_alpha=3.00,v09,matched_random,100,500,0.05,0.1,0.12345673143863678,0.12345673143863678,4.425917373737371,0.12344,0.12345673143863678,0.0,0.12345673143863678,0.12345673143863678,0.12345673143863678,0.12345673143863678,0.12345673143863678,7.450580596923828e-09,0.0,1.4901161193847656e-08,0.05,3.0,0.4015509259807487
0,u=0.10_alpha=0.10,v00,nn,100,500,0.1,0.1,0.09989587962627411,0.09989587962627411,6.901093333333329,0.10142,0.09989587962627411,0.0023574407678097486,0.09644359350204468,0.09729833304882061,0.09927307069301605,0.10335811972618103,0.1055164560675621,0.0023574407678097486,0.0023574407678097486,0.0023574873339384794,0.1,0.1,0.4015509259807487
0,u=0.10_alpha=0.10,v00,fixed_random,100,500,0.1,0.1,0.09989587962627411,0.1,7.512800808080807,0.09913999999999999,0.10000000894069672,7.450580596923828e-09,0.10000000149011612,0.10000000149011612,0.10000000149011612,0.10000000149011612,0.10000000149011612,2.9802322387695312e-08,7.450580596923828e-09,1.4901161193847656e-08,0.1,0.1,0.4015509259807487
0,u=0.10_alpha=0.10,v00,matched_random,100,500,0.1,0.1,0.09989587962627411,0.09989587962627411,7.102589292929298,0.10132,0.09989587962627411,0.0,0.09989587962627411,0.09989587962627411,0.09989587962627411,0.09989587962627411,0.09989587962627411,1.4901161193847656e-08,0.0,7.450580596923828e-09,0.1,0.1,0.4015509259807487
0,u=0.10_alpha=0.10,v01,nn,100,500,0.1,0.1,0.10024704039096832,0.10024704039096832,6.837764242424252,0.09922,0.10024704039096832,0.0024337677750736475,0.09644359350204468,0.09731858968734741,0.09998603165149689,0.10351097583770752,0.10551643371582031,0.0024337677750736475,0.0024337677750736475,0.0024338120128959417,0.1,0.1,0.4015509259807487
0,u=0.10_alpha=0.10,v01,fixed_random,100,500,0.1,0.1,0.10024704039096832,0.1,7.054117373737374,0.10002000000000001,0.10000000894069672,7.450580596923828e-09,0.10000000149011612,0.10000000149011612,0.10000000149011612,0.10000000149011612,0.10000000149011612,2.9802322387695312e-08,7.450580596923828e-09,1.4901161193847656e-08,0.1,0.1,0.4015509259807487
0,u=0.10_alpha=0.10,v01,matched_random,100,500,0.1,0.1,0.10024704039096832,0.10024704039096832,7.06781919191919,0.10076,0.10024703294038773,7.450580596923828e-09,0.10024704039096832,0.10024704039096832,0.10024704039096832,0.10024704039096832,0.10024704039096832,7.450580596923828e-09,7.450580596923828e-09,7.450580596923828e-09,0.1,0.1,0.4015509259807487
0,u=0.10_alpha=0.10,v02,nn,100,500,0.1,0.1,0.09989175945520401,0.09989175945520401,6.991405252525247,0.10108,0.09989175945520401,0.0023584049195051193,0.09644359350204468,0.09644359350204468,0.09965160489082336,0.10296991467475891,0.10551643371582031,0.0023584049195051193,0.0023584049195051193,0.002358530182391405,0.1,0.1,0.4015509259807487
0,u=0.10_alpha=0.10,v02,fixed_random,100,500,0.1,0.1,0.09989175945520401,0.1,7.478373131313127,0.10114000000000001,0.10000000894069672,7.450580596923828e-09,0.10000000149011612,0.10000000149011612,0.10000000149011612,0.10000000149011612,0.10000000149011612,2.9802322387695312e-08,7.450580596923828e-09,1.4901161193847656e-08,0.1,0.1,0.4015509259807487
0,u=0.10_alpha=0.10,v02,matched_random,100,500,0.1,0.1,0.09989175945520401,0.09989175945520401,7.537615757575749,0.09968,0.0998917669057846,7.450580596923828e-09,0.09989175945520401,0.09989175945520401,0.09989175945520401,0.09989175945520401,0.09989175945520401,7.450580596923828e-09,7.450580596923828e-09,0.0,0.1,0.1,0.4015509259807487
0,u=0.10_alpha=0.10,v03,nn,100,500,0.1,0.1,0.10004308819770813,0.10004308819770813,7.6191066666666725,0.10122,0.10004308819770813,0.0021120968740433455,0.09644359350204468,0.09727077484130886,0.0999860167503357,0.10241147875785828,0.10551643371582031,0.0021120968740433455,0.0021120968740433455,0.002112177899107337,0.1,0.1,0.4015509259807487
0,u=0.10_alpha=0.10,v03,fixed_random,100,500,0.1,0.1,0.10004308819770813,0.1,8.455696969696971,0.10071999999999999,0.10000000894069672,7.450580596923828e-09,0.10000000149011612,0.10000000149011612,0.10000000149011612,0.10000000149011612,0.10000000149011612,2.9802322387695312e-08,7.450580596923828e-09,1.4901161193847656e-08,0.1,0.1,0.4015509259807487
0,u=0.10_alpha=0.10,v03,matched_random,100,500,0.1,0.1,0.10004308819770813,0.10004308819770813,7.9865004040404095,0.10058,0.10004306584596634,2.2351741790771484e-08,0.10004308819770813,0.10004308819770813,0.10004308819770813,0.10004308819770813,0.10004308819770813,7.450580596923828e-09,2.2351741790771484e-08,1.4901161193847656e-08,0.1,0.1,0.4015509259807487
0,u=0.10_alpha=0.10,v04,nn,100,500,0.1,0.1,0.09959597885608673,0.09959597885608673,9.02681494949494,0.09880000000000001,0.09959597885608673,0.0023324103094637394,0.09644359350204468,0.09644359350204468,0.09938770532608032,0.10274348258972131,0.1055164560675621,0.0023324103094637394,0.0023324103094637394,0.0023324834182858467,0.1,0.1,0.4015509259807487
0,u=0.10_alpha=0.10,v04,fixed_random,100,500,0.1,0.1,0.09959597885608673,0.1,9.181216565656557,0.10012,0.10000000894069672,7.450580596923828e-09,0.10000000149011612,0.10000000149011612,0.10000000149011612,0.10000000149011612,0.10000000149011612,2.9802322387695312e-08,7.450580596923828e-09,1.4901161193847656e-08,0.1,0.1,0.4015509259807487
0,u=0.10_alpha=0.10,v04,matched_random,100,500,0.1,0.1,0.09959597885608673,0.09959597885608673,8.74920686868687,0.09954,0.09959598630666733,7.450580596923828e-09,0.09959597885608673,0.09959597885608673,0.09959597885608673,0.09959597885608673,0.09959597885608673,0.0,7.450580596923828e-09,2.2351741790771484e-08,0.1,0.1,0.4015509259807487
0,u=0.10_alpha=0.10,v05,nn,100,500,0.1,0.1,0.09982825070619583,0.09982825070619583,11.819010101010111,0.09992000000000001,0.09982825070619583,0.002585794311016798,0.09644359350204468,0.09644359350204468,0.0996098518371582,0.10306829214095926,0.10551643371582031,0.002585794311016798,0.002585794311016798,0.002585784299299121,0.1,0.1,0.4015509259807487
0,u=0.10_alpha=0.10,v05,fixed_random,100,500,0.1,0.1,0.09982825070619583,0.1,11.128464040404056,0.09936,0.10000000894069672,7.450580596923828e-09,0.10000000149011612,0.10000000149011612,0.10000000149011612,0.10000000149011612,0.10000000149011612,2.9802322387695312e-08,7.450580596923828e-09,1.4901161193847656e-08,0.1,0.1,0.4015509259807487
0,u=0.10_alpha=0.10,v05,matched_random,100,500,0.1,0.1,0.09982825070619583,0.09982825070619583,11.204939797979792,0.10266,0.09982825070619583,0.0,0.09982825070619583,0.09982825070619583,0.09982825070619583,0.09982825070619583,0.09982825070619583,2.2351741790771484e-08,0.0,1.4901161193847656e-08,0.1,0.1,0.4015509259807487
0,u=0.10_alpha=0.10,v06,nn,100,500,0.1,0.1,0.09987112134695053,0.09987112134695053,6.928354343434343,0.09694000000000001,0.09987112134695053,0.002375707495957613,0.09644359350204468,0.09644359350204468,0.09970217943191528,0.10296991467475891,0.10551643371582031,0.0023757072631269693,0.002375707495957613,0.0023756877053529024,0.1,0.1,0.4015509259807487
0,u=0.10_alpha=0.10,v06,fixed_random,100,500,0.1,0.1,0.09987112134695053,0.1,7.162896969696965,0.09853999999999999,0.10000000894069672,7.450580596923828e-09,0.10000000149011612,0.10000000149011612,0.10000000149011612,0.10000000149011612,0.10000000149011612,2.9802322387695312e-08,7.450580596923828e-09,1.4901161193847656e-08,0.1,0.1,0.4015509259807487
0,u=0.10_alpha=0.10,v06,matched_random,100,500,0.1,0.1,0.09987112134695053,0.09987112134695053,7.5582096969696915,0.1002,0.09987113624811172,1.4901161193847656e-08,0.09987112134695053,0.09987112134695053,0.09987112134695053,0.09987112134695053,0.09987112134695053,2.2351741790771484e-08,1.4901161193847656e-08,1.4901161193847656e-08,0.1,0.1,0.4015509259807487
0,u=0.10_alpha=0.10,v07,nn,100,500,0.1,0.1,0.09968528151512146,0.09968528151512146,6.300783030303032,0.10024,0.09968528151512146,0.001977767562493682,0.09644359350204468,0.0969350054860118,0.09960103034973145,0.10223132371902466,0.10551643371582031,0.0019777677953243256,0.001977767562493682,0.0019777612760663033,0.1,0.1,0.4015509259807487
0,u=0.10_alpha=0.10,v07,fixed_random,100,500,0.1,0.1,0.09968528151512146,0.1,6.2116351515151536,0.10006,0.10000000894069672,7.450580596923828e-09,0.10000000149011612,0.10000000149011612,0.10000000149011612,0.10000000149011612,0.10000000149011612,2.9802322387695312e-08,7.450580596923828e-09,1.4901161193847656e-08,0.1,0.1,0.4015509259807487
0,u=0.10_alpha=0.10,v07,matched_random,100,500,0.1,0.1,0.09968528151512146,0.09968528151512146,5.97292363636363,0.10002000000000001,0.09968530386686325,2.2351741790771484e-08,0.09968528151512146,0.09968528151512146,0.09968528151512146,0.09968528151512146,0.09968528151512146,2.2351741790771484e-08,2.2351741790771484e-08,7.450580596923828e-09,0.1,0.1,0.4015509259807487
0,u=0.10_alpha=0.10,v08,nn,100,500,0.1,0.1,0.10011330991983414,0.10011330991983414,6.824684444444442,0.09952,0.10011330991983414,0.002616188023239374,0.09644359350204468,0.09685724377632167,0.0999860167503357,0.10551643371582031,0.10551643371582031,0.002616188023239374,0.002616188023239374,0.0026161030400544405,0.1,0.1,0.4015509259807487
0,u=0.10_alpha=0.10,v08,fixed_random,100,500,0.1,0.1,0.10011330991983414,0.1,6.8184549494949405,0.10092000000000001,0.10000000894069672,7.450580596923828e-09,0.10000000149011612,0.10000000149011612,0.10000000149011612,0.10000000149011612,0.10000000149011612,2.9802322387695312e-08,7.450580596923828e-09,1.4901161193847656e-08,0.1,0.1,0.4015509259807487
0,u=0.10_alpha=0.10,v08,matched_random,100,500,0.1,0.1,0.10011330991983414,0.10011330991983414,7.015291919191925,0.10082,0.10011328756809235,2.2351741790771484e-08,0.10011330991983414,0.10011330991983414,0.10011330991983414,0.10011330991983414,0.10011330991983414,1.4901161193847656e-08,2.2351741790771484e-08,0.0,0.1,0.1,0.4015509259807487
0,u=0.10_alpha=0.10,v09,nn,100,500,0.1,0.1,0.10004765540361404,0.10004765540361404,7.614794343434343,0.10022,0.10004765540361404,0.002377781318500638,0.09644359350204468,0.0964436337351799,0.0999860167503357,0.10375982522964478,0.10551643371582031,0.002377781318500638,0.002377781318500638,0.0023777915630489588,0.1,0.1,0.4015509259807487
0,u=0.10_alpha=0.10,v09,fixed_random,100,500,0.1,0.1,0.10004765540361404,0.1,8.040209696969692,0.10334,0.10000000894069672,7.450580596923828e-09,0.10000000149011612,0.10000000149011612,0.10000000149011612,0.10000000149011612,0.10000000149011612,2.9802322387695312e-08,7.450580596923828e-09,1.4901161193847656e-08,0.1,0.1,0.4015509259807487
0,u=0.10_alpha=0.10,v09,matched_random,100,500,0.1,0.1,0.10004765540361404,0.10004765540361404,8.01636808080808,0.09958,0.10004768520593643,2.9802322387695312e-08,0.10004765540361404,0.10004765540361404,0.10004765540361404,0.10004765540361404,0.10004765540361404,2.9802322387695312e-08,2.9802322387695312e-08,0.0,0.1,0.1,0.4015509259807487
0,u=0.10_alpha=0.20,v00,nn,100,500,0.1,0.1,0.09984111040830612,0.09984111040830612,6.898268888888884,0.10167999999999999,0.09984111040830612,0.004741119686514139,0.09300068020820618,0.09466200172901175,0.0985509604215622,0.1068156361579895,0.11129957437515259,0.0047411201521754265,0.004741119686514139,0.004741160664707422,0.1,0.2,0.4015509259807487
0,u=0.10_alpha=0.20,v00,fixed_random,100,500,0.1,0.1,0.09984111040830612,0.1,7.512800808080807,0.09913999999999999,0.10000000894069672,7.450580596923828e-09,0.10000000149011612,0.10000000149011612,0.10000000149011612,0.10000000149011612,0.10000000149011612,2.9802322387695312e-08,7.450580596923828e-09,1.4901161193847656e-08,0.1,0.2,0.4015509259807487
0,u=0.10_alpha=0.20,v00,matched_random,100,500,0.1,0.1,0.09984111040830612,0.09984111040830612,7.100938383838386,0.10128,0.09984110295772552,7.450580596923828e-09,0.09984111040830612,0.09984111040830612,0.09984111040830612,0.09984111040830612,0.09984111040830612,0.0,7.450580596923828e-09,0.0,0.1,0.2,0.4015509259807487
0,u=0.10_alpha=0.20,v01,nn,100,500,0.1,0.1,0.10054706037044525,0.10054706037044525,6.783424848484851,0.09956,0.10054706037044525,0.00489772018045187,0.09300068020820618,0.09470149874687195,0.09997207671403885,0.10713061690330505,0.1112995445728302,0.00489772018045187,0.00489772018045187,0.004897784441709518,0.1,0.2,0.4015509259807487
0,u=0.10_alpha=0.20,v01,fixed_random,100,500,0.1,0.1,0.10054706037044525,0.1,7.054117373737374,0.10002000000000001,0.10000000894069672,7.450580596923828e-09,0.10000000149011612,0.10000000149011612,0.10000000149011612,0.10000000149011612,0.10000000149011612,2.9802322387695312e-08,7.450580596923828e-09,1.4901161193847656e-08,0.1,0.2,0.4015509259807487
0,u=0.10_alpha=0.20,v01,matched_random,100,500,0.1,0.1,0.10054706037044525,0.10054706037044525,7.069927272727272,0.10096,0.10054706782102585,7.450580596923828e-09,0.10054706037044525,0.10054706037044525,0.10054706037044525,0.10054706037044525,0.10054706037044525,7.450580596923828e-09,7.450580596923828e-09,2.2351741790771484e-08,0.1,0.2,0.4015509259807487
0,u=0.10_alpha=0.20,v02,nn,100,500,0.1,0.1,0.09983303397893906,0.09983303397893906,6.89108646464646,0.10116,0.09983303397893906,0.004723715130239725,0.09300068020820618,0.09300068020820618,0.09930434823036194,0.10601767897605896,0.1112995445728302,0.004723715130239725,0.004723715130239725,0.004723700694739819,0.1,0.2,0.4015509259807487
0,u=0.10_alpha=0.20,v02,fixed_random,100,500,0.1,0.1,0.09983303397893906,0.1,7.478373131313127,0.10114000000000001,0.10000000894069672,7.450580596923828e-09,0.10000000149011612,0.10000000149011612,0.10000000149011612,0.10000000149011612,0.10000000149011612,2.9802322387695312e-08,7.450580596923828e-09,1.4901161193847656e-08,0.1,0.2,0.4015509259807487
0,u=0.10_alpha=0.20,v02,matched_random,100,500,0.1,0.1,0.09983303397893906,0.09983303397893906,7.537247878787875,0.09962,0.09983301907777786,1.4901161193847656e-08,0.09983303397893906,0.09983303397893906,0.09983303397893906,0.09983303397893906,0.09983303397893906,7.450580596923828e-09,1.4901161193847656e-08,0.0,0.1,0.2,0.4015509259807487
0,u=0.10_alpha=0.20,v03,nn,100,500,0.1,0.1,0.10012581944465637,0.10012581944465637,7.713823636363641,0.10118,0.10012581944465637,0.004227227997034788,0.09300068020820618,0.09460838437080435,0.09997206926345825,0.10487431287765503,0.1112995445728302,0.004227227531373501,0.004227227997034788,0.004227267578244209,0.1,0.2,0.4015509259807487
0,u=0.10_alpha=0.20,v03,fixed_random,100,500,0.1,0.1,0.10012581944465637,0.1,8.455696969696971,0.10071999999999999,0.10000000894069672,7.450580596923828e-09,0.10000000149011612,0.10000000149011612,0.10000000149011612,0.10000000149011612,0.10000000149011612,2.9802322387695312e-08,7.450580596923828e-09,1.4901161193847656e-08,0.1,0.2,0.4015509259807487
0,u=0.10_alpha=0.20,v03,matched_random,100,500,0.1,0.1,0.10012581944465637,0.10012581944465637,7.974190505050505,0.10067999999999999,0.10012579709291458,2.2351741790771484e-08,0.10012581944465637,0.10012581944465637,0.10012581944465637,0.10012581944465637,0.10012581944465637,0.0,2.2351741790771484e-08,0.0,0.1,0.2,0.4015509259807487
0,u=0.10_alpha=0.20,v04,nn,100,500,0.1,0.1,0.09924174845218658,0.09924174845218658,8.432528484848488,0.09849999999999999,0.09924174845218658,0.0046739159151911736,0.09300068020820618,0.09300068020820618,0.09877872467041016,0.10555336177349016,0.11129957437515259,0.0046739159151911736,0.0046739159151911736,0.004673960618674755,0.1,0.2,0.4015509259807487
0,u=0.10_alpha=0.20,v04,fixed_random,100,500,0.1,0.1,0.09924174845218658,0.1,9.181216565656557,0.10012,0.10000000894069672,7.450580596923828e-09,0.10000000149011612,0.10000000149011612,0.10000000149011612,0.10000000149011612,0.10000000149011612,2.9802322387695312e-08,7.450580596923828e-09,1.4901161193847656e-08,0.1,0.2,0.4015509259807487
0,u=0.10_alpha=0.20,v04,matched_random,100,500,0.1,0.1,0.09924174845218658,0.09924174845218658,8.742215555555557,0.09904,0.09924174845218658,0.0,0.09924174845218658,0.09924174845218658,0.09924174845218658,0.09924174845218658,0.09924174845218658,1.4901161193847656e-08,0.0,0.0,0.1,0.2,0.4015509259807487
0,u=0.10_alpha=0.20,v05,nn,100,500,0.1,0.1,0.09971609711647034,0.09971609711647034,11.533517373737368,0.09996000000000001,0.09971609711647034,0.005194130353629589,0.09300068020820618,0.09300068020820618,0.0992211401462555,0.10622040629386606,0.1112995445728302,0.005194130353629589,0.005194130353629589,0.005194191820919514,0.1,0.2,0.4015509259807487
0,u=0.10_alpha=0.20,v05,fixed_random,100,500,0.1,0.1,0.09971609711647034,0.1,11.128464040404056,0.09936,0.10000000894069672,7.450580596923828e-09,0.10000000149011612,0.10000000149011612,0.10000000149011612,0.10000000149011612,0.10000000149011612,2.9802322387695312e-08,7.450580596923828e-09,1.4901161193847656e-08,0.1,0.2,0.4015509259807487
0,u=0.10_alpha=0.20,v05,matched_random,100,500,0.1,0.1,0.09971609711647034,0.09971609711647034,11.227606060606066,0.10262,0.09971607476472855,2.2351741790771484e-08,0.09971609711647034,0.09971609711647034,0.09971609711647034,0.09971609711647034,0.09971609711647034,7.450580596923828e-09,2.2351741790771484e-08,0.0,0.1,0.2,0.4015509259807487
0,u=0.10_alpha=0.20,v06,nn,100,500,0.1,0.1,0.09979248046875,0.09979248046875,6.839404040404037,0.09704,0.09979248046875,0.004770169034600258,0.09300068020820618,0.09300068020820618,0.09940522909164429,0.10601767897605896,0.1112995445728302,0.004770168103277683,0.004770169034600258,0.004770259372889996,0.1,0.2,0.4015509259807487
0,u=0.10_alpha=0.20,v06,fixed_random,100,500,0.1,0.1,0.09979248046875,0.1,7.162896969696965,0.09853999999999999,0.10000000894069672,7.450580596923828e-09,0.10000000149011612,0.10000000149011612,0.10000000149011612,0.10000000149011612,0.10000000149011612,2.9802322387695312e-08,7.450580596923828e-09,1.4901161193847656e-08,0.1,0.2,0.4015509259807487
0,u=0.10_alpha=0.20,v06,matched_random,100,500,0.1,0.1,0.09979248046875,0.09979248046875,7.560302020202016,0.10013999999999999,0.09979248046875,0.0,0.09979248046875,0.09979248046875,0.09979248046875,0.09979248046875,0.09979248046875,0.0,0.0,0.0,0.1,0.2,0.4015509259807487
0,u=0.10_alpha=0.20,v07,nn,100,500,0.1,0.1,0.09940622746944427,0.09940622746944427,6.333892121212118,0.09986,0.09940622746944427,0.0039596110582351685,0.09300068020820618,0.09395444765687046,0.09920346736907959,0.10450670123100281,0.1112995445728302,0.0039596110582351685,0.0039596110582351685,0.003959638066589832,0.1,0.2,0.4015509259807487
0,u=0.10_alpha=0.20,v07,fixed_random,100,500,0.1,0.1,0.09940622746944427,0.1,6.2116351515151536,0.10006,0.10000000894069672,7.450580596923828e-09,0.10000000149011612,0.10000000149011612,0.10000000149011612,0.10000000149011612,0.10000000149011612,2.9802322387695312e-08,7.450580596923828e-09,1.4901161193847656e-08,0.1,0.2,0.4015509259807487
0,u=0.10_alpha=0.20,v07,matched_random,100,500,0.1,0.1,0.09940622746944427,0.09940622746944427,5.959274747474747,0.09981999999999999,0.09940622746944427,0.0,0.09940622746944427,0.09940622746944427,0.09940622746944427,0.09940622746944427,0.09940622746944427,7.450580596923828e-09,0.0,7.450580596923828e-09,0.1,0.2,0.4015509259807487
0,u=0.10_alpha=0.20,v08,nn,100,500,0.1,0.1,0.10028721392154694,0.10028721392154694,6.7102387878787875,0.09986,0.10028721392154694,0.005278649739921093,0.09300068020820618,0.09380327761173297,0.09997206926345825,0.1112995445728302,0.1112995445728302,0.005278649274259806,0.005278649739921093,0.005278788972645998,0.1,0.2,0.4015509259807487
0,u=0.10_alpha=0.20,v08,fixed_random,100,500,0.1,0.1,0.10028721392154694,0.1,6.8184549494949405,0.10092000000000001,0.10000000894069672,7.450580596923828e-09,0.10000000149011612,0.10000000149011612,0.10000000149011612,0.10000000149011612,0.10000000149011612,2.9802322387695312e-08,7.450580596923828e-09,1.4901161193847656e-08,0.1,0.2,0.4015509259807487
0,u=0.10_alpha=0.20,v08,matched_random,100,500,0.1,0.1,0.10028721392154694,0.10028721392154694,6.997187878787886,0.10103999999999999,0.10028720647096634,7.450580596923828e-09,0.10028721392154694,0.10028721392154694,0.10028721392154694,0.10028721392154694,0.10028721392154694,7.450580596923828e-09,7.450580596923828e-09,1.4901161193847656e-08,0.1,0.2,0.4015509259807487
0,u=0.10_alpha=0.20,v09,nn,100,500,0.1,0.1,0.10014543682336807,0.10014543682336807,7.630069898989897,0.10016,0.10014543682336807,0.004780674818903208,0.09300068020820618,0.09300068691372872,0.09997206926345825,0.10764408111572266,0.1112995445728302,0.004780675284564495,0.004780674818903208,0.004780745133757591,0.1,0.2,0.4015509259807487
0,u=0.10_alpha=0.20,v09,fixed_random,100,500,0.1,0.1,0.10014543682336807,0.1,8.040209696969692,0.10334,0.10000000894069672,7.450580596923828e-09,0.10000000149011612,0.10000000149011612,0.10000000149011612,0.10000000149011612,0.10000000149011612,2.9802322387695312e-08,7.450580596923828e-09,1.4901161193847656e-08,0.1,0.2,0.4015509259807487
0,u=0.10_alpha=0.20,v09,matched_random,100,500,0.1,0.1,0.10014543682336807,0.10014543682336807,8.013392323232324,0.09981999999999999,0.10014545172452927,1.4901161193847656e-08,0.10014543682336807,0.10014543682336807,0.10014543682336807,0.10014543682336807,0.10014543682336807,7.450580596923828e-09,1.4901161193847656e-08,2.2351741790771484e-08,0.1,0.2,0.4015509259807487
0,u=0.10_alpha=0.50,v00,nn,100,500,0.1,0.1,0.09997577965259552,0.09997577965259552,6.719891919191919,0.10208,0.09997577965259552,0.012078872881829739,0.08332529664039612,0.08713341653347065,0.09641337394714355,0.11780473589897156,0.1303350031375885,0.012078871950507164,0.012078872881829739,0.012079047039151192,0.1,0.5,0.4015509259807487
0,u=0.10_alpha=0.50,v00,fixed_random,100,500,0.1,0.1,0.09997577965259552,0.1,7.512800808080807,0.09913999999999999,0.10000000894069672,7.450580596923828e-09,0.10000000149011612,0.10000000149011612,0.10000000149011612,0.10000000149011612,0.10000000149011612,2.9802322387695312e-08,7.450580596923828e-09,1.4901161193847656e-08,0.1,0.5,0.4015509259807487
0,u=0.10_alpha=0.50,v00,matched_random,100,500,0.1,0.1,0.09997577965259552,0.09997577965259552,6.894849494949495,0.1014,0.09997577965259552,0.0,0.09997577965259552,0.09997577965259552,0.09997577965259552,0.09997577965259552,0.09997577965259552,1.4901161193847656e-08,0.0,1.4901161193847656e-08,0.1,0.5,0.4015509259807487
0,u=0.10_alpha=0.50,v01,nn,100,500,0.1,0.1,0.1017695888876915,0.1017695888876915,6.898492929292931,0.10102,0.1017695888876915,0.012502143159508705,0.08332529664039612,0.08722484111785889,0.09993023425340652,0.11866399645805359,0.1303349733352661,0.01250214409083128,0.012502143159508705,0.012502353638410568,0.1,0.5,0.4015509259807487
0,u=0.10_alpha=0.50,v01,fixed_random,100,500,0.1,0.1,0.1017695888876915,0.1,7.054117373737374,0.10002000000000001,0.10000000894069672,7.450580596923828e-09,0.10000000149011612,0.10000000149011612,0.10000000149011612,0.10000000149011612,0.10000000149011612,2.9802322387695312e-08,7.450580596923828e-09,1.4901161193847656e-08,0.1,0.5,0.4015509259807487
0,u=0.10_alpha=0.50,v01,matched_random,100,500,0.1,0.1,0.1017695888876915,0.1017695888876915,7.080586666666664,0.10186,0.1017695814371109,7.450580596923828e-09,0.1017695888876915,0.1017695888876915,0.1017695888876915,0.1017695888876915,0.1017695888876915,1.4901161193847656e-08,7.450580596923828e-09,0.0,0.1,0.5,0.4015509259807487
0,u=0.10_alpha=0.50,v02,nn,100,500,0.1,0.1,0.09995409846305847,0.09995409846305847,6.901066868686866,0.10116,0.09995409846305847,0.01188375148922205,0.08332529664039612,0.08332529664039612,0.09826914966106415,0.11564189195632935,0.1303349733352661,0.011883750557899475,0.01188375148922205,0.011883878149092197,0.1,0.5,0.4015509259807487
0,u=0.10_alpha=0.50,v02,fixed_random,100,500,0.1,0.1,0.09995409846305847,0.1,7.478373131313127,0.10114000000000001,0.10000000894069672,7.450580596923828e-09,0.10000000149011612,0.10000000149011612,0.10000000149011612,0.10000000149011612,0.10000000149011612,2.9802322387695312e-08,7.450580596923828e-09,1.4901161193847656e-08,0.1,0.5,0.4015509259807487
0,u=0.10_alpha=0.50,v02,matched_random,100,500,0.1,0.1,0.09995409846305847,0.09995409846305847,7.537556767676761,0.09970000000000001,0.09995412081480026,2.2351741790771484e-08,0.09995409846305847,0.09995409846305847,0.09995409846305847,0.09995409846305847,0.09995409846305847,7.450580596923828e-09,2.2351741790771484e-08,0.0,0.1,0.5,0.4015509259807487
0,u=0.10_alpha=0.50,v03,nn,100,500,0.1,0.1,0.10061202198266983,0.10061202198266983,7.672658383838385,0.1018,0.10061202198266983,0.010611561127007008,0.08332529664039612,0.08701013624668238,0.09993022680282593,0.11257874965667725,0.1303349733352661,0.010611562989652157,0.010611561127007008,0.010611728765070438,0.1,0.5,0.4015509259807487
0,u=0.10_alpha=0.50,v03,fixed_random,100,500,0.1,0.1,0.10061202198266983,0.1,8.455696969696971,0.10071999999999999,0.10000000894069672,7.450580596923828e-09,0.10000000149011612,0.10000000149011612,0.10000000149011612,0.10000000149011612,0.10000000149011612,2.9802322387695312e-08,7.450580596923828e-09,1.4901161193847656e-08,0.1,0.5,0.4015509259807487
0,u=0.10_alpha=0.50,v03,matched_random,100,500,0.1,0.1,0.10061202198266983,0.10061202198266983,8.00126505050505,0.1013,0.10061202943325043,7.450580596923828e-09,0.10061202198266983,0.10061202198266983,0.10061202198266983,0.10061202198266983,0.10061202198266983,0.0,7.450580596923828e-09,7.450580596923828e-09,0.1,0.5,0.4015509259807487
0,u=0.10_alpha=0.50,v04,nn,100,500,0.1,0.1,0.09847724437713623,0.09847724437713623,8.20640000000001,0.09759999999999999,0.09847724437713623,0.011782691814005375,0.08332529664039612,0.08332529664039612,0.09697180986404419,0.11439335048198498,0.1303350031375885,0.0117826908826828,0.011782691814005375,0.011782863177359104,0.1,0.5,0.4015509259807487
0,u=0.10_alpha=0.50,v04,fixed_random,100,500,0.1,0.1,0.09847724437713623,0.1,9.181216565656557,0.10012,0.10000000894069672,7.450580596923828e-09,0.10000000149011612,0.10000000149011612,0.10000000149011612,0.10000000149011612,0.10000000149011612,2.9802322387695312e-08,7.450580596923828e-09,1.4901161193847656e-08,0.1,0.5,0.4015509259807487
0,u=0.10_alpha=0.50,v04,matched_random,100,500,0.1,0.1,0.09847724437713623,0.09847724437713623,8.745558787878789,0.09826,0.09847724437713623,0.0,0.09847724437713623,0.09847724437713623,0.09847724437713623,0.09847724437713623,0.09847724437713623,7.450580596923828e-09,0.0,7.450580596923828e-09,0.1,0.5,0.4015509259807487
0,u=0.10_alpha=0.50,v05,nn,100,500,0.1,0.1,0.09973902255296707,0.09973902255296707,11.233991919191919,0.09974,0.09973902255296707,0.0131918890401721,0.08332529664039612,0.08332529664039612,0.09806360304355621,0.11619537770747333,0.1303349733352661,0.013191889971494675,0.0131918890401721,0.01319214142858982,0.1,0.5,0.4015509259807487
0,u=0.10_alpha=0.50,v05,fixed_random,100,500,0.1,0.1,0.09973902255296707,0.1,11.128464040404056,0.09936,0.10000000894069672,7.450580596923828e-09,0.10000000149011612,0.10000000149011612,0.10000000149011612,0.10000000149011612,0.10000000149011612,2.9802322387695312e-08,7.450580596923828e-09,1.4901161193847656e-08,0.1,0.5,0.4015509259807487
0,u=0.10_alpha=0.50,v05,matched_random,100,500,0.1,0.1,0.09973902255296707,0.09973902255296707,11.212316161616164,0.10264,0.09973903000354767,7.450580596923828e-09,0.09973902255296707,0.09973902255296707,0.09973902255296707,0.09973902255296707,0.09973902255296707,7.450580596923828e-09,7.450580596923828e-09,0.0,0.1,0.5,0.4015509259807487
0,u=0.10_alpha=0.50,v06,nn,100,500,0.1,0.1,0.09985943138599396,0.09985943138599396,6.7084997979797985,0.09736,0.09985943138599396,0.012099701911211014,0.08332529664039612,0.08332529664039612,0.09851899743080139,0.11564189195632935,0.1303349733352661,0.01209970097988844,0.012099701911211014,0.012099942192435265,0.1,0.5,0.4015509259807487
0,u=0.10_alpha=0.50,v06,fixed_random,100,500,0.1,0.1,0.09985943138599396,0.1,7.162896969696965,0.09853999999999999,0.10000000894069672,7.450580596923828e-09,0.10000000149011612,0.10000000149011612,0.10000000149011612,0.10000000149011612,0.10000000149011612,2.9802322387695312e-08,7.450580596923828e-09,1.4901161193847656e-08,0.1,0.5,0.4015509259807487
0,u=0.10_alpha=0.50,v06,matched_random,100,500,0.1,0.1,0.09985943138599396,0.09985943138599396,7.5582096969696915,0.1002,0.09985943138599396,0.0,0.09985943138599396,0.09985943138599396,0.09985943138599396,0.09985943138599396,0.09985943138599396,1.4901161193847656e-08,0.0,1.4901161193847656e-08,0.1,0.5,0.4015509259807487
0,u=0.10_alpha=0.50,v07,nn,100,500,0.1,0.1,0.09878238290548325,0.09878238290548325,6.176688484848482,0.09986,0.09878238290548325,0.00995331909507513,0.08332529664039612,0.08550172522664203,0.0980193018913269,0.11160299181938171,0.1303349733352661,0.00995331909507513,0.00995331909507513,0.00995344016700983,0.1,0.5,0.4015509259807487
0,u=0.10_alpha=0.50,v07,fixed_random,100,500,0.1,0.1,0.09878238290548325,0.1,6.2116351515151536,0.10006,0.10000000894069672,7.450580596923828e-09,0.10000000149011612,0.10000000149011612,0.10000000149011612,0.10000000149011612,0.10000000149011612,2.9802322387695312e-08,7.450580596923828e-09,1.4901161193847656e-08,0.1,0.5,0.4015509259807487
0,u=0.10_alpha=0.50,v07,matched_random,100,500,0.1,0.1,0.09878238290548325,0.09878238290548325,6.024233131313133,0.09934,0.09878239035606384,7.450580596923828e-09,0.09878238290548325,0.09878238290548325,0.09878238290548325,0.09878238290548325,0.09878238290548325,7.450580596923828e-09,7.450580596923828e-09,1.4901161193847656e-08,0.1,0.5,0.4015509259807487
0,u=0.10_alpha=0.50,v08,nn,100,500,0.1,0.1,0.10117970407009125,0.10117970407009125,6.481571515151522,0.10067999999999999,0.10117970407009125,0.013583749532699585,0.08332529664039612,0.08515429496765248,0.09993022680282593,0.1303349733352661,0.1303349733352661,0.013583747670054436,0.013583749532699585,0.013584005646407604,0.1,0.5,0.4015509259807487
0,u=0.10_alpha=0.50,v08,fixed_random,100,500,0.1,0.1,0.10117970407009125,0.1,6.8184549494949405,0.10092000000000001,0.10000000894069672,7.450580596923828e-09,0.10000000149011612,0.10000000149011612,0.10000000149011612,0.10000000149011612,0.10000000149011612,2.9802322387695312e-08,7.450580596923828e-09,1.4901161193847656e-08,0.1,0.5,0.4015509259807487
0,u=0.10_alpha=0.50,v08,matched_random,100,500,0.1,0.1,0.10117970407009125,0.10117970407009125,7.041057373737373,0.10188000000000001,0.10117970407009125,0.0,0.10117970407009125,0.10117970407009125,0.10117970407009125,0.10117970407009125,0.10117970407009125,2.2351741790771484e-08,0.0,1.4901161193847656e-08,0.1,0.5,0.4015509259807487
0,u=0.10_alpha=0.50,v09,nn,100,500,0.1,0.1,0.10074257105588913,0.10074257105588913,7.4588191919191935,0.10084,0.10074257105588913,0.012174852192401886,0.08332529664039612,0.0833253301680088,0.09993022680282593,0.12007179856300354,0.1303349733352661,0.012174850329756737,0.012174852192401886,0.012175020761787891,0.1,0.5,0.4015509259807487
0,u=0.10_alpha=0.50,v09,fixed_random,100,500,0.1,0.1,0.10074257105588913,0.1,8.040209696969692,0.10334,0.10000000894069672,7.450580596923828e-09,0.10000000149011612,0.10000000149011612,0.10000000149011612,0.10000000149011612,0.10000000149011612,2.9802322387695312e-08,7.450580596923828e-09,1.4901161193847656e-08,0.1,0.5,0.4015509259807487
0,u=0.10_alpha=0.50,v09,matched_random,100,500,0.1,0.1,0.10074257105588913,0.10074257105588913,8.009613333333329,0.1002,0.10074257105588913,0.0,0.10074257105588913,0.10074257105588913,0.10074257105588913,0.10074257105588913,0.10074257105588913,1.4901161193847656e-08,0.0,1.4901161193847656e-08,0.1,0.5,0.4015509259807487
0,u=0.10_alpha=1.00,v00,nn,100,500,0.1,0.1,0.10121146589517593,0.10121146589517593,6.742491313131317,0.10268000000000001,0.10121146589517593,0.025099847465753555,0.06921723484992981,0.07578366994857876,0.0929449051618576,0.13829252123832703,0.1681528240442276,0.025099845603108406,0.025099847465753555,0.02509971708059311,0.1,1.0,0.4015509259807487
0,u=0.10_alpha=1.00,v00,fixed_random,100,500,0.1,0.1,0.10121146589517593,0.1,7.512800808080807,0.09913999999999999,0.10000000894069672,7.450580596923828e-09,0.10000000149011612,0.10000000149011612,0.10000000149011612,0.10000000149011612,0.10000000149011612,2.9802322387695312e-08,7.450580596923828e-09,1.4901161193847656e-08,0.1,1.0,0.4015509259807487
0,u=0.10_alpha=1.00,v00,matched_random,100,500,0.1,0.1,0.10121146589517593,0.10121146589517593,6.934035151515145,0.10238,0.10121144354343414,2.2351741790771484e-08,0.10121146589517593,0.10121146589517593,0.10121146589517593,0.10121146589517593,0.10121146589517593,7.450580596923828e-09,2.2351741790771484e-08,0.0,0.1,1.0,0.4015509259807487
0,u=0.10_alpha=1.00,v01,nn,100,500,0.1,0.1,0.10490698367357254,0.10490698367357254,6.977179595959595,0.10426,0.10490698367357254,0.026066306978464127,0.06921723484992981,0.07594403624534607,0.09986049681901932,0.14026856422424316,0.1681528091430664,0.026066305115818977,0.026066306978464127,0.02606620080769062,0.1,1.0,0.4015509259807487
0,u=0.10_alpha=1.00,v01,fixed_random,100,500,0.1,0.1,0.10490698367357254,0.1,7.054117373737374,0.10002000000000001,0.10000000894069672,7.450580596923828e-09,0.10000000149011612,0.10000000149011612,0.10000000149011612,0.10000000149011612,0.10000000149011612,2.9802322387695312e-08,7.450580596923828e-09,1.4901161193847656e-08,0.1,1.0,0.4015509259807487
0,u=0.10_alpha=1.00,v01,matched_random,100,500,0.1,0.1,0.10490698367357254,0.10490698367357254,7.10241858585859,0.10506,0.10490701347589493,2.9802322387695312e-08,0.10490698367357254,0.10490698367357254,0.10490698367357254,0.10490698367357254,0.10490698367357254,1.4901161193847656e-08,2.9802322387695312e-08,0.0,0.1,1.0,0.4015509259807487
0,u=0.10_alpha=1.00,v02,nn,100,500,0.1,0.1,0.10114610195159912,0.10114610195159912,6.98598989898989,0.10174,0.10114610195159912,0.024163806810975075,0.06921723484992981,0.06921723484992981,0.0965656191110611,0.13336792588233948,0.1681528091430664,0.024163810536265373,0.024163806810975075,0.024163732305169106,0.1,1.0,0.4015509259807487
0,u=0.10_alpha=1.00,v02,fixed_random,100,500,0.1,0.1,0.10114610195159912,0.1,7.478373131313127,0.10114000000000001,0.10000000894069672,7.450580596923828e-09,0.10000000149011612,0.10000000149011612,0.10000000149011612,0.10000000149011612,0.10000000149011612,2.9802322387695312e-08,7.450580596923828e-09,1.4901161193847656e-08,0.1,1.0,0.4015509259807487
0,u=0.10_alpha=1.00,v02,matched_random,100,500,0.1,0.1,0.10114610195159912,0.10114610195159912,7.61384565656565,0.10092000000000001,0.10114610195159912,0.0,0.10114610195159912,0.10114610195159912,0.10114610195159912,0.10114610195159912,0.10114610195159912,1.4901161193847656e-08,0.0,7.450580596923828e-09,0.1,1.0,0.4015509259807487
0,u=0.10_alpha=1.00,v03,nn,100,500,0.1,0.1,0.10221497714519501,0.10221497714519501,7.887732727272734,0.10284,0.10221497714519501,0.021504033356904984,0.06921723484992981,0.07557000219822134,0.09986048936843872,0.12651732563972473,0.1681528091430664,0.021504033356904984,0.021504033356904984,0.021503999829292297,0.1,1.0,0.4015509259807487
0,u=0.10_alpha=1.00,v03,fixed_random,100,500,0.1,0.1,0.10221497714519501,0.1,8.455696969696971,0.10071999999999999,0.10000000894069672,7.450580596923828e-09,0.10000000149011612,0.10000000149011612,0.10000000149011612,0.10000000149011612,0.10000000149011612,2.9802322387695312e-08,7.450580596923828e-09,1.4901161193847656e-08,0.1,1.0,0.4015509259807487
0,u=0.10_alpha=1.00,v03,matched_random,100,500,0.1,0.1,0.10221497714519501,0.10221497714519501,8.02727252525253,0.10302,0.10221495479345322,2.2351741790771484e-08,0.10221497714519501,0.10221497714519501,0.10221497714519501,0.10221497714519501,0.10221497714519501,1.4901161193847656e-08,2.2351741790771484e-08,7.450580596923828e-09,0.1,1.0,0.4015509259807487
0,u=0.10_alpha=1.00,v04,nn,100,500,0.1,0.1,0.09819140285253525,0.09819140285253525,8.137327676767672,0.0977,0.09819140285253525,0.0240846686065197,0.06921723484992981,0.06921723484992981,0.09402573108673096,0.13055919706820987,0.1681528240442276,0.0240846686065197,0.0240846686065197,0.02408459410071373,0.1,1.0,0.4015509259807487
0,u=0.10_alpha=1.00,v04,fixed_random,100,500,0.1,0.1,0.09819140285253525,0.1,9.181216565656557,0.10012,0.10000000894069672,7.450580596923828e-09,0.10000000149011612,0.10000000149011612,0.10000000149011612,0.10000000149011612,0.10000000149011612,2.9802322387695312e-08,7.450580596923828e-09,1.4901161193847656e-08,0.1,1.0,0.4015509259807487
0,u=0.10_alpha=1.00,v04,matched_random,100,500,0.1,0.1,0.09819140285253525,0.09819140285253525,8.75238969696969,0.098,0.09819138795137405,1.4901161193847656e-08,0.09819140285253525,0.09819140285253525,0.09819140285253525,0.09819140285253525,0.09819140285253525,1.4901161193847656e-08,1.4901161193847656e-08,0.0,0.1,1.0,0.4015509259807487
0,u=0.10_alpha=1.00,v05,nn,100,500,0.1,0.1,0.10098449885845184,0.10098449885845184,10.851225858585842,0.10108,0.10098449885845184,0.027313781902194023,0.06921723484992981,0.06921723484992981,0.09616260230541229,0.13464213609693582,0.1681528091430664,0.027313778176903725,0.027313781902194023,0.02731364779174328,0.1,1.0,0.4015509259807487
0,u=0.10_alpha=1.00,v05,fixed_random,100,500,0.1,0.1,0.10098449885845184,0.1,11.128464040404056,0.09936,0.10000000894069672,7.450580596923828e-09,0.10000000149011612,0.10000000149011612,0.10000000149011612,0.10000000149011612,0.10000000149011612,2.9802322387695312e-08,7.450580596923828e-09,1.4901161193847656e-08,0.1,1.0,0.4015509259807487
0,u=0.10_alpha=1.00,v05,matched_random,100,500,0.1,0.1,0.10098449885845184,0.10098449885845184,11.270067474747474,0.10378,0.10098446905612946,2.9802322387695312e-08,0.10098449885845184,0.10098449885845184,0.10098449885845184,0.10098449885845184,0.10098449885845184,0.0,2.9802322387695312e-08,1.4901161193847656e-08,0.1,1.0,0.4015509259807487
0,u=0.10_alpha=1.00,v06,nn,100,500,0.1,0.1,0.10098773241043091,0.10098773241043091,6.682461414141419,0.09804,0.10098773241043091,0.024997981265187263,0.06921723484992981,0.06921723484992981,0.09705758094787598,0.13336792588233948,0.1681528091430664,0.024997979402542114,0.024997981265187263,0.024997834116220474,0.1,1.0,0.4015509259807487
0,u=0.10_alpha=1.00,v06,fixed_random,100,500,0.1,0.1,0.10098773241043091,0.1,7.162896969696965,0.09853999999999999,0.10000000894069672,7.450580596923828e-09,0.10000000149011612,0.10000000149011612,0.10000000149011612,0.10000000149011612,0.10000000149011612,2.9802322387695312e-08,7.450580596923828e-09,1.4901161193847656e-08,0.1,1.0,0.4015509259807487
0,u=0.10_alpha=1.00,v06,matched_random,100,500,0.1,0.1,0.10098773241043091,0.10098773241043091,7.554339595959595,0.10122,0.10098772495985031,7.450580596923828e-09,0.10098773241043091,0.10098773241043091,0.10098773241043091,0.10098773241043091,0.10098773241043091,1.4901161193847656e-08,7.450580596923828e-09,0.0,0.1,1.0,0.4015509259807487
0,u=0.10_alpha=1.00,v07,nn,100,500,0.1,0.1,0.09844857454299927,0.09844857454299927,6.092498989898987,0.09956,0.09844857454299927,0.020242519676685333,0.06921723484992981,0.0729402236640476,0.09607365727424622,0.12436625361442566,0.1681528091430664,0.02024252340197563,0.020242519676685333,0.020242473110556602,0.1,1.0,0.4015509259807487
0,u=0.10_alpha=1.00,v07,fixed_random,100,500,0.1,0.1,0.09844857454299927,0.1,6.2116351515151536,0.10006,0.10000000894069672,7.450580596923828e-09,0.10000000149011612,0.10000000149011612,0.10000000149011612,0.10000000149011612,0.10000000149011612,2.9802322387695312e-08,7.450580596923828e-09,1.4901161193847656e-08,0.1,1.0,0.4015509259807487
0,u=0.10_alpha=1.00,v07,matched_random,100,500,0.1,0.1,0.09844857454299927,0.09844857454299927,6.015729898989897,0.09912000000000001,0.09844856709241867,7.450580596923828e-09,0.09844857454299927,0.09844857454299927,0.09844857454299927,0.09844857454299927,0.09844857454299927,7.450580596923828e-09,7.450580596923828e-09,0.0,0.1,1.0,0.4015509259807487
0,u=0.10_alpha=1.00,v08,nn,100,500,0.1,0.1,0.10393941402435303,0.10393941402435303,6.265764444444438,0.1035,0.10393941402435303,0.028711482882499695,0.06921723484992981,0.07233908474445531,0.09986048936843872,0.1681528091430664,0.1681528091430664,0.028711486607789993,0.028711482882499695,0.028711196035146713,0.1,1.0,0.4015509259807487
0,u=0.10_alpha=1.00,v08,fixed_random,100,500,0.1,0.1,0.10393941402435303,0.1,6.8184549494949405,0.10092000000000001,0.10000000894069672,7.450580596923828e-09,0.10000000149011612,0.10000000149011612,0.10000000149011612,0.10000000149011612,0.10000000149011612,2.9802322387695312e-08,7.450580596923828e-09,1.4901161193847656e-08,0.1,1.0,0.4015509259807487
0,u=0.10_alpha=1.00,v08,matched_random,100,500,0.1,0.1,0.10393941402435303,0.10393941402435303,7.279585656565657,0.10492000000000001,0.10393941402435303,0.0,0.10393941402435303,0.10393941402435303,0.10393941402435303,0.10393941402435303,0.10393941402435303,1.4901161193847656e-08,0.0,7.450580596923828e-09,0.1,1.0,0.4015509259807487
0,u=0.10_alpha=1.00,v09,nn,100,500,0.1,0.1,0.10276597738265991,0.10276597738265991,7.525925050505052,0.10316,0.10276597738265991,0.025317590683698654,0.06921723484992981,0.06921725496649742,0.09986048936843872,0.1435299515724182,0.1681528091430664,0.025317588821053505,0.025317590683698654,0.025317473337054253,0.1,1.0,0.4015509259807487
0,u=0.10_alpha=1.00,v09,fixed_random,100,500,0.1,0.1,0.10276597738265991,0.1,8.040209696969692,0.10334,0.10000000894069672,7.450580596923828e-09,0.10000000149011612,0.10000000149011612,0.10000000149011612,0.10000000149011612,0.10000000149011612,2.9802322387695312e-08,7.450580596923828e-09,1.4901161193847656e-08,0.1,1.0,0.4015509259807487
0,u=0.10_alpha=1.00,v09,matched_random,100,500,0.1,0.1,0.10276597738265991,0.10276597738265991,8.166906868686873,0.10215999999999999,0.10276598483324051,7.450580596923828e-09,0.10276597738265991,0.10276597738265991,0.10276597738265991,0.10276597738265991,0.10276597738265991,0.0,7.450580596923828e-09,1.4901161193847656e-08,0.1,1.0,0.4015509259807487
0,u=0.10_alpha=1.50,v00,nn,100,500,0.1,0.1,0.10372637957334518,0.10372637957334518,6.8204420202020275,0.10522000000000001,0.10372637957334518,0.03938157856464386,0.057348430156707764,0.06580642163753625,0.08959172666072845,0.16169032454490662,0.21424061059951782,0.03938157856464386,0.03938157856464386,0.0393817201256752,0.1,1.5,0.4015509259807487
0,u=0.10_alpha=1.50,v00,fixed_random,100,500,0.1,0.1,0.10372637957334518,0.1,7.512800808080807,0.09913999999999999,0.10000000894069672,7.450580596923828e-09,0.10000000149011612,0.10000000149011612,0.10000000149011612,0.10000000149011612,0.10000000149011612,2.9802322387695312e-08,7.450580596923828e-09,1.4901161193847656e-08,0.1,1.5,0.4015509259807487
0,u=0.10_alpha=1.50,v00,matched_random,100,500,0.1,0.1,0.10372637957334518,0.10372637957334518,6.911902020202021,0.10474,0.10372637957334518,0.0,0.10372637957334518,0.10372637957334518,0.10372637957334518,0.10372637957334518,0.10372637957334518,0.0,0.0,1.4901161193847656e-08,0.1,1.5,0.4015509259807487
0,u=0.10_alpha=1.50,v01,nn,100,500,0.1,0.1,0.10945043712854385,0.10945043712854385,7.127675353535354,0.109,0.10945043712854385,0.041033677756786346,0.057348430156707764,0.06601667404174805,0.0997907817363739,0.1650698184967041,0.21424058079719543,0.04103368520736694,0.041033677756786346,0.041033785790205,0.1,1.5,0.4015509259807487
0,u=0.10_alpha=1.50,v01,fixed_random,100,500,0.1,0.1,0.10945043712854385,0.1,7.054117373737374,0.10002000000000001,0.10000000894069672,7.450580596923828e-09,0.10000000149011612,0.10000000149011612,0.10000000149011612,0.10000000149011612,0.10000000149011612,2.9802322387695312e-08,7.450580596923828e-09,1.4901161193847656e-08,0.1,1.5,0.4015509259807487
0,u=0.10_alpha=1.50,v01,matched_random,100,500,0.1,0.1,0.10945043712854385,0.10945043712854385,7.266313939393944,0.10992,0.10945045202970505,1.4901161193847656e-08,0.10945043712854385,0.10945043712854385,0.10945043712854385,0.10945043712854385,0.10945043712854385,7.450580596923828e-09,1.4901161193847656e-08,7.450580596923828e-09,0.1,1.5,0.4015509259807487
0,u=0.10_alpha=1.50,v02,nn,100,500,0.1,0.1,0.1035698652267456,0.1035698652267456,6.875392525252528,0.10404,0.1035698652267456,0.03710055351257324,0.057348430156707764,0.057348430156707764,0.09488905966281891,0.1533399224281311,0.21424058079719543,0.03710055723786354,0.03710055351257324,0.037100695073604584,0.1,1.5,0.4015509259807487
0,u=0.10_alpha=1.50,v02,fixed_random,100,500,0.1,0.1,0.1035698652267456,0.1,7.478373131313127,0.10114000000000001,0.10000000894069672,7.450580596923828e-09,0.10000000149011612,0.10000000149011612,0.10000000149011612,0.10000000149011612,0.10000000149011612,2.9802322387695312e-08,7.450580596923828e-09,1.4901161193847656e-08,0.1,1.5,0.4015509259807487
0,u=0.10_alpha=1.50,v02,matched_random,100,500,0.1,0.1,0.1035698652267456,0.1035698652267456,7.534047272727268,0.10298,0.1035698652267456,0.0,0.1035698652267456,0.1035698652267456,0.1035698652267456,0.1035698652267456,0.1035698652267456,7.450580596923828e-09,0.0,2.2351741790771484e-08,0.1,1.5,0.4015509259807487
0,u=0.10_alpha=1.50,v03,nn,100,500,0.1,0.1,0.10480361431837082,0.10480361431837082,8.56820484848485,0.10555999999999999,0.10480361431837082,0.0329182930290699,0.057348430156707764,0.06552975773811606,0.09979075193405151,0.14190569519996643,0.21424058079719543,0.0329182967543602,0.0329182930290699,0.032918401062488556,0.1,1.5,0.4015509259807487
0,u=0.10_alpha=1.50,v03,fixed_random,100,500,0.1,0.1,0.10480361431837082,0.1,8.455696969696971,0.10071999999999999,0.10000000894069672,7.450580596923828e-09,0.10000000149011612,0.10000000149011612,0.10000000149011612,0.10000000149011612,0.10000000149011612,2.9802322387695312e-08,7.450580596923828e-09,1.4901161193847656e-08,0.1,1.5,0.4015509259807487
0,u=0.10_alpha=1.50,v03,matched_random,100,500,0.1,0.1,0.10480361431837082,0.10480361431837082,8.059796767676769,0.10564,0.10480358451604843,2.9802322387695312e-08,0.10480361431837082,0.10480361431837082,0.10480361431837082,0.10480361431837082,0.10480361431837082,7.450580596923828e-09,2.9802322387695312e-08,0.0,0.1,1.5,0.4015509259807487
0,u=0.10_alpha=1.50,v04,nn,100,500,0.1,0.1,0.09912338107824326,0.09912338107824326,8.349233131313126,0.09866,0.09912338107824326,0.03723905235528946,0.057348430156707764,0.057348430156707764,0.09116014838218689,0.14862744212149812,0.21424061059951782,0.03723905235528946,0.03723905235528946,0.03723911941051483,0.1,1.5,0.4015509259807487
0,u=0.10_alpha=1.50,v04,fixed_random,100,500,0.1,0.1,0.09912338107824326,0.1,9.181216565656557,0.10012,0.10000000894069672,7.450580596923828e-09,0.10000000149011612,0.10000000149011612,0.10000000149011612,0.10000000149011612,0.10000000149011612,2.9802322387695312e-08,7.450580596923828e-09,1.4901161193847656e-08,0.1,1.5,0.4015509259807487
0,u=0.10_alpha=1.50,v04,matched_random,100,500,0.1,0.1,0.09912338107824326,0.09912338107824326,8.74958606060606,0.09885999999999999,0.09912336617708206,1.4901161193847656e-08,0.09912338107824326,0.09912338107824326,0.09912338107824326,0.09912338107824326,0.09912338107824326,2.9802322387695312e-08,1.4901161193847656e-08,0.0,0.1,1.5,0.4015509259807487
0,u=0.10_alpha=1.50,v05,nn,100,500,0.1,0.1,0.10374132543802261,0.10374132543802261,9.610430707070703,0.10358,0.10374132543802261,0.04277265816926956,0.057348430156707764,0.057348430156707764,0.0942964106798172,0.15552104413506196,0.21424058079719543,0.04277265444397926,0.04277265816926956,0.042772773653268814,0.1,1.5,0.4015509259807487
0,u=0.10_alpha=1.50,v05,fixed_random,100,500,0.1,0.1,0.10374132543802261,0.1,11.128464040404056,0.09936,0.10000000894069672,7.450580596923828e-09,0.10000000149011612,0.10000000149011612,0.10000000149011612,0.10000000149011612,0.10000000149011612,2.9802322387695312e-08,7.450580596923828e-09,1.4901161193847656e-08,0.1,1.5,0.4015509259807487
0,u=0.10_alpha=1.50,v05,matched_random,100,500,0.1,0.1,0.10374132543802261,0.10374132543802261,11.295490303030299,0.10642,0.10374131053686142,1.4901161193847656e-08,0.10374132543802261,0.10374132543802261,0.10374132543802261,0.10374132543802261,0.10374132543802261,1.4901161193847656e-08,1.4901161193847656e-08,7.450580596923828e-09,0.1,1.5,0.4015509259807487
0,u=0.10_alpha=1.50,v06,nn,100,500,0.1,0.1,0.10338827967643738,0.10338827967643738,6.576769696969693,0.10046,0.10338827967643738,0.03906441479921341,0.057348430156707764,0.057348430156707764,0.09561550617218018,0.1533399224281311,0.21424058079719543,0.03906441107392311,0.03906441479921341,0.039064548909664154,0.1,1.5,0.4015509259807487
0,u=0.10_alpha=1.50,v06,fixed_random,100,500,0.1,0.1,0.10338827967643738,0.1,7.162896969696965,0.09853999999999999,0.10000000894069672,7.450580596923828e-09,0.10000000149011612,0.10000000149011612,0.10000000149011612,0.10000000149011612,0.10000000149011612,2.9802322387695312e-08,7.450580596923828e-09,1.4901161193847656e-08,0.1,1.5,0.4015509259807487
0,u=0.10_alpha=1.50,v06,matched_random,100,500,0.1,0.1,0.10338827967643738,0.10338827967643738,7.570800404040407,0.10358,0.10338830202817917,2.2351741790771484e-08,0.10338827967643738,0.10338827967643738,0.10338827967643738,0.10338827967643738,0.10338827967643738,0.0,2.2351741790771484e-08,2.2351741790771484e-08,0.1,1.5,0.4015509259807487
0,u=0.10_alpha=1.50,v07,nn,100,500,0.1,0.1,0.09898411482572556,0.09898411482572556,5.993909292929289,0.09962,0.09898411482572556,0.031138569116592407,0.057348430156707764,0.0621035587042599,0.09416261315345764,0.1383618414402008,0.21424058079719543,0.031138570979237556,0.031138569116592407,0.031138651072978973,0.1,1.5,0.4015509259807487
0,u=0.10_alpha=1.50,v07,fixed_random,100,500,0.1,0.1,0.09898411482572556,0.1,6.2116351515151536,0.10006,0.10000000894069672,7.450580596923828e-09,0.10000000149011612,0.10000000149011612,0.10000000149011612,0.10000000149011612,0.10000000149011612,2.9802322387695312e-08,7.450580596923828e-09,1.4901161193847656e-08,0.1,1.5,0.4015509259807487
0,u=0.10_alpha=1.50,v07,matched_random,100,500,0.1,0.1,0.09898411482572556,0.09898411482572556,6.030834545454549,0.09952,0.09898411482572556,0.0,0.09898411482572556,0.09898411482572556,0.09898411482572556,0.09898411482572556,0.09898411482572556,1.4901161193847656e-08,0.0,0.0,0.1,1.5,0.4015509259807487
0,u=0.10_alpha=1.50,v08,nn,100,500,0.1,0.1,0.1083335354924202,0.1083335354924202,6.377572323232324,0.10832000000000001,0.1083335354924202,0.04579487815499306,0.057348430156707764,0.061326414346697354,0.09979075193405151,0.21424058079719543,0.21424058079719543,0.04579486697912216,0.04579487815499306,0.04579506069421768,0.1,1.5,0.4015509259807487
0,u=0.10_alpha=1.50,v08,fixed_random,100,500,0.1,0.1,0.1083335354924202,0.1,6.8184549494949405,0.10092000000000001,0.10000000894069672,7.450580596923828e-09,0.10000000149011612,0.10000000149011612,0.10000000149011612,0.10000000149011612,0.10000000149011612,2.9802322387695312e-08,7.450580596923828e-09,1.4901161193847656e-08,0.1,1.5,0.4015509259807487
0,u=0.10_alpha=1.50,v08,matched_random,100,500,0.1,0.1,0.1083335354924202,0.1083335354924202,7.469307676767674,0.10944000000000001,0.10833356529474258,2.9802322387695312e-08,0.1083335354924202,0.1083335354924202,0.1083335354924202,0.1083335354924202,0.1083335354924202,1.4901161193847656e-08,2.9802322387695312e-08,0.0,0.1,1.5,0.4015509259807487
0,u=0.10_alpha=1.50,v09,nn,100,500,0.1,0.1,0.10608987510204315,0.10608987510204315,7.542021212121216,0.1066,0.10608987510204315,0.039805468171834946,0.057348430156707764,0.05734844021499157,0.09979075193405151,0.17068210244178772,0.21424058079719543,0.03980546444654465,0.039805468171834946,0.03980560228228569,0.1,1.5,0.4015509259807487
0,u=0.10_alpha=1.50,v09,fixed_random,100,500,0.1,0.1,0.10608987510204315,0.1,8.040209696969692,0.10334,0.10000000894069672,7.450580596923828e-09,0.10000000149011612,0.10000000149011612,0.10000000149011612,0.10000000149011612,0.10000000149011612,2.9802322387695312e-08,7.450580596923828e-09,1.4901161193847656e-08,0.1,1.5,0.4015509259807487
0,u=0.10_alpha=1.50,v09,matched_random,100,500,0.1,0.1,0.10608987510204315,0.10608987510204315,8.123610101010105,0.10568,0.10608985275030136,2.2351741790771484e-08,0.10608987510204315,0.10608987510204315,0.10608987510204315,0.10608987510204315,0.10608987510204315,1.4901161193847656e-08,2.2351741790771484e-08,7.450580596923828e-09,0.1,1.5,0.4015509259807487
0,u=0.10_alpha=2.00,v00,nn,100,500,0.1,0.1,0.10751088708639145,0.10751088708639145,6.922347272727271,0.1092,0.10751088708639145,0.05514513701200485,0.04741114377975464,0.05706225335598125,0.08635076880455017,0.1881822645664215,0.2688772678375244,0.05514514073729515,0.05514513701200485,0.055144939571619034,0.1,2.0,0.4015509259807487
0,u=0.10_alpha=2.00,v00,fixed_random,100,500,0.1,0.1,0.10751088708639145,0.1,7.512800808080807,0.09913999999999999,0.10000000894069672,7.450580596923828e-09,0.10000000149011612,0.10000000149011612,0.10000000149011612,0.10000000149011612,0.10000000149011612,2.9802322387695312e-08,7.450580596923828e-09,1.4901161193847656e-08,0.1,2.0,0.4015509259807487
0,u=0.10_alpha=2.00,v00,matched_random,100,500,0.1,0.1,0.10751088708639145,0.10751088708639145,7.06271232323232,0.10814,0.10751090943813324,2.2351741790771484e-08,0.10751088708639145,0.10751088708639145,0.10751088708639145,0.10751088708639145,0.10751088708639145,1.4901161193847656e-08,2.2351741790771484e-08,7.450580596923828e-09,0.1,2.0,0.4015509259807487
0,u=0.10_alpha=2.00,v01,nn,100,500,0.1,0.1,0.11540326476097107,0.11540326476097107,7.362888282828279,0.11503999999999999,0.11540326476097107,0.05763925611972809,0.04741114377975464,0.05730655789375305,0.09972119331359863,0.1932704746723175,0.2688772678375244,0.05763924866914749,0.05763925611972809,0.05763901770114899,0.1,2.0,0.4015509259807487
0,u=0.10_alpha=2.00,v01,fixed_random,100,500,0.1,0.1,0.11540326476097107,0.1,7.054117373737374,0.10002000000000001,0.10000000894069672,7.450580596923828e-09,0.10000000149011612,0.10000000149011612,0.10000000149011612,0.10000000149011612,0.10000000149011612,2.9802322387695312e-08,7.450580596923828e-09,1.4901161193847656e-08,0.1,2.0,0.4015509259807487
0,u=0.10_alpha=2.00,v01,matched_random,100,500,0.1,0.1,0.11540326476097107,0.11540326476097107,7.856238181818182,0.11603999999999999,0.11540327966213226,1.4901161193847656e-08,0.11540326476097107,0.11540326476097107,0.11540326476097107,0.11540326476097107,0.11540326476097107,1.4901161193847656e-08,1.4901161193847656e-08,2.2351741790771484e-08,0.1,2.0,0.4015509259807487
0,u=0.10_alpha=2.00,v02,nn,100,500,0.1,0.1,0.10720596462488174,0.10720596462488174,7.061222626262627,0.10794000000000001,0.10720596462488174,0.05090344324707985,0.04741114377975464,0.04741114377975464,0.09323914349079132,0.175696462392807,0.2688772678375244,0.05090344324707985,0.05090344324707985,0.05090336129069328,0.1,2.0,0.4015509259807487
0,u=0.10_alpha=2.00,v02,fixed_random,100,500,0.1,0.1,0.10720596462488174,0.1,7.478373131313127,0.10114000000000001,0.10000000894069672,7.450580596923828e-09,0.10000000149011612,0.10000000149011612,0.10000000149011612,0.10000000149011612,0.10000000149011612,2.9802322387695312e-08,7.450580596923828e-09,1.4901161193847656e-08,0.1,2.0,0.4015509259807487
0,u=0.10_alpha=2.00,v02,matched_random,100,500,0.1,0.1,0.10720596462488174,0.10720596462488174,7.669078989898996,0.10636,0.10720597952604294,1.4901161193847656e-08,0.10720596462488174,0.10720596462488174,0.10720596462488174,0.10720596462488174,0.10720596462488174,2.9802322387695312e-08,1.4901161193847656e-08,7.450580596923828e-09,0.1,2.0,0.4015509259807487
0,u=0.10_alpha=2.00,v03,nn,100,500,0.1,0.1,0.10836197435855865,0.10836197435855865,8.211593535353527,0.1096,0.10836197435855865,0.04504860192537308,0.04741114377975464,0.05674490034580537,0.09972119331359863,0.15882548689842224,0.2688772678375244,0.04504859820008278,0.04504860192537308,0.04504852369427681,0.1,2.0,0.4015509259807487
0,u=0.10_alpha=2.00,v03,fixed_random,100,500,0.1,0.1,0.10836197435855865,0.1,8.455696969696971,0.10071999999999999,0.10000000894069672,7.450580596923828e-09,0.10000000149011612,0.10000000149011612,0.10000000149011612,0.10000000149011612,0.10000000149011612,2.9802322387695312e-08,7.450580596923828e-09,1.4901161193847656e-08,0.1,2.0,0.4015509259807487
0,u=0.10_alpha=2.00,v03,matched_random,100,500,0.1,0.1,0.10836197435855865,0.10836197435855865,8.147900202020205,0.10928,0.10836197435855865,0.0,0.10836197435855865,0.10836197435855865,0.10836197435855865,0.10836197435855865,0.10836197435855865,7.450580596923828e-09,0.0,2.2351741790771484e-08,0.1,2.0,0.4015509259807487
0,u=0.10_alpha=2.00,v04,nn,100,500,0.1,0.1,0.10123472660779953,0.10123472660779953,7.840933737373734,0.1007,0.10123472660779953,0.05149349942803383,0.047411128878593445,0.04741114377975464,0.08837336301803589,0.16871201694010557,0.2688772678375244,0.05149349942803383,0.05149349942803383,0.051493316888809204,0.1,2.0,0.4015509259807487
0,u=0.10_alpha=2.00,v04,fixed_random,100,500,0.1,0.1,0.10123472660779953,0.1,9.181216565656557,0.10012,0.10000000894069672,7.450580596923828e-09,0.10000000149011612,0.10000000149011612,0.10000000149011612,0.10000000149011612,0.10000000149011612,2.9802322387695312e-08,7.450580596923828e-09,1.4901161193847656e-08,0.1,2.0,0.4015509259807487
0,u=0.10_alpha=2.00,v04,matched_random,100,500,0.1,0.1,0.10123472660779953,0.10123472660779953,8.723637575757571,0.10128,0.10123469680547714,2.9802322387695312e-08,0.10123472660779953,0.10123472660779953,0.10123472660779953,0.10123472660779953,0.10123472660779953,2.2351741790771484e-08,2.9802322387695312e-08,0.0,0.1,2.0,0.4015509259807487
0,u=0.10_alpha=2.00,v05,nn,100,500,0.1,0.1,0.10797831416130066,0.10797831416130066,10.206121616161624,0.1082,0.10797831416130066,0.059849467128515244,0.04741114377975464,0.04741114377975464,0.09246461093425751,0.17898227870459543,0.2688772678375244,0.05984947830438614,0.059849467128515244,0.05984935909509659,0.1,2.0,0.4015509259807487
0,u=0.10_alpha=2.00,v05,fixed_random,100,500,0.1,0.1,0.10797831416130066,0.1,11.128464040404056,0.09936,0.10000000894069672,7.450580596923828e-09,0.10000000149011612,0.10000000149011612,0.10000000149011612,0.10000000149011612,0.10000000149011612,2.9802322387695312e-08,7.450580596923828e-09,1.4901161193847656e-08,0.1,2.0,0.4015509259807487
0,u=0.10_alpha=2.00,v05,matched_random,100,500,0.1,0.1,0.10797831416130066,0.10797831416130066,10.839547676767678,0.11096,0.10797832906246185,1.4901161193847656e-08,0.10797831416130066,0.10797831416130066,0.10797831416130066,0.10797831416130066,0.10797831416130066,0.0,1.4901161193847656e-08,0.0,0.1,2.0,0.4015509259807487
0,u=0.10_alpha=2.00,v06,nn,100,500,0.1,0.1,0.10703510791063309,0.10703510791063309,6.9785608080808,0.10352,0.10703510791063309,0.05455709248781204,0.047411128878593445,0.04741114377975464,0.09419265389442444,0.175696462392807,0.2688772678375244,0.05455709248781204,0.05455709248781204,0.054556954652071,0.1,2.0,0.4015509259807487
0,u=0.10_alpha=2.00,v06,fixed_random,100,500,0.1,0.1,0.10703510791063309,0.1,7.162896969696965,0.09853999999999999,0.10000000894069672,7.450580596923828e-09,0.10000000149011612,0.10000000149011612,0.10000000149011612,0.10000000149011612,0.10000000149011612,2.9802322387695312e-08,7.450580596923828e-09,1.4901161193847656e-08,0.1,2.0,0.4015509259807487
0,u=0.10_alpha=2.00,v06,matched_random,100,500,0.1,0.1,0.10703510791063309,0.10703510791063309,7.691925858585854,0.10686,0.10703513771295547,2.9802322387695312e-08,0.10703510791063309,0.10703510791063309,0.10703510791063309,0.10703510791063309,0.10703510791063309,7.450580596923828e-09,2.9802322387695312e-08,7.450580596923828e-09,0.1,2.0,0.4015509259807487
0,u=0.10_alpha=2.00,v07,nn,100,500,0.1,0.1,0.10036370903253555,0.10036370903253555,6.061883838383838,0.10042,0.10036370903253555,0.042853571474552155,0.047411128878593445,0.05278926789760916,0.0922856330871582,0.15365612506866455,0.2688772678375244,0.042853571474552155,0.042853571474552155,0.04285341501235962,0.1,2.0,0.4015509259807487
0,u=0.10_alpha=2.00,v07,fixed_random,100,500,0.1,0.1,0.10036370903253555,0.1,6.2116351515151536,0.10006,0.10000000894069672,7.450580596923828e-09,0.10000000149011612,0.10000000149011612,0.10000000149011612,0.10000000149011612,0.10000000149011612,2.9802322387695312e-08,7.450580596923828e-09,1.4901161193847656e-08,0.1,2.0,0.4015509259807487
0,u=0.10_alpha=2.00,v07,matched_random,100,500,0.1,0.1,0.10036370903253555,0.10036370903253555,6.0084763636363645,0.1008,0.10036372393369675,1.4901161193847656e-08,0.10036370903253555,0.10036370903253555,0.10036370903253555,0.10036370903253555,0.10036370903253555,1.4901161193847656e-08,1.4901161193847656e-08,0.0,0.1,2.0,0.4015509259807487
0,u=0.10_alpha=2.00,v08,nn,100,500,0.1,0.1,0.11435935646295547,0.11435935646295547,6.855111313131314,0.11460000000000001,0.11435935646295547,0.06508252769708633,0.04741114377975464,0.05189944505691801,0.09972118586301804,0.2688772678375244,0.2688772678375244,0.06508253514766693,0.06508252769708633,0.06508231908082962,0.1,2.0,0.4015509259807487
0,u=0.10_alpha=2.00,v08,fixed_random,100,500,0.1,0.1,0.11435935646295547,0.1,6.8184549494949405,0.10092000000000001,0.10000000894069672,7.450580596923828e-09,0.10000000149011612,0.10000000149011612,0.10000000149011612,0.10000000149011612,0.10000000149011612,2.9802322387695312e-08,7.450580596923828e-09,1.4901161193847656e-08,0.1,2.0,0.4015509259807487
0,u=0.10_alpha=2.00,v08,matched_random,100,500,0.1,0.1,0.11435935646295547,0.11435935646295547,7.7705197979798015,0.11526,0.11435936391353607,7.450580596923828e-09,0.11435935646295547,0.11435935646295547,0.11435935646295547,0.11435935646295547,0.11435935646295547,7.450580596923828e-09,7.450580596923828e-09,7.450580596923828e-09,0.1,2.0,0.4015509259807487
0,u=0.10_alpha=2.00,v09,nn,100,500,0.1,0.1,0.11070046573877335,0.11070046573877335,7.154507474747474,0.11077999999999999,0.11070046573877335,0.05589836835861206,0.047411128878593445,0.04741114377975464,0.09972119331359863,0.2017606496810913,0.2688772678375244,0.05589836835861206,0.05589836835861206,0.05589815601706505,0.1,2.0,0.4015509259807487
0,u=0.10_alpha=2.00,v09,fixed_random,100,500,0.1,0.1,0.11070046573877335,0.1,8.040209696969692,0.10334,0.10000000894069672,7.450580596923828e-09,0.10000000149011612,0.10000000149011612,0.10000000149011612,0.10000000149011612,0.10000000149011612,2.9802322387695312e-08,7.450580596923828e-09,1.4901161193847656e-08,0.1,2.0,0.4015509259807487
0,u=0.10_alpha=2.00,v09,matched_random,100,500,0.1,0.1,0.11070046573877335,0.11070046573877335,8.380644444444442,0.1103,0.11070048063993454,1.4901161193847656e-08,0.11070046573877335,0.11070046573877335,0.11070046573877335,0.11070046573877335,0.11070046573877335,1.4901161193847656e-08,1.4901161193847656e-08,7.450580596923828e-09,0.1,2.0,0.4015509259807487
0,u=0.10_alpha=3.00,v00,nn,100,500,0.1,0.1,0.11861658096313477,0.11861658096313477,7.971278181818179,0.11952,0.11861658096313477,0.09115996211767197,0.03223681449890137,0.04275367259979399,0.08019372820854187,0.25083106756210327,0.40086138248443604,0.09115993976593018,0.09115996211767197,0.09116005152463913,0.1,3.0,0.4015509259807487
0,u=0.10_alpha=3.00,v00,fixed_random,100,500,0.1,0.1,0.11861658096313477,0.1,7.512800808080807,0.09913999999999999,0.10000000894069672,7.450580596923828e-09,0.10000000149011612,0.10000000149011612,0.10000000149011612,0.10000000149011612,0.10000000149011612,2.9802322387695312e-08,7.450580596923828e-09,1.4901161193847656e-08,0.1,3.0,0.4015509259807487
0,u=0.10_alpha=3.00,v00,matched_random,100,500,0.1,0.1,0.11861658096313477,0.11861658096313477,7.351185656565655,0.11852,0.11861658096313477,0.0,0.11861658096313477,0.11861658096313477,0.11861658096313477,0.11861658096313477,0.11861658096313477,2.2351741790771484e-08,0.0,0.0,0.1,3.0,0.4015509259807487
0,u=0.10_alpha=3.00,v01,nn,100,500,0.1,0.1,0.13126790523529053,0.13126790523529053,8.084835959595962,0.13072,0.13126790523529053,0.09579962491989136,0.03223681449890137,0.04302990436553955,0.09958202391862869,0.2602374851703644,0.40086138248443604,0.09579961001873016,0.09579962491989136,0.0957997590303421,0.1,3.0,0.4015509259807487
0,u=0.10_alpha=3.00,v01,fixed_random,100,500,0.1,0.1,0.13126790523529053,0.1,7.054117373737374,0.10002000000000001,0.10000000894069672,7.450580596923828e-09,0.10000000149011612,0.10000000149011612,0.10000000149011612,0.10000000149011612,0.10000000149011612,2.9802322387695312e-08,7.450580596923828e-09,1.4901161193847656e-08,0.1,3.0,0.4015509259807487
0,u=0.10_alpha=3.00,v01,matched_random,100,500,0.1,0.1,0.13126790523529053,0.13126790523529053,8.06111555555555,0.13228,0.13126790523529053,0.0,0.13126790523529053,0.13126790523529053,0.13126790523529053,0.13126790523529053,0.13126790523529053,1.4901161193847656e-08,0.0,2.9802322387695312e-08,0.1,3.0,0.4015509259807487
0,u=0.10_alpha=3.00,v02,nn,100,500,0.1,0.1,0.11792860180139542,0.11792860180139542,7.810700404040409,0.11768,0.11792860180139542,0.08148306608200073,0.03223681449890137,0.03223681449890137,0.09001807868480682,0.22792604565620422,0.40086138248443604,0.08148305863142014,0.08148306608200073,0.08148307353258133,0.1,3.0,0.4015509259807487
0,u=0.10_alpha=3.00,v02,fixed_random,100,500,0.1,0.1,0.11792860180139542,0.1,7.478373131313127,0.10114000000000001,0.10000000894069672,7.450580596923828e-09,0.10000000149011612,0.10000000149011612,0.10000000149011612,0.10000000149011612,0.10000000149011612,2.9802322387695312e-08,7.450580596923828e-09,1.4901161193847656e-08,0.1,3.0,0.4015509259807487
0,u=0.10_alpha=3.00,v02,matched_random,100,500,0.1,0.1,0.11792860180139542,0.11792860180139542,8.228074545454543,0.1175,0.11792861670255661,1.4901161193847656e-08,0.11792860180139542,0.11792860180139542,0.11792860180139542,0.11792860180139542,0.11792860180139542,7.450580596923828e-09,1.4901161193847656e-08,1.4901161193847656e-08,0.1,3.0,0.4015509259807487
0,u=0.10_alpha=3.00,v03,nn,100,500,0.1,0.1,0.11823663115501404,0.11823663115501404,8.969310505050505,0.11907999999999999,0.11823663115501404,0.0717838704586029,0.03223681449890137,0.0424042582511936,0.0995820164680481,0.19751840829849243,0.40086138248443604,0.0717838853597641,0.0717838704586029,0.07178398966789246,0.1,3.0,0.4015509259807487
0,u=0.10_alpha=3.00,v03,fixed_random,100,500,0.1,0.1,0.11823663115501404,0.1,8.455696969696971,0.10071999999999999,0.10000000894069672,7.450580596923828e-09,0.10000000149011612,0.10000000149011612,0.10000000149011612,0.10000000149011612,0.10000000149011612,2.9802322387695312e-08,7.450580596923828e-09,1.4901161193847656e-08,0.1,3.0,0.4015509259807487
0,u=0.10_alpha=3.00,v03,matched_random,100,500,0.1,0.1,0.11823663115501404,0.11823663115501404,8.57543919191919,0.11926,0.11823665350675583,2.2351741790771484e-08,0.11823663115501404,0.11823663115501404,0.11823663115501404,0.11823663115501404,0.11823663115501404,1.4901161193847656e-08,2.2351741790771484e-08,0.0,0.1,3.0,0.4015509259807487
0,u=0.10_alpha=3.00,v04,nn,100,500,0.1,0.1,0.10868390649557114,0.10868390649557114,8.549364848484856,0.1079,0.10868390649557114,0.08353225886821747,0.03223681449890137,0.03223681449890137,0.08302965760231018,0.2152569264173303,0.40086138248443604,0.08353225886821747,0.08353225886821747,0.08353237062692642,0.1,3.0,0.4015509259807487
0,u=0.10_alpha=3.00,v04,fixed_random,100,500,0.1,0.1,0.10868390649557114,0.1,9.181216565656557,0.10012,0.10000000894069672,7.450580596923828e-09,0.10000000149011612,0.10000000149011612,0.10000000149011612,0.10000000149011612,0.10000000149011612,2.9802322387695312e-08,7.450580596923828e-09,1.4901161193847656e-08,0.1,3.0,0.4015509259807487
0,u=0.10_alpha=3.00,v04,matched_random,100,500,0.1,0.1,0.10868390649557114,0.10868390649557114,9.011680000000002,0.1085,0.10868392884731293,2.2351741790771484e-08,0.10868390649557114,0.10868390649557114,0.10868390649557114,0.10868390649557114,0.10868390649557114,1.4901161193847656e-08,2.2351741790771484e-08,1.4901161193847656e-08,0.1,3.0,0.4015509259807487
0,u=0.10_alpha=3.00,v05,nn,100,500,0.1,0.1,0.12047524750232697,0.12047524750232697,10.705806464646471,0.12104,0.12047524750232697,0.09891891479492188,0.03223681449890137,0.03223681449890137,0.08890208601951599,0.23399992883196574,0.40086138248443604,0.09891891479492188,0.09891891479492188,0.09891915321350098,0.1,3.0,0.4015509259807487
0,u=0.10_alpha=3.00,v05,fixed_random,100,500,0.1,0.1,0.12047524750232697,0.1,11.128464040404056,0.09936,0.10000000894069672,7.450580596923828e-09,0.10000000149011612,0.10000000149011612,0.10000000149011612,0.10000000149011612,0.10000000149011612,2.9802322387695312e-08,7.450580596923828e-09,1.4901161193847656e-08,0.1,3.0,0.4015509259807487
0,u=0.10_alpha=3.00,v05,matched_random,100,500,0.1,0.1,0.12047524750232697,0.12047524750232697,12.247430303030312,0.12406,0.12047526985406876,2.2351741790771484e-08,0.12047524750232697,0.12047524750232697,0.12047524750232697,0.12047524750232697,0.12047524750232697,1.4901161193847656e-08,2.2351741790771484e-08,0.0,0.1,3.0,0.4015509259807487
0,u=0.10_alpha=3.00,v06,nn,100,500,0.1,0.1,0.11772692203521729,0.11772692203521729,7.911974949494946,0.11513999999999999,0.11772692203521729,0.08988538384437561,0.03223681449890137,0.03223681449890137,0.09140375256538391,0.22792604565620422,0.40086138248443604,0.08988537639379501,0.08988538384437561,0.08988555520772934,0.1,3.0,0.4015509259807487
0,u=0.10_alpha=3.00,v06,fixed_random,100,500,0.1,0.1,0.11772692203521729,0.1,7.162896969696965,0.09853999999999999,0.10000000894069672,7.450580596923828e-09,0.10000000149011612,0.10000000149011612,0.10000000149011612,0.10000000149011612,0.10000000149011612,2.9802322387695312e-08,7.450580596923828e-09,1.4901161193847656e-08,0.1,3.0,0.4015509259807487
0,u=0.10_alpha=3.00,v06,matched_random,100,500,0.1,0.1,0.11772692203521729,0.11772692203521729,8.392025858585857,0.11744,0.11772692203521729,0.0,0.11772692203521729,0.11772692203521729,0.11772692203521729,0.11772692203521729,0.11772692203521729,1.4901161193847656e-08,0.0,1.4901161193847656e-08,0.1,3.0,0.4015509259807487
0,u=0.10_alpha=3.00,v07,nn,100,500,0.1,0.1,0.10546526312828064,0.10546526312828064,6.388192323232324,0.10647999999999999,0.10546526312828064,0.06905806809663773,0.03223681449890137,0.037989082932475715,0.08863240480422974,0.18836015462875366,0.40086138248443604,0.06905806809663773,0.06905806809663773,0.06905805319547653,0.1,3.0,0.4015509259807487
0,u=0.10_alpha=3.00,v07,fixed_random,100,500,0.1,0.1,0.10546526312828064,0.1,6.2116351515151536,0.10006,0.10000000894069672,7.450580596923828e-09,0.10000000149011612,0.10000000149011612,0.10000000149011612,0.10000000149011612,0.10000000149011612,2.9802322387695312e-08,7.450580596923828e-09,1.4901161193847656e-08,0.1,3.0,0.4015509259807487
0,u=0.10_alpha=3.00,v07,matched_random,100,500,0.1,0.1,0.10546526312828064,0.10546526312828064,6.1010632323232405,0.10587999999999999,0.10546528548002243,2.2351741790771484e-08,0.10546526312828064,0.10546526312828064,0.10546526312828064,0.10546526312828064,0.10546526312828064,7.450580596923828e-09,2.2351741790771484e-08,0.0,0.1,3.0,0.4015509259807487
0,u=0.10_alpha=3.00,v08,nn,100,500,0.1,0.1,0.1308365762233734,0.1308365762233734,7.990299191919189,0.13196,0.1308365762233734,0.10995184630155563,0.03223681449890137,0.03701307773590378,0.0995820164680481,0.40086138248443604,0.40086138248443604,0.10995185375213623,0.10995184630155563,0.10995211452245712,0.1,3.0,0.4015509259807487
0,u=0.10_alpha=3.00,v08,fixed_random,100,500,0.1,0.1,0.1308365762233734,0.1,6.8184549494949405,0.10092000000000001,0.10000000894069672,7.450580596923828e-09,0.10000000149011612,0.10000000149011612,0.10000000149011612,0.10000000149011612,0.10000000149011612,2.9802322387695312e-08,7.450580596923828e-09,1.4901161193847656e-08,0.1,3.0,0.4015509259807487
0,u=0.10_alpha=3.00,v08,matched_random,100,500,0.1,0.1,0.1308365762233734,0.1308365762233734,8.331851717171718,0.13162000000000001,0.1308365911245346,1.4901161193847656e-08,0.1308365762233734,0.1308365762233734,0.1308365762233734,0.1308365762233734,0.1308365762233734,1.4901161193847656e-08,1.4901161193847656e-08,0.0,0.1,3.0,0.4015509259807487
0,u=0.10_alpha=3.00,v09,nn,100,500,0.1,0.1,0.12345673143863678,0.12345673143863678,9.120725656565652,0.12342,0.12345673143863678,0.0929521694779396,0.03223681449890137,0.03223684132099152,0.0995820164680481,0.2760026454925537,0.40086138248443604,0.09295214712619781,0.0929521694779396,0.09295226633548737,0.1,3.0,0.4015509259807487
0,u=0.10_alpha=3.00,v09,fixed_random,100,500,0.1,0.1,0.12345673143863678,0.1,8.040209696969692,0.10334,0.10000000894069672,7.450580596923828e-09,0.10000000149011612,0.10000000149011612,0.10000000149011612,0.10000000149011612,0.10000000149011612,2.9802322387695312e-08,7.450580596923828e-09,1.4901161193847656e-08,0.1,3.0,0.4015509259807487
0,u=0.10_alpha=3.00,v09,matched_random,100,500,0.1,0.1,0.12345673143863678,0.12345673143863678,8.813349898989905,0.12344,0.12345673143863678,0.0,0.12345673143863678,0.12345673143863678,0.12345673143863678,0.12345673143863678,0.12345673143863678,7.450580596923828e-09,0.0,1.4901161193847656e-08,0.1,3.0,0.4015509259807487
0,u=0.20_alpha=0.10,v00,nn,100,500,0.2,0.1,0.09989587962627411,0.09989587962627411,13.847047878787869,0.10142,0.09989587962627411,0.0023574407678097486,0.09644359350204468,0.09729833304882061,0.09927307069301605,0.10335811972618103,0.1055164560675621,0.0023574407678097486,0.0023574407678097486,0.0023574873339384794,0.2,0.1,0.4015509259807487
0,u=0.20_alpha=0.10,v00,fixed_random,100,500,0.2,0.1,0.09989587962627411,0.1,15.102537979797967,0.09913999999999999,0.10000000894069672,7.450580596923828e-09,0.10000000149011612,0.10000000149011612,0.10000000149011612,0.10000000149011612,0.10000000149011612,2.9802322387695312e-08,7.450580596923828e-09,1.4901161193847656e-08,0.2,0.1,0.4015509259807487
0,u=0.20_alpha=0.10,v00,matched_random,100,500,0.2,0.1,0.09989587962627411,0.09989587962627411,14.271953939393937,0.10132,0.09989587962627411,0.0,0.09989587962627411,0.09989587962627411,0.09989587962627411,0.09989587962627411,0.09989587962627411,1.4901161193847656e-08,0.0,7.450580596923828e-09,0.2,0.1,0.4015509259807487
0,u=0.20_alpha=0.10,v01,nn,100,500,0.2,0.1,0.10024704039096832,0.10024704039096832,13.973374949494964,0.09922,0.10024704039096832,0.0024337677750736475,0.09644359350204468,0.09731858968734741,0.09998603165149689,0.10351097583770752,0.10551643371582031,0.0024337677750736475,0.0024337677750736475,0.0024338120128959417,0.2,0.1,0.4015509259807487
0,u=0.20_alpha=0.10,v01,fixed_random,100,500,0.2,0.1,0.10024704039096832,0.1,14.448591919191918,0.10002000000000001,0.10000000894069672,7.450580596923828e-09,0.10000000149011612,0.10000000149011612,0.10000000149011612,0.10000000149011612,0.10000000149011612,2.9802322387695312e-08,7.450580596923828e-09,1.4901161193847656e-08,0.2,0.1,0.4015509259807487
0,u=0.20_alpha=0.10,v01,matched_random,100,500,0.2,0.1,0.10024704039096832,0.10024704039096832,14.4241715151515,0.10076,0.10024703294038773,7.450580596923828e-09,0.10024704039096832,0.10024704039096832,0.10024704039096832,0.10024704039096832,0.10024704039096832,7.450580596923828e-09,7.450580596923828e-09,7.450580596923828e-09,0.2,0.1,0.4015509259807487
0,u=0.20_alpha=0.10,v02,nn,100,500,0.2,0.1,0.09989175945520401,0.09989175945520401,13.811151515151503,0.10108,0.09989175945520401,0.0023584049195051193,0.09644359350204468,0.09644359350204468,0.09965160489082336,0.10296991467475891,0.10551643371582031,0.0023584049195051193,0.0023584049195051193,0.002358530182391405,0.2,0.1,0.4015509259807487
0,u=0.20_alpha=0.10,v02,fixed_random,100,500,0.2,0.1,0.09989175945520401,0.1,14.743214141414143,0.10114000000000001,0.10000000894069672,7.450580596923828e-09,0.10000000149011612,0.10000000149011612,0.10000000149011612,0.10000000149011612,0.10000000149011612,2.9802322387695312e-08,7.450580596923828e-09,1.4901161193847656e-08,0.2,0.1,0.4015509259807487
0,u=0.20_alpha=0.10,v02,matched_random,100,500,0.2,0.1,0.09989175945520401,0.09989175945520401,14.843276161616155,0.09968,0.0998917669057846,7.450580596923828e-09,0.09989175945520401,0.09989175945520401,0.09989175945520401,0.09989175945520401,0.09989175945520401,7.450580596923828e-09,7.450580596923828e-09,0.0,0.2,0.1,0.4015509259807487
0,u=0.20_alpha=0.10,v03,nn,100,500,0.2,0.1,0.10004308819770813,0.10004308819770813,15.17468868686868,0.10122,0.10004308819770813,0.0021120968740433455,0.09644359350204468,0.09727077484130886,0.0999860167503357,0.10241147875785828,0.10551643371582031,0.0021120968740433455,0.0021120968740433455,0.002112177899107337,0.2,0.1,0.4015509259807487
0,u=0.20_alpha=0.10,v03,fixed_random,100,500,0.2,0.1,0.10004308819770813,0.1,16.900874545454545,0.10071999999999999,0.10000000894069672,7.450580596923828e-09,0.10000000149011612,0.10000000149011612,0.10000000149011612,0.10000000149011612,0.10000000149011612,2.9802322387695312e-08,7.450580596923828e-09,1.4901161193847656e-08,0.2,0.1,0.4015509259807487
0,u=0.20_alpha=0.10,v03,matched_random,100,500,0.2,0.1,0.10004308819770813,0.10004308819770813,15.825311717171719,0.10058,0.10004306584596634,2.2351741790771484e-08,0.10004308819770813,0.10004308819770813,0.10004308819770813,0.10004308819770813,0.10004308819770813,7.450580596923828e-09,2.2351741790771484e-08,1.4901161193847656e-08,0.2,0.1,0.4015509259807487
0,u=0.20_alpha=0.10,v04,nn,100,500,0.2,0.1,0.09959597885608673,0.09959597885608673,17.771703030303048,0.09880000000000001,0.09959597885608673,0.0023324103094637394,0.09644359350204468,0.09644359350204468,0.09938770532608032,0.10274348258972131,0.1055164560675621,0.0023324103094637394,0.0023324103094637394,0.0023324834182858467,0.2,0.1,0.4015509259807487
0,u=0.20_alpha=0.10,v04,fixed_random,100,500,0.2,0.1,0.09959597885608673,0.1,18.118704242424233,0.10012,0.10000000894069672,7.450580596923828e-09,0.10000000149011612,0.10000000149011612,0.10000000149011612,0.10000000149011612,0.10000000149011612,2.9802322387695312e-08,7.450580596923828e-09,1.4901161193847656e-08,0.2,0.1,0.4015509259807487
0,u=0.20_alpha=0.10,v04,matched_random,100,500,0.2,0.1,0.09959597885608673,0.09959597885608673,17.295013131313137,0.09954,0.09959598630666733,7.450580596923828e-09,0.09959597885608673,0.09959597885608673,0.09959597885608673,0.09959597885608673,0.09959597885608673,0.0,7.450580596923828e-09,2.2351741790771484e-08,0.2,0.1,0.4015509259807487
0,u=0.20_alpha=0.10,v05,nn,100,500,0.2,0.1,0.09982825070619583,0.09982825070619583,23.422898181818198,0.09992000000000001,0.09982825070619583,0.002585794311016798,0.09644359350204468,0.09644359350204468,0.0996098518371582,0.10306829214095926,0.10551643371582031,0.002585794311016798,0.002585794311016798,0.002585784299299121,0.2,0.1,0.4015509259807487
0,u=0.20_alpha=0.10,v05,fixed_random,100,500,0.2,0.1,0.09982825070619583,0.1,21.966869292929303,0.09936,0.10000000894069672,7.450580596923828e-09,0.10000000149011612,0.10000000149011612,0.10000000149011612,0.10000000149011612,0.10000000149011612,2.9802322387695312e-08,7.450580596923828e-09,1.4901161193847656e-08,0.2,0.1,0.4015509259807487
0,u=0.20_alpha=0.10,v05,matched_random,100,500,0.2,0.1,0.09982825070619583,0.09982825070619583,22.321739191919175,0.10266,0.09982825070619583,0.0,0.09982825070619583,0.09982825070619583,0.09982825070619583,0.09982825070619583,0.09982825070619583,2.2351741790771484e-08,0.0,1.4901161193847656e-08,0.2,0.1,0.4015509259807487
0,u=0.20_alpha=0.10,v06,nn,100,500,0.2,0.1,0.09987112134695053,0.09987112134695053,13.838265656565659,0.09694000000000001,0.09987112134695053,0.002375707495957613,0.09644359350204468,0.09644359350204468,0.09970217943191528,0.10296991467475891,0.10551643371582031,0.0023757072631269693,0.002375707495957613,0.0023756877053529024,0.2,0.1,0.4015509259807487
0,u=0.20_alpha=0.10,v06,fixed_random,100,500,0.2,0.1,0.09987112134695053,0.1,14.272026666666662,0.09853999999999999,0.10000000894069672,7.450580596923828e-09,0.10000000149011612,0.10000000149011612,0.10000000149011612,0.10000000149011612,0.10000000149011612,2.9802322387695312e-08,7.450580596923828e-09,1.4901161193847656e-08,0.2,0.1,0.4015509259807487
0,u=0.20_alpha=0.10,v06,matched_random,100,500,0.2,0.1,0.09987112134695053,0.09987112134695053,15.135550101010102,0.1002,0.09987113624811172,1.4901161193847656e-08,0.09987112134695053,0.09987112134695053,0.09987112134695053,0.09987112134695053,0.09987112134695053,2.2351741790771484e-08,1.4901161193847656e-08,1.4901161193847656e-08,0.2,0.1,0.4015509259807487
0,u=0.20_alpha=0.10,v07,nn,100,500,0.2,0.1,0.09968528151512146,0.09968528151512146,12.733311515151515,0.10024,0.09968528151512146,0.001977767562493682,0.09644359350204468,0.0969350054860118,0.09960103034973145,0.10223132371902466,0.10551643371582031,0.0019777677953243256,0.001977767562493682,0.0019777612760663033,0.2,0.1,0.4015509259807487
0,u=0.20_alpha=0.10,v07,fixed_random,100,500,0.2,0.1,0.09968528151512146,0.1,12.526918989898991,0.10006,0.10000000894069672,7.450580596923828e-09,0.10000000149011612,0.10000000149011612,0.10000000149011612,0.10000000149011612,0.10000000149011612,2.9802322387695312e-08,7.450580596923828e-09,1.4901161193847656e-08,0.2,0.1,0.4015509259807487
0,u=0.20_alpha=0.10,v07,matched_random,100,500,0.2,0.1,0.09968528151512146,0.09968528151512146,12.084862626262625,0.10002000000000001,0.09968530386686325,2.2351741790771484e-08,0.09968528151512146,0.09968528151512146,0.09968528151512146,0.09968528151512146,0.09968528151512146,2.2351741790771484e-08,2.2351741790771484e-08,7.450580596923828e-09,0.2,0.1,0.4015509259807487
0,u=0.20_alpha=0.10,v08,nn,100,500,0.2,0.1,0.10011330991983414,0.10011330991983414,13.602157373737379,0.09952,0.10011330991983414,0.002616188023239374,0.09644359350204468,0.09685724377632167,0.0999860167503357,0.10551643371582031,0.10551643371582031,0.002616188023239374,0.002616188023239374,0.0026161030400544405,0.2,0.1,0.4015509259807487
0,u=0.20_alpha=0.10,v08,fixed_random,100,500,0.2,0.1,0.10011330991983414,0.1,13.607676767676756,0.10092000000000001,0.10000000894069672,7.450580596923828e-09,0.10000000149011612,0.10000000149011612,0.10000000149011612,0.10000000149011612,0.10000000149011612,2.9802322387695312e-08,7.450580596923828e-09,1.4901161193847656e-08,0.2,0.1,0.4015509259807487
0,u=0.20_alpha=0.10,v08,matched_random,100,500,0.2,0.1,0.10011330991983414,0.10011330991983414,13.99539676767677,0.10082,0.10011328756809235,2.2351741790771484e-08,0.10011330991983414,0.10011330991983414,0.10011330991983414,0.10011330991983414,0.10011330991983414,1.4901161193847656e-08,2.2351741790771484e-08,0.0,0.2,0.1,0.4015509259807487
0,u=0.20_alpha=0.10,v09,nn,100,500,0.2,0.1,0.10004765540361404,0.10004765540361404,15.352267676767681,0.10022,0.10004765540361404,0.002377781318500638,0.09644359350204468,0.0964436337351799,0.0999860167503357,0.10375982522964478,0.10551643371582031,0.002377781318500638,0.002377781318500638,0.0023777915630489588,0.2,0.1,0.4015509259807487
0,u=0.20_alpha=0.10,v09,fixed_random,100,500,0.2,0.1,0.10004765540361404,0.1,16.23606161616163,0.10334,0.10000000894069672,7.450580596923828e-09,0.10000000149011612,0.10000000149011612,0.10000000149011612,0.10000000149011612,0.10000000149011612,2.9802322387695312e-08,7.450580596923828e-09,1.4901161193847656e-08,0.2,0.1,0.4015509259807487
0,u=0.20_alpha=0.10,v09,matched_random,100,500,0.2,0.1,0.10004765540361404,0.10004765540361404,16.227944848484857,0.09958,0.10004768520593643,2.9802322387695312e-08,0.10004765540361404,0.10004765540361404,0.10004765540361404,0.10004765540361404,0.10004765540361404,2.9802322387695312e-08,2.9802322387695312e-08,0.0,0.2,0.1,0.4015509259807487
0,u=0.20_alpha=0.20,v00,nn,100,500,0.2,0.1,0.09984111040830612,0.09984111040830612,13.848071717171711,0.10167999999999999,0.09984111040830612,0.004741119686514139,0.09300068020820618,0.09466200172901175,0.0985509604215622,0.1068156361579895,0.11129957437515259,0.0047411201521754265,0.004741119686514139,0.004741160664707422,0.2,0.2,0.4015509259807487
0,u=0.20_alpha=0.20,v00,fixed_random,100,500,0.2,0.1,0.09984111040830612,0.1,15.102537979797967,0.09913999999999999,0.10000000894069672,7.450580596923828e-09,0.10000000149011612,0.10000000149011612,0.10000000149011612,0.10000000149011612,0.10000000149011612,2.9802322387695312e-08,7.450580596923828e-09,1.4901161193847656e-08,0.2,0.2,0.4015509259807487
0,u=0.20_alpha=0.20,v00,matched_random,100,500,0.2,0.1,0.09984111040830612,0.09984111040830612,14.26843515151515,0.10128,0.09984110295772552,7.450580596923828e-09,0.09984111040830612,0.09984111040830612,0.09984111040830612,0.09984111040830612,0.09984111040830612,0.0,7.450580596923828e-09,0.0,0.2,0.2,0.4015509259807487
0,u=0.20_alpha=0.20,v01,nn,100,500,0.2,0.1,0.10054706037044525,0.10054706037044525,13.865545050505053,0.09956,0.10054706037044525,0.00489772018045187,0.09300068020820618,0.09470149874687195,0.09997207671403885,0.10713061690330505,0.1112995445728302,0.00489772018045187,0.00489772018045187,0.004897784441709518,0.2,0.2,0.4015509259807487
0,u=0.20_alpha=0.20,v01,fixed_random,100,500,0.2,0.1,0.10054706037044525,0.1,14.448591919191918,0.10002000000000001,0.10000000894069672,7.450580596923828e-09,0.10000000149011612,0.10000000149011612,0.10000000149011612,0.10000000149011612,0.10000000149011612,2.9802322387695312e-08,7.450580596923828e-09,1.4901161193847656e-08,0.2,0.2,0.4015509259807487
0,u=0.20_alpha=0.20,v01,matched_random,100,500,0.2,0.1,0.10054706037044525,0.10054706037044525,14.43060888888888,0.10096,0.10054706782102585,7.450580596923828e-09,0.10054706037044525,0.10054706037044525,0.10054706037044525,0.10054706037044525,0.10054706037044525,7.450580596923828e-09,7.450580596923828e-09,2.2351741790771484e-08,0.2,0.2,0.4015509259807487
0,u=0.20_alpha=0.20,v02,nn,100,500,0.2,0.1,0.09983303397893906,0.09983303397893906,13.627304444444436,0.10116,0.09983303397893906,0.004723715130239725,0.09300068020820618,0.09300068020820618,0.09930434823036194,0.10601767897605896,0.1112995445728302,0.004723715130239725,0.004723715130239725,0.004723700694739819,0.2,0.2,0.4015509259807487
0,u=0.20_alpha=0.20,v02,fixed_random,100,500,0.2,0.1,0.09983303397893906,0.1,14.743214141414143,0.10114000000000001,0.10000000894069672,7.450580596923828e-09,0.10000000149011612,0.10000000149011612,0.10000000149011612,0.10000000149011612,0.10000000149011612,2.9802322387695312e-08,7.450580596923828e-09,1.4901161193847656e-08,0.2,0.2,0.4015509259807487
0,u=0.20_alpha=0.20,v02,matched_random,100,500,0.2,0.1,0.09983303397893906,0.09983303397893906,14.84239919191919,0.09962,0.09983301907777786,1.4901161193847656e-08,0.09983303397893906,0.09983303397893906,0.09983303397893906,0.09983303397893906,0.09983303397893906,7.450580596923828e-09,1.4901161193847656e-08,0.0,0.2,0.2,0.4015509259807487
0,u=0.20_alpha=0.20,v03,nn,100,500,0.2,0.1,0.10012581944465637,0.10012581944465637,15.362938585858602,0.10118,0.10012581944465637,0.004227227997034788,0.09300068020820618,0.09460838437080435,0.09997206926345825,0.10487431287765503,0.1112995445728302,0.004227227531373501,0.004227227997034788,0.004227267578244209,0.2,0.2,0.4015509259807487
0,u=0.20_alpha=0.20,v03,fixed_random,100,500,0.2,0.1,0.10012581944465637,0.1,16.900874545454545,0.10071999999999999,0.10000000894069672,7.450580596923828e-09,0.10000000149011612,0.10000000149011612,0.10000000149011612,0.10000000149011612,0.10000000149011612,2.9802322387695312e-08,7.450580596923828e-09,1.4901161193847656e-08,0.2,0.2,0.4015509259807487
0,u=0.20_alpha=0.20,v03,matched_random,100,500,0.2,0.1,0.10012581944465637,0.10012581944465637,15.794730505050504,0.10067999999999999,0.10012579709291458,2.2351741790771484e-08,0.10012581944465637,0.10012581944465637,0.10012581944465637,0.10012581944465637,0.10012581944465637,0.0,2.2351741790771484e-08,0.0,0.2,0.2,0.4015509259807487
0,u=0.20_alpha=0.20,v04,nn,100,500,0.2,0.1,0.09924174845218658,0.09924174845218658,16.638057171717165,0.09849999999999999,0.09924174845218658,0.0046739159151911736,0.09300068020820618,0.09300068020820618,0.09877872467041016,0.10555336177349016,0.11129957437515259,0.0046739159151911736,0.0046739159151911736,0.004673960618674755,0.2,0.2,0.4015509259807487
0,u=0.20_alpha=0.20,v04,fixed_random,100,500,0.2,0.1,0.09924174845218658,0.1,18.118704242424233,0.10012,0.10000000894069672,7.450580596923828e-09,0.10000000149011612,0.10000000149011612,0.10000000149011612,0.10000000149011612,0.10000000149011612,2.9802322387695312e-08,7.450580596923828e-09,1.4901161193847656e-08,0.2,0.2,0.4015509259807487
0,u=0.20_alpha=0.20,v04,matched_random,100,500,0.2,0.1,0.09924174845218658,0.09924174845218658,17.27481111111112,0.09904,0.09924174845218658,0.0,0.09924174845218658,0.09924174845218658,0.09924174845218658,0.09924174845218658,0.09924174845218658,1.4901161193847656e-08,0.0,0.0,0.2,0.2,0.4015509259807487
0,u=0.20_alpha=0.20,v05,nn,100,500,0.2,0.1,0.09971609711647034,0.09971609711647034,22.83672686868686,0.09996000000000001,0.09971609711647034,0.005194130353629589,0.09300068020820618,0.09300068020820618,0.0992211401462555,0.10622040629386606,0.1112995445728302,0.005194130353629589,0.005194130353629589,0.005194191820919514,0.2,0.2,0.4015509259807487
0,u=0.20_alpha=0.20,v05,fixed_random,100,500,0.2,0.1,0.09971609711647034,0.1,21.966869292929303,0.09936,0.10000000894069672,7.450580596923828e-09,0.10000000149011612,0.10000000149011612,0.10000000149011612,0.10000000149011612,0.10000000149011612,2.9802322387695312e-08,7.450580596923828e-09,1.4901161193847656e-08,0.2,0.2,0.4015509259807487
0,u=0.20_alpha=0.20,v05,matched_random,100,500,0.2,0.1,0.09971609711647034,0.09971609711647034,22.36514222222223,0.10262,0.09971607476472855,2.2351741790771484e-08,0.09971609711647034,0.09971609711647034,0.09971609711647034,0.09971609711647034,0.09971609711647034,7.450580596923828e-09,2.2351741790771484e-08,0.0,0.2,0.2,0.4015509259807487
0,u=0.20_alpha=0.20,v06,nn,100,500,0.2,0.1,0.09979248046875,0.09979248046875,13.662223434343428,0.09704,0.09979248046875,0.004770169034600258,0.09300068020820618,0.09300068020820618,0.09940522909164429,0.10601767897605896,0.1112995445728302,0.004770168103277683,0.004770169034600258,0.004770259372889996,0.2,0.2,0.4015509259807487
0,u=0.20_alpha=0.20,v06,fixed_random,100,500,0.2,0.1,0.09979248046875,0.1,14.272026666666662,0.09853999999999999,0.10000000894069672,7.450580596923828e-09,0.10000000149011612,0.10000000149011612,0.10000000149011612,0.10000000149011612,0.10000000149011612,2.9802322387695312e-08,7.450580596923828e-09,1.4901161193847656e-08,0.2,0.2,0.4015509259807487
0,u=0.20_alpha=0.20,v06,matched_random,100,500,0.2,0.1,0.09979248046875,0.09979248046875,15.139693939393931,0.10013999999999999,0.09979248046875,0.0,0.09979248046875,0.09979248046875,0.09979248046875,0.09979248046875,0.09979248046875,0.0,0.0,0.0,0.2,0.2,0.4015509259807487
0,u=0.20_alpha=0.20,v07,nn,100,500,0.2,0.1,0.09940622746944427,0.09940622746944427,12.792515959595963,0.09986,0.09940622746944427,0.0039596110582351685,0.09300068020820618,0.09395444765687046,0.09920346736907959,0.10450670123100281,0.1112995445728302,0.0039596110582351685,0.0039596110582351685,0.003959638066589832,0.2,0.2,0.4015509259807487
0,u=0.20_alpha=0.20,v07,fixed_random,100,500,0.2,0.1,0.09940622746944427,0.1,12.526918989898991,0.10006,0.10000000894069672,7.450580596923828e-09,0.10000000149011612,0.10000000149011612,0.10000000149011612,0.10000000149011612,0.10000000149011612,2.9802322387695312e-08,7.450580596923828e-09,1.4901161193847656e-08,0.2,0.2,0.4015509259807487
0,u=0.20_alpha=0.20,v07,matched_random,100,500,0.2,0.1,0.09940622746944427,0.09940622746944427,12.060344848484858,0.09981999999999999,0.09940622746944427,0.0,0.09940622746944427,0.09940622746944427,0.09940622746944427,0.09940622746944427,0.09940622746944427,7.450580596923828e-09,0.0,7.450580596923828e-09,0.2,0.2,0.4015509259807487
0,u=0.20_alpha=0.20,v08,nn,100,500,0.2,0.1,0.10028721392154694,0.10028721392154694,13.38396404040404,0.09986,0.10028721392154694,0.005278649739921093,0.09300068020820618,0.09380327761173297,0.09997206926345825,0.1112995445728302,0.1112995445728302,0.005278649274259806,0.005278649739921093,0.005278788972645998,0.2,0.2,0.4015509259807487
0,u=0.20_alpha=0.20,v08,fixed_random,100,500,0.2,0.1,0.10028721392154694,0.1,13.607676767676756,0.10092000000000001,0.10000000894069672,7.450580596923828e-09,0.10000000149011612,0.10000000149011612,0.10000000149011612,0.10000000149011612,0.10000000149011612,2.9802322387695312e-08,7.450580596923828e-09,1.4901161193847656e-08,0.2,0.2,0.4015509259807487
0,u=0.20_alpha=0.20,v08,matched_random,100,500,0.2,0.1,0.10028721392154694,0.10028721392154694,13.958682222222222,0.10103999999999999,0.10028720647096634,7.450580596923828e-09,0.10028721392154694,0.10028721392154694,0.10028721392154694,0.10028721392154694,0.10028721392154694,7.450580596923828e-09,7.450580596923828e-09,1.4901161193847656e-08,0.2,0.2,0.4015509259807487
0,u=0.20_alpha=0.20,v09,nn,100,500,0.2,0.1,0.10014543682336807,0.10014543682336807,15.386614141414144,0.10016,0.10014543682336807,0.004780674818903208,0.09300068020820618,0.09300068691372872,0.09997206926345825,0.10764408111572266,0.1112995445728302,0.004780675284564495,0.004780674818903208,0.004780745133757591,0.2,0.2,0.4015509259807487
0,u=0.20_alpha=0.20,v09,fixed_random,100,500,0.2,0.1,0.10014543682336807,0.1,16.23606161616163,0.10334,0.10000000894069672,7.450580596923828e-09,0.10000000149011612,0.10000000149011612,0.10000000149011612,0.10000000149011612,0.10000000149011612,2.9802322387695312e-08,7.450580596923828e-09,1.4901161193847656e-08,0.2,0.2,0.4015509259807487
0,u=0.20_alpha=0.20,v09,matched_random,100,500,0.2,0.1,0.10014543682336807,0.10014543682336807,16.222938989898992,0.09981999999999999,0.10014545172452927,1.4901161193847656e-08,0.10014543682336807,0.10014543682336807,0.10014543682336807,0.10014543682336807,0.10014543682336807,7.450580596923828e-09,1.4901161193847656e-08,2.2351741790771484e-08,0.2,0.2,0.4015509259807487
0,u=0.20_alpha=0.50,v00,nn,100,500,0.2,0.1,0.09997577965259552,0.09997577965259552,13.520595959595958,0.10208,0.09997577965259552,0.012078872881829739,0.08332529664039612,0.08713341653347065,0.09641337394714355,0.11780473589897156,0.1303350031375885,0.012078871950507164,0.012078872881829739,0.012079047039151192,0.2,0.5,0.4015509259807487
0,u=0.20_alpha=0.50,v00,fixed_random,100,500,0.2,0.1,0.09997577965259552,0.1,15.102537979797967,0.09913999999999999,0.10000000894069672,7.450580596923828e-09,0.10000000149011612,0.10000000149011612,0.10000000149011612,0.10000000149011612,0.10000000149011612,2.9802322387695312e-08,7.450580596923828e-09,1.4901161193847656e-08,0.2,0.5,0.4015509259807487
0,u=0.20_alpha=0.50,v00,matched_random,100,500,0.2,0.1,0.09997577965259552,0.09997577965259552,13.86302363636363,0.1014,0.09997577965259552,0.0,0.09997577965259552,0.09997577965259552,0.09997577965259552,0.09997577965259552,0.09997577965259552,1.4901161193847656e-08,0.0,1.4901161193847656e-08,0.2,0.5,0.4015509259807487
0,u=0.20_alpha=0.50,v01,nn,100,500,0.2,0.1,0.1017695888876915,0.1017695888876915,14.082754949494955,0.10102,0.1017695888876915,0.012502143159508705,0.08332529664039612,0.08722484111785889,0.09993023425340652,0.11866399645805359,0.1303349733352661,0.01250214409083128,0.012502143159508705,0.012502353638410568,0.2,0.5,0.4015509259807487
0,u=0.20_alpha=0.50,v01,fixed_random,100,500,0.2,0.1,0.1017695888876915,0.1,14.448591919191918,0.10002000000000001,0.10000000894069672,7.450580596923828e-09,0.10000000149011612,0.10000000149011612,0.10000000149011612,0.10000000149011612,0.10000000149011612,2.9802322387695312e-08,7.450580596923828e-09,1.4901161193847656e-08,0.2,0.5,0.4015509259807487
0,u=0.20_alpha=0.50,v01,matched_random,100,500,0.2,0.1,0.1017695888876915,0.1017695888876915,14.446613737373726,0.10186,0.1017695814371109,7.450580596923828e-09,0.1017695888876915,0.1017695888876915,0.1017695888876915,0.1017695888876915,0.1017695888876915,1.4901161193847656e-08,7.450580596923828e-09,0.0,0.2,0.5,0.4015509259807487
0,u=0.20_alpha=0.50,v02,nn,100,500,0.2,0.1,0.09995409846305847,0.09995409846305847,13.610150909090915,0.10116,0.09995409846305847,0.01188375148922205,0.08332529664039612,0.08332529664039612,0.09826914966106415,0.11564189195632935,0.1303349733352661,0.011883750557899475,0.01188375148922205,0.011883878149092197,0.2,0.5,0.4015509259807487
0,u=0.20_alpha=0.50,v02,fixed_random,100,500,0.2,0.1,0.09995409846305847,0.1,14.743214141414143,0.10114000000000001,0.10000000894069672,7.450580596923828e-09,0.10000000149011612,0.10000000149011612,0.10000000149011612,0.10000000149011612,0.10000000149011612,2.9802322387695312e-08,7.450580596923828e-09,1.4901161193847656e-08,0.2,0.5,0.4015509259807487
0,u=0.20_alpha=0.50,v02,matched_random,100,500,0.2,0.1,0.09995409846305847,0.09995409846305847,14.843174949494944,0.09970000000000001,0.09995412081480026,2.2351741790771484e-08,0.09995409846305847,0.09995409846305847,0.09995409846305847,0.09995409846305847,0.09995409846305847,7.450580596923828e-09,2.2351741790771484e-08,0.0,0.2,0.5,0.4015509259807487
0,u=0.20_alpha=0.50,v03,nn,100,500,0.2,0.1,0.10061202198266983,0.10061202198266983,15.285420404040412,0.1018,0.10061202198266983,0.010611561127007008,0.08332529664039612,0.08701013624668238,0.09993022680282593,0.11257874965667725,0.1303349733352661,0.010611562989652157,0.010611561127007008,0.010611728765070438,0.2,0.5,0.4015509259807487
0,u=0.20_alpha=0.50,v03,fixed_random,100,500,0.2,0.1,0.10061202198266983,0.1,16.900874545454545,0.10071999999999999,0.10000000894069672,7.450580596923828e-09,0.10000000149011612,0.10000000149011612,0.10000000149011612,0.10000000149011612,0.10000000149011612,2.9802322387695312e-08,7.450580596923828e-09,1.4901161193847656e-08,0.2,0.5,0.4015509259807487
0,u=0.20_alpha=0.50,v03,matched_random,100,500,0.2,0.1,0.10061202198266983,0.10061202198266983,15.848267676767671,0.1013,0.10061202943325043,7.450580596923828e-09,0.10061202198266983,0.10061202198266983,0.10061202198266983,0.10061202198266983,0.10061202198266983,0.0,7.450580596923828e-09,7.450580596923828e-09,0.2,0.5,0.4015509259807487
0,u=0.20_alpha=0.50,v04,nn,100,500,0.2,0.1,0.09847724437713623,0.09847724437713623,16.16653656565657,0.09759999999999999,0.09847724437713623,0.011782691814005375,0.08332529664039612,0.08332529664039612,0.09697180986404419,0.11439335048198498,0.1303350031375885,0.0117826908826828,0.011782691814005375,0.011782863177359104,0.2,0.5,0.4015509259807487
0,u=0.20_alpha=0.50,v04,fixed_random,100,500,0.2,0.1,0.09847724437713623,0.1,18.118704242424233,0.10012,0.10000000894069672,7.450580596923828e-09,0.10000000149011612,0.10000000149011612,0.10000000149011612,0.10000000149011612,0.10000000149011612,2.9802322387695312e-08,7.450580596923828e-09,1.4901161193847656e-08,0.2,0.5,0.4015509259807487
0,u=0.20_alpha=0.50,v04,matched_random,100,500,0.2,0.1,0.09847724437713623,0.09847724437713623,17.27212242424243,0.09826,0.09847724437713623,0.0,0.09847724437713623,0.09847724437713623,0.09847724437713623,0.09847724437713623,0.09847724437713623,7.450580596923828e-09,0.0,7.450580596923828e-09,0.2,0.5,0.4015509259807487
0,u=0.20_alpha=0.50,v05,nn,100,500,0.2,0.1,0.09973902255296707,0.09973902255296707,22.247129494949508,0.09974,0.09973902255296707,0.0131918890401721,0.08332529664039612,0.08332529664039612,0.09806360304355621,0.11619537770747333,0.1303349733352661,0.013191889971494675,0.0131918890401721,0.01319214142858982,0.2,0.5,0.4015509259807487
0,u=0.20_alpha=0.50,v05,fixed_random,100,500,0.2,0.1,0.09973902255296707,0.1,21.966869292929303,0.09936,0.10000000894069672,7.450580596923828e-09,0.10000000149011612,0.10000000149011612,0.10000000149011612,0.10000000149011612,0.10000000149011612,2.9802322387695312e-08,7.450580596923828e-09,1.4901161193847656e-08,0.2,0.5,0.4015509259807487
0,u=0.20_alpha=0.50,v05,matched_random,100,500,0.2,0.1,0.09973902255296707,0.09973902255296707,22.332800000000002,0.10264,0.09973903000354767,7.450580596923828e-09,0.09973902255296707,0.09973902255296707,0.09973902255296707,0.09973902255296707,0.09973902255296707,7.450580596923828e-09,7.450580596923828e-09,0.0,0.2,0.5,0.4015509259807487
0,u=0.20_alpha=0.50,v06,nn,100,500,0.2,0.1,0.09985943138599396,0.09985943138599396,13.37396262626262,0.09736,0.09985943138599396,0.012099701911211014,0.08332529664039612,0.08332529664039612,0.09851899743080139,0.11564189195632935,0.1303349733352661,0.01209970097988844,0.012099701911211014,0.012099942192435265,0.2,0.5,0.4015509259807487
0,u=0.20_alpha=0.50,v06,fixed_random,100,500,0.2,0.1,0.09985943138599396,0.1,14.272026666666662,0.09853999999999999,0.10000000894069672,7.450580596923828e-09,0.10000000149011612,0.10000000149011612,0.10000000149011612,0.10000000149011612,0.10000000149011612,2.9802322387695312e-08,7.450580596923828e-09,1.4901161193847656e-08,0.2,0.5,0.4015509259807487
0,u=0.20_alpha=0.50,v06,matched_random,100,500,0.2,0.1,0.09985943138599396,0.09985943138599396,15.135550101010102,0.1002,0.09985943138599396,0.0,0.09985943138599396,0.09985943138599396,0.09985943138599396,0.09985943138599396,0.09985943138599396,1.4901161193847656e-08,0.0,1.4901161193847656e-08,0.2,0.5,0.4015509259807487
0,u=0.20_alpha=0.50,v07,nn,100,500,0.2,0.1,0.09878238290548325,0.09878238290548325,12.46256787878787,0.09986,0.09878238290548325,0.00995331909507513,0.08332529664039612,0.08550172522664203,0.0980193018913269,0.11160299181938171,0.1303349733352661,0.00995331909507513,0.00995331909507513,0.00995344016700983,0.2,0.5,0.4015509259807487
0,u=0.20_alpha=0.50,v07,fixed_random,100,500,0.2,0.1,0.09878238290548325,0.1,12.526918989898991,0.10006,0.10000000894069672,7.450580596923828e-09,0.10000000149011612,0.10000000149011612,0.10000000149011612,0.10000000149011612,0.10000000149011612,2.9802322387695312e-08,7.450580596923828e-09,1.4901161193847656e-08,0.2,0.5,0.4015509259807487
0,u=0.20_alpha=0.50,v07,matched_random,100,500,0.2,0.1,0.09878238290548325,0.09878238290548325,12.188453131313123,0.09934,0.09878239035606384,7.450580596923828e-09,0.09878238290548325,0.09878238290548325,0.09878238290548325,0.09878238290548325,0.09878238290548325,7.450580596923828e-09,7.450580596923828e-09,1.4901161193847656e-08,0.2,0.5,0.4015509259807487
0,u=0.20_alpha=0.50,v08,nn,100,500,0.2,0.1,0.10117970407009125,0.10117970407009125,12.948224444444433,0.10067999999999999,0.10117970407009125,0.013583749532699585,0.08332529664039612,0.08515429496765248,0.09993022680282593,0.1303349733352661,0.1303349733352661,0.013583747670054436,0.013583749532699585,0.013584005646407604,0.2,0.5,0.4015509259807487
0,u=0.20_alpha=0.50,v08,fixed_random,100,500,0.2,0.1,0.10117970407009125,0.1,13.607676767676756,0.10092000000000001,0.10000000894069672,7.450580596923828e-09,0.10000000149011612,0.10000000149011612,0.10000000149011612,0.10000000149011612,0.10000000149011612,2.9802322387695312e-08,7.450580596923828e-09,1.4901161193847656e-08,0.2,0.5,0.4015509259807487
0,u=0.20_alpha=0.50,v08,matched_random,100,500,0.2,0.1,0.10117970407009125,0.10117970407009125,14.04533393939393,0.10188000000000001,0.10117970407009125,0.0,0.10117970407009125,0.10117970407009125,0.10117970407009125,0.10117970407009125,0.10117970407009125,2.2351741790771484e-08,0.0,1.4901161193847656e-08,0.2,0.5,0.4015509259807487
0,u=0.20_alpha=0.50,v09,nn,100,500,0.2,0.1,0.10074257105588913,0.10074257105588913,15.046934747474737,0.10084,0.10074257105588913,0.012174852192401886,0.08332529664039612,0.0833253301680088,0.09993022680282593,0.12007179856300354,0.1303349733352661,0.012174850329756737,0.012174852192401886,0.012175020761787891,0.2,0.5,0.4015509259807487
0,u=0.20_alpha=0.50,v09,fixed_random,100,500,0.2,0.1,0.10074257105588913,0.1,16.23606161616163,0.10334,0.10000000894069672,7.450580596923828e-09,0.10000000149011612,0.10000000149011612,0.10000000149011612,0.10000000149011612,0.10000000149011612,2.9802322387695312e-08,7.450580596923828e-09,1.4901161193847656e-08,0.2,0.5,0.4015509259807487
0,u=0.20_alpha=0.50,v09,matched_random,100,500,0.2,0.1,0.10074257105588913,0.10074257105588913,16.21119272727274,0.1002,0.10074257105588913,0.0,0.10074257105588913,0.10074257105588913,0.10074257105588913,0.10074257105588913,0.10074257105588913,1.4901161193847656e-08,0.0,1.4901161193847656e-08,0.2,0.5,0.4015509259807487
0,u=0.20_alpha=1.00,v00,nn,100,500,0.2,0.1,0.10121146589517593,0.10121146589517593,13.551051313131323,0.10268000000000001,0.10121146589517593,0.025099847465753555,0.06921723484992981,0.07578366994857876,0.0929449051618576,0.13829252123832703,0.1681528240442276,0.025099845603108406,0.025099847465753555,0.02509971708059311,0.2,1.0,0.4015509259807487
0,u=0.20_alpha=1.00,v00,fixed_random,100,500,0.2,0.1,0.10121146589517593,0.1,15.102537979797967,0.09913999999999999,0.10000000894069672,7.450580596923828e-09,0.10000000149011612,0.10000000149011612,0.10000000149011612,0.10000000149011612,0.10000000149011612,2.9802322387695312e-08,7.450580596923828e-09,1.4901161193847656e-08,0.2,1.0,0.4015509259807487
0,u=0.20_alpha=1.00,v00,matched_random,100,500,0.2,0.1,0.10121146589517593,0.10121146589517593,13.928457979797976,0.10238,0.10121144354343414,2.2351741790771484e-08,0.10121146589517593,0.10121146589517593,0.10121146589517593,0.10121146589517593,0.10121146589517593,7.450580596923828e-09,2.2351741790771484e-08,0.0,0.2,1.0,0.4015509259807487
0,u=0.20_alpha=1.00,v01,nn,100,500,0.2,0.1,0.10490698367357254,0.10490698367357254,14.244804444444457,0.10426,0.10490698367357254,0.026066306978464127,0.06921723484992981,0.07594403624534607,0.09986049681901932,0.14026856422424316,0.1681528091430664,0.026066305115818977,0.026066306978464127,0.02606620080769062,0.2,1.0,0.4015509259807487
0,u=0.20_alpha=1.00,v01,fixed_random,100,500,0.2,0.1,0.10490698367357254,0.1,14.448591919191918,0.10002000000000001,0.10000000894069672,7.450580596923828e-09,0.10000000149011612,0.10000000149011612,0.10000000149011612,0.10000000149011612,0.10000000149011612,2.9802322387695312e-08,7.450580596923828e-09,1.4901161193847656e-08,0.2,1.0,0.4015509259807487
0,u=0.20_alpha=1.00,v01,matched_random,100,500,0.2,0.1,0.10490698367357254,0.10490698367357254,14.501748484848484,0.10506,0.10490701347589493,2.9802322387695312e-08,0.10490698367357254,0.10490698367357254,0.10490698367357254,0.10490698367357254,0.10490698367357254,1.4901161193847656e-08,2.9802322387695312e-08,0.0,0.2,1.0,0.4015509259807487
0,u=0.20_alpha=1.00,v02,nn,100,500,0.2,0.1,0.10114610195159912,0.10114610195159912,13.790906060606053,0.10174,0.10114610195159912,0.024163806810975075,0.06921723484992981,0.06921723484992981,0.0965656191110611,0.13336792588233948,0.1681528091430664,0.024163810536265373,0.024163806810975075,0.024163732305169106,0.2,1.0,0.4015509259807487
0,u=0.20_alpha=1.00,v02,fixed_random,100,500,0.2,0.1,0.10114610195159912,0.1,14.743214141414143,0.10114000000000001,0.10000000894069672,7.450580596923828e-09,0.10000000149011612,0.10000000149011612,0.10000000149011612,0.10000000149011612,0.10000000149011612,2.9802322387695312e-08,7.450580596923828e-09,1.4901161193847656e-08,0.2,1.0,0.4015509259807487
0,u=0.20_alpha=1.00,v02,matched_random,100,500,0.2,0.1,0.10114610195159912,0.10114610195159912,15.010684444444447,0.10092000000000001,0.10114610195159912,0.0,0.10114610195159912,0.10114610195159912,0.10114610195159912,0.10114610195159912,0.10114610195159912,1.4901161193847656e-08,0.0,7.450580596923828e-09,0.2,1.0,0.4015509259807487
0,u=0.20_alpha=1.00,v03,nn,100,500,0.2,0.1,0.10221497714519501,0.10221497714519501,15.707594141414141,0.10284,0.10221497714519501,0.021504033356904984,0.06921723484992981,0.07557000219822134,0.09986048936843872,0.12651732563972473,0.1681528091430664,0.021504033356904984,0.021504033356904984,0.021503999829292297,0.2,1.0,0.4015509259807487
0,u=0.20_alpha=1.00,v03,fixed_random,100,500,0.2,0.1,0.10221497714519501,0.1,16.900874545454545,0.10071999999999999,0.10000000894069672,7.450580596923828e-09,0.10000000149011612,0.10000000149011612,0.10000000149011612,0.10000000149011612,0.10000000149011612,2.9802322387695312e-08,7.450580596923828e-09,1.4901161193847656e-08,0.2,1.0,0.4015509259807487
0,u=0.20_alpha=1.00,v03,matched_random,100,500,0.2,0.1,0.10221497714519501,0.10221497714519501,15.898494141414146,0.10302,0.10221495479345322,2.2351741790771484e-08,0.10221497714519501,0.10221497714519501,0.10221497714519501,0.10221497714519501,0.10221497714519501,1.4901161193847656e-08,2.2351741790771484e-08,7.450580596923828e-09,0.2,1.0,0.4015509259807487
0,u=0.20_alpha=1.00,v04,nn,100,500,0.2,0.1,0.09819140285253525,0.09819140285253525,16.023395959595952,0.0977,0.09819140285253525,0.0240846686065197,0.06921723484992981,0.06921723484992981,0.09402573108673096,0.13055919706820987,0.1681528240442276,0.0240846686065197,0.0240846686065197,0.02408459410071373,0.2,1.0,0.4015509259807487
0,u=0.20_alpha=1.00,v04,fixed_random,100,500,0.2,0.1,0.09819140285253525,0.1,18.118704242424233,0.10012,0.10000000894069672,7.450580596923828e-09,0.10000000149011612,0.10000000149011612,0.10000000149011612,0.10000000149011612,0.10000000149011612,2.9802322387695312e-08,7.450580596923828e-09,1.4901161193847656e-08,0.2,1.0,0.4015509259807487
0,u=0.20_alpha=1.00,v04,matched_random,100,500,0.2,0.1,0.09819140285253525,0.09819140285253525,17.284517373737373,0.098,0.09819138795137405,1.4901161193847656e-08,0.09819140285253525,0.09819140285253525,0.09819140285253525,0.09819140285253525,0.09819140285253525,1.4901161193847656e-08,1.4901161193847656e-08,0.0,0.2,1.0,0.4015509259807487
0,u=0.20_alpha=1.00,v05,nn,100,500,0.2,0.1,0.10098449885845184,0.10098449885845184,21.4282658585859,0.10108,0.10098449885845184,0.027313781902194023,0.06921723484992981,0.06921723484992981,0.09616260230541229,0.13464213609693582,0.1681528091430664,0.027313778176903725,0.027313781902194023,0.02731364779174328,0.2,1.0,0.4015509259807487
0,u=0.20_alpha=1.00,v05,fixed_random,100,500,0.2,0.1,0.10098449885845184,0.1,21.966869292929303,0.09936,0.10000000894069672,7.450580596923828e-09,0.10000000149011612,0.10000000149011612,0.10000000149011612,0.10000000149011612,0.10000000149011612,2.9802322387695312e-08,7.450580596923828e-09,1.4901161193847656e-08,0.2,1.0,0.4015509259807487
0,u=0.20_alpha=1.00,v05,matched_random,100,500,0.2,0.1,0.10098449885845184,0.10098449885845184,22.433046666666666,0.10378,0.10098446905612946,2.9802322387695312e-08,0.10098449885845184,0.10098449885845184,0.10098449885845184,0.10098449885845184,0.10098449885845184,0.0,2.9802322387695312e-08,1.4901161193847656e-08,0.2,1.0,0.4015509259807487
0,u=0.20_alpha=1.00,v06,nn,100,500,0.2,0.1,0.10098773241043091,0.10098773241043091,13.344649898989903,0.09804,0.10098773241043091,0.024997981265187263,0.06921723484992981,0.06921723484992981,0.09705758094787598,0.13336792588233948,0.1681528091430664,0.024997979402542114,0.024997981265187263,0.024997834116220474,0.2,1.0,0.4015509259807487
0,u=0.20_alpha=1.00,v06,fixed_random,100,500,0.2,0.1,0.10098773241043091,0.1,14.272026666666662,0.09853999999999999,0.10000000894069672,7.450580596923828e-09,0.10000000149011612,0.10000000149011612,0.10000000149011612,0.10000000149011612,0.10000000149011612,2.9802322387695312e-08,7.450580596923828e-09,1.4901161193847656e-08,0.2,1.0,0.4015509259807487
0,u=0.20_alpha=1.00,v06,matched_random,100,500,0.2,0.1,0.10098773241043091,0.10098773241043091,15.115672323232321,0.10122,0.10098772495985031,7.450580596923828e-09,0.10098773241043091,0.10098773241043091,0.10098773241043091,0.10098773241043091,0.10098773241043091,1.4901161193847656e-08,7.450580596923828e-09,0.0,0.2,1.0,0.4015509259807487
0,u=0.20_alpha=1.00,v07,nn,100,500,0.2,0.1,0.09844857454299927,0.09844857454299927,12.270022626262628,0.09956,0.09844857454299927,0.020242519676685333,0.06921723484992981,0.0729402236640476,0.09607365727424622,0.12436625361442566,0.1681528091430664,0.02024252340197563,0.020242519676685333,0.020242473110556602,0.2,1.0,0.4015509259807487
0,u=0.20_alpha=1.00,v07,fixed_random,100,500,0.2,0.1,0.09844857454299927,0.1,12.526918989898991,0.10006,0.10000000894069672,7.450580596923828e-09,0.10000000149011612,0.10000000149011612,0.10000000149011612,0.10000000149011612,0.10000000149011612,2.9802322387695312e-08,7.450580596923828e-09,1.4901161193847656e-08,0.2,1.0,0.4015509259807487
0,u=0.20_alpha=1.00,v07,matched_random,100,500,0.2,0.1,0.09844857454299927,0.09844857454299927,12.169971919191926,0.09912000000000001,0.09844856709241867,7.450580596923828e-09,0.09844857454299927,0.09844857454299927,0.09844857454299927,0.09844857454299927,0.09844857454299927,7.450580596923828e-09,7.450580596923828e-09,0.0,0.2,1.0,0.4015509259807487
0,u=0.20_alpha=1.00,v08,nn,100,500,0.2,0.1,0.10393941402435303,0.10393941402435303,12.49567171717172,0.1035,0.10393941402435303,0.028711482882499695,0.06921723484992981,0.07233908474445531,0.09986048936843872,0.1681528091430664,0.1681528091430664,0.028711486607789993,0.028711482882499695,0.028711196035146713,0.2,1.0,0.4015509259807487
0,u=0.20_alpha=1.00,v08,fixed_random,100,500,0.2,0.1,0.10393941402435303,0.1,13.607676767676756,0.10092000000000001,0.10000000894069672,7.450580596923828e-09,0.10000000149011612,0.10000000149011612,0.10000000149011612,0.10000000149011612,0.10000000149011612,2.9802322387695312e-08,7.450580596923828e-09,1.4901161193847656e-08,0.2,1.0,0.4015509259807487
0,u=0.20_alpha=1.00,v08,matched_random,100,500,0.2,0.1,0.10393941402435303,0.10393941402435303,14.54027797979799,0.10492000000000001,0.10393941402435303,0.0,0.10393941402435303,0.10393941402435303,0.10393941402435303,0.10393941402435303,0.10393941402435303,1.4901161193847656e-08,0.0,7.450580596923828e-09,0.2,1.0,0.4015509259807487
0,u=0.20_alpha=1.00,v09,nn,100,500,0.2,0.1,0.10276597738265991,0.10276597738265991,15.202574545454546,0.10316,0.10276597738265991,0.025317590683698654,0.06921723484992981,0.06921725496649742,0.09986048936843872,0.1435299515724182,0.1681528091430664,0.025317588821053505,0.025317590683698654,0.025317473337054253,0.2,1.0,0.4015509259807487
0,u=0.20_alpha=1.00,v09,fixed_random,100,500,0.2,0.1,0.10276597738265991,0.1,16.23606161616163,0.10334,0.10000000894069672,7.450580596923828e-09,0.10000000149011612,0.10000000149011612,0.10000000149011612,0.10000000149011612,0.10000000149011612,2.9802322387695312e-08,7.450580596923828e-09,1.4901161193847656e-08,0.2,1.0,0.4015509259807487
0,u=0.20_alpha=1.00,v09,matched_random,100,500,0.2,0.1,0.10276597738265991,0.10276597738265991,16.514464646464642,0.10215999999999999,0.10276598483324051,7.450580596923828e-09,0.10276597738265991,0.10276597738265991,0.10276597738265991,0.10276597738265991,0.10276597738265991,0.0,7.450580596923828e-09,1.4901161193847656e-08,0.2,1.0,0.4015509259807487
0,u=0.20_alpha=1.50,v00,nn,100,500,0.2,0.1,0.10372637957334518,0.10372637957334518,13.714827474747482,0.10522000000000001,0.10372637957334518,0.03938157856464386,0.057348430156707764,0.06580642163753625,0.08959172666072845,0.16169032454490662,0.21424061059951782,0.03938157856464386,0.03938157856464386,0.0393817201256752,0.2,1.5,0.4015509259807487
0,u=0.20_alpha=1.50,v00,fixed_random,100,500,0.2,0.1,0.10372637957334518,0.1,15.102537979797967,0.09913999999999999,0.10000000894069672,7.450580596923828e-09,0.10000000149011612,0.10000000149011612,0.10000000149011612,0.10000000149011612,0.10000000149011612,2.9802322387695312e-08,7.450580596923828e-09,1.4901161193847656e-08,0.2,1.5,0.4015509259807487
0,u=0.20_alpha=1.50,v00,matched_random,100,500,0.2,0.1,0.10372637957334518,0.10372637957334518,13.912720606060606,0.10474,0.10372637957334518,0.0,0.10372637957334518,0.10372637957334518,0.10372637957334518,0.10372637957334518,0.10372637957334518,0.0,0.0,1.4901161193847656e-08,0.2,1.5,0.4015509259807487
0,u=0.20_alpha=1.50,v01,nn,100,500,0.2,0.1,0.10945043712854385,0.10945043712854385,14.546925252525247,0.109,0.10945043712854385,0.041033677756786346,0.057348430156707764,0.06601667404174805,0.0997907817363739,0.1650698184967041,0.21424058079719543,0.04103368520736694,0.041033677756786346,0.041033785790205,0.2,1.5,0.4015509259807487
0,u=0.20_alpha=1.50,v01,fixed_random,100,500,0.2,0.1,0.10945043712854385,0.1,14.448591919191918,0.10002000000000001,0.10000000894069672,7.450580596923828e-09,0.10000000149011612,0.10000000149011612,0.10000000149011612,0.10000000149011612,0.10000000149011612,2.9802322387695312e-08,7.450580596923828e-09,1.4901161193847656e-08,0.2,1.5,0.4015509259807487
0,u=0.20_alpha=1.50,v01,matched_random,100,500,0.2,0.1,0.10945043712854385,0.10945043712854385,14.831063636363647,0.10992,0.10945045202970505,1.4901161193847656e-08,0.10945043712854385,0.10945043712854385,0.10945043712854385,0.10945043712854385,0.10945043712854385,7.450580596923828e-09,1.4901161193847656e-08,7.450580596923828e-09,0.2,1.5,0.4015509259807487
0,u=0.20_alpha=1.50,v02,nn,100,500,0.2,0.1,0.1035698652267456,0.1035698652267456,13.589072525252526,0.10404,0.1035698652267456,0.03710055351257324,0.057348430156707764,0.057348430156707764,0.09488905966281891,0.1533399224281311,0.21424058079719543,0.03710055723786354,0.03710055351257324,0.037100695073604584,0.2,1.5,0.4015509259807487
0,u=0.20_alpha=1.50,v02,fixed_random,100,500,0.2,0.1,0.1035698652267456,0.1,14.743214141414143,0.10114000000000001,0.10000000894069672,7.450580596923828e-09,0.10000000149011612,0.10000000149011612,0.10000000149011612,0.10000000149011612,0.10000000149011612,2.9802322387695312e-08,7.450580596923828e-09,1.4901161193847656e-08,0.2,1.5,0.4015509259807487
0,u=0.20_alpha=1.50,v02,matched_random,100,500,0.2,0.1,0.1035698652267456,0.1035698652267456,14.851907070707062,0.10298,0.1035698652267456,0.0,0.1035698652267456,0.1035698652267456,0.1035698652267456,0.1035698652267456,0.1035698652267456,7.450580596923828e-09,0.0,2.2351741790771484e-08,0.2,1.5,0.4015509259807487
0,u=0.20_alpha=1.50,v03,nn,100,500,0.2,0.1,0.10480361431837082,0.10480361431837082,17.157562222222218,0.10555999999999999,0.10480361431837082,0.0329182930290699,0.057348430156707764,0.06552975773811606,0.09979075193405151,0.14190569519996643,0.21424058079719543,0.0329182967543602,0.0329182930290699,0.032918401062488556,0.2,1.5,0.4015509259807487
0,u=0.20_alpha=1.50,v03,fixed_random,100,500,0.2,0.1,0.10480361431837082,0.1,16.900874545454545,0.10071999999999999,0.10000000894069672,7.450580596923828e-09,0.10000000149011612,0.10000000149011612,0.10000000149011612,0.10000000149011612,0.10000000149011612,2.9802322387695312e-08,7.450580596923828e-09,1.4901161193847656e-08,0.2,1.5,0.4015509259807487
0,u=0.20_alpha=1.50,v03,matched_random,100,500,0.2,0.1,0.10480361431837082,0.10480361431837082,15.96958686868687,0.10564,0.10480358451604843,2.9802322387695312e-08,0.10480361431837082,0.10480361431837082,0.10480361431837082,0.10480361431837082,0.10480361431837082,7.450580596923828e-09,2.9802322387695312e-08,0.0,0.2,1.5,0.4015509259807487
0,u=0.20_alpha=1.50,v04,nn,100,500,0.2,0.1,0.09912338107824326,0.09912338107824326,16.482169696969688,0.09866,0.09912338107824326,0.03723905235528946,0.057348430156707764,0.057348430156707764,0.09116014838218689,0.14862744212149812,0.21424061059951782,0.03723905235528946,0.03723905235528946,0.03723911941051483,0.2,1.5,0.4015509259807487
0,u=0.20_alpha=1.50,v04,fixed_random,100,500,0.2,0.1,0.09912338107824326,0.1,18.118704242424233,0.10012,0.10000000894069672,7.450580596923828e-09,0.10000000149011612,0.10000000149011612,0.10000000149011612,0.10000000149011612,0.10000000149011612,2.9802322387695312e-08,7.450580596923828e-09,1.4901161193847656e-08,0.2,1.5,0.4015509259807487
0,u=0.20_alpha=1.50,v04,matched_random,100,500,0.2,0.1,0.09912338107824326,0.09912338107824326,17.286463030303032,0.09885999999999999,0.09912336617708206,1.4901161193847656e-08,0.09912338107824326,0.09912338107824326,0.09912338107824326,0.09912338107824326,0.09912338107824326,2.9802322387695312e-08,1.4901161193847656e-08,0.0,0.2,1.5,0.4015509259807487
0,u=0.20_alpha=1.50,v05,nn,100,500,0.2,0.1,0.10374132543802261,0.10374132543802261,18.978726464646474,0.10358,0.10374132543802261,0.04277265816926956,0.057348430156707764,0.057348430156707764,0.0942964106798172,0.15552104413506196,0.21424058079719543,0.04277265444397926,0.04277265816926956,0.042772773653268814,0.2,1.5,0.4015509259807487
0,u=0.20_alpha=1.50,v05,fixed_random,100,500,0.2,0.1,0.10374132543802261,0.1,21.966869292929303,0.09936,0.10000000894069672,7.450580596923828e-09,0.10000000149011612,0.10000000149011612,0.10000000149011612,0.10000000149011612,0.10000000149011612,2.9802322387695312e-08,7.450580596923828e-09,1.4901161193847656e-08,0.2,1.5,0.4015509259807487
0,u=0.20_alpha=1.50,v05,matched_random,100,500,0.2,0.1,0.10374132543802261,0.10374132543802261,22.41946929292931,0.10642,0.10374131053686142,1.4901161193847656e-08,0.10374132543802261,0.10374132543802261,0.10374132543802261,0.10374132543802261,0.10374132543802261,1.4901161193847656e-08,1.4901161193847656e-08,7.450580596923828e-09,0.2,1.5,0.4015509259807487
0,u=0.20_alpha=1.50,v06,nn,100,500,0.2,0.1,0.10338827967643738,0.10338827967643738,13.141445050505048,0.10046,0.10338827967643738,0.03906441479921341,0.057348430156707764,0.057348430156707764,0.09561550617218018,0.1533399224281311,0.21424058079719543,0.03906441107392311,0.03906441479921341,0.039064548909664154,0.2,1.5,0.4015509259807487
0,u=0.20_alpha=1.50,v06,fixed_random,100,500,0.2,0.1,0.10338827967643738,0.1,14.272026666666662,0.09853999999999999,0.10000000894069672,7.450580596923828e-09,0.10000000149011612,0.10000000149011612,0.10000000149011612,0.10000000149011612,0.10000000149011612,2.9802322387695312e-08,7.450580596923828e-09,1.4901161193847656e-08,0.2,1.5,0.4015509259807487
0,u=0.20_alpha=1.50,v06,matched_random,100,500,0.2,0.1,0.10338827967643738,0.10338827967643738,15.146207878787871,0.10358,0.10338830202817917,2.2351741790771484e-08,0.10338827967643738,0.10338827967643738,0.10338827967643738,0.10338827967643738,0.10338827967643738,0.0,2.2351741790771484e-08,2.2351741790771484e-08,0.2,1.5,0.4015509259807487
0,u=0.20_alpha=1.50,v07,nn,100,500,0.2,0.1,0.09898411482572556,0.09898411482572556,12.086481818181818,0.09962,0.09898411482572556,0.031138569116592407,0.057348430156707764,0.0621035587042599,0.09416261315345764,0.1383618414402008,0.21424058079719543,0.031138570979237556,0.031138569116592407,0.031138651072978973,0.2,1.5,0.4015509259807487
0,u=0.20_alpha=1.50,v07,fixed_random,100,500,0.2,0.1,0.09898411482572556,0.1,12.526918989898991,0.10006,0.10000000894069672,7.450580596923828e-09,0.10000000149011612,0.10000000149011612,0.10000000149011612,0.10000000149011612,0.10000000149011612,2.9802322387695312e-08,7.450580596923828e-09,1.4901161193847656e-08,0.2,1.5,0.4015509259807487
0,u=0.20_alpha=1.50,v07,matched_random,100,500,0.2,0.1,0.09898411482572556,0.09898411482572556,12.199708080808076,0.09952,0.09898411482572556,0.0,0.09898411482572556,0.09898411482572556,0.09898411482572556,0.09898411482572556,0.09898411482572556,1.4901161193847656e-08,0.0,0.0,0.2,1.5,0.4015509259807487
0,u=0.20_alpha=1.50,v08,nn,100,500,0.2,0.1,0.1083335354924202,0.1083335354924202,12.724643030303028,0.10832000000000001,0.1083335354924202,0.04579487815499306,0.057348430156707764,0.061326414346697354,0.09979075193405151,0.21424058079719543,0.21424058079719543,0.04579486697912216,0.04579487815499306,0.04579506069421768,0.2,1.5,0.4015509259807487
0,u=0.20_alpha=1.50,v08,fixed_random,100,500,0.2,0.1,0.1083335354924202,0.1,13.607676767676756,0.10092000000000001,0.10000000894069672,7.450580596923828e-09,0.10000000149011612,0.10000000149011612,0.10000000149011612,0.10000000149011612,0.10000000149011612,2.9802322387695312e-08,7.450580596923828e-09,1.4901161193847656e-08,0.2,1.5,0.4015509259807487
0,u=0.20_alpha=1.50,v08,matched_random,100,500,0.2,0.1,0.1083335354924202,0.1083335354924202,14.884110101010098,0.10944000000000001,0.10833356529474258,2.9802322387695312e-08,0.1083335354924202,0.1083335354924202,0.1083335354924202,0.1083335354924202,0.1083335354924202,1.4901161193847656e-08,2.9802322387695312e-08,0.0,0.2,1.5,0.4015509259807487
0,u=0.20_alpha=1.50,v09,nn,100,500,0.2,0.1,0.10608987510204315,0.10608987510204315,15.223017979797984,0.1066,0.10608987510204315,0.039805468171834946,0.057348430156707764,0.05734844021499157,0.09979075193405151,0.17068210244178772,0.21424058079719543,0.03980546444654465,0.039805468171834946,0.03980560228228569,0.2,1.5,0.4015509259807487
0,u=0.20_alpha=1.50,v09,fixed_random,100,500,0.2,0.1,0.10608987510204315,0.1,16.23606161616163,0.10334,0.10000000894069672,7.450580596923828e-09,0.10000000149011612,0.10000000149011612,0.10000000149011612,0.10000000149011612,0.10000000149011612,2.9802322387695312e-08,7.450580596923828e-09,1.4901161193847656e-08,0.2,1.5,0.4015509259807487
0,u=0.20_alpha=1.50,v09,matched_random,100,500,0.2,0.1,0.10608987510204315,0.10608987510204315,16.4244991919192,0.10568,0.10608985275030136,2.2351741790771484e-08,0.10608987510204315,0.10608987510204315,0.10608987510204315,0.10608987510204315,0.10608987510204315,1.4901161193847656e-08,2.2351741790771484e-08,7.450580596923828e-09,0.2,1.5,0.4015509259807487
0,u=0.20_alpha=2.00,v00,nn,100,500,0.2,0.1,0.10751088708639145,0.10751088708639145,13.911940202020203,0.1092,0.10751088708639145,0.05514513701200485,0.04741114377975464,0.05706225335598125,0.08635076880455017,0.1881822645664215,0.2688772678375244,0.05514514073729515,0.05514513701200485,0.055144939571619034,0.2,2.0,0.4015509259807487
0,u=0.20_alpha=2.00,v00,fixed_random,100,500,0.2,0.1,0.10751088708639145,0.1,15.102537979797967,0.09913999999999999,0.10000000894069672,7.450580596923828e-09,0.10000000149011612,0.10000000149011612,0.10000000149011612,0.10000000149011612,0.10000000149011612,2.9802322387695312e-08,7.450580596923828e-09,1.4901161193847656e-08,0.2,2.0,0.4015509259807487
0,u=0.20_alpha=2.00,v00,matched_random,100,500,0.2,0.1,0.10751088708639145,0.10751088708639145,14.198425858585857,0.10814,0.10751090943813324,2.2351741790771484e-08,0.10751088708639145,0.10751088708639145,0.10751088708639145,0.10751088708639145,0.10751088708639145,1.4901161193847656e-08,2.2351741790771484e-08,7.450580596923828e-09,0.2,2.0,0.4015509259807487
0,u=0.20_alpha=2.00,v01,nn,100,500,0.2,0.1,0.11540326476097107,0.11540326476097107,15.022063030303029,0.11503999999999999,0.11540326476097107,0.05763925611972809,0.04741114377975464,0.05730655789375305,0.09972119331359863,0.1932704746723175,0.2688772678375244,0.05763924866914749,0.05763925611972809,0.05763901770114899,0.2,2.0,0.4015509259807487
0,u=0.20_alpha=2.00,v01,fixed_random,100,500,0.2,0.1,0.11540326476097107,0.1,14.448591919191918,0.10002000000000001,0.10000000894069672,7.450580596923828e-09,0.10000000149011612,0.10000000149011612,0.10000000149011612,0.10000000149011612,0.10000000149011612,2.9802322387695312e-08,7.450580596923828e-09,1.4901161193847656e-08,0.2,2.0,0.4015509259807487
0,u=0.20_alpha=2.00,v01,matched_random,100,500,0.2,0.1,0.11540326476097107,0.11540326476097107,16.028307676767675,0.11603999999999999,0.11540327966213226,1.4901161193847656e-08,0.11540326476097107,0.11540326476097107,0.11540326476097107,0.11540326476097107,0.11540326476097107,1.4901161193847656e-08,1.4901161193847656e-08,2.2351741790771484e-08,0.2,2.0,0.4015509259807487
0,u=0.20_alpha=2.00,v02,nn,100,500,0.2,0.1,0.10720596462488174,0.10720596462488174,13.946861212121204,0.10794000000000001,0.10720596462488174,0.05090344324707985,0.04741114377975464,0.04741114377975464,0.09323914349079132,0.175696462392807,0.2688772678375244,0.05090344324707985,0.05090344324707985,0.05090336129069328,0.2,2.0,0.4015509259807487
0,u=0.20_alpha=2.00,v02,fixed_random,100,500,0.2,0.1,0.10720596462488174,0.1,14.743214141414143,0.10114000000000001,0.10000000894069672,7.450580596923828e-09,0.10000000149011612,0.10000000149011612,0.10000000149011612,0.10000000149011612,0.10000000149011612,2.9802322387695312e-08,7.450580596923828e-09,1.4901161193847656e-08,0.2,2.0,0.4015509259807487
0,u=0.20_alpha=2.00,v02,matched_random,100,500,0.2,0.1,0.10720596462488174,0.10720596462488174,15.130663232323231,0.10636,0.10720597952604294,1.4901161193847656e-08,0.10720596462488174,0.10720596462488174,0.10720596462488174,0.10720596462488174,0.10720596462488174,2.9802322387695312e-08,1.4901161193847656e-08,7.450580596923828e-09,0.2,2.0,0.4015509259807487
0,u=0.20_alpha=2.00,v03,nn,100,500,0.2,0.1,0.10836197435855865,0.10836197435855865,16.41854161616162,0.1096,0.10836197435855865,0.04504860192537308,0.04741114377975464,0.05674490034580537,0.09972119331359863,0.15882548689842224,0.2688772678375244,0.04504859820008278,0.04504860192537308,0.04504852369427681,0.2,2.0,0.4015509259807487
0,u=0.20_alpha=2.00,v03,fixed_random,100,500,0.2,0.1,0.10836197435855865,0.1,16.900874545454545,0.10071999999999999,0.10000000894069672,7.450580596923828e-09,0.10000000149011612,0.10000000149011612,0.10000000149011612,0.10000000149011612,0.10000000149011612,2.9802322387695312e-08,7.450580596923828e-09,1.4901161193847656e-08,0.2,2.0,0.4015509259807487
0,u=0.20_alpha=2.00,v03,matched_random,100,500,0.2,0.1,0.10836197435855865,0.10836197435855865,16.16204848484848,0.10928,0.10836197435855865,0.0,0.10836197435855865,0.10836197435855865,0.10836197435855865,0.10836197435855865,0.10836197435855865,7.450580596923828e-09,0.0,2.2351741790771484e-08,0.2,2.0,0.4015509259807487
0,u=0.20_alpha=2.00,v04,nn,100,500,0.2,0.1,0.10123472660779953,0.10123472660779953,15.486377171717177,0.1007,0.10123472660779953,0.05149349942803383,0.047411128878593445,0.04741114377975464,0.08837336301803589,0.16871201694010557,0.2688772678375244,0.05149349942803383,0.05149349942803383,0.051493316888809204,0.2,2.0,0.4015509259807487
0,u=0.20_alpha=2.00,v04,fixed_random,100,500,0.2,0.1,0.10123472660779953,0.1,18.118704242424233,0.10012,0.10000000894069672,7.450580596923828e-09,0.10000000149011612,0.10000000149011612,0.10000000149011612,0.10000000149011612,0.10000000149011612,2.9802322387695312e-08,7.450580596923828e-09,1.4901161193847656e-08,0.2,2.0,0.4015509259807487
0,u=0.20_alpha=2.00,v04,matched_random,100,500,0.2,0.1,0.10123472660779953,0.10123472660779953,17.283173535353534,0.10128,0.10123469680547714,2.9802322387695312e-08,0.10123472660779953,0.10123472660779953,0.10123472660779953,0.10123472660779953,0.10123472660779953,2.2351741790771484e-08,2.9802322387695312e-08,0.0,0.2,2.0,0.4015509259807487
0,u=0.20_alpha=2.00,v05,nn,100,500,0.2,0.1,0.10797831416130066,0.10797831416130066,20.17041111111112,0.1082,0.10797831416130066,0.059849467128515244,0.04741114377975464,0.04741114377975464,0.09246461093425751,0.17898227870459543,0.2688772678375244,0.05984947830438614,0.059849467128515244,0.05984935909509659,0.2,2.0,0.4015509259807487
0,u=0.20_alpha=2.00,v05,fixed_random,100,500,0.2,0.1,0.10797831416130066,0.1,21.966869292929303,0.09936,0.10000000894069672,7.450580596923828e-09,0.10000000149011612,0.10000000149011612,0.10000000149011612,0.10000000149011612,0.10000000149011612,2.9802322387695312e-08,7.450580596923828e-09,1.4901161193847656e-08,0.2,2.0,0.4015509259807487
0,u=0.20_alpha=2.00,v05,matched_random,100,500,0.2,0.1,0.10797831416130066,0.10797831416130066,21.513244242424225,0.11096,0.10797832906246185,1.4901161193847656e-08,0.10797831416130066,0.10797831416130066,0.10797831416130066,0.10797831416130066,0.10797831416130066,0.0,1.4901161193847656e-08,0.0,0.2,2.0,0.4015509259807487
0,u=0.20_alpha=2.00,v06,nn,100,500,0.2,0.1,0.10703510791063309,0.10703510791063309,13.90792282828283,0.10352,0.10703510791063309,0.05455709248781204,0.047411128878593445,0.04741114377975464,0.09419265389442444,0.175696462392807,0.2688772678375244,0.05455709248781204,0.05455709248781204,0.054556954652071,0.2,2.0,0.4015509259807487
0,u=0.20_alpha=2.00,v06,fixed_random,100,500,0.2,0.1,0.10703510791063309,0.1,14.272026666666662,0.09853999999999999,0.10000000894069672,7.450580596923828e-09,0.10000000149011612,0.10000000149011612,0.10000000149011612,0.10000000149011612,0.10000000149011612,2.9802322387695312e-08,7.450580596923828e-09,1.4901161193847656e-08,0.2,2.0,0.4015509259807487
0,u=0.20_alpha=2.00,v06,matched_random,100,500,0.2,0.1,0.10703510791063309,0.10703510791063309,15.417346464646467,0.10686,0.10703513771295547,2.9802322387695312e-08,0.10703510791063309,0.10703510791063309,0.10703510791063309,0.10703510791063309,0.10703510791063309,7.450580596923828e-09,2.9802322387695312e-08,7.450580596923828e-09,0.2,2.0,0.4015509259807487
0,u=0.20_alpha=2.00,v07,nn,100,500,0.2,0.1,0.10036370903253555,0.10036370903253555,12.194989494949505,0.10042,0.10036370903253555,0.042853571474552155,0.047411128878593445,0.05278926789760916,0.0922856330871582,0.15365612506866455,0.2688772678375244,0.042853571474552155,0.042853571474552155,0.04285341501235962,0.2,2.0,0.4015509259807487
0,u=0.20_alpha=2.00,v07,fixed_random,100,500,0.2,0.1,0.10036370903253555,0.1,12.526918989898991,0.10006,0.10000000894069672,7.450580596923828e-09,0.10000000149011612,0.10000000149011612,0.10000000149011612,0.10000000149011612,0.10000000149011612,2.9802322387695312e-08,7.450580596923828e-09,1.4901161193847656e-08,0.2,2.0,0.4015509259807487
0,u=0.20_alpha=2.00,v07,matched_random,100,500,0.2,0.1,0.10036370903253555,0.10036370903253555,12.152100404040407,0.1008,0.10036372393369675,1.4901161193847656e-08,0.10036370903253555,0.10036370903253555,0.10036370903253555,0.10036370903253555,0.10036370903253555,1.4901161193847656e-08,1.4901161193847656e-08,0.0,0.2,2.0,0.4015509259807487
0,u=0.20_alpha=2.00,v08,nn,100,500,0.2,0.1,0.11435935646295547,0.11435935646295547,13.696622828282827,0.11460000000000001,0.11435935646295547,0.06508252769708633,0.04741114377975464,0.05189944505691801,0.09972118586301804,0.2688772678375244,0.2688772678375244,0.06508253514766693,0.06508252769708633,0.06508231908082962,0.2,2.0,0.4015509259807487
0,u=0.20_alpha=2.00,v08,fixed_random,100,500,0.2,0.1,0.11435935646295547,0.1,13.607676767676756,0.10092000000000001,0.10000000894069672,7.450580596923828e-09,0.10000000149011612,0.10000000149011612,0.10000000149011612,0.10000000149011612,0.10000000149011612,2.9802322387695312e-08,7.450580596923828e-09,1.4901161193847656e-08,0.2,2.0,0.4015509259807487
0,u=0.20_alpha=2.00,v08,matched_random,100,500,0.2,0.1,0.11435935646295547,0.11435935646295547,15.522091919191906,0.11526,0.11435936391353607,7.450580596923828e-09,0.11435935646295547,0.11435935646295547,0.11435935646295547,0.11435935646295547,0.11435935646295547,7.450580596923828e-09,7.450580596923828e-09,7.450580596923828e-09,0.2,2.0,0.4015509259807487
0,u=0.20_alpha=2.00,v09,nn,100,500,0.2,0.1,0.11070046573877335,0.11070046573877335,14.441619797979792,0.11077999999999999,0.11070046573877335,0.05589836835861206,0.047411128878593445,0.04741114377975464,0.09972119331359863,0.2017606496810913,0.2688772678375244,0.05589836835861206,0.05589836835861206,0.05589815601706505,0.2,2.0,0.4015509259807487
0,u=0.20_alpha=2.00,v09,fixed_random,100,500,0.2,0.1,0.11070046573877335,0.1,16.23606161616163,0.10334,0.10000000894069672,7.450580596923828e-09,0.10000000149011612,0.10000000149011612,0.10000000149011612,0.10000000149011612,0.10000000149011612,2.9802322387695312e-08,7.450580596923828e-09,1.4901161193847656e-08,0.2,2.0,0.4015509259807487
0,u=0.20_alpha=2.00,v09,matched_random,100,500,0.2,0.1,0.11070046573877335,0.11070046573877335,16.959466666666675,0.1103,0.11070048063993454,1.4901161193847656e-08,0.11070046573877335,0.11070046573877335,0.11070046573877335,0.11070046573877335,0.11070046573877335,1.4901161193847656e-08,1.4901161193847656e-08,7.450580596923828e-09,0.2,2.0,0.4015509259807487
0,u=0.20_alpha=3.00,v00,nn,100,500,0.2,0.1,0.11861658096313477,0.11861658096313477,15.991432121212123,0.11952,0.11861658096313477,0.09115996211767197,0.03223681449890137,0.04275367259979399,0.08019372820854187,0.25083106756210327,0.40086138248443604,0.09115993976593018,0.09115996211767197,0.09116005152463913,0.2,3.0,0.4015509259807487
0,u=0.20_alpha=3.00,v00,fixed_random,100,500,0.2,0.1,0.11861658096313477,0.1,15.102537979797967,0.09913999999999999,0.10000000894069672,7.450580596923828e-09,0.10000000149011612,0.10000000149011612,0.10000000149011612,0.10000000149011612,0.10000000149011612,2.9802322387695312e-08,7.450580596923828e-09,1.4901161193847656e-08,0.2,3.0,0.4015509259807487
0,u=0.20_alpha=3.00,v00,matched_random,100,500,0.2,0.1,0.11861658096313477,0.11861658096313477,14.757442424242415,0.11852,0.11861658096313477,0.0,0.11861658096313477,0.11861658096313477,0.11861658096313477,0.11861658096313477,0.11861658096313477,2.2351741790771484e-08,0.0,0.0,0.2,3.0,0.4015509259807487
0,u=0.20_alpha=3.00,v01,nn,100,500,0.2,0.1,0.13126790523529053,0.13126790523529053,16.537659595959607,0.13072,0.13126790523529053,0.09579962491989136,0.03223681449890137,0.04302990436553955,0.09958202391862869,0.2602374851703644,0.40086138248443604,0.09579961001873016,0.09579962491989136,0.0957997590303421,0.2,3.0,0.4015509259807487
0,u=0.20_alpha=3.00,v01,fixed_random,100,500,0.2,0.1,0.13126790523529053,0.1,14.448591919191918,0.10002000000000001,0.10000000894069672,7.450580596923828e-09,0.10000000149011612,0.10000000149011612,0.10000000149011612,0.10000000149011612,0.10000000149011612,2.9802322387695312e-08,7.450580596923828e-09,1.4901161193847656e-08,0.2,3.0,0.4015509259807487
0,u=0.20_alpha=3.00,v01,matched_random,100,500,0.2,0.1,0.13126790523529053,0.13126790523529053,16.42971757575757,0.13228,0.13126790523529053,0.0,0.13126790523529053,0.13126790523529053,0.13126790523529053,0.13126790523529053,0.13126790523529053,1.4901161193847656e-08,0.0,2.9802322387695312e-08,0.2,3.0,0.4015509259807487
0,u=0.20_alpha=3.00,v02,nn,100,500,0.2,0.1,0.11792860180139542,0.11792860180139542,15.470387272727285,0.11768,0.11792860180139542,0.08148306608200073,0.03223681449890137,0.03223681449890137,0.09001807868480682,0.22792604565620422,0.40086138248443604,0.08148305863142014,0.08148306608200073,0.08148307353258133,0.2,3.0,0.4015509259807487
0,u=0.20_alpha=3.00,v02,fixed_random,100,500,0.2,0.1,0.11792860180139542,0.1,14.743214141414143,0.10114000000000001,0.10000000894069672,7.450580596923828e-09,0.10000000149011612,0.10000000149011612,0.10000000149011612,0.10000000149011612,0.10000000149011612,2.9802322387695312e-08,7.450580596923828e-09,1.4901161193847656e-08,0.2,3.0,0.4015509259807487
0,u=0.20_alpha=3.00,v02,matched_random,100,500,0.2,0.1,0.11792860180139542,0.11792860180139542,16.272334545454562,0.1175,0.11792861670255661,1.4901161193847656e-08,0.11792860180139542,0.11792860180139542,0.11792860180139542,0.11792860180139542,0.11792860180139542,7.450580596923828e-09,1.4901161193847656e-08,1.4901161193847656e-08,0.2,3.0,0.4015509259807487
0,u=0.20_alpha=3.00,v03,nn,100,500,0.2,0.1,0.11823663115501404,0.11823663115501404,17.94839292929293,0.11907999999999999,0.11823663115501404,0.0717838704586029,0.03223681449890137,0.0424042582511936,0.0995820164680481,0.19751840829849243,0.40086138248443604,0.0717838853597641,0.0717838704586029,0.07178398966789246,0.2,3.0,0.4015509259807487
0,u=0.20_alpha=3.00,v03,fixed_random,100,500,0.2,0.1,0.11823663115501404,0.1,16.900874545454545,0.10071999999999999,0.10000000894069672,7.450580596923828e-09,0.10000000149011612,0.10000000149011612,0.10000000149011612,0.10000000149011612,0.10000000149011612,2.9802322387695312e-08,7.450580596923828e-09,1.4901161193847656e-08,0.2,3.0,0.4015509259807487
0,u=0.20_alpha=3.00,v03,matched_random,100,500,0.2,0.1,0.11823663115501404,0.11823663115501404,17.0128206060606,0.11926,0.11823665350675583,2.2351741790771484e-08,0.11823663115501404,0.11823663115501404,0.11823663115501404,0.11823663115501404,0.11823663115501404,1.4901161193847656e-08,2.2351741790771484e-08,0.0,0.2,3.0,0.4015509259807487
0,u=0.20_alpha=3.00,v04,nn,100,500,0.2,0.1,0.10868390649557114,0.10868390649557114,16.948114747474747,0.1079,0.10868390649557114,0.08353225886821747,0.03223681449890137,0.03223681449890137,0.08302965760231018,0.2152569264173303,0.40086138248443604,0.08353225886821747,0.08353225886821747,0.08353237062692642,0.2,3.0,0.4015509259807487
0,u=0.20_alpha=3.00,v04,fixed_random,100,500,0.2,0.1,0.10868390649557114,0.1,18.118704242424233,0.10012,0.10000000894069672,7.450580596923828e-09,0.10000000149011612,0.10000000149011612,0.10000000149011612,0.10000000149011612,0.10000000149011612,2.9802322387695312e-08,7.450580596923828e-09,1.4901161193847656e-08,0.2,3.0,0.4015509259807487
0,u=0.20_alpha=3.00,v04,matched_random,100,500,0.2,0.1,0.10868390649557114,0.10868390649557114,17.804400606060614,0.1085,0.10868392884731293,2.2351741790771484e-08,0.10868390649557114,0.10868390649557114,0.10868390649557114,0.10868390649557114,0.10868390649557114,1.4901161193847656e-08,2.2351741790771484e-08,1.4901161193847656e-08,0.2,3.0,0.4015509259807487
0,u=0.20_alpha=3.00,v05,nn,100,500,0.2,0.1,0.12047524750232697,0.12047524750232697,21.184368686868666,0.12104,0.12047524750232697,0.09891891479492188,0.03223681449890137,0.03223681449890137,0.08890208601951599,0.23399992883196574,0.40086138248443604,0.09891891479492188,0.09891891479492188,0.09891915321350098,0.2,3.0,0.4015509259807487
0,u=0.20_alpha=3.00,v05,fixed_random,100,500,0.2,0.1,0.12047524750232697,0.1,21.966869292929303,0.09936,0.10000000894069672,7.450580596923828e-09,0.10000000149011612,0.10000000149011612,0.10000000149011612,0.10000000149011612,0.10000000149011612,2.9802322387695312e-08,7.450580596923828e-09,1.4901161193847656e-08,0.2,3.0,0.4015509259807487
0,u=0.20_alpha=3.00,v05,matched_random,100,500,0.2,0.1,0.12047524750232697,0.12047524750232697,24.300499393939383,0.12406,0.12047526985406876,2.2351741790771484e-08,0.12047524750232697,0.12047524750232697,0.12047524750232697,0.12047524750232697,0.12047524750232697,1.4901161193847656e-08,2.2351741790771484e-08,0.0,0.2,3.0,0.4015509259807487
0,u=0.20_alpha=3.00,v06,nn,100,500,0.2,0.1,0.11772692203521729,0.11772692203521729,15.787749090909074,0.11513999999999999,0.11772692203521729,0.08988538384437561,0.03223681449890137,0.03223681449890137,0.09140375256538391,0.22792604565620422,0.40086138248443604,0.08988537639379501,0.08988538384437561,0.08988555520772934,0.2,3.0,0.4015509259807487
0,u=0.20_alpha=3.00,v06,fixed_random,100,500,0.2,0.1,0.11772692203521729,0.1,14.272026666666662,0.09853999999999999,0.10000000894069672,7.450580596923828e-09,0.10000000149011612,0.10000000149011612,0.10000000149011612,0.10000000149011612,0.10000000149011612,2.9802322387695312e-08,7.450580596923828e-09,1.4901161193847656e-08,0.2,3.0,0.4015509259807487
0,u=0.20_alpha=3.00,v06,matched_random,100,500,0.2,0.1,0.11772692203521729,0.11772692203521729,16.809071111111106,0.11744,0.11772692203521729,0.0,0.11772692203521729,0.11772692203521729,0.11772692203521729,0.11772692203521729,0.11772692203521729,1.4901161193847656e-08,0.0,1.4901161193847656e-08,0.2,3.0,0.4015509259807487
0,u=0.20_alpha=3.00,v07,nn,100,500,0.2,0.1,0.10546526312828064,0.10546526312828064,12.84286646464646,0.10647999999999999,0.10546526312828064,0.06905806809663773,0.03223681449890137,0.037989082932475715,0.08863240480422974,0.18836015462875366,0.40086138248443604,0.06905806809663773,0.06905806809663773,0.06905805319547653,0.2,3.0,0.4015509259807487
0,u=0.20_alpha=3.00,v07,fixed_random,100,500,0.2,0.1,0.10546526312828064,0.1,12.526918989898991,0.10006,0.10000000894069672,7.450580596923828e-09,0.10000000149011612,0.10000000149011612,0.10000000149011612,0.10000000149011612,0.10000000149011612,2.9802322387695312e-08,7.450580596923828e-09,1.4901161193847656e-08,0.2,3.0,0.4015509259807487
0,u=0.20_alpha=3.00,v07,matched_random,100,500,0.2,0.1,0.10546526312828064,0.10546526312828064,12.356718787878789,0.10587999999999999,0.10546528548002243,2.2351741790771484e-08,0.10546526312828064,0.10546526312828064,0.10546526312828064,0.10546526312828064,0.10546526312828064,7.450580596923828e-09,2.2351741790771484e-08,0.0,0.2,3.0,0.4015509259807487
0,u=0.20_alpha=3.00,v08,nn,100,500,0.2,0.1,0.1308365762233734,0.1308365762233734,15.95280606060606,0.13196,0.1308365762233734,0.10995184630155563,0.03223681449890137,0.03701307773590378,0.0995820164680481,0.40086138248443604,0.40086138248443604,0.10995185375213623,0.10995184630155563,0.10995211452245712,0.2,3.0,0.4015509259807487
0,u=0.20_alpha=3.00,v08,fixed_random,100,500,0.2,0.1,0.1308365762233734,0.1,13.607676767676756,0.10092000000000001,0.10000000894069672,7.450580596923828e-09,0.10000000149011612,0.10000000149011612,0.10000000149011612,0.10000000149011612,0.10000000149011612,2.9802322387695312e-08,7.450580596923828e-09,1.4901161193847656e-08,0.2,3.0,0.4015509259807487
0,u=0.20_alpha=3.00,v08,matched_random,100,500,0.2,0.1,0.1308365762233734,0.1308365762233734,16.575032929292913,0.13162000000000001,0.1308365911245346,1.4901161193847656e-08,0.1308365762233734,0.1308365762233734,0.1308365762233734,0.1308365762233734,0.1308365762233734,1.4901161193847656e-08,1.4901161193847656e-08,0.0,0.2,3.0,0.4015509259807487
0,u=0.20_alpha=3.00,v09,nn,100,500,0.2,0.1,0.12345673143863678,0.12345673143863678,18.43838646464647,0.12342,0.12345673143863678,0.0929521694779396,0.03223681449890137,0.03223684132099152,0.0995820164680481,0.2760026454925537,0.40086138248443604,0.09295214712619781,0.0929521694779396,0.09295226633548737,0.2,3.0,0.4015509259807487
0,u=0.20_alpha=3.00,v09,fixed_random,100,500,0.2,0.1,0.12345673143863678,0.1,16.23606161616163,0.10334,0.10000000894069672,7.450580596923828e-09,0.10000000149011612,0.10000000149011612,0.10000000149011612,0.10000000149011612,0.10000000149011612,2.9802322387695312e-08,7.450580596923828e-09,1.4901161193847656e-08,0.2,3.0,0.4015509259807487
0,u=0.20_alpha=3.00,v09,matched_random,100,500,0.2,0.1,0.12345673143863678,0.12345673143863678,17.859110505050506,0.12344,0.12345673143863678,0.0,0.12345673143863678,0.12345673143863678,0.12345673143863678,0.12345673143863678,0.12345673143863678,7.450580596923828e-09,0.0,1.4901161193847656e-08,0.2,3.0,0.4015509259807487
