source,version,generation_slot,completion_slot,delay,completed
1,1,0,65,65,True
18,1,0,70,70,True
19,1,0,94,94,True
21,1,0,72,72,True
22,1,0,65,65,True
25,1,0,117,117,True
30,1,0,117,117,True
37,1,0,65,65,True
39,1,0,65,65,True
48,1,0,115,115,True
50,1,0,115,115,True
60,1,0,115,115,True
64,1,0,72,72,True
76,1,0,115,115,True
78,1,0,72,72,True
6,1,1,70,69,True
13,1,1,65,64,True
14,1,1,65,64,True
15,1,1,65,64,True
20,1,1,65,64,True
30,2,1,117,116,True
31,1,1,65,64,True
32,1,1,65,64,True
38,1,1,65,64,True
40,1,1,115,114,True
43,1,1,118,117,True
46,1,1,115,114,True
61,1,1,118,117,True
66,1,1,115,114,True
70,1,1,72,71,True
73,1,1,118,117,True
77,1,1,115,114,True
0,1,2,65,63,True
10,1,2,65,63,True
15,2,2,65,63,True
22,2,2,117,115,True
30,3,2,117,115,True
31,2,2,65,63,True
36,1,2,65,63,True
44,1,2,72,70,True
53,1,2,115,113,True
55,1,2,72,70,True
57,1,2,118,116,True
70,2,2,72,70,True
0,2,3,65,62,True
4,1,3,117,114,True
34,1,3,65,62,True
40,2,3,115,112,True
41,1,3,118,115,True
42,1,3,118,115,True
43,2,3,118,115,True
44,2,3,115,112,True
45,1,3,115,112,True
50,2,3,115,112,True
58,1,3,115,112,True
70,3,3,72,69,True
77,2,3,115,112,True
0,3,4,65,61,True
11,1,4,65,61,True
14,2,4,65,61,True
18,2,4,70,66,True
31,3,4,65,61,True
37,2,4,65,61,True
39,2,4,65,61,True
40,3,4,115,111,True
42,2,4,118,114,True
59,1,4,115,111,True
61,2,4,118,114,True
67,1,4,118,114,True
73,2,4,118,114,True
75,1,4,72,68,True
76,2,4,115,111,True
11,2,5,65,60,True
12,1,5,65,60,True
15,3,5,65,60,True
21,2,5,72,67,True
27,1,5,65,60,True
30,4,5,117,112,True
33,1,5,65,60,True
35,1,5,70,65,True
39,3,5,65,60,True
48,2,5,115,110,True
52,1,5,72,67,True
56,1,5,118,113,True
60,2,5,115,110,True
62,1,5,118,113,True
66,2,5,115,110,True
75,2,5,72,67,True
78,2,5,72,67,True
0,4,6,65,59,True
2,1,6,117,111,True
5,1,6,117,111,True
13,2,6,65,59,True
14,3,6,65,59,True
21,3,6,72,66,True
23,1,6,72,66,True
24,1,6,117,111,True
26,1,6,65,59,True
27,2,6,65,59,True
32,2,6,65,59,True
34,2,6,65,59,True
39,4,6,65,59,True
51,1,6,72,66,True
58,2,6,115,109,True
59,2,6,115,109,True
61,3,6,118,112,True
64,2,6,72,66,True
66,3,6,115,109,True
2,2,7,117,110,True
4,2,7,117,110,True
5,2,7,117,110,True
13,3,7,72,65,True
14,4,7,65,58,True
25,2,7,117,110,True
28,1,7,109,102,True
29,1,7,65,58,True
41,2,7,118,111,True
45,2,7,115,108,True
48,3,7,115,108,True
55,2,7,72,65,True
63,1,7,118,111,True
64,3,7,72,65,True
75,3,7,72,65,True
12,2,8,65,57,True
13,4,8,72,64,True
19,2,8,94,86,True
22,3,8,117,109,True
24,2,8,117,109,True
32,3,8,65,57,True
35,2,8,70,62,True
36,2,8,65,57,True
42,3,8,118,110,True
46,2,8,118,110,True
47,1,8,72,64,True
48,4,8,115,107,True
52,2,8,115,107,True
55,3,8,72,64,True
63,2,8,118,110,True
65,1,8,115,107,True
71,1,8,118,110,True
1,2,9,70,61,True
6,2,9,70,61,True
9,1,9,117,108,True
12,3,9,65,56,True
19,3,9,94,85,True
30,5,9,117,108,True
40,4,9,115,106,True
50,3,9,115,106,True
54,1,9,118,109,True
58,3,9,115,106,True
68,1,9,118,109,True
70,4,9,72,63,True
77,3,9,118,109,True
6,3,10,70,60,True
11,3,10,65,55,True
16,1,10,117,107,True
19,4,10,94,84,True
23,2,10,72,62,True
26,2,10,65,55,True
32,4,10,65,55,True
52,3,10,115,105,True
57,2,10,118,108,True
59,3,10,115,105,True
65,2,10,115,105,True
66,4,10,115,105,True
67,2,10,118,108,True
69,1,10,115,105,True
73,3,10,118,108,True
78,3,10,115,105,True
0,5,11,65,54,True
2,3,11,117,106,True
9,2,11,117,106,True
14,5,11,65,54,True
17,1,11,65,54,True
20,2,11,94,83,True
25,3,11,117,106,True
32,5,11,65,54,True
41,3,11,118,107,True
44,3,11,115,104,True
52,4,11,115,104,True
56,2,11,118,107,True
58,4,11,115,104,True
60,3,11,115,104,True
62,2,11,118,107,True
64,4,11,72,61,True
75,4,11,72,61,True
76,3,11,115,104,True
3,1,12,65,53,True
5,3,12,117,105,True
6,4,12,70,58,True
7,1,12,70,58,True
19,5,12,94,82,True
21,4,12,72,60,True
24,3,12,117,105,True
34,3,12,65,53,True
39,5,12,70,58,True
49,1,12,118,106,True
53,2,12,115,103,True
54,2,12,118,106,True
56,3,12,118,106,True
59,4,12,115,103,True
60,4,12,115,103,True
61,4,12,118,106,True
62,3,12,118,106,True
64,5,12,72,60,True
73,4,12,118,106,True
1,3,13,70,57,True
10,2,13,72,59,True
11,4,13,117,104,True
13,5,13,72,59,True
22,4,13,117,104,True
35,3,13,70,57,True
45,3,13,115,102,True
48,5,13,115,102,True
52,5,13,115,102,True
55,4,13,72,59,True
58,5,13,115,102,True
60,5,13,118,105,True
68,2,13,118,105,True
71,2,13,118,105,True
74,1,13,115,102,True
5,4,14,117,103,True
6,5,14,70,56,True
9,3,14,117,103,True
13,6,14,72,58,True
14,6,14,65,51,True
24,4,14,117,103,True
28,2,14,109,95,True
31,4,14,65,51,True
45,4,14,115,101,True
46,3,14,118,104,True
47,2,14,72,58,True
58,6,14,115,101,True
63,3,14,118,104,True
66,5,14,115,101,True
70,5,14,72,58,True
6,6,15,70,55,True
8,1,15,94,79,True
12,4,15,65,50,True
14,7,15,65,50,True
20,3,15,94,79,True
26,3,15,65,50,True
27,3,15,65,50,True
32,6,15,65,50,True
37,3,15,65,50,True
49,2,15,118,103,True
54,3,15,118,103,True
58,7,15,115,100,True
59,5,15,115,100,True
64,6,15,115,100,True
76,4,15,115,100,True
79,1,15,118,103,True
17,2,16,65,49,True
24,5,16,117,101,True
33,2,16,65,49,True
38,2,16,94,78,True
44,4,16,115,99,True
54,4,16,118,102,True
57,3,16,118,102,True
67,3,16,118,102,True
68,3,16,118,102,True
69,2,16,115,99,True
73,5,16,118,102,True
1,4,17,70,53,True
2,4,17,117,100,True
7,2,17,70,53,True
17,3,17,65,48,True
21,5,17,72,55,True
27,4,17,70,53,True
42,4,17,118,101,True
46,4,17,118,101,True
53,3,17,115,98,True
75,5,17,72,55,True
76,5,17,115,98,True
77,4,17,118,101,True
78,4,17,115,98,True
6,7,18,117,99,True
13,7,18,72,54,True
20,4,18,94,76,True
22,5,18,117,99,True
30,6,18,117,99,True
35,4,18,70,52,True
41,4,18,118,100,True
48,6,18,115,97,True
50,4,18,118,100,True
57,4,18,118,100,True
60,6,18,118,100,True
65,3,18,115,97,True
70,6,18,72,54,True
73,6,18,118,100,True
75,6,18,72,54,True
3,2,19,170,151,True
7,3,19,70,51,True
10,3,19,72,53,True
11,5,19,117,98,True
13,8,19,72,53,True
17,4,19,109,90,True
22,6,19,117,98,True
26,4,19,65,46,True
34,4,19,65,46,True
46,5,19,118,99,True
47,3,19,115,96,True
50,5,19,118,99,True
53,4,19,115,96,True
72,1,19,115,96,True
10,4,20,72,52,True
12,5,20,65,45,True
22,7,20,117,97,True
24,6,20,117,97,True
25,4,20,117,97,True
26,5,20,109,89,True
27,5,20,70,50,True
31,5,20,117,97,True
39,6,20,70,50,True
41,5,20,118,98,True
50,6,20,118,98,True
65,4,20,115,95,True
67,4,20,118,98,True
73,7,20,118,98,True
78,5,20,115,95,True
1,5,21,70,49,True
3,3,21,170,149,True
9,4,21,117,96,True
16,2,21,117,96,True
27,6,21,70,49,True
35,5,21,170,149,True
38,3,21,94,73,True
51,2,21,72,51,True
52,6,21,115,94,True
53,5,21,115,94,True
54,5,21,118,97,True
58,8,21,118,97,True
61,5,21,118,97,True
63,4,21,118,97,True
65,5,21,115,94,True
66,6,21,115,94,True
67,5,21,118,97,True
78,6,21,115,94,True
79,2,21,118,97,True
1,6,22,70,48,True
2,5,22,117,95,True
22,8,22,117,95,True
25,5,22,117,95,True
27,7,22,70,48,True
30,7,22,117,95,True
33,3,22,117,95,True
44,5,22,115,93,True
50,7,22,118,96,True
54,6,22,118,96,True
55,5,22,115,93,True
57,5,22,118,96,True
70,7,22,115,93,True
74,2,22,118,96,True
2,6,23,117,94,True
6,8,23,117,94,True
9,5,23,117,94,True
11,6,23,117,94,True
22,9,23,117,94,True
23,3,23,72,49,True
28,3,23,109,86,True
30,8,23,117,94,True
32,7,23,72,49,True
35,6,23,170,147,True
47,4,23,115,92,True
52,7,23,115,92,True
59,6,23,115,92,True
61,6,23,118,95,True
1,7,24,70,46,True
5,5,24,117,93,True
6,9,24,117,93,True
8,2,24,94,70,True
16,3,24,117,93,True
23,4,24,72,48,True
24,7,24,117,93,True
25,6,24,117,93,True
30,9,24,117,93,True
34,5,24,65,41,True
42,5,24,118,94,True
44,6,24,115,91,True
46,6,24,118,94,True
51,3,24,72,48,True
56,4,24,118,94,True
58,9,24,118,94,True
60,7,24,118,94,True
62,4,24,118,94,True
68,4,24,118,94,True
71,3,24,118,94,True
73,8,24,118,94,True
76,6,24,115,91,True
78,7,24,115,91,True
79,3,24,118,94,True
0,6,25,65,40,True
2,7,25,117,92,True
12,6,25,94,69,True
18,3,25,117,92,True
21,6,25,72,47,True
33,4,25,117,92,True
40,5,25,115,90,True
44,7,25,115,90,True
45,5,25,115,90,True
49,3,25,118,93,True
64,7,25,115,90,True
66,7,25,115,90,True
71,4,25,118,93,True
79,4,25,118,93,True
6,10,26,117,91,True
16,4,26,117,91,True
19,6,26,94,68,True
20,5,26,94,68,True
23,5,26,72,46,True
28,4,26,109,83,True
35,7,26,170,144,True
36,3,26,65,39,True
40,6,26,115,89,True
42,6,26,118,92,True
44,8,26,115,89,True
48,7,26,115,89,True
57,6,26,118,92,True
66,8,26,115,89,True
68,5,26,118,92,True
70,8,26,115,89,True
73,9,26,118,92,True
1,8,27,94,67,True
2,8,27,117,90,True
4,3,27,117,90,True
7,4,27,117,90,True
9,6,27,117,90,True
12,7,27,94,67,True
21,7,27,72,45,True
25,7,27,117,90,True
34,6,27,117,90,True
40,7,27,115,88,True
42,7,27,118,91,True
53,6,27,115,88,True
60,8,27,118,91,True
62,5,27,118,91,True
64,8,27,115,88,True
71,5,27,118,91,True
76,7,27,115,88,True
78,8,27,115,88,True
0,7,28,65,37,True
8,3,28,94,66,True
13,9,28,109,81,True
17,5,28,109,81,True
20,6,28,94,66,True
26,6,28,109,81,True
43,3,28,118,90,True
53,7,28,115,87,True
54,7,28,118,90,True
57,7,28,118,90,True
63,5,28,118,90,True
66,9,28,115,87,True
78,9,28,115,87,True
2,9,29,117,88,True
15,4,29,117,88,True
28,5,29,109,80,True
36,4,29,65,36,True
37,4,29,70,41,True
40,8,29,115,86,True
43,4,29,118,89,True
47,5,29,115,86,True
49,4,29,118,89,True
55,6,29,115,86,True
57,8,29,118,89,True
61,7,29,118,89,True
67,6,29,118,89,True
71,6,29,118,89,True
3,4,30,170,140,True
10,5,30,115,85,True
11,7,30,117,87,True
13,10,30,109,79,True
14,8,30,65,35,True
16,5,30,117,87,True
18,4,30,117,87,True
22,10,30,117,87,True
25,8,30,117,87,True
27,8,30,117,87,True
31,6,30,117,87,True
32,8,30,72,42,True
37,5,30,70,40,True
39,7,30,70,40,True
40,9,30,115,85,True
41,6,30,118,88,True
45,6,30,115,85,True
49,5,30,118,88,True
51,4,30,115,85,True
59,7,30,115,85,True
61,8,30,118,88,True
64,9,30,115,85,True
66,10,30,115,85,True
69,3,30,115,85,True
72,2,30,115,85,True
73,10,30,118,88,True
79,5,30,118,88,True
0,8,31,65,34,True
4,4,31,117,86,True
28,6,31,109,78,True
31,7,31,117,86,True
37,6,31,70,39,True
39,8,31,94,63,True
40,10,31,115,84,True
42,8,31,118,87,True
43,5,31,118,87,True
55,7,31,115,84,True
60,9,31,118,87,True
63,6,31,118,87,True
64,10,31,115,84,True
66,11,31,115,84,True
70,9,31,118,87,True
72,3,31,115,84,True
76,8,31,115,84,True
77,5,31,118,87,True
79,6,31,118,87,True
17,6,32,109,77,True
18,5,32,117,85,True
22,11,32,117,85,True
28,7,32,109,77,True
39,9,32,94,62,True
46,7,32,118,86,True
50,8,32,118,86,True
53,8,32,115,83,True
60,10,32,118,86,True
69,4,32,115,83,True
72,4,32,115,83,True
74,3,32,118,86,True
7,5,33,117,84,True
11,8,33,117,84,True
18,6,33,117,84,True
21,8,33,117,84,True
32,9,33,72,39,True
39,10,33,94,61,True
42,9,33,118,85,True
44,9,33,115,82,True
45,7,33,115,82,True
46,8,33,118,85,True
50,9,33,118,85,True
53,9,33,115,82,True
57,9,33,118,85,True
59,8,33,115,82,True
66,12,33,115,82,True
69,5,33,115,82,True
70,10,33,118,85,True
71,7,33,118,85,True
72,5,33,115,82,True
6,11,34,170,136,True
8,4,34,94,60,True
9,7,34,117,83,True
10,6,34,115,81,True
19,7,34,94,60,True
21,9,34,117,83,True
22,12,34,117,83,True
36,5,34,94,60,True
39,11,34,94,60,True
41,7,34,118,84,True
47,6,34,115,81,True
52,8,34,115,81,True
54,8,34,118,84,True
57,10,34,118,84,True
58,10,34,118,84,True
7,6,35,117,82,True
24,8,35,117,82,True
29,2,35,117,82,True
37,7,35,109,74,True
48,8,35,115,80,True
50,10,35,118,83,True
65,6,35,115,80,True
68,6,35,118,83,True
73,11,35,118,83,True
77,6,35,118,83,True
6,12,36,170,134,True
16,6,36,117,81,True
17,7,36,109,73,True
18,7,36,117,81,True
26,7,36,109,73,True
27,9,36,117,81,True
36,6,36,117,81,True
38,4,36,94,58,True
41,8,36,118,82,True
47,7,36,115,79,True
70,11,36,118,82,True
72,6,36,115,79,True
77,7,36,118,82,True
5,6,37,117,80,True
10,7,37,115,78,True
13,11,37,109,72,True
15,5,37,117,80,True
18,8,37,117,80,True
22,13,37,117,80,True
23,6,37,117,80,True
28,8,37,109,72,True
29,3,37,117,80,True
31,8,37,117,80,True
36,7,37,117,80,True
48,9,37,118,81,True
52,9,37,115,78,True
56,5,37,118,81,True
58,11,37,118,81,True
62,6,37,118,81,True
68,7,37,118,81,True
75,7,37,115,78,True
77,8,37,118,81,True
0,9,38,170,132,True
4,5,38,170,132,True
7,7,38,117,79,True
16,7,38,117,79,True
18,9,38,117,79,True
20,7,38,94,56,True
23,7,38,117,79,True
29,4,38,117,79,True
33,5,38,117,79,True
40,11,38,118,80,True
44,10,38,115,77,True
46,9,38,118,80,True
48,10,38,118,80,True
51,5,38,115,77,True
59,9,38,118,80,True
67,7,38,118,80,True
73,12,38,118,80,True
1,9,39,94,55,True
3,5,39,170,131,True
4,6,39,170,131,True
7,8,39,117,78,True
10,8,39,115,76,True
20,8,39,94,55,True
22,14,39,117,78,True
26,8,39,109,70,True
28,9,39,109,70,True
29,5,39,117,78,True
30,10,39,117,78,True
40,12,39,118,79,True
45,8,39,115,76,True
48,11,39,118,79,True
57,11,39,118,79,True
59,10,39,118,79,True
65,7,39,115,76,True
69,6,39,115,76,True
75,8,39,115,76,True
79,7,39,118,79,True
0,10,40,170,130,True
5,7,40,117,77,True
9,8,40,170,130,True
24,9,40,117,77,True
25,9,40,117,77,True
29,6,40,117,77,True
30,11,40,117,77,True
41,9,40,118,78,True
44,11,40,115,75,True
59,11,40,118,78,True
60,11,40,118,78,True
61,9,40,118,78,True
64,11,40,115,75,True
71,8,40,118,78,True
12,8,41,117,76,True
37,8,41,109,68,True
41,10,41,118,77,True
47,8,41,115,74,True
59,12,41,118,77,True
61,10,41,118,77,True
62,7,41,118,77,True
74,4,41,118,77,True
76,9,41,115,74,True
0,11,42,170,128,True
4,7,42,170,128,True
8,5,42,109,67,True
9,9,42,170,128,True
10,9,42,115,73,True
16,8,42,117,75,True
19,8,42,117,75,True
21,10,42,117,75,True
24,10,42,117,75,True
29,7,42,117,75,True
32,10,42,109,67,True
33,6,42,117,75,True
50,11,42,118,76,True
57,12,42,118,76,True
69,7,42,115,73,True
71,9,42,118,76,True
73,13,42,118,76,True
1,10,43,117,74,True
6,13,43,170,127,True
10,10,43,115,72,True
11,9,43,117,74,True
15,6,43,117,74,True
16,9,43,117,74,True
19,9,43,117,74,True
23,8,43,117,74,True
29,8,43,117,74,True
49,6,43,199,156,True
55,8,43,118,75,True
72,7,43,115,72,True
73,14,43,118,75,True
74,5,43,118,75,True
76,10,43,115,72,True
0,12,44,170,126,True
2,10,44,117,73,True
6,14,44,170,126,True
9,10,44,170,126,True
17,8,44,170,126,True
30,12,44,117,73,True
32,11,44,109,65,True
33,7,44,117,73,True
50,12,44,118,74,True
56,6,44,134,90,True
63,7,44,118,74,True
65,8,44,118,74,True
68,8,44,118,74,True
78,10,44,118,74,True
6,15,45,170,125,True
7,9,45,117,72,True
8,6,45,109,64,True
12,9,45,117,72,True
14,9,45,117,72,True
25,10,45,170,125,True
26,9,45,117,72,True
27,10,45,117,72,True
55,9,45,118,73,True
61,11,45,118,73,True
63,8,45,118,73,True
65,9,45,118,73,True
66,13,45,118,73,True
68,9,45,118,73,True
69,8,45,115,70,True
73,15,45,118,73,True
78,11,45,118,73,True
3,6,46,170,124,True
9,11,46,170,124,True
12,10,46,117,71,True
16,10,46,117,71,True
21,11,46,117,71,True
30,13,46,117,71,True
36,8,46,117,71,True
43,6,46,134,88,True
45,9,46,118,72,True
54,9,46,118,72,True
64,12,46,118,72,True
76,11,46,118,72,True
78,12,46,118,72,True
79,8,46,118,72,True
0,13,47,170,123,True
1,11,47,117,70,True
3,7,47,170,123,True
14,10,47,117,70,True
22,15,47,117,70,True
27,11,47,117,70,True
29,9,47,117,70,True
40,13,47,118,71,True
44,12,47,118,71,True
46,10,47,118,71,True
48,12,47,118,71,True
50,13,47,118,71,True
51,6,47,118,71,True
57,13,47,118,71,True
58,12,47,118,71,True
62,8,47,118,71,True
66,14,47,118,71,True
67,8,47,118,71,True
71,10,47,118,71,True
2,11,48,117,69,True
10,11,48,115,67,True
15,7,48,117,69,True
16,11,48,117,69,True
28,10,48,117,69,True
29,10,48,117,69,True
34,7,48,117,69,True
36,9,48,117,69,True
37,9,48,109,61,True
41,11,48,118,70,True
44,13,48,118,70,True
48,13,48,118,70,True
49,7,48,199,151,True
51,7,48,118,70,True
58,13,48,118,70,True
63,9,48,118,70,True
66,15,48,118,70,True
74,6,48,118,70,True
78,13,48,118,70,True
0,14,49,170,121,True
8,7,49,117,68,True
16,12,49,170,121,True
18,10,49,170,121,True
20,9,49,117,68,True
23,9,49,117,68,True
24,11,49,170,121,True
30,14,49,117,68,True
31,9,49,117,68,True
35,8,49,170,121,True
40,14,49,118,69,True
42,10,49,118,69,True
47,9,49,118,69,True
51,8,49,118,69,True
65,10,49,118,69,True
67,9,49,118,69,True
68,10,49,118,69,True
5,8,50,117,67,True
11,10,50,117,67,True
25,11,50,170,120,True
29,11,50,117,67,True
38,5,50,117,67,True
39,12,50,117,67,True
42,11,50,118,68,True
46,11,50,118,68,True
51,9,50,118,68,True
53,10,50,118,68,True
62,9,50,118,68,True
63,10,50,118,68,True
69,9,50,115,65,True
71,11,50,118,68,True
79,9,50,118,68,True
3,8,51,170,119,True
4,8,51,170,119,True
10,12,51,115,64,True
24,12,51,170,119,True
25,12,51,170,119,True
29,12,51,117,66,True
36,10,51,117,66,True
43,7,51,134,83,True
44,14,51,118,67,True
47,10,51,118,67,True
48,14,51,118,67,True
59,13,51,118,67,True
61,12,51,118,67,True
67,10,51,118,67,True
68,11,51,199,148,True
12,11,52,117,65,True
13,12,52,117,65,True
20,10,52,117,65,True
28,11,52,117,65,True
29,13,52,117,65,True
31,10,52,117,65,True
40,15,52,118,66,True
52,10,52,118,66,True
53,11,52,118,66,True
55,10,52,118,66,True
56,7,52,134,82,True
59,14,52,118,66,True
11,11,53,117,64,True
12,12,53,117,64,True
17,9,53,170,117,True
19,10,53,117,64,True
29,14,53,117,64,True
30,15,53,117,64,True
32,12,53,170,117,True
35,9,53,170,117,True
43,8,53,134,81,True
44,15,53,118,65,True
46,12,53,118,65,True
55,11,53,118,65,True
58,14,53,118,65,True
59,15,53,118,65,True
78,14,53,118,65,True
1,12,54,117,63,True
22,16,54,117,63,True
24,13,54,170,116,True
25,13,54,170,116,True
26,10,54,117,63,True
33,8,54,117,63,True
36,11,54,117,63,True
37,10,54,117,63,True
42,12,54,118,64,True
45,10,54,118,64,True
49,8,54,199,145,True
52,11,54,118,64,True
56,8,54,134,80,True
62,10,54,199,145,True
71,12,54,118,64,True
75,9,54,118,64,True
78,15,54,118,64,True
1,13,55,117,62,True
6,16,55,170,115,True
7,10,55,117,62,True
8,8,55,117,62,True
15,8,55,117,62,True
16,13,55,170,115,True
19,11,55,117,62,True
23,10,55,117,62,True
27,12,55,117,62,True
29,15,55,170,115,True
30,16,55,117,62,True
39,13,55,117,62,True
42,13,55,118,63,True
45,11,55,118,63,True
57,14,55,118,63,True
66,16,55,118,63,True
68,12,55,199,144,True
69,10,55,118,63,True
70,12,55,118,63,True
76,12,55,118,63,True
1,14,56,117,61,True
12,13,56,117,61,True
17,10,56,170,114,True
22,17,56,117,61,True
24,14,56,170,114,True
26,11,56,117,61,True
28,12,56,117,61,True
32,13,56,170,114,True
46,13,56,118,62,True
47,11,56,118,62,True
48,15,56,118,62,True
53,12,56,118,62,True
65,11,56,118,62,True
68,13,56,199,143,True
71,13,56,118,62,True
74,7,56,134,78,True
4,9,57,170,113,True
5,9,57,117,60,True
12,14,57,117,60,True
20,11,57,117,60,True
21,12,57,117,60,True
24,15,57,170,113,True
27,13,57,117,60,True
33,9,57,170,113,True
37,11,57,117,60,True
38,6,57,117,60,True
54,10,57,118,61,True
60,12,57,118,61,True
63,11,57,118,61,True
3,9,58,170,112,True
8,9,58,117,59,True
11,12,58,170,112,True
13,13,58,170,112,True
17,11,58,170,112,True
24,16,58,170,112,True
25,14,58,170,112,True
26,12,58,117,59,True
34,8,58,170,112,True
35,10,58,170,112,True
36,12,58,117,59,True
47,12,58,118,60,True
66,17,58,118,60,True
75,10,58,118,60,True
77,9,58,118,60,True
3,10,59,170,111,True
13,14,59,170,111,True
14,11,59,118,59,True
23,11,59,117,58,True
26,13,59,117,58,True
39,14,59,117,58,True
41,12,59,118,59,True
44,16,59,118,59,True
45,12,59,118,59,True
53,13,59,118,59,True
55,12,59,118,59,True
57,15,59,118,59,True
60,13,59,118,59,True
69,11,59,118,59,True
78,16,59,118,59,True
8,10,60,117,57,True
17,12,60,170,110,True
19,12,60,117,57,True
20,12,60,117,57,True
22,18,60,117,57,True
32,14,60,170,110,True
34,9,60,170,110,True
35,11,60,170,110,True
38,7,60,117,57,True
41,13,60,118,58,True
42,14,60,118,58,True
43,9,60,134,74,True
50,14,60,118,58,True
52,12,60,118,58,True
53,14,60,118,58,True
55,13,60,118,58,True
58,15,60,118,58,True
61,13,60,118,58,True
62,11,60,199,139,True
63,12,60,118,58,True
66,18,60,118,58,True
70,13,60,118,58,True
73,16,60,118,58,True
79,10,60,118,58,True
8,11,61,117,56,True
13,15,61,170,109,True
15,9,61,117,56,True
28,13,61,117,56,True
38,8,61,117,56,True
42,15,61,118,57,True
44,17,61,118,57,True
45,13,61,118,57,True
51,10,61,118,57,True
53,15,61,118,57,True
56,9,61,134,73,True
59,16,61,118,57,True
60,14,61,118,57,True
68,14,61,199,138,True
69,12,61,118,57,True
78,17,61,118,57,True
4,10,62,170,108,True
15,10,62,117,55,True
23,12,62,117,55,True
27,14,62,117,55,True
35,12,62,170,108,True
40,16,62,118,56,True
44,18,62,118,56,True
46,14,62,118,56,True
54,11,62,118,56,True
57,16,62,118,56,True
65,12,62,118,56,True
4,11,63,170,107,True
22,19,63,117,54,True
24,17,63,170,107,True
34,10,63,170,107,True
41,14,63,199,136,True
45,14,63,118,55,True
49,9,63,199,136,True
65,13,63,118,55,True
74,8,63,134,71,True
75,11,63,118,55,True
76,13,63,118,55,True
77,10,63,118,55,True
1,15,64,117,53,True
12,15,64,117,53,True
17,13,64,170,106,True
20,13,64,117,53,True
25,15,64,170,106,True
37,12,64,117,53,True
38,9,64,117,53,True
44,19,64,118,54,True
49,10,64,199,135,True
52,13,64,118,54,True
55,14,64,118,54,True
63,13,64,118,54,True
64,13,64,118,54,True
66,19,64,118,54,True
70,14,64,118,54,True
78,18,64,118,54,True
79,11,64,118,54,True
3,11,65,170,105,True
16,14,65,170,105,True
25,16,65,170,105,True
26,14,65,117,52,True
35,13,65,170,105,True
42,16,65,118,53,True
44,20,65,118,53,True
46,15,65,118,53,True
49,11,65,199,134,True
51,11,65,118,53,True
52,14,65,118,53,True
54,12,65,118,53,True
65,14,65,118,53,True
66,20,65,118,53,True
6,17,66,170,104,True
7,11,66,117,51,True
8,12,66,117,51,True
21,13,66,170,104,True
24,18,66,170,104,True
34,11,66,170,104,True
41,15,66,199,133,True
42,17,66,118,52,True
51,12,66,118,52,True
52,15,66,118,52,True
68,15,66,199,133,True
70,15,66,118,52,True
71,14,66,118,52,True
78,19,66,118,52,True
79,12,66,151,85,True
9,12,67,170,103,True
30,17,67,170,103,True
44,21,67,118,51,True
49,12,67,199,132,True
52,16,67,118,51,True
54,13,67,118,51,True
63,14,67,118,51,True
66,21,67,118,51,True
68,16,67,199,132,True
74,9,67,134,67,True
79,13,67,151,84,True
1,16,68,117,49,True
6,18,68,170,102,True
9,13,68,170,102,True
10,13,68,170,102,True
21,14,68,170,102,True
25,17,68,170,102,True
26,15,68,117,49,True
28,14,68,117,49,True
41,16,68,199,131,True
44,22,68,118,50,True
51,13,68,118,50,True
62,12,68,199,131,True
72,8,68,118,50,True
75,12,68,118,50,True
77,11,68,118,50,True
78,20,68,118,50,True
11,13,69,170,101,True
16,15,69,170,101,True
24,19,69,170,101,True
33,10,69,170,101,True
34,12,69,170,101,True
36,13,69,117,48,True
46,16,69,118,49,True
55,15,69,118,49,True
56,10,69,134,65,True
58,16,69,134,65,True
62,13,69,199,130,True
67,11,69,118,49,True
69,13,69,118,49,True
73,17,69,199,130,True
78,21,69,118,49,True
79,14,69,151,82,True
6,19,70,170,100,True
10,14,70,170,100,True
12,16,70,117,47,True
22,20,70,117,47,True
26,16,70,117,47,True
32,15,70,170,100,True
41,17,70,199,129,True
51,14,70,118,48,True
59,17,70,118,48,True
60,15,70,118,48,True
65,15,70,118,48,True
76,14,70,118,48,True
2,12,71,170,99,True
3,12,71,170,99,True
6,20,71,170,99,True
8,13,71,170,99,True
21,15,71,170,99,True
23,13,71,170,99,True
29,16,71,170,99,True
30,18,71,170,99,True
41,18,71,199,128,True
43,10,71,134,63,True
54,14,71,118,47,True
56,11,71,134,63,True
68,17,71,199,128,True
70,16,71,118,47,True
79,15,71,151,80,True
4,12,72,170,98,True
12,17,72,170,98,True
16,16,72,170,98,True
19,13,72,117,45,True
26,17,72,117,45,True
27,15,72,117,45,True
29,17,72,170,98,True
31,11,72,170,98,True
34,13,72,170,98,True
35,14,72,170,98,True
42,18,72,118,46,True
76,15,72,118,46,True
0,15,73,170,97,True
5,10,73,117,44,True
6,21,73,170,97,True
8,14,73,170,97,True
9,14,73,170,97,True
16,17,73,170,97,True
26,18,73,117,44,True
28,15,73,117,44,True
32,16,73,170,97,True
38,10,73,117,44,True
52,17,73,118,45,True
53,16,73,118,45,True
54,15,73,199,126,True
61,14,73,118,45,True
71,15,73,118,45,True
72,9,73,118,45,True
6,22,74,170,96,True
7,12,74,170,96,True
14,12,74,118,44,True
28,16,74,117,43,True
29,18,74,170,96,True
39,15,74,117,43,True
43,11,74,134,60,True
52,18,74,118,44,True
54,16,74,199,125,True
61,15,74,118,44,True
66,22,74,118,44,True
68,18,74,199,125,True
72,10,74,118,44,True
74,10,74,134,60,True
15,11,75,170,95,True
29,19,75,170,95,True
36,14,75,117,42,True
41,19,75,199,124,True
43,12,75,134,59,True
49,13,75,199,124,True
57,17,75,118,43,True
64,14,75,118,43,True
67,12,75,199,124,True
70,17,75,118,43,True
72,11,75,118,43,True
75,13,75,118,43,True
78,22,75,118,43,True
79,16,75,151,76,True
0,16,76,170,94,True
1,17,76,117,41,True
4,13,76,170,94,True
13,16,76,170,94,True
16,18,76,170,94,True
28,17,76,117,41,True
33,11,76,170,94,True
39,16,76,117,41,True
47,13,76,145,69,True
51,15,76,118,42,True
62,14,76,199,123,True
68,19,76,199,123,True
70,18,76,118,42,True
78,23,76,118,42,True
7,13,77,170,93,True
10,15,77,170,93,True
12,18,77,170,93,True
18,11,77,170,93,True
21,16,77,170,93,True
28,18,77,117,40,True
35,15,77,170,93,True
36,15,77,117,40,True
40,17,77,134,57,True
50,15,77,134,57,True
51,16,77,118,41,True
73,18,77,199,122,True
77,12,77,118,41,True
78,24,77,118,41,True
12,19,78,170,92,True
19,14,78,117,39,True
21,17,78,170,92,True
27,16,78,170,92,True
29,20,78,170,92,True
36,16,78,118,40,True
38,11,78,117,39,True
45,15,78,118,40,True
47,14,78,145,67,True
51,17,78,145,67,True
57,18,78,118,40,True
59,18,78,118,40,True
61,16,78,118,40,True
64,15,78,134,56,True
3,13,79,170,91,True
4,14,79,170,91,True
8,15,79,170,91,True
35,16,79,170,91,True
36,17,79,118,39,True
42,19,79,118,39,True
51,18,79,145,66,True
57,19,79,118,39,True
62,15,79,199,120,True
74,11,79,134,55,True
12,20,80,170,90,True
16,19,80,170,90,True
22,21,80,170,90,True
26,19,80,170,90,True
40,18,80,134,54,True
43,13,80,134,54,True
52,19,80,134,54,True
55,16,80,118,38,True
56,12,80,134,54,True
65,16,80,118,38,True
74,12,80,134,54,True
3,14,81,170,89,True
6,23,81,195,114,True
9,15,81,170,89,True
10,16,81,170,89,True
18,12,81,170,89,True
19,15,81,117,36,True
20,14,81,170,89,True
21,18,81,170,89,True
22,22,81,170,89,True
23,14,81,170,89,True
24,20,81,170,89,True
38,12,81,117,36,True
39,17,81,170,89,True
45,16,81,118,37,True
51,19,81,145,64,True
57,20,81,199,118,True
60,16,81,134,53,True
73,19,81,199,118,True
7,14,82,170,88,True
12,21,82,170,88,True
15,12,82,170,88,True
17,14,82,170,88,True
20,15,82,170,88,True
25,18,82,170,88,True
26,20,82,170,88,True
28,19,82,170,88,True
33,12,82,170,88,True
37,13,82,170,88,True
42,20,82,151,69,True
46,17,82,134,52,True
50,16,82,134,52,True
57,21,82,199,117,True
58,17,82,134,52,True
63,15,82,118,36,True
73,20,82,199,117,True
77,13,82,118,36,True
79,17,82,151,69,True
14,13,83,118,35,True
28,20,83,170,87,True
32,17,83,170,87,True
37,14,83,170,87,True
44,23,83,118,35,True
49,14,83,199,116,True
52,20,83,134,51,True
55,17,83,118,35,True
60,17,83,134,51,True
61,17,83,134,51,True
63,16,83,118,35,True
64,16,83,134,51,True
65,17,83,118,35,True
69,14,83,145,62,True
6,24,84,195,111,True
10,17,84,170,86,True
11,14,84,170,86,True
12,22,84,170,86,True
13,17,84,170,86,True
19,16,84,170,86,True
23,15,84,170,86,True
24,21,84,170,86,True
25,19,84,170,86,True
27,17,84,170,86,True
34,14,84,170,86,True
38,13,84,170,86,True
40,19,84,134,50,True
43,14,84,134,50,True
53,17,84,145,61,True
59,19,84,118,34,True
64,17,84,134,50,True
65,18,84,134,50,True
69,15,84,145,61,True
4,15,85,170,85,True
8,16,85,170,85,True
9,16,85,170,85,True
11,15,85,170,85,True
13,18,85,170,85,True
43,15,85,134,49,True
49,15,85,199,114,True
50,17,85,134,49,True
51,20,85,145,60,True
53,18,85,145,60,True
57,22,85,199,114,True
63,17,85,151,66,True
68,20,85,199,114,True
5,11,86,170,84,True
10,18,86,170,84,True
13,19,86,170,84,True
14,14,86,118,32,True
26,21,86,170,84,True
29,21,86,170,84,True
32,18,86,170,84,True
39,18,86,170,84,True
45,17,86,118,32,True
56,13,86,134,48,True
59,20,86,118,32,True
62,16,86,199,113,True
63,18,86,151,65,True
76,16,86,118,32,True
77,14,86,199,113,True
4,16,87,170,83,True
8,17,87,170,83,True
12,23,87,170,83,True
18,13,87,170,83,True
24,22,87,170,83,True
28,21,87,170,83,True
33,13,87,170,83,True
36,18,87,118,31,True
48,16,87,152,65,True
51,21,87,145,58,True
61,18,87,134,47,True
68,21,87,199,112,True
75,14,87,118,31,True
78,25,87,118,31,True
4,17,88,170,82,True
6,25,88,195,107,True
12,24,88,170,82,True
13,20,88,170,82,True
14,15,88,118,30,True
16,20,88,170,82,True
18,14,88,170,82,True
23,16,88,170,82,True
24,23,88,170,82,True
25,20,88,170,82,True
31,12,88,170,82,True
37,15,88,170,82,True
38,14,88,170,82,True
39,19,88,170,82,True
45,18,88,118,30,True
52,21,88,134,46,True
53,19,88,145,57,True
54,17,88,199,111,True
55,18,88,145,57,True
56,14,88,134,46,True
59,21,88,134,46,True
70,19,88,118,30,True
78,26,88,118,30,True
1,18,89,170,81,True
6,26,89,195,106,True
23,17,89,170,81,True
24,24,89,170,81,True
25,21,89,170,81,True
27,18,89,170,81,True
31,13,89,170,81,True
33,14,89,170,81,True
40,20,89,152,63,True
42,21,89,199,110,True
49,16,89,199,110,True
55,19,89,145,56,True
64,18,89,134,45,True
68,22,89,199,110,True
69,16,89,145,56,True
72,12,89,118,29,True
77,15,89,199,110,True
79,18,89,199,110,True
4,18,90,170,80,True
13,21,90,170,80,True
21,19,90,195,105,True
24,25,90,195,105,True
33,15,90,170,80,True
37,16,90,170,80,True
50,18,90,134,44,True
54,18,90,199,109,True
56,15,90,134,44,True
58,18,90,134,44,True
66,23,90,118,28,True
69,17,90,145,55,True
0,17,91,170,79,True
4,19,91,170,79,True
9,17,91,170,79,True
12,25,91,170,79,True
22,23,91,170,79,True
25,22,91,170,79,True
37,17,91,170,79,True
38,15,91,170,79,True
40,21,91,152,61,True
47,15,91,145,54,True
61,19,91,134,43,True
63,19,91,151,60,True
65,19,91,134,43,True
69,18,91,145,54,True
70,20,91,118,27,True
73,21,91,199,108,True
0,18,92,170,78,True
4,20,92,170,78,True
9,18,92,170,78,True
10,19,92,170,78,True
13,22,92,170,78,True
16,21,92,170,78,True
17,15,92,170,78,True
19,17,92,170,78,True
22,24,92,170,78,True
30,19,92,170,78,True
45,19,92,134,42,True
52,22,92,134,42,True
53,20,92,145,53,True
54,19,92,199,107,True
62,17,92,199,107,True
63,20,92,151,59,True
64,19,92,134,42,True
70,21,92,118,26,True
71,16,92,151,59,True
76,17,92,199,107,True
79,19,92,199,107,True
4,21,93,170,77,True
5,12,93,170,77,True
10,20,93,170,77,True
36,19,93,170,77,True
38,16,93,170,77,True
39,20,93,170,77,True
40,22,93,152,59,True
43,16,93,134,41,True
44,24,93,134,41,True
53,21,93,145,52,True
57,23,93,199,106,True
58,19,93,134,41,True
66,24,93,145,52,True
67,13,93,199,106,True
77,16,93,199,106,True
2,13,94,170,76,True
6,27,94,195,101,True
7,15,94,170,76,True
8,18,94,170,76,True
9,19,94,195,101,True
10,21,94,170,76,True
11,16,94,170,76,True
18,15,94,170,76,True
26,22,94,170,76,True
30,20,94,170,76,True
32,19,94,170,76,True
33,16,94,170,76,True
34,15,94,170,76,True
39,21,94,170,76,True
42,22,94,199,105,True
49,17,94,199,105,True
53,22,94,145,51,True
55,20,94,145,51,True
61,20,94,134,40,True
63,21,94,151,57,True
69,19,94,145,51,True
77,17,94,199,105,True
79,20,94,199,105,True
4,22,95,170,75,True
7,16,95,170,75,True
14,16,95,170,75,True
16,22,95,170,75,True
21,20,95,195,100,True
22,25,95,170,75,True
25,23,95,170,75,True
28,22,95,170,75,True
30,21,95,170,75,True
33,17,95,170,75,True
36,20,95,170,75,True
37,18,95,170,75,True
39,22,95,170,75,True
44,25,95,134,39,True
49,18,95,199,104,True
63,22,95,151,56,True
67,14,95,199,104,True
70,22,95,145,50,True
71,17,95,151,56,True
73,22,95,199,104,True
75,15,95,152,57,True
0,19,96,170,74,True
1,19,96,170,74,True
7,17,96,170,74,True
13,23,96,170,74,True
14,17,96,170,74,True
29,22,96,170,74,True
35,17,96,170,74,True
42,23,96,199,103,True
45,20,96,145,49,True
50,19,96,199,103,True
54,20,96,199,103,True
69,20,96,145,49,True
70,23,96,145,49,True
74,13,96,134,38,True
76,18,96,199,103,True
0,20,97,170,73,True
2,14,97,170,73,True
3,15,97,170,73,True
6,28,97,195,98,True
12,26,97,170,73,True
15,13,97,170,73,True
18,16,97,170,73,True
21,21,97,195,98,True
23,18,97,170,73,True
28,23,97,170,73,True
29,23,97,170,73,True
34,16,97,170,73,True
41,20,97,199,102,True
46,18,97,134,37,True
60,18,97,134,37,True
65,20,97,134,37,True
66,25,97,145,48,True
76,19,97,199,102,True
12,27,98,170,72,True
13,24,98,170,72,True
28,24,98,170,72,True
36,21,98,170,72,True
39,23,98,170,72,True
54,21,98,199,101,True
56,16,98,134,36,True
68,23,98,199,101,True
70,24,98,145,47,True
71,18,98,151,53,True
10,22,99,170,71,True
12,28,99,170,71,True
13,25,99,170,71,True
16,23,99,170,71,True
23,19,99,170,71,True
25,24,99,170,71,True
31,14,99,218,119,True
32,20,99,170,71,True
48,17,99,152,53,True
49,19,99,199,100,True
67,15,99,199,100,True
70,25,99,145,46,True
74,14,99,134,35,True
1,20,100,170,70,True
7,18,100,170,70,True
8,19,100,170,70,True
12,29,100,170,70,True
16,24,100,170,70,True
22,26,100,170,70,True
23,20,100,170,70,True
28,25,100,170,70,True
31,15,100,218,118,True
35,18,100,195,95,True
38,17,100,170,70,True
40,23,100,152,52,True
44,26,100,152,52,True
54,22,100,199,99,True
57,24,100,199,99,True
64,20,100,152,52,True
71,19,100,151,51,True
72,13,100,152,52,True
2,15,101,170,69,True
8,20,101,170,69,True
13,26,101,170,69,True
16,25,101,170,69,True
17,16,101,170,69,True
27,19,101,170,69,True
34,17,101,170,69,True
35,19,101,195,94,True
38,18,101,170,69,True
43,17,101,199,98,True
49,20,101,199,98,True
50,20,101,199,98,True
51,22,101,145,44,True
65,21,101,134,33,True
70,26,101,152,51,True
72,14,101,152,51,True
76,20,101,199,98,True
8,21,102,170,68,True
11,17,102,170,68,True
17,17,102,170,68,True
24,26,102,195,93,True
25,25,102,170,68,True
36,22,102,170,68,True
38,19,102,170,68,True
39,24,102,195,93,True
40,24,102,152,50,True
41,21,102,199,97,True
42,24,102,199,97,True
61,21,102,199,97,True
63,23,102,199,97,True
71,20,102,151,49,True
77,18,102,199,97,True
2,16,103,170,67,True
5,13,103,170,67,True
12,30,103,170,67,True
15,14,103,170,67,True
17,18,103,170,67,True
18,17,103,170,67,True
27,20,103,170,67,True
47,16,103,152,49,True
52,23,103,199,96,True
56,17,103,199,96,True
60,19,103,199,96,True
61,22,103,199,96,True
63,24,103,199,96,True
69,21,103,199,96,True
76,21,103,199,96,True
1,21,104,170,66,True
7,19,104,170,66,True
12,31,104,170,66,True
26,23,104,170,66,True
30,22,104,170,66,True
37,19,104,170,66,True
44,27,104,152,48,True
48,18,104,152,48,True
52,24,104,199,95,True
54,23,104,199,95,True
5,14,105,170,65,True
8,22,105,170,65,True
15,15,105,170,65,True
19,18,105,195,90,True
22,27,105,170,65,True
24,27,105,195,90,True
25,26,105,170,65,True
27,21,105,170,65,True
35,20,105,195,90,True
39,25,105,195,90,True
42,25,105,199,94,True
53,23,105,152,47,True
54,24,105,199,94,True
56,18,105,199,94,True
58,20,105,199,94,True
61,23,105,199,94,True
70,27,105,152,47,True
72,15,105,152,47,True
79,21,105,199,94,True
6,29,106,195,89,True
9,20,106,195,89,True
10,23,106,170,64,True
12,32,106,170,64,True
16,26,106,218,112,True
18,18,106,170,64,True
21,22,106,195,89,True
23,21,106,170,64,True
32,21,106,170,64,True
33,18,106,195,89,True
36,23,106,170,64,True
42,26,106,199,93,True
43,18,106,199,93,True
46,19,106,199,93,True
49,21,106,199,93,True
52,25,106,199,93,True
55,21,106,199,93,True
58,21,106,199,93,True
59,22,106,152,46,True
63,25,106,199,93,True
73,23,106,199,93,True
76,22,106,199,93,True
77,19,106,199,93,True
78,27,106,199,93,True
1,22,107,170,63,True
4,23,107,170,63,True
10,24,107,170,63,True
14,18,107,170,63,True
30,23,107,170,63,True
31,16,107,218,111,True
37,20,107,170,63,True
40,25,107,152,45,True
41,22,107,199,92,True
42,27,107,199,92,True
49,22,107,199,92,True
51,23,107,164,57,True
54,25,107,199,92,True
55,22,107,199,92,True
58,22,107,199,92,True
62,18,107,199,92,True
71,21,107,199,92,True
1,23,108,170,62,True
11,18,108,218,110,True
12,33,108,170,62,True
27,22,108,170,62,True
30,24,108,170,62,True
33,19,108,195,87,True
44,28,108,152,44,True
51,24,108,164,56,True
53,24,108,152,44,True
59,23,108,152,44,True
66,26,108,152,44,True
72,16,108,152,44,True
0,21,109,170,61,True
10,25,109,170,61,True
18,19,109,170,61,True
19,19,109,195,86,True
26,24,109,170,61,True
30,25,109,170,61,True
32,22,109,170,61,True
37,21,109,170,61,True
39,26,109,195,86,True
40,26,109,152,43,True
58,23,109,199,90,True
68,24,109,199,90,True
2,17,110,170,60,True
11,19,110,218,108,True
17,19,110,170,60,True
19,20,110,195,85,True
21,23,110,195,85,True
23,22,110,170,60,True
24,28,110,195,85,True
32,23,110,170,60,True
36,24,110,170,60,True
38,20,110,170,60,True
44,29,110,152,42,True
51,25,110,164,54,True
79,22,110,199,89,True
7,20,111,170,59,True
12,34,111,170,59,True
19,21,111,195,84,True
24,29,111,195,84,True
26,25,111,170,59,True
30,26,111,170,59,True
33,20,111,195,84,True
37,22,111,170,59,True
49,23,111,199,88,True
50,21,111,199,88,True
58,24,111,199,88,True
64,21,111,199,88,True
65,22,111,199,88,True
67,16,111,199,88,True
72,17,111,152,41,True
74,15,111,199,88,True
1,24,112,170,58,True
2,18,112,170,58,True
5,15,112,218,106,True
13,27,112,170,58,True
14,19,112,170,58,True
16,27,112,218,106,True
20,16,112,195,83,True
25,27,112,170,58,True
26,26,112,170,58,True
32,24,112,170,58,True
40,27,112,199,87,True
44,30,112,199,87,True
54,26,112,199,87,True
63,26,112,199,87,True
64,22,112,199,87,True
68,25,112,199,87,True
70,28,112,199,87,True
73,24,112,199,87,True
79,23,112,199,87,True
4,24,113,170,57,True
8,23,113,170,57,True
13,28,113,170,57,True
17,20,113,170,57,True
18,20,113,195,82,True
19,22,113,195,82,True
34,18,113,170,57,True
37,23,113,170,57,True
38,21,113,170,57,True
50,22,113,199,86,True
52,26,113,199,86,True
57,25,113,199,86,True
59,24,113,199,86,True
61,24,113,199,86,True
65,23,113,199,86,True
72,18,113,152,39,True
76,23,113,199,86,True
3,16,114,195,81,True
4,25,114,170,56,True
8,24,114,170,56,True
10,26,114,199,85,True
18,21,114,195,81,True
25,28,114,170,56,True
29,24,114,195,81,True
40,28,114,199,85,True
44,31,114,199,85,True
50,23,114,199,85,True
55,23,114,199,85,True
56,19,114,199,85,True
59,25,114,199,85,True
60,20,114,199,85,True
65,24,114,199,85,True
67,17,114,199,85,True
71,22,114,199,85,True
75,16,114,199,85,True
6,30,115,218,103,True
8,25,115,170,55,True
14,20,115,170,55,True
16,28,115,218,103,True
20,17,115,195,80,True
21,24,115,195,80,True
22,28,115,170,55,True
31,17,115,218,103,True
32,25,115,195,80,True
39,27,115,195,80,True
48,19,115,199,84,True
53,25,115,199,84,True
56,20,115,199,84,True
78,28,115,199,84,True
1,25,116,195,79,True
2,19,116,170,54,True
6,31,116,218,102,True
12,35,116,170,54,True
15,16,116,170,54,True
19,23,116,195,79,True
27,23,116,195,79,True
28,26,116,170,54,True
31,18,116,218,102,True
33,21,116,195,79,True
35,21,116,218,102,True
50,24,116,199,83,True
51,26,116,199,83,True
53,26,116,199,83,True
60,21,116,199,83,True
62,19,116,199,83,True
67,18,116,199,83,True
69,22,116,199,83,True
74,16,116,199,83,True
1,26,117,195,78,True
3,17,117,195,78,True
11,20,117,218,101,True
19,24,117,195,78,True
21,25,117,195,78,True
28,27,117,170,53,True
34,19,117,195,78,True
35,22,117,218,101,True
40,29,117,199,82,True
42,28,117,199,82,True
50,25,117,199,82,True
52,27,117,199,82,True
53,27,117,199,82,True
54,27,117,199,82,True
62,20,117,199,82,True
63,27,117,199,82,True
72,19,117,199,82,True
77,20,117,199,82,True
78,29,117,199,82,True
79,24,117,199,82,True
15,17,118,170,52,True
21,26,118,195,77,True
24,30,118,195,77,True
32,26,118,195,77,True
33,22,118,195,77,True
41,23,118,234,116,True
47,17,118,199,81,True
51,27,118,199,81,True
53,28,118,199,81,True
56,21,118,199,81,True
58,25,118,199,81,True
59,26,118,199,81,True
64,23,118,199,81,True
66,27,118,199,81,True
67,19,118,199,81,True
70,29,118,199,81,True
73,25,118,199,81,True
74,17,118,199,81,True
77,21,118,199,81,True
78,30,118,199,81,True
79,25,118,199,81,True
1,27,119,195,76,True
9,21,119,218,99,True
12,36,119,170,51,True
23,23,119,195,76,True
34,20,119,195,76,True
35,23,119,218,99,True
47,18,119,199,80,True
57,26,119,199,80,True
59,27,119,199,80,True
68,26,119,199,80,True
74,18,119,199,80,True
79,26,119,199,80,True
4,26,120,218,98,True
6,32,120,218,98,True
7,21,120,170,50,True
17,21,120,195,75,True
20,18,120,195,75,True
40,30,120,199,79,True
46,20,120,199,79,True
52,28,120,199,79,True
57,27,120,199,79,True
63,28,120,199,79,True
65,25,120,199,79,True
79,27,120,199,79,True
7,22,121,170,49,True
8,26,121,170,49,True
10,27,121,199,78,True
17,22,121,195,74,True
27,24,121,195,74,True
34,21,121,195,74,True
47,19,121,199,78,True
61,25,121,199,78,True
67,20,121,199,78,True
70,30,121,199,78,True
76,24,121,199,78,True
0,22,122,195,73,True
2,20,122,218,96,True
3,18,122,195,73,True
4,27,122,218,96,True
5,16,122,218,96,True
7,23,122,170,48,True
13,29,122,195,73,True
18,22,122,195,73,True
24,31,122,218,96,True
25,29,122,195,73,True
32,27,122,195,73,True
33,23,122,195,73,True
34,22,122,195,73,True
38,22,122,170,48,True
46,21,122,199,77,True
60,22,122,199,77,True
67,21,122,199,77,True
72,20,122,199,77,True
8,27,123,170,47,True
11,21,123,218,95,True
17,23,123,195,72,True
24,32,123,218,95,True
26,27,123,170,47,True
37,24,123,170,47,True
42,29,123,199,76,True
45,21,123,199,76,True
52,29,123,199,76,True
75,17,123,199,76,True
0,23,124,195,71,True
5,17,124,218,94,True
13,30,124,195,71,True
19,25,124,195,71,True
24,33,124,218,94,True
34,23,124,195,71,True
40,31,124,199,75,True
41,24,124,234,110,True
44,32,124,199,75,True
49,24,124,199,75,True
50,26,124,199,75,True
53,29,124,199,75,True
56,22,124,199,75,True
57,28,124,199,75,True
65,26,124,199,75,True
67,22,124,199,75,True
74,19,124,199,75,True
78,31,124,199,75,True
3,19,125,195,70,True
4,28,125,218,93,True
13,31,125,195,70,True
14,21,125,170,45,True
17,24,125,195,70,True
18,23,125,218,93,True
19,26,125,195,70,True
29,25,125,195,70,True
33,24,125,195,70,True
44,33,125,199,74,True
45,22,125,199,74,True
48,20,125,199,74,True
49,25,125,199,74,True
51,28,125,199,74,True
52,30,125,199,74,True
67,23,125,199,74,True
68,27,125,199,74,True
77,22,125,199,74,True
4,29,126,218,92,True
15,18,126,170,44,True
17,25,126,234,108,True
24,34,126,218,92,True
39,28,126,195,69,True
40,32,126,199,73,True
49,26,126,199,73,True
53,30,126,199,73,True
56,23,126,199,73,True
57,29,126,199,73,True
66,28,126,199,73,True
1,28,127,195,68,True
2,21,127,218,91,True
14,22,127,170,43,True
18,24,127,218,91,True
19,27,127,195,68,True
21,27,127,195,68,True
26,28,127,195,68,True
29,26,127,195,68,True
33,25,127,195,68,True
38,23,127,195,68,True
39,29,127,195,68,True
49,27,127,199,72,True
52,31,127,199,72,True
64,24,127,199,72,True
71,23,127,199,72,True
0,24,128,195,67,True
1,29,128,195,67,True
4,30,128,218,90,True
8,28,128,195,67,True
10,28,128,199,71,True
15,19,128,170,42,True
30,27,128,218,90,True
35,24,128,218,90,True
36,25,128,170,42,True
39,30,128,195,67,True
45,23,128,199,71,True
52,32,128,199,71,True
58,26,128,199,71,True
59,28,128,199,71,True
60,23,128,199,71,True
77,23,128,199,71,True
2,22,129,218,89,True
5,18,129,218,89,True
6,33,129,218,89,True
11,22,129,218,89,True
13,32,129,195,66,True
15,20,129,195,66,True
21,28,129,195,66,True
28,28,129,170,41,True
40,33,129,199,70,True
51,29,129,199,70,True
52,33,129,199,70,True
63,29,129,199,70,True
74,20,129,199,70,True
77,24,129,199,70,True
78,32,129,199,70,True
79,28,129,199,70,True
0,25,130,195,65,True
1,30,130,195,65,True
6,34,130,218,88,True
16,29,130,218,88,True
20,19,130,195,65,True
33,26,130,218,88,True
41,25,130,234,104,True
59,29,130,199,69,True
60,24,130,199,69,True
61,26,130,199,69,True
65,27,130,199,69,True
66,29,130,199,69,True
69,23,130,199,69,True
73,26,130,234,104,True
78,33,130,199,69,True
79,29,130,199,69,True
11,23,131,218,87,True
18,25,131,218,87,True
22,29,131,218,87,True
24,35,131,218,87,True
30,28,131,218,87,True
34,24,131,195,64,True
37,25,131,195,64,True
41,26,131,234,103,True
44,34,131,199,68,True
56,24,131,199,68,True
57,30,131,234,103,True
67,24,131,199,68,True
79,30,131,199,68,True
0,26,132,195,63,True
3,20,132,195,63,True
5,19,132,218,86,True
8,29,132,195,63,True
11,24,132,218,86,True
14,23,132,195,63,True
16,30,132,218,86,True
27,25,132,195,63,True
28,29,132,195,63,True
33,27,132,218,86,True
39,31,132,195,63,True
47,20,132,199,67,True
48,21,132,199,67,True
58,27,132,199,67,True
61,27,132,199,67,True
64,25,132,199,67,True
65,28,132,199,67,True
69,24,132,199,67,True
70,31,132,199,67,True
71,24,132,199,67,True
74,21,132,199,67,True
10,29,133,199,66,True
13,33,133,195,62,True
14,24,133,195,62,True
17,26,133,234,101,True
30,29,133,218,85,True
31,19,133,218,85,True
32,28,133,195,62,True
42,30,133,199,66,True
44,35,133,199,66,True
63,30,133,199,66,True
64,26,133,199,66,True
70,32,133,199,66,True
73,27,133,234,101,True
77,25,133,199,66,True
78,34,133,199,66,True
10,30,134,199,65,True
13,34,134,234,100,True
17,27,134,234,100,True
25,30,134,195,61,True
29,27,134,195,61,True
30,30,134,218,84,True
32,29,134,195,61,True
38,24,134,195,61,True
44,36,134,199,65,True
53,31,134,199,65,True
61,28,134,199,65,True
65,29,134,199,65,True
68,28,134,234,100,True
77,26,134,199,65,True
79,31,134,199,65,True
5,20,135,218,83,True
16,31,135,218,83,True
20,20,135,218,83,True
26,29,135,218,83,True
38,25,135,195,60,True
43,19,135,199,64,True
70,33,135,199,64,True
76,25,135,199,64,True
77,27,135,199,64,True
6,35,136,218,82,True
9,22,136,218,82,True
16,32,136,218,82,True
18,26,136,218,82,True
22,30,136,218,82,True
25,31,136,195,59,True
30,31,136,218,82,True
34,25,136,195,59,True
46,22,136,199,63,True
52,34,136,199,63,True
58,28,136,199,63,True
63,31,136,199,63,True
68,29,136,234,98,True
70,34,136,199,63,True
77,28,136,199,63,True
78,35,136,199,63,True
18,27,137,218,81,True
25,32,137,195,58,True
26,30,137,218,81,True
29,28,137,195,58,True
35,25,137,218,81,True
36,26,137,195,58,True
37,26,137,195,58,True
49,28,137,199,62,True
50,27,137,199,62,True
54,28,137,234,97,True
65,30,137,199,62,True
73,28,137,234,97,True
75,18,137,199,62,True
9,23,138,218,80,True
14,25,138,195,57,True
15,21,138,195,57,True
23,24,138,195,57,True
29,29,138,195,57,True
30,32,138,218,80,True
33,28,138,218,80,True
34,26,138,218,80,True
41,27,138,234,96,True
43,20,138,199,61,True
52,35,138,199,61,True
56,25,138,199,61,True
59,30,138,234,96,True
60,25,138,199,61,True
63,32,138,199,61,True
66,30,138,199,61,True
71,25,138,199,61,True
78,36,138,199,61,True
2,23,139,218,79,True
5,21,139,218,79,True
11,25,139,218,79,True
13,35,139,234,95,True
16,33,139,218,79,True
18,28,139,218,79,True
26,31,139,218,79,True
27,26,139,218,79,True
31,20,139,218,79,True
32,30,139,199,60,True
34,27,139,218,79,True
37,27,139,195,56,True
38,26,139,195,56,True
41,28,139,234,95,True
56,26,139,199,60,True
57,31,139,234,95,True
59,31,139,234,95,True
60,26,139,199,60,True
64,27,139,199,60,True
68,30,139,234,95,True
69,25,139,199,60,True
77,29,139,199,60,True
1,31,140,218,78,True
6,36,140,218,78,True
9,24,140,218,78,True
13,36,140,234,94,True
19,28,140,195,55,True
40,34,140,199,59,True
51,30,140,199,59,True
56,27,140,199,59,True
63,33,140,199,59,True
64,28,140,199,59,True
67,25,140,234,94,True
74,22,140,199,59,True
75,19,140,199,59,True
1,32,141,218,77,True
5,22,141,218,77,True
13,37,141,234,93,True
19,29,141,199,58,True
20,21,141,218,77,True
24,36,141,218,77,True
29,30,141,195,54,True
35,26,141,218,77,True
37,28,141,195,54,True
48,22,141,199,58,True
56,28,141,199,58,True
58,29,141,199,58,True
61,29,141,199,58,True
67,26,141,234,93,True
69,26,141,199,58,True
73,29,141,234,93,True
3,21,142,218,76,True
6,37,142,218,76,True
20,22,142,218,76,True
30,33,142,218,76,True
33,29,142,218,76,True
35,27,142,218,76,True
36,27,142,195,53,True
42,31,142,234,92,True
48,23,142,199,57,True
49,29,142,199,57,True
61,30,142,199,57,True
65,31,142,199,57,True
68,31,142,234,92,True
75,20,142,199,57,True
79,32,142,234,92,True
8,30,143,195,52,True
9,25,143,218,75,True
12,37,143,218,75,True
14,26,143,195,52,True
15,22,143,195,52,True
18,29,143,218,75,True
24,37,143,218,75,True
26,32,143,218,75,True
29,31,143,195,52,True
32,31,143,234,91,True
33,30,143,218,75,True
48,24,143,199,56,True
55,24,143,199,56,True
58,30,143,199,56,True
59,32,143,234,91,True
63,34,143,199,56,True
66,31,143,199,56,True
67,27,143,234,91,True
68,32,143,234,91,True
0,27,144,195,51,True
9,26,144,218,74,True
11,26,144,218,74,True
15,23,144,195,51,True
23,25,144,234,90,True
24,38,144,218,74,True
34,28,144,218,74,True
40,35,144,199,55,True
41,29,144,234,90,True
43,21,144,199,55,True
45,24,144,234,90,True
51,31,144,234,90,True
52,36,144,199,55,True
55,25,144,199,55,True
56,29,144,199,55,True
58,31,144,199,55,True
60,27,144,199,55,True
63,35,144,234,90,True
72,21,144,199,55,True
2,24,145,218,73,True
8,31,145,218,73,True
9,27,145,218,73,True
13,38,145,234,89,True
41,30,145,234,89,True
47,21,145,234,89,True
62,21,145,234,89,True
63,36,145,234,89,True
64,29,145,199,54,True
66,32,145,199,54,True
67,28,145,234,89,True
69,27,145,199,54,True
72,22,145,199,54,True
74,23,145,199,54,True
75,21,145,199,54,True
8,32,146,218,72,True
20,23,146,218,72,True
28,30,146,195,49,True
31,21,146,218,72,True
40,36,146,199,53,True
43,22,146,199,53,True
52,37,146,199,53,True
59,33,146,234,88,True
70,35,146,234,88,True
71,26,146,199,53,True
72,23,146,199,53,True
74,24,146,199,53,True
4,31,147,218,71,True
9,28,147,218,71,True
33,31,147,218,71,True
35,28,147,218,71,True
36,28,147,195,48,True
42,32,147,234,87,True
46,23,147,199,52,True
49,30,147,199,52,True
53,32,147,199,52,True
56,30,147,199,52,True
64,30,147,199,52,True
71,27,147,199,52,True
75,22,147,199,52,True
76,26,147,199,52,True
1,33,148,218,70,True
6,38,148,218,70,True
8,33,148,218,70,True
13,39,148,234,86,True
19,30,148,199,51,True
21,29,148,234,86,True
24,39,148,218,70,True
36,29,148,195,47,True
38,27,148,199,51,True
39,32,148,218,70,True
49,31,148,199,51,True
51,32,148,234,86,True
55,26,148,199,51,True
56,31,148,199,51,True
57,32,148,234,86,True
59,34,148,234,86,True
61,31,148,199,51,True
63,37,148,234,86,True
64,31,148,199,51,True
65,32,148,199,51,True
66,33,148,199,51,True
72,24,148,199,51,True
77,30,148,234,86,True
1,34,149,218,69,True
9,29,149,218,69,True
15,24,149,232,83,True
18,30,149,218,69,True
21,30,149,234,85,True
24,40,149,218,69,True
25,33,149,195,46,True
28,31,149,218,69,True
32,32,149,234,85,True
38,28,149,199,50,True
42,33,149,234,85,True
55,27,149,199,50,True
65,33,149,199,50,True
66,34,149,199,50,True
72,25,149,199,50,True
74,25,149,199,50,True
75,23,149,199,50,True
2,25,150,218,68,True
6,39,150,218,68,True
15,25,150,232,82,True
16,34,150,232,82,True
18,31,150,218,68,True
20,24,150,218,68,True
25,34,150,195,45,True
30,34,150,218,68,True
33,32,150,232,82,True
44,37,150,199,49,True
47,22,150,234,84,True
52,38,150,199,49,True
53,33,150,199,49,True
73,30,150,234,84,True
78,37,150,199,49,True
10,31,151,199,48,True
11,27,151,232,81,True
28,32,151,218,67,True
29,32,151,195,44,True
40,37,151,199,48,True
41,31,151,234,83,True
43,23,151,234,83,True
45,25,151,234,83,True
52,39,151,199,48,True
64,32,151,199,48,True
70,36,151,234,83,True
78,38,151,199,48,True
0,28,152,218,66,True
1,35,152,218,66,True
6,40,152,218,66,True
8,34,152,218,66,True
10,32,152,199,47,True
12,38,152,218,66,True
22,31,152,218,66,True
27,27,152,218,66,True
31,22,152,232,80,True
48,25,152,234,82,True
56,32,152,199,47,True
57,33,152,234,82,True
58,32,152,199,47,True
65,34,152,199,47,True
67,29,152,234,82,True
69,28,152,234,82,True
73,31,152,234,82,True
75,24,152,234,82,True
6,41,153,218,65,True
19,31,153,199,46,True
31,23,153,232,79,True
32,33,153,234,81,True
35,29,153,258,105,True
43,24,153,234,81,True
46,24,153,199,46,True
48,26,153,234,81,True
55,28,153,199,46,True
58,33,153,199,46,True
67,30,153,234,81,True
68,33,153,234,81,True
69,29,153,234,81,True
71,28,153,199,46,True
73,32,153,234,81,True
76,27,153,199,46,True
77,31,153,234,81,True
8,35,154,218,64,True
9,30,154,218,64,True
16,35,154,232,78,True
17,28,154,234,80,True
20,25,154,218,64,True
22,32,154,218,64,True
23,26,154,258,104,True
27,28,154,218,64,True
37,29,154,218,64,True
47,23,154,234,80,True
49,32,154,287,133,True
54,29,154,234,80,True
61,32,154,199,45,True
72,26,154,199,45,True
75,25,154,234,80,True
8,36,155,218,63,True
9,31,155,218,63,True
16,36,155,232,77,True
33,33,155,232,77,True
39,33,155,218,63,True
49,33,155,287,132,True
60,28,155,199,44,True
63,38,155,234,79,True
67,31,155,234,79,True
68,34,155,234,79,True
74,26,155,234,79,True
76,28,155,199,44,True
7,24,156,218,62,True
18,32,156,218,62,True
30,35,156,218,62,True
35,30,156,258,102,True
38,29,156,199,43,True
39,34,156,218,62,True
41,32,156,234,78,True
45,26,156,234,78,True
48,27,156,234,78,True
58,34,156,234,78,True
60,29,156,199,43,True
67,32,156,234,78,True
76,29,156,199,43,True
1,36,157,218,61,True
12,39,157,232,75,True
33,34,157,258,101,True
34,29,157,232,75,True
54,30,157,234,77,True
63,39,157,234,77,True
66,35,157,234,77,True
68,35,157,287,130,True
76,30,157,199,42,True
7,25,158,218,60,True
10,33,158,234,76,True
12,40,158,232,74,True
13,40,158,234,76,True
24,41,158,218,60,True
31,24,158,232,74,True
39,35,158,218,60,True
45,27,158,234,76,True
48,28,158,234,76,True
61,33,158,199,41,True
68,36,158,287,129,True
69,30,158,234,76,True
71,29,158,234,76,True
75,26,158,234,76,True
10,34,159,234,75,True
16,37,159,232,73,True
32,34,159,234,75,True
37,30,159,218,59,True
39,36,159,218,59,True
40,38,159,199,40,True
45,28,159,234,75,True
48,29,159,234,75,True
50,28,159,234,75,True
51,33,159,234,75,True
58,35,159,234,75,True
59,35,159,234,75,True
61,34,159,199,40,True
69,31,159,234,75,True
72,27,159,199,40,True
79,33,159,234,75,True
0,29,160,218,58,True
1,37,160,218,58,True
10,35,160,234,74,True
14,27,160,218,58,True
19,32,160,218,58,True
41,33,160,234,74,True
43,25,160,234,74,True
49,34,160,287,127,True
51,34,160,234,74,True
53,34,160,199,39,True
67,33,160,234,74,True
73,33,160,234,74,True
76,31,160,234,74,True
0,30,161,218,57,True
3,22,161,258,97,True
11,28,161,232,71,True
15,26,161,232,71,True
20,26,161,218,57,True
27,29,161,232,71,True
38,30,161,218,57,True
43,26,161,234,73,True
48,30,161,234,73,True
58,36,161,234,73,True
59,36,161,234,73,True
65,35,161,234,73,True
66,36,161,234,73,True
78,39,161,234,73,True
2,26,162,232,70,True
10,36,162,234,72,True
13,41,162,234,72,True
16,38,162,232,70,True
24,42,162,218,56,True
33,35,162,258,96,True
36,30,162,234,72,True
43,27,162,234,72,True
54,31,162,234,72,True
64,33,162,234,72,True
66,37,162,234,72,True
76,32,162,234,72,True
1,38,163,218,55,True
2,27,163,232,69,True
11,29,163,232,69,True
25,35,163,218,55,True
29,33,163,234,71,True
33,36,163,258,95,True
34,30,163,232,69,True
53,35,163,234,71,True
56,33,163,234,71,True
58,37,163,234,71,True
68,37,163,287,124,True
70,37,163,234,71,True
72,28,163,199,36,True
79,34,163,234,71,True
0,31,164,218,54,True
3,23,164,258,94,True
9,32,164,258,94,True
11,30,164,232,68,True
21,31,164,234,70,True
24,43,164,258,94,True
32,35,164,234,70,True
34,31,164,232,68,True
37,31,164,218,54,True
43,28,164,234,70,True
44,38,164,234,70,True
56,34,164,234,70,True
62,22,164,234,70,True
66,38,164,234,70,True
70,38,164,234,70,True
74,27,164,234,70,True
1,39,165,218,53,True
2,28,165,232,67,True
3,24,165,258,93,True
7,26,165,218,53,True
9,33,165,258,93,True
10,37,165,234,69,True
11,31,165,232,67,True
16,39,165,232,67,True
17,29,165,234,69,True
19,33,165,218,53,True
26,33,165,218,53,True
32,36,165,234,69,True
35,31,165,258,93,True
37,32,165,218,53,True
42,34,165,234,69,True
47,24,165,234,69,True
51,35,165,234,69,True
64,34,165,287,122,True
65,36,165,234,69,True
69,32,165,234,69,True
75,27,165,234,69,True
76,33,165,234,69,True
79,35,165,234,69,True
0,32,166,218,52,True
6,42,166,258,92,True
7,27,166,232,66,True
8,37,166,218,52,True
10,38,166,234,68,True
17,30,166,234,68,True
23,27,166,258,92,True
49,35,166,287,121,True
59,37,166,234,68,True
60,30,166,234,68,True
62,23,166,234,68,True
66,39,166,234,68,True
68,38,166,287,121,True
72,29,166,199,33,True
75,28,166,234,68,True
0,33,167,218,51,True
1,40,167,218,51,True
5,23,167,232,65,True
13,42,167,234,67,True
21,32,167,234,67,True
35,32,167,258,91,True
44,39,167,234,67,True
45,29,167,234,67,True
52,40,167,234,67,True
54,32,167,234,67,True
66,40,167,234,67,True
70,39,167,234,67,True
73,34,167,234,67,True
77,32,167,234,67,True
1,41,168,218,50,True
4,32,168,232,64,True
8,38,168,218,50,True
17,31,168,234,66,True
18,33,168,218,50,True
20,27,168,218,50,True
22,33,168,218,50,True
24,44,168,330,162,True
43,29,168,234,66,True
44,40,168,234,66,True
55,29,168,234,66,True
57,34,168,234,66,True
61,35,168,234,66,True
64,35,168,287,119,True
66,41,168,234,66,True
76,34,168,234,66,True
79,36,168,234,66,True
9,34,169,258,89,True
18,34,169,218,49,True
24,45,169,330,161,True
26,34,169,234,65,True
36,31,169,234,65,True
37,33,169,218,49,True
41,34,169,234,65,True
44,41,169,234,65,True
47,25,169,234,65,True
58,38,169,287,118,True
59,38,169,234,65,True
67,34,169,234,65,True
79,37,169,234,65,True
6,43,170,258,88,True
13,43,170,234,64,True
14,28,170,218,48,True
20,28,170,218,48,True
23,28,170,258,88,True
28,33,170,218,48,True
29,34,170,234,64,True
31,25,170,234,64,True
35,33,170,258,88,True
38,31,170,218,48,True
39,37,170,232,62,True
40,39,170,287,117,True
44,42,170,234,64,True
57,35,170,234,64,True
66,42,170,234,64,True
68,39,170,287,117,True
78,40,170,234,64,True
79,38,170,234,64,True
4,33,171,232,61,True
7,28,171,232,61,True
13,44,171,234,63,True
15,27,171,232,61,True
18,35,171,258,87,True
19,34,171,218,47,True
25,36,171,218,47,True
30,36,171,232,61,True
35,34,171,258,87,True
37,34,171,218,47,True
47,26,171,234,63,True
54,33,171,234,63,True
57,36,171,234,63,True
58,39,171,287,116,True
70,40,171,234,63,True
76,35,171,234,63,True
77,33,171,234,63,True
2,29,172,232,60,True
9,35,172,258,86,True
16,40,172,232,60,True
20,29,172,218,46,True
23,29,172,258,86,True
25,37,172,218,46,True
39,38,172,232,60,True
45,30,172,234,62,True
54,34,172,234,62,True
61,36,172,234,62,True
64,36,172,287,115,True
65,37,172,234,62,True
68,40,172,287,115,True
70,41,172,234,62,True
72,30,172,234,62,True
1,42,173,232,59,True
2,30,173,232,59,True
6,44,173,258,85,True
11,32,173,232,59,True
16,41,173,258,85,True
31,26,173,234,61,True
42,35,173,287,114,True
44,43,173,234,61,True
52,41,173,234,61,True
55,30,173,234,61,True
65,38,173,234,61,True
66,43,173,234,61,True
68,41,173,287,114,True
69,33,173,234,61,True
72,31,173,234,61,True
79,39,173,234,61,True
10,39,174,234,60,True
15,28,174,234,60,True
16,42,174,258,84,True
20,30,174,218,44,True
21,33,174,234,60,True
33,37,174,258,84,True
34,32,174,232,58,True
36,32,174,234,60,True
37,35,174,232,58,True
47,27,174,234,60,True
49,36,174,287,113,True
52,42,174,234,60,True
57,37,174,234,60,True
60,31,174,234,60,True
62,24,174,234,60,True
63,40,174,234,60,True
64,37,174,287,113,True
65,39,174,234,60,True
66,44,174,234,60,True
67,35,174,234,60,True
0,34,175,218,43,True
3,25,175,258,83,True
7,29,175,232,57,True
16,43,175,258,83,True
23,30,175,258,83,True
25,38,175,234,59,True
26,35,175,234,59,True
29,35,175,234,59,True
44,44,175,234,59,True
47,28,175,234,59,True
49,37,175,287,112,True
51,36,175,234,59,True
53,36,175,234,59,True
61,37,175,234,59,True
62,25,175,287,112,True
74,28,175,234,59,True
79,40,175,234,59,True
2,31,176,232,56,True
4,34,176,232,56,True
10,40,176,234,58,True
12,41,176,232,56,True
14,29,176,218,42,True
15,29,176,234,58,True
18,36,176,258,82,True
30,37,176,232,56,True
35,35,176,258,82,True
37,36,176,232,56,True
41,35,176,234,58,True
44,45,176,234,58,True
45,31,176,234,58,True
48,31,176,234,58,True
52,43,176,234,58,True
57,38,176,234,58,True
61,38,176,234,58,True
64,38,176,287,111,True
67,36,176,234,58,True
68,42,176,287,111,True
75,29,176,234,58,True
77,34,176,234,58,True
79,41,176,234,58,True
4,35,177,232,55,True
10,41,177,234,57,True
17,32,177,234,57,True
25,39,177,234,57,True
36,33,177,234,57,True
37,37,177,232,55,True
40,40,177,287,110,True
47,29,177,287,110,True
64,39,177,287,110,True
66,45,177,234,57,True
79,42,177,234,57,True
2,32,178,234,56,True
4,36,178,232,54,True
6,45,178,258,80,True
7,30,178,232,54,True
10,42,178,234,56,True
20,31,178,234,56,True
21,34,178,234,56,True
23,31,178,258,80,True
25,40,178,258,80,True
26,36,178,234,56,True
29,36,178,234,56,True
30,38,178,232,54,True
33,38,178,258,80,True
37,38,178,232,54,True
38,32,178,232,54,True
40,41,178,287,109,True
42,36,178,287,109,True
54,35,178,234,56,True
57,39,178,234,56,True
58,40,178,287,109,True
60,32,178,234,56,True
70,42,178,234,56,True
74,29,178,234,56,True
76,36,178,234,56,True
78,41,178,234,56,True
0,35,179,234,55,True
1,43,179,232,53,True
4,37,179,232,53,True
13,45,179,234,55,True
22,34,179,258,79,True
25,41,179,258,79,True
26,37,179,234,55,True
39,39,179,232,53,True
40,42,179,287,108,True
43,30,179,234,55,True
46,25,179,234,55,True
47,30,179,287,108,True
49,38,179,287,108,True
50,29,179,287,108,True
51,37,179,234,55,True
54,36,179,234,55,True
63,41,179,234,55,True
65,40,179,234,55,True
69,34,179,234,55,True
73,35,179,234,55,True
11,33,180,258,78,True
13,46,180,234,54,True
16,44,180,258,78,True
17,33,180,234,54,True
18,37,180,258,78,True
25,42,180,258,78,True
27,30,180,234,54,True
42,37,180,287,107,True
49,39,180,287,107,True
53,37,180,234,54,True
55,31,180,234,54,True
57,40,180,287,107,True
59,39,180,287,107,True
64,40,180,287,107,True
73,36,180,287,107,True
76,37,180,234,54,True
7,31,181,232,51,True
9,36,181,258,77,True
12,42,181,232,51,True
18,38,181,258,77,True
21,35,181,234,53,True
34,33,181,258,77,True
35,36,181,258,77,True
61,39,181,234,53,True
63,42,181,234,53,True
65,41,181,234,53,True
75,30,181,234,53,True
2,33,182,234,52,True
17,34,182,234,52,True
27,31,182,234,52,True
31,27,182,234,52,True
36,34,182,234,52,True
40,43,182,287,105,True
42,38,182,287,105,True
44,46,182,234,52,True
48,32,182,234,52,True
50,30,182,287,105,True
53,38,182,234,52,True
59,40,182,287,105,True
72,32,182,234,52,True
78,42,182,234,52,True
79,43,182,234,52,True
15,30,183,234,51,True
16,45,183,258,75,True
17,35,183,234,51,True
22,35,183,258,75,True
35,37,183,258,75,True
38,33,183,234,51,True
40,44,183,287,104,True
45,32,183,234,51,True
46,26,183,234,51,True
52,44,183,234,51,True
58,41,183,287,104,True
59,41,183,287,104,True
61,40,183,234,51,True
63,43,183,234,51,True
65,42,183,287,104,True
68,43,183,287,104,True
73,37,183,287,104,True
78,43,183,234,51,True
3,26,184,258,74,True
6,46,184,258,74,True
7,32,184,258,74,True
17,36,184,234,50,True
19,35,184,234,50,True
21,36,184,234,50,True
22,36,184,258,74,True
25,43,184,258,74,True
27,32,184,234,50,True
28,34,184,258,74,True
31,28,184,234,50,True
35,38,184,258,74,True
42,39,184,287,103,True
45,33,184,234,50,True
46,27,184,234,50,True
50,31,184,287,103,True
66,46,184,234,50,True
67,37,184,287,103,True
77,35,184,287,103,True
4,38,185,258,73,True
15,31,185,234,49,True
16,46,185,258,73,True
18,39,185,258,73,True
22,37,185,258,73,True
24,46,185,330,145,True
29,37,185,234,49,True
39,40,185,258,73,True
40,45,185,287,102,True
42,40,185,287,102,True
53,39,185,234,49,True
60,33,185,234,49,True
70,43,185,234,49,True
75,31,185,234,49,True
79,44,185,287,102,True
4,39,186,258,72,True
5,24,186,258,72,True
6,47,186,258,72,True
9,37,186,258,72,True
11,34,186,258,72,True
13,47,186,234,48,True
18,40,186,258,72,True
19,36,186,234,48,True
22,38,186,258,72,True
27,33,186,234,48,True
29,38,186,234,48,True
30,39,186,258,72,True
33,39,186,258,72,True
34,34,186,258,72,True
39,41,186,258,72,True
40,46,186,287,101,True
49,40,186,287,101,True
53,40,186,234,48,True
57,41,186,287,101,True
58,42,186,287,101,True
60,34,186,234,48,True
63,44,186,234,48,True
78,44,186,234,48,True
6,48,187,258,71,True
16,47,187,258,71,True
22,39,187,258,71,True
28,35,187,258,71,True
30,40,187,258,71,True
35,39,187,258,71,True
38,34,187,234,47,True
43,31,187,302,115,True
45,34,187,234,47,True
50,32,187,287,100,True
56,35,187,234,47,True
57,42,187,287,100,True
60,35,187,234,47,True
66,47,187,234,47,True
71,30,187,234,47,True
74,30,187,234,47,True
1,44,188,258,70,True
12,43,188,232,44,True
15,32,188,234,46,True
24,47,188,330,142,True
27,34,188,234,46,True
28,36,188,258,70,True
31,29,188,258,70,True
32,37,188,258,70,True
33,40,188,258,70,True
36,35,188,234,46,True
37,39,188,258,70,True
39,42,188,258,70,True
42,41,188,287,99,True
46,28,188,234,46,True
50,33,188,287,99,True
53,41,188,234,46,True
55,32,188,287,99,True
56,36,188,302,114,True
58,43,188,287,99,True
59,42,188,287,99,True
61,41,188,234,46,True
78,45,188,234,46,True
0,36,189,258,69,True
7,33,189,258,69,True
25,44,189,258,69,True
31,30,189,258,69,True
34,35,189,258,69,True
45,35,189,287,98,True
51,38,189,234,45,True
53,42,189,234,45,True
57,43,189,287,98,True
58,44,189,287,98,True
65,43,189,287,98,True
69,35,189,234,45,True
9,38,190,258,68,True
10,43,190,234,44,True
11,35,190,258,68,True
25,45,190,258,68,True
32,38,190,258,68,True
38,35,190,234,44,True
54,37,190,234,44,True
56,37,190,302,112,True
58,45,190,287,97,True
76,38,190,234,44,True
3,27,191,258,67,True
4,40,191,258,67,True
5,25,191,258,67,True
13,48,191,258,67,True
17,37,191,297,106,True
21,37,191,258,67,True
22,40,191,258,67,True
27,35,191,258,67,True
30,41,191,258,67,True
33,41,191,258,67,True
34,36,191,258,67,True
47,31,191,287,96,True
61,42,191,234,43,True
62,26,191,287,96,True
74,31,191,302,111,True
0,37,192,258,66,True
2,34,192,258,66,True
4,41,192,258,66,True
11,36,192,258,66,True
16,48,192,258,66,True
26,38,192,258,66,True
31,31,192,258,66,True
35,40,192,258,66,True
44,47,192,234,42,True
49,41,192,287,95,True
56,38,192,302,110,True
67,38,192,287,95,True
74,32,192,302,110,True
75,32,192,234,42,True
79,45,192,287,95,True
1,45,193,258,65,True
11,37,193,258,65,True
15,33,193,234,41,True
17,38,193,297,104,True
20,32,193,234,41,True
25,46,193,258,65,True
28,37,193,258,65,True
35,41,193,258,65,True
36,36,193,234,41,True
44,48,193,234,41,True
58,46,193,287,94,True
67,39,193,287,94,True
71,31,193,234,41,True
2,35,194,258,64,True
12,44,194,289,95,True
15,34,194,234,40,True
16,49,194,258,64,True
25,47,194,258,64,True
26,39,194,258,64,True
32,39,194,258,64,True
38,36,194,234,40,True
44,49,194,234,40,True
45,36,194,287,93,True
52,45,194,234,40,True
54,38,194,287,93,True
55,33,194,287,93,True
61,43,194,234,40,True
63,45,194,234,40,True
67,40,194,287,93,True
74,33,194,302,108,True
4,42,195,258,63,True
7,34,195,258,63,True
19,37,195,258,63,True
24,48,195,330,135,True
30,42,195,258,63,True
31,32,195,258,63,True
40,47,195,287,92,True
44,50,195,234,39,True
46,29,195,234,39,True
48,33,195,234,39,True
67,41,195,287,92,True
70,44,195,234,39,True
73,38,195,287,92,True
74,34,195,302,107,True
0,38,196,258,62,True
5,26,196,258,62,True
12,45,196,289,93,True
14,30,196,234,38,True
17,39,196,297,101,True
25,48,196,258,62,True
28,38,196,258,62,True
29,39,196,258,62,True
33,42,196,258,62,True
44,51,196,234,38,True
50,34,196,287,91,True
58,47,196,287,91,True
65,44,196,287,91,True
69,36,196,287,91,True
77,36,196,287,91,True
2,36,197,258,61,True
5,27,197,258,61,True
8,39,197,258,61,True
9,39,197,330,133,True
26,40,197,258,61,True
35,42,197,258,61,True
38,37,197,258,61,True
39,43,197,258,61,True
48,34,197,234,37,True
54,39,197,287,90,True
62,27,197,287,90,True
78,46,197,234,37,True
79,46,197,287,90,True
0,39,198,258,60,True
7,35,198,258,60,True
29,40,198,258,60,True
30,43,198,289,91,True
31,33,198,258,60,True
33,43,198,258,60,True
36,37,198,234,36,True
49,42,198,287,89,True
50,35,198,287,89,True
53,43,198,234,36,True
59,43,198,287,89,True
77,37,198,287,89,True
3,28,199,258,59,True
9,40,199,330,131,True
10,44,199,287,88,True
14,31,199,234,35,True
19,38,199,258,59,True
27,36,199,258,59,True
29,41,199,258,59,True
31,34,199,258,59,True
32,40,199,258,59,True
37,40,199,258,59,True
38,38,199,258,59,True
40,48,199,287,88,True
47,32,199,287,88,True
48,35,199,234,35,True
50,36,199,287,88,True
52,46,199,234,35,True
57,44,199,287,88,True
61,44,199,234,35,True
64,41,199,287,88,True
66,48,199,287,88,True
67,42,199,287,88,True
69,37,199,287,88,True
75,33,199,234,35,True
76,39,199,234,35,True
0,40,200,258,58,True
4,43,200,258,58,True
6,49,200,330,130,True
15,35,200,258,58,True
36,38,200,258,58,True
38,39,200,258,58,True
41,36,200,287,87,True
42,42,200,287,87,True
43,32,200,302,102,True
53,44,200,234,34,True
54,40,200,287,87,True
58,48,200,287,87,True
59,44,200,287,87,True
62,28,200,287,87,True
65,45,200,287,87,True
70,45,200,234,34,True
76,40,200,234,34,True
78,47,200,287,87,True
79,47,200,287,87,True
0,41,201,258,57,True
12,46,201,289,88,True
15,36,201,258,57,True
18,41,201,258,57,True
20,33,201,289,88,True
27,37,201,258,57,True
34,37,201,258,57,True
35,43,201,258,57,True
41,37,201,287,86,True
42,43,201,302,101,True
48,36,201,234,33,True
54,41,201,287,86,True
57,45,201,287,86,True
59,45,201,287,86,True
71,32,201,287,86,True
75,34,201,234,33,True
2,37,202,258,56,True
12,47,202,289,87,True
18,42,202,258,56,True
20,34,202,289,87,True
27,38,202,258,56,True
32,41,202,258,56,True
39,44,202,258,56,True
40,49,202,287,85,True
41,38,202,287,85,True
45,37,202,287,85,True
47,33,202,287,85,True
52,47,202,234,32,True
57,46,202,287,85,True
58,49,202,302,100,True
61,45,202,234,32,True
64,42,202,287,85,True
66,49,202,287,85,True
73,39,202,302,100,True
74,35,202,302,100,True
75,35,202,234,32,True
79,48,202,287,85,True
13,49,203,258,55,True
16,50,203,258,55,True
18,43,203,258,55,True
25,49,203,258,55,True
26,41,203,258,55,True
29,42,203,258,55,True
32,42,203,258,55,True
38,40,203,258,55,True
42,44,203,302,99,True
44,52,203,287,84,True
45,38,203,287,84,True
49,43,203,302,99,True
52,48,203,234,31,True
55,34,203,287,84,True
56,39,203,302,99,True
63,46,203,287,84,True
64,43,203,287,84,True
65,46,203,287,84,True
67,43,203,287,84,True
71,33,203,287,84,True
72,33,203,234,31,True
73,40,203,302,99,True
75,36,203,234,31,True
76,41,203,287,84,True
8,40,204,258,54,True
10,45,204,287,83,True
12,48,204,289,85,True
13,50,204,258,54,True
19,39,204,258,54,True
22,41,204,258,54,True
41,39,204,287,83,True
50,37,204,287,83,True
52,49,204,234,30,True
55,35,204,287,83,True
59,46,204,287,83,True
61,46,204,234,30,True
62,29,204,287,83,True
68,44,204,302,98,True
8,41,205,258,53,True
10,46,205,287,82,True
14,32,205,258,53,True
23,32,205,258,53,True
25,50,205,258,53,True
26,42,205,258,53,True
29,43,205,258,53,True
44,53,205,287,82,True
48,37,205,287,82,True
49,44,205,302,97,True
54,42,205,287,82,True
56,40,205,302,97,True
62,30,205,302,97,True
63,47,205,287,82,True
69,38,205,287,82,True
70,46,205,287,82,True
77,38,205,287,82,True
1,46,206,258,52,True
13,51,206,258,52,True
14,33,206,258,52,True
21,38,206,258,52,True
25,51,206,258,52,True
27,39,206,258,52,True
31,35,206,258,52,True
33,44,206,258,52,True
36,39,206,258,52,True
39,45,206,258,52,True
45,39,206,287,81,True
65,47,206,287,81,True
73,41,206,302,96,True
75,37,206,234,28,True
76,42,206,287,81,True
1,47,207,258,51,True
7,36,207,258,51,True
10,47,207,287,80,True
19,40,207,258,51,True
26,43,207,258,51,True
36,40,207,258,51,True
38,41,207,258,51,True
39,46,207,258,51,True
40,50,207,287,80,True
46,30,207,287,80,True
50,38,207,302,95,True
58,50,207,302,95,True
70,47,207,287,80,True
71,34,207,287,80,True
73,42,207,302,95,True
11,38,208,258,50,True
14,34,208,258,50,True
16,51,208,289,81,True
17,40,208,297,89,True
21,39,208,258,50,True
22,42,208,258,50,True
23,33,208,258,50,True
26,44,208,258,50,True
27,40,208,258,50,True
28,39,208,258,50,True
29,44,208,258,50,True
30,44,208,289,81,True
32,43,208,258,50,True
34,38,208,258,50,True
42,45,208,302,94,True
49,45,208,302,94,True
51,39,208,289,81,True
52,50,208,302,94,True
55,36,208,287,79,True
59,47,208,302,94,True
66,50,208,287,79,True
69,39,208,302,94,True
70,48,208,287,79,True
71,35,208,287,79,True
76,43,208,287,79,True
12,49,209,289,80,True
22,43,209,258,49,True
24,49,209,330,121,True
26,45,209,258,49,True
28,40,209,258,49,True
29,45,209,258,49,True
41,40,209,302,93,True
54,43,209,287,78,True
61,47,209,287,78,True
71,36,209,287,78,True
72,34,209,287,78,True
75,38,209,287,78,True
3,29,210,258,48,True
13,52,210,297,87,True
19,41,210,258,48,True
21,40,210,258,48,True
23,34,210,258,48,True
28,41,210,258,48,True
31,36,210,258,48,True
36,41,210,258,48,True
40,51,210,287,77,True
42,46,210,302,92,True
45,40,210,287,77,True
49,46,210,302,92,True
51,40,210,289,79,True
55,37,210,287,77,True
57,47,210,287,77,True
61,48,210,302,92,True
62,31,210,302,92,True
64,44,210,287,77,True
67,44,210,287,77,True
68,45,210,302,92,True
70,49,210,287,77,True
78,48,210,287,77,True
17,41,211,297,86,True
21,41,211,258,47,True
30,45,211,289,78,True
31,37,211,258,47,True
39,47,211,258,47,True
45,41,211,287,76,True
48,38,211,302,91,True
52,51,211,302,91,True
55,38,211,287,76,True
58,51,211,302,91,True
61,49,211,302,91,True
65,48,211,287,76,True
72,35,211,287,76,True
78,49,211,287,76,True
4,44,212,289,77,True
8,42,212,258,46,True
21,42,212,258,46,True
23,35,212,258,46,True
26,46,212,258,46,True
36,42,212,258,46,True
39,48,212,258,46,True
46,31,212,302,90,True
61,50,212,302,90,True
62,32,212,302,90,True
68,46,212,302,90,True
69,40,212,302,90,True
70,50,212,287,75,True
71,37,212,287,75,True
72,36,212,287,75,True
74,36,212,302,90,True
77,39,212,287,75,True
0,42,213,258,45,True
5,28,213,258,45,True
10,48,213,287,74,True
17,42,213,297,84,True
21,43,213,258,45,True
35,44,213,330,117,True
40,52,213,287,74,True
42,47,213,302,89,True
64,45,213,287,74,True
68,47,213,302,89,True
69,41,213,302,89,True
1,48,214,289,75,True
18,44,214,297,83,True
19,42,214,258,44,True
20,35,214,289,75,True
24,50,214,330,116,True
28,42,214,258,44,True
30,46,214,289,75,True
39,49,214,258,44,True
44,54,214,287,73,True
67,45,214,302,88,True
72,37,214,287,73,True
74,37,214,302,88,True
78,50,214,287,73,True
6,50,215,330,115,True
12,50,215,289,74,True
14,35,215,258,43,True
15,37,215,258,43,True
16,52,215,289,74,True
18,45,215,297,82,True
20,36,215,289,74,True
24,51,215,330,115,True
55,39,215,287,72,True
58,52,215,302,87,True
61,51,215,302,87,True
63,48,215,287,72,True
65,49,215,287,72,True
73,43,215,302,87,True
3,30,216,258,42,True
8,43,216,258,42,True
16,53,216,289,73,True
19,43,216,258,42,True
24,52,216,330,114,True
25,52,216,258,42,True
26,47,216,258,42,True
32,44,216,258,42,True
35,45,216,330,114,True
36,43,216,258,42,True
43,33,216,302,86,True
47,34,216,287,71,True
52,52,216,302,86,True
53,45,216,302,86,True
62,33,216,302,86,True
70,51,216,287,71,True
79,49,216,287,71,True
3,31,217,258,41,True
10,49,217,287,70,True
14,36,217,258,41,True
15,38,217,258,41,True
20,37,217,289,72,True
23,36,217,258,41,True
27,41,217,289,72,True
32,45,217,258,41,True
34,39,217,289,72,True
47,35,217,287,70,True
50,39,217,302,85,True
52,53,217,302,85,True
57,48,217,302,85,True
70,52,217,287,70,True
76,44,217,287,70,True
2,38,218,258,40,True
6,51,218,330,112,True
10,50,218,287,69,True
21,44,218,297,79,True
22,44,218,289,71,True
28,43,218,289,71,True
32,46,218,258,40,True
37,41,218,289,71,True
54,44,218,302,84,True
60,36,218,302,84,True
62,34,218,302,84,True
64,46,218,287,69,True
76,45,218,287,69,True
78,51,218,287,69,True
1,49,219,289,70,True
11,39,219,330,111,True
14,37,219,258,39,True
15,39,219,258,39,True
19,44,219,258,39,True
22,45,219,289,70,True
23,37,219,258,39,True
27,42,219,289,70,True
34,40,219,289,70,True
35,46,219,330,111,True
39,50,219,258,39,True
49,47,219,302,83,True
50,40,219,302,83,True
51,41,219,289,70,True
56,41,219,302,83,True
58,53,219,302,83,True
59,48,219,302,83,True
60,37,219,302,83,True
62,35,219,302,83,True
76,46,219,287,68,True
77,40,219,302,83,True
79,50,219,302,83,True
10,51,220,287,67,True
21,45,220,297,77,True
32,47,220,258,38,True
33,45,220,289,69,True
36,44,220,258,38,True
42,48,220,302,82,True
45,42,220,302,82,True
46,32,220,302,82,True
47,36,220,287,67,True
51,42,220,289,69,True
55,40,220,287,67,True
56,42,220,302,82,True
59,49,220,302,82,True
65,50,220,302,82,True
72,38,220,287,67,True
8,44,221,258,37,True
10,52,221,287,66,True
12,51,221,289,68,True
13,53,221,297,76,True
14,38,221,258,37,True
15,40,221,258,37,True
37,42,221,289,68,True
39,51,221,289,68,True
47,37,221,287,66,True
50,41,221,302,81,True
52,54,221,302,81,True
53,46,221,302,81,True
62,36,221,302,81,True
70,53,221,287,66,True
74,38,221,302,81,True
75,39,221,311,90,True
78,52,221,287,66,True
10,53,222,287,65,True
16,54,222,330,108,True
17,43,222,297,75,True
32,48,222,258,36,True
46,33,222,302,80,True
62,37,222,302,80,True
70,54,222,287,65,True
72,39,222,287,65,True
2,39,223,289,66,True
5,29,223,289,66,True
6,52,223,330,107,True
10,54,223,287,64,True
13,54,223,297,74,True
19,45,223,289,66,True
23,38,223,330,107,True
24,53,223,330,107,True
35,47,223,330,107,True
55,41,223,287,64,True
58,54,223,302,79,True
61,52,223,302,79,True
64,47,223,334,111,True
66,51,223,287,64,True
67,46,223,302,79,True
74,39,223,302,79,True
76,47,223,287,64,True
77,41,223,302,79,True
78,53,223,287,64,True
79,51,223,302,79,True
7,37,224,297,73,True
8,45,224,289,65,True
11,40,224,341,117,True
13,55,224,330,106,True
23,39,224,330,106,True
27,43,224,289,65,True
34,41,224,289,65,True
35,48,224,330,106,True
41,41,224,302,78,True
43,34,224,302,78,True
44,55,224,302,78,True
45,43,224,302,78,True
56,43,224,302,78,True
58,55,224,302,78,True
61,53,224,302,78,True
63,49,224,302,78,True
74,40,224,302,78,True
7,38,225,297,72,True
10,55,225,289,64,True
12,52,225,330,105,True
16,55,225,330,105,True
21,46,225,297,72,True
28,44,225,289,64,True
35,49,225,330,105,True
44,56,225,302,77,True
70,55,225,287,62,True
75,40,225,311,86,True
78,54,225,287,62,True
2,40,226,289,63,True
5,30,226,297,71,True
8,46,226,289,63,True
12,53,226,330,104,True
23,40,226,330,104,True
26,48,226,289,63,True
35,50,226,330,104,True
37,43,226,289,63,True
38,42,226,297,71,True
45,44,226,302,76,True
46,34,226,302,76,True
54,45,226,302,76,True
55,42,226,302,76,True
63,50,226,302,76,True
72,40,226,287,61,True
2,41,227,289,62,True
13,56,227,330,103,True
14,39,227,289,62,True
16,56,227,330,103,True
19,46,227,289,62,True
43,35,227,302,75,True
47,38,227,287,60,True
53,47,227,302,75,True
54,46,227,302,75,True
55,43,227,302,75,True
58,56,227,302,75,True
59,50,227,302,75,True
65,51,227,302,75,True
72,41,227,302,75,True
17,44,228,297,69,True
20,38,228,289,61,True
23,41,228,330,102,True
25,53,228,289,61,True
28,45,228,289,61,True
29,46,228,289,61,True
34,42,228,289,61,True
42,49,228,302,74,True
52,55,228,302,74,True
53,48,228,302,74,True
60,38,228,302,74,True
67,47,228,302,74,True
69,42,228,302,74,True
73,44,228,302,74,True
75,41,228,311,83,True
3,32,229,289,60,True
15,41,229,330,101,True
16,57,229,330,101,True
19,47,229,289,60,True
26,49,229,289,60,True
28,46,229,289,60,True
30,47,229,297,68,True
46,35,229,302,73,True
48,39,229,302,73,True
50,42,229,317,88,True
51,43,229,289,60,True
52,56,229,302,73,True
57,49,229,302,73,True
58,57,229,302,73,True
67,48,229,302,73,True
70,56,229,302,73,True
75,42,229,311,82,True
76,48,229,302,73,True
0,43,230,289,59,True
2,42,230,289,59,True
3,33,230,289,59,True
11,41,230,341,111,True
19,48,230,289,59,True
24,54,230,330,100,True
25,54,230,289,59,True
29,47,230,289,59,True
30,48,230,297,67,True
42,50,230,302,72,True
46,36,230,302,72,True
48,40,230,302,72,True
57,50,230,302,72,True
63,51,230,302,72,True
76,49,230,302,72,True
78,55,230,302,72,True
9,41,231,377,146,True
11,42,231,341,110,True
15,42,231,330,99,True
18,46,231,297,66,True
24,55,231,330,99,True
30,49,231,297,66,True
40,53,231,302,71,True
48,41,231,302,71,True
51,44,231,289,58,True
53,49,231,302,71,True
56,44,231,302,71,True
57,51,231,302,71,True
61,54,231,302,71,True
65,52,231,302,71,True
67,49,231,302,71,True
69,43,231,302,71,True
76,50,231,302,71,True
79,52,231,302,71,True
18,47,232,297,65,True
30,50,232,297,65,True
34,43,232,289,57,True
35,51,232,330,98,True
38,43,232,297,65,True
44,57,232,302,70,True
48,42,232,302,70,True
49,48,232,317,85,True
53,50,232,302,70,True
56,45,232,302,70,True
57,52,232,302,70,True
60,39,232,302,70,True
61,55,232,302,70,True
62,38,232,317,85,True
64,48,232,334,102,True
65,53,232,302,70,True
70,57,232,302,70,True
4,45,233,341,108,True
8,47,233,289,56,True
17,45,233,297,64,True
27,44,233,289,56,True
32,49,233,330,97,True
33,46,233,289,56,True
36,45,233,330,97,True
47,39,233,302,69,True
50,43,233,317,84,True
52,57,233,302,69,True
53,51,233,302,69,True
55,44,233,302,69,True
61,56,233,302,69,True
64,49,233,334,101,True
67,50,233,302,69,True
70,58,233,302,69,True
71,38,233,311,78,True
73,45,233,302,69,True
5,31,234,297,63,True
14,40,234,289,55,True
21,47,234,297,63,True
29,48,234,299,65,True
32,50,234,330,96,True
34,44,234,289,55,True
40,54,234,302,68,True
44,58,234,302,68,True
45,45,234,311,77,True
49,49,234,317,83,True
50,44,234,317,83,True
55,45,234,302,68,True
59,51,234,302,68,True
62,39,234,317,83,True
65,54,234,302,68,True
66,52,234,302,68,True
70,59,234,302,68,True
0,44,235,299,64,True
5,32,235,297,62,True
11,43,235,341,106,True
19,49,235,299,64,True
24,56,235,330,95,True
33,47,235,330,95,True
39,52,235,297,62,True
49,50,235,317,82,True
50,45,235,317,82,True
51,45,235,289,54,True
57,53,235,302,67,True
65,55,235,302,67,True
66,53,235,302,67,True
67,51,235,302,67,True
71,39,235,311,76,True
72,42,235,302,67,True
12,54,236,330,94,True
23,42,236,330,94,True
29,49,236,299,63,True
46,37,236,302,66,True
52,58,236,302,66,True
57,54,236,302,66,True
67,52,236,302,66,True
70,60,236,302,66,True
73,46,236,311,75,True
19,50,237,299,62,True
22,46,237,297,60,True
24,57,237,330,93,True
25,55,237,330,93,True
35,52,237,377,140,True
48,43,237,317,80,True
51,46,237,302,65,True
53,52,237,302,65,True
56,46,237,317,80,True
63,52,237,302,65,True
68,48,237,338,101,True
75,43,237,311,74,True
77,42,237,302,65,True
1,50,238,297,59,True
2,43,238,330,92,True
3,34,238,330,92,True
4,46,238,341,103,True
6,53,238,330,92,True
10,56,238,297,59,True
13,57,238,330,92,True
19,51,238,299,61,True
20,39,238,297,59,True
22,47,238,297,59,True
24,58,238,330,92,True
25,56,238,330,92,True
29,50,238,341,103,True
36,46,238,330,92,True
40,55,238,302,64,True
41,42,238,311,73,True
44,59,238,302,64,True
45,46,238,311,73,True
47,40,238,302,64,True
56,47,238,317,79,True
65,56,238,302,64,True
67,53,238,302,64,True
79,53,238,317,79,True
3,35,239,330,91,True
6,54,239,377,138,True
14,41,239,289,50,True
15,43,239,330,91,True
27,45,239,330,91,True
28,47,239,297,58,True
29,51,239,341,102,True
31,38,239,330,91,True
33,48,239,341,102,True
37,44,239,297,58,True
39,53,239,297,58,True
51,47,239,330,91,True
60,40,239,317,78,True
61,57,239,317,78,True
62,40,239,317,78,True
67,54,239,302,63,True
71,40,239,311,72,True
76,51,239,302,63,True
77,43,239,302,63,True
3,36,240,330,90,True
10,57,240,297,57,True
44,60,240,317,77,True
46,38,240,302,62,True
57,55,240,302,62,True
64,50,240,334,94,True
76,52,240,302,62,True
77,44,240,302,62,True
78,56,240,302,62,True
10,58,241,297,56,True
11,44,241,341,100,True
13,58,241,330,89,True
14,42,241,289,48,True
19,52,241,299,58,True
23,43,241,330,89,True
37,45,241,297,56,True
38,44,241,297,56,True
41,43,241,311,70,True
45,47,241,311,70,True
52,59,241,302,61,True
53,53,241,302,61,True
59,52,241,302,61,True
63,53,241,302,61,True
68,49,241,338,97,True
69,44,241,302,61,True
74,41,241,317,76,True
77,45,241,302,61,True
1,51,242,297,55,True
21,48,242,330,88,True
25,57,242,330,88,True
28,48,242,297,55,True
34,45,242,330,88,True
37,46,242,297,55,True
43,36,242,338,96,True
47,41,242,302,60,True
51,48,242,330,88,True
52,60,242,302,60,True
56,48,242,338,96,True
59,53,242,302,60,True
66,54,242,302,60,True
71,41,242,311,69,True
74,42,242,317,75,True
1,52,243,297,54,True
2,44,243,330,87,True
5,33,243,330,87,True
11,45,243,341,98,True
12,55,243,330,87,True
18,48,243,330,87,True
28,49,243,297,54,True
30,51,243,330,87,True
33,49,243,341,98,True
41,44,243,311,68,True
48,44,243,317,74,True
53,54,243,311,68,True
62,41,243,317,74,True
76,53,243,302,59,True
3,37,244,330,86,True
5,34,244,330,86,True
16,58,244,386,142,True
23,44,244,330,86,True
24,59,244,377,133,True
27,46,244,330,86,True
29,52,244,341,97,True
33,50,244,341,97,True
40,56,244,311,67,True
58,58,244,338,94,True
64,51,244,334,90,True
69,45,244,302,58,True
71,42,244,311,67,True
7,39,245,330,85,True
9,42,245,377,132,True
10,59,245,297,52,True
12,56,245,330,85,True
20,40,245,297,52,True
21,49,245,330,85,True
22,48,245,330,85,True
31,39,245,330,85,True
35,53,245,377,132,True
36,47,245,330,85,True
41,45,245,317,72,True
47,42,245,302,57,True
49,51,245,317,72,True
58,59,245,338,93,True
59,54,245,311,66,True
62,42,245,317,72,True
66,55,245,311,66,True
70,61,245,311,66,True
5,35,246,330,84,True
7,40,246,330,84,True
8,48,246,330,84,True
16,59,246,386,140,True
21,50,246,330,84,True
24,60,246,377,131,True
26,50,246,330,84,True
28,50,246,297,51,True
33,51,246,341,95,True
56,49,246,338,92,True
63,54,246,311,65,True
66,56,246,311,65,True
76,54,246,302,56,True
78,57,246,311,65,True
0,45,247,330,83,True
10,60,247,297,50,True
19,53,247,299,52,True
21,51,247,330,83,True
23,45,247,330,83,True
25,58,247,330,83,True
31,40,247,330,83,True
47,43,247,302,55,True
49,52,247,338,91,True
52,61,247,311,64,True
58,60,247,338,91,True
62,43,247,317,70,True
63,55,247,311,64,True
73,47,247,317,70,True
78,58,247,311,64,True
79,54,247,317,70,True
6,55,248,377,129,True
18,49,248,377,129,True
20,41,248,330,82,True
23,46,248,330,82,True
25,59,248,330,82,True
40,57,248,311,63,True
42,51,248,302,54,True
43,37,248,338,90,True
49,53,248,338,90,True
52,62,248,311,63,True
7,41,249,330,81,True
8,49,249,330,81,True
9,43,249,377,128,True
10,61,249,297,48,True
13,59,249,330,81,True
23,47,249,330,81,True
32,51,249,330,81,True
38,45,249,330,81,True
51,49,249,330,81,True
58,61,249,338,89,True
62,44,249,317,68,True
64,52,249,334,85,True
67,55,249,317,68,True
76,55,249,330,81,True
79,55,249,317,68,True
2,45,250,330,80,True
5,36,250,330,80,True
10,62,250,297,47,True
11,46,250,341,91,True
14,43,250,299,49,True
15,44,250,330,80,True
16,60,250,386,136,True
17,46,250,330,80,True
25,60,250,330,80,True
39,54,250,330,80,True
43,38,250,338,88,True
44,61,250,317,67,True
45,48,250,311,61,True
49,54,250,338,88,True
60,41,250,338,88,True
69,46,250,302,52,True
79,56,250,317,67,True
0,46,251,330,79,True
4,47,251,341,90,True
13,60,251,330,79,True
16,61,251,386,135,True
25,61,251,330,79,True
28,51,251,297,46,True
29,53,251,341,90,True
31,41,251,330,79,True
34,46,251,341,90,True
36,48,251,330,79,True
38,46,251,330,79,True
39,55,251,330,79,True
45,49,251,311,60,True
48,45,251,317,66,True
53,55,251,311,60,True
58,62,251,338,87,True
71,43,251,317,66,True
77,46,251,302,51,True
4,48,252,341,89,True
15,45,252,330,78,True
16,62,252,386,134,True
27,47,252,330,78,True
29,54,252,341,89,True
31,42,252,330,78,True
36,49,252,330,78,True
40,58,252,311,59,True
41,46,252,317,65,True
43,39,252,338,86,True
52,63,252,371,119,True
54,47,252,317,65,True
60,42,252,338,86,True
73,48,252,317,65,True
78,59,252,311,59,True
1,53,253,330,77,True
6,56,253,377,124,True
32,52,253,330,77,True
53,56,253,311,58,True
54,48,253,317,64,True
56,50,253,338,85,True
62,45,253,317,64,True
69,47,253,302,49,True
73,49,253,317,64,True
78,60,253,311,58,True
18,50,254,377,123,True
35,54,254,377,123,True
37,47,254,377,123,True
38,47,254,341,87,True
39,56,254,330,76,True
40,59,254,334,80,True
49,55,254,338,84,True
51,50,254,330,76,True
54,49,254,317,63,True
55,46,254,302,48,True
59,55,254,338,84,True
70,62,254,317,63,True
79,57,254,338,84,True
14,44,255,299,44,True
19,54,255,341,86,True
22,49,255,330,75,True
25,62,255,330,75,True
26,51,255,330,75,True
30,52,255,377,122,True
34,47,255,341,86,True
36,50,255,330,75,True
46,39,255,338,83,True
47,44,255,311,56,True
56,51,255,338,83,True
60,43,255,338,83,True
71,44,255,317,62,True
75,44,255,311,56,True
14,45,256,299,43,True
15,46,256,330,74,True
17,47,256,330,74,True
30,53,256,377,121,True
32,53,256,330,74,True
35,55,256,377,121,True
41,47,256,338,82,True
42,52,256,317,61,True
43,40,256,338,82,True
45,50,256,338,82,True
61,58,256,317,61,True
65,57,256,317,61,True
72,43,256,317,61,True
75,45,256,311,55,True
79,58,256,338,82,True
0,47,257,330,73,True
1,54,257,330,73,True
10,63,257,330,73,True
13,61,257,330,73,True
15,47,257,330,73,True
30,54,257,377,120,True
38,48,257,341,84,True
39,57,257,330,73,True
48,46,257,317,60,True
56,52,257,338,81,True
59,56,257,338,81,True
65,58,257,338,81,True
72,44,257,317,60,True
6,57,258,377,119,True
20,42,258,330,72,True
27,48,258,330,72,True
29,55,258,341,83,True
31,43,258,341,83,True
45,51,258,338,80,True
49,56,258,338,80,True
54,50,258,317,59,True
71,45,258,317,59,True
73,50,258,338,80,True
75,46,258,311,53,True
9,44,259,377,118,True
18,51,259,377,118,True
26,52,259,330,71,True
30,55,259,377,118,True
34,48,259,341,82,True
58,63,259,338,79,True
61,59,259,317,58,True
63,56,259,338,79,True
67,56,259,317,58,True
69,48,259,338,79,True
70,63,259,317,58,True
74,43,259,338,79,True
75,47,259,311,52,True
78,61,259,317,58,True
79,59,259,338,79,True
1,55,260,330,70,True
7,42,260,377,117,True
8,50,260,330,70,True
13,62,260,330,70,True
14,46,260,330,70,True
18,52,260,377,117,True
21,52,260,341,81,True
24,61,260,377,117,True
30,56,260,377,117,True
38,49,260,341,81,True
48,47,260,317,57,True
54,51,260,338,78,True
57,56,260,371,111,True
59,57,260,338,78,True
60,44,260,338,78,True
0,48,261,341,80,True
9,45,261,377,116,True
18,53,261,377,116,True
20,43,261,330,69,True
25,63,261,330,69,True
30,57,261,377,116,True
32,54,261,330,69,True
34,49,261,341,80,True
44,62,261,338,77,True
48,48,261,317,56,True
55,47,261,330,69,True
56,53,261,338,77,True
57,57,261,371,110,True
66,57,261,317,56,True
72,45,261,317,56,True
73,51,261,338,77,True
2,46,262,341,79,True
18,54,262,377,115,True
23,48,262,341,79,True
26,53,262,330,68,True
28,52,262,330,68,True
32,55,262,330,68,True
36,51,262,341,79,True
39,58,262,330,68,True
47,45,262,334,72,True
49,57,262,338,76,True
59,58,262,338,76,True
67,57,262,371,109,True
68,50,262,338,76,True
70,64,262,317,55,True
3,38,263,341,78,True
4,49,263,341,78,True
12,57,263,341,78,True
15,48,263,330,67,True
21,53,263,341,78,True
25,64,263,330,67,True
42,53,263,338,75,True
45,52,263,338,75,True
51,51,263,330,67,True
58,64,263,338,75,True
69,49,263,338,75,True
76,56,263,330,67,True
4,50,264,341,77,True
8,51,264,330,66,True
27,49,264,330,66,True
36,52,264,341,77,True
37,48,264,377,113,True
39,59,264,330,66,True
43,41,264,338,74,True
46,40,264,338,74,True
47,46,264,334,70,True
50,46,264,338,74,True
56,54,264,338,74,True
69,50,264,338,74,True
74,44,264,338,74,True
77,47,264,317,53,True
1,56,265,377,112,True
10,64,265,330,65,True
16,63,265,386,121,True
26,54,265,330,65,True
30,58,265,377,112,True
33,52,265,341,76,True
36,53,265,341,76,True
37,49,265,377,112,True
48,49,265,338,73,True
49,58,265,338,73,True
53,57,265,330,65,True
54,52,265,338,73,True
55,48,265,330,65,True
68,51,265,338,73,True
72,46,265,334,69,True
73,52,265,338,73,True
0,49,266,341,75,True
3,39,266,341,75,True
5,37,266,330,64,True
10,65,266,330,64,True
16,64,266,386,120,True
20,44,266,330,64,True
26,55,266,330,64,True
30,59,266,377,111,True
31,44,266,341,75,True
44,63,266,338,72,True
46,41,266,338,72,True
51,52,266,334,68,True
67,58,266,371,105,True
70,65,266,317,51,True
71,46,266,338,72,True
73,53,266,338,72,True
0,50,267,341,74,True
4,51,267,341,74,True
7,43,267,377,110,True
9,46,267,377,110,True
10,66,267,330,63,True
11,47,267,341,74,True
18,55,267,377,110,True
21,54,267,341,74,True
30,60,267,377,110,True
35,56,267,377,110,True
41,48,267,338,71,True
44,64,267,338,71,True
45,53,267,338,71,True
48,50,267,338,71,True
50,47,267,338,71,True
54,53,267,338,71,True
62,46,267,371,104,True
79,60,267,338,71,True
0,51,268,341,73,True
8,52,268,341,73,True
13,63,268,341,73,True
15,49,268,341,73,True
19,55,268,341,73,True
23,49,268,341,73,True
28,53,268,330,62,True
30,61,268,377,109,True
36,54,268,341,73,True
38,50,268,341,73,True
39,60,268,377,109,True
40,60,268,334,66,True
41,49,268,338,70,True
42,54,268,338,70,True
56,55,268,338,70,True
60,45,268,338,70,True
61,60,268,317,49,True
63,57,268,338,70,True
69,51,268,338,70,True
73,54,268,338,70,True
74,45,268,338,70,True
76,57,268,330,62,True
77,48,268,317,49,True
2,47,269,341,72,True
3,40,269,341,72,True
6,58,269,377,108,True
10,67,269,330,61,True
14,47,269,330,61,True
24,62,269,377,108,True
27,50,269,341,72,True
29,56,269,341,72,True
34,50,269,341,72,True
36,55,269,341,72,True
40,61,269,334,65,True
45,54,269,338,69,True
49,59,269,338,69,True
51,53,269,334,65,True
53,58,269,330,61,True
63,58,269,338,69,True
74,46,269,338,69,True
75,48,269,330,61,True
77,49,269,317,48,True
9,47,270,377,107,True
22,50,270,377,107,True
25,65,270,341,71,True
26,56,270,341,71,True
28,54,270,330,60,True
29,57,270,341,71,True
31,45,270,341,71,True
34,51,270,341,71,True
36,56,270,341,71,True
46,42,270,338,68,True
48,51,270,338,68,True
54,54,270,338,68,True
59,59,270,338,68,True
61,61,270,330,60,True
66,58,270,317,47,True
70,66,270,317,47,True
76,58,270,330,60,True
78,62,270,317,47,True
3,41,271,341,70,True
22,51,271,377,106,True
23,50,271,341,70,True
24,63,271,377,106,True
25,66,271,341,70,True
33,53,271,341,70,True
45,55,271,338,67,True
46,43,271,338,67,True
51,54,271,334,63,True
56,56,271,338,67,True
57,58,271,371,100,True
60,46,271,338,67,True
67,59,271,371,100,True
70,67,271,317,46,True
2,48,272,341,69,True
5,38,272,377,105,True
6,59,272,377,105,True
8,53,272,341,69,True
9,48,272,377,105,True
13,64,272,341,69,True
23,51,272,341,69,True
28,55,272,341,69,True
35,57,272,377,105,True
44,65,272,338,66,True
45,56,272,338,66,True
46,44,272,338,66,True
50,48,272,338,66,True
52,64,272,371,99,True
55,49,272,330,58,True
65,59,272,338,66,True
6,60,273,377,104,True
7,44,273,377,104,True
10,68,273,330,57,True
11,48,273,377,104,True
16,65,273,386,113,True
19,56,273,341,68,True
28,56,273,341,68,True
29,58,273,341,68,True
31,46,273,341,68,True
33,54,273,377,104,True
38,51,273,341,68,True
47,47,273,334,61,True
51,55,273,334,61,True
54,55,273,338,65,True
71,47,273,338,65,True
1,57,274,377,103,True
6,61,274,377,103,True
8,54,274,341,67,True
9,49,274,377,103,True
13,65,274,341,67,True
14,48,274,341,67,True
16,66,274,386,112,True
18,56,274,377,103,True
19,57,274,341,67,True
21,55,274,341,67,True
24,64,274,377,103,True
26,57,274,377,103,True
32,56,274,341,67,True
40,62,274,338,64,True
42,55,274,338,64,True
47,48,274,334,60,True
50,49,274,338,64,True
52,65,274,371,97,True
56,57,274,338,64,True
68,52,274,338,64,True
69,52,274,338,64,True
70,68,274,330,56,True
73,55,274,371,97,True
79,61,274,371,97,True
2,49,275,377,102,True
8,55,275,341,66,True
9,50,275,377,102,True
12,58,275,341,66,True
13,66,275,341,66,True
22,52,275,377,102,True
24,65,275,377,102,True
26,58,275,377,102,True
28,57,275,341,66,True
32,57,275,341,66,True
46,45,275,338,63,True
47,49,275,334,59,True
54,56,275,338,63,True
62,47,275,371,96,True
70,69,275,330,55,True
74,47,275,338,63,True
0,52,276,377,101,True
1,58,276,377,101,True
6,62,276,377,101,True
10,69,276,330,54,True
20,45,276,341,65,True
28,58,276,377,101,True
30,62,276,377,101,True
32,58,276,341,65,True
33,55,276,377,101,True
37,50,276,377,101,True
40,63,276,338,62,True
42,56,276,338,62,True
51,56,276,334,58,True
55,50,276,330,54,True
63,59,276,338,62,True
74,48,276,338,62,True
2,50,277,377,100,True
4,52,277,377,100,True
9,51,277,377,100,True
16,67,277,386,109,True
25,67,277,341,64,True
26,59,277,377,100,True
27,51,277,341,64,True
30,63,277,377,100,True
36,57,277,341,64,True
42,57,277,338,61,True
47,50,277,334,57,True
55,51,277,330,53,True
56,58,277,338,61,True
60,47,277,338,61,True
77,50,277,371,94,True
2,51,278,377,99,True
6,63,278,377,99,True
7,45,278,377,99,True
12,59,278,377,99,True
14,49,278,341,63,True
17,48,278,341,63,True
20,46,278,341,63,True
21,56,278,377,99,True
40,64,278,338,60,True
43,42,278,338,60,True
53,59,278,338,60,True
56,59,278,338,60,True
57,59,278,371,93,True
61,62,278,338,60,True
62,48,278,371,93,True
65,60,278,338,60,True
69,53,278,338,60,True
72,47,278,334,56,True
79,62,278,371,93,True
1,59,279,377,98,True
11,49,279,377,98,True
26,60,279,377,98,True
47,51,279,334,55,True
49,60,279,338,59,True
62,49,279,371,92,True
78,63,279,371,92,True
0,53,280,377,97,True
3,42,280,377,97,True
14,50,280,377,97,True
17,49,280,341,61,True
24,66,280,377,97,True
25,68,280,341,61,True
28,59,280,377,97,True
29,59,280,341,61,True
38,52,280,341,61,True
40,65,280,338,58,True
42,58,280,371,91,True
43,43,280,338,58,True
59,60,280,338,58,True
62,50,280,371,91,True
69,54,280,338,58,True
70,70,280,334,54,True
71,48,280,371,91,True
76,59,280,338,58,True
0,54,281,377,96,True
4,53,281,377,96,True
5,39,281,377,96,True
9,52,281,377,96,True
10,70,281,330,49,True
18,57,281,377,96,True
21,57,281,377,96,True
23,52,281,377,96,True
26,61,281,377,96,True
38,53,281,341,60,True
44,66,281,338,57,True
50,50,281,338,57,True
51,57,281,334,53,True
56,60,281,338,57,True
70,71,281,334,53,True
74,49,281,338,57,True
0,55,282,377,95,True
1,60,282,377,95,True
7,46,282,377,95,True
9,53,282,377,95,True
19,58,282,341,59,True
22,53,282,377,95,True
33,56,282,377,95,True
47,52,282,334,52,True
58,65,282,338,56,True
64,53,282,338,56,True
1,61,283,377,94,True
9,54,283,377,94,True
10,71,283,330,47,True
18,58,283,377,94,True
27,52,283,377,94,True
39,61,283,377,94,True
43,44,283,338,55,True
46,46,283,338,55,True
50,51,283,338,55,True
56,61,283,338,55,True
57,60,283,371,88,True
62,51,283,371,88,True
69,55,283,338,55,True
72,48,283,334,51,True
76,60,283,338,55,True
77,51,283,371,88,True
3,43,284,377,93,True
6,64,284,377,93,True
13,67,284,341,57,True
17,50,284,341,57,True
19,59,284,341,57,True
20,47,284,386,102,True
23,53,284,377,93,True
26,62,284,377,93,True
27,53,284,377,93,True
30,64,284,413,129,True
39,62,284,377,93,True
47,53,284,334,50,True
50,52,284,338,54,True
54,57,284,338,54,True
58,66,284,338,54,True
1,62,285,377,92,True
3,44,285,377,92,True
8,56,285,341,56,True
14,51,285,377,92,True
17,51,285,341,56,True
21,58,285,377,92,True
24,67,285,377,92,True
25,69,285,377,92,True
27,54,285,377,92,True
28,60,285,377,92,True
30,65,285,413,128,True
31,47,285,377,92,True
43,45,285,338,53,True
44,67,285,338,53,True
45,57,285,338,53,True
50,53,285,338,53,True
51,58,285,334,49,True
58,67,285,338,53,True
60,48,285,338,53,True
67,60,285,371,86,True
68,53,285,371,86,True
69,56,285,338,53,True
74,50,285,371,86,True
0,56,286,377,91,True
1,63,286,377,91,True
2,52,286,377,91,True
4,54,286,377,91,True
5,40,286,377,91,True
7,47,286,377,91,True
9,55,286,377,91,True
14,52,286,377,91,True
18,59,286,377,91,True
19,60,286,341,55,True
34,52,286,377,91,True
37,51,286,377,91,True
42,59,286,371,85,True
45,58,286,338,52,True
46,47,286,338,52,True
51,59,286,334,48,True
54,58,286,371,85,True
55,52,286,330,44,True
61,63,286,338,52,True
68,54,286,371,85,True
74,51,286,371,85,True
78,64,286,371,85,True
5,41,287,377,90,True
23,54,287,377,90,True
33,57,287,377,90,True
41,50,287,371,84,True
49,61,287,338,51,True
50,54,287,338,51,True
55,53,287,334,47,True
59,61,287,338,51,True
70,72,287,338,51,True
73,56,287,371,84,True
75,49,287,334,47,True
6,65,288,377,89,True
7,48,288,377,89,True
8,57,288,377,89,True
10,72,288,341,53,True
11,50,288,377,89,True
14,53,288,377,89,True
20,48,288,386,98,True
62,52,288,371,83,True
72,49,288,338,50,True
79,63,288,371,83,True
3,45,289,377,88,True
6,66,289,377,88,True
9,56,289,377,88,True
12,60,289,377,88,True
13,68,289,341,52,True
18,60,289,377,88,True
20,49,289,386,97,True
25,70,289,377,88,True
26,63,289,377,88,True
47,54,289,336,47,True
55,54,289,334,45,True
66,59,289,338,49,True
68,55,289,371,82,True
70,73,289,338,49,True
77,52,289,371,82,True
17,52,290,377,87,True
22,54,290,377,87,True
24,68,290,377,87,True
25,71,290,377,87,True
29,60,290,377,87,True
30,66,290,413,123,True
36,58,290,377,87,True
39,63,290,377,87,True
47,55,290,336,46,True
52,66,290,371,81,True
55,55,290,336,46,True
63,60,290,371,81,True
67,61,290,371,81,True
68,56,290,371,81,True
77,53,290,371,81,True
79,64,290,371,81,True
3,46,291,377,86,True
5,42,291,377,86,True
7,49,291,377,86,True
16,68,291,386,95,True
17,53,291,377,86,True
24,69,291,377,86,True
29,61,291,377,86,True
40,66,291,338,47,True
48,52,291,338,47,True
50,55,291,371,80,True
53,60,291,338,47,True
54,59,291,371,80,True
58,68,291,338,47,True
59,62,291,338,47,True
65,61,291,338,47,True
78,65,291,371,80,True
2,53,292,377,85,True
11,51,292,377,85,True
22,55,292,377,85,True
34,53,292,377,85,True
35,58,292,377,85,True
48,53,292,338,46,True
58,69,292,338,46,True
74,52,292,371,79,True
7,50,293,377,84,True
10,73,293,341,48,True
15,50,293,377,84,True
19,61,293,377,84,True
27,55,293,377,84,True
28,61,293,377,84,True
32,59,293,341,48,True
37,52,293,377,84,True
46,48,293,338,45,True
53,61,293,338,45,True
55,56,293,336,43,True
56,62,293,371,78,True
62,53,293,371,78,True
65,62,293,338,45,True
66,60,293,338,45,True
78,66,293,371,78,True
12,61,294,377,83,True
29,62,294,377,83,True
33,58,294,377,83,True
34,54,294,377,83,True
40,67,294,338,44,True
43,46,294,371,77,True
44,68,294,338,44,True
49,62,294,371,77,True
51,60,294,371,77,True
53,62,294,338,44,True
54,60,294,371,77,True
60,49,294,377,83,True
64,54,294,338,44,True
69,57,294,338,44,True
70,74,294,338,44,True
76,61,294,338,44,True
1,64,295,377,82,True
9,57,295,377,82,True
12,62,295,377,82,True
40,68,295,338,43,True
41,51,295,371,76,True
42,60,295,371,76,True
43,47,295,371,76,True
50,56,295,371,76,True
53,63,295,338,43,True
56,63,295,371,76,True
57,61,295,371,76,True
59,63,295,338,43,True
64,55,295,338,43,True
74,53,295,371,76,True
3,47,296,377,81,True
9,58,296,377,81,True
13,69,296,377,81,True
14,54,296,377,81,True
18,61,296,377,81,True
23,55,296,377,81,True
24,70,296,377,81,True
25,72,296,377,81,True
28,62,296,377,81,True
29,63,296,377,81,True
32,60,296,398,102,True
36,59,296,377,81,True
37,53,296,377,81,True
39,64,296,377,81,True
43,48,296,371,75,True
46,49,296,338,42,True
48,54,296,338,42,True
49,63,296,371,75,True
61,64,296,338,42,True
64,56,296,371,75,True
72,50,296,338,42,True
75,50,296,338,42,True
0,57,297,377,80,True
4,55,297,386,89,True
5,43,297,377,80,True
6,67,297,377,80,True
13,70,297,377,80,True
15,51,297,377,80,True
16,69,297,386,89,True
20,50,297,386,89,True
23,56,297,377,80,True
24,71,297,377,80,True
25,73,297,377,80,True
32,61,297,398,101,True
34,55,297,377,80,True
38,54,297,377,80,True
42,61,297,371,74,True
45,59,297,338,41,True
49,64,297,371,74,True
57,62,297,371,74,True
58,70,297,338,41,True
62,54,297,371,74,True
67,62,297,371,74,True
71,49,297,371,74,True
2,54,298,377,79,True
3,48,298,377,79,True
12,63,298,377,79,True
24,72,298,377,79,True
25,74,298,377,79,True
29,64,298,377,79,True
33,59,298,377,79,True
35,59,298,377,79,True
37,54,298,377,79,True
38,55,298,377,79,True
45,60,298,338,40,True
47,56,298,338,40,True
48,55,298,338,40,True
49,65,298,371,73,True
52,67,298,371,73,True
58,71,298,371,73,True
60,50,298,377,79,True
63,61,298,371,73,True
64,57,298,371,73,True
65,63,298,371,73,True
66,61,298,338,40,True
72,51,298,338,40,True
73,57,298,371,73,True
0,58,299,377,78,True
2,55,299,377,78,True
14,55,299,377,78,True
21,59,299,377,78,True
22,56,299,377,78,True
29,65,299,386,87,True
32,62,299,398,99,True
38,56,299,377,78,True
42,62,299,371,72,True
43,49,299,371,72,True
48,56,299,338,39,True
53,64,299,338,39,True
54,61,299,371,72,True
56,64,299,371,72,True
64,58,299,371,72,True
68,57,299,371,72,True
72,52,299,338,39,True
75,51,299,338,39,True
77,54,299,371,72,True
79,65,299,371,72,True
5,44,300,377,77,True
10,74,300,341,41,True
21,60,300,377,77,True
26,64,300,377,77,True
32,63,300,398,98,True
34,56,300,377,77,True
40,69,300,338,38,True
41,52,300,371,71,True
54,62,300,371,71,True
56,65,300,371,71,True
68,58,300,371,71,True
70,75,300,338,38,True
73,58,300,371,71,True
74,54,300,371,71,True
77,55,300,371,71,True
7,51,301,377,76,True
11,52,301,386,85,True
15,52,301,377,76,True
35,60,301,377,76,True
36,60,301,377,76,True
41,53,301,371,70,True
54,63,301,371,70,True
63,62,301,371,70,True
70,76,301,338,37,True
73,59,301,371,70,True
77,56,301,371,70,True
2,56,302,377,75,True
3,49,302,377,75,True
4,56,302,386,84,True
12,64,302,377,75,True
16,70,302,386,84,True
33,60,302,377,75,True
37,55,302,377,75,True
41,54,302,371,69,True
42,63,302,371,69,True
43,50,302,371,69,True
45,61,302,338,36,True
46,50,302,338,36,True
48,57,302,371,69,True
54,64,302,371,69,True
56,66,302,371,69,True
75,52,302,338,36,True
3,50,303,377,74,True
7,52,303,377,74,True
11,53,303,386,83,True
22,57,303,377,74,True
30,67,303,413,110,True
39,65,303,377,74,True
40,70,303,338,35,True
41,55,303,371,68,True
42,64,303,371,68,True
52,68,303,371,68,True
53,65,303,338,35,True
56,67,303,371,68,True
60,51,303,377,74,True
63,63,303,371,68,True
68,59,303,371,68,True
71,50,303,371,68,True
73,60,303,371,68,True
79,66,303,371,68,True
12,65,304,377,73,True
13,71,304,377,73,True
18,62,304,377,73,True
20,51,304,386,82,True
23,57,304,377,73,True
32,64,304,398,94,True
35,61,304,377,73,True
48,58,304,371,67,True
58,72,304,371,67,True
64,59,304,371,67,True
67,63,304,371,67,True
68,60,304,371,67,True
2,57,305,377,72,True
26,65,305,377,72,True
29,66,305,386,81,True
31,48,305,386,81,True
33,61,305,386,81,True
37,56,305,377,72,True
39,66,305,377,72,True
40,71,305,371,66,True
42,65,305,456,151,True
46,51,305,371,66,True
50,57,305,371,66,True
52,69,305,371,66,True
53,66,305,338,33,True
56,68,305,371,66,True
59,64,305,371,66,True
62,55,305,371,66,True
71,51,305,371,66,True
7,53,306,377,71,True
8,58,306,377,71,True
11,54,306,386,80,True
17,54,306,377,71,True
18,63,306,377,71,True
20,52,306,386,80,True
22,58,306,377,71,True
23,58,306,377,71,True
37,57,306,377,71,True
38,57,306,377,71,True
40,72,306,371,65,True
49,66,306,371,65,True
50,58,306,371,65,True
54,65,306,371,65,True
57,63,306,371,65,True
58,73,306,371,65,True
64,60,306,371,65,True
70,77,306,338,32,True
76,62,306,371,65,True
4,57,307,386,79,True
21,61,307,398,91,True
32,65,307,398,91,True
35,62,307,377,70,True
63,64,307,371,64,True
64,61,307,371,64,True
67,64,307,371,64,True
3,51,308,386,78,True
5,45,308,377,69,True
9,59,308,377,69,True
11,55,308,413,105,True
12,66,308,377,69,True
13,72,308,377,69,True
15,53,308,377,69,True
18,64,308,377,69,True
19,62,308,377,69,True
22,59,308,377,69,True
29,67,308,386,78,True
30,68,308,413,105,True
43,51,308,371,63,True
48,59,308,371,63,True
53,67,308,371,63,True
57,64,308,371,63,True
58,74,308,377,69,True
60,52,308,377,69,True
63,65,308,371,63,True
70,78,308,371,63,True
72,53,308,338,30,True
0,59,309,377,68,True
1,65,309,377,68,True
2,58,309,386,77,True
4,58,309,386,77,True
7,54,309,377,68,True
12,67,309,377,68,True
20,53,309,386,77,True
21,62,309,398,89,True
26,66,309,377,68,True
30,69,309,413,104,True
38,58,309,377,68,True
47,57,309,338,29,True
50,59,309,371,62,True
51,61,309,371,62,True
54,66,309,371,62,True
63,66,309,371,62,True
64,62,309,371,62,True
71,52,309,371,62,True
75,53,309,377,68,True
79,67,309,371,62,True
7,55,310,377,67,True
11,56,310,413,103,True
12,68,310,377,67,True
14,56,310,377,67,True
16,71,310,386,76,True
22,60,310,377,67,True
23,59,310,377,67,True
26,67,310,377,67,True
30,70,310,413,103,True
31,49,310,386,76,True
40,73,310,371,61,True
44,69,310,377,67,True
47,58,310,338,28,True
58,75,310,377,67,True
61,65,310,371,61,True
70,79,310,371,61,True
72,54,310,338,28,True
73,61,310,371,61,True
79,68,310,371,61,True
2,59,311,386,75,True
7,56,311,377,66,True
8,59,311,377,66,True
9,60,311,377,66,True
13,73,311,377,66,True
14,57,311,377,66,True
22,61,311,377,66,True
28,63,311,377,66,True
40,74,311,371,60,True
44,70,311,377,66,True
53,68,311,371,60,True
55,57,311,377,66,True
61,66,311,371,60,True
62,56,311,371,60,True
63,67,311,371,60,True
0,60,312,377,65,True
2,60,312,386,74,True
25,75,312,386,74,True
26,68,312,377,65,True
31,50,312,386,74,True
32,66,312,398,86,True
34,57,312,386,74,True
40,75,312,371,59,True
42,66,312,456,144,True
43,52,312,418,106,True
60,53,312,377,65,True
68,61,312,371,59,True
73,62,312,371,59,True
76,63,312,371,59,True
4,59,313,386,73,True
6,68,313,377,64,True
12,69,313,377,64,True
13,74,313,377,64,True
15,54,313,377,64,True
20,54,313,386,73,True
24,73,313,377,64,True
31,51,313,386,73,True
32,67,313,398,85,True
36,61,313,377,64,True
38,59,313,377,64,True
42,67,313,456,143,True
48,60,313,371,58,True
71,53,313,373,60,True
72,55,313,338,25,True
1,66,314,377,63,True
9,61,314,377,63,True
10,75,314,377,63,True
20,55,314,386,72,True
31,52,314,386,72,True
34,58,314,386,72,True
35,63,314,377,63,True
37,58,314,377,63,True
40,76,314,371,57,True
41,56,314,371,57,True
50,60,314,377,63,True
51,62,314,371,57,True
52,70,314,371,57,True
55,58,314,377,63,True
58,76,314,377,63,True
67,65,314,371,57,True
70,80,314,371,57,True
74,55,314,371,57,True
75,54,314,377,63,True
1,67,315,377,62,True
9,62,315,377,62,True
13,75,315,377,62,True
22,62,315,386,71,True
24,74,315,377,62,True
27,56,315,386,71,True
32,68,315,398,83,True
38,60,315,377,62,True
39,67,315,377,62,True
41,57,315,371,56,True
45,62,315,371,56,True
48,61,315,371,56,True
67,66,315,371,56,True
70,81,315,371,56,True
73,63,315,371,56,True
75,55,315,377,62,True
76,64,315,371,56,True
78,67,315,377,62,True
79,69,315,371,56,True
4,60,316,386,70,True
10,76,316,377,61,True
14,58,316,377,61,True
17,55,316,377,61,True
18,65,316,377,61,True
19,63,316,377,61,True
20,56,316,386,70,True
22,63,316,386,70,True
27,57,316,386,70,True
36,62,316,377,61,True
39,68,316,377,61,True
41,58,316,371,55,True
47,59,316,371,55,True
53,69,316,371,55,True
56,69,316,377,61,True
68,62,316,371,55,True
73,64,316,371,55,True
74,56,316,402,86,True
76,65,316,371,55,True
78,68,316,377,61,True
0,61,317,377,60,True
3,52,317,386,69,True
4,61,317,386,69,True
10,77,317,377,60,True
16,72,317,386,69,True
17,56,317,377,60,True
22,64,317,386,69,True
23,60,317,398,81,True
26,69,317,377,60,True
31,53,317,386,69,True
32,69,317,398,81,True
34,59,317,386,69,True
39,69,317,413,96,True
48,62,317,371,54,True
54,67,317,371,54,True
58,77,317,377,60,True
62,57,317,371,54,True
63,68,317,371,54,True
71,54,317,373,56,True
77,57,317,373,56,True
2,61,318,386,68,True
6,69,318,377,59,True
10,78,318,377,59,True
12,70,318,377,59,True
18,66,318,377,59,True
25,76,318,386,68,True
30,71,318,413,95,True
31,54,318,386,68,True
34,60,318,386,68,True
44,71,318,377,59,True
64,63,318,377,59,True
66,62,318,371,53,True
69,58,318,371,53,True
73,65,318,371,53,True
74,57,318,402,84,True
1,68,319,386,67,True
12,71,319,377,58,True
19,64,319,377,58,True
25,77,319,386,67,True
26,70,319,377,58,True
34,61,319,386,67,True
37,59,319,377,58,True
39,70,319,413,94,True
49,67,319,402,83,True
51,63,319,371,52,True
61,67,319,371,52,True
63,69,319,371,52,True
65,64,319,371,52,True
9,63,320,446,126,True
11,57,320,413,93,True
13,76,320,398,78,True
15,55,320,377,57,True
16,73,320,386,66,True
19,65,320,377,57,True
20,57,320,386,66,True
26,71,320,377,57,True
27,58,320,386,66,True
28,64,320,377,57,True
30,72,320,413,93,True
37,60,320,377,57,True
50,61,320,377,57,True
59,65,320,371,51,True
61,68,320,371,51,True
69,59,320,371,51,True
71,55,320,373,53,True
78,69,320,377,57,True
0,62,321,377,56,True
6,70,321,377,56,True
9,64,321,446,125,True
16,74,321,386,65,True
21,63,321,398,77,True
23,61,321,398,77,True
28,65,321,377,56,True
34,62,321,386,65,True
40,77,321,402,81,True
41,59,321,456,135,True
49,68,321,402,81,True
50,62,321,377,56,True
51,64,321,371,50,True
57,65,321,371,50,True
60,54,321,377,56,True
63,70,321,371,50,True
78,70,321,377,56,True
0,63,322,386,64,True
6,71,322,446,124,True
13,77,322,398,76,True
17,57,322,398,76,True
19,66,322,377,55,True
23,62,322,398,76,True
28,66,322,377,55,True
30,73,322,413,91,True
32,70,322,398,76,True
34,63,322,386,64,True
36,63,322,377,55,True
41,60,322,456,134,True
42,68,322,456,134,True
46,52,322,377,55,True
49,69,322,402,80,True
51,65,322,371,49,True
52,71,322,371,49,True
53,70,322,371,49,True
55,59,322,377,55,True
56,70,322,377,55,True
60,55,322,377,55,True
63,71,322,371,49,True
65,65,322,371,49,True
70,82,322,371,49,True
74,58,322,402,80,True
5,46,323,377,54,True
6,72,323,446,123,True
18,67,323,377,54,True
21,64,323,398,75,True
24,75,323,446,123,True
27,59,323,386,63,True
33,62,323,386,63,True
37,61,323,377,54,True
56,71,323,377,54,True
61,69,323,371,48,True
64,64,323,377,54,True
78,71,323,377,54,True
4,62,324,386,62,True
7,57,324,377,53,True
12,72,324,386,62,True
18,68,324,377,53,True
27,60,324,386,62,True
29,68,324,386,62,True
33,63,324,386,62,True
41,61,324,456,132,True
43,53,324,418,94,True
44,72,324,377,53,True
48,63,324,377,53,True
59,66,324,371,47,True
64,65,324,377,53,True
68,63,324,456,132,True
0,64,325,386,61,True
17,58,325,398,73,True
19,67,325,377,52,True
22,65,325,386,61,True
23,63,325,398,73,True
25,78,325,386,61,True
28,67,325,377,52,True
31,55,325,386,61,True
44,73,325,377,52,True
45,63,325,371,46,True
52,72,325,371,46,True
54,68,325,371,46,True
55,60,325,377,52,True
58,78,325,402,77,True
62,58,325,371,46,True
66,63,325,377,52,True
77,58,325,373,48,True
14,59,326,402,76,True
18,69,326,413,87,True
33,64,326,386,60,True
38,61,326,386,60,True
41,62,326,456,130,True
46,53,326,377,51,True
50,63,326,377,51,True
54,69,326,371,45,True
55,61,326,377,51,True
68,64,326,456,130,True
75,56,326,377,51,True
76,66,326,377,51,True
77,59,326,373,47,True
7,58,327,413,86,True
8,60,327,386,59,True
11,58,327,413,86,True
17,59,327,398,71,True
21,65,327,398,71,True
22,66,327,386,59,True
37,62,327,377,50,True
38,62,327,386,59,True
40,78,327,402,75,True
62,59,327,371,44,True
72,56,327,377,50,True
3,53,328,386,58,True
8,61,328,386,58,True
22,67,328,386,58,True
30,74,328,413,85,True
37,63,328,377,49,True
48,64,328,377,49,True
50,64,328,377,49,True
61,70,328,371,43,True
63,72,328,371,43,True
65,66,328,402,74,True
70,83,328,402,74,True
74,59,328,402,74,True
77,60,328,373,45,True
5,47,329,386,57,True
7,59,329,413,84,True
19,68,329,386,57,True
21,66,329,398,69,True
34,64,329,386,57,True
41,63,329,456,127,True
45,64,329,371,42,True
50,65,329,377,48,True
55,62,329,377,48,True
70,84,329,402,73,True
76,67,329,377,48,True
0,65,330,386,56,True
8,62,330,386,56,True
9,65,330,446,116,True
21,67,330,398,68,True
25,79,330,386,56,True
26,72,330,386,56,True
32,71,330,398,68,True
35,64,330,446,116,True
40,79,330,402,72,True
42,69,330,456,126,True
44,74,330,377,47,True
54,70,330,371,41,True
55,63,330,377,47,True
58,79,330,402,72,True
60,56,330,402,72,True
63,73,330,371,41,True
66,64,330,377,47,True
67,67,330,373,43,True
69,60,330,377,47,True
76,68,330,377,47,True
0,66,331,386,55,True
1,69,331,386,55,True
28,68,331,386,55,True
39,71,331,413,82,True
41,64,331,456,125,True
48,65,331,377,46,True
51,66,331,386,55,True
53,71,331,377,46,True
59,67,331,371,40,True
63,74,331,371,40,True
70,85,331,402,71,True
78,72,331,377,46,True
79,70,331,371,40,True
1,70,332,386,54,True
11,59,332,413,81,True
12,73,332,386,54,True
13,78,332,398,66,True
17,60,332,398,66,True
18,70,332,446,114,True
31,56,332,386,54,True
41,65,332,456,124,True
51,67,332,386,54,True
59,68,332,418,86,True
71,56,332,373,41,True
72,57,332,377,45,True
77,61,332,456,124,True
78,73,332,377,45,True
7,60,333,413,80,True
14,60,333,402,69,True
17,61,333,398,65,True
29,69,333,402,69,True
31,57,333,386,53,True
45,65,333,377,44,True
58,80,333,402,69,True
60,57,333,402,69,True
64,66,333,377,44,True
72,58,333,377,44,True
78,74,333,377,44,True
0,67,334,386,52,True
6,73,334,446,112,True
9,66,334,446,112,True
31,58,334,386,52,True
52,73,334,402,68,True
58,81,334,402,68,True
59,69,334,418,84,True
66,65,334,377,43,True
76,69,334,377,43,True
2,62,335,386,51,True
3,54,335,386,51,True
4,63,335,386,51,True
5,48,335,386,51,True
6,74,335,446,111,True
18,71,335,446,111,True
25,80,335,386,51,True
30,75,335,413,78,True
34,65,335,413,78,True
46,54,335,402,67,True
51,68,335,386,51,True
59,70,335,418,83,True
60,58,335,402,67,True
62,60,335,456,121,True
66,66,335,377,42,True
71,57,335,373,38,True
76,70,335,377,42,True
79,71,335,456,121,True
4,64,336,386,50,True
7,61,336,413,77,True
8,63,336,386,50,True
23,64,336,398,62,True
25,81,336,386,50,True
29,70,336,402,66,True
47,60,336,377,41,True
49,70,336,402,66,True
51,69,336,386,50,True
61,71,336,377,41,True
65,67,336,402,66,True
73,66,336,456,120,True
77,62,336,456,120,True
4,65,337,386,49,True
7,62,337,413,76,True
17,62,337,398,61,True
20,58,337,386,49,True
21,68,337,398,61,True
34,66,337,413,76,True
35,65,337,481,144,True
38,63,337,386,49,True
39,72,337,413,76,True
46,55,337,402,65,True
47,61,337,377,40,True
48,66,337,377,40,True
49,71,337,402,65,True
60,59,337,402,65,True
5,49,338,386,48,True
22,68,338,386,48,True
26,73,338,386,48,True
27,61,338,386,48,True
32,72,338,398,60,True
39,73,338,413,75,True
49,72,338,402,64,True
62,61,338,456,118,True
63,75,338,456,118,True
67,68,338,456,118,True
72,59,338,377,39,True
73,67,338,456,118,True
74,60,338,402,64,True
4,66,339,386,47,True
7,63,339,413,74,True
10,79,339,386,47,True
11,60,339,413,74,True
12,74,339,386,47,True
13,79,339,398,59,True
18,72,339,446,107,True
23,65,339,398,59,True
27,62,339,386,47,True
42,70,339,456,117,True
44,75,339,402,63,True
45,66,339,377,38,True
46,56,339,402,63,True
47,62,339,377,38,True
49,73,339,402,63,True
57,66,339,456,117,True
60,60,339,402,63,True
65,68,339,402,63,True
72,60,339,377,38,True
22,69,340,413,73,True
24,76,340,446,106,True
26,74,340,386,46,True
32,73,340,398,58,True
34,67,340,413,73,True
45,67,340,377,37,True
50,66,340,402,62,True
51,70,340,386,46,True
52,74,340,402,62,True
63,76,340,456,116,True
69,61,340,386,46,True
2,63,341,386,45,True
4,67,341,386,45,True
6,75,341,446,105,True
9,67,341,481,140,True
12,75,341,386,45,True
22,70,341,413,72,True
25,82,341,413,72,True
27,63,341,386,45,True
30,76,341,413,72,True
32,74,341,398,57,True
36,64,341,386,45,True
45,68,341,377,36,True
47,63,341,377,36,True
63,77,341,456,115,True
64,67,341,402,61,True
67,69,341,456,115,True
70,86,341,402,61,True
71,58,341,377,36,True
72,61,341,377,36,True
75,57,341,377,36,True
78,75,341,377,36,True
18,73,342,446,104,True
22,71,342,413,71,True
26,75,342,413,71,True
41,66,342,456,114,True
46,57,342,402,60,True
52,75,342,402,60,True
53,72,342,402,60,True
60,61,342,402,60,True
61,72,342,377,35,True
63,78,342,456,114,True
65,69,342,402,60,True
68,65,342,456,114,True
74,61,342,402,60,True
0,68,343,386,43,True
4,68,343,386,43,True
5,50,343,413,70,True
13,80,343,398,55,True
19,69,343,386,43,True
21,69,343,398,55,True
22,72,343,413,70,True
23,66,343,398,55,True
25,83,343,413,70,True
26,76,343,413,70,True
35,66,343,481,138,True
36,65,343,386,43,True
51,71,343,386,43,True
53,73,343,402,59,True
58,82,343,418,75,True
71,59,343,377,34,True
73,68,343,456,113,True
74,62,343,402,59,True
4,69,344,413,69,True
6,76,344,446,102,True
12,76,344,386,42,True
16,75,344,413,69,True
18,74,344,446,102,True
22,73,344,413,69,True
23,67,344,413,69,True
25,84,344,413,69,True
43,54,344,418,74,True
44,76,344,402,58,True
51,72,344,386,42,True
52,76,344,402,58,True
65,70,344,402,58,True
70,87,344,402,58,True
11,61,345,413,68,True
21,70,345,398,53,True
23,68,345,413,68,True
27,64,345,386,41,True
32,75,345,398,53,True
33,65,345,413,68,True
39,74,345,413,68,True
40,80,345,402,57,True
41,67,345,456,111,True
43,55,345,418,73,True
44,77,345,402,57,True
49,74,345,418,73,True
59,71,345,418,73,True
62,62,345,472,127,True
65,71,345,402,57,True
67,70,345,456,111,True
70,88,345,402,57,True
72,62,345,402,57,True
75,58,345,377,32,True
76,71,345,377,32,True
17,63,346,398,52,True
22,74,346,413,67,True
29,71,346,402,56,True
33,66,346,413,67,True
36,66,346,386,40,True
37,64,346,386,40,True
39,75,346,413,67,True
41,68,346,456,110,True
54,71,346,456,110,True
59,72,346,418,72,True
64,68,346,402,56,True
75,59,346,377,31,True
78,76,346,402,56,True
13,81,347,413,66,True
15,56,347,386,39,True
19,70,347,386,39,True
24,77,347,446,99,True
31,59,347,481,134,True
38,64,347,386,39,True
41,69,347,456,109,True
43,56,347,418,71,True
47,64,347,386,39,True
50,67,347,402,55,True
60,62,347,402,55,True
78,77,347,402,55,True
10,80,348,398,50,True
28,69,348,386,38,True
34,68,348,413,65,True
40,81,348,402,54,True
52,77,348,402,54,True
53,74,348,402,54,True
57,67,348,456,108,True
71,60,348,402,54,True
76,72,348,377,29,True
78,78,348,402,54,True
4,70,349,413,64,True
7,64,349,413,64,True
10,81,349,398,49,True
19,71,349,386,37,True
24,78,349,446,97,True
29,72,349,402,53,True
33,67,349,413,64,True
48,67,349,402,53,True
58,83,349,418,69,True
59,73,349,418,69,True
72,63,349,402,53,True
75,60,349,377,28,True
78,79,349,402,53,True
0,69,350,402,52,True
7,65,350,413,63,True
11,62,350,413,63,True
16,76,350,413,63,True
17,64,350,398,48,True
18,75,350,446,96,True
24,79,350,446,96,True
46,58,350,402,52,True
48,68,350,402,52,True
53,75,350,402,52,True
55,64,350,386,36,True
56,72,350,418,68,True
58,84,350,418,68,True
60,63,350,418,68,True
62,63,350,472,122,True
64,69,350,402,52,True
70,89,350,402,52,True
72,64,350,402,52,True
74,63,350,418,68,True
3,55,351,413,62,True
18,76,351,446,95,True
20,59,351,402,51,True
23,69,351,413,62,True
33,68,351,481,130,True
34,69,351,413,62,True
37,65,351,398,47,True
39,76,351,413,62,True
42,71,351,456,105,True
48,69,351,402,51,True
51,73,351,413,62,True
56,73,351,418,67,True
58,85,351,418,67,True
66,67,351,402,51,True
71,61,351,402,51,True
76,73,351,402,51,True
79,72,351,456,105,True
1,71,352,413,61,True
8,64,352,386,34,True
10,82,352,398,46,True
17,65,352,398,46,True
20,60,352,402,50,True
32,76,352,413,61,True
33,69,352,481,129,True
37,66,352,398,46,True
51,74,352,413,61,True
57,68,352,456,104,True
58,86,352,418,66,True
61,73,352,377,25,True
62,64,352,472,120,True
73,69,352,456,104,True
77,63,352,456,104,True
9,68,353,481,128,True
11,63,353,413,60,True
16,77,353,481,128,True
26,77,353,413,60,True
29,73,353,402,49,True
32,77,353,413,60,True
35,67,353,481,128,True
44,78,353,402,49,True
45,69,353,402,49,True
55,65,353,386,33,True
57,69,353,456,103,True
59,74,353,418,65,True
70,90,353,402,49,True
78,80,353,402,49,True
2,64,354,413,59,True
3,56,354,413,59,True
9,69,354,481,127,True
12,77,354,386,32,True
13,82,354,413,59,True
15,57,354,386,32,True
19,72,354,386,32,True
21,71,354,446,92,True
22,75,354,413,59,True
27,65,354,386,32,True
38,65,354,413,59,True
39,77,354,413,59,True
41,70,354,456,102,True
46,59,354,418,64,True
48,70,354,402,48,True
58,87,354,418,64,True
66,68,354,402,48,True
70,91,354,402,48,True
2,65,355,413,58,True
7,66,355,446,91,True
9,70,355,481,126,True
12,78,355,386,31,True
14,61,355,402,47,True
22,76,355,413,58,True
23,70,355,413,58,True
25,85,355,413,58,True
30,77,355,446,91,True
31,60,355,481,126,True
35,68,355,481,126,True
36,67,355,402,47,True
42,72,355,456,101,True
43,57,355,418,63,True
48,71,355,402,47,True
59,75,355,418,63,True
60,64,355,418,63,True
62,65,355,472,117,True
75,61,355,413,58,True
78,81,355,402,47,True
79,73,355,456,101,True
13,83,356,413,57,True
21,72,356,446,90,True
25,86,356,413,57,True
27,66,356,413,57,True
28,70,356,413,57,True
32,78,356,413,57,True
33,70,356,481,125,True
41,71,356,456,100,True
54,72,356,456,100,True
57,70,356,456,100,True
64,70,356,418,62,True
65,72,356,402,46,True
66,69,356,402,46,True
71,62,356,402,46,True
72,65,356,402,46,True
79,74,356,456,100,True
2,66,357,413,56,True
3,57,357,413,56,True
5,51,357,413,56,True
10,83,357,398,41,True
14,62,357,402,45,True
22,77,357,413,56,True
28,71,357,413,56,True
37,67,357,413,56,True
43,58,357,418,61,True
48,72,357,402,45,True
51,75,357,413,56,True
66,70,357,402,45,True
69,62,357,413,56,True
70,92,357,413,56,True
75,62,357,413,56,True
0,70,358,413,55,True
4,71,358,413,55,True
12,79,358,413,55,True
14,63,358,402,44,True
17,66,358,413,55,True
18,77,358,446,88,True
27,67,358,413,55,True
31,61,358,481,123,True
32,79,358,413,55,True
36,68,358,402,44,True
37,68,358,413,55,True
38,66,358,413,55,True
51,76,358,413,55,True
57,71,358,456,98,True
60,65,358,418,60,True
66,71,358,402,44,True
70,93,358,413,55,True
72,66,358,402,44,True
78,82,358,402,44,True
79,75,358,456,98,True
0,71,359,413,54,True
1,72,359,413,54,True
3,58,359,413,54,True
4,72,359,413,54,True
6,77,359,446,87,True
11,64,359,413,54,True
18,78,359,446,87,True
25,87,359,413,54,True
26,78,359,413,54,True
33,71,359,481,122,True
34,70,359,413,54,True
36,69,359,413,54,True
39,78,359,413,54,True
40,82,359,418,59,True
41,72,359,456,97,True
42,73,359,456,97,True
49,75,359,418,59,True
50,68,359,418,59,True
52,78,359,418,59,True
56,74,359,418,59,True
65,73,359,402,43,True
69,63,359,413,54,True
74,64,359,456,97,True
75,63,359,413,54,True
4,73,360,413,53,True
7,67,360,446,86,True
14,64,360,402,42,True
15,58,360,402,42,True
21,73,360,446,86,True
33,72,360,481,121,True
43,59,360,418,58,True
50,69,360,418,58,True
53,76,360,402,42,True
55,66,360,413,53,True
60,66,360,418,58,True
61,74,360,402,42,True
67,71,360,456,96,True
73,70,360,472,112,True
75,64,360,413,53,True
79,76,360,456,96,True
14,65,361,402,41,True
17,67,361,413,52,True
19,73,361,413,52,True
21,74,361,446,85,True
26,79,361,413,52,True
36,70,361,413,52,True
37,69,361,413,52,True
42,74,361,456,95,True
53,77,361,402,41,True
60,67,361,418,57,True
63,79,361,456,95,True
65,74,361,402,41,True
66,72,361,413,52,True
67,72,361,456,95,True
72,67,361,402,41,True
74,65,361,456,95,True
2,67,362,413,51,True
11,65,362,413,51,True
20,61,362,413,51,True
26,80,362,413,51,True
27,68,362,413,51,True
29,74,362,481,119,True
42,75,362,456,94,True
48,73,362,418,56,True
58,88,362,418,56,True
61,75,362,402,40,True
67,73,362,456,94,True
69,64,362,456,94,True
72,68,362,402,40,True
76,74,362,402,40,True
20,62,363,413,50,True
27,69,363,413,50,True
28,72,363,413,50,True
30,78,363,446,83,True
32,80,363,413,50,True
37,70,363,413,50,True
50,70,363,418,55,True
51,77,363,413,50,True
52,79,363,418,55,True
77,64,363,456,93,True
2,68,364,413,49,True
8,65,364,446,82,True
10,84,364,413,49,True
16,78,364,481,117,True
19,74,364,413,49,True
26,81,364,413,49,True
28,73,364,413,49,True
43,60,364,472,108,True
46,60,364,418,54,True
48,74,364,418,54,True
52,80,364,418,54,True
55,67,364,413,49,True
64,71,364,418,54,True
76,75,364,456,92,True
4,74,365,413,48,True
10,85,365,413,48,True
16,79,365,481,116,True
17,68,365,413,48,True
20,63,365,413,48,True
25,88,365,413,48,True
31,62,365,481,116,True
49,76,365,418,53,True
54,73,365,456,91,True
57,72,365,456,91,True
62,66,365,472,107,True
72,69,365,402,37,True
74,66,365,456,91,True
75,65,365,413,48,True
79,77,365,456,91,True
5,52,366,446,80,True
7,68,366,446,80,True
8,66,366,446,80,True
11,66,366,413,47,True
14,66,366,413,47,True
15,59,366,446,80,True
20,64,366,413,47,True
21,75,366,446,80,True
23,71,366,446,80,True
24,80,366,446,80,True
30,79,366,446,80,True
33,73,366,481,115,True
43,61,366,472,106,True
46,61,366,418,52,True
47,65,366,413,47,True
57,73,366,456,90,True
62,67,366,472,106,True
66,73,366,418,52,True
74,67,366,456,90,True
78,83,366,418,52,True
1,73,367,413,46,True
17,69,367,413,46,True
27,70,367,413,46,True
30,80,367,446,79,True
36,71,367,413,46,True
40,83,367,418,51,True
41,73,367,472,105,True
45,70,367,402,35,True
46,62,367,418,51,True
58,89,367,418,51,True
64,72,367,418,51,True
66,74,367,418,51,True
1,74,368,413,45,True
13,84,368,413,45,True
21,76,368,446,78,True
34,71,368,446,78,True
37,71,368,446,78,True
40,84,368,418,50,True
46,63,368,418,50,True
47,66,368,413,45,True
57,74,368,456,88,True
60,68,368,418,50,True
75,66,368,413,45,True
76,76,368,456,88,True
79,78,368,456,88,True
6,78,369,446,77,True
7,69,369,446,77,True
20,65,369,413,44,True
21,77,369,446,77,True
22,78,369,481,112,True
28,74,369,413,44,True
45,71,369,402,33,True
49,77,369,480,111,True
51,78,369,413,44,True
52,81,369,418,49,True
56,75,369,418,49,True
59,76,369,418,49,True
60,69,369,418,49,True
62,68,369,472,103,True
63,80,369,456,87,True
67,74,369,472,103,True
68,66,369,472,103,True
2,69,370,446,76,True
5,53,370,446,76,True
10,86,370,413,43,True
17,70,370,413,43,True
20,66,370,413,43,True
22,79,370,481,111,True
27,71,370,413,43,True
28,75,370,413,43,True
43,62,370,472,102,True
44,79,370,418,48,True
47,67,370,413,43,True
60,70,370,418,48,True
65,75,370,418,48,True
69,65,370,456,86,True
11,67,371,481,110,True
12,80,371,413,42,True
15,60,371,446,75,True
22,80,371,481,110,True
25,89,371,413,42,True
32,81,371,413,42,True
42,76,371,456,85,True
53,78,371,402,31,True
54,74,371,472,101,True
57,75,371,456,85,True
60,71,371,418,47,True
62,69,371,472,101,True
63,81,371,456,85,True
73,71,371,472,101,True
75,67,371,418,47,True
76,77,371,456,85,True
78,84,371,418,47,True
4,75,372,413,41,True
6,79,372,554,182,True
7,70,372,446,74,True
11,68,372,481,109,True
12,81,372,413,41,True
14,67,372,413,41,True
18,79,372,446,74,True
19,75,372,446,74,True
22,81,372,481,109,True
27,72,372,413,41,True
36,72,372,413,41,True
40,85,372,418,46,True
41,74,372,500,128,True
48,75,372,418,46,True
55,68,372,413,41,True
61,76,372,402,30,True
73,72,372,472,100,True
76,78,372,456,84,True
5,54,373,446,73,True
13,85,373,446,73,True
26,82,373,413,40,True
32,82,373,413,40,True
39,79,373,446,73,True
42,77,373,456,83,True
43,63,373,472,99,True
46,64,373,418,45,True
47,68,373,413,40,True
50,71,373,418,45,True
51,79,373,413,40,True
62,70,373,472,99,True
75,68,373,418,45,True
79,79,373,456,83,True
6,80,374,554,180,True
12,82,374,413,39,True
15,61,374,446,72,True
17,71,374,413,39,True
25,90,374,446,72,True
43,64,374,472,98,True
46,65,374,418,44,True
47,69,374,418,44,True
51,80,374,413,39,True
52,82,374,418,44,True
54,75,374,472,98,True
57,76,374,480,106,True
65,76,374,418,44,True
67,75,374,472,98,True
71,63,374,418,44,True
0,72,375,481,106,True
7,71,375,446,71,True
8,67,375,446,71,True
18,80,375,446,71,True
20,67,375,413,38,True
22,82,375,481,106,True
26,83,375,413,38,True
33,74,375,481,106,True
39,80,375,446,71,True
41,75,375,500,125,True
46,66,375,418,43,True
47,70,375,418,43,True
57,77,375,480,105,True
68,67,375,472,97,True
78,85,375,418,43,True
14,68,376,413,37,True
15,62,376,446,70,True
16,80,376,481,105,True
20,68,376,446,70,True
23,72,376,446,70,True
25,91,376,446,70,True
34,72,376,446,70,True
38,67,376,413,37,True
40,86,376,418,42,True
57,78,376,480,104,True
63,82,376,456,80,True
64,73,376,418,42,True
65,77,376,418,42,True
70,94,376,413,37,True
76,79,376,456,80,True
0,73,377,481,104,True
6,81,377,554,177,True
14,69,377,413,36,True
16,81,377,481,104,True
22,83,377,481,104,True
37,72,377,446,69,True
38,68,377,413,36,True
52,83,377,418,41,True
59,77,377,418,41,True
60,72,377,418,41,True
65,78,377,418,41,True
68,68,377,472,95,True
0,74,378,481,103,True
1,75,378,446,68,True
5,55,378,446,68,True
20,69,378,446,68,True
21,78,378,446,68,True
23,73,378,446,68,True
27,73,378,413,35,True
43,65,378,472,94,True
46,67,378,418,40,True
49,78,378,480,102,True
54,76,378,472,94,True
59,78,378,418,40,True
61,77,378,456,78,True
65,79,378,418,40,True
73,73,378,472,94,True
79,80,378,456,78,True
1,76,379,446,67,True
7,72,379,446,67,True
10,87,379,425,46,True
17,72,379,481,102,True
20,70,379,446,67,True
24,81,379,481,102,True
31,63,379,481,102,True
36,73,379,446,67,True
45,72,379,456,77,True
49,79,379,480,101,True
50,72,379,418,39,True
55,69,379,425,46,True
61,78,379,456,77,True
64,74,379,472,93,True
75,69,379,418,39,True
1,77,380,446,66,True
3,59,380,446,66,True
7,73,380,446,66,True
8,68,380,446,66,True
9,71,380,481,101,True
15,63,380,446,66,True
16,82,380,481,101,True
19,76,380,446,66,True
25,92,380,446,66,True
27,74,380,446,66,True
36,74,380,446,66,True
37,73,380,446,66,True
48,76,380,456,76,True
56,76,380,456,76,True
62,71,380,472,92,True
65,80,380,418,38,True
67,76,380,472,92,True
68,69,380,472,92,True
4,76,381,481,100,True
10,88,381,425,44,True
11,69,381,481,100,True
15,64,381,446,65,True
19,77,381,446,65,True
27,75,381,446,65,True
33,75,381,481,100,True
40,87,381,418,37,True
41,76,381,500,119,True
48,77,381,456,75,True
49,80,381,480,99,True
51,81,381,456,75,True
57,79,381,480,99,True
65,81,381,418,37,True
68,70,381,472,91,True
77,65,381,456,75,True
6,82,382,554,172,True
15,65,382,446,64,True
16,83,382,481,99,True
20,71,382,446,64,True
27,76,382,446,64,True
28,76,382,413,31,True
37,74,382,446,64,True
44,80,382,418,36,True
48,78,382,456,74,True
52,84,382,456,74,True
54,77,382,472,90,True
65,82,382,418,36,True
4,77,383,481,98,True
6,83,383,554,171,True
8,69,383,446,63,True
9,72,383,481,98,True
13,86,383,446,63,True
17,73,383,481,98,True
21,79,383,446,63,True
26,84,383,446,63,True
33,76,383,481,98,True
43,66,383,472,89,True
47,71,383,456,73,True
50,73,383,456,73,True
51,82,383,456,73,True
53,79,383,418,35,True
58,90,383,456,73,True
65,83,383,456,73,True
67,77,383,472,89,True
69,66,383,456,73,True
72,70,383,418,35,True
75,70,383,418,35,True
78,86,383,456,73,True
1,78,384,446,62,True
10,89,384,425,41,True
13,87,384,446,62,True
14,70,384,413,29,True
15,66,384,446,62,True
21,80,384,446,62,True
24,82,384,481,97,True
27,77,384,446,62,True
39,81,384,481,97,True
40,88,384,418,34,True
41,77,384,500,116,True
50,74,384,456,72,True
53,80,384,418,34,True
54,78,384,472,88,True
56,77,384,456,72,True
58,91,384,456,72,True
63,83,384,472,88,True
68,71,384,472,88,True
75,71,384,418,34,True
76,80,384,456,72,True
78,87,384,456,72,True
79,81,384,472,88,True
9,73,385,481,96,True
17,74,385,481,96,True
22,84,385,481,96,True
23,74,385,446,61,True
24,83,385,481,96,True
27,78,385,446,61,True
29,75,385,481,96,True
32,83,385,446,61,True
36,75,385,446,61,True
39,82,385,481,96,True
40,89,385,472,87,True
53,81,385,418,33,True
57,80,385,480,95,True
64,75,385,472,87,True
70,95,385,456,71,True
76,81,385,456,71,True
2,70,386,481,95,True
10,90,386,425,39,True
17,75,386,481,95,True
21,81,386,446,60,True
25,93,386,446,60,True
43,67,386,472,86,True
44,81,386,456,70,True
45,73,386,456,70,True
49,81,386,480,94,True
50,75,386,456,70,True
53,82,386,418,32,True
57,81,386,480,94,True
59,79,386,456,70,True
60,73,386,456,70,True
69,67,386,456,70,True
73,74,386,508,122,True
76,82,386,456,70,True
78,88,386,456,70,True
9,74,387,481,94,True
10,91,387,425,38,True
21,82,387,446,59,True
24,84,387,481,94,True
26,85,387,446,59,True
27,79,387,446,59,True
30,81,387,481,94,True
39,83,387,481,94,True
44,82,387,456,69,True
48,79,387,472,85,True
49,82,387,480,93,True
59,80,387,456,69,True
62,72,387,472,85,True
72,71,387,418,31,True
73,75,387,508,121,True
75,72,387,418,31,True
79,82,387,472,85,True
5,56,388,446,58,True
8,70,388,446,58,True
11,70,388,481,93,True
13,88,388,481,93,True
28,77,388,446,58,True
38,69,388,481,93,True
42,78,388,472,84,True
59,81,388,456,68,True
60,74,388,456,68,True
63,84,388,472,84,True
64,76,388,472,84,True
69,68,388,456,68,True
70,96,388,456,68,True
0,75,389,481,92,True
12,83,389,446,57,True
13,89,389,481,92,True
15,67,389,446,57,True
17,76,389,481,92,True
21,83,389,446,57,True
31,64,389,481,92,True
33,77,389,481,92,True
40,90,389,472,83,True
45,74,389,456,67,True
47,72,389,456,67,True
55,70,389,425,36,True
57,82,389,480,91,True
74,68,389,456,67,True
26,86,390,446,56,True
29,76,390,481,91,True
46,68,390,456,66,True
48,80,390,472,82,True
58,92,390,456,66,True
68,72,390,500,110,True
69,69,390,456,66,True
75,73,390,456,66,True
0,76,391,481,90,True
1,79,391,446,55,True
5,57,391,446,55,True
11,71,391,481,90,True
12,84,391,446,55,True
13,90,391,481,90,True
18,81,391,481,90,True
23,75,391,446,55,True
27,80,391,446,55,True
28,78,391,446,55,True
35,69,391,493,102,True
36,76,391,446,55,True
39,84,391,481,90,True
52,85,391,456,65,True
54,79,391,472,81,True
58,93,391,456,65,True
4,78,392,481,89,True
7,74,392,481,89,True
15,68,392,446,54,True
17,77,392,481,89,True
18,82,392,481,89,True
23,76,392,446,54,True
30,82,392,481,89,True
34,73,392,481,89,True
35,70,392,493,101,True
40,91,392,472,80,True
44,83,392,472,80,True
48,81,392,472,80,True
60,75,392,456,64,True
63,85,392,472,80,True
64,77,392,472,80,True
71,64,392,456,64,True
0,77,393,481,88,True
4,79,393,481,88,True
17,78,393,481,88,True
20,72,393,481,88,True
25,94,393,481,88,True
28,79,393,446,53,True
33,78,393,481,88,True
36,77,393,446,53,True
41,78,393,500,107,True
43,68,393,472,79,True
47,73,393,456,63,True
50,76,393,456,63,True
55,71,393,425,32,True
70,97,393,456,63,True
72,72,393,481,88,True
73,76,393,508,115,True
1,80,394,446,52,True
18,83,394,481,87,True
22,85,394,481,87,True
28,80,394,446,52,True
38,70,394,481,87,True
47,74,394,456,62,True
59,82,394,456,62,True
61,79,394,456,62,True
62,73,394,472,78,True
63,86,394,472,78,True
69,70,394,456,62,True
74,69,394,456,62,True
78,89,394,456,62,True
14,71,395,481,86,True
19,78,395,481,86,True
20,73,395,481,86,True
33,79,395,481,86,True
37,75,395,446,51,True
43,69,395,472,77,True
45,75,395,456,61,True
48,82,395,472,77,True
60,76,395,472,77,True
66,75,395,456,61,True
72,73,395,481,86,True
73,77,395,508,113,True
75,74,395,456,61,True
14,72,396,481,85,True
24,85,396,481,85,True
30,83,396,481,85,True
34,74,396,481,85,True
51,83,396,456,60,True
54,80,396,500,104,True
59,83,396,480,84,True
60,77,396,472,76,True
61,80,396,456,60,True
63,87,396,472,76,True
67,78,396,472,76,True
71,65,396,456,60,True
74,70,396,472,76,True
4,80,397,481,84,True
14,73,397,481,84,True
18,84,397,481,84,True
24,86,397,481,84,True
29,77,397,481,84,True
34,75,397,481,84,True
39,85,397,481,84,True
40,92,397,472,75,True
46,69,397,472,75,True
56,78,397,472,75,True
57,83,397,480,83,True
60,78,397,472,75,True
62,74,397,472,75,True
63,88,397,472,75,True
69,71,397,456,59,True
77,66,397,472,75,True
10,92,398,456,58,True
13,91,398,481,83,True
14,74,398,481,83,True
16,84,398,481,83,True
17,79,398,481,83,True
20,74,398,481,83,True
22,86,398,481,83,True
24,87,398,481,83,True
37,76,398,446,48,True
41,79,398,500,102,True
44,84,398,472,74,True
48,83,398,472,74,True
49,83,398,480,82,True
50,77,398,500,102,True
54,81,398,500,102,True
56,79,398,472,74,True
58,94,398,472,74,True
64,78,398,472,74,True
65,84,398,456,58,True
70,98,398,456,58,True
72,74,398,481,83,True
75,75,398,456,58,True
79,83,398,480,82,True
4,81,399,481,82,True
5,58,399,493,94,True
7,75,399,481,82,True
17,80,399,481,82,True
38,71,399,481,82,True
43,70,399,472,73,True
45,76,399,456,57,True
50,78,399,500,101,True
63,89,399,472,73,True
64,79,399,472,73,True
68,73,399,500,101,True
69,72,399,456,57,True
72,75,399,481,82,True
74,71,399,472,73,True
79,84,399,480,81,True
0,78,400,481,81,True
8,71,400,481,81,True
13,92,400,481,81,True
14,75,400,481,81,True
17,81,400,481,81,True
22,87,400,481,81,True
26,87,400,446,46,True
27,81,400,481,81,True
35,71,400,493,93,True
40,93,400,472,72,True
41,80,400,500,100,True
48,84,400,472,72,True
52,86,400,480,80,True
53,83,400,472,72,True
54,82,400,500,100,True
64,80,400,472,72,True
66,76,400,456,56,True
70,99,400,472,72,True
2,71,401,481,80,True
14,76,401,481,80,True
22,88,401,493,92,True
23,77,401,481,80,True
26,88,401,493,92,True
30,84,401,481,80,True
32,84,401,454,53,True
33,80,401,493,92,True
35,72,401,493,92,True
36,78,401,481,80,True
44,85,401,472,71,True
47,75,401,456,55,True
49,84,401,480,79,True
51,84,401,484,83,True
59,84,401,480,79,True
65,85,401,456,55,True
75,76,401,456,55,True
7,76,402,481,79,True
22,89,402,493,91,True
25,95,402,481,79,True
26,89,402,493,91,True
38,72,402,493,91,True
48,85,402,472,70,True
50,79,402,500,98,True
52,87,402,480,78,True
62,75,402,480,78,True
70,100,402,472,70,True
72,76,402,481,79,True
73,78,402,508,106,True
75,77,402,456,54,True
77,67,402,472,70,True
2,72,403,481,78,True
12,85,403,493,90,True
25,96,403,481,78,True
29,78,403,493,90,True
31,65,403,481,78,True
32,85,403,454,51,True
39,86,403,481,78,True
40,94,403,472,69,True
44,86,403,472,69,True
48,86,403,472,69,True
49,85,403,480,77,True
67,79,403,472,69,True
76,83,403,472,69,True
1,81,404,481,77,True
2,73,404,481,77,True
7,77,404,481,77,True
8,72,404,481,77,True
10,93,404,456,52,True
12,86,404,493,89,True
14,77,404,481,77,True
15,69,404,481,77,True
32,86,404,481,77,True
33,81,404,493,89,True
36,79,404,481,77,True
39,87,404,481,77,True
48,87,404,472,68,True
51,85,404,484,80,True
55,72,404,456,52,True
61,81,404,456,52,True
63,90,404,472,68,True
65,86,404,480,76,True
70,101,404,472,68,True
71,66,404,508,104,True
7,78,405,481,76,True
9,75,405,493,88,True
28,81,405,481,76,True
29,79,405,493,88,True
40,95,405,472,67,True
46,70,405,472,67,True
67,80,405,480,75,True
79,85,405,480,75,True
1,82,406,481,75,True
3,60,406,481,75,True
16,85,406,481,75,True
19,79,406,481,75,True
25,97,406,481,75,True
30,85,406,481,75,True
32,87,406,481,75,True
34,76,406,481,75,True
37,77,406,493,87,True
38,73,406,493,87,True
43,71,406,508,102,True
52,88,406,480,74,True
57,84,406,480,74,True
60,79,406,480,74,True
70,102,406,472,66,True
74,72,406,508,102,True
6,84,407,554,147,True
10,94,407,481,74,True
14,78,407,481,74,True
16,86,407,481,74,True
18,85,407,481,74,True
36,80,407,481,74,True
44,87,407,472,65,True
45,77,407,472,65,True
47,76,407,472,65,True
58,95,407,508,101,True
72,77,407,481,74,True
1,83,408,481,73,True
4,82,408,493,85,True
8,73,408,481,73,True
18,86,408,493,85,True
22,90,408,493,85,True
30,86,408,481,73,True
31,66,408,481,73,True
34,77,408,493,85,True
35,73,408,493,85,True
37,78,408,493,85,True
40,96,408,472,64,True
42,79,408,500,92,True
44,88,408,472,64,True
47,77,408,472,64,True
52,89,408,480,72,True
53,84,408,472,64,True
54,83,408,500,92,True
55,73,408,456,48,True
71,67,408,508,100,True
72,78,408,481,73,True
74,73,408,508,100,True
0,79,409,481,72,True
1,84,409,481,72,True
5,59,409,493,84,True
8,74,409,481,72,True
17,82,409,481,72,True
21,84,409,481,72,True
22,91,409,493,84,True
37,79,409,493,84,True
38,74,409,493,84,True
47,78,409,472,63,True
49,86,409,480,71,True
56,80,409,480,71,True
57,85,409,480,71,True
58,96,409,508,99,True
60,80,409,480,71,True
63,91,409,472,63,True
69,73,409,472,63,True
71,68,409,508,99,True
76,84,409,472,63,True
78,90,409,472,63,True
3,61,410,493,83,True
17,83,410,481,71,True
18,87,410,493,83,True
22,92,410,493,83,True
35,74,410,493,83,True
39,88,410,481,71,True
48,88,410,472,62,True
49,87,410,480,70,True
66,77,410,480,70,True
77,68,410,480,70,True
0,80,411,481,70,True
7,79,411,481,70,True
10,95,411,481,70,True
13,93,411,481,70,True
15,70,411,481,70,True
18,88,411,493,82,True
25,98,411,481,70,True
27,82,411,493,82,True
28,82,411,493,82,True
54,84,411,500,89,True
61,82,411,480,69,True
62,76,411,480,69,True
63,92,411,472,61,True
66,78,411,480,69,True
72,79,411,481,70,True
74,74,411,508,97,True
79,86,411,500,89,True
2,74,412,493,81,True
6,85,412,554,142,True
12,87,412,493,81,True
20,75,412,481,69,True
28,83,412,493,81,True
30,87,412,554,142,True
31,67,412,493,81,True
33,82,412,493,81,True
39,89,412,481,69,True
42,80,412,500,88,True
51,86,412,484,72,True
60,81,412,480,68,True
71,69,412,508,96,True
73,79,412,508,96,True
74,75,412,508,96,True
78,91,412,472,60,True
79,87,412,500,88,True
6,86,413,554,141,True
23,78,413,481,68,True
30,88,413,554,141,True
31,68,413,493,80,True
32,88,413,481,68,True
36,81,413,493,80,True
41,81,413,500,87,True
42,81,413,500,87,True
45,78,413,480,67,True
46,71,413,480,67,True
51,87,413,484,71,True
55,74,413,481,68,True
57,86,413,525,112,True
58,97,413,508,95,True
76,85,413,472,59,True
5,60,414,493,79,True
11,72,414,493,79,True
16,87,414,493,79,True
20,76,414,481,67,True
25,99,414,481,67,True
28,84,414,493,79,True
31,69,414,493,79,True
33,83,414,493,79,True
42,82,414,500,86,True
51,88,414,484,70,True
55,75,414,481,67,True
59,85,414,480,66,True
67,81,414,480,66,True
73,80,414,508,94,True
3,62,415,493,78,True
6,87,415,554,139,True
14,79,415,481,66,True
26,90,415,493,78,True
28,85,415,493,78,True
32,89,415,481,66,True
34,78,415,493,78,True
39,90,415,481,66,True
42,83,415,500,85,True
43,72,415,508,93,True
46,72,415,480,65,True
49,88,415,508,93,True
67,82,415,480,65,True
73,81,415,508,93,True
74,76,415,508,93,True
3,63,416,493,77,True
4,83,416,493,77,True
5,61,416,493,77,True
14,80,416,481,65,True
26,91,416,493,77,True
34,79,416,493,77,True
38,75,416,493,77,True
43,73,416,508,92,True
44,89,416,480,64,True
52,90,416,480,64,True
64,81,416,508,92,True
65,87,416,480,64,True
68,74,416,508,92,True
76,86,416,472,56,True
8,75,417,481,64,True
12,88,417,493,76,True
13,94,417,481,64,True
16,88,417,493,76,True
19,80,417,493,76,True
23,79,417,481,64,True
25,100,417,493,76,True
31,70,417,493,76,True
39,91,417,493,76,True
40,97,417,508,91,True
42,84,417,500,83,True
44,90,417,480,63,True
66,79,417,480,63,True
67,83,417,480,63,True
69,74,417,500,83,True
79,88,417,500,83,True
3,64,418,493,75,True
6,88,418,554,136,True
13,95,418,481,63,True
21,85,418,481,63,True
28,86,418,493,75,True
30,89,418,554,136,True
31,71,418,493,75,True
32,90,418,481,63,True
41,82,418,508,90,True
43,74,418,508,90,True
47,79,418,472,54,True
49,89,418,508,90,True
52,91,418,480,62,True
70,103,418,481,63,True
72,80,418,481,63,True
74,77,418,508,90,True
75,78,418,472,54,True
77,69,418,480,62,True
79,89,418,500,82,True
1,85,419,493,74,True
3,65,419,493,74,True
8,76,419,481,62,True
14,81,419,481,62,True
15,71,419,493,74,True
20,77,419,493,74,True
28,87,419,493,74,True
29,80,419,493,74,True
38,76,419,493,74,True
43,75,419,508,89,True
45,79,419,480,61,True
47,80,419,472,53,True
49,90,419,508,89,True
50,80,419,508,89,True
51,89,419,484,65,True
71,70,419,508,89,True
72,81,419,481,62,True
74,78,419,508,89,True
0,81,420,493,73,True
3,66,420,493,73,True
4,84,420,493,73,True
11,73,420,493,73,True
14,82,420,481,61,True
17,84,420,481,61,True
24,88,420,493,73,True
27,83,420,493,73,True
39,92,420,493,73,True
45,80,420,480,60,True
61,83,420,480,60,True
66,80,420,480,60,True
69,75,420,500,80,True
75,79,420,472,52,True
78,92,420,472,52,True
2,75,421,493,72,True
6,89,421,554,133,True
7,80,421,493,72,True
12,89,421,493,72,True
23,80,421,481,60,True
25,101,421,493,72,True
26,92,421,493,72,True
34,80,421,493,72,True
36,82,421,493,72,True
37,80,421,493,72,True
40,98,421,508,87,True
42,85,421,500,79,True
47,81,421,472,51,True
48,89,421,500,79,True
52,92,421,480,59,True
53,85,421,481,60,True
54,85,421,508,87,True
55,76,421,481,60,True
56,81,421,548,127,True
57,87,421,525,104,True
61,84,421,480,59,True
66,81,421,480,59,True
69,76,421,500,79,True
71,71,421,508,87,True
79,90,421,500,79,True
0,82,422,493,71,True
8,77,422,493,71,True
11,74,422,493,71,True
12,90,422,493,71,True
13,96,422,493,71,True
21,86,422,481,59,True
25,102,422,493,71,True
29,81,422,493,71,True
41,83,422,508,86,True
43,76,422,508,86,True
46,73,422,508,86,True
48,90,422,500,78,True
51,90,422,484,62,True
59,86,422,480,58,True
60,82,422,508,86,True
62,77,422,500,78,True
66,82,422,480,58,True
70,104,422,481,59,True
76,87,422,480,58,True
3,67,423,493,70,True
7,81,423,493,70,True
10,96,423,481,58,True
13,97,423,493,70,True
27,84,423,493,70,True
33,84,423,493,70,True
56,82,423,548,125,True
76,88,423,480,57,True
2,76,424,493,69,True
11,75,424,493,69,True
16,89,424,493,69,True
17,85,424,481,57,True
18,89,424,493,69,True
19,81,424,493,69,True
20,78,424,493,69,True
22,93,424,493,69,True
26,93,424,493,69,True
27,85,424,493,69,True
29,82,424,493,69,True
32,91,424,481,57,True
44,91,424,500,76,True
48,91,424,500,76,True
60,83,424,508,84,True
61,85,424,480,56,True
62,78,424,500,76,True
67,84,424,500,76,True
78,93,424,508,84,True
3,68,425,493,68,True
9,76,425,554,129,True
13,98,425,493,68,True
14,83,425,493,68,True
17,86,425,481,56,True
18,90,425,493,68,True
28,88,425,493,68,True
31,72,425,493,68,True
32,92,425,493,68,True
42,86,425,500,75,True
46,74,425,508,83,True
48,92,425,500,75,True
57,88,425,525,100,True
59,87,425,500,75,True
65,88,425,500,75,True
66,83,425,500,75,True
70,105,425,481,56,True
2,77,426,493,67,True
7,82,426,493,67,True
12,91,426,493,67,True
18,91,426,493,67,True
24,89,426,493,67,True
25,103,426,493,67,True
31,73,426,493,67,True
36,83,426,493,67,True
37,81,426,493,67,True
39,93,426,493,67,True
40,99,426,508,82,True
41,84,426,508,82,True
42,87,426,500,74,True
44,92,426,500,74,True
49,91,426,508,82,True
51,91,426,484,58,True
52,93,426,500,74,True
55,77,426,481,55,True
61,86,426,480,54,True
63,93,426,508,82,True
64,82,426,508,82,True
65,89,426,500,74,True
68,75,426,508,82,True
69,77,426,500,74,True
75,80,426,481,55,True
77,70,426,500,74,True
5,62,427,511,84,True
11,76,427,493,66,True
13,99,427,493,66,True
20,79,427,493,66,True
28,89,427,493,66,True
29,83,427,493,66,True
35,75,427,493,66,True
38,77,427,493,66,True
39,94,427,493,66,True
45,81,427,480,53,True
46,75,427,508,81,True
48,93,427,500,73,True
49,92,427,508,81,True
52,94,427,500,73,True
53,86,427,481,54,True
58,98,427,508,81,True
60,84,427,508,81,True
61,87,427,480,53,True
75,81,427,481,54,True
3,69,428,493,65,True
8,78,428,493,65,True
18,92,428,493,65,True
19,82,428,493,65,True
20,80,428,493,65,True
29,84,428,493,65,True
37,82,428,493,65,True
43,77,428,508,80,True
44,93,428,500,72,True
49,93,428,508,80,True
51,92,428,484,56,True
52,95,428,500,72,True
59,88,428,500,72,True
66,84,428,500,72,True
72,82,428,481,53,True
78,94,428,508,80,True
79,91,428,500,72,True
10,97,429,481,52,True
11,77,429,493,64,True
21,87,429,481,52,True
25,104,429,554,125,True
29,85,429,493,64,True
33,85,429,493,64,True
48,94,429,500,71,True
49,94,429,508,79,True
52,96,429,500,71,True
54,86,429,508,79,True
57,89,429,525,96,True
58,99,429,508,79,True
59,89,429,500,71,True
66,85,429,500,71,True
70,106,429,481,52,True
71,72,429,508,79,True
72,83,429,481,52,True
79,92,429,500,71,True
13,100,430,493,63,True
14,84,430,493,63,True
19,83,430,493,63,True
36,84,430,493,63,True
45,82,430,508,78,True
46,76,430,508,78,True
50,81,430,508,78,True
54,87,430,508,78,True
55,78,430,481,51,True
66,86,430,500,70,True
67,85,430,500,70,True
72,84,430,481,51,True
77,71,430,500,70,True
7,83,431,493,62,True
14,85,431,493,62,True
20,81,431,493,62,True
29,86,431,554,123,True
31,74,431,493,62,True
33,86,431,493,62,True
39,95,431,493,62,True
42,88,431,500,69,True
43,78,431,508,77,True
45,83,431,508,77,True
50,82,431,508,77,True
53,87,431,481,50,True
57,90,431,525,94,True
69,78,431,500,69,True
72,85,431,481,50,True
75,82,431,481,50,True
0,83,432,493,61,True
3,70,432,493,61,True
9,77,432,554,122,True
19,84,432,493,61,True
23,81,432,493,61,True
25,105,432,554,122,True
33,87,432,493,61,True
37,83,432,493,61,True
41,85,432,508,76,True
51,93,432,484,52,True
58,100,432,508,76,True
63,94,432,508,76,True
65,90,432,500,68,True
71,73,432,508,76,True
75,83,432,481,49,True
76,89,432,508,76,True
1,86,433,493,60,True
12,92,433,493,60,True
24,90,433,493,60,True
29,87,433,554,121,True
31,75,433,493,60,True
34,81,433,554,121,True
35,76,433,493,60,True
37,84,433,493,60,True
50,83,433,508,75,True
60,85,433,508,75,True
66,87,433,500,67,True
67,86,433,525,92,True
70,107,433,500,67,True
2,78,434,493,59,True
6,90,434,554,120,True
11,78,434,493,59,True
14,86,434,493,59,True
20,82,434,500,66,True
21,88,434,493,59,True
44,94,434,500,66,True
47,82,434,500,66,True
48,95,434,508,74,True
60,86,434,508,74,True
61,88,434,500,66,True
65,91,434,500,66,True
70,108,434,500,66,True
71,74,434,508,74,True
75,84,434,481,47,True
76,90,434,508,74,True
5,63,435,511,76,True
12,93,435,493,58,True
23,82,435,493,58,True
28,90,435,493,58,True
32,93,435,493,58,True
33,88,435,554,119,True
36,85,435,493,58,True
41,86,435,508,73,True
44,95,435,500,65,True
46,77,435,508,73,True
47,83,435,500,65,True
65,92,435,500,65,True
66,88,435,508,73,True
67,87,435,525,90,True
68,76,435,508,73,True
75,85,435,481,46,True
4,85,436,493,57,True
8,79,436,493,57,True
10,98,436,493,57,True
14,87,436,493,57,True
17,87,436,493,57,True
18,93,436,493,57,True
20,83,436,500,64,True
27,86,436,493,57,True
38,78,436,493,57,True
40,100,436,508,72,True
42,89,436,525,89,True
48,96,436,508,72,True
52,97,436,500,64,True
57,91,436,525,89,True
58,101,436,508,72,True
59,90,436,500,64,True
66,89,436,508,72,True
79,93,436,525,89,True
8,80,437,493,56,True
12,94,437,493,56,True
13,101,437,493,56,True
26,94,437,493,56,True
36,86,437,493,56,True
39,96,437,493,56,True
45,84,437,508,71,True
46,78,437,508,71,True
47,84,437,500,63,True
52,98,437,500,63,True
54,88,437,508,71,True
60,87,437,508,71,True
64,83,437,508,71,True
69,79,437,500,63,True
78,95,437,508,71,True
79,94,437,525,88,True
2,79,438,493,55,True
5,64,438,511,73,True
7,84,438,493,55,True
8,81,438,493,55,True
26,95,438,493,55,True
27,87,438,493,55,True
30,90,438,554,116,True
33,89,438,554,116,True
34,82,438,554,116,True
39,97,438,493,55,True
48,97,438,508,70,True
49,95,438,508,70,True
51,94,438,484,46,True
53,88,438,508,70,True
55,79,438,500,62,True
56,83,438,548,110,True
57,92,438,525,87,True
73,82,438,508,70,True
78,96,438,508,70,True
4,86,439,493,54,True
5,65,439,511,72,True
8,82,439,493,54,True
13,102,439,493,54,True
17,88,439,493,54,True
19,85,439,500,61,True
26,96,439,493,54,True
28,91,439,493,54,True
42,90,439,525,86,True
43,79,439,508,69,True
49,96,439,508,69,True
50,84,439,508,69,True
55,80,439,500,61,True
58,102,439,508,69,True
63,95,439,508,69,True
64,84,439,508,69,True
74,79,439,548,109,True
4,87,440,554,114,True
6,91,440,554,114,True
15,72,440,554,114,True
18,94,440,511,71,True
22,94,440,493,53,True
25,106,440,554,114,True
31,76,440,554,114,True
42,91,440,525,85,True
50,85,440,508,68,True
63,96,440,508,68,True
69,80,440,500,60,True
75,86,440,500,60,True
78,97,440,508,68,True
2,80,441,493,52,True
4,88,441,554,113,True
5,66,441,511,70,True
14,88,441,493,52,True
19,86,441,500,59,True
20,84,441,500,59,True
21,89,441,493,52,True
34,83,441,554,113,True
40,101,441,508,67,True
43,80,441,508,67,True
46,79,441,508,67,True
50,86,441,508,67,True
56,84,441,548,107,True
57,93,441,525,84,True
63,97,441,508,67,True
71,75,441,508,67,True
76,91,441,508,67,True
79,95,441,525,84,True
6,92,442,554,112,True
12,95,442,493,51,True
13,103,442,493,51,True
23,83,442,493,51,True
37,85,442,493,51,True
38,79,442,493,51,True
39,98,442,493,51,True
41,87,442,508,66,True
46,80,442,508,66,True
57,94,442,525,83,True
58,103,442,508,66,True
60,88,442,508,66,True
63,98,442,508,66,True
73,83,442,508,66,True
77,72,442,525,83,True
78,98,442,508,66,True
79,96,442,525,83,True
6,93,443,554,111,True
12,96,443,493,50,True
18,95,443,511,68,True
23,84,443,511,68,True
24,91,443,554,111,True
25,107,443,554,111,True
35,77,443,554,111,True
37,86,443,511,68,True
46,81,443,508,65,True
47,85,443,500,57,True
58,104,443,508,65,True
71,76,443,508,65,True
74,80,443,548,105,True
76,92,443,508,65,True
6,94,444,554,110,True
7,85,444,511,67,True
16,90,444,554,110,True
21,90,444,511,67,True
29,88,444,554,110,True
30,91,444,554,110,True
32,94,444,493,49,True
34,84,444,554,110,True
35,78,444,554,110,True
39,99,444,493,49,True
41,88,444,508,64,True
42,92,444,525,81,True
49,97,444,548,104,True
54,89,444,508,64,True
65,93,444,508,64,True
68,77,444,548,104,True
70,109,444,500,56,True
73,84,444,548,104,True
2,81,445,554,109,True
6,95,445,554,109,True
7,86,445,511,66,True
13,104,445,554,109,True
14,89,445,554,109,True
15,73,445,554,109,True
20,85,445,500,55,True
26,97,445,511,66,True
34,85,445,554,109,True
37,87,445,511,66,True
38,80,445,554,109,True
55,81,445,500,55,True
56,85,445,548,103,True
59,91,445,508,63,True
60,89,445,508,63,True
61,89,445,508,63,True
65,94,445,508,63,True
5,67,446,511,65,True
7,87,446,511,65,True
8,83,446,554,108,True
9,78,446,554,108,True
10,99,446,493,47,True
12,97,446,511,65,True
18,96,446,554,108,True
27,88,446,511,65,True
32,95,446,493,47,True
35,79,446,554,108,True
36,87,446,508,62,True
37,88,446,511,65,True
44,96,446,508,62,True
51,95,446,508,62,True
54,90,446,508,62,True
56,86,446,548,102,True
57,95,446,525,79,True
60,90,446,508,62,True
64,85,446,508,62,True
68,78,446,548,102,True
75,87,446,508,62,True
76,93,446,508,62,True
0,84,447,554,107,True
2,82,447,554,107,True
11,79,447,554,107,True
17,89,447,493,46,True
21,91,447,511,64,True
23,85,447,511,64,True
31,77,447,554,107,True
40,102,447,508,61,True
49,98,447,548,101,True
53,89,447,508,61,True
56,87,447,548,101,True
66,90,447,508,61,True
67,88,447,525,78,True
70,110,447,508,61,True
1,87,448,554,106,True
10,100,448,500,52,True
12,98,448,511,63,True
15,74,448,554,106,True
20,86,448,500,52,True
24,92,448,554,106,True
29,89,448,554,106,True
33,90,448,554,106,True
35,80,448,554,106,True
36,88,448,508,60,True
44,97,448,508,60,True
50,87,448,508,60,True
57,96,448,525,77,True
61,90,448,508,60,True
66,91,448,508,60,True
70,111,448,508,60,True
71,77,448,548,100,True
72,86,448,508,60,True
75,88,448,508,60,True
1,88,449,554,105,True
2,83,449,554,105,True
7,88,449,511,62,True
9,79,449,554,105,True
12,99,449,511,62,True
15,75,449,554,105,True
16,91,449,554,105,True
17,90,449,493,44,True
18,97,449,554,105,True
23,86,449,511,62,True
24,93,449,554,105,True
26,98,449,511,62,True
27,89,449,511,62,True
30,92,449,554,105,True
38,81,449,554,105,True
39,100,449,511,62,True
40,103,449,508,59,True
42,93,449,525,76,True
48,98,449,508,59,True
50,88,449,508,59,True
51,96,449,508,59,True
54,91,449,548,99,True
57,97,449,525,76,True
59,92,449,508,59,True
60,91,449,508,59,True
61,91,449,508,59,True
62,79,449,525,76,True
63,99,449,508,59,True
65,95,449,508,59,True
71,78,449,548,99,True
74,81,449,548,99,True
1,89,450,554,104,True
3,71,450,554,104,True
4,89,450,554,104,True
6,96,450,554,104,True
16,92,450,554,104,True
26,99,450,511,61,True
28,92,450,493,43,True
32,96,450,511,61,True
33,91,450,554,104,True
39,101,450,511,61,True
40,104,450,508,58,True
42,94,450,525,75,True
49,99,450,548,98,True
61,92,450,508,58,True
67,89,450,525,75,True
68,79,450,548,98,True
72,87,450,508,58,True
76,94,450,508,58,True
78,99,450,508,58,True
0,85,451,554,103,True
22,95,451,511,60,True
26,100,451,511,60,True
28,93,451,493,42,True
34,86,451,554,103,True
36,89,451,508,57,True
37,89,451,511,60,True
39,102,451,511,60,True
41,89,451,548,97,True
42,95,451,525,74,True
53,90,451,508,57,True
65,96,451,508,57,True
70,112,451,508,57,True
73,85,451,548,97,True
6,97,452,554,102,True
12,100,452,554,102,True
17,91,452,493,41,True
20,87,452,508,56,True
28,94,452,554,102,True
33,92,452,554,102,True
45,85,452,508,56,True
48,99,452,508,56,True
51,97,452,508,56,True
52,99,452,508,56,True
79,97,452,525,73,True
2,84,453,554,101,True
12,101,453,554,101,True
22,96,453,511,58,True
26,101,453,511,58,True
27,90,453,554,101,True
29,90,453,554,101,True
33,93,453,554,101,True
39,103,453,511,58,True
50,89,453,508,55,True
56,88,453,548,95,True
58,105,453,548,95,True
63,100,453,508,55,True
69,81,453,508,55,True
73,86,453,548,95,True
77,73,453,533,80,True
79,98,453,525,72,True
2,85,454,554,100,True
4,90,454,554,100,True
14,90,454,554,100,True
16,93,454,554,100,True
34,87,454,554,100,True
35,81,454,554,100,True
36,90,454,508,54,True
52,100,454,508,54,True
54,92,454,548,94,True
57,98,454,525,71,True
66,92,454,508,54,True
78,100,454,508,54,True
2,86,455,554,99,True
3,72,455,554,99,True
4,91,455,554,99,True
22,97,455,511,56,True
26,102,455,511,56,True
29,91,455,554,99,True
30,93,455,554,99,True
34,88,455,554,99,True
35,82,455,554,99,True
38,82,455,554,99,True
40,105,455,508,53,True
54,93,455,548,93,True
55,82,455,508,53,True
61,93,455,508,53,True
71,79,455,548,93,True
73,87,455,548,93,True
79,99,455,525,70,True
0,86,456,554,98,True
1,90,456,554,98,True
3,73,456,554,98,True
4,92,456,554,98,True
5,68,456,511,55,True
14,91,456,554,98,True
19,87,456,554,98,True
28,95,456,554,98,True
32,97,456,511,55,True
47,86,456,508,52,True
63,101,456,525,69,True
71,80,456,548,92,True
72,88,456,508,52,True
75,89,456,508,52,True
77,74,456,533,77,True
79,100,456,525,69,True
4,93,457,554,97,True
12,102,457,554,97,True
13,105,457,554,97,True
18,98,457,554,97,True
26,103,457,511,54,True
32,98,457,511,54,True
35,83,457,554,97,True
38,83,457,554,97,True
41,90,457,548,91,True
43,81,457,548,91,True
45,86,457,508,51,True
51,98,457,508,51,True
54,94,457,548,91,True
59,93,457,508,51,True
70,113,457,508,51,True
0,87,458,554,96,True
8,84,458,554,96,True
10,101,458,500,42,True
13,106,458,554,96,True
15,76,458,554,96,True
20,88,458,508,50,True
22,98,458,511,53,True
24,94,458,554,96,True
27,91,458,554,96,True
32,99,458,511,53,True
34,89,458,554,96,True
36,91,458,508,50,True
43,82,458,548,90,True
46,82,458,508,50,True
47,87,458,508,50,True
74,82,458,548,90,True
75,90,458,508,50,True
79,101,458,525,67,True
2,87,459,554,95,True
3,74,459,554,95,True
4,94,459,554,95,True
13,107,459,554,95,True
14,92,459,554,95,True
15,77,459,554,95,True
19,88,459,554,95,True
27,92,459,554,95,True
36,92,459,508,49,True
45,87,459,508,49,True
49,100,459,548,89,True
51,99,459,508,49,True
58,106,459,548,89,True
61,94,459,508,49,True
63,102,459,525,66,True
66,93,459,508,49,True
67,90,459,525,66,True
71,81,459,548,89,True
75,91,459,508,49,True
13,108,460,554,94,True
16,94,460,554,94,True
18,99,460,554,94,True
23,87,460,511,51,True
32,100,460,511,51,True
37,90,460,554,94,True
38,84,460,554,94,True
46,83,460,548,88,True
53,91,460,508,48,True
58,107,460,548,88,True
64,86,460,508,48,True
65,97,460,548,88,True
67,91,460,525,65,True
69,82,460,508,48,True
71,82,460,548,88,True
2,88,461,554,93,True
10,102,461,511,50,True
14,93,461,554,93,True
16,95,461,554,93,True
17,92,461,511,50,True
20,89,461,508,47,True
21,92,461,511,50,True
25,108,461,554,93,True
26,104,461,554,93,True
33,94,461,554,93,True
41,91,461,548,87,True
42,96,461,525,64,True
51,100,461,508,47,True
56,89,461,548,87,True
65,98,461,548,87,True
69,83,461,508,47,True
72,89,461,508,47,True
78,101,461,525,64,True
0,88,462,554,92,True
4,95,462,554,92,True
7,89,462,511,49,True
12,103,462,554,92,True
16,96,462,554,92,True
21,93,462,511,49,True
25,109,462,554,92,True
32,101,462,511,49,True
38,85,462,554,92,True
43,83,462,548,86,True
49,101,462,548,86,True
53,92,462,525,63,True
59,94,462,508,46,True
65,99,462,548,86,True
9,80,463,554,91,True
11,80,463,554,91,True
21,94,463,511,48,True
24,95,463,554,91,True
27,93,463,554,91,True
28,96,463,554,91,True
33,95,463,554,91,True
41,92,463,548,85,True
48,100,463,508,45,True
52,101,463,548,85,True
57,99,463,525,62,True
59,95,463,508,45,True
61,95,463,508,45,True
71,83,463,548,85,True
73,88,463,548,85,True
74,83,463,548,85,True
76,95,463,508,45,True
77,75,463,533,70,True
0,89,464,554,90,True
7,90,464,511,47,True
14,94,464,554,90,True
17,93,464,511,47,True
28,97,464,554,90,True
42,97,464,525,61,True
45,88,464,525,61,True
47,88,464,511,47,True
55,83,464,508,44,True
59,96,464,508,44,True
60,92,464,548,84,True
61,96,464,508,44,True
67,92,464,525,61,True
68,80,464,548,84,True
70,114,464,508,44,True
75,92,464,508,44,True
78,102,464,525,61,True
79,102,464,525,61,True
0,90,465,554,89,True
6,98,465,554,89,True
14,95,465,554,89,True
18,100,465,554,89,True
25,110,465,554,89,True
27,94,465,554,89,True
31,78,465,554,89,True
32,102,465,511,46,True
45,89,465,525,60,True
52,102,465,548,83,True
53,93,465,525,60,True
55,84,465,508,43,True
61,97,465,508,43,True
63,103,465,525,60,True
64,87,465,508,43,True
70,115,465,508,43,True
71,84,465,548,83,True
76,96,465,508,43,True
0,91,466,554,88,True
7,91,466,554,88,True
9,81,466,554,88,True
17,94,466,511,45,True
23,88,466,554,88,True
24,96,466,554,88,True
29,92,466,556,90,True
30,94,466,554,88,True
35,84,466,554,88,True
44,98,466,508,42,True
45,90,466,525,59,True
48,101,466,508,42,True
54,95,466,548,82,True
55,85,466,508,42,True
65,100,466,548,82,True
66,94,466,508,42,True
67,93,466,525,59,True
68,81,466,548,82,True
74,84,466,548,82,True
4,96,467,554,87,True
6,99,467,554,87,True
9,82,467,554,87,True
10,103,467,511,44,True
11,81,467,554,87,True
15,78,467,554,87,True
18,101,467,554,87,True
19,89,467,554,87,True
21,95,467,511,44,True
25,111,467,554,87,True
29,93,467,556,89,True
31,79,467,554,87,True
33,96,467,554,87,True
46,84,467,548,81,True
49,102,467,548,81,True
51,101,467,508,41,True
55,86,467,508,41,True
68,82,467,548,81,True
70,116,467,508,41,True
71,85,467,548,81,True
73,89,467,548,81,True
75,93,467,508,41,True
79,103,467,525,58,True
3,75,468,554,86,True
4,97,468,554,86,True
9,83,468,554,86,True
15,79,468,554,86,True
26,105,468,554,86,True
29,94,468,556,88,True
34,90,468,554,86,True
41,93,468,548,80,True
42,98,468,525,57,True
48,102,468,508,40,True
62,80,468,525,57,True
69,84,468,508,40,True
71,86,468,548,80,True
73,90,468,548,80,True
75,94,468,508,40,True
78,103,468,525,57,True
79,104,468,525,57,True
1,91,469,554,85,True
11,82,469,554,85,True
13,109,469,554,85,True
25,112,469,554,85,True
29,95,469,556,87,True
32,103,469,511,42,True
40,106,469,548,79,True
43,84,469,548,79,True
46,85,469,548,79,True
52,103,469,548,79,True
56,90,469,548,79,True
61,98,469,508,39,True
75,95,469,508,39,True
2,89,470,554,84,True
7,92,470,554,84,True
9,84,470,554,84,True
11,83,470,554,84,True
17,95,470,511,41,True
26,106,470,554,84,True
30,95,470,554,84,True
32,104,470,511,41,True
37,91,470,554,84,True
38,86,470,554,84,True
39,104,470,554,84,True
41,94,470,548,78,True
43,85,470,548,78,True
49,103,470,548,78,True
53,94,470,525,55,True
55,87,470,511,41,True
68,83,470,548,78,True
72,90,470,511,41,True
76,97,470,508,38,True
6,100,471,554,83,True
9,85,471,554,83,True
27,95,471,554,83,True
33,97,471,554,83,True
35,85,471,554,83,True
50,90,471,548,77,True
62,81,471,548,77,True
65,101,471,548,77,True
74,85,471,548,77,True
75,96,471,508,37,True
0,92,472,554,82,True
6,101,472,554,82,True
15,80,472,554,82,True
19,90,472,554,82,True
20,90,472,554,82,True
24,97,472,554,82,True
25,113,472,554,82,True
29,96,472,556,84,True
30,96,472,554,82,True
31,80,472,554,82,True
40,107,472,548,76,True
45,91,472,525,53,True
48,103,472,525,53,True
60,93,472,548,76,True
62,82,472,548,76,True
64,88,472,508,36,True
69,85,472,511,39,True
70,117,472,508,36,True
78,104,472,525,53,True
17,96,473,511,38,True
23,89,473,554,81,True
29,97,473,556,83,True
34,91,473,554,81,True
39,105,473,554,81,True
47,89,473,511,38,True
55,88,473,511,38,True
56,91,473,548,75,True
58,108,473,548,75,True
59,97,473,548,75,True
60,94,473,548,75,True
66,95,473,533,60,True
67,94,473,525,52,True
71,87,473,548,75,True
74,86,473,548,75,True
1,92,474,554,80,True
2,90,474,554,80,True
6,102,474,554,80,True
9,86,474,554,80,True
13,110,474,554,80,True
22,99,474,554,80,True
31,81,474,554,80,True
35,86,474,554,80,True
55,89,474,511,37,True
77,76,474,533,59,True
78,105,474,525,51,True
0,93,475,554,79,True
2,91,475,554,79,True
3,76,475,554,79,True
7,93,475,554,79,True
10,104,475,511,36,True
15,81,475,554,79,True
21,96,475,583,108,True
36,93,475,554,79,True
37,92,475,554,79,True
39,106,475,554,79,True
46,86,475,548,73,True
55,90,475,511,36,True
64,89,475,548,73,True
67,95,475,548,73,True
74,87,475,548,73,True
75,97,475,525,50,True
78,106,475,525,50,True
1,93,476,554,78,True
5,69,476,554,78,True
9,87,476,556,80,True
18,102,476,554,78,True
28,98,476,554,78,True
29,98,476,556,80,True
30,97,476,554,78,True
31,82,476,554,78,True
35,87,476,586,110,True
38,87,476,554,78,True
39,107,476,554,78,True
44,99,476,548,72,True
54,96,476,548,72,True
56,92,476,548,72,True
61,99,476,548,72,True
63,104,476,525,49,True
65,102,476,548,72,True
66,96,476,533,57,True
69,86,476,511,35,True
78,107,476,525,49,True
12,104,477,554,77,True
22,100,477,554,77,True
28,99,477,554,77,True
36,94,477,554,77,True
49,104,477,548,71,True
59,98,477,548,71,True
63,105,477,525,48,True
65,103,477,548,71,True
68,84,477,589,112,True
70,118,477,525,48,True
73,91,477,548,71,True
4,98,478,554,76,True
12,105,478,554,76,True
21,97,478,583,105,True
26,107,478,554,76,True
42,99,478,525,47,True
51,102,478,554,76,True
63,106,478,525,47,True
65,104,478,548,70,True
74,88,478,636,158,True
75,98,478,525,47,True
77,77,478,533,55,True
79,105,478,548,70,True
4,99,479,556,77,True
6,103,479,554,75,True
12,106,479,554,75,True
17,97,479,554,75,True
18,103,479,554,75,True
26,108,479,554,75,True
28,100,479,554,75,True
31,83,479,554,75,True
40,108,479,548,69,True
44,100,479,548,69,True
48,104,479,525,46,True
51,103,479,554,75,True
54,97,479,548,69,True
61,100,479,548,69,True
63,107,479,525,46,True
79,106,479,548,69,True
0,94,480,554,74,True
7,94,480,554,74,True
10,105,480,511,31,True
13,111,480,554,74,True
16,97,480,554,74,True
19,91,480,554,74,True
24,98,480,554,74,True
28,101,480,554,74,True
30,98,480,554,74,True
31,84,480,554,74,True
32,105,480,554,74,True
33,98,480,554,74,True
34,92,480,554,74,True
40,109,480,548,68,True
47,90,480,525,45,True
56,93,480,548,68,True
60,95,480,548,68,True
67,96,480,548,68,True
72,91,480,525,45,True
79,107,480,548,68,True
6,104,481,554,73,True
7,95,481,554,73,True
9,88,481,556,75,True
16,98,481,554,73,True
20,91,481,554,73,True
32,106,481,554,73,True
35,88,481,586,105,True
39,108,481,554,73,True
40,110,481,548,67,True
50,91,481,548,67,True
53,95,481,525,44,True
57,100,481,589,108,True
63,108,481,548,67,True
66,97,481,533,52,True
75,99,481,525,44,True
79,108,481,548,67,True
5,70,482,554,72,True
12,107,482,554,72,True
16,99,482,554,72,True
21,98,482,583,101,True
25,114,482,589,107,True
31,85,482,554,72,True
33,99,482,554,72,True
40,111,482,548,66,True
44,101,482,548,66,True
51,104,482,554,72,True
52,104,482,548,66,True
59,99,482,548,66,True
66,98,482,533,51,True
70,119,482,548,66,True
73,92,482,548,66,True
5,71,483,554,71,True
19,92,483,554,71,True
22,101,483,586,103,True
33,100,483,554,71,True
37,93,483,554,71,True
39,109,483,554,71,True
46,87,483,548,65,True
47,91,483,525,42,True
53,96,483,525,42,True
58,109,483,548,65,True
62,83,483,548,65,True
71,88,483,548,65,True
74,89,483,636,153,True
76,98,483,548,65,True
0,95,484,554,70,True
11,84,484,586,102,True
14,96,484,554,70,True
21,99,484,583,99,True
25,115,484,589,105,True
32,107,484,554,70,True
39,110,484,554,70,True
42,100,484,548,64,True
45,92,484,533,49,True
59,100,484,548,64,True
66,99,484,533,49,True
74,90,484,636,152,True
78,108,484,548,64,True
5,72,485,554,69,True
10,106,485,554,69,True
11,85,485,586,101,True
16,100,485,554,69,True
22,102,485,586,101,True
25,116,485,589,104,True
26,109,485,554,69,True
28,102,485,554,69,True
34,93,485,556,71,True
36,95,485,554,69,True
37,94,485,554,69,True
41,95,485,636,151,True
42,101,485,548,63,True
45,93,485,533,48,True
53,97,485,554,69,True
60,96,485,548,63,True
67,97,485,589,104,True
2,92,486,554,68,True
11,86,486,586,100,True
12,108,486,554,68,True
18,104,486,554,68,True
24,99,486,554,68,True
32,108,486,554,68,True
34,94,486,556,70,True
39,111,486,554,68,True
40,112,486,548,62,True
52,105,486,548,62,True
56,94,486,548,62,True
59,101,486,548,62,True
63,109,486,548,62,True
69,87,486,589,103,True
77,78,486,533,47,True
11,87,487,586,99,True
17,98,487,554,67,True
24,100,487,554,67,True
25,117,487,589,102,True
33,101,487,554,67,True
35,89,487,586,99,True
36,96,487,554,67,True
39,112,487,554,67,True
44,102,487,548,61,True
51,105,487,554,67,True
52,106,487,548,61,True
59,102,487,548,61,True
77,79,487,533,46,True
0,96,488,554,66,True
1,94,488,554,66,True
2,93,488,556,68,True
4,100,488,556,68,True
8,85,488,554,66,True
9,89,488,556,68,True
14,97,488,554,66,True
16,101,488,586,98,True
19,93,488,554,66,True
23,90,488,583,95,True
27,96,488,556,68,True
29,99,488,556,68,True
31,86,488,554,66,True
34,95,488,556,68,True
36,97,488,554,66,True
38,88,488,554,66,True
42,102,488,548,60,True
43,86,488,651,163,True
45,94,488,533,45,True
53,98,488,554,66,True
56,95,488,636,148,True
68,85,488,589,101,True
69,88,488,589,101,True
71,89,488,548,60,True
73,93,488,589,101,True
5,73,489,554,65,True
13,112,489,554,65,True
30,99,489,556,67,True
32,109,489,554,65,True
33,102,489,556,67,True
34,96,489,556,67,True
39,113,489,554,65,True
45,95,489,548,59,True
51,106,489,554,65,True
54,98,489,548,59,True
55,91,489,589,100,True
57,101,489,589,100,True
72,92,489,525,36,True
5,74,490,554,64,True
8,86,490,554,64,True
9,90,490,556,66,True
13,113,490,583,93,True
15,82,490,554,64,True
17,99,490,554,64,True
24,101,490,556,66,True
28,103,490,554,64,True
40,113,490,548,58,True
75,100,490,533,43,True
78,109,490,548,58,True
0,97,491,556,65,True
6,105,491,556,65,True
7,96,491,554,63,True
12,109,491,556,65,True
14,98,491,554,63,True
24,102,491,556,65,True
29,100,491,556,65,True
32,110,491,554,63,True
33,103,491,556,65,True
41,96,491,636,145,True
45,96,491,548,57,True
48,105,491,548,57,True
51,107,491,554,63,True
53,99,491,554,63,True
65,105,491,548,57,True
70,120,491,548,57,True
8,87,492,554,62,True
11,88,492,586,94,True
15,83,492,554,62,True
20,92,492,554,62,True
23,91,492,643,151,True
24,103,492,556,64,True
31,87,492,556,64,True
32,111,492,554,62,True
35,90,492,586,94,True
38,89,492,554,62,True
46,88,492,548,56,True
49,105,492,548,56,True
58,110,492,636,144,True
62,84,492,589,97,True
63,110,492,548,56,True
71,90,492,548,56,True
76,99,492,548,56,True
0,98,493,556,63,True
8,88,493,556,63,True
10,107,493,554,61,True
16,102,493,586,93,True
22,103,493,586,93,True
25,118,493,589,96,True
28,104,493,554,61,True
30,100,493,556,63,True
41,97,493,636,143,True
44,103,493,548,55,True
46,89,493,548,55,True
50,92,493,548,55,True
61,101,493,548,55,True
65,106,493,548,55,True
66,100,493,548,55,True
67,98,493,589,96,True
71,91,493,548,55,True
72,93,493,589,96,True
75,101,493,548,55,True
2,94,494,556,62,True
4,101,494,556,62,True
11,89,494,586,92,True
19,94,494,554,60,True
24,104,494,556,62,True
27,97,494,556,62,True
29,101,494,556,62,True
30,101,494,556,62,True
33,104,494,556,62,True
46,90,494,548,54,True
52,107,494,589,95,True
54,99,494,548,54,True
55,92,494,589,95,True
72,94,494,589,95,True
2,95,495,556,61,True
10,108,495,554,59,True
18,105,495,556,61,True
20,93,495,554,59,True
26,110,495,554,59,True
27,98,495,556,61,True
37,95,495,556,61,True
42,103,495,589,94,True
43,87,495,651,156,True
47,92,495,548,53,True
59,103,495,548,53,True
61,102,495,548,53,True
62,85,495,636,141,True
65,107,495,548,53,True
69,89,495,589,94,True
72,95,495,589,94,True
1,95,496,554,58,True
9,91,496,556,60,True
10,109,496,554,58,True
11,90,496,586,90,True
27,99,496,556,60,True
28,105,496,554,58,True
37,96,496,556,60,True
47,93,496,548,52,True
58,111,496,636,140,True
59,104,496,548,52,True
64,90,496,589,93,True
66,101,496,589,93,True
69,90,496,589,93,True
72,96,496,589,93,True
73,94,496,589,93,True
0,99,497,556,59,True
1,96,497,554,57,True
2,96,497,556,59,True
6,106,497,586,89,True
7,97,497,556,59,True
10,110,497,554,57,True
12,110,497,556,59,True
14,99,497,554,57,True
15,84,497,556,59,True
19,95,497,554,57,True
20,94,497,554,57,True
21,100,497,583,86,True
23,92,497,643,146,True
31,88,497,556,59,True
32,112,497,554,57,True
36,98,497,554,57,True
38,90,497,554,57,True
45,97,497,548,51,True
55,93,497,589,92,True
60,97,497,636,139,True
68,86,497,589,92,True
75,102,497,548,51,True
2,97,498,556,58,True
5,75,498,554,56,True
15,85,498,556,58,True
20,95,498,554,56,True
32,113,498,554,56,True
36,99,498,554,56,True
37,97,498,556,58,True
40,114,498,589,91,True
45,98,498,548,50,True
46,91,498,548,50,True
48,106,498,548,50,True
54,100,498,589,91,True
67,99,498,589,91,True
70,121,498,548,50,True
73,95,498,589,91,True
9,92,499,604,105,True
16,103,499,586,87,True
23,93,499,643,144,True
30,102,499,556,57,True
40,115,499,589,90,True
43,88,499,651,152,True
44,104,499,589,90,True
47,94,499,557,58,True
59,105,499,548,49,True
70,122,499,548,49,True
75,103,499,548,49,True
1,97,500,554,54,True
4,102,500,556,56,True
8,89,500,556,56,True
15,86,500,556,56,True
16,104,500,586,86,True
17,100,500,554,54,True
21,101,500,583,83,True
31,89,500,556,56,True
32,114,500,554,54,True
33,105,500,556,56,True
43,89,500,651,151,True
49,106,500,636,136,True
53,100,500,554,54,True
57,102,500,589,89,True
58,112,500,636,136,True
70,123,500,548,48,True
76,100,500,548,48,True
3,77,501,556,55,True
6,107,501,586,85,True
7,98,501,556,55,True
9,93,501,604,103,True
12,111,501,556,55,True
13,114,501,583,82,True
23,94,501,643,142,True
25,119,501,589,88,True
27,100,501,556,55,True
33,106,501,556,55,True
40,116,501,589,88,True
41,98,501,636,135,True
54,101,501,589,88,True
55,94,501,589,88,True
57,103,501,589,88,True
63,111,501,589,88,True
65,108,501,548,47,True
74,91,501,636,135,True
77,80,501,589,88,True
8,90,502,556,54,True
11,91,502,586,84,True
15,87,502,556,54,True
18,106,502,556,54,True
20,96,502,554,52,True
21,102,502,583,81,True
32,115,502,554,52,True
51,108,502,554,52,True
67,100,502,589,87,True
74,92,502,636,134,True
6,108,503,586,83,True
7,99,503,556,53,True
18,107,503,586,83,True
26,111,503,554,51,True
28,106,503,589,86,True
31,90,503,556,53,True
36,100,503,554,51,True
37,98,503,556,53,True
42,104,503,589,86,True
43,90,503,651,148,True
46,92,503,548,45,True
60,98,503,636,133,True
65,109,503,548,45,True
70,124,503,548,45,True
75,104,503,554,51,True
77,81,503,589,86,True
7,100,504,556,52,True
13,115,504,583,79,True
15,88,504,556,52,True
24,105,504,604,100,True
32,116,504,554,50,True
37,99,504,556,52,True
39,114,504,556,52,True
40,117,504,589,85,True
41,99,504,636,132,True
55,95,504,589,85,True
71,92,504,589,85,True
75,105,504,554,50,True
77,82,504,589,85,True
78,110,504,589,85,True
7,101,505,556,51,True
14,100,505,556,51,True
15,89,505,556,51,True
29,102,505,586,81,True
40,118,505,589,84,True
41,100,505,636,131,True
42,105,505,589,84,True
44,105,505,589,84,True
48,107,505,589,84,True
55,96,505,589,84,True
63,112,505,589,84,True
65,110,505,589,84,True
71,93,505,589,84,True
79,109,505,589,84,True
5,76,506,556,50,True
6,109,506,586,80,True
11,92,506,586,80,True
13,116,506,583,77,True
15,90,506,556,50,True
21,103,506,583,77,True
22,104,506,586,80,True
26,112,506,586,80,True
36,101,506,589,83,True
40,119,506,589,83,True
49,107,506,636,130,True
50,93,506,636,130,True
60,99,506,636,130,True
0,100,507,556,49,True
1,98,507,556,49,True
2,98,507,556,49,True
8,91,507,556,49,True
9,94,507,604,97,True
13,117,507,583,76,True
15,91,507,556,49,True
26,113,507,586,79,True
31,91,507,556,49,True
41,101,507,636,129,True
43,91,507,651,144,True
44,106,507,589,82,True
45,99,507,548,41,True
46,93,507,636,129,True
53,101,507,554,47,True
56,96,507,636,129,True
62,86,507,636,129,True
69,91,507,589,82,True
2,99,508,556,48,True
14,101,508,556,48,True
16,105,508,586,78,True
20,97,508,556,48,True
26,114,508,586,78,True
32,117,508,589,81,True
49,108,508,636,128,True
52,108,508,589,81,True
60,100,508,636,128,True
63,113,508,589,81,True
71,94,508,589,81,True
77,83,508,589,81,True
78,111,508,589,81,True
8,92,509,556,47,True
13,118,509,583,74,True
18,108,509,586,77,True
20,98,509,556,47,True
26,115,509,586,77,True
31,92,509,556,47,True
33,107,509,556,47,True
37,100,509,556,47,True
40,120,509,589,80,True
43,92,509,651,142,True
54,102,509,589,80,True
56,97,509,636,127,True
59,106,509,589,80,True
63,114,509,589,80,True
73,96,509,636,127,True
75,106,509,554,45,True
77,84,509,589,80,True
78,112,509,589,80,True
5,77,510,586,76,True
6,110,510,586,76,True
9,95,510,604,94,True
11,93,510,586,76,True
30,103,510,586,76,True
37,101,510,556,46,True
44,107,510,589,79,True
50,94,510,636,126,True
51,109,510,554,44,True
56,98,510,636,126,True
58,113,510,636,126,True
63,115,510,589,79,True
66,102,510,589,79,True
69,92,510,589,79,True
71,95,510,589,79,True
76,101,510,589,79,True
8,93,511,556,45,True
9,96,511,604,93,True
13,119,511,583,72,True
14,102,511,589,78,True
17,101,511,557,46,True
18,109,511,586,75,True
22,105,511,586,75,True
28,107,511,589,78,True
34,97,511,586,75,True
42,106,511,589,78,True
43,93,511,651,140,True
44,108,511,589,78,True
48,108,511,589,78,True
50,95,511,636,125,True
52,109,511,589,78,True
54,103,511,589,78,True
67,101,511,616,105,True
76,102,511,589,78,True
78,113,511,589,78,True
2,100,512,556,44,True
7,102,512,556,44,True
11,94,512,586,74,True
14,103,512,589,77,True
16,106,512,586,74,True
19,96,512,589,77,True
34,98,512,586,74,True
37,102,512,556,44,True
40,121,512,589,77,True
43,94,512,651,139,True
50,96,512,636,124,True
61,103,512,589,77,True
65,111,512,589,77,True
68,87,512,589,77,True
74,93,512,636,124,True
75,107,512,589,77,True
78,114,512,589,77,True
10,111,513,557,44,True
12,112,513,556,43,True
13,120,513,583,70,True
27,101,513,556,43,True
31,93,513,556,43,True
40,122,513,589,76,True
43,95,513,651,138,True
44,109,513,589,76,True
48,109,513,589,76,True
51,110,513,557,44,True
57,104,513,616,103,True
66,103,513,589,76,True
69,93,513,589,76,True
71,96,513,589,76,True
75,108,513,589,76,True
76,103,513,589,76,True
1,99,514,556,42,True
4,103,514,586,72,True
15,92,514,556,42,True
25,120,514,589,75,True
27,102,514,556,42,True
30,104,514,586,72,True
32,118,514,589,75,True
37,103,514,556,42,True
49,109,514,636,122,True
51,111,514,557,43,True
54,104,514,589,75,True
60,101,514,636,122,True
62,87,514,636,122,True
67,102,514,616,102,True
68,88,514,589,75,True
74,94,514,636,122,True
2,101,515,556,41,True
14,104,515,589,74,True
18,110,515,586,71,True
23,95,515,643,128,True
26,116,515,586,71,True
29,103,515,586,71,True
30,105,515,586,71,True
32,119,515,589,74,True
36,102,515,589,74,True
41,102,515,636,121,True
49,110,515,636,121,True
55,97,515,589,74,True
57,105,515,616,101,True
60,102,515,636,121,True
75,109,515,589,74,True
11,95,516,586,70,True
16,107,516,586,70,True
17,102,516,557,41,True
22,106,516,586,70,True
30,106,516,586,70,True
34,99,516,586,70,True
35,91,516,586,70,True
44,110,516,589,73,True
45,100,516,589,73,True
48,110,516,589,73,True
49,111,516,636,120,True
59,107,516,589,73,True
60,103,516,636,120,True
62,88,516,636,120,True
67,103,516,616,100,True
3,78,517,604,87,True
5,78,517,586,69,True
16,108,517,586,69,True
17,103,517,583,66,True
20,99,517,556,39,True
22,107,517,586,69,True
23,96,517,643,126,True
28,108,517,589,72,True
33,108,517,586,69,True
35,92,517,586,69,True
38,91,517,556,39,True
39,115,517,556,39,True
41,103,517,636,119,True
45,101,517,589,72,True
55,98,517,589,72,True
58,114,517,636,119,True
64,91,517,589,72,True
65,112,517,589,72,True
66,104,517,589,72,True
73,97,517,636,119,True
4,104,518,586,68,True
12,113,518,556,38,True
25,121,518,589,71,True
29,104,518,586,68,True
36,103,518,589,71,True
48,111,518,589,71,True
50,97,518,636,118,True
63,116,518,589,71,True
68,89,518,636,118,True
71,97,518,589,71,True
5,79,519,586,67,True
6,111,519,604,85,True
11,96,519,604,85,True
13,121,519,589,70,True
14,105,519,589,70,True
15,93,519,589,70,True
16,109,519,586,67,True
18,111,519,586,67,True
20,100,519,556,37,True
22,108,519,586,67,True
26,117,519,586,67,True
30,107,519,586,67,True
36,104,519,589,70,True
38,92,519,556,37,True
41,104,519,636,117,True
45,102,519,589,70,True
47,95,519,589,70,True
51,112,519,616,97,True
52,110,519,589,70,True
55,99,519,589,70,True
63,117,519,589,70,True
67,104,519,616,97,True
69,94,519,636,117,True
77,85,519,616,97,True
1,100,520,556,36,True
3,79,520,604,84,True
14,106,520,589,69,True
57,106,520,616,96,True
59,108,520,589,69,True
60,104,520,636,116,True
62,89,520,636,116,True
65,113,520,589,69,True
68,90,520,636,116,True
75,110,520,589,69,True
7,103,521,586,65,True
8,94,521,589,68,True
29,105,521,589,68,True
35,93,521,604,83,True
36,105,521,589,68,True
43,96,521,651,130,True
49,112,521,636,115,True
51,113,521,616,95,True
52,111,521,589,68,True
56,99,521,636,115,True
70,125,521,589,68,True
22,109,522,586,64,True
23,97,522,643,121,True
26,118,522,586,64,True
40,123,522,589,67,True
42,107,522,616,94,True
46,94,522,636,114,True
55,100,522,616,94,True
68,91,522,636,114,True
77,86,522,616,94,True
78,115,522,589,67,True
79,110,522,636,114,True
5,80,523,586,63,True
13,122,523,589,66,True
17,104,523,583,60,True
19,97,523,589,66,True
20,101,523,556,33,True
26,119,523,586,63,True
27,103,523,586,63,True
30,108,523,586,63,True
31,94,523,604,81,True
33,109,523,604,81,True
39,116,523,586,63,True
42,108,523,616,93,True
56,100,523,636,113,True
72,97,523,589,66,True
8,95,524,589,65,True
11,97,524,604,80,True
24,106,524,604,80,True
47,96,524,589,65,True
48,112,524,589,65,True
53,102,524,589,65,True
55,101,524,616,92,True
58,115,524,636,112,True
74,95,524,636,112,True
0,101,525,589,64,True
6,112,525,604,79,True
8,96,525,589,64,True
12,114,525,586,61,True
14,107,525,589,64,True
17,105,525,583,58,True
18,112,525,586,61,True
21,104,525,589,64,True
40,124,525,589,64,True
41,105,525,636,111,True
47,97,525,616,91,True
49,113,525,636,111,True
54,105,525,636,111,True
59,109,525,589,64,True
66,105,525,616,91,True
68,92,525,636,111,True
69,95,525,636,111,True
79,111,525,636,111,True
0,102,526,589,63,True
2,102,526,589,63,True
19,98,526,589,63,True
20,102,526,556,30,True
36,106,526,589,63,True
37,104,526,586,60,True
38,93,526,556,30,True
39,117,526,586,60,True
43,97,526,651,125,True
50,98,526,636,110,True
55,102,526,616,90,True
60,105,526,636,110,True
67,105,526,616,90,True
71,98,526,636,110,True
77,87,526,616,90,True
17,106,527,589,62,True
34,100,527,604,77,True
37,105,527,586,59,True
38,94,527,556,29,True
42,109,527,636,109,True
44,111,527,589,62,True
52,112,527,589,62,True
53,103,527,589,62,True
54,106,527,636,109,True
64,92,527,636,109,True
67,106,527,616,89,True
68,93,527,636,109,True
69,96,527,636,109,True
75,111,527,589,62,True
77,88,527,616,89,True
6,113,528,678,150,True
8,97,528,589,61,True
14,108,528,589,61,True
23,98,528,643,115,True
25,122,528,604,76,True
30,109,528,586,58,True
34,101,528,604,76,True
40,125,528,589,61,True
41,106,528,636,108,True
44,112,528,589,61,True
45,103,528,589,61,True
52,113,528,589,61,True
55,103,528,616,88,True
57,107,528,616,88,True
59,110,528,589,61,True
61,104,528,589,61,True
66,106,528,616,88,True
67,107,528,616,88,True
79,112,528,636,108,True
0,103,529,589,60,True
4,105,529,604,75,True
6,114,529,678,149,True
11,98,529,604,75,True
21,105,529,589,60,True
25,123,529,604,75,True
28,109,529,589,60,True
30,110,529,586,57,True
34,102,529,604,75,True
35,94,529,604,75,True
36,107,529,589,60,True
55,104,529,616,87,True
58,116,529,636,107,True
60,106,529,636,107,True
68,94,529,636,107,True
70,126,529,589,60,True
76,104,529,636,107,True
77,89,529,616,87,True
78,116,529,636,107,True
79,113,529,636,107,True
1,101,530,678,148,True
15,94,530,589,59,True
28,110,530,589,59,True
33,110,530,604,74,True
35,95,530,604,74,True
37,106,530,586,56,True
41,107,530,636,106,True
47,98,530,616,86,True
48,113,530,636,106,True
54,107,530,636,106,True
63,118,530,636,106,True
67,108,530,636,106,True
68,95,530,636,106,True
73,98,530,636,106,True
77,90,530,616,86,True
9,97,531,678,147,True
11,99,531,604,73,True
12,115,531,604,73,True
15,95,531,589,58,True
17,107,531,589,58,True
18,113,531,604,73,True
24,107,531,678,147,True
26,120,531,589,58,True
27,104,531,586,55,True
34,103,531,604,73,True
44,113,531,589,58,True
50,99,531,636,105,True
52,114,531,589,58,True
54,108,531,636,105,True
59,111,531,589,58,True
62,90,531,636,105,True
64,93,531,636,105,True
65,114,531,589,58,True
68,96,531,636,105,True
70,127,531,589,58,True
77,91,531,616,85,True
5,81,532,586,54,True
9,98,532,678,146,True
19,99,532,589,57,True
20,103,532,589,57,True
26,121,532,589,57,True
31,95,532,604,72,True
32,120,532,589,57,True
33,111,532,604,72,True
39,118,532,586,54,True
41,108,532,636,104,True
48,114,532,636,104,True
49,114,532,636,104,True
65,115,532,589,57,True
69,97,532,636,104,True
70,128,532,589,57,True
77,92,532,616,84,True
9,99,533,678,145,True
10,112,533,616,83,True
12,116,533,604,71,True
32,121,533,589,56,True
34,104,533,604,71,True
52,115,533,589,56,True
60,107,533,636,103,True
63,119,533,636,103,True
76,105,533,636,103,True
0,104,534,604,70,True
10,113,534,616,82,True
16,110,534,604,70,True
24,108,534,678,144,True
27,105,534,586,52,True
29,106,534,678,144,True
32,122,534,589,55,True
34,105,534,604,70,True
35,96,534,604,70,True
37,107,534,586,52,True
42,110,534,636,102,True
58,117,534,636,102,True
74,96,534,636,102,True
78,117,534,636,102,True
5,82,535,586,51,True
9,100,535,678,143,True
11,100,535,604,69,True
22,110,535,586,51,True
26,122,535,589,54,True
28,111,535,589,54,True
30,111,535,586,51,True
34,106,535,604,69,True
36,108,535,589,54,True
40,126,535,636,101,True
46,95,535,636,101,True
47,99,535,616,81,True
49,115,535,636,101,True
57,108,535,643,108,True
62,91,535,636,101,True
66,107,535,616,81,True
72,98,535,589,54,True
78,118,535,636,101,True
2,103,536,604,68,True
5,83,536,586,50,True
17,108,536,589,53,True
23,99,536,643,107,True
28,112,536,589,53,True
34,107,536,604,68,True
37,108,536,589,53,True
38,95,536,589,53,True
40,127,536,636,100,True
41,109,536,636,100,True
48,115,536,636,100,True
53,104,536,589,53,True
57,109,536,643,107,True
64,94,536,636,100,True
69,98,536,636,100,True
70,129,536,589,53,True
71,99,536,636,100,True
72,99,536,589,53,True
2,104,537,604,67,True
12,117,537,604,67,True
19,100,537,589,52,True
24,109,537,678,141,True
30,112,537,586,49,True
41,110,537,636,99,True
48,116,537,636,99,True
51,114,537,616,79,True
52,116,537,589,52,True
53,105,537,589,52,True
54,109,537,636,99,True
64,95,537,636,99,True
68,97,537,636,99,True
71,100,537,636,99,True
76,106,537,636,99,True
17,109,538,626,88,True
26,123,538,589,51,True
27,106,538,604,66,True
30,113,538,586,48,True
32,123,538,589,51,True
34,108,538,604,66,True
45,104,538,589,51,True
46,96,538,636,98,True
54,110,538,636,98,True
57,110,538,643,105,True
64,96,538,636,98,True
66,108,538,616,78,True
69,99,538,636,98,True
74,97,538,636,98,True
76,107,538,636,98,True
4,106,539,604,65,True
8,98,539,604,65,True
26,124,539,604,65,True
27,107,539,604,65,True
28,113,539,589,50,True
34,109,539,604,65,True
41,111,539,636,97,True
42,111,539,636,97,True
44,114,539,636,97,True
49,116,539,636,97,True
53,106,539,589,50,True
56,101,539,636,97,True
57,111,539,643,104,True
58,118,539,636,97,True
59,112,539,636,97,True
60,108,539,636,97,True
65,116,539,636,97,True
71,101,539,636,97,True
0,105,540,604,64,True
5,84,540,626,86,True
15,96,540,589,49,True
23,100,540,643,103,True
33,112,540,604,64,True
41,112,540,636,96,True
42,112,540,636,96,True
44,115,540,636,96,True
54,111,540,636,96,True
60,109,540,636,96,True
64,97,540,636,96,True
67,109,540,643,103,True
72,100,540,589,49,True
79,114,540,636,96,True
2,105,541,604,63,True
4,107,541,604,63,True
5,85,541,626,85,True
11,101,541,604,63,True
12,118,541,604,63,True
15,97,541,589,48,True
16,111,541,678,137,True
19,101,541,604,63,True
22,111,541,604,63,True
35,97,541,678,137,True
39,119,541,589,48,True
44,116,541,636,95,True
47,100,541,616,75,True
48,117,541,636,95,True
58,119,541,636,95,True
63,120,541,636,95,True
65,117,541,636,95,True
68,98,541,636,95,True
69,100,541,636,95,True
1,102,542,678,136,True
2,106,542,604,62,True
6,115,542,678,136,True
7,104,542,604,62,True
10,114,542,616,74,True
20,104,542,604,62,True
21,106,542,604,62,True
24,110,542,678,136,True
27,108,542,604,62,True
33,113,542,604,62,True
36,109,542,589,47,True
40,128,542,636,94,True
45,105,542,636,94,True
54,112,542,636,94,True
56,102,542,636,94,True
58,120,542,636,94,True
60,110,542,636,94,True
63,121,542,636,94,True
65,118,542,636,94,True
69,101,542,636,94,True
72,101,542,589,47,True
75,112,542,616,74,True
78,119,542,636,94,True
10,115,543,616,73,True
11,102,543,604,61,True
13,123,543,589,46,True
17,110,543,626,83,True
19,102,543,604,61,True
20,105,543,604,61,True
22,112,543,604,61,True
23,101,543,643,100,True
27,109,543,604,61,True
28,114,543,604,61,True
33,114,543,604,61,True
35,98,543,678,135,True
42,113,543,636,93,True
47,101,543,616,73,True
52,117,543,589,46,True
53,107,543,636,93,True
55,105,543,636,93,True
57,112,543,643,100,True
58,121,543,636,93,True
61,105,543,636,93,True
63,122,543,636,93,True
76,108,543,636,93,True
77,93,543,643,100,True
3,80,544,604,60,True
10,116,544,616,72,True
13,124,544,589,45,True
24,111,544,678,134,True
25,124,544,678,134,True
32,124,544,589,45,True
38,96,544,589,45,True
46,97,544,636,92,True
47,102,544,616,72,True
48,118,544,636,92,True
51,115,544,616,72,True
66,109,544,616,72,True
70,130,544,589,45,True
72,102,544,604,60,True
73,99,544,643,99,True
74,98,544,636,92,True
79,115,544,636,92,True
5,86,545,626,81,True
12,119,545,604,59,True
13,125,545,589,44,True
16,112,545,678,133,True
17,111,545,626,81,True
22,113,545,604,59,True
26,125,545,604,59,True
29,107,545,678,133,True
30,114,545,604,59,True
33,115,545,604,59,True
35,99,545,678,133,True
39,120,545,626,81,True
40,129,545,636,91,True
42,114,545,636,91,True
44,117,545,636,91,True
46,98,545,636,91,True
49,117,545,636,91,True
54,113,545,636,91,True
60,111,545,636,91,True
62,92,545,636,91,True
67,110,545,643,98,True
5,87,546,626,80,True
16,113,546,678,132,True
19,103,546,604,58,True
23,102,546,643,97,True
26,126,546,604,58,True
28,115,546,604,58,True
29,108,546,678,132,True
38,97,546,589,43,True
45,106,546,636,90,True
46,99,546,636,90,True
53,108,546,636,90,True
54,114,546,636,90,True
57,113,546,643,97,True
59,113,546,636,90,True
70,131,546,589,43,True
2,107,547,678,131,True
5,88,547,626,79,True
9,101,547,678,131,True
16,114,547,678,131,True
24,112,547,678,131,True
27,110,547,604,57,True
36,110,547,604,57,True
38,98,547,604,57,True
39,121,547,626,79,True
43,98,547,651,104,True
44,118,547,636,89,True
46,100,547,636,89,True
48,119,547,636,89,True
49,118,547,636,89,True
58,122,547,636,89,True
71,102,547,636,89,True
72,103,547,604,57,True
73,100,547,643,96,True
75,113,547,616,69,True
4,108,548,604,56,True
7,105,548,604,56,True
12,120,548,604,56,True
19,104,548,604,56,True
22,114,548,604,56,True
27,111,548,604,56,True
36,111,548,604,56,True
55,106,548,636,88,True
60,112,548,636,88,True
62,93,548,636,88,True
66,110,548,636,88,True
71,103,548,636,88,True
74,99,548,636,88,True
9,102,549,678,129,True
22,115,549,604,55,True
23,103,549,643,94,True
28,116,549,604,55,True
35,100,549,678,129,True
36,112,549,604,55,True
41,113,549,651,102,True
43,99,549,651,102,True
49,119,549,636,87,True
52,118,549,636,87,True
59,114,549,636,87,True
79,116,549,636,87,True
0,106,550,604,54,True
7,106,550,643,93,True
9,103,550,678,128,True
14,109,550,604,54,True
22,116,550,604,54,True
24,113,550,678,128,True
26,127,550,604,54,True
27,112,550,604,54,True
28,117,550,604,54,True
29,109,550,678,128,True
32,125,550,604,54,True
39,122,550,626,76,True
40,130,550,636,86,True
47,103,550,636,86,True
58,123,550,636,86,True
60,113,550,636,86,True
68,99,550,643,93,True
78,120,550,636,86,True
0,107,551,604,53,True
4,109,551,604,53,True
6,116,551,678,127,True
11,103,551,678,127,True
14,110,551,604,53,True
21,107,551,626,75,True
28,118,551,604,53,True
31,96,551,604,53,True
32,126,551,604,53,True
34,110,551,604,53,True
40,131,551,636,85,True
50,100,551,636,85,True
51,116,551,616,65,True
66,111,551,636,85,True
0,108,552,604,52,True
6,117,552,678,126,True
13,126,552,626,74,True
19,105,552,604,52,True
27,113,552,604,52,True
35,101,552,678,126,True
38,99,552,604,52,True
44,119,552,636,84,True
45,107,552,636,84,True
46,101,552,636,84,True
48,120,552,636,84,True
51,117,552,616,64,True
54,115,552,636,84,True
69,102,552,636,84,True
71,104,552,636,84,True
0,109,553,604,51,True
6,118,553,678,125,True
7,107,553,643,90,True
8,99,553,604,51,True
10,117,553,616,63,True
12,121,553,604,51,True
13,127,553,626,73,True
29,110,553,678,125,True
33,116,553,604,51,True
64,98,553,636,83,True
71,105,553,636,83,True
74,100,553,636,83,True
5,89,554,626,72,True
13,128,554,626,72,True
15,98,554,626,72,True
18,114,554,678,124,True
19,106,554,604,50,True
29,111,554,678,124,True
37,109,554,626,72,True
38,100,554,604,50,True
41,114,554,651,97,True
42,115,554,651,97,True
43,100,554,651,97,True
45,108,554,636,82,True
50,101,554,636,82,True
53,109,554,636,82,True
61,106,554,636,82,True
70,132,554,636,82,True
72,104,554,636,82,True
74,101,554,636,82,True
77,94,554,643,89,True
5,90,555,626,71,True
8,100,555,604,49,True
13,129,555,626,71,True
19,107,555,604,49,True
22,117,555,604,49,True
29,112,555,678,123,True
33,117,555,604,49,True
34,111,555,604,49,True
38,101,555,604,49,True
42,116,555,651,96,True
45,109,555,636,81,True
48,121,555,636,81,True
58,124,555,636,81,True
63,123,555,636,81,True
74,102,555,636,81,True
76,109,555,636,81,True
6,119,556,678,122,True
9,104,556,678,122,True
31,97,556,604,48,True
32,127,556,626,70,True
35,102,556,678,122,True
41,115,556,651,95,True
49,120,556,636,80,True
51,118,556,636,80,True
59,115,556,636,80,True
68,100,556,643,87,True
69,103,556,636,80,True
72,105,556,636,80,True
74,103,556,636,80,True
78,121,556,636,80,True
0,110,557,604,47,True
4,110,557,678,121,True
11,104,557,678,121,True
12,122,557,604,47,True
20,106,557,604,47,True
25,125,557,678,121,True
30,115,557,626,69,True
32,128,557,626,69,True
33,118,557,604,47,True
45,110,557,636,79,True
50,102,557,636,79,True
54,116,557,643,86,True
55,107,557,636,79,True
56,103,557,643,86,True
57,114,557,643,86,True
62,94,557,643,86,True
69,104,557,636,79,True
73,101,557,643,86,True
77,95,557,643,86,True
1,103,558,678,120,True
7,108,558,643,85,True
10,118,558,626,68,True
11,105,558,678,120,True
15,99,558,626,68,True
17,112,558,626,68,True
23,104,558,643,85,True
30,116,558,626,68,True
32,129,558,626,68,True
48,122,558,636,78,True
55,108,558,636,78,True
59,116,558,636,78,True
61,107,558,636,78,True
62,95,558,643,85,True
63,124,558,636,78,True
64,99,558,636,78,True
72,106,558,636,78,True
73,102,558,651,93,True
74,104,558,636,78,True
75,114,558,636,78,True
76,110,558,651,93,True
77,96,558,643,85,True
79,117,558,643,85,True
2,108,559,678,119,True
6,120,559,678,119,True
15,100,559,626,67,True
32,130,559,626,67,True
37,110,559,626,67,True
40,132,559,643,84,True
43,101,559,651,92,True
44,120,559,636,77,True
45,111,559,636,77,True
48,123,559,636,77,True
53,110,559,636,77,True
57,115,559,643,84,True
58,125,559,636,77,True
67,111,559,643,84,True
69,105,559,643,84,True
70,133,559,636,77,True
74,105,559,636,77,True
76,111,559,651,92,True
24,114,560,678,118,True
33,119,560,678,118,True
35,103,560,678,118,True
45,112,560,636,76,True
55,109,560,636,76,True
57,116,560,643,83,True
59,117,560,636,76,True
66,112,560,636,76,True
67,112,560,643,83,True
73,103,560,651,91,True
1,104,561,678,117,True
9,105,561,678,117,True
10,119,561,643,82,True
11,106,561,678,117,True
12,123,561,604,43,True
21,108,561,626,65,True
24,115,561,678,117,True
26,128,561,626,65,True
33,120,561,678,117,True
34,112,561,678,117,True
36,113,561,604,43,True
43,102,561,651,90,True
48,124,561,636,75,True
58,126,561,636,75,True
61,108,561,636,75,True
67,113,561,643,82,True
71,106,561,636,75,True
73,104,561,651,90,True
74,106,561,643,82,True
78,122,561,636,75,True
79,118,561,643,82,True
5,91,562,626,64,True
10,120,562,643,81,True
14,111,562,604,42,True
23,105,562,643,81,True
25,126,562,678,116,True
26,129,562,626,64,True
29,113,562,678,116,True
31,98,562,678,116,True
34,113,562,678,116,True
46,102,562,636,74,True
49,121,562,636,74,True
51,119,562,636,74,True
57,117,562,643,81,True
61,109,562,636,74,True
62,96,562,643,81,True
64,100,562,636,74,True
67,114,562,651,89,True
68,101,562,651,89,True
69,106,562,643,81,True
71,107,562,636,74,True
74,107,562,643,81,True
76,112,562,651,89,True
0,111,563,678,115,True
4,111,563,678,115,True
9,106,563,678,115,True
11,107,563,678,115,True
15,101,563,626,63,True
21,109,563,626,63,True
23,106,563,643,80,True
24,116,563,678,115,True
32,131,563,626,63,True
37,111,563,626,63,True
39,123,563,626,63,True
44,121,563,643,80,True
56,104,563,643,80,True
63,125,563,643,80,True
64,101,563,636,73,True
75,115,563,636,73,True
76,113,563,651,88,True
77,97,563,643,80,True
5,92,564,626,62,True
6,121,564,678,114,True
14,112,564,604,40,True
15,102,564,626,62,True
16,115,564,678,114,True
21,110,564,626,62,True
30,117,564,626,62,True
31,99,564,678,114,True
37,112,564,626,62,True
44,122,564,643,79,True
48,125,564,643,79,True
51,120,564,636,72,True
54,117,564,651,87,True
58,127,564,651,87,True
60,114,564,690,126,True
70,134,564,636,72,True
77,98,564,643,79,True
79,119,564,643,79,True
0,112,565,678,113,True
5,93,565,626,61,True
6,122,565,678,113,True
14,113,565,604,39,True
16,116,565,678,113,True
19,108,565,604,39,True
29,114,565,678,113,True
33,121,565,678,113,True
45,113,565,636,71,True
52,119,565,636,71,True
57,118,565,651,86,True
63,126,565,643,78,True
74,108,565,643,78,True
78,123,565,651,86,True
1,105,566,678,112,True
2,109,566,678,112,True
8,101,566,678,112,True
28,119,566,604,38,True
32,132,566,626,60,True
37,113,566,626,60,True
42,117,566,651,85,True
47,104,566,643,77,True
48,126,566,643,77,True
50,103,566,651,85,True
51,121,566,636,70,True
56,105,566,643,77,True
57,119,566,651,85,True
62,97,566,690,124,True
66,113,566,643,77,True
76,114,566,651,85,True
79,120,566,643,77,True
2,110,567,678,111,True
13,130,567,643,76,True
14,114,567,604,37,True
23,107,567,643,76,True
29,115,567,678,111,True
32,133,567,626,59,True
39,124,567,626,59,True
43,103,567,651,84,True
51,122,567,636,69,True
53,111,567,636,69,True
58,128,567,651,84,True
60,115,567,690,123,True
61,110,567,636,69,True
62,98,567,690,123,True
64,102,567,643,76,True
65,119,567,636,69,True
67,115,567,651,84,True
71,108,567,643,76,True
73,105,567,651,84,True
74,109,567,643,76,True
0,113,568,678,110,True
1,106,568,678,110,True
3,81,568,678,110,True
20,107,568,604,36,True
29,116,568,678,110,True
31,100,568,678,110,True
32,134,568,626,58,True
36,114,568,604,36,True
41,116,568,651,83,True
43,104,568,651,83,True
45,114,568,636,68,True
50,104,568,651,83,True
59,118,568,636,68,True
60,116,568,690,122,True
66,114,568,643,75,True
70,135,568,636,68,True
74,110,568,643,75,True
77,99,568,690,122,True
19,109,569,678,109,True
28,120,569,604,35,True
29,117,569,678,109,True
30,118,569,626,57,True
31,101,569,678,109,True
39,125,569,678,109,True
40,133,569,643,74,True
45,115,569,636,67,True
47,105,569,643,74,True
51,123,569,643,74,True
56,106,569,651,82,True
66,115,569,643,74,True
69,107,569,643,74,True
72,107,569,636,67,True
76,115,569,651,82,True
11,108,570,678,108,True
19,110,570,678,108,True
39,126,570,678,108,True
53,112,570,643,73,True
55,110,570,636,66,True
60,117,570,690,120,True
61,111,570,636,66,True
66,116,570,643,73,True
73,106,570,651,81,True
79,121,570,651,81,True
1,107,571,678,107,True
8,102,571,678,107,True
15,103,571,626,55,True
21,111,571,643,72,True
34,114,571,678,107,True
37,114,571,678,107,True
38,102,571,678,107,True
41,117,571,651,80,True
44,123,571,643,72,True
47,106,571,643,72,True
48,127,571,643,72,True
50,105,571,651,80,True
51,124,571,643,72,True
52,120,571,636,65,True
54,118,571,651,80,True
63,127,571,643,72,True
64,103,571,643,72,True
67,116,571,651,80,True
5,94,572,626,54,True
6,123,572,678,106,True
8,103,572,678,106,True
15,104,572,626,54,True
18,115,572,678,106,True
20,108,572,678,106,True
30,119,572,626,54,True
31,102,572,678,106,True
32,135,572,626,54,True
37,115,572,678,106,True
45,116,572,636,64,True
46,103,572,643,71,True
49,122,572,690,118,True
52,121,572,636,64,True
57,120,572,651,79,True
60,118,572,690,118,True
68,102,572,651,79,True
72,108,572,636,64,True
5,95,573,626,53,True
14,115,573,678,105,True
18,116,573,678,105,True
23,108,573,643,70,True
27,114,573,626,53,True
34,115,573,678,105,True
37,116,573,678,105,True
41,118,573,651,78,True
51,125,573,643,70,True
53,113,573,643,70,True
58,129,573,651,78,True
60,119,573,690,117,True
64,104,573,643,70,True
75,116,573,636,63,True
76,116,573,651,78,True
77,100,573,690,117,True
79,122,573,651,78,True
7,109,574,643,69,True
10,121,574,643,69,True
13,131,574,643,69,True
17,113,574,626,52,True
18,117,574,678,104,True
24,117,574,678,104,True
25,127,574,678,104,True
32,136,574,626,52,True
33,122,574,678,104,True
37,117,574,678,104,True
41,119,574,651,77,True
49,123,574,690,116,True
50,106,574,651,77,True
51,126,574,643,69,True
56,107,574,651,77,True
58,130,574,651,77,True
59,119,574,651,77,True
61,112,574,636,62,True
64,105,574,643,69,True
71,109,574,651,77,True
73,107,574,651,77,True
78,124,574,651,77,True
1,108,575,678,103,True
11,109,575,678,103,True
12,124,575,678,103,True
17,114,575,626,51,True
18,118,575,678,103,True
19,111,575,678,103,True
21,112,575,643,68,True
31,103,575,678,103,True
34,116,575,678,103,True
39,127,575,678,103,True
54,119,575,651,76,True
57,121,575,651,76,True
61,113,575,636,61,True
65,120,575,643,68,True
66,117,575,643,68,True
67,117,575,651,76,True
69,108,575,643,68,True
75,117,575,643,68,True
79,123,575,651,76,True
0,114,576,678,102,True
4,112,576,678,102,True
5,96,576,678,102,True
15,105,576,626,50,True
16,117,576,678,102,True
19,112,576,678,102,True
21,113,576,643,67,True
30,120,576,626,50,True
39,128,576,678,102,True
49,124,576,690,114,True
51,127,576,643,67,True
53,114,576,643,67,True
59,120,576,651,75,True
62,99,576,690,114,True
65,121,576,643,67,True
72,109,576,636,60,True
75,118,576,643,67,True
79,124,576,651,75,True
1,109,577,678,101,True
4,113,577,678,101,True
6,124,577,678,101,True
8,104,577,678,101,True
11,110,577,678,101,True
15,106,577,626,49,True
17,115,577,626,49,True
21,114,577,643,66,True
23,109,577,643,66,True
25,128,577,678,101,True
30,121,577,626,49,True
35,104,577,678,101,True
39,129,577,678,101,True
46,104,577,643,66,True
47,107,577,643,66,True
49,125,577,690,113,True
53,115,577,643,66,True
56,108,577,651,74,True
60,120,577,690,113,True
72,110,577,636,59,True
78,125,577,651,74,True
2,111,578,678,100,True
3,82,578,678,100,True
9,107,578,678,100,True
11,111,578,678,100,True
13,132,578,643,65,True
22,118,578,678,100,True
26,130,578,626,48,True
29,118,578,678,100,True
30,122,578,626,48,True
35,105,578,678,100,True
40,134,578,651,73,True
44,124,578,643,65,True
48,128,578,643,65,True
59,121,578,651,73,True
61,114,578,636,58,True
64,106,578,654,76,True
65,122,578,643,65,True
0,115,579,678,99,True
5,97,579,678,99,True
6,125,579,678,99,True
12,125,579,678,99,True
13,133,579,643,64,True
30,123,579,626,47,True
36,115,579,678,99,True
43,105,579,651,72,True
50,107,579,651,72,True
54,120,579,651,72,True
58,131,579,651,72,True
65,123,579,643,64,True
15,107,580,678,98,True
18,119,580,678,98,True
24,118,580,678,98,True
31,104,580,678,98,True
35,106,580,678,98,True
44,125,580,651,71,True
45,117,580,636,56,True
54,121,580,651,71,True
60,121,580,690,110,True
71,110,580,651,71,True
72,111,580,636,56,True
24,119,581,678,97,True
38,103,581,678,97,True
40,135,581,651,70,True
45,118,581,654,73,True
48,129,581,651,70,True
52,122,581,643,62,True
54,122,581,651,70,True
64,107,581,654,73,True
67,118,581,690,109,True
69,109,581,643,62,True
3,83,582,678,96,True
8,105,582,678,96,True
15,108,582,678,96,True
27,115,582,678,96,True
40,136,582,651,69,True
63,128,582,651,69,True
68,103,582,690,108,True
76,117,582,651,69,True
77,101,582,690,108,True
78,126,582,651,69,True
79,125,582,651,69,True
6,126,583,678,95,True
13,134,583,643,60,True
15,109,583,678,95,True
34,117,583,678,95,True
43,106,583,654,71,True
45,119,583,654,71,True
51,128,583,643,60,True
57,122,583,690,107,True
62,100,583,690,107,True
63,129,583,651,68,True
64,108,583,654,71,True
66,118,583,643,60,True
69,110,583,643,60,True
75,119,583,643,60,True
4,114,584,678,94,True
5,98,584,678,94,True
8,106,584,678,94,True
25,129,584,678,94,True
34,118,584,678,94,True
36,116,584,678,94,True
38,104,584,678,94,True
54,123,584,690,106,True
56,109,584,651,67,True
69,111,584,643,59,True
70,136,584,643,59,True
75,120,584,643,59,True
76,118,584,651,67,True
77,102,584,690,106,True
78,127,584,651,67,True
0,116,585,678,93,True
16,118,585,678,93,True
19,113,585,678,93,True
23,110,585,643,58,True
24,120,585,678,93,True
25,130,585,678,93,True
32,137,585,678,93,True
34,119,585,678,93,True
41,120,585,690,105,True
52,123,585,643,58,True
58,132,585,651,66,True
61,115,585,651,66,True
66,119,585,643,58,True
68,104,585,690,105,True
73,108,585,690,105,True
78,128,585,651,66,True
79,126,585,651,66,True
1,110,586,678,92,True
3,84,586,678,92,True
18,120,586,678,92,True
21,115,586,643,57,True
37,118,586,678,92,True
41,121,586,690,104,True
42,118,586,690,104,True
45,120,586,654,68,True
48,130,586,651,65,True
56,110,586,651,65,True
62,101,586,690,104,True
68,105,586,690,104,True
71,111,586,651,65,True
73,109,586,690,104,True
4,115,587,678,91,True
7,110,587,678,91,True
8,107,587,678,91,True
11,112,587,678,91,True
12,126,587,678,91,True
25,131,587,678,91,True
33,123,587,678,91,True
40,137,587,651,64,True
42,119,587,690,103,True
44,126,587,651,64,True
46,105,587,725,138,True
47,108,587,651,64,True
50,108,587,651,64,True
57,123,587,690,103,True
62,102,587,690,103,True
65,124,587,654,67,True
75,121,587,643,56,True
4,116,588,678,90,True
7,111,588,678,90,True
12,127,588,678,90,True
23,111,588,643,55,True
25,132,588,678,90,True
26,131,588,678,90,True
31,105,588,678,90,True
44,127,588,651,63,True
46,106,588,725,137,True
54,124,588,690,102,True
63,130,588,651,63,True
69,112,588,643,55,True
79,127,588,690,102,True
2,112,589,691,102,True
10,122,589,643,54,True
14,116,589,678,89,True
20,109,589,678,89,True
30,124,589,678,89,True
34,120,589,678,89,True
35,107,589,678,89,True
36,117,589,678,89,True
37,119,589,678,89,True
39,130,589,678,89,True
44,128,589,651,62,True
45,121,589,654,65,True
66,120,589,643,54,True
67,119,589,690,101,True
73,110,589,690,101,True
74,111,589,654,65,True
78,129,589,651,62,True
12,128,590,678,88,True
21,116,590,643,53,True
22,119,590,678,88,True
28,121,590,678,88,True
38,105,590,678,88,True
42,120,590,690,100,True
45,122,590,654,64,True
48,131,590,651,61,True
50,109,590,690,100,True
64,109,590,654,64,True
67,120,590,690,100,True
69,113,590,643,53,True
70,137,590,643,53,True
72,112,590,678,88,True
73,111,590,690,100,True
76,119,590,651,61,True
1,111,591,678,87,True
3,85,591,678,87,True
10,123,591,643,52,True
11,113,591,678,87,True
14,117,591,678,87,True
15,110,591,678,87,True
19,114,591,678,87,True
26,132,591,678,87,True
29,119,591,678,87,True
31,106,591,678,87,True
32,138,591,678,87,True
42,121,591,690,99,True
55,111,591,643,52,True
56,111,591,654,63,True
64,110,591,654,63,True
73,112,591,690,99,True
78,130,591,651,60,True
1,112,592,678,86,True
2,113,592,691,99,True
4,117,592,678,86,True
6,127,592,678,86,True
7,112,592,678,86,True
9,108,592,739,147,True
10,124,592,643,51,True
13,135,592,643,51,True
15,111,592,678,86,True
16,119,592,691,99,True
17,116,592,643,51,True
28,122,592,678,86,True
29,120,592,678,86,True
31,107,592,678,86,True
33,124,592,678,86,True
46,107,592,725,133,True
49,126,592,690,98,True
59,122,592,651,59,True
60,122,592,690,98,True
62,103,592,690,98,True
69,114,592,651,59,True
70,138,592,651,59,True
75,122,592,643,51,True
79,128,592,690,98,True
3,86,593,678,85,True
8,108,593,678,85,True
26,133,593,678,85,True
30,125,593,678,85,True
34,121,593,678,85,True
43,107,593,654,61,True
44,129,593,654,61,True
64,111,593,654,61,True
71,112,593,651,58,True
73,113,593,690,97,True
74,112,593,654,61,True
78,131,593,651,58,True
8,109,594,678,84,True
18,121,594,678,84,True
27,116,594,678,84,True
31,108,594,678,84,True
32,139,594,678,84,True
33,125,594,678,84,True
38,106,594,678,84,True
42,122,594,690,96,True
48,132,594,651,57,True
50,110,594,690,96,True
52,124,594,651,57,True
54,125,594,690,96,True
70,139,594,651,57,True
74,113,594,654,60,True
79,129,594,690,96,True
1,113,595,678,83,True
14,118,595,678,83,True
17,117,595,643,48,True
18,122,595,678,83,True
27,117,595,678,83,True
28,123,595,678,83,True
32,140,595,678,83,True
33,126,595,678,83,True
36,118,595,678,83,True
37,120,595,691,96,True
47,109,595,651,56,True
49,127,595,690,95,True
60,123,595,690,95,True
64,112,595,654,59,True
68,106,595,690,95,True
72,113,595,678,83,True
1,114,596,678,82,True
3,87,596,678,82,True
13,136,596,643,47,True
14,119,596,678,82,True
19,115,596,678,82,True
25,133,596,678,82,True
27,118,596,678,82,True
33,127,596,678,82,True
35,108,596,678,82,True
37,121,596,691,95,True
39,131,596,678,82,True
42,123,596,690,94,True
44,130,596,654,58,True
47,110,596,651,55,True
48,133,596,651,55,True
50,111,596,690,94,True
54,126,596,690,94,True
56,112,596,690,94,True
61,116,596,651,55,True
71,113,596,654,58,True
79,130,596,690,94,True
5,99,597,678,81,True
10,125,597,643,46,True
13,137,597,643,46,True
19,116,597,678,81,True
38,107,597,678,81,True
44,131,597,654,57,True
46,108,597,725,128,True
54,127,597,690,93,True
59,123,597,651,54,True
65,125,597,654,57,True
70,140,597,651,54,True
73,114,597,690,93,True
74,114,597,690,93,True
2,114,598,691,93,True
6,128,598,678,80,True
8,110,598,678,80,True
13,138,598,678,80,True
29,121,598,678,80,True
30,126,598,678,80,True
32,141,598,678,80,True
36,119,598,678,80,True
42,124,598,690,92,True
48,134,598,651,53,True
8,111,599,678,79,True
18,123,599,678,79,True
19,117,599,678,79,True
22,120,599,678,79,True
26,134,599,678,79,True
27,119,599,678,79,True
31,109,599,678,79,True
39,132,599,678,79,True
43,108,599,690,91,True
55,112,599,651,52,True
62,104,599,690,91,True
0,117,600,691,91,True
6,129,600,678,78,True
7,113,600,678,78,True
16,120,600,691,91,True
20,110,600,678,78,True
21,117,600,678,78,True
35,109,600,678,78,True
40,138,600,690,90,True
58,133,600,690,90,True
59,124,600,651,51,True
60,124,600,690,90,True
68,107,600,690,90,True
69,115,600,690,90,True
72,114,600,678,78,True
79,131,600,690,90,True
1,115,601,678,77,True
10,126,601,643,42,True
17,118,601,678,77,True
31,110,601,678,77,True
32,142,601,678,77,True
35,110,601,678,77,True
37,122,601,691,90,True
38,108,601,678,77,True
48,135,601,651,50,True
49,128,601,690,89,True
50,112,601,690,89,True
54,128,601,690,89,True
58,134,601,690,89,True
67,121,601,690,89,True
69,116,601,690,89,True
71,114,601,654,53,True
72,115,601,678,77,True
74,115,601,690,89,True
79,132,601,690,89,True
1,116,602,678,76,True
8,112,602,678,76,True
10,127,602,678,76,True
11,114,602,691,89,True
14,120,602,678,76,True
23,112,602,678,76,True
29,122,602,678,76,True
30,127,602,678,76,True
32,143,602,678,76,True
34,122,602,678,76,True
35,111,602,678,76,True
36,120,602,678,76,True
39,133,602,678,76,True
42,125,602,690,88,True
45,123,602,654,52,True
48,136,602,651,49,True
49,129,602,690,88,True
53,116,602,651,49,True
54,129,602,690,88,True
56,113,602,690,88,True
60,125,602,690,88,True
74,116,602,690,88,True
3,88,603,678,75,True
5,100,603,678,75,True
22,121,603,678,75,True
23,113,603,678,75,True
30,128,603,678,75,True
35,112,603,678,75,True
41,122,603,690,87,True
43,109,603,690,87,True
47,111,603,690,87,True
51,129,603,678,75,True
52,125,603,690,87,True
60,126,603,690,87,True
61,117,603,651,48,True
64,113,603,654,51,True
68,108,603,690,87,True
69,117,603,690,87,True
70,141,603,654,51,True
74,117,603,690,87,True
4,118,604,678,74,True
23,114,604,678,74,True
28,124,604,678,74,True
44,132,604,690,86,True
47,112,604,690,86,True
58,135,604,690,86,True
59,125,604,690,86,True
69,118,604,690,86,True
71,115,604,654,50,True
72,116,604,678,74,True
74,118,604,690,86,True
2,115,605,691,86,True
13,139,605,678,73,True
14,121,605,678,73,True
16,121,605,691,86,True
17,119,605,678,73,True
19,118,605,678,73,True
32,144,605,678,73,True
36,121,605,678,73,True
37,123,605,691,86,True
45,124,605,654,49,True
46,109,605,725,120,True
48,137,605,651,46,True
50,113,605,690,85,True
53,117,605,651,46,True
67,122,605,690,85,True
70,142,605,654,49,True
76,120,605,690,85,True
78,132,605,654,49,True
79,133,605,690,85,True
0,118,606,691,85,True
2,116,606,691,85,True
12,129,606,678,72,True
14,122,606,678,72,True
17,120,606,678,72,True
23,115,606,678,72,True
24,121,606,739,133,True
28,125,606,678,72,True
36,122,606,678,72,True
61,118,606,690,84,True
62,105,606,690,84,True
64,114,606,654,48,True
68,109,606,745,139,True
9,109,607,739,132,True
15,112,607,678,71,True
26,135,607,678,71,True
32,145,607,678,71,True
33,128,607,739,132,True
36,123,607,678,71,True
46,110,607,725,118,True
49,130,607,690,83,True
51,130,607,678,71,True
52,126,607,690,83,True
53,118,607,651,44,True
55,113,607,651,44,True
59,126,607,690,83,True
62,106,607,745,138,True
64,115,607,654,47,True
67,123,607,690,83,True
73,115,607,745,138,True
75,123,607,651,44,True
76,121,607,690,83,True
6,130,608,691,83,True
29,123,608,678,70,True
32,146,608,678,70,True
41,123,608,745,137,True
43,110,608,690,82,True
49,131,608,690,82,True
52,127,608,690,82,True
53,119,608,690,82,True
54,130,608,690,82,True
55,114,608,651,43,True
58,136,608,690,82,True
65,126,608,654,46,True
66,121,608,690,82,True
2,117,609,691,82,True
8,113,609,678,69,True
13,140,609,678,69,True
14,123,609,678,69,True
41,124,609,745,136,True
43,111,609,690,81,True
46,111,609,725,116,True
47,113,609,690,81,True
51,131,609,678,69,True
55,115,609,690,81,True
58,137,609,690,81,True
61,119,609,690,81,True
62,107,609,745,136,True
63,131,609,690,81,True
76,122,609,690,81,True
77,103,609,690,81,True
79,134,609,690,81,True
17,121,610,678,68,True
19,119,610,678,68,True
21,118,610,678,68,True
23,116,610,678,68,True
34,123,610,678,68,True
38,109,610,678,68,True
41,125,610,745,135,True
52,128,610,690,80,True
60,127,610,690,80,True
62,108,610,745,135,True
70,143,610,654,44,True
0,119,611,691,80,True
16,122,611,691,80,True
19,120,611,678,67,True
22,122,611,678,67,True
27,120,611,678,67,True
36,124,611,678,67,True
37,124,611,691,80,True
38,110,611,678,67,True
40,139,611,690,79,True
44,133,611,690,79,True
49,132,611,690,79,True
52,129,611,690,79,True
61,120,611,690,79,True
65,127,611,654,43,True
68,110,611,745,134,True
8,114,612,678,66,True
9,110,612,739,127,True
16,123,612,691,79,True
22,123,612,678,66,True
28,126,612,678,66,True
36,125,612,678,66,True
39,134,612,678,66,True
43,112,612,690,78,True
48,138,612,690,78,True
54,131,612,745,133,True
55,116,612,690,78,True
60,128,612,725,113,True
62,109,612,745,133,True
66,122,612,690,78,True
69,119,612,690,78,True
2,118,613,691,78,True
3,89,613,678,65,True
11,115,613,739,126,True
14,124,613,678,65,True
16,124,613,691,78,True
18,124,613,691,78,True
23,117,613,708,95,True
27,121,613,678,65,True
32,147,613,678,65,True
34,124,613,678,65,True
42,126,613,690,77,True
52,130,613,690,77,True
54,132,613,745,132,True
62,110,613,745,132,True
64,116,613,690,77,True
69,120,613,690,77,True
70,144,613,654,41,True
78,133,613,654,41,True
15,113,614,678,64,True
19,121,614,678,64,True
20,111,614,678,64,True
21,119,614,678,64,True
24,122,614,739,125,True
27,122,614,678,64,True
42,127,614,690,76,True
43,113,614,690,76,True
46,112,614,725,111,True
48,139,614,690,76,True
49,133,614,690,76,True
53,120,614,690,76,True
57,124,614,745,131,True
63,132,614,690,76,True
64,117,614,690,76,True
70,145,614,690,76,True
76,123,614,690,76,True
79,135,614,745,131,True
2,119,615,691,76,True
3,90,615,678,63,True
8,115,615,678,63,True
13,141,615,678,63,True
18,125,615,691,76,True
21,120,615,678,63,True
28,127,615,678,63,True
29,124,615,678,63,True
36,126,615,678,63,True
42,128,615,690,75,True
45,125,615,690,75,True
49,134,615,690,75,True
53,121,615,690,75,True
65,128,615,690,75,True
66,123,615,690,75,True
69,121,615,690,75,True
73,116,615,745,130,True
76,124,615,690,75,True
1,117,616,678,62,True
11,116,616,739,123,True
13,142,616,678,62,True
19,122,616,678,62,True
21,121,616,691,75,True
27,123,616,678,62,True
32,148,616,678,62,True
35,113,616,691,75,True
37,125,616,691,75,True
46,113,616,725,109,True
48,140,616,690,74,True
58,138,616,690,74,True
61,121,616,690,74,True
62,111,616,745,129,True
74,119,616,725,109,True
75,124,616,690,74,True
79,136,616,745,129,True
29,125,617,678,61,True
32,149,617,678,61,True
42,129,617,745,128,True
48,141,617,690,73,True
50,114,617,690,73,True
51,132,617,678,61,True
55,117,617,690,73,True
60,129,617,725,108,True
66,124,617,690,73,True
68,111,617,745,128,True
72,117,617,690,73,True
74,120,617,725,108,True
76,125,617,690,73,True
2,120,618,691,73,True
17,122,618,678,60,True
18,126,618,691,73,True
41,126,618,745,127,True
46,114,618,725,107,True
51,133,618,678,60,True
53,122,618,690,72,True
76,126,618,690,72,True
77,104,618,745,127,True
12,130,619,678,59,True
13,143,619,691,72,True
17,123,619,678,59,True
20,112,619,678,59,True
26,136,619,678,59,True
30,129,619,708,89,True
34,125,619,691,72,True
35,114,619,739,120,True
51,134,619,678,59,True
53,123,619,690,71,True
64,118,619,690,71,True
74,121,619,725,106,True
1,118,620,678,58,True
2,121,620,691,71,True
6,131,620,739,119,True
25,134,620,678,58,True
26,137,620,678,58,True
29,126,620,678,58,True
34,126,620,691,71,True
45,126,620,690,70,True
56,114,620,725,105,True
64,119,620,690,70,True
69,122,620,690,70,True
75,125,620,690,70,True
7,114,621,691,70,True
8,116,621,678,57,True
10,128,621,678,57,True
12,131,621,678,57,True
17,124,621,678,57,True
18,127,621,691,70,True
28,128,621,691,70,True
33,129,621,739,118,True
42,130,621,745,124,True
45,127,621,690,69,True
47,114,621,690,69,True
57,125,621,745,124,True
61,122,621,690,69,True
62,112,621,745,124,True
66,125,621,690,69,True
68,112,621,745,124,True
69,123,621,690,69,True
71,116,621,690,69,True
75,126,621,690,69,True
78,134,621,690,69,True
3,91,622,691,69,True
6,132,622,739,117,True
16,125,622,691,69,True
23,118,622,708,86,True
24,123,622,739,117,True
26,138,622,678,56,True
29,127,622,678,56,True
31,111,622,691,69,True
33,130,622,739,117,True
34,127,622,691,69,True
38,111,622,678,56,True
40,140,622,690,68,True
46,115,622,725,103,True
53,124,622,690,68,True
70,146,622,690,68,True
78,135,622,690,68,True
4,119,623,691,68,True
7,115,623,691,68,True
10,129,623,678,55,True
13,144,623,691,68,True
16,126,623,691,68,True
20,113,623,678,55,True
27,124,623,678,55,True
34,128,623,691,68,True
43,114,623,725,102,True
47,115,623,690,67,True
49,135,623,745,122,True
62,113,623,745,122,True
63,133,623,745,122,True
64,120,623,690,67,True
71,117,623,690,67,True
76,127,623,690,67,True
77,105,623,745,122,True
5,101,624,691,67,True
6,133,624,739,115,True
8,117,624,678,54,True
9,111,624,739,115,True
10,130,624,678,54,True
11,117,624,739,115,True
12,132,624,678,54,True
16,127,624,691,67,True
21,122,624,691,67,True
23,119,624,708,84,True
24,124,624,739,115,True
25,135,624,678,54,True
26,139,624,691,67,True
38,112,624,678,54,True
48,142,624,690,66,True
49,136,624,745,121,True
51,135,624,725,101,True
54,133,624,745,121,True
70,147,624,690,66,True
76,128,624,690,66,True
77,106,624,745,121,True
1,119,625,678,53,True
2,122,625,691,66,True
6,134,625,739,114,True
11,118,625,739,114,True
16,128,625,691,66,True
18,128,625,691,66,True
19,123,625,678,53,True
24,125,625,739,114,True
38,113,625,678,53,True
39,135,625,678,53,True
41,127,625,745,120,True
44,134,625,690,65,True
46,116,625,725,100,True
48,143,625,690,65,True
49,137,625,745,120,True
50,115,625,725,100,True
68,113,625,745,120,True
75,127,625,690,65,True
78,136,625,690,65,True
6,135,626,739,113,True
14,125,626,691,65,True
18,129,626,691,65,True
30,130,626,708,82,True
34,129,626,691,65,True
42,131,626,745,119,True
47,116,626,690,64,True
54,134,626,745,119,True
65,129,626,690,64,True
74,122,626,725,99,True
0,120,627,691,64,True
3,92,627,691,64,True
14,126,627,691,64,True
21,123,627,691,64,True
27,125,627,708,81,True
29,128,627,691,64,True
30,131,627,708,81,True
31,112,627,691,64,True
63,134,627,745,118,True
65,130,627,690,63,True
70,148,627,690,63,True
79,137,627,745,118,True
7,116,628,691,63,True
29,129,628,691,63,True
30,132,628,708,80,True
39,136,628,691,63,True
55,118,628,690,62,True
61,123,628,690,62,True
73,117,628,745,117,True
77,107,628,745,117,True
79,138,628,745,117,True
0,121,629,691,62,True
1,120,629,678,49,True
6,136,629,739,110,True
7,117,629,691,62,True
10,131,629,691,62,True
16,129,629,691,62,True
19,124,629,678,49,True
23,120,629,708,79,True
25,136,629,678,49,True
41,128,629,745,116,True
43,115,629,745,116,True
45,128,629,690,61,True
46,117,629,725,96,True
48,144,629,690,61,True
49,138,629,745,116,True
51,136,629,725,96,True
52,131,629,690,61,True
54,135,629,745,116,True
57,126,629,745,116,True
58,139,629,725,96,True
59,127,629,690,61,True
65,131,629,690,61,True
67,124,629,745,116,True
70,149,629,690,61,True
72,118,629,690,61,True
74,123,629,725,96,True
78,137,629,690,61,True
5,102,630,691,61,True
7,118,630,691,61,True
18,130,630,691,61,True
20,114,630,678,48,True
23,121,630,708,78,True
25,137,630,678,48,True
28,129,630,691,61,True
32,150,630,691,61,True
35,115,630,739,109,True
44,135,630,725,95,True
63,135,630,745,115,True
66,126,630,690,60,True
70,150,630,690,60,True
3,93,631,691,60,True
13,145,631,708,77,True
14,127,631,691,60,True
19,125,631,678,47,True
36,127,631,690,59,True
41,129,631,745,114,True
45,129,631,690,59,True
50,116,631,725,94,True
53,125,631,690,59,True
61,124,631,690,59,True
62,114,631,745,114,True
65,132,631,690,59,True
67,125,631,745,114,True
75,128,631,725,94,True
78,138,631,690,59,True
5,103,632,691,59,True
14,128,632,691,59,True
16,130,632,739,107,True
23,122,632,708,76,True
27,126,632,708,76,True
29,130,632,691,59,True
35,116,632,739,107,True
42,132,632,745,113,True
43,116,632,745,113,True
44,136,632,725,93,True
51,137,632,725,93,True
60,130,632,725,93,True
62,115,632,745,113,True
63,136,632,745,113,True
65,133,632,725,93,True
68,114,632,745,113,True
70,151,632,690,58,True
72,119,632,690,58,True
79,139,632,745,113,True
2,123,633,691,58,True
3,94,633,691,58,True
10,132,633,691,58,True
18,131,633,691,58,True
48,145,633,690,57,True
52,132,633,690,57,True
54,136,633,745,112,True
63,137,633,745,112,True
71,118,633,725,92,True
72,120,633,690,57,True
79,140,633,745,112,True
3,95,634,691,57,True
4,120,634,739,105,True
5,104,634,691,57,True
7,119,634,691,57,True
9,112,634,739,105,True
16,131,634,739,105,True
17,125,634,691,57,True
18,132,634,691,57,True
25,138,634,691,57,True
31,113,634,691,57,True
32,151,634,691,57,True
36,128,634,690,56,True
37,126,634,691,57,True
38,114,634,691,57,True
44,137,634,725,91,True
46,118,634,745,111,True
59,128,634,690,56,True
68,115,634,745,111,True
70,152,634,690,56,True
78,139,634,690,56,True
2,124,635,691,56,True
3,96,635,691,56,True
11,119,635,739,104,True
17,126,635,725,90,True
22,124,635,708,73,True
29,131,635,691,56,True
32,152,635,691,56,True
37,127,635,691,56,True
39,137,635,691,56,True
43,117,635,745,110,True
45,130,635,690,55,True
46,119,635,745,110,True
47,117,635,745,110,True
54,137,635,745,110,True
55,119,635,690,55,True
69,124,635,745,110,True
70,153,635,690,55,True
71,119,635,725,90,True
1,121,636,691,55,True
3,97,636,691,55,True
10,133,636,691,55,True
15,114,636,691,55,True
20,115,636,691,55,True
21,124,636,708,72,True
23,123,636,739,103,True
25,139,636,691,55,True
36,129,636,691,55,True
39,138,636,691,55,True
43,118,636,745,109,True
50,117,636,725,89,True
51,138,636,725,89,True
55,120,636,690,54,True
58,140,636,725,89,True
68,116,636,745,109,True
73,118,636,745,109,True
78,140,636,690,54,True
79,141,636,745,109,True
2,125,637,691,54,True
4,121,637,739,102,True
8,118,637,691,54,True
11,120,637,739,102,True
13,146,637,708,71,True
16,132,637,739,102,True
29,132,637,691,54,True
34,130,637,691,54,True
39,139,637,691,54,True
44,138,637,725,88,True
45,131,637,690,53,True
59,129,637,725,88,True
63,138,637,745,108,True
64,121,637,690,53,True
65,134,637,725,88,True
72,121,637,690,53,True
75,129,637,725,88,True
77,108,637,745,108,True
78,141,637,690,53,True
79,142,637,745,108,True
0,122,638,691,53,True
4,122,638,739,101,True
12,133,638,691,53,True
22,125,638,708,70,True
23,124,638,739,101,True
31,114,638,739,101,True
39,140,638,691,53,True
51,139,638,725,87,True
55,121,638,690,52,True
65,135,638,725,87,True
68,117,638,745,107,True
74,124,638,745,107,True
9,113,639,739,100,True
12,134,639,708,69,True
14,129,639,691,52,True
38,115,639,691,52,True
40,141,639,725,86,True
54,138,639,745,106,True
57,127,639,745,106,True
59,130,639,725,86,True
61,125,639,690,51,True
62,116,639,745,106,True
71,120,639,725,86,True
75,130,639,725,86,True
79,143,639,745,106,True
5,105,640,691,51,True
8,119,640,691,51,True
11,121,640,739,99,True
12,135,640,708,68,True
36,130,640,691,51,True
39,141,640,691,51,True
45,132,640,690,50,True
48,146,640,725,85,True
52,133,640,725,85,True
55,122,640,690,50,True
67,126,640,745,105,True
74,125,640,745,105,True
78,142,640,745,105,True
0,123,641,691,50,True
1,122,641,691,50,True
3,98,641,691,50,True
18,133,641,739,98,True
20,116,641,691,50,True
22,126,641,708,67,True
25,140,641,739,98,True
30,133,641,708,67,True
31,115,641,739,98,True
55,123,641,690,49,True
58,141,641,725,84,True
59,131,641,725,84,True
64,122,641,690,49,True
70,154,641,725,84,True
6,137,642,739,97,True
15,115,642,691,49,True
16,133,642,739,97,True
22,127,642,708,66,True
30,134,642,708,66,True
32,153,642,708,66,True
40,142,642,725,83,True
44,139,642,725,83,True
50,118,642,745,103,True
55,124,642,690,48,True
58,142,642,725,83,True
61,126,642,690,48,True
66,127,642,725,83,True
68,118,642,745,103,True
69,125,642,745,103,True
72,122,642,691,49,True
79,144,642,745,103,True
1,123,643,691,48,True
2,126,643,691,48,True
11,122,643,739,96,True
13,147,643,708,65,True
18,134,643,739,96,True
19,126,643,739,96,True
23,125,643,739,96,True
29,133,643,739,96,True
31,116,643,739,96,True
33,131,643,739,96,True
42,133,643,745,102,True
54,139,643,745,102,True
55,125,643,691,48,True
56,115,643,745,102,True
69,126,643,745,102,True
72,123,643,691,48,True
33,132,644,739,95,True
36,131,644,691,47,True
41,130,644,745,101,True
59,132,644,725,81,True
61,127,644,690,46,True
64,123,644,725,81,True
66,128,644,725,81,True
71,121,644,725,81,True
79,145,644,745,101,True
6,138,645,739,94,True
8,120,645,739,94,True
13,148,645,708,63,True
15,116,645,691,46,True
22,128,645,708,63,True
24,126,645,739,94,True
31,117,645,739,94,True
33,133,645,739,94,True
34,131,645,691,46,True
48,147,645,745,100,True
58,143,645,745,100,True
63,139,645,745,100,True
69,127,645,745,100,True
70,155,645,725,80,True
71,122,645,725,80,True
73,119,645,745,100,True
0,124,646,691,45,True
5,106,646,739,93,True
7,120,646,708,62,True
9,114,646,739,93,True
14,130,646,691,45,True
20,117,646,691,45,True
22,129,646,708,62,True
23,126,646,739,93,True
28,130,646,691,45,True
29,134,646,739,93,True
36,132,646,691,45,True
37,128,646,691,45,True
44,140,646,725,79,True
51,140,646,725,79,True
53,126,646,725,79,True
56,116,646,745,99,True
58,144,646,745,99,True
60,131,646,763,117,True
65,136,646,725,79,True
66,129,646,725,79,True
67,127,646,745,99,True
70,156,646,725,79,True
73,120,646,745,99,True
75,131,646,725,79,True
79,146,646,745,99,True
9,115,647,739,92,True
15,117,647,691,44,True
33,134,647,739,92,True
35,117,647,739,92,True
36,133,647,691,44,True
37,129,647,691,44,True
46,120,647,745,98,True
56,117,647,745,98,True
58,145,647,745,98,True
59,133,647,745,98,True
63,140,647,745,98,True
72,124,647,691,44,True
73,121,647,745,98,True
75,132,647,725,78,True
76,129,647,745,98,True
1,124,648,739,91,True
5,107,648,739,91,True
8,121,648,739,91,True
10,134,648,691,43,True
13,149,648,708,60,True
14,131,648,691,43,True
20,118,648,691,43,True
23,127,648,739,91,True
25,141,648,739,91,True
39,142,648,708,60,True
41,131,648,745,97,True
42,134,648,745,97,True
44,141,648,725,77,True
48,148,648,745,97,True
49,139,648,745,97,True
58,146,648,745,97,True
68,119,648,745,97,True
71,123,648,745,97,True
73,122,648,745,97,True
12,136,649,739,90,True
21,125,649,725,76,True
33,135,649,739,90,True
34,132,649,739,90,True
39,143,649,708,59,True
44,142,649,725,76,True
45,133,649,725,76,True
51,141,649,725,76,True
63,141,649,745,96,True
67,128,649,745,96,True
72,125,649,691,42,True
74,126,649,745,96,True
7,121,650,708,58,True
10,135,650,691,41,True
21,126,650,725,75,True
32,154,650,708,58,True
37,130,650,739,89,True
44,143,650,725,75,True
52,134,650,725,75,True
58,147,650,745,95,True
60,132,650,763,113,True
62,117,650,745,95,True
72,126,650,691,41,True
76,130,650,745,95,True
15,118,651,691,40,True
22,130,651,708,57,True
23,128,651,739,88,True
29,135,651,739,88,True
30,135,651,739,88,True
33,136,651,739,88,True
35,118,651,739,88,True
39,144,651,708,57,True
49,140,651,763,112,True
60,133,651,763,112,True
61,128,651,725,74,True
69,128,651,745,94,True
4,123,652,739,87,True
15,119,652,691,39,True
19,127,652,739,87,True
26,140,652,739,87,True
32,155,652,708,56,True
36,134,652,691,39,True
47,118,652,745,93,True
50,119,652,745,93,True
58,148,652,745,93,True
68,120,652,745,93,True
69,129,652,745,93,True
78,143,652,745,93,True
7,122,653,708,55,True
11,123,653,739,86,True
13,150,653,708,55,True
15,120,653,691,38,True
24,127,653,739,86,True
29,136,653,739,86,True
30,136,653,739,86,True
34,133,653,739,86,True
36,135,653,691,38,True
41,132,653,745,92,True
42,135,653,745,92,True
45,134,653,725,72,True
52,135,653,745,92,True
55,126,653,725,72,True
58,149,653,745,92,True
59,134,653,745,92,True
60,134,653,763,110,True
65,137,653,745,92,True
67,129,653,745,92,True
73,123,653,745,92,True
2,127,654,739,85,True
8,122,654,739,85,True
12,137,654,739,85,True
14,132,654,691,37,True
15,121,654,691,37,True
30,137,654,739,85,True
34,134,654,739,85,True
37,131,654,739,85,True
39,145,654,739,85,True
44,144,654,745,91,True
48,149,654,745,91,True
55,127,654,725,71,True
58,150,654,745,91,True
62,118,654,745,91,True
65,138,654,745,91,True
66,130,654,745,91,True
4,124,655,739,84,True
7,123,655,708,53,True
11,124,655,739,84,True
15,122,655,691,36,True
17,127,655,725,70,True
22,131,655,739,84,True
32,156,655,708,53,True
55,128,655,725,70,True
60,135,655,763,108,True
77,109,655,745,90,True
78,144,655,745,90,True
8,123,656,739,83,True
10,136,656,725,69,True
14,133,656,691,35,True
24,128,656,739,83,True
27,127,656,708,52,True
29,137,656,739,83,True
31,118,656,739,83,True
33,137,656,739,83,True
36,136,656,691,35,True
46,121,656,745,89,True
48,150,656,745,89,True
49,141,656,763,107,True
53,127,656,745,89,True
65,139,656,745,89,True
75,133,656,725,69,True
76,131,656,745,89,True
77,110,656,745,89,True
0,125,657,739,82,True
2,128,657,739,82,True
5,108,657,739,82,True
15,123,657,739,82,True
16,134,657,739,82,True
23,129,657,739,82,True
25,142,657,739,82,True
35,119,657,739,82,True
37,132,657,739,82,True
41,133,657,745,88,True
43,119,657,745,88,True
50,120,657,745,88,True
53,128,657,745,88,True
56,118,657,745,88,True
61,129,657,745,88,True
62,119,657,745,88,True
70,157,657,745,88,True
75,134,657,725,68,True
10,137,658,725,67,True
21,127,658,725,67,True
24,129,658,739,81,True
31,119,658,739,81,True
40,143,658,745,87,True
46,122,658,745,87,True
51,142,658,725,67,True
52,136,658,745,87,True
56,119,658,745,87,True
69,130,658,745,87,True
70,158,658,745,87,True
71,124,658,745,87,True
74,127,658,745,87,True
77,111,658,745,87,True
5,109,659,739,80,True
9,116,659,739,80,True
18,135,659,739,80,True
21,128,659,725,66,True
26,141,659,739,80,True
33,138,659,739,80,True
35,120,659,739,80,True
41,134,659,745,86,True
43,120,659,745,86,True
51,143,659,725,66,True
69,131,659,745,86,True
72,127,659,745,86,True
73,124,659,745,86,True
79,147,659,745,86,True
1,125,660,739,79,True
2,129,660,739,79,True
3,99,660,739,79,True
10,138,660,725,65,True
17,128,660,725,65,True
25,143,660,739,79,True
27,128,660,739,79,True
35,121,660,739,79,True
40,144,660,745,85,True
46,123,660,745,85,True
48,151,660,745,85,True
49,142,660,763,103,True
52,137,660,745,85,True
53,129,660,745,85,True
57,128,660,745,85,True
65,140,660,745,85,True
66,131,660,745,85,True
70,159,660,745,85,True
74,128,660,745,85,True
77,112,660,745,85,True
3,100,661,739,78,True
4,125,661,739,78,True
5,110,661,739,78,True
16,135,661,739,78,True
18,136,661,739,78,True
27,129,661,739,78,True
33,139,661,739,78,True
39,146,661,739,78,True
45,135,661,745,84,True
48,152,661,745,84,True
65,141,661,745,84,True
75,135,661,745,84,True
77,113,661,745,84,True
79,148,661,745,84,True
1,126,662,739,77,True
3,101,662,739,77,True
10,139,662,725,63,True
15,124,662,739,77,True
20,119,662,739,77,True
27,130,662,739,77,True
29,138,662,739,77,True
31,120,662,739,77,True
38,116,662,739,77,True
42,136,662,745,83,True
44,145,662,745,83,True
46,124,662,745,83,True
51,144,662,725,63,True
57,129,662,745,83,True
59,135,662,745,83,True
65,142,662,745,83,True
68,121,662,745,83,True
70,160,662,745,83,True
9,117,663,739,76,True
12,138,663,739,76,True
18,137,663,739,76,True
20,120,663,739,76,True
26,142,663,739,76,True
42,137,663,745,82,True
43,121,663,763,100,True
48,153,663,745,82,True
58,151,663,763,100,True
68,122,663,745,82,True
70,161,663,745,82,True
75,136,663,745,82,True
76,132,663,745,82,True
78,145,663,745,82,True
3,102,664,739,75,True
11,125,664,762,98,True
23,130,664,739,75,True
24,130,664,739,75,True
25,144,664,739,75,True
33,140,664,739,75,True
36,137,664,739,75,True
42,138,664,745,81,True
43,122,664,763,99,True
44,146,664,745,81,True
46,125,664,745,81,True
53,130,664,745,81,True
69,132,664,745,81,True
1,127,665,739,74,True
6,139,665,739,74,True
11,126,665,762,97,True
22,132,665,739,74,True
23,131,665,739,74,True
27,131,665,739,74,True
29,139,665,739,74,True
31,121,665,739,74,True
32,157,665,739,74,True
33,141,665,739,74,True
44,147,665,745,80,True
51,145,665,725,60,True
64,124,665,745,80,True
78,146,665,745,80,True
79,149,665,745,80,True
4,126,666,762,96,True
6,140,666,739,73,True
9,118,666,739,73,True
10,140,666,725,59,True
12,139,666,739,73,True
13,151,666,739,73,True
16,136,666,739,73,True
17,129,666,725,59,True
23,132,666,739,73,True
35,122,666,739,73,True
38,117,666,739,73,True
42,139,666,745,79,True
50,121,666,763,97,True
52,138,666,745,79,True
55,129,666,745,79,True
64,125,666,745,79,True
65,143,666,745,79,True
68,123,666,775,109,True
76,133,666,745,79,True
77,114,666,745,79,True
0,126,667,739,72,True
3,103,667,739,72,True
18,138,667,739,72,True
19,128,667,739,72,True
20,121,667,739,72,True
21,129,667,762,95,True
25,145,667,739,72,True
29,140,667,739,72,True
32,158,667,739,72,True
38,118,667,739,72,True
42,140,667,745,78,True
43,123,667,763,96,True
47,119,667,745,78,True
48,154,667,745,78,True
50,122,667,763,96,True
51,146,667,725,58,True
55,130,667,745,78,True
57,130,667,745,78,True
59,136,667,745,78,True
64,126,667,775,108,True
69,133,667,745,78,True
70,162,667,745,78,True
71,125,667,745,78,True
73,125,667,775,108,True
74,129,667,763,96,True
77,115,667,745,78,True
0,127,668,739,71,True
4,127,668,762,94,True
5,111,668,739,71,True
6,141,668,739,71,True
7,124,668,739,71,True
12,140,668,739,71,True
22,133,668,739,71,True
27,132,668,739,71,True
29,141,668,739,71,True
44,148,668,745,77,True
45,136,668,745,77,True
47,120,668,745,77,True
53,131,668,745,77,True
55,131,668,745,77,True
65,144,668,745,77,True
70,163,668,745,77,True
2,130,669,739,70,True
6,142,669,739,70,True
11,127,669,762,93,True
15,125,669,739,70,True
21,130,669,762,93,True
33,142,669,739,70,True
34,135,669,739,70,True
35,123,669,739,70,True
41,135,669,775,106,True
44,149,669,745,76,True
57,131,669,745,76,True
60,136,669,763,94,True
61,130,669,745,76,True
62,120,669,745,76,True
64,127,669,775,106,True
66,132,669,745,76,True
71,126,669,745,76,True
74,130,669,763,94,True
78,147,669,745,76,True
4,128,670,762,92,True
5,112,670,739,69,True
13,152,670,739,69,True
17,130,670,739,69,True
34,136,670,739,69,True
38,119,670,739,69,True
39,147,670,739,69,True
41,136,670,775,105,True
49,143,670,763,93,True
51,147,670,725,55,True
60,137,670,763,93,True
68,124,670,775,105,True
71,127,670,745,75,True
5,113,671,739,68,True
9,119,671,739,68,True
19,129,671,739,68,True
23,133,671,739,68,True
25,146,671,762,91,True
33,143,671,739,68,True
41,137,671,775,104,True
42,141,671,745,74,True
55,132,671,745,74,True
61,131,671,745,74,True
69,134,671,745,74,True
10,141,672,739,67,True
11,128,672,762,90,True
13,153,672,762,90,True
14,134,672,739,67,True
17,131,672,739,67,True
19,130,672,739,67,True
23,134,672,739,67,True
28,131,672,739,67,True
32,159,672,739,67,True
33,144,672,739,67,True
34,137,672,739,67,True
38,120,672,739,67,True
40,145,672,745,73,True
42,142,672,745,73,True
45,137,672,745,73,True
46,126,672,745,73,True
47,121,672,745,73,True
50,123,672,763,91,True
56,120,672,763,91,True
57,132,672,745,73,True
61,132,672,745,73,True
62,121,672,745,73,True
65,145,672,763,91,True
67,130,672,745,73,True
73,126,672,775,103,True
0,128,673,739,66,True
2,131,673,739,66,True
6,143,673,778,105,True
7,125,673,739,66,True
8,124,673,739,66,True
13,154,673,762,89,True
15,126,673,739,66,True
18,139,673,739,66,True
21,131,673,762,89,True
28,132,673,739,66,True
33,145,673,739,66,True
40,146,673,745,72,True
42,143,673,745,72,True
46,127,673,745,72,True
50,124,673,763,90,True
56,121,673,763,90,True
62,122,673,745,72,True
63,142,673,745,72,True
66,133,673,745,72,True
70,164,673,745,72,True
5,114,674,739,65,True
10,142,674,739,65,True
12,141,674,739,65,True
16,137,674,739,65,True
20,122,674,739,65,True
24,131,674,739,65,True
28,133,674,739,65,True
30,138,674,739,65,True
34,138,674,739,65,True
35,124,674,739,65,True
49,144,674,763,89,True
54,140,674,775,101,True
63,143,674,745,71,True
71,128,674,745,71,True
77,116,674,745,71,True
1,128,675,739,64,True
4,129,675,762,87,True
8,125,675,739,64,True
12,142,675,739,64,True
13,155,675,762,87,True
16,138,675,739,64,True
18,140,675,739,64,True
19,131,675,739,64,True
35,125,675,739,64,True
40,147,675,745,70,True
41,138,675,775,100,True
45,138,675,745,70,True
46,128,675,775,100,True
48,155,675,745,70,True
61,133,675,745,70,True
63,144,675,745,70,True
65,146,675,763,88,True
69,135,675,763,88,True
73,127,675,775,100,True
77,117,675,745,70,True
78,148,675,745,70,True
5,115,676,762,86,True
8,126,676,739,63,True
14,135,676,739,63,True
15,127,676,739,63,True
20,123,676,739,63,True
23,135,676,762,86,True
26,143,676,739,63,True
28,134,676,739,63,True
31,122,676,739,63,True
42,144,676,745,69,True
48,156,676,745,69,True
52,139,676,763,87,True
57,133,676,775,99,True
59,137,676,763,87,True
70,165,676,745,69,True
74,131,676,763,87,True
0,129,677,739,62,True
2,132,677,739,62,True
5,116,677,762,85,True
10,143,677,739,62,True
23,136,677,762,85,True
24,132,677,739,62,True
25,147,677,762,85,True
32,160,677,762,85,True
35,126,677,739,62,True
36,138,677,745,68,True
37,133,677,739,62,True
42,145,677,745,68,True
45,139,677,745,68,True
52,140,677,763,86,True
61,134,677,745,68,True
63,145,677,745,68,True
67,131,677,745,68,True
1,129,678,739,61,True
9,120,678,739,61,True
17,132,678,739,61,True
18,141,678,739,61,True
23,137,678,762,84,True
38,121,678,739,61,True
42,146,678,745,67,True
47,122,678,745,67,True
59,138,678,763,85,True
63,146,678,745,67,True
64,128,678,775,97,True
71,129,678,763,85,True
75,137,678,745,67,True
1,130,679,739,60,True
2,133,679,762,83,True
3,104,679,739,60,True
6,144,679,778,99,True
7,126,679,739,60,True
10,144,679,739,60,True
14,136,679,739,60,True
19,132,679,739,60,True
25,148,679,762,83,True
36,139,679,745,66,True
46,129,679,775,96,True
58,152,679,763,84,True
60,138,679,763,84,True
61,135,679,745,66,True
64,129,679,775,96,True
65,147,679,763,84,True
67,132,679,745,66,True
72,128,679,745,66,True
74,132,679,763,84,True
76,134,679,745,66,True
22,134,680,739,59,True
28,135,680,739,59,True
32,161,680,762,82,True
33,146,680,762,82,True
38,122,680,739,59,True
40,148,680,745,65,True
46,130,680,775,95,True
47,123,680,745,65,True
48,157,680,745,65,True
57,134,680,775,95,True
68,125,680,775,95,True
71,130,680,763,83,True
74,133,680,763,83,True
78,149,680,745,65,True
3,105,681,739,58,True
6,145,681,778,97,True
8,127,681,739,58,True
11,129,681,762,81,True
19,133,681,739,58,True
24,133,681,778,97,True
25,149,681,762,81,True
27,133,681,762,81,True
29,142,681,739,58,True
36,140,681,745,64,True
43,124,681,763,82,True
44,150,681,775,94,True
46,131,681,775,94,True
47,124,681,745,64,True
55,133,681,745,64,True
61,136,681,745,64,True
66,134,681,745,64,True
78,150,681,745,64,True
79,150,681,745,64,True
2,134,682,762,80,True
3,106,682,762,80,True
8,128,682,739,57,True
13,156,682,762,80,True
16,139,682,762,80,True
19,134,682,739,57,True
22,135,682,739,57,True
23,138,682,762,80,True
24,134,682,778,96,True
27,134,682,762,80,True
29,143,682,739,57,True
32,162,682,762,80,True
36,141,682,745,63,True
38,123,682,739,57,True
40,149,682,745,63,True
61,137,682,745,63,True
63,147,682,745,63,True
68,126,682,775,93,True
72,129,682,745,63,True
0,130,683,739,56,True
1,131,683,739,56,True
3,107,683,762,79,True
8,129,683,739,56,True
9,121,683,778,95,True
17,133,683,762,79,True
21,132,683,762,79,True
22,136,683,739,56,True
38,124,683,739,56,True
45,140,683,745,62,True
50,125,683,763,80,True
54,141,683,775,92,True
55,134,683,745,62,True
61,138,683,745,62,True
65,148,683,763,80,True
70,166,683,745,62,True
74,134,683,775,92,True
13,157,684,762,78,True
17,134,684,762,78,True
26,144,684,762,78,True
31,123,684,739,55,True
34,139,684,739,55,True
35,127,684,762,78,True
36,142,684,745,61,True
63,148,684,745,61,True
69,136,684,763,79,True
72,130,684,745,61,True
78,151,684,745,61,True
8,130,685,739,54,True
14,137,685,739,54,True
16,140,685,762,77,True
17,135,685,762,77,True
24,135,685,778,93,True
45,141,685,745,60,True
49,145,685,763,78,True
50,126,685,763,78,True
51,148,685,745,60,True
56,122,685,794,109,True
59,139,685,763,78,True
62,123,685,775,90,True
65,149,685,763,78,True
68,127,685,775,90,True
75,138,685,745,60,True
1,132,686,739,53,True
11,130,686,762,76,True
15,128,686,739,53,True
18,142,686,762,76,True
20,124,686,739,53,True
25,150,686,762,76,True
28,136,686,739,53,True
41,139,686,775,89,True
42,147,686,775,89,True
48,158,686,745,59,True
49,146,686,763,77,True
51,149,686,745,59,True
3,108,687,762,75,True
6,146,687,778,91,True
8,131,687,739,52,True
9,122,687,778,91,True
12,143,687,778,91,True
16,141,687,762,75,True
21,133,687,762,75,True
29,144,687,739,52,True
37,134,687,739,52,True
46,132,687,775,88,True
47,125,687,745,58,True
49,147,687,775,88,True
59,140,687,763,76,True
6,147,688,778,90,True
14,138,688,745,57,True
16,142,688,762,74,True
17,136,688,762,74,True
26,145,688,762,74,True
32,163,688,762,74,True
33,147,688,762,74,True
35,128,688,778,90,True
36,143,688,745,57,True
46,133,688,775,87,True
51,150,688,763,75,True
55,135,688,763,75,True
57,135,688,775,87,True
68,128,688,775,87,True
69,137,688,763,75,True
79,151,688,775,87,True
3,109,689,762,73,True
18,143,689,762,73,True
25,151,689,762,73,True
31,124,689,762,73,True
33,148,689,762,73,True
42,148,689,775,86,True
43,125,689,775,86,True
57,136,689,775,86,True
58,153,689,763,74,True
61,139,689,745,56,True
62,124,689,775,86,True
63,149,689,775,86,True
64,130,689,775,86,True
65,150,689,763,74,True
68,129,689,775,86,True
72,131,689,745,56,True
76,135,689,745,56,True
77,118,689,763,74,True
1,133,690,739,49,True
4,130,690,762,72,True
5,117,690,762,72,True
6,148,690,778,88,True
7,127,690,762,72,True
13,158,690,763,73,True
16,143,690,762,72,True
24,136,690,778,88,True
27,135,690,762,72,True
57,137,690,775,85,True
66,135,690,745,55,True
70,167,690,745,55,True
73,128,690,775,85,True
77,119,690,763,73,True
0,131,691,739,48,True
6,149,691,778,87,True
9,123,691,778,87,True
14,139,691,745,54,True
15,129,691,739,48,True
19,135,691,762,71,True
23,139,691,762,71,True
40,150,691,775,84,True
41,140,691,775,84,True
49,148,691,775,84,True
50,127,691,763,72,True
54,142,691,775,84,True
56,123,691,794,103,True
63,150,691,775,84,True
65,151,691,763,72,True
66,136,691,745,54,True
78,152,691,745,54,True
1,134,692,778,86,True
4,131,692,762,70,True
8,132,692,739,47,True
10,145,692,763,71,True
20,125,692,745,53,True
25,152,692,762,70,True
32,164,692,762,70,True
38,125,692,739,47,True
47,126,692,745,53,True
49,149,692,775,83,True
54,143,692,775,83,True
55,136,692,763,71,True
63,151,692,775,83,True
66,137,692,745,53,True
72,132,692,745,53,True
74,135,692,775,83,True
0,132,693,739,46,True
4,132,693,762,69,True
9,124,693,778,85,True
11,131,693,762,69,True
12,144,693,778,85,True
13,159,693,763,70,True
19,136,693,762,69,True
24,137,693,778,85,True
25,153,693,762,69,True
28,137,693,762,69,True
30,139,693,778,85,True
32,165,693,762,69,True
33,149,693,778,85,True
39,148,693,762,69,True
46,134,693,775,82,True
52,141,693,763,70,True
53,132,693,775,82,True
55,137,693,763,70,True
57,138,693,775,82,True
74,136,693,775,82,True
3,110,694,762,68,True
7,128,694,762,68,True
9,125,694,778,84,True
17,137,694,762,68,True
19,137,694,762,68,True
33,150,694,778,84,True
48,159,694,763,69,True
57,139,694,775,81,True
61,140,694,745,51,True
62,125,694,775,81,True
69,138,694,763,69,True
75,139,694,745,51,True
0,133,695,762,67,True
10,146,695,763,68,True
14,140,695,745,50,True
17,138,695,762,67,True
21,134,695,763,68,True
22,137,695,762,67,True
27,136,695,762,67,True
32,166,695,762,67,True
33,151,695,778,83,True
34,140,695,762,67,True
46,135,695,775,80,True
48,160,695,763,68,True
53,133,695,775,80,True
56,124,695,794,99,True
64,131,695,775,80,True
67,133,695,775,80,True
72,133,695,745,50,True
74,137,695,775,80,True
2,135,696,762,66,True
5,118,696,762,66,True
7,129,696,762,66,True
30,140,696,778,82,True
33,152,696,778,82,True
36,144,696,745,49,True
41,141,696,775,79,True
46,136,696,775,79,True
47,127,696,775,79,True
48,161,696,763,67,True
50,128,696,775,79,True
53,134,696,775,79,True
60,139,696,775,79,True
63,152,696,775,79,True
67,134,696,775,79,True
69,139,696,763,67,True
76,136,696,745,49,True
78,153,696,745,49,True
79,152,696,775,79,True
2,136,697,762,65,True
3,111,697,762,65,True
7,130,697,762,65,True
19,138,697,762,65,True
29,145,697,762,65,True
30,141,697,778,81,True
32,167,697,762,65,True
35,129,697,778,81,True
44,151,697,775,78,True
47,128,697,775,78,True
56,125,697,794,97,True
58,154,697,775,78,True
60,140,697,775,78,True
62,126,697,775,78,True
65,152,697,763,66,True
69,140,697,763,66,True
74,138,697,775,78,True
0,134,698,762,64,True
1,135,698,778,80,True
7,131,698,762,64,True
8,133,698,762,64,True
9,126,698,778,80,True
11,132,698,762,64,True
12,145,698,778,80,True
13,160,698,763,65,True
18,144,698,778,80,True
22,138,698,762,64,True
26,146,698,762,64,True
32,168,698,762,64,True
35,130,698,778,80,True
39,149,698,762,64,True
49,150,698,775,77,True
51,151,698,763,65,True
53,135,698,775,77,True
54,144,698,775,77,True
57,140,698,775,77,True
59,141,698,775,77,True
60,141,698,775,77,True
63,153,698,775,77,True
75,140,698,745,47,True
77,120,698,775,77,True
78,154,698,775,77,True
13,161,699,763,64,True
16,144,699,762,63,True
18,145,699,778,79,True
24,138,699,778,79,True
25,154,699,762,63,True
29,146,699,762,63,True
30,142,699,778,79,True
31,125,699,762,63,True
36,145,699,763,64,True
40,151,699,775,76,True
43,126,699,775,76,True
46,137,699,775,76,True
49,151,699,775,76,True
54,145,699,775,76,True
55,138,699,763,64,True
57,141,699,775,76,True
67,135,699,775,76,True
78,155,699,775,76,True
79,153,699,775,76,True
1,136,700,778,78,True
12,146,700,778,78,True
13,162,700,763,63,True
16,145,700,762,62,True
18,146,700,778,78,True
23,140,700,762,62,True
47,129,700,775,75,True
48,162,700,763,63,True
57,142,700,775,75,True
64,132,700,775,75,True
65,153,700,763,63,True
6,150,701,778,77,True
10,147,701,763,62,True
16,146,701,762,61,True
19,139,701,762,61,True
25,155,701,762,61,True
30,143,701,778,77,True
34,141,701,778,77,True
35,131,701,778,77,True
45,142,701,775,74,True
46,138,701,775,74,True
48,163,701,763,62,True
53,136,701,775,74,True
55,139,701,763,62,True
57,143,701,775,74,True
60,142,701,775,74,True
63,154,701,775,74,True
70,168,701,763,62,True
5,119,702,762,60,True
7,132,702,762,60,True
13,163,702,763,61,True
20,126,702,745,43,True
22,139,702,762,60,True
24,139,702,778,76,True
34,142,702,778,76,True
40,152,702,775,73,True
49,152,702,775,73,True
52,142,702,775,73,True
57,144,702,775,73,True
58,155,702,775,73,True
63,155,702,775,73,True
64,133,702,775,73,True
72,134,702,745,43,True
0,135,703,762,59,True
3,112,703,778,75,True
5,120,703,762,59,True
9,127,703,778,75,True
17,139,703,762,59,True
26,147,703,762,59,True
27,137,703,762,59,True
39,150,703,762,59,True
45,143,703,775,72,True
46,139,703,775,72,True
47,130,703,775,72,True
60,143,703,775,72,True
0,136,704,762,58,True
4,133,704,762,58,True
5,121,704,762,58,True
11,133,704,778,74,True
19,140,704,762,58,True
25,156,704,762,58,True
33,153,704,778,74,True
37,135,704,778,74,True
38,126,704,762,58,True
59,142,704,775,71,True
61,141,704,775,71,True
66,138,704,775,71,True
7,133,705,762,57,True
12,147,705,778,73,True
17,140,705,762,57,True
26,148,705,762,57,True
32,169,705,762,57,True
34,143,705,778,73,True
35,132,705,778,73,True
36,146,705,763,58,True
47,131,705,775,70,True
55,140,705,763,58,True
58,156,705,775,70,True
61,142,705,775,70,True
69,141,705,763,58,True
72,135,705,763,58,True
3,113,706,778,72,True
4,134,706,778,72,True
15,130,706,763,57,True
23,141,706,778,72,True
24,140,706,778,72,True
26,149,706,762,56,True
32,170,706,762,56,True
37,136,706,778,72,True
42,149,706,775,69,True
44,152,706,794,88,True
47,132,706,775,69,True
50,129,706,775,69,True
58,157,706,775,69,True
62,127,706,775,69,True
67,136,706,775,69,True
72,136,706,763,57,True
78,156,706,775,69,True
2,137,707,762,55,True
10,148,707,763,56,True
23,142,707,778,71,True
28,138,707,762,55,True
35,133,707,778,71,True
36,147,707,763,56,True
39,151,707,762,55,True
41,142,707,775,68,True
46,140,707,775,68,True
51,152,707,763,56,True
61,143,707,775,68,True
63,156,707,775,68,True
64,134,707,775,68,True
65,154,707,775,68,True
67,137,707,775,68,True
76,137,707,763,56,True
77,121,707,775,68,True
3,114,708,778,70,True
33,154,708,778,70,True
39,152,708,762,54,True
40,153,708,775,67,True
46,141,708,775,67,True
47,133,708,775,67,True
49,153,708,775,67,True
53,137,708,775,67,True
57,145,708,775,67,True
58,158,708,775,67,True
64,135,708,775,67,True
72,137,708,763,55,True
7,134,709,762,53,True
10,149,709,763,54,True
11,134,709,778,69,True
12,148,709,778,69,True
13,164,709,763,54,True
14,141,709,762,53,True
25,157,709,762,53,True
26,150,709,762,53,True
28,139,709,763,54,True
38,127,709,762,53,True
43,127,709,775,66,True
47,134,709,775,66,True
52,143,709,775,66,True
54,146,709,775,66,True
55,141,709,763,54,True
73,129,709,897,188,True
77,122,709,775,66,True
0,137,710,762,52,True
6,151,710,843,133,True
11,135,710,778,68,True
18,147,710,778,68,True
22,140,710,778,68,True
26,151,710,762,52,True
29,147,710,843,133,True
30,144,710,778,68,True
37,137,710,778,68,True
38,128,710,762,52,True
39,153,710,762,52,True
53,138,710,775,65,True
55,142,710,763,53,True
60,144,710,775,65,True
61,144,710,775,65,True
64,136,710,775,65,True
71,131,710,775,65,True
76,138,710,775,65,True
77,123,710,775,65,True
1,137,711,778,67,True
3,115,711,778,67,True
7,135,711,778,67,True
9,128,711,843,132,True
10,150,711,763,52,True
20,127,711,762,51,True
27,138,711,778,67,True
30,145,711,778,67,True
33,155,711,778,67,True
34,144,711,778,67,True
37,138,711,778,67,True
40,154,711,775,64,True
44,153,711,794,83,True
48,164,711,775,64,True
54,147,711,775,64,True
57,146,711,775,64,True
59,143,711,775,64,True
60,145,711,775,64,True
69,142,711,775,64,True
72,138,711,763,52,True
77,124,711,775,64,True
78,157,711,775,64,True
0,138,712,762,50,True
1,138,712,778,66,True
6,152,712,843,131,True
7,136,712,778,66,True
14,142,712,762,50,True
15,131,712,763,51,True
21,135,712,778,66,True
26,152,712,762,50,True
28,140,712,763,51,True
38,129,712,762,50,True
44,154,712,794,82,True
45,144,712,775,63,True
47,135,712,775,63,True
49,154,712,775,63,True
52,144,712,775,63,True
53,139,712,775,63,True
56,126,712,794,82,True
60,146,712,775,63,True
61,145,712,775,63,True
63,157,712,775,63,True
67,138,712,775,63,True
69,143,712,775,63,True
71,132,712,775,63,True
0,139,713,762,49,True
5,122,713,778,65,True
12,149,713,778,65,True
18,148,713,778,65,True
31,126,713,778,65,True
32,171,713,762,49,True
34,145,713,778,65,True
39,154,713,762,49,True
58,159,713,775,62,True
64,137,713,775,62,True
71,133,713,775,62,True
76,139,713,775,62,True
7,137,714,778,64,True
9,129,714,843,129,True
10,151,714,763,49,True
12,150,714,778,64,True
16,147,714,843,129,True
19,141,714,762,48,True
37,139,714,778,64,True
41,143,714,897,183,True
43,128,714,794,80,True
56,127,714,794,80,True
57,147,714,775,61,True
58,160,714,775,61,True
65,155,714,775,61,True
70,169,714,775,61,True
73,130,714,897,183,True
75,141,714,775,61,True
79,154,714,775,61,True
1,139,715,778,63,True
6,153,715,843,128,True
8,134,715,778,63,True
13,165,715,763,48,True
23,143,715,778,63,True
24,141,715,778,63,True
29,148,715,843,128,True
32,172,715,762,47,True
34,146,715,778,63,True
37,140,715,778,63,True
40,155,715,775,60,True
46,142,715,775,60,True
49,155,715,775,60,True
52,145,715,775,60,True
54,148,715,775,60,True
57,148,715,775,60,True
65,156,715,775,60,True
70,170,715,775,60,True
72,139,715,775,60,True
74,139,715,775,60,True
10,152,716,763,47,True
18,149,716,778,62,True
19,142,716,762,46,True
20,128,716,778,62,True
25,158,716,762,46,True
26,153,716,778,62,True
38,130,716,778,62,True
49,156,716,775,59,True
56,128,716,794,78,True
60,147,716,775,59,True
65,157,716,775,59,True
68,130,716,897,181,True
72,140,716,775,59,True
73,131,716,897,181,True
76,140,716,775,59,True
77,125,716,777,61,True
6,154,717,843,126,True
18,150,717,778,61,True
19,143,717,762,45,True
25,159,717,762,45,True
32,173,717,778,61,True
33,156,717,778,61,True
36,148,717,763,46,True
37,141,717,778,61,True
46,143,717,775,58,True
58,161,717,775,58,True
64,138,717,775,58,True
71,134,717,775,58,True
74,140,717,775,58,True
75,142,717,775,58,True
79,155,717,837,120,True
6,155,718,843,125,True
15,132,718,763,45,True
18,151,718,778,60,True
26,154,718,778,60,True
27,139,718,843,125,True
31,127,718,778,60,True
32,174,718,778,60,True
35,134,718,843,125,True
39,155,718,778,60,True
41,144,718,897,179,True
45,145,718,775,57,True
47,136,718,775,57,True
48,165,718,775,57,True
51,153,718,763,45,True
55,143,718,778,60,True
56,129,718,794,76,True
62,128,718,837,119,True
67,139,718,775,57,True
73,132,718,897,179,True
77,126,718,777,59,True
1,140,719,778,59,True
4,135,719,778,59,True
6,156,719,843,124,True
14,143,719,763,44,True
15,133,719,763,44,True
35,135,719,843,124,True
36,149,719,763,44,True
48,166,719,775,56,True
49,157,719,775,56,True
55,144,719,778,59,True
57,149,719,775,56,True
59,144,719,775,56,True
61,146,719,775,56,True
65,158,719,775,56,True
69,144,719,775,56,True
73,133,719,897,178,True
75,143,719,775,56,True
78,158,719,794,75,True
2,138,720,778,58,True
8,135,720,778,58,True
9,130,720,843,123,True
20,129,720,778,58,True
24,142,720,778,58,True
39,156,720,778,58,True
45,146,720,775,55,True
54,149,720,897,177,True
56,130,720,794,74,True
58,162,720,775,55,True
59,145,720,775,55,True
61,147,720,775,55,True
71,135,720,775,55,True
74,141,720,775,55,True
4,136,721,778,57,True
5,123,721,778,57,True
15,134,721,763,42,True
18,152,721,778,57,True
25,160,721,843,122,True
32,175,721,778,57,True
38,131,721,778,57,True
40,156,721,775,54,True
42,150,721,775,54,True
43,129,721,837,116,True
45,147,721,775,54,True
53,140,721,775,54,True
59,146,721,775,54,True
60,148,721,775,54,True
62,129,721,837,116,True
64,139,721,775,54,True
65,159,721,775,54,True
66,139,721,775,54,True
67,140,721,775,54,True
68,131,721,897,176,True
72,141,721,775,54,True
73,134,721,897,176,True
74,142,721,775,54,True
79,156,721,837,116,True
0,140,722,843,121,True
3,116,722,843,121,True
12,151,722,778,56,True
17,141,722,763,41,True
18,153,722,778,56,True
19,144,722,763,41,True
20,130,722,778,56,True
21,136,722,778,56,True
22,141,722,778,56,True
25,161,722,843,121,True
31,128,722,778,56,True
33,157,722,778,56,True
34,147,722,778,56,True
40,157,722,794,72,True
44,155,722,794,72,True
60,149,722,775,53,True
61,148,722,775,53,True
62,130,722,837,115,True
69,145,722,775,53,True
73,135,722,897,175,True
2,139,723,843,120,True
3,117,723,843,120,True
18,154,723,778,55,True
32,176,723,778,55,True
37,142,723,778,55,True
38,132,723,778,55,True
53,141,723,775,52,True
59,147,723,775,52,True
63,158,723,775,52,True
69,146,723,775,52,True
74,143,723,775,52,True
5,124,724,778,54,True
8,136,724,778,54,True
9,131,724,843,119,True
10,153,724,763,39,True
11,136,724,778,54,True
22,142,724,778,54,True
24,143,724,778,54,True
25,162,724,843,119,True
28,141,724,778,54,True
29,149,724,843,119,True
32,177,724,778,54,True
33,158,724,778,54,True
38,133,724,778,54,True
41,145,724,897,173,True
42,151,724,775,51,True
43,130,724,837,113,True
57,150,724,775,51,True
59,148,724,775,51,True
62,131,724,837,113,True
65,160,724,775,51,True
70,171,724,775,51,True
76,141,724,775,51,True
4,137,725,778,53,True
6,157,725,843,118,True
12,152,725,778,53,True
19,145,725,763,38,True
20,131,725,778,53,True
21,137,725,778,53,True
24,144,725,843,118,True
29,150,725,843,118,True
42,152,725,775,50,True
45,148,725,775,50,True
57,151,725,837,112,True
60,150,725,775,50,True
63,159,725,775,50,True
64,140,725,775,50,True
67,141,725,775,50,True
70,172,725,775,50,True
71,136,725,775,50,True
77,127,725,794,69,True
0,141,726,843,117,True
3,118,726,843,117,True
7,138,726,778,52,True
8,137,726,778,52,True
15,135,726,763,37,True
18,155,726,778,52,True
23,144,726,778,52,True
31,129,726,843,117,True
41,146,726,897,171,True
42,153,726,775,49,True
45,149,726,775,49,True
49,158,726,837,111,True
53,142,726,775,49,True
57,152,726,837,111,True
58,163,726,775,49,True
61,149,726,775,49,True
76,142,726,775,49,True
1,141,727,778,51,True
14,144,727,763,36,True
22,143,727,778,51,True
24,145,727,843,116,True
25,163,727,843,116,True
30,146,727,778,51,True
40,158,727,794,67,True
41,147,727,897,170,True
53,143,727,775,48,True
55,145,727,778,51,True
56,131,727,794,67,True
74,144,727,775,48,True
77,128,727,794,67,True
78,159,727,794,67,True
79,157,727,837,110,True
4,138,728,778,50,True
8,138,728,778,50,True
10,154,728,778,50,True
12,153,728,778,50,True
14,145,728,763,35,True
15,136,728,763,35,True
19,146,728,763,35,True
21,138,728,778,50,True
25,164,728,843,115,True
26,155,728,778,50,True
31,130,728,843,115,True
35,136,728,843,115,True
36,150,728,763,35,True
40,159,728,794,66,True
41,148,728,897,169,True
46,144,728,794,66,True
48,167,728,775,47,True
50,130,728,794,66,True
52,146,728,837,109,True
58,164,728,775,47,True
61,150,728,775,47,True
63,160,728,775,47,True
73,136,728,897,169,True
79,158,728,837,109,True
0,142,729,843,114,True
7,139,729,778,49,True
10,155,729,778,49,True
11,137,729,778,49,True
22,144,729,778,49,True
26,156,729,778,49,True
29,151,729,843,114,True
33,159,729,778,49,True
43,131,729,837,108,True
45,150,729,775,46,True
48,168,729,775,46,True
52,147,729,837,108,True
64,141,729,794,65,True
66,140,729,775,46,True
72,142,729,775,46,True
3,119,730,843,113,True
9,132,730,843,113,True
11,138,730,843,113,True
15,137,730,778,48,True
18,156,730,778,48,True
19,147,730,763,33,True
23,145,730,778,48,True
25,165,730,843,113,True
30,147,730,843,113,True
34,148,730,843,113,True
36,151,730,763,33,True
38,134,730,778,48,True
39,157,730,843,113,True
44,156,730,794,64,True
64,142,730,794,64,True
67,142,730,794,64,True
68,132,730,897,167,True
70,173,730,775,45,True
3,120,731,843,112,True
7,140,731,778,47,True
16,148,731,843,112,True
21,139,731,778,47,True
32,178,731,843,112,True
38,135,731,778,47,True
46,145,731,794,63,True
47,137,731,778,47,True
54,150,731,897,166,True
60,151,731,837,106,True
66,141,731,775,44,True
0,143,732,843,111,True
1,142,732,778,46,True
9,133,732,843,111,True
16,149,732,843,111,True
22,145,732,843,111,True
33,160,732,843,111,True
39,158,732,843,111,True
40,160,732,794,62,True
42,154,732,837,105,True
46,146,732,794,62,True
57,153,732,837,105,True
60,152,732,837,105,True
61,151,732,775,43,True
65,161,732,775,43,True
68,133,732,897,165,True
72,143,732,775,43,True
75,144,732,775,43,True
76,143,732,778,46,True
3,121,733,843,110,True
4,139,733,843,110,True
8,139,733,778,45,True
11,139,733,843,110,True
28,142,733,778,45,True
29,152,733,843,110,True
34,149,733,843,110,True
36,152,733,778,45,True
53,144,733,801,68,True
59,149,733,837,104,True
76,144,733,778,45,True
5,125,734,843,109,True
7,141,734,843,109,True
11,140,734,843,109,True
13,166,734,843,109,True
29,153,734,843,109,True
32,179,734,843,109,True
38,136,734,778,44,True
40,161,734,794,60,True
44,157,734,794,60,True
57,154,734,837,103,True
58,165,734,794,60,True
62,132,734,897,163,True
63,161,734,775,41,True
65,162,734,775,41,True
67,143,734,837,103,True
69,147,734,777,43,True
71,137,734,794,60,True
77,129,734,794,60,True
5,126,735,843,108,True
9,134,735,843,108,True
15,138,735,778,43,True
20,132,735,778,43,True
22,146,735,843,108,True
32,180,735,843,108,True
40,162,735,794,59,True
51,154,735,794,59,True
54,151,735,897,162,True
59,150,735,837,102,True
67,144,735,837,102,True
68,134,735,897,162,True
78,160,735,794,59,True
3,122,736,843,107,True
7,142,736,843,107,True
10,156,736,778,42,True
12,154,736,843,107,True
24,146,736,843,107,True
25,166,736,843,107,True
26,157,736,778,42,True
29,154,736,843,107,True
35,137,736,843,107,True
39,159,736,843,107,True
41,149,736,897,161,True
44,158,736,794,58,True
56,132,736,794,58,True
64,143,736,794,58,True
74,145,736,794,58,True
76,145,736,778,42,True
78,161,736,794,58,True
6,158,737,879,142,True
8,140,737,778,41,True
9,135,737,843,106,True
18,157,737,843,106,True
33,161,737,843,106,True
35,138,737,843,106,True
43,132,737,837,100,True
44,159,737,794,57,True
55,146,737,778,41,True
57,155,737,837,100,True
62,133,737,897,160,True
65,163,737,775,38,True
78,162,737,794,57,True
79,159,737,837,100,True
0,144,738,843,105,True
3,123,738,843,105,True
4,140,738,843,105,True
5,127,738,843,105,True
6,159,738,879,141,True
9,136,738,843,105,True
12,155,738,843,105,True
15,139,738,778,40,True
17,142,738,778,40,True
24,147,738,843,105,True
26,158,738,843,105,True
42,155,738,837,99,True
46,147,738,794,56,True
54,152,738,897,159,True
55,147,738,778,40,True
56,133,738,794,56,True
65,164,738,775,37,True
69,148,738,794,56,True
72,144,738,778,40,True
73,137,738,897,159,True
2,140,739,843,104,True
4,141,739,843,104,True
10,157,739,778,39,True
16,150,739,843,104,True
21,140,739,843,104,True
32,181,739,843,104,True
34,150,739,843,104,True
37,143,739,778,39,True
38,137,739,843,104,True
44,160,739,794,55,True
47,138,739,778,39,True
58,166,739,794,55,True
60,153,739,837,98,True
61,152,739,775,36,True
65,165,739,775,36,True
68,135,739,897,158,True
71,138,739,794,55,True
72,145,739,778,39,True
79,160,739,837,98,True
5,128,740,843,103,True
8,141,740,778,38,True
16,151,740,843,103,True
22,147,740,843,103,True
26,159,740,843,103,True
30,148,740,843,103,True
37,144,740,843,103,True
40,163,740,794,54,True
41,150,740,897,157,True
49,159,740,837,97,True
53,145,740,801,61,True
54,153,740,897,157,True
57,156,740,837,97,True
60,154,740,837,97,True
63,162,740,837,97,True
70,174,740,775,35,True
73,138,740,897,157,True
77,130,740,954,214,True
4,142,741,843,102,True
6,160,741,879,138,True
7,143,741,843,102,True
10,158,741,778,37,True
13,167,741,843,102,True
20,133,741,843,102,True
29,155,741,843,102,True
30,149,741,843,102,True
34,151,741,843,102,True
38,138,741,843,102,True
39,160,741,843,102,True
41,151,741,897,156,True
59,151,741,837,96,True
63,163,741,837,96,True
64,144,741,794,53,True
76,146,741,778,37,True
77,131,741,954,213,True
2,141,742,843,101,True
7,144,742,843,101,True
8,142,742,778,36,True
12,156,742,843,101,True
15,140,742,778,36,True
19,148,742,843,101,True
20,134,742,843,101,True
22,148,742,843,101,True
30,150,742,843,101,True
35,139,742,843,101,True
48,169,742,794,52,True
50,131,742,837,95,True
52,148,742,837,95,True
56,134,742,837,95,True
57,157,742,837,95,True
62,134,742,897,155,True
68,136,742,897,155,True
71,139,742,794,52,True
73,139,742,897,155,True
75,145,742,801,59,True
0,145,743,843,100,True
12,157,743,843,100,True
15,141,743,778,35,True
18,158,743,843,100,True
19,149,743,843,100,True
31,131,743,843,100,True
36,153,743,843,100,True
40,164,743,794,51,True
45,151,743,775,32,True
47,139,743,778,35,True
50,132,743,837,94,True
57,158,743,837,94,True
61,153,743,794,51,True
66,142,743,775,32,True
67,145,743,837,94,True
73,140,743,897,154,True
75,146,743,801,58,True
76,147,743,778,35,True
9,137,744,843,99,True
10,159,744,778,34,True
15,142,744,778,34,True
23,146,744,843,99,True
33,162,744,843,99,True
39,161,744,843,99,True
52,149,744,837,93,True
58,167,744,837,93,True
61,154,744,794,50,True
62,135,744,897,153,True
64,145,744,794,50,True
76,148,744,778,34,True
1,143,745,843,98,True
8,143,745,843,98,True
10,160,745,778,33,True
16,152,745,843,98,True
31,132,745,843,98,True
32,182,745,843,98,True
44,161,745,837,92,True
47,140,745,778,33,True
49,160,745,837,92,True
51,155,745,843,98,True
56,135,745,837,92,True
61,155,745,794,49,True
66,143,745,794,49,True
78,163,745,794,49,True
0,146,746,843,97,True
22,149,746,843,97,True
24,148,746,879,133,True
25,167,746,843,97,True
27,140,746,843,97,True
31,133,746,843,97,True
33,163,746,843,97,True
42,156,746,837,91,True
44,162,746,837,91,True
46,148,746,837,91,True
55,148,746,778,32,True
59,152,746,837,91,True
60,155,746,837,91,True
63,164,746,837,91,True
73,141,746,897,151,True
75,147,746,801,55,True
11,141,747,843,96,True
14,146,747,778,31,True
19,150,747,843,96,True
20,135,747,843,96,True
22,150,747,843,96,True
26,160,747,843,96,True
32,183,747,843,96,True
35,140,747,843,96,True
36,154,747,843,96,True
38,139,747,843,96,True
43,133,747,837,90,True
45,152,747,794,47,True
46,149,747,837,90,True
47,141,747,794,47,True
55,149,747,778,31,True
56,136,747,837,90,True
62,136,747,897,150,True
76,149,747,794,47,True
78,164,747,843,96,True
7,145,748,843,95,True
11,142,748,843,95,True
16,153,748,843,95,True
33,164,748,843,95,True
39,162,748,843,95,True
48,170,748,794,46,True
51,156,748,843,95,True
55,150,748,794,46,True
60,156,748,837,89,True
62,137,748,897,149,True
67,146,748,897,149,True
72,146,748,778,30,True
79,161,748,837,89,True
1,144,749,843,94,True
9,138,749,843,94,True
17,143,749,843,94,True
18,159,749,843,94,True
29,156,749,843,94,True
36,155,749,843,94,True
47,142,749,794,45,True
49,161,749,837,88,True
50,133,749,837,88,True
56,137,749,837,88,True
62,138,749,897,148,True
68,137,749,897,148,True
0,147,750,843,93,True
6,161,750,879,129,True
10,161,750,778,28,True
23,147,750,843,93,True
24,149,750,879,129,True
25,168,750,843,93,True
30,151,750,843,93,True
55,151,750,794,44,True
57,159,750,837,87,True
77,132,750,954,204,True
78,165,750,843,93,True
8,144,751,843,92,True
15,143,751,843,92,True
25,169,751,843,92,True
27,141,751,843,92,True
35,141,751,843,92,True
37,145,751,843,92,True
40,165,751,837,86,True
42,157,751,837,86,True
43,134,751,837,86,True
44,163,751,843,92,True
55,152,751,794,43,True
61,156,751,843,92,True
66,144,751,794,43,True
72,147,751,843,92,True
75,148,751,801,50,True
77,133,751,954,203,True
78,166,751,843,92,True
0,148,752,843,91,True
6,162,752,879,127,True
8,145,752,843,91,True
10,162,752,843,91,True
13,168,752,843,91,True
15,144,752,843,91,True
18,160,752,843,91,True
30,152,752,843,91,True
42,158,752,837,85,True
46,150,752,837,85,True
51,157,752,843,91,True
52,150,752,837,85,True
58,168,752,837,85,True
59,153,752,837,85,True
66,145,752,794,42,True
74,146,752,837,85,True
79,162,752,897,145,True
5,129,753,843,90,True
10,163,753,843,90,True
12,158,753,843,90,True
14,147,753,843,90,True
21,141,753,843,90,True
25,170,753,843,90,True
48,171,753,837,84,True
53,146,753,801,48,True
63,165,753,837,84,True
68,138,753,897,144,True
70,175,753,794,41,True
73,142,753,897,144,True
75,149,753,801,48,True
0,149,754,843,89,True
2,142,754,843,89,True
13,169,754,843,89,True
20,136,754,843,89,True
23,148,754,843,89,True
25,171,754,843,89,True
28,143,754,843,89,True
29,157,754,843,89,True
33,165,754,843,89,True
35,142,754,843,89,True
38,140,754,843,89,True
44,164,754,843,89,True
47,143,754,843,89,True
54,154,754,897,143,True
55,153,754,843,89,True
56,138,754,837,83,True
60,157,754,837,83,True
61,157,754,843,89,True
63,166,754,837,83,True
69,149,754,843,89,True
72,148,754,843,89,True
8,146,755,843,88,True
12,159,755,843,88,True
13,170,755,843,88,True
16,154,755,843,88,True
22,151,755,843,88,True
25,172,755,843,88,True
41,152,755,897,142,True
42,159,755,837,82,True
44,165,755,843,88,True
51,158,755,843,88,True
55,154,755,843,88,True
68,139,755,897,142,True
0,150,756,843,87,True
3,124,756,843,87,True
8,147,756,843,87,True
10,164,756,843,87,True
15,145,756,843,87,True
17,144,756,843,87,True
18,161,756,843,87,True
27,142,756,843,87,True
37,146,756,843,87,True
39,163,756,843,87,True
42,160,756,837,81,True
43,135,756,837,81,True
48,172,756,837,81,True
55,155,756,843,87,True
70,176,756,801,45,True
75,150,756,801,45,True
79,163,756,897,141,True
3,125,757,843,86,True
7,146,757,843,86,True
10,165,757,843,86,True
23,149,757,843,86,True
26,161,757,843,86,True
27,143,757,843,86,True
31,134,757,843,86,True
32,184,757,843,86,True
37,147,757,843,86,True
42,161,757,837,80,True
43,136,757,837,80,True
47,144,757,843,86,True
48,173,757,837,80,True
54,155,757,897,140,True
58,169,757,837,80,True
68,140,757,897,140,True
75,151,757,843,86,True
3,126,758,843,85,True
4,143,758,843,85,True
14,148,758,843,85,True
15,146,758,843,85,True
26,162,758,843,85,True
31,135,758,843,85,True
34,152,758,843,85,True
41,153,758,897,139,True
42,162,758,837,79,True
47,145,758,843,85,True
56,139,758,897,139,True
59,154,758,837,79,True
60,158,758,897,139,True
63,167,758,837,79,True
66,146,758,843,85,True
74,147,758,837,79,True
76,150,758,843,85,True
8,148,759,843,84,True
11,143,759,843,84,True
26,163,759,843,84,True
28,144,759,843,84,True
35,143,759,879,120,True
42,163,759,897,138,True
51,159,759,843,84,True
53,147,759,843,84,True
56,140,759,897,138,True
75,152,759,843,84,True
0,151,760,843,83,True
1,145,760,843,83,True
7,147,760,843,83,True
11,144,760,843,83,True
13,171,760,843,83,True
14,149,760,843,83,True
16,155,760,843,83,True
17,145,760,843,83,True
26,164,760,843,83,True
27,144,760,843,83,True
28,145,760,843,83,True
30,153,760,843,83,True
35,144,760,879,119,True
49,162,760,837,77,True
56,141,760,897,137,True
61,158,760,843,83,True
67,147,760,897,137,True
75,153,760,843,83,True
0,152,761,843,82,True
1,146,761,843,82,True
6,163,761,879,118,True
17,146,761,843,82,True
29,158,761,843,82,True
31,136,761,843,82,True
42,164,761,897,136,True
45,153,761,843,82,True
46,151,761,837,76,True
50,134,761,837,76,True
52,151,761,837,76,True
54,156,761,897,136,True
63,168,761,837,76,True
70,177,761,843,82,True
73,143,761,897,136,True
76,151,761,843,82,True
8,149,762,843,81,True
9,139,762,879,117,True
19,151,762,843,81,True
20,137,762,843,81,True
33,166,762,843,81,True
35,145,762,879,117,True
37,148,762,843,81,True
44,166,762,843,81,True
52,152,762,837,75,True
53,148,762,843,81,True
62,139,762,897,135,True
77,134,762,954,192,True
6,164,763,879,116,True
7,148,763,843,80,True
8,150,763,843,80,True
13,172,763,843,80,True
22,152,763,843,80,True
40,166,763,843,80,True
49,163,763,897,134,True
56,142,763,897,134,True
60,159,763,897,134,True
61,159,763,843,80,True
63,169,763,837,74,True
66,147,763,843,80,True
77,135,763,954,191,True
13,173,764,843,79,True
19,152,764,843,79,True
33,167,764,843,79,True
39,164,764,843,79,True
42,165,764,897,133,True
43,137,764,897,133,True
44,167,764,843,79,True
46,152,764,837,73,True
48,174,764,843,79,True
50,135,764,897,133,True
57,160,764,897,133,True
60,160,764,897,133,True
68,141,764,897,133,True
71,140,764,837,73,True
74,148,764,897,133,True
79,164,764,897,133,True
1,147,765,843,78,True
2,143,765,843,78,True
3,127,765,843,78,True
5,130,765,843,78,True
8,151,765,843,78,True
24,150,765,879,114,True
27,145,765,843,78,True
31,137,765,843,78,True
39,165,765,843,78,True
47,146,765,843,78,True
52,153,765,843,78,True
59,155,765,837,72,True
61,160,765,843,78,True
70,178,765,843,78,True
75,154,765,843,78,True
1,148,766,843,77,True
4,144,766,843,77,True
7,149,766,843,77,True
9,140,766,879,113,True
10,166,766,843,77,True
17,147,766,843,77,True
29,159,766,843,77,True
31,138,766,843,77,True
32,185,766,843,77,True
35,146,766,879,113,True
37,149,766,843,77,True
57,161,766,897,131,True
59,156,766,837,71,True
60,161,766,897,131,True
61,161,766,843,77,True
64,146,766,843,77,True
69,150,766,843,77,True
7,150,767,843,76,True
13,174,767,843,76,True
17,148,767,843,76,True
28,146,767,843,76,True
29,160,767,843,76,True
31,139,767,843,76,True
36,156,767,843,76,True
44,168,767,843,76,True
50,136,767,897,130,True
53,149,767,843,76,True
68,142,767,897,130,True
69,151,767,843,76,True
74,149,767,897,130,True
78,167,767,843,76,True
6,165,768,879,111,True
12,160,768,843,75,True
13,175,768,843,75,True
16,156,768,843,75,True
23,150,768,843,75,True
36,157,768,843,75,True
37,150,768,843,75,True
43,138,768,897,129,True
47,147,768,843,75,True
51,160,768,843,75,True
59,157,768,843,75,True
62,140,768,897,129,True
69,152,768,843,75,True
71,141,768,897,129,True
73,144,768,897,129,True
79,165,768,897,129,True
0,153,769,843,74,True
12,161,769,843,74,True
21,142,769,843,74,True
22,153,769,843,74,True
26,165,769,843,74,True
35,147,769,879,110,True
38,141,769,843,74,True
45,154,769,843,74,True
54,157,769,897,128,True
65,166,769,837,68,True
75,155,769,843,74,True
1,149,770,843,73,True
4,145,770,879,109,True
6,166,770,879,109,True
9,141,770,879,109,True
17,149,770,843,73,True
22,154,770,843,73,True
25,173,770,843,73,True
31,140,770,843,73,True
32,186,770,843,73,True
34,153,770,843,73,True
35,148,770,879,109,True
36,158,770,843,73,True
40,167,770,843,73,True
44,169,770,843,73,True
50,137,770,897,127,True
52,154,770,843,73,True
54,158,770,897,127,True
65,167,770,837,67,True
71,142,770,897,127,True
72,149,770,843,73,True
77,136,770,954,184,True
78,168,770,843,73,True
4,146,771,879,108,True
7,151,771,843,72,True
19,153,771,843,72,True
23,151,771,843,72,True
26,166,771,843,72,True
31,141,771,843,72,True
32,187,771,843,72,True
36,159,771,843,72,True
40,168,771,843,72,True
45,155,771,843,72,True
54,159,771,897,126,True
55,156,771,843,72,True
71,143,771,897,126,True
3,128,772,843,71,True
4,147,772,879,107,True
5,131,772,843,71,True
9,142,772,879,107,True
10,167,772,843,71,True
11,145,772,843,71,True
16,157,772,843,71,True
24,151,772,879,107,True
27,146,772,843,71,True
28,147,772,843,71,True
30,154,772,843,71,True
38,142,772,843,71,True
41,154,772,897,125,True
47,148,772,843,71,True
49,164,772,897,125,True
53,150,772,843,71,True
62,141,772,897,125,True
63,170,772,897,125,True
67,148,772,897,125,True
74,150,772,897,125,True
79,166,772,897,125,True
4,148,773,879,106,True
6,167,773,879,106,True
9,143,773,879,106,True
20,138,773,843,70,True
22,155,773,843,70,True
26,167,773,843,70,True
30,155,773,843,70,True
40,169,773,843,70,True
41,155,773,897,124,True
46,153,773,843,70,True
48,175,773,843,70,True
55,157,773,843,70,True
74,151,773,897,124,True
75,156,773,843,70,True
76,152,773,843,70,True
1,150,774,843,69,True
3,129,774,843,69,True
8,152,774,843,69,True
11,146,774,843,69,True
16,158,774,843,69,True
17,150,774,843,69,True
24,152,774,879,105,True
25,174,774,843,69,True
27,147,774,843,69,True
29,161,774,843,69,True
35,149,774,879,105,True
48,176,774,843,69,True
51,161,774,843,69,True
54,160,774,897,123,True
56,143,774,897,123,True
60,162,774,897,123,True
69,153,774,843,69,True
72,150,774,843,69,True
1,151,775,843,68,True
6,168,775,879,104,True
10,168,775,843,68,True
16,159,775,843,68,True
24,153,775,879,104,True
29,162,775,843,68,True
33,168,775,843,68,True
34,154,775,843,68,True
52,155,775,843,68,True
58,170,775,897,122,True
59,158,775,843,68,True
60,163,775,897,122,True
61,162,775,843,68,True
62,142,775,897,122,True
71,144,775,897,122,True
0,154,776,843,67,True
5,132,776,843,67,True
6,169,776,879,103,True
15,147,776,843,67,True
16,160,776,843,67,True
19,154,776,843,67,True
24,154,776,879,103,True
25,175,776,843,67,True
40,170,776,843,67,True
41,156,776,897,121,True
45,156,776,843,67,True
47,149,776,843,67,True
52,156,776,843,67,True
55,158,776,843,67,True
58,171,776,897,121,True
59,159,776,843,67,True
65,168,776,897,121,True
74,152,776,897,121,True
76,153,776,843,67,True
2,144,777,843,66,True
4,149,777,879,102,True
8,153,777,843,66,True
31,142,777,843,66,True
42,166,777,897,120,True
45,157,777,843,66,True
46,154,777,897,120,True
49,165,777,897,120,True
52,157,777,843,66,True
53,151,777,843,66,True
57,162,777,897,120,True
58,172,777,897,120,True
61,163,777,843,66,True
66,148,777,843,66,True
71,145,777,897,120,True
78,169,777,843,66,True
79,167,777,897,120,True
7,152,778,843,65,True
10,169,778,843,65,True
23,152,778,879,101,True
25,176,778,843,65,True
31,143,778,843,65,True
32,188,778,843,65,True
36,160,778,843,65,True
37,151,778,843,65,True
38,143,778,843,65,True
45,158,778,843,65,True
46,155,778,897,119,True
47,150,778,843,65,True
51,162,778,843,65,True
53,152,778,843,65,True
54,161,778,897,119,True
56,144,778,897,119,True
57,163,778,897,119,True
64,147,778,897,119,True
69,154,778,843,65,True
74,153,778,897,119,True
77,137,778,954,176,True
8,154,779,843,64,True
19,155,779,843,64,True
20,139,779,843,64,True
27,148,779,843,64,True
29,163,779,843,64,True
37,152,779,843,64,True
38,144,779,843,64,True
41,157,779,897,118,True
47,151,779,843,64,True
52,158,779,843,64,True
61,164,779,843,64,True
71,146,779,897,118,True
75,157,779,843,64,True
76,154,779,843,64,True
78,170,779,843,64,True
2,145,780,843,63,True
11,147,780,897,117,True
18,162,780,879,99,True
19,156,780,843,63,True
24,155,780,879,99,True
35,150,780,879,99,True
47,152,780,843,63,True
55,159,780,843,63,True
56,145,780,897,117,True
59,160,780,843,63,True
60,164,780,897,117,True
64,148,780,897,117,True
69,155,780,843,63,True
70,179,780,843,63,True
71,147,780,897,117,True
73,145,780,954,174,True
77,138,780,954,174,True
79,168,780,897,117,True
0,155,781,843,62,True
3,130,781,843,62,True
4,150,781,879,98,True
8,155,781,843,62,True
9,144,781,879,98,True
13,176,781,843,62,True
18,163,781,879,98,True
23,153,781,879,98,True
26,168,781,843,62,True
37,153,781,843,62,True
48,177,781,897,116,True
49,166,781,897,116,True
50,138,781,897,116,True
51,163,781,843,62,True
53,153,781,843,62,True
56,146,781,897,116,True
61,165,781,843,62,True
62,143,781,897,116,True
65,169,781,897,116,True
66,149,781,843,62,True
70,180,781,843,62,True
72,151,781,843,62,True
73,146,781,954,173,True
0,156,782,843,61,True
3,131,782,843,61,True
18,164,782,879,97,True
19,157,782,843,61,True
20,140,782,843,61,True
31,144,782,843,61,True
44,170,782,843,61,True
61,166,782,843,61,True
65,170,782,897,115,True
73,147,782,954,172,True
6,170,783,879,96,True
12,162,783,843,60,True
18,165,783,879,96,True
20,141,783,843,60,True
21,143,783,879,96,True
28,148,783,843,60,True
31,145,783,843,60,True
35,151,783,879,96,True
36,161,783,843,60,True
39,166,783,843,60,True
41,158,783,897,114,True
47,153,783,843,60,True
50,139,783,897,114,True
54,162,783,897,114,True
55,160,783,843,60,True
57,164,783,897,114,True
77,139,783,954,171,True
6,171,784,879,95,True
7,153,784,843,59,True
9,145,784,879,95,True
20,142,784,843,59,True
22,156,784,843,59,True
33,169,784,843,59,True
40,171,784,843,59,True
55,161,784,843,59,True
64,149,784,897,113,True
73,148,784,954,170,True
1,152,785,843,58,True
12,163,785,843,58,True
15,148,785,843,58,True
16,161,785,843,58,True
20,143,785,843,58,True
24,156,785,879,94,True
27,149,785,843,58,True
28,149,785,843,58,True
44,171,785,843,58,True
45,159,785,843,58,True
48,178,785,897,112,True
58,173,785,897,112,True
66,150,785,897,112,True
69,156,785,843,58,True
79,169,785,897,112,True
1,153,786,843,57,True
18,166,786,879,93,True
20,144,786,843,57,True
21,144,786,879,93,True
24,157,786,879,93,True
38,145,786,843,57,True
40,172,786,843,57,True
42,167,786,897,111,True
45,160,786,843,57,True
48,179,786,897,111,True
50,140,786,897,111,True
51,164,786,843,57,True
53,154,786,897,111,True
58,174,786,897,111,True
60,165,786,897,111,True
65,171,786,897,111,True
68,143,786,897,111,True
69,157,786,843,57,True
71,148,786,897,111,True
72,152,786,897,111,True
78,171,786,843,57,True
0,157,787,843,56,True
4,151,787,879,92,True
10,170,787,843,56,True
11,148,787,897,110,True
19,158,787,843,56,True
31,146,787,879,92,True
32,189,787,843,56,True
40,173,787,897,110,True
41,159,787,897,110,True
43,139,787,897,110,True
51,165,787,843,56,True
52,159,787,843,56,True
58,175,787,897,110,True
59,161,787,897,110,True
67,149,787,897,110,True
72,153,787,897,110,True
76,155,787,843,56,True
77,140,787,954,167,True
8,156,788,843,55,True
9,146,788,879,91,True
19,159,788,843,55,True
20,145,788,843,55,True
22,157,788,843,55,True
25,177,788,843,55,True
26,169,788,843,55,True
28,150,788,843,55,True
35,152,788,879,91,True
37,154,788,843,55,True
42,168,788,897,109,True
43,140,788,897,109,True
44,172,788,843,55,True
60,166,788,897,109,True
61,167,788,843,55,True
64,150,788,897,109,True
67,150,788,897,109,True
69,158,788,843,55,True
76,156,788,843,55,True
0,158,789,843,54,True
6,172,789,879,90,True
8,157,789,843,54,True
28,151,789,843,54,True
31,147,789,879,90,True
32,190,789,843,54,True
38,146,789,843,54,True
58,176,789,897,108,True
71,149,789,897,108,True
74,154,789,897,108,True
76,157,789,843,54,True
0,159,790,843,53,True
7,154,790,879,89,True
9,147,790,879,89,True
12,164,790,879,89,True
13,177,790,879,89,True
18,167,790,879,89,True
20,146,790,843,53,True
24,158,790,879,89,True
34,155,790,843,53,True
41,160,790,954,164,True
43,141,790,897,107,True
54,163,790,897,107,True
58,177,790,897,107,True
63,171,790,897,107,True
69,159,790,843,53,True
76,158,790,843,53,True
79,170,790,897,107,True
3,132,791,897,106,True
10,171,791,879,88,True
12,165,791,879,88,True
15,149,791,843,52,True
17,151,791,879,88,True
21,145,791,879,88,True
24,159,791,879,88,True
25,178,791,843,52,True
41,161,791,954,163,True
47,154,791,843,52,True
50,141,791,897,106,True
60,167,791,897,106,True
74,155,791,897,106,True
6,173,792,879,87,True
11,149,792,897,105,True
18,168,792,879,87,True
25,179,792,843,51,True
26,170,792,843,51,True
28,152,792,843,51,True
35,153,792,879,87,True
36,162,792,843,51,True
38,147,792,843,51,True
40,174,792,897,105,True
43,142,792,897,105,True
46,156,792,897,105,True
53,155,792,897,105,True
55,162,792,843,51,True
62,144,792,897,105,True
64,151,792,897,105,True
68,144,792,897,105,True
2,146,793,843,50,True
7,155,793,879,86,True
8,158,793,843,50,True
11,150,793,897,104,True
17,152,793,879,86,True
19,160,793,843,50,True
21,146,793,879,86,True
28,153,793,843,50,True
40,175,793,897,104,True
42,169,793,897,104,True
45,161,793,843,50,True
48,180,793,897,104,True
53,156,793,897,104,True
54,164,793,897,104,True
55,163,793,843,50,True
70,181,793,843,50,True
71,150,793,897,104,True
1,154,794,879,85,True
3,133,794,897,103,True
5,133,794,843,49,True
8,159,794,843,49,True
16,162,794,879,85,True
25,180,794,843,49,True
29,164,794,843,49,True
34,156,794,897,103,True
37,155,794,879,85,True
43,143,794,897,103,True
51,166,794,843,49,True
54,165,794,897,103,True
55,164,794,843,49,True
57,165,794,897,103,True
65,172,794,897,103,True
66,151,794,897,103,True
68,145,794,897,103,True
71,151,794,897,103,True
73,149,794,954,160,True
6,174,795,879,84,True
14,150,795,843,48,True
15,150,795,843,48,True
22,158,795,879,84,True
27,150,795,843,48,True
31,148,795,879,84,True
37,156,795,879,84,True
44,173,795,843,48,True
46,157,795,897,102,True
54,166,795,897,102,True
64,152,795,897,102,True
65,173,795,897,102,True
75,158,795,843,48,True
77,141,795,954,159,True
0,160,796,843,47,True
2,147,796,843,47,True
5,134,796,843,47,True
6,175,796,879,83,True
13,178,796,879,83,True
21,147,796,879,83,True
22,159,796,879,83,True
25,181,796,843,47,True
29,165,796,843,47,True
30,156,796,879,83,True
31,149,796,879,83,True
37,157,796,879,83,True
48,181,796,897,101,True
55,165,796,843,47,True
64,153,796,897,101,True
66,152,796,897,101,True
68,146,796,897,101,True
69,160,796,897,101,True
4,152,797,879,82,True
13,179,797,879,82,True
17,153,797,879,82,True
19,161,797,843,46,True
31,150,797,879,82,True
32,191,797,879,82,True
35,154,797,879,82,True
41,162,797,954,157,True
43,144,797,897,100,True
48,182,797,897,100,True
51,167,797,843,46,True
54,167,797,897,100,True
62,145,797,897,100,True
63,172,797,897,100,True
65,174,797,897,100,True
66,153,797,897,100,True
67,151,797,897,100,True
68,147,797,897,100,True
75,159,797,843,46,True
78,172,797,843,46,True
5,135,798,843,45,True
6,176,798,879,81,True
15,151,798,843,45,True
18,169,798,879,81,True
25,182,798,843,45,True
36,163,798,843,45,True
37,158,798,879,81,True
39,167,798,843,45,True
40,176,798,897,99,True
45,162,798,843,45,True
52,160,798,843,45,True
56,147,798,897,99,True
63,173,798,897,99,True
72,154,798,897,99,True
73,150,798,954,156,True
79,171,798,897,99,True
0,161,799,843,44,True
3,134,799,897,98,True
9,148,799,879,80,True
11,151,799,897,98,True
13,180,799,879,80,True
15,152,799,843,44,True
30,157,799,879,80,True
42,170,799,897,98,True
43,145,799,897,98,True
44,174,799,897,98,True
53,157,799,897,98,True
60,168,799,897,98,True
66,154,799,897,98,True
77,142,799,954,155,True
0,162,800,843,43,True
2,148,800,843,43,True
9,149,800,879,79,True
21,148,800,897,97,True
24,160,800,879,79,True
27,151,800,843,43,True
29,166,800,843,43,True
30,158,800,879,79,True
38,148,800,843,43,True
40,177,800,897,97,True
42,171,800,897,97,True
59,162,800,897,97,True
60,169,800,897,97,True
61,168,800,897,97,True
64,154,800,897,97,True
69,161,800,897,97,True
72,155,800,897,97,True
78,173,800,897,97,True
7,156,801,879,78,True
8,160,801,897,96,True
10,172,801,879,78,True
18,170,801,879,78,True
33,170,801,897,96,True
40,178,801,897,96,True
41,163,801,954,153,True
44,175,801,897,96,True
52,161,801,897,96,True
62,146,801,897,96,True
63,174,801,897,96,True
78,174,801,897,96,True
79,172,801,897,96,True
1,155,802,879,77,True
9,150,802,879,77,True
12,166,802,879,77,True
13,181,802,879,77,True
17,154,802,879,77,True
30,159,802,879,77,True
34,157,802,897,95,True
42,172,802,897,95,True
44,176,802,897,95,True
45,163,802,897,95,True
46,158,802,897,95,True
47,155,802,897,95,True
51,168,802,843,41,True
60,170,802,897,95,True
68,148,802,954,152,True
69,162,802,897,95,True
71,152,802,897,95,True
79,173,802,897,95,True
2,149,803,843,40,True
5,136,803,879,76,True
7,157,803,879,76,True
9,151,803,879,76,True
11,152,803,897,94,True
25,183,803,843,40,True
29,167,803,843,40,True
38,149,803,843,40,True
42,173,803,897,94,True
47,156,803,897,94,True
57,166,803,897,94,True
58,178,803,897,94,True
62,147,803,897,94,True
63,175,803,897,94,True
2,150,804,879,75,True
4,153,804,879,75,True
5,137,804,879,75,True
6,177,804,879,75,True
8,161,804,897,93,True
9,152,804,879,75,True
11,153,804,897,93,True
12,167,804,879,75,True
13,182,804,879,75,True
18,171,804,879,75,True
28,154,804,843,39,True
31,151,804,879,75,True
33,171,804,897,93,True
37,159,804,879,75,True
38,150,804,843,39,True
43,146,804,897,93,True
52,162,804,897,93,True
68,149,804,954,150,True
74,156,804,897,93,True
76,159,804,897,93,True
4,154,805,879,74,True
8,162,805,897,92,True
13,183,805,879,74,True
16,163,805,897,92,True
28,155,805,843,38,True
33,172,805,897,92,True
38,151,805,843,38,True
47,157,805,897,92,True
59,163,805,954,149,True
63,176,805,897,92,True
72,156,805,897,92,True
6,178,806,879,73,True
14,151,806,843,37,True
15,153,806,843,37,True
16,164,806,897,91,True
24,161,806,879,73,True
27,152,806,879,73,True
29,168,806,879,73,True
31,152,806,897,91,True
32,192,806,879,73,True
35,155,806,879,73,True
46,159,806,897,91,True
59,164,806,954,148,True
61,169,806,897,91,True
62,148,806,897,91,True
63,177,806,897,91,True
68,150,806,954,148,True
77,143,806,954,148,True
22,160,807,879,72,True
28,156,807,843,36,True
31,153,807,897,90,True
36,164,807,843,36,True
38,152,807,843,36,True
45,164,807,897,90,True
51,169,807,897,90,True
56,148,807,897,90,True
59,165,807,954,147,True
62,149,807,897,90,True
63,178,807,897,90,True
66,155,807,897,90,True
68,151,807,954,147,True
69,163,807,897,90,True
73,151,807,954,147,True
75,160,807,897,90,True
77,144,807,954,147,True
4,155,808,879,71,True
13,184,808,879,71,True
15,154,808,843,35,True
20,147,808,897,89,True
23,154,808,879,71,True
24,162,808,879,71,True
27,153,808,879,71,True
33,173,808,897,89,True
35,156,808,879,71,True
43,147,808,897,89,True
44,177,808,897,89,True
45,165,808,897,89,True
60,171,808,897,89,True
62,150,808,897,89,True
63,179,808,897,89,True
71,153,808,897,89,True
72,157,808,897,89,True
79,174,808,897,89,True
1,156,809,879,70,True
5,138,809,879,70,True
7,158,809,879,70,True
8,163,809,897,88,True
10,173,809,879,70,True
17,155,809,879,70,True
20,148,809,897,88,True
36,165,809,843,34,True
55,166,809,897,88,True
59,166,809,954,145,True
68,152,809,954,145,True
74,157,809,897,88,True
76,160,809,897,88,True
13,185,810,879,69,True
14,152,810,843,33,True
17,156,810,879,69,True
21,149,810,897,87,True
27,154,810,879,69,True
28,157,810,879,69,True
32,193,810,879,69,True
34,158,810,897,87,True
37,160,810,879,69,True
40,179,810,897,87,True
42,174,810,897,87,True
53,158,810,897,87,True
60,172,810,897,87,True
61,170,810,897,87,True
63,180,810,897,87,True
66,156,810,897,87,True
68,153,810,954,144,True
70,182,810,897,87,True
76,161,810,897,87,True
78,175,810,897,87,True
1,157,811,879,68,True
18,172,811,879,68,True
20,149,811,897,86,True
23,155,811,879,68,True
24,163,811,879,68,True
29,169,811,879,68,True
33,174,811,897,86,True
40,180,811,897,86,True
42,175,811,897,86,True
43,148,811,897,86,True
44,178,811,897,86,True
50,142,811,897,86,True
56,149,811,897,86,True
75,161,811,897,86,True
78,176,811,897,86,True
5,139,812,879,67,True
10,174,812,879,67,True
22,161,812,879,67,True
27,155,812,879,67,True
32,194,812,879,67,True
36,166,812,879,67,True
39,168,812,879,67,True
41,164,812,954,142,True
43,149,812,897,85,True
50,143,812,897,85,True
56,150,812,897,85,True
66,157,812,897,85,True
69,164,812,897,85,True
79,175,812,897,85,True
5,140,813,879,66,True
8,164,813,897,84,True
23,156,813,879,66,True
24,164,813,879,66,True
25,184,813,897,84,True
34,159,813,897,84,True
41,165,813,954,141,True
48,183,813,897,84,True
50,144,813,897,84,True
51,170,813,897,84,True
55,167,813,897,84,True
63,181,813,897,84,True
68,154,813,954,141,True
4,156,814,879,65,True
5,141,814,879,65,True
29,170,814,879,65,True
30,160,814,879,65,True
40,181,814,897,83,True
55,168,814,897,83,True
61,171,814,897,83,True
62,151,814,897,83,True
66,158,814,897,83,True
69,165,814,897,83,True
72,158,814,897,83,True
73,152,814,954,140,True
74,158,814,897,83,True
75,162,814,897,83,True
77,145,814,954,140,True
5,142,815,879,64,True
8,165,815,897,82,True
9,153,815,879,64,True
12,168,815,879,64,True
16,165,815,897,82,True
27,156,815,879,64,True
32,195,815,879,64,True
34,160,815,897,82,True
38,153,815,897,82,True
41,166,815,954,139,True
44,179,815,897,82,True
47,158,815,897,82,True
54,168,815,954,139,True
61,172,815,897,82,True
64,155,815,897,82,True
65,175,815,897,82,True
69,166,815,897,82,True
70,183,815,897,82,True
71,154,815,897,82,True
72,159,815,897,82,True
3,135,816,897,81,True
10,175,816,897,81,True
11,154,816,897,81,True
30,161,816,879,63,True
33,175,816,897,81,True
35,157,816,879,63,True
38,154,816,897,81,True
53,159,816,897,81,True
68,155,816,954,138,True
78,177,816,897,81,True
12,169,817,879,62,True
13,186,817,879,62,True
14,153,817,897,80,True
18,173,817,879,62,True
28,158,817,897,80,True
32,196,817,879,62,True
42,176,817,897,80,True
53,160,817,897,80,True
55,169,817,897,80,True
58,179,817,897,80,True
60,173,817,897,80,True
64,156,817,897,80,True
68,156,817,954,137,True
70,184,817,897,80,True
72,160,817,897,80,True
78,178,817,897,80,True
79,176,817,897,80,True
11,155,818,897,79,True
13,187,818,879,61,True
17,157,818,897,79,True
23,157,818,897,79,True
26,171,818,897,79,True
42,177,818,897,79,True
47,159,818,897,79,True
52,163,818,897,79,True
55,170,818,897,79,True
56,151,818,897,79,True
61,173,818,897,79,True
69,167,818,897,79,True
70,185,818,897,79,True
74,159,818,897,79,True
75,163,818,897,79,True
78,179,818,897,79,True
2,151,819,879,60,True
4,157,819,897,78,True
9,154,819,906,87,True
10,176,819,897,78,True
12,170,819,879,60,True
19,162,819,897,78,True
21,150,819,897,78,True
24,165,819,879,60,True
28,159,819,897,78,True
33,176,819,897,78,True
37,161,819,879,60,True
38,155,819,897,78,True
40,182,819,897,78,True
42,178,819,897,78,True
45,166,819,897,78,True
49,167,819,897,78,True
56,152,819,897,78,True
57,167,819,954,135,True
59,167,819,954,135,True
61,174,819,897,78,True
72,161,819,897,78,True
78,180,819,897,78,True
1,158,820,879,59,True
2,152,820,897,77,True
3,136,820,897,77,True
6,179,820,879,59,True
7,159,820,879,59,True
8,166,820,897,77,True
11,156,820,897,77,True
21,151,820,897,77,True
23,158,820,897,77,True
24,166,820,879,59,True
33,177,820,897,77,True
34,161,820,897,77,True
36,167,820,897,77,True
38,156,820,897,77,True
46,160,820,897,77,True
47,160,820,897,77,True
59,168,820,954,134,True
70,186,820,897,77,True
75,164,820,897,77,True
4,158,821,897,76,True
10,177,821,897,76,True
16,166,821,897,76,True
36,168,821,897,76,True
42,179,821,897,76,True
46,161,821,897,76,True
50,145,821,897,76,True
55,171,821,897,76,True
56,153,821,897,76,True
59,169,821,954,133,True
61,175,821,897,76,True
65,176,821,897,76,True
69,168,821,897,76,True
78,181,821,897,76,True
1,159,822,879,57,True
4,159,822,897,75,True
17,158,822,897,75,True
18,174,822,879,57,True
21,152,822,897,75,True
29,171,822,897,75,True
30,162,822,879,57,True
31,154,822,897,75,True
45,167,822,897,75,True
46,162,822,897,75,True
59,170,822,954,132,True
61,176,822,897,75,True
62,152,822,897,75,True
67,152,822,897,75,True
71,155,822,897,75,True
75,165,822,897,75,True
0,163,823,897,74,True
3,137,823,897,74,True
6,180,823,879,56,True
10,178,823,897,74,True
12,171,823,906,83,True
14,154,823,897,74,True
21,153,823,897,74,True
22,162,823,906,83,True
26,172,823,897,74,True
27,157,823,897,74,True
29,172,823,897,74,True
33,178,823,897,74,True
37,162,823,897,74,True
43,150,823,954,131,True
46,163,823,897,74,True
49,168,823,897,74,True
59,171,823,954,131,True
60,174,823,897,74,True
61,177,823,897,74,True
71,156,823,897,74,True
72,162,823,897,74,True
79,177,823,954,131,True
7,160,824,879,55,True
16,167,824,897,73,True
17,159,824,897,73,True
25,185,824,897,73,True
32,197,824,879,55,True
36,169,824,897,73,True
37,163,824,897,73,True
43,151,824,954,130,True
49,169,824,897,73,True
58,180,824,897,73,True
67,153,824,954,130,True
76,162,824,897,73,True
78,182,824,897,73,True
1,160,825,879,54,True
19,163,825,897,72,True
20,150,825,897,72,True
27,158,825,897,72,True
31,155,825,897,72,True
32,198,825,879,54,True
35,158,825,879,54,True
37,164,825,897,72,True
38,157,825,897,72,True
49,170,825,897,72,True
54,169,825,954,129,True
59,172,825,954,129,True
72,163,825,897,72,True
6,181,826,879,53,True
10,179,826,897,71,True
24,167,826,906,80,True
25,186,826,897,71,True
27,159,826,897,71,True
28,160,826,897,71,True
29,173,826,897,71,True
32,199,826,879,53,True
34,162,826,897,71,True
39,169,826,879,53,True
47,161,826,897,71,True
52,164,826,897,71,True
55,172,826,897,71,True
61,178,826,897,71,True
63,182,826,897,71,True
66,159,826,897,71,True
69,169,826,897,71,True
5,143,827,879,52,True
7,161,827,879,52,True
8,167,827,897,70,True
10,180,827,897,70,True
26,173,827,897,70,True
36,170,827,897,70,True
44,180,827,897,70,True
46,164,827,897,70,True
55,173,827,897,70,True
59,173,827,954,127,True
62,153,827,897,70,True
70,187,827,897,70,True
73,153,827,954,127,True
76,163,827,897,70,True
0,164,828,897,69,True
11,157,828,906,78,True
17,160,828,897,69,True
19,164,828,897,69,True
22,163,828,906,78,True
23,159,828,906,78,True
24,168,828,906,78,True
28,161,828,897,69,True
39,170,828,879,51,True
46,165,828,897,69,True
49,171,828,897,69,True
52,165,828,897,69,True
63,183,828,897,69,True
65,177,828,897,69,True
66,160,828,897,69,True
70,188,828,897,69,True
75,166,828,897,69,True
77,146,828,954,126,True
79,178,828,954,126,True
3,138,829,897,68,True
10,181,829,897,68,True
12,172,829,906,77,True
29,174,829,897,68,True
30,163,829,897,68,True
34,163,829,897,68,True
38,158,829,897,68,True
40,183,829,897,68,True
56,154,829,897,68,True
58,181,829,897,68,True
62,154,829,897,68,True
69,170,829,897,68,True
72,164,829,897,68,True
75,167,829,897,68,True
78,183,829,897,68,True
3,139,830,897,67,True
9,155,830,906,76,True
10,182,830,897,67,True
13,188,830,897,67,True
42,180,830,897,67,True
44,181,830,897,67,True
52,166,830,897,67,True
60,175,830,897,67,True
63,184,830,897,67,True
66,161,830,897,67,True
71,157,830,897,67,True
76,164,830,897,67,True
1,161,831,897,66,True
3,140,831,897,66,True
6,182,831,906,75,True
7,162,831,897,66,True
12,173,831,906,75,True
13,189,831,897,66,True
34,164,831,897,66,True
37,165,831,897,66,True
38,159,831,906,75,True
39,171,831,897,66,True
45,168,831,897,66,True
50,146,831,954,123,True
51,171,831,897,66,True
53,161,831,897,66,True
59,174,831,954,123,True
63,185,831,897,66,True
75,168,831,897,66,True
76,165,831,897,66,True
79,179,831,954,123,True
0,165,832,897,65,True
2,153,832,975,143,True
5,144,832,906,74,True
7,163,832,897,65,True
8,168,832,897,65,True
13,190,832,897,65,True
19,165,832,897,65,True
27,160,832,897,65,True
29,175,832,897,65,True
30,164,832,897,65,True
32,200,832,897,65,True
36,171,832,897,65,True
42,181,832,897,65,True
46,166,832,897,65,True
51,172,832,897,65,True
53,162,832,897,65,True
56,155,832,897,65,True
59,175,832,954,122,True
63,186,832,897,65,True
68,157,832,954,122,True
69,171,832,897,65,True
72,165,832,897,65,True
74,160,832,897,65,True
77,147,832,954,122,True
78,184,832,897,65,True
2,154,833,975,142,True
4,160,833,906,73,True
12,174,833,906,73,True
14,155,833,897,64,True
18,175,833,879,46,True
26,174,833,897,64,True
32,201,833,897,64,True
33,179,833,906,73,True
53,163,833,897,64,True
66,162,833,897,64,True
68,158,833,954,121,True
69,172,833,897,64,True
71,158,833,897,64,True
73,154,833,954,121,True
78,185,833,897,64,True
7,164,834,897,63,True
8,169,834,897,63,True
9,156,834,906,72,True
11,158,834,906,72,True
19,166,834,897,63,True
20,151,834,897,63,True
31,156,834,906,72,True
32,202,834,897,63,True
36,172,834,897,63,True
42,182,834,897,63,True
43,152,834,954,120,True
54,170,834,954,120,True
56,156,834,897,63,True
58,182,834,897,63,True
65,178,834,897,63,True
67,154,834,954,120,True
68,159,834,954,120,True
70,189,834,954,120,True
76,166,834,897,63,True
78,186,834,897,63,True
79,180,834,954,120,True
6,183,835,906,71,True
9,157,835,906,71,True
14,156,835,897,62,True
17,161,835,906,71,True
27,161,835,897,62,True
33,180,835,906,71,True
34,165,835,975,140,True
50,147,835,954,119,True
57,168,835,954,119,True
59,176,835,954,119,True
62,155,835,954,119,True
70,190,835,954,119,True
79,181,835,954,119,True
0,166,836,897,61,True
10,183,836,897,61,True
13,191,836,906,70,True
16,168,836,906,70,True
20,152,836,897,61,True
29,176,836,897,61,True
33,181,836,906,70,True
49,172,836,954,118,True
67,155,836,954,118,True
68,160,836,954,118,True
78,187,836,954,118,True
2,155,837,975,138,True
5,145,837,906,69,True
15,155,837,897,60,True
19,167,837,897,60,True
21,154,837,906,69,True
29,177,837,897,60,True
34,166,837,975,138,True
39,172,837,897,60,True
50,148,837,954,117,True
55,174,837,897,60,True
56,157,837,897,60,True
69,173,837,897,60,True
74,161,837,954,117,True
75,169,837,897,60,True
4,161,838,906,68,True
6,184,838,906,68,True
7,165,838,897,59,True
9,158,838,906,68,True
17,162,838,906,68,True
20,153,838,897,59,True
24,169,838,906,68,True
28,162,838,897,59,True
32,203,838,897,59,True
33,182,838,906,68,True
35,159,838,906,68,True
36,173,838,897,59,True
37,166,838,897,59,True
40,184,838,897,59,True
43,153,838,954,116,True
51,173,838,897,59,True
57,169,838,954,116,True
60,176,838,897,59,True
73,155,838,954,116,True
74,162,838,954,116,True
75,170,838,897,59,True
77,148,838,954,116,True
6,185,839,906,67,True
9,159,839,906,67,True
12,175,839,906,67,True
14,157,839,897,58,True
15,156,839,897,58,True
19,168,839,975,136,True
20,154,839,897,58,True
23,160,839,906,67,True
26,175,839,897,58,True
27,162,839,906,67,True
28,163,839,897,58,True
36,174,839,897,58,True
41,167,839,954,115,True
43,154,839,954,115,True
44,182,839,897,58,True
52,167,839,897,58,True
58,183,839,897,58,True
72,166,839,897,58,True
75,171,839,897,58,True
1,162,840,897,57,True
7,166,840,897,57,True
8,170,840,897,57,True
11,159,840,906,66,True
14,158,840,897,57,True
16,169,840,906,66,True
19,169,840,975,135,True
30,165,840,906,66,True
34,167,840,975,135,True
43,155,840,954,114,True
44,183,840,897,57,True
45,169,840,897,57,True
48,184,840,897,57,True
59,177,840,954,114,True
64,157,840,954,114,True
65,179,840,954,114,True
68,161,840,954,114,True
69,174,840,897,57,True
70,191,840,954,114,True
71,159,840,897,57,True
74,163,840,954,114,True
77,149,840,954,114,True
78,188,840,954,114,True
1,163,841,897,56,True
10,184,841,897,56,True
17,163,841,906,65,True
20,155,841,897,56,True
23,161,841,906,65,True
27,163,841,906,65,True
28,164,841,897,56,True
30,166,841,906,65,True
32,204,841,906,65,True
42,183,841,954,113,True
47,162,841,897,56,True
48,185,841,897,56,True
51,174,841,897,56,True
61,179,841,897,56,True
67,156,841,954,113,True
75,172,841,897,56,True
78,189,841,954,113,True
79,182,841,954,113,True
2,156,842,975,133,True
7,167,842,897,55,True
10,185,842,906,64,True
17,164,842,906,64,True
22,164,842,906,64,True
27,164,842,906,64,True
28,165,842,897,55,True
29,178,842,975,133,True
33,183,842,906,64,True
40,185,842,897,55,True
51,175,842,897,55,True
53,164,842,897,55,True
58,184,842,897,55,True
62,156,842,954,112,True
75,173,842,897,55,True
78,190,842,954,112,True
6,186,843,906,63,True
7,168,843,897,54,True
21,155,843,906,63,True
25,187,843,906,63,True
32,205,843,906,63,True
42,184,843,954,111,True
45,170,843,897,54,True
47,163,843,897,54,True
54,171,843,954,111,True
58,185,843,897,54,True
62,157,843,954,111,True
63,187,843,954,111,True
64,158,843,954,111,True
66,163,843,897,54,True
72,167,843,897,54,True
74,164,843,954,111,True
77,150,843,954,111,True
3,141,844,975,131,True
5,146,844,906,62,True
8,171,844,897,53,True
11,160,844,975,131,True
15,157,844,897,53,True
21,156,844,906,62,True
23,162,844,906,62,True
24,170,844,906,62,True
25,188,844,906,62,True
39,173,844,897,53,True
42,185,844,954,110,True
51,176,844,954,110,True
65,180,844,954,110,True
68,162,844,954,110,True
69,175,844,897,53,True
71,160,844,897,53,True
75,174,844,897,53,True
20,156,845,897,52,True
26,176,845,897,52,True
27,165,845,906,61,True
31,157,845,906,61,True
37,167,845,897,52,True
40,186,845,897,52,True
50,149,845,954,109,True
54,172,845,954,109,True
64,159,845,954,109,True
73,156,845,954,109,True
74,165,845,954,109,True
6,187,846,906,60,True
8,172,846,897,51,True
10,186,846,906,60,True
22,165,846,906,60,True
26,177,846,897,51,True
28,166,846,906,60,True
31,158,846,906,60,True
35,160,846,906,60,True
40,187,846,897,51,True
57,170,846,954,108,True
58,186,846,954,108,True
59,178,846,954,108,True
60,177,846,954,108,True
68,163,846,954,108,True
71,161,846,897,51,True
74,166,846,954,108,True
76,167,846,903,57,True
78,191,846,954,108,True
5,147,847,906,59,True
9,160,847,906,59,True
15,158,847,906,59,True
18,176,847,906,59,True
35,161,847,906,59,True
36,175,847,975,128,True
38,160,847,906,59,True
45,171,847,897,50,True
51,177,847,954,107,True
58,187,847,954,107,True
62,158,847,954,107,True
65,181,847,954,107,True
67,157,847,954,107,True
69,176,847,897,50,True
77,151,847,954,107,True
78,192,847,954,107,True
5,148,848,906,58,True
9,161,848,906,58,True
10,187,848,906,58,True
25,189,848,906,58,True
32,206,848,906,58,True
35,162,848,906,58,True
43,156,848,954,106,True
46,167,848,954,106,True
48,186,848,897,49,True
49,173,848,954,106,True
54,173,848,954,106,True
70,192,848,954,106,True
71,162,848,954,106,True
75,175,848,897,49,True
77,152,848,954,106,True
78,193,848,954,106,True
0,167,849,906,57,True
7,169,849,906,57,True
10,188,849,906,57,True
16,170,849,975,126,True
32,207,849,906,57,True
40,188,849,897,48,True
48,187,849,897,48,True
50,150,849,954,105,True
51,178,849,954,105,True
56,158,849,954,105,True
57,171,849,954,105,True
62,159,849,954,105,True
73,157,849,954,105,True
77,153,849,954,105,True
0,168,850,906,56,True
5,149,850,906,56,True
7,170,850,906,56,True
10,189,850,906,56,True
16,171,850,975,125,True
23,163,850,906,56,True
26,178,850,906,56,True
28,167,850,906,56,True
30,167,850,906,56,True
31,159,850,906,56,True
35,163,850,906,56,True
36,176,850,975,125,True
39,174,850,906,56,True
61,180,850,897,47,True
64,160,850,954,104,True
66,164,850,897,47,True
70,193,850,954,104,True
74,167,850,954,104,True
75,176,850,897,47,True
3,142,851,975,124,True
5,150,851,906,55,True
7,171,851,906,55,True
18,177,851,906,55,True
19,170,851,975,124,True
21,157,851,906,55,True
29,179,851,975,124,True
37,168,851,897,46,True
51,179,851,954,103,True
54,174,851,954,103,True
62,160,851,954,103,True
63,188,851,954,103,True
69,177,851,903,52,True
74,168,851,954,103,True
79,183,851,954,103,True
6,188,852,906,54,True
7,172,852,906,54,True
18,178,852,906,54,True
21,158,852,906,54,True
23,164,852,906,54,True
27,166,852,906,54,True
35,164,852,906,54,True
37,169,852,906,54,True
42,186,852,954,102,True
46,168,852,954,102,True
48,188,852,897,45,True
59,179,852,954,102,True
72,168,852,897,45,True
76,168,852,903,51,True
77,154,852,954,102,True
78,194,852,954,102,True
79,184,852,954,102,True
0,169,853,906,53,True
1,164,853,906,53,True
2,157,853,975,122,True
5,151,853,906,53,True
6,189,853,906,53,True
10,190,853,906,53,True
16,172,853,975,122,True
17,165,853,906,53,True
24,171,853,906,53,True
37,170,853,906,53,True
39,175,853,906,53,True
41,168,853,954,101,True
45,172,853,954,101,True
49,174,853,954,101,True
50,151,853,954,101,True
57,172,853,954,101,True
60,178,853,954,101,True
63,189,853,954,101,True
67,158,853,954,101,True
71,163,853,954,101,True
73,158,853,954,101,True
78,195,853,954,101,True
0,170,854,906,52,True
4,162,854,975,121,True
5,152,854,906,52,True
8,173,854,906,52,True
11,161,854,975,121,True
17,166,854,906,52,True
28,168,854,906,52,True
32,208,854,906,52,True
33,184,854,975,121,True
41,169,854,954,100,True
47,164,854,897,43,True
61,181,854,897,43,True
65,182,854,954,100,True
68,164,854,954,100,True
6,190,855,906,51,True
12,176,855,906,51,True
14,159,855,906,51,True
15,159,855,906,51,True
20,157,855,975,120,True
44,184,855,954,99,True
47,165,855,897,42,True
50,152,855,954,99,True
58,188,855,954,99,True
68,165,855,954,99,True
77,155,855,954,99,True
78,196,855,954,99,True
3,143,856,975,119,True
12,177,856,906,50,True
15,160,856,906,50,True
20,158,856,975,119,True
29,180,856,975,119,True
44,185,856,954,98,True
55,175,856,906,50,True
58,189,856,954,98,True
59,180,856,954,98,True
60,179,856,954,98,True
64,161,856,954,98,True
70,194,856,954,98,True
75,177,856,954,98,True
77,156,856,954,98,True
2,158,857,975,118,True
5,153,857,906,49,True
6,191,857,906,49,True
10,191,857,906,49,True
17,167,857,906,49,True
18,179,857,906,49,True
23,165,857,906,49,True
24,172,857,906,49,True
32,209,857,906,49,True
34,168,857,975,118,True
36,177,857,975,118,True
48,189,857,954,97,True
53,165,857,897,40,True
59,181,857,954,97,True
62,161,857,954,97,True
63,190,857,954,97,True
64,162,857,954,97,True
75,178,857,954,97,True
79,185,857,954,97,True
0,171,858,906,48,True
2,159,858,975,117,True
10,192,858,906,48,True
14,160,858,906,48,True
15,161,858,906,48,True
17,168,858,975,117,True
20,159,858,975,117,True
26,179,858,906,48,True
37,171,858,906,48,True
44,186,858,954,96,True
49,175,858,954,96,True
50,153,858,954,96,True
53,166,858,897,39,True
67,159,858,954,96,True
69,178,858,903,45,True
74,169,858,954,96,True
4,163,859,975,116,True
8,174,859,906,47,True
10,193,859,906,47,True
23,166,859,906,47,True
26,180,859,906,47,True
29,181,859,975,116,True
32,210,859,906,47,True
41,170,859,954,95,True
42,187,859,954,95,True
43,157,859,954,95,True
44,187,859,954,95,True
46,169,859,954,95,True
51,180,859,954,95,True
68,166,859,954,95,True
70,195,859,954,95,True
76,169,859,903,44,True
79,186,859,954,95,True
0,172,860,906,46,True
9,162,860,975,115,True
11,162,860,975,115,True
13,192,860,906,46,True
21,159,860,906,46,True
23,167,860,906,46,True
30,168,860,906,46,True
33,185,860,975,115,True
39,176,860,906,46,True
41,171,860,954,94,True
44,188,860,954,94,True
51,181,860,954,94,True
53,167,860,897,37,True
55,176,860,906,46,True
63,191,860,954,94,True
67,160,860,954,94,True
74,170,860,954,94,True
2,160,861,975,114,True
3,144,861,975,114,True
5,154,861,906,45,True
7,173,861,975,114,True
9,163,861,975,114,True
23,168,861,906,45,True
24,173,861,906,45,True
26,181,861,906,45,True
39,177,861,906,45,True
56,159,861,954,93,True
60,180,861,954,93,True
63,192,861,954,93,True
66,165,861,903,42,True
67,161,861,954,93,True
74,171,861,954,93,True
77,157,861,954,93,True
6,192,862,999,137,True
14,161,862,975,113,True
15,162,862,906,44,True
17,169,862,975,113,True
20,160,862,975,113,True
29,182,862,975,113,True
34,169,862,975,113,True
35,165,862,906,44,True
39,178,862,906,44,True
46,170,862,954,92,True
53,168,862,903,41,True
57,173,862,954,92,True
62,162,862,954,92,True
65,183,862,954,92,True
67,162,862,954,92,True
75,179,862,954,92,True
76,170,862,903,41,True
78,197,862,954,92,True
10,194,863,906,43,True
22,166,863,975,112,True
28,169,863,906,43,True
34,170,863,975,112,True
36,178,863,975,112,True
39,179,863,906,43,True
41,172,863,954,91,True
42,188,863,954,91,True
45,173,863,954,91,True
46,171,863,954,91,True
57,174,863,954,91,True
59,182,863,954,91,True
68,167,863,954,91,True
74,172,863,954,91,True
77,158,863,954,91,True
4,164,864,975,111,True
7,174,864,975,111,True
8,175,864,906,42,True
12,178,864,975,111,True
26,182,864,906,42,True
27,167,864,975,111,True
28,170,864,906,42,True
30,169,864,975,111,True
33,186,864,975,111,True
42,189,864,954,90,True
44,189,864,954,90,True
46,172,864,954,90,True
49,176,864,954,90,True
55,177,864,906,42,True
61,182,864,954,90,True
63,193,864,954,90,True
65,184,864,954,90,True
71,164,864,954,90,True
74,173,864,954,90,True
77,159,864,954,90,True
5,155,865,906,41,True
7,175,865,975,110,True
10,195,865,906,41,True
17,170,865,975,110,True
18,180,865,906,41,True
22,167,865,975,110,True
27,168,865,975,110,True
32,211,865,906,41,True
33,187,865,975,110,True
34,171,865,975,110,True
35,166,865,906,41,True
37,172,865,906,41,True
40,189,865,954,89,True
50,154,865,954,89,True
56,160,865,954,89,True
65,185,865,954,89,True
66,166,865,954,89,True
70,196,865,954,89,True
72,169,865,903,38,True
76,171,865,903,38,True
4,165,866,975,109,True
19,171,866,975,109,True
23,169,866,906,40,True
29,183,866,975,109,True
34,172,866,975,109,True
37,173,866,906,40,True
38,161,866,906,40,True
39,180,866,975,109,True
52,168,866,954,88,True
55,178,866,906,40,True
56,161,866,954,88,True
57,175,866,954,88,True
59,183,866,954,88,True
66,167,866,954,88,True
71,165,866,954,88,True
73,159,866,954,88,True
1,165,867,975,108,True
3,145,867,975,108,True
8,176,867,975,108,True
27,169,867,975,108,True
31,160,867,975,108,True
37,174,867,906,39,True
41,173,867,954,87,True
44,190,867,954,87,True
49,177,867,954,87,True
60,181,867,954,87,True
61,183,867,954,87,True
63,194,867,954,87,True
67,163,867,954,87,True
72,170,867,906,39,True
79,187,867,954,87,True
12,179,868,975,107,True
14,162,868,975,107,True
15,163,868,975,107,True
19,172,868,975,107,True
20,161,868,975,107,True
29,184,868,975,107,True
34,173,868,975,107,True
41,174,868,954,86,True
42,190,868,954,86,True
43,158,868,954,86,True
54,175,868,954,86,True
63,195,868,954,86,True
69,179,868,954,86,True
77,160,868,954,86,True
2,161,869,975,106,True
6,193,869,999,130,True
10,196,869,906,37,True
11,163,869,975,106,True
13,193,869,906,37,True
18,181,869,975,106,True
26,183,869,906,37,True
40,190,869,954,85,True
41,175,869,954,85,True
47,166,869,954,85,True
57,176,869,954,85,True
59,184,869,954,85,True
62,163,869,954,85,True
70,197,869,954,85,True
72,171,869,954,85,True
75,180,869,954,85,True
1,166,870,975,105,True
2,162,870,975,105,True
7,176,870,975,105,True
9,164,870,975,105,True
29,185,870,975,105,True
39,181,870,975,105,True
40,191,870,954,84,True
45,174,870,954,84,True
46,173,870,954,84,True
49,178,870,954,84,True
51,182,870,954,84,True
53,169,870,954,84,True
62,164,870,954,84,True
65,186,870,954,84,True
75,181,870,954,84,True
77,161,870,954,84,True
78,198,870,954,84,True
79,188,870,954,84,True
4,166,871,975,104,True
6,194,871,999,128,True
8,177,871,975,104,True
17,171,871,975,104,True
20,162,871,975,104,True
30,170,871,975,104,True
45,175,871,954,83,True
64,163,871,954,83,True
65,187,871,954,83,True
69,180,871,954,83,True
76,172,871,954,83,True
0,173,872,975,103,True
2,163,872,975,103,True
4,167,872,975,103,True
14,163,872,975,103,True
20,163,872,975,103,True
23,170,872,975,103,True
28,171,872,975,103,True
35,167,872,995,123,True
39,182,872,975,103,True
44,191,872,954,82,True
46,174,872,954,82,True
49,179,872,954,82,True
50,155,872,954,82,True
59,185,872,954,82,True
66,168,872,954,82,True
69,181,872,954,82,True
70,198,872,954,82,True
75,182,872,954,82,True
5,156,873,975,102,True
6,195,873,999,126,True
11,164,873,975,102,True
16,173,873,975,102,True
17,172,873,975,102,True
25,190,873,975,102,True
28,172,873,975,102,True
29,186,873,975,102,True
39,183,873,975,102,True
41,176,873,954,81,True
43,159,873,954,81,True
57,177,873,954,81,True
58,190,873,954,81,True
71,166,873,954,81,True
73,160,873,954,81,True
7,177,874,975,101,True
10,197,874,906,32,True
17,173,874,975,101,True
20,164,874,975,101,True
21,160,874,975,101,True
22,168,874,975,101,True
28,173,874,975,101,True
42,191,874,996,122,True
44,192,874,954,80,True
51,183,874,954,80,True
52,169,874,954,80,True
53,170,874,954,80,True
56,162,874,954,80,True
58,191,874,954,80,True
60,182,874,954,80,True
61,184,874,954,80,True
72,172,874,954,80,True
2,164,875,975,100,True
4,168,875,975,100,True
10,198,875,906,31,True
14,164,875,975,100,True
15,164,875,975,100,True
18,182,875,975,100,True
23,171,875,975,100,True
38,162,875,975,100,True
43,160,875,954,79,True
44,193,875,954,79,True
46,175,875,954,79,True
58,192,875,954,79,True
75,183,875,954,79,True
79,189,875,954,79,True
3,146,876,975,99,True
10,199,876,906,30,True
17,174,876,975,99,True
20,165,876,975,99,True
21,161,876,975,99,True
22,169,876,975,99,True
23,172,876,975,99,True
25,191,876,975,99,True
28,174,876,975,99,True
34,174,876,975,99,True
39,184,876,975,99,True
42,192,876,996,120,True
48,190,876,954,78,True
53,171,876,954,78,True
58,193,876,954,78,True
61,185,876,954,78,True
76,173,876,954,78,True
0,174,877,975,98,True
2,165,877,975,98,True
3,147,877,975,98,True
5,157,877,975,98,True
18,183,877,975,98,True
19,173,877,975,98,True
28,175,877,975,98,True
40,192,877,954,77,True
59,186,877,954,77,True
63,196,877,954,77,True
65,188,877,954,77,True
2,166,878,975,97,True
9,165,878,975,97,True
11,165,878,975,97,True
13,194,878,975,97,True
16,174,878,975,97,True
38,163,878,975,97,True
45,176,878,954,76,True
46,176,878,954,76,True
50,156,878,954,76,True
51,184,878,954,76,True
54,176,878,954,76,True
62,165,878,996,118,True
67,164,878,954,76,True
77,162,878,954,76,True
78,199,878,954,76,True
4,169,879,975,96,True
6,196,879,999,120,True
23,173,879,975,96,True
27,170,879,975,96,True
28,176,879,975,96,True
31,161,879,975,96,True
41,177,879,954,75,True
43,161,879,954,75,True
56,163,879,954,75,True
64,164,879,954,75,True
71,167,879,954,75,True
78,200,879,954,75,True
79,190,879,954,75,True
4,170,880,975,95,True
6,197,880,999,119,True
7,178,880,975,95,True
9,166,880,975,95,True
16,175,880,975,95,True
18,184,880,975,95,True
19,174,880,975,95,True
25,192,880,975,95,True
27,171,880,975,95,True
28,177,880,975,95,True
29,187,880,975,95,True
36,179,880,975,95,True
47,167,880,954,74,True
50,157,880,996,116,True
59,187,880,954,74,True
66,169,880,954,74,True
67,165,880,954,74,True
73,161,880,954,74,True
75,184,880,954,74,True
2,167,881,975,94,True
4,171,881,975,94,True
6,198,881,999,118,True
8,178,881,975,94,True
14,165,881,975,94,True
15,165,881,975,94,True
19,175,881,975,94,True
41,178,881,954,73,True
43,162,881,954,73,True
44,194,881,954,73,True
51,185,881,954,73,True
59,188,881,954,73,True
66,170,881,954,73,True
70,199,881,,,False
74,174,881,954,73,True
76,174,881,954,73,True
79,191,881,954,73,True
6,199,882,999,117,True
11,166,882,975,93,True
13,195,882,975,93,True
14,166,882,975,93,True
19,176,882,975,93,True
22,170,882,975,93,True
27,172,882,975,93,True
31,162,882,975,93,True
32,212,882,975,93,True
33,188,882,975,93,True
36,180,882,975,93,True
37,175,882,975,93,True
40,193,882,954,72,True
43,163,882,954,72,True
57,178,882,996,114,True
59,189,882,954,72,True
64,165,882,954,72,True
69,182,882,954,72,True
72,173,882,954,72,True
1,167,883,975,92,True
3,148,883,975,92,True
11,167,883,975,92,True
12,180,883,975,92,True
17,175,883,975,92,True
24,174,883,975,92,True
28,178,883,975,92,True
33,189,883,975,92,True
34,175,883,975,92,True
39,185,883,975,92,True
42,193,883,996,113,True
56,164,883,954,71,True
57,179,883,996,113,True
60,183,883,954,71,True
62,166,883,996,113,True
65,189,883,954,71,True
72,174,883,954,71,True
73,162,883,954,71,True
7,179,884,975,91,True
9,167,884,995,111,True
10,200,884,975,91,True
11,168,884,975,91,True
16,176,884,975,91,True
18,185,884,975,91,True
27,173,884,975,91,True
28,179,884,975,91,True
33,190,884,975,91,True
37,176,884,975,91,True
43,164,884,954,70,True
44,195,884,954,70,True
54,177,884,954,70,True
58,194,884,954,70,True
67,166,884,996,112,True
2,168,885,975,90,True
3,149,885,975,90,True
6,200,885,999,114,True
20,166,885,975,90,True
28,180,885,975,90,True
34,176,885,975,90,True
40,194,885,954,69,True
50,158,885,996,111,True
52,170,885,954,69,True
54,178,885,954,69,True
57,180,885,996,111,True
58,195,885,954,69,True
71,168,885,996,111,True
77,163,885,954,69,True
1,168,886,975,89,True
3,150,886,975,89,True
11,169,886,975,89,True
14,167,886,975,89,True
22,171,886,975,89,True
31,163,886,975,89,True
32,213,886,975,89,True
45,177,886,954,68,True
47,168,886,954,68,True
49,180,886,954,68,True
56,165,886,954,68,True
57,181,886,996,110,True
60,184,886,996,110,True
62,167,886,996,110,True
65,190,886,954,68,True
1,169,887,975,88,True
4,172,887,975,88,True
16,177,887,975,88,True
25,193,887,975,88,True
32,214,887,975,88,True
39,186,887,975,88,True
42,194,887,996,109,True
48,191,887,954,67,True
54,179,887,954,67,True
65,191,887,954,67,True
71,169,887,996,109,True
74,175,887,954,67,True
75,185,887,954,67,True
77,164,887,954,67,True
0,175,888,975,87,True
5,158,888,975,87,True
7,180,888,975,87,True
13,196,888,975,87,True
21,162,888,975,87,True
24,175,888,975,87,True
28,181,888,975,87,True
31,164,888,975,87,True
34,177,888,975,87,True
65,192,888,954,66,True
66,171,888,954,66,True
70,200,888,,,False
75,186,888,954,66,True
77,165,888,954,66,True
13,197,889,975,86,True
14,168,889,975,86,True
23,174,889,975,86,True
30,171,889,975,86,True
31,165,889,975,86,True
32,215,889,999,110,True
39,187,889,975,86,True
40,195,889,954,65,True
44,196,889,954,65,True
50,159,889,996,107,True
51,186,889,954,65,True
71,170,889,996,107,True
73,163,889,954,65,True
75,187,889,954,65,True
78,201,889,954,65,True
4,173,890,975,85,True
8,179,890,975,85,True
9,168,890,995,105,True
11,170,890,975,85,True
20,167,890,975,85,True
33,191,890,975,85,True
35,168,890,995,105,True
47,169,890,954,64,True
50,160,890,996,106,True
53,172,890,954,64,True
58,196,890,954,64,True
63,197,890,954,64,True
68,168,890,996,106,True
69,183,890,954,64,True
72,175,890,954,64,True
73,164,890,954,64,True
78,202,890,954,64,True
8,180,891,975,84,True
10,201,891,975,84,True
13,198,891,975,84,True
19,177,891,975,84,True
27,174,891,975,84,True
28,182,891,975,84,True
31,166,891,975,84,True
38,164,891,975,84,True
39,188,891,975,84,True
44,197,891,954,63,True
45,178,891,954,63,True
47,170,891,954,63,True
50,161,891,996,105,True
56,166,891,954,63,True
60,185,891,996,105,True
65,193,891,954,63,True
70,201,891,,,False
71,171,891,996,105,True
74,176,891,954,63,True
75,188,891,954,63,True
78,203,891,954,63,True
4,174,892,975,83,True
11,171,892,975,83,True
13,199,892,975,83,True
16,178,892,975,83,True
29,188,892,975,83,True
30,172,892,975,83,True
33,192,892,975,83,True
37,177,892,999,107,True
40,196,892,954,62,True
42,195,892,996,104,True
45,179,892,954,62,True
46,177,892,954,62,True
48,192,892,954,62,True
51,187,892,954,62,True
63,198,892,954,62,True
74,177,892,954,62,True
76,175,892,954,62,True
78,204,892,996,104,True
0,176,893,975,82,True
1,170,893,975,82,True
3,151,893,975,82,True
7,181,893,975,82,True
9,169,893,995,102,True
20,168,893,975,82,True
22,172,893,975,82,True
27,175,893,975,82,True
33,193,893,975,82,True
49,181,893,996,103,True
50,162,893,996,103,True
54,180,893,996,103,True
59,190,893,954,61,True
60,186,893,996,103,True
70,202,893,,,False
78,205,893,996,103,True
8,181,894,975,81,True
14,169,894,975,81,True
17,176,894,975,81,True
19,178,894,975,81,True
20,169,894,975,81,True
21,163,894,975,81,True
29,189,894,975,81,True
34,178,894,975,81,True
42,196,894,996,102,True
46,178,894,954,60,True
47,171,894,954,60,True
49,182,894,996,102,True
51,188,894,954,60,True
56,167,894,,,False
62,168,894,996,102,True
65,194,894,954,60,True
73,165,894,996,102,True
77,166,894,954,60,True
1,171,895,975,80,True
3,152,895,975,80,True
9,170,895,,,False
15,166,895,975,80,True
17,177,895,975,80,True
24,176,895,995,100,True
32,216,895,999,104,True
37,178,895,999,104,True
48,193,895,954,59,True
49,183,895,996,101,True
53,173,895,954,59,True
58,197,895,996,101,True
60,187,895,996,101,True
62,169,895,996,101,True
64,166,895,954,59,True
66,172,895,954,59,True
72,176,895,954,59,True
74,178,895,996,101,True
5,159,896,999,103,True
12,181,896,975,79,True
21,164,896,975,79,True
25,194,896,975,79,True
32,217,896,999,103,True
38,165,896,975,79,True
52,171,896,954,58,True
58,198,896,996,100,True
64,167,896,954,58,True
65,195,896,954,58,True
67,167,896,996,100,True
78,206,896,996,100,True
79,192,896,996,100,True
2,169,897,975,78,True
3,153,897,975,78,True
6,201,897,999,102,True
14,170,897,975,78,True
17,178,897,975,78,True
24,177,897,995,98,True
25,195,897,975,78,True
31,167,897,975,78,True
41,179,897,996,99,True
42,197,897,996,99,True
50,163,897,996,99,True
52,172,897,954,57,True
54,181,897,996,99,True
57,182,897,996,99,True
58,199,897,996,99,True
61,186,897,954,57,True
62,170,897,996,99,True
64,168,897,954,57,True
66,173,897,954,57,True
67,168,897,996,99,True
68,169,897,996,99,True
69,184,897,954,57,True
70,203,897,,,False
74,179,897,996,99,True
75,189,897,996,99,True
6,202,898,999,101,True
7,182,898,975,77,True
8,182,898,975,77,True
12,182,898,975,77,True
16,179,898,975,77,True
34,179,898,996,98,True
39,189,898,975,77,True
42,198,898,996,98,True
50,164,898,996,98,True
51,189,898,954,56,True
55,179,898,954,56,True
57,183,898,996,98,True
60,188,898,996,98,True
63,199,898,996,98,True
69,185,898,954,56,True
70,204,898,,,False
75,190,898,996,98,True
77,167,898,954,56,True
1,172,899,975,76,True
3,154,899,975,76,True
5,160,899,999,100,True
7,183,899,975,76,True
11,172,899,,,False
16,180,899,975,76,True
19,179,899,975,76,True
29,190,899,975,76,True
36,181,899,975,76,True
38,166,899,975,76,True
39,190,899,975,76,True
44,198,899,954,55,True
45,180,899,954,55,True
54,182,899,996,97,True
58,200,899,996,97,True
61,187,899,954,55,True
63,200,899,996,97,True
68,170,899,996,97,True
71,172,899,996,97,True
1,173,900,975,75,True
7,184,900,995,95,True
10,202,900,975,75,True
12,183,900,975,75,True
29,191,900,975,75,True
34,180,900,996,96,True
37,179,900,999,99,True
40,197,900,954,54,True
41,180,900,996,96,True
48,194,900,954,54,True
52,173,900,954,54,True
58,201,900,996,96,True
59,191,900,954,54,True
62,171,900,996,96,True
75,191,900,996,96,True
1,174,901,975,74,True
2,170,901,975,74,True
5,161,901,999,98,True
7,185,901,995,94,True
18,186,901,995,94,True
25,196,901,975,74,True
29,192,901,975,74,True
32,218,901,999,98,True
34,181,901,996,95,True
38,167,901,975,74,True
40,198,901,954,53,True
51,190,901,954,53,True
52,174,901,954,53,True
53,174,901,954,53,True
54,183,901,996,95,True
57,184,901,996,95,True
62,172,901,996,95,True
70,205,901,,,False
74,180,901,996,95,True
2,171,902,975,73,True
4,175,902,975,73,True
6,203,902,999,97,True
8,183,902,995,93,True
9,171,902,,,False
10,203,902,975,73,True
12,184,902,975,73,True
25,197,902,975,73,True
29,193,902,975,73,True
33,194,902,975,73,True
41,181,902,996,94,True
44,199,902,996,94,True
47,172,902,954,52,True
55,180,902,954,52,True
66,174,902,954,52,True
75,192,902,996,94,True
20,170,903,975,72,True
22,173,903,999,96,True
31,168,903,995,92,True
33,195,903,975,72,True
37,180,903,999,96,True
39,191,903,975,72,True
48,195,903,954,51,True
55,181,903,954,51,True
66,175,903,954,51,True
71,173,903,996,93,True
72,177,903,954,51,True
73,166,903,996,93,True
76,176,903,954,51,True
9,172,904,,,False
11,173,904,,,False
28,183,904,975,71,True
34,182,904,996,92,True
36,182,904,975,71,True
38,168,904,975,71,True
42,199,904,996,92,True
44,200,904,996,92,True
45,181,904,996,92,True
46,179,904,996,92,True
56,168,904,,,False
57,185,904,996,92,True
62,173,904,996,92,True
70,206,904,,,False
72,178,904,954,50,True
76,177,904,954,50,True
79,193,904,996,92,True
1,175,905,999,94,True
3,155,905,975,70,True
8,184,905,995,90,True
9,173,905,,,False
18,187,905,995,90,True
20,171,905,975,70,True
22,174,905,999,94,True
24,178,905,,,False
25,198,905,975,70,True
30,173,905,995,90,True
31,169,905,995,90,True
37,181,905,999,94,True
47,173,905,954,49,True
52,175,905,954,49,True
53,175,905,954,49,True
72,179,905,954,49,True
75,193,905,996,91,True
77,168,905,996,91,True
11,174,906,,,False
24,179,906,,,False
27,176,906,995,89,True
38,169,906,975,69,True
40,199,906,,,False
49,184,906,996,90,True
55,182,906,954,48,True
56,169,906,,,False
60,189,906,996,90,True
67,169,906,996,90,True
79,194,906,,,False
2,172,907,975,68,True
9,174,907,,,False
10,204,907,975,68,True
20,172,907,975,68,True
29,194,907,975,68,True
30,174,907,995,88,True
31,170,907,995,88,True
35,169,907,999,92,True
41,182,907,996,89,True
42,200,907,996,89,True
59,192,907,996,89,True
64,169,907,954,47,True
69,186,907,954,47,True
77,169,907,996,89,True
3,156,908,996,88,True
6,204,908,999,91,True
9,175,908,,,False
10,205,908,975,67,True
13,200,908,999,91,True
22,175,908,999,91,True
29,195,908,975,67,True
31,171,908,995,87,True
32,219,908,999,91,True
39,192,908,999,91,True
44,201,908,996,88,True
51,191,908,954,46,True
73,167,908,996,88,True
79,195,908,,,False
6,205,909,999,90,True
30,175,909,995,86,True
35,170,909,999,90,True
36,183,909,975,66,True
44,202,909,996,87,True
45,182,909,996,87,True
54,184,909,996,87,True
62,174,909,996,87,True
65,196,909,996,87,True
68,171,909,996,87,True
73,168,909,996,87,True
76,178,909,954,45,True
3,157,910,996,86,True
13,201,910,999,89,True
32,220,910,999,89,True
45,183,910,996,86,True
47,174,910,954,44,True
55,183,910,954,44,True
62,175,910,996,86,True
77,170,910,996,86,True
2,173,911,975,64,True
5,162,911,999,88,True
6,206,911,,,False
7,186,911,995,84,True
19,180,911,975,64,True
22,176,911,999,88,True
26,184,911,975,64,True
28,184,911,975,64,True
35,171,911,,,False
43,165,911,996,85,True
46,180,911,,,False
49,185,911,996,85,True
54,185,911,996,85,True
58,202,911,996,85,True
69,187,911,954,43,True
76,179,911,954,43,True
78,207,911,996,85,True
79,196,911,,,False
1,176,912,999,87,True
3,158,912,996,84,True
10,206,912,975,63,True
11,175,912,,,False
15,167,912,975,63,True
17,179,912,975,63,True
18,188,912,999,87,True
32,221,912,999,87,True
40,200,912,,,False
43,166,912,996,84,True
49,186,912,996,84,True
58,203,912,996,84,True
63,201,912,996,84,True
70,207,912,,,False
71,174,912,996,84,True
72,180,912,954,42,True
78,208,912,996,84,True
1,177,913,999,86,True
8,185,913,995,82,True
9,176,913,,,False
16,181,913,,,False
33,196,913,,,False
43,167,913,996,83,True
46,181,913,,,False
47,175,913,996,83,True
48,196,913,996,83,True
54,186,913,996,83,True
70,208,913,,,False
0,177,914,975,61,True
2,174,914,,,False
7,187,914,995,81,True
10,207,914,975,61,True
11,176,914,,,False
12,185,914,995,81,True
13,202,914,999,85,True
22,177,914,999,85,True
27,177,914,995,81,True
30,176,914,999,85,True
33,197,914,,,False
51,192,914,996,82,True
54,187,914,996,82,True
59,193,914,996,82,True
60,190,914,,,False
68,172,914,996,82,True
74,181,914,996,82,True
78,209,914,996,82,True
2,175,915,,,False
3,159,915,996,81,True
14,171,915,975,60,True
17,180,915,999,84,True
20,173,915,975,60,True
21,165,915,999,84,True
23,175,915,999,84,True
27,178,915,995,80,True
30,177,915,999,84,True
37,182,915,999,84,True
40,201,915,,,False
41,183,915,,,False
45,184,915,996,81,True
50,165,915,996,81,True
55,184,915,954,39,True
69,188,915,996,81,True
77,171,915,996,81,True
79,197,915,,,False
3,160,916,996,80,True
4,176,916,,,False
9,177,916,,,False
10,208,916,975,59,True
11,177,916,,,False
12,186,916,,,False
15,168,916,975,59,True
28,185,916,975,59,True
30,178,916,999,83,True
34,183,916,996,80,True
38,170,916,975,59,True
40,202,916,,,False
45,185,916,996,80,True
49,187,916,,,False
59,194,916,996,80,True
66,176,916,996,80,True
72,181,916,996,80,True
74,182,916,996,80,True
76,180,916,996,80,True
77,172,916,996,80,True
0,178,917,975,58,True
25,199,917,975,58,True
27,179,917,995,78,True
31,172,917,,,False
37,183,917,999,82,True
38,171,917,975,58,True
45,186,917,996,79,True
60,191,917,,,False
62,176,917,,,False
63,202,917,996,79,True
65,197,917,996,79,True
69,189,917,996,79,True
70,209,917,,,False
71,175,917,996,79,True
75,194,917,996,79,True
77,173,917,996,79,True
79,198,917,,,False
4,177,918,,,False
10,209,918,975,57,True
20,174,918,975,57,True
24,180,918,,,False
32,222,918,999,81,True
33,198,918,,,False
37,184,918,999,81,True
57,186,918,996,78,True
59,195,918,996,78,True
60,192,918,,,False
63,203,918,996,78,True
72,182,918,996,78,True
79,199,918,,,False
0,179,919,975,56,True
9,178,919,,,False
10,210,919,975,56,True
22,178,919,999,80,True
45,187,919,996,77,True
54,188,919,996,77,True
68,173,919,,,False
69,190,919,996,77,True
76,181,919,996,77,True
78,210,919,996,77,True
7,188,920,999,79,True
24,181,920,,,False
43,168,920,996,76,True
45,188,920,996,76,True
51,193,920,996,76,True
57,187,920,996,76,True
59,196,920,996,76,True
71,176,920,996,76,True
78,211,920,996,76,True
1,178,921,999,78,True
2,176,921,,,False
4,178,921,,,False
10,211,921,975,54,True
12,187,921,,,False
21,166,921,999,78,True
28,186,921,999,78,True
32,223,921,999,78,True
38,172,921,975,54,True
40,203,921,,,False
43,169,921,996,75,True
44,203,921,996,75,True
46,182,921,,,False
47,176,921,996,75,True
49,188,921,,,False
54,189,921,996,75,True
60,193,921,,,False
61,188,921,996,75,True
63,204,921,996,75,True
70,210,921,,,False
71,177,921,996,75,True
79,200,921,,,False
1,179,922,999,77,True
2,177,922,,,False
3,161,922,996,74,True
9,179,922,,,False
13,203,922,999,77,True
19,181,922,975,53,True
26,185,922,999,77,True
50,166,922,,,False
51,194,922,996,74,True
57,188,922,996,74,True
62,177,922,,,False
65,198,922,996,74,True
66,177,922,996,74,True
67,170,922,996,74,True
69,191,922,996,74,True
73,169,922,996,74,True
79,201,922,,,False
1,180,923,999,76,True
4,179,923,,,False
11,178,923,,,False
14,172,923,999,76,True
15,169,923,975,52,True
16,182,923,,,False
17,181,923,999,76,True
22,179,923,999,76,True
26,186,923,999,76,True
28,187,923,999,76,True
33,199,923,,,False
34,184,923,996,73,True
35,172,923,,,False
36,184,923,975,52,True
42,201,923,,,False
44,204,923,996,73,True
47,177,923,996,73,True
50,167,923,,,False
51,195,923,996,73,True
58,204,923,996,73,True
64,170,923,,,False
68,174,923,,,False
70,211,923,,,False
78,212,923,996,73,True
1,181,924,999,75,True
2,178,924,,,False
6,207,924,,,False
7,189,924,999,75,True
12,188,924,,,False
16,183,924,,,False
32,224,924,999,75,True
40,204,924,,,False
57,189,924,996,72,True
60,194,924,,,False
65,199,924,996,72,True
66,178,924,996,72,True
71,178,924,996,72,True
3,162,925,,,False
9,180,925,,,False
10,212,925,996,71,True
13,204,925,999,74,True
14,173,925,999,74,True
15,170,925,975,50,True
16,184,925,,,False
28,188,925,999,74,True
37,185,925,999,74,True
41,184,925,,,False
51,196,925,996,71,True
56,170,925,,,False
59,197,925,996,71,True
64,171,925,,,False
79,202,925,,,False
0,180,926,996,70,True
11,179,926,,,False
20,175,926,,,False
32,225,926,999,73,True
38,173,926,999,73,True
39,193,926,999,73,True
42,202,926,,,False
44,205,926,996,70,True
57,190,926,996,70,True
60,195,926,,,False
62,178,926,,,False
70,212,926,,,False
74,183,926,996,70,True
76,182,926,996,70,True
79,203,926,,,False
0,181,927,996,69,True
3,163,927,,,False
4,180,927,,,False
10,213,927,996,69,True
33,200,927,,,False
34,185,927,,,False
39,194,927,999,72,True
41,185,927,,,False
47,178,927,996,69,True
64,172,927,,,False
10,214,928,996,68,True
12,189,928,,,False
17,182,928,999,71,True
27,180,928,,,False
31,173,928,,,False
36,185,928,996,68,True
37,186,928,999,71,True
40,205,928,,,False
43,170,928,,,False
50,168,928,,,False
55,185,928,996,68,True
56,171,928,,,False
59,198,928,996,68,True
62,179,928,,,False
72,183,928,996,68,True
2,179,929,,,False
6,208,929,,,False
7,190,929,999,70,True
8,186,929,,,False
22,180,929,,,False
25,200,929,,,False
26,187,929,999,70,True
33,201,929,,,False
35,173,929,,,False
44,206,929,996,67,True
68,175,929,,,False
77,174,929,996,67,True
5,163,930,999,69,True
6,209,930,,,False
12,190,930,,,False
13,205,930,999,69,True
27,181,930,,,False
30,179,930,999,69,True
34,186,930,,,False
41,186,930,,,False
43,171,930,,,False
48,197,930,,,False
50,169,930,,,False
59,199,930,996,66,True
62,180,930,,,False
74,184,930,,,False
75,195,930,996,66,True
2,180,931,,,False
5,164,931,999,68,True
8,187,931,,,False
9,181,931,,,False
11,180,931,,,False
18,189,931,999,68,True
20,176,931,,,False
21,167,931,999,68,True
29,196,931,,,False
31,174,931,,,False
40,206,931,,,False
45,189,931,,,False
48,198,931,,,False
54,190,931,,,False
55,186,931,996,65,True
56,172,931,,,False
74,185,931,,,False
77,175,931,996,65,True
29,197,932,,,False
36,186,932,,,False
51,197,932,996,64,True
56,173,932,,,False
61,189,932,996,64,True
64,173,932,,,False
65,200,932,,,False
76,183,932,996,64,True
78,213,932,,,False
3,164,933,,,False
4,181,933,,,False
9,182,933,,,False
10,215,933,999,66,True
19,182,933,999,66,True
21,168,933,999,66,True
28,189,933,999,66,True
45,190,933,,,False
53,176,933,,,False
54,191,933,,,False
60,196,933,,,False
61,190,933,996,63,True
65,201,933,,,False
73,170,933,,,False
74,186,933,,,False
6,210,934,,,False
8,188,934,,,False
16,185,934,,,False
21,169,934,999,65,True
27,182,934,,,False
29,198,934,,,False
44,207,934,996,62,True
55,187,934,996,62,True
61,191,934,996,62,True
76,184,934,996,62,True
2,181,935,,,False
3,165,935,,,False
10,216,935,999,64,True
11,181,935,,,False
17,183,935,999,64,True
18,190,935,999,64,True
19,183,935,999,64,True
22,181,935,,,False
27,183,935,,,False
30,180,935,999,64,True
32,226,935,999,64,True
35,174,935,,,False
41,187,935,,,False
44,208,935,996,61,True
50,170,935,,,False
57,191,935,,,False
66,179,935,996,61,True
67,171,935,,,False
71,179,935,,,False
74,187,935,,,False
77,176,935,996,61,True
79,204,935,,,False
0,182,936,,,False
2,182,936,,,False
11,182,936,,,False
12,191,936,,,False
21,170,936,999,63,True
22,182,936,,,False
28,190,936,999,63,True
29,199,936,,,False
34,187,936,,,False
35,175,936,,,False
36,187,936,,,False
39,195,936,999,63,True
40,207,936,,,False
58,205,936,,,False
62,181,936,,,False
65,202,936,,,False
67,172,936,,,False
77,177,936,,,False
5,165,937,999,62,True
8,189,937,,,False
15,171,937,999,62,True
19,184,937,999,62,True
22,183,937,,,False
32,227,937,999,62,True
33,202,937,,,False
36,188,937,,,False
38,174,937,999,62,True
40,208,937,,,False
43,172,937,,,False
44,209,937,996,59,True
55,188,937,996,59,True
58,206,937,,,False
60,197,937,,,False
61,192,937,996,59,True
62,182,937,,,False
69,192,937,996,59,True
70,213,937,,,False
79,205,937,,,False
2,183,938,,,False
4,182,938,,,False
9,183,938,,,False
12,192,938,,,False
18,191,938,999,61,True
19,185,938,999,61,True
32,228,938,999,61,True
35,176,938,,,False
38,175,938,999,61,True
46,183,938,,,False
58,207,938,,,False
59,200,938,996,58,True
65,203,938,,,False
72,184,938,,,False
74,188,938,,,False
3,166,939,,,False
5,166,939,999,60,True
7,191,939,999,60,True
9,184,939,,,False
10,217,939,999,60,True
14,174,939,,,False
27,184,939,,,False
29,200,939,,,False
32,229,939,999,60,True
39,196,939,999,60,True
41,188,939,,,False
61,193,939,996,57,True
64,174,939,,,False
65,204,939,,,False
66,180,939,996,57,True
75,196,939,996,57,True
6,211,940,,,False
7,192,940,999,59,True
24,182,940,,,False
34,188,940,,,False
36,189,940,,,False
43,173,940,,,False
44,210,940,,,False
53,177,940,,,False
55,189,940,996,56,True
56,174,940,,,False
68,176,940,,,False
77,178,940,,,False
5,167,941,999,58,True
6,212,941,,,False
19,186,941,999,58,True
20,177,941,,,False
25,201,941,,,False
34,189,941,,,False
36,190,941,,,False
38,176,941,999,58,True
42,203,941,,,False
45,191,941,,,False
47,179,941,,,False
50,171,941,,,False
52,176,941,,,False
59,201,941,,,False
61,194,941,,,False
62,183,941,,,False
70,214,941,,,False
75,197,941,996,55,True
0,183,942,,,False
1,182,942,999,57,True
8,190,942,,,False
10,218,942,999,57,True
23,176,942,999,57,True
24,183,942,,,False
27,185,942,,,False
28,191,942,999,57,True
31,175,942,,,False
47,180,942,,,False
54,192,942,,,False
65,205,942,,,False
66,181,942,,,False
68,177,942,,,False
70,215,942,,,False
75,198,942,996,54,True
13,206,943,999,56,True
14,175,943,,,False
22,184,943,,,False
34,190,943,,,False
62,184,943,,,False
65,206,943,,,False
74,189,943,,,False
75,199,943,,,False
76,185,943,,,False
5,168,944,,,False
7,193,944,999,55,True
8,191,944,,,False
9,185,944,,,False
10,219,944,999,55,True
11,183,944,,,False
12,193,944,,,False
24,184,944,,,False
32,230,944,999,55,True
34,191,944,,,False
37,187,944,999,55,True
38,177,944,999,55,True
54,193,944,,,False
66,182,944,,,False
70,216,944,,,False
75,200,944,,,False
76,186,944,,,False
6,213,945,,,False
8,192,945,,,False
9,186,945,,,False
14,176,945,,,False
27,186,945,,,False
31,176,945,,,False
38,178,945,999,54,True
45,192,945,,,False
53,178,945,,,False
56,175,945,,,False
59,202,945,,,False
63,205,945,,,False
65,207,945,,,False
76,187,945,,,False
77,179,945,,,False
0,184,946,,,False
6,214,946,,,False
13,207,946,999,53,True
18,192,946,,,False
36,191,946,,,False
37,188,946,999,53,True
45,193,946,,,False
52,177,946,,,False
55,190,946,,,False
61,195,946,,,False
63,206,946,,,False
75,201,946,,,False
78,214,946,,,False
4,183,947,,,False
5,169,947,,,False
17,184,947,999,52,True
24,185,947,,,False
25,202,947,,,False
32,231,947,999,52,True
36,192,947,,,False
40,209,947,,,False
43,174,947,,,False
44,211,947,,,False
47,181,947,,,False
56,176,947,,,False
63,207,947,,,False
66,183,947,,,False
67,173,947,,,False
69,193,947,,,False
71,180,947,,,False
73,171,947,,,False
74,190,947,,,False
0,185,948,,,False
6,215,948,,,False
12,194,948,,,False
16,186,948,,,False
23,177,948,999,51,True
26,188,948,,,False
30,181,948,,,False
33,203,948,,,False
37,189,948,999,51,True
39,197,948,999,51,True
42,204,948,,,False
52,178,948,,,False
53,179,948,,,False
58,208,948,,,False
59,203,948,,,False
60,198,948,,,False
61,196,948,,,False
66,184,948,,,False
69,194,948,,,False
70,217,948,,,False
71,181,948,,,False
72,185,948,,,False
73,172,948,,,False
76,188,948,,,False
2,184,949,,,False
32,232,949,999,50,True
35,177,949,,,False
37,190,949,999,50,True
38,179,949,999,50,True
44,212,949,,,False
48,199,949,,,False
50,172,949,,,False
52,179,949,,,False
54,194,949,,,False
59,204,949,,,False
61,197,949,,,False
68,178,949,,,False
1,183,950,,,False
3,167,950,,,False
16,187,950,,,False
17,185,950,999,49,True
22,185,950,,,False
35,178,950,,,False
37,191,950,999,49,True
43,175,950,,,False
44,213,950,,,False
47,182,950,,,False
48,200,950,,,False
52,180,950,,,False
58,209,950,,,False
59,205,950,,,False
61,198,950,,,False
66,185,950,,,False
68,179,950,,,False
69,195,950,,,False
72,186,950,,,False
74,191,950,,,False
75,202,950,,,False
6,216,951,,,False
8,193,951,,,False
13,208,951,999,48,True
23,178,951,,,False
24,186,951,,,False
26,189,951,,,False
27,187,951,,,False
31,177,951,,,False
42,205,951,,,False
46,184,951,,,False
54,195,951,,,False
55,191,951,,,False
58,210,951,,,False
66,186,951,,,False
67,174,951,,,False
69,196,951,,,False
70,218,951,,,False
71,182,951,,,False
72,187,951,,,False
74,192,951,,,False
78,215,951,,,False
0,186,952,,,False
1,184,952,,,False
3,168,952,,,False
5,170,952,,,False
14,177,952,,,False
17,186,952,999,47,True
19,187,952,,,False
20,178,952,,,False
21,171,952,,,False
24,187,952,,,False
27,188,952,,,False
35,179,952,,,False
40,210,952,,,False
44,214,952,,,False
65,208,952,,,False
69,197,952,,,False
73,173,952,,,False
0,187,953,,,False
3,169,953,,,False
4,184,953,,,False
15,172,953,,,False
24,188,953,,,False
26,190,953,,,False
34,192,953,,,False
41,189,953,,,False
44,215,953,,,False
53,180,953,,,False
57,192,953,,,False
68,180,953,,,False
75,203,953,,,False
76,189,953,,,False
79,206,953,,,False
1,185,954,,,False
6,217,954,,,False
11,184,954,,,False
25,203,954,,,False
34,193,954,,,False
39,198,954,999,45,True
40,211,954,,,False
46,185,954,,,False
63,208,954,,,False
65,209,954,,,False
67,175,954,,,False
75,204,954,,,False
6,218,955,,,False
12,195,955,,,False
21,172,955,,,False
22,186,955,,,False
27,189,955,,,False
38,180,955,,,False
42,206,955,,,False
44,216,955,,,False
47,183,955,,,False
49,189,955,,,False
50,173,955,,,False
51,198,955,,,False
64,175,955,,,False
65,210,955,,,False
69,198,955,,,False
79,207,955,,,False
0,188,956,,,False
1,186,956,,,False
5,171,956,,,False
6,219,956,,,False
8,194,956,,,False
14,178,956,,,False
16,188,956,,,False
17,187,956,999,43,True
22,187,956,,,False
28,192,956,,,False
30,182,956,,,False
31,178,956,,,False
35,180,956,,,False
42,207,956,,,False
48,201,956,,,False
49,190,956,,,False
50,174,956,,,False
51,199,956,,,False
55,192,956,,,False
57,193,956,,,False
61,199,956,,,False
69,199,956,,,False
73,174,956,,,False
0,189,957,,,False
1,187,957,,,False
3,170,957,,,False
15,173,957,,,False
17,188,957,999,42,True
36,193,957,,,False
41,190,957,,,False
44,217,957,,,False
45,194,957,,,False
48,202,957,,,False
52,181,957,,,False
67,176,957,,,False
0,190,958,,,False
3,171,958,,,False
7,194,958,,,False
23,179,958,,,False
37,192,958,,,False
41,191,958,,,False
43,176,958,,,False
57,194,958,,,False
66,187,958,,,False
68,181,958,,,False
72,188,958,,,False
78,216,958,,,False
22,188,959,,,False
26,191,959,,,False
29,201,959,,,False
31,179,959,,,False
38,181,959,,,False
41,192,959,,,False
42,208,959,,,False
48,203,959,,,False
54,196,959,,,False
55,193,959,,,False
58,211,959,,,False
60,199,959,,,False
64,176,959,,,False
66,188,959,,,False
72,189,959,,,False
75,205,959,,,False
77,180,959,,,False
78,217,959,,,False
1,188,960,,,False
10,220,960,999,39,True
14,179,960,,,False
23,180,960,,,False
47,184,960,,,False
48,204,960,,,False
49,191,960,,,False
62,185,960,,,False
64,177,960,,,False
10,221,961,999,38,True
15,174,961,,,False
17,189,961,999,38,True
24,189,961,,,False
27,190,961,,,False
41,193,961,,,False
44,218,961,,,False
58,212,961,,,False
67,177,961,,,False
68,182,961,,,False
2,185,962,,,False
8,195,962,,,False
12,196,962,,,False
14,180,962,,,False
15,175,962,,,False
18,193,962,,,False
19,188,962,,,False
21,173,962,,,False
23,181,962,,,False
27,191,962,,,False
29,202,962,,,False
30,183,962,,,False
35,181,962,,,False
36,194,962,,,False
40,212,962,,,False
42,209,962,,,False
44,219,962,,,False
47,185,962,,,False
52,182,962,,,False
53,181,962,,,False
58,213,962,,,False
73,175,962,,,False
76,190,962,,,False
5,172,963,,,False
6,220,963,,,False
8,196,963,,,False
9,187,963,,,False
10,222,963,999,36,True
12,197,963,,,False
15,176,963,,,False
22,189,963,,,False
24,190,963,,,False
26,192,963,,,False
27,192,963,,,False
30,184,963,,,False
35,182,963,,,False
41,194,963,,,False
45,195,963,,,False
48,205,963,,,False
52,183,963,,,False
54,197,963,,,False
58,214,963,,,False
61,200,963,,,False
64,178,963,,,False
66,189,963,,,False
67,178,963,,,False
76,191,963,,,False
15,177,964,,,False
20,179,964,,,False
21,174,964,,,False
23,182,964,,,False
25,204,964,,,False
30,185,964,,,False
33,204,964,,,False
36,195,964,,,False
40,213,964,,,False
42,210,964,,,False
43,177,964,,,False
45,196,964,,,False
49,192,964,,,False
50,175,964,,,False
54,198,964,,,False
55,194,964,,,False
58,215,964,,,False
63,209,964,,,False
72,190,964,,,False
73,176,964,,,False
75,206,964,,,False
2,186,965,,,False
9,188,965,,,False
12,198,965,,,False
15,178,965,,,False
20,180,965,,,False
29,203,965,,,False
33,205,965,,,False
36,196,965,,,False
39,199,965,,,False
45,197,965,,,False
51,200,965,,,False
55,195,965,,,False
56,177,965,,,False
57,195,965,,,False
61,201,965,,,False
67,179,965,,,False
69,200,965,,,False
76,192,965,,,False
4,185,966,,,False
6,221,966,,,False
13,209,966,,,False
17,190,966,,,False
19,189,966,,,False
23,183,966,,,False
26,193,966,,,False
29,204,966,,,False
32,233,966,,,False
44,220,966,,,False
46,186,966,,,False
55,196,966,,,False
57,196,966,,,False
70,219,966,,,False
73,177,966,,,False
76,193,966,,,False
77,181,966,,,False
78,218,966,,,False
79,208,966,,,False
5,173,967,,,False
9,189,967,,,False
12,199,967,,,False
13,210,967,,,False
16,189,967,,,False
37,193,967,,,False
39,200,967,,,False
56,178,967,,,False
59,206,967,,,False
67,180,967,,,False
68,183,967,,,False
75,207,967,,,False
78,219,967,,,False
6,222,968,,,False
11,185,968,,,False
13,211,968,,,False
14,181,968,,,False
18,194,968,,,False
21,175,968,,,False
25,205,968,,,False
27,193,968,,,False
33,206,968,,,False
37,194,968,,,False
40,214,968,,,False
41,195,968,,,False
45,198,968,,,False
50,176,968,,,False
52,184,968,,,False
57,197,968,,,False
62,186,968,,,False
66,190,968,,,False
71,183,968,,,False
1,189,969,,,False
14,182,969,,,False
16,190,969,,,False
21,176,969,,,False
23,184,969,,,False
28,193,969,,,False
32,234,969,,,False
48,206,969,,,False
51,201,969,,,False
58,216,969,,,False
59,207,969,,,False
72,191,969,,,False
1,190,970,,,False
6,223,970,,,False
8,197,970,,,False
12,200,970,,,False
14,183,970,,,False
16,191,970,,,False
25,206,970,,,False
27,194,970,,,False
29,205,970,,,False
37,195,970,,,False
50,177,970,,,False
62,187,970,,,False
66,191,970,,,False
72,192,970,,,False
3,172,971,,,False
4,186,971,,,False
6,224,971,,,False
10,223,971,,,False
11,186,971,,,False
12,201,971,,,False
30,186,971,,,False
32,235,971,,,False
36,197,971,,,False
39,201,971,,,False
40,215,971,,,False
43,178,971,,,False
47,186,971,,,False
52,185,971,,,False
60,200,971,,,False
61,202,971,,,False
15,179,972,,,False
22,190,972,,,False
27,195,972,,,False
29,206,972,,,False
33,207,972,,,False
36,198,972,,,False
39,202,972,,,False
44,221,972,,,False
49,193,972,,,False
61,203,972,,,False
63,210,972,,,False
68,184,972,,,False
72,193,972,,,False
73,178,972,,,False
78,220,972,,,False
1,191,973,,,False
8,198,973,,,False
18,195,973,,,False
22,191,973,,,False
25,207,973,,,False
26,194,973,,,False
27,196,973,,,False
35,183,973,,,False
36,199,973,,,False
40,216,973,,,False
44,222,973,,,False
45,199,973,,,False
54,199,973,,,False
56,179,973,,,False
65,211,973,,,False
66,192,973,,,False
71,184,973,,,False
72,194,973,,,False
77,182,973,,,False
79,209,973,,,False
9,190,974,,,False
16,192,974,,,False
18,196,974,,,False
25,208,974,,,False
27,197,974,,,False
37,196,974,,,False
49,194,974,,,False
50,178,974,,,False
52,186,974,,,False
56,180,974,,,False
57,198,974,,,False
66,193,974,,,False
69,201,974,,,False
74,193,974,,,False
78,221,974,,,False
1,192,975,,,False
10,224,975,,,False
12,202,975,,,False
15,180,975,,,False
17,191,975,,,False
19,190,975,,,False
39,203,975,,,False
51,202,975,,,False
59,208,975,,,False
60,201,975,,,False
75,208,975,,,False
77,183,975,,,False
1,193,976,,,False
8,199,976,,,False
9,191,976,,,False
22,192,976,,,False
28,194,976,,,False
31,180,976,,,False
45,200,976,,,False
46,187,976,,,False
47,187,976,,,False
70,220,976,,,False
78,222,976,,,False
6,225,977,,,False
11,187,977,,,False
12,203,977,,,False
14,184,977,,,False
15,181,977,,,False
16,193,977,,,False
21,177,977,,,False
27,198,977,,,False
31,181,977,,,False
35,184,977,,,False
40,217,977,,,False
42,211,977,,,False
46,188,977,,,False
51,203,977,,,False
55,197,977,,,False
58,217,977,,,False
61,204,977,,,False
62,188,977,,,False
66,194,977,,,False
69,202,977,,,False
72,195,977,,,False
74,194,977,,,False
2,187,978,,,False
10,225,978,,,False
16,194,978,,,False
18,197,978,,,False
19,191,978,,,False
27,199,978,,,False
28,195,978,,,False
29,207,978,,,False
33,208,978,,,False
38,182,978,,,False
39,204,978,,,False
52,187,978,,,False
60,202,978,,,False
62,189,978,,,False
64,179,978,,,False
65,212,978,,,False
70,221,978,,,False
71,185,978,,,False
74,195,978,,,False
76,194,978,,,False
79,210,978,,,False
2,188,979,,,False
6,226,979,,,False
15,182,979,,,False
17,192,979,,,False
23,185,979,,,False
26,195,979,,,False
27,200,979,,,False
31,182,979,,,False
34,194,979,,,False
38,183,979,,,False
42,212,979,,,False
51,204,979,,,False
76,195,979,,,False
77,184,979,,,False
14,185,980,,,False
15,183,980,,,False
16,195,980,,,False
18,198,980,,,False
19,192,980,,,False
20,181,980,,,False
32,236,980,,,False
36,200,980,,,False
39,205,980,,,False
44,223,980,,,False
45,201,980,,,False
46,189,980,,,False
52,188,980,,,False
53,182,980,,,False
56,181,980,,,False
66,195,980,,,False
71,186,980,,,False
75,209,980,,,False
1,194,981,,,False
7,195,981,,,False
8,200,981,,,False
16,196,981,,,False
24,191,981,,,False
25,209,981,,,False
27,201,981,,,False
34,195,981,,,False
44,224,981,,,False
45,202,981,,,False
46,190,981,,,False
60,203,981,,,False
69,203,981,,,False
73,179,981,,,False
74,196,981,,,False
76,196,981,,,False
77,185,981,,,False
78,223,981,,,False
5,174,982,,,False
11,188,982,,,False
13,212,982,,,False
17,193,982,,,False
20,182,982,,,False
38,184,982,,,False
41,196,982,,,False
43,179,982,,,False
49,195,982,,,False
56,182,982,,,False
67,181,982,,,False
71,187,982,,,False
75,210,982,,,False
5,175,983,,,False
8,201,983,,,False
13,213,983,,,False
19,193,983,,,False
20,183,983,,,False
25,210,983,,,False
26,196,983,,,False
32,237,983,,,False
37,197,983,,,False
40,218,983,,,False
49,196,983,,,False
54,200,983,,,False
62,190,983,,,False
64,180,983,,,False
66,196,983,,,False
69,204,983,,,False
75,211,983,,,False
14,186,984,,,False
16,197,984,,,False
19,194,984,,,False
27,202,984,,,False
42,213,984,,,False
44,225,984,,,False
46,191,984,,,False
56,183,984,,,False
66,197,984,,,False
12,204,985,,,False
13,214,985,,,False
20,184,985,,,False
30,187,985,,,False
31,183,985,,,False
32,238,985,,,False
37,198,985,,,False
45,203,985,,,False
50,179,985,,,False
54,201,985,,,False
69,205,985,,,False
73,180,985,,,False
78,224,985,,,False
0,191,986,,,False
1,195,986,,,False
3,173,986,,,False
4,187,986,,,False
5,176,986,,,False
6,227,986,,,False
8,202,986,,,False
12,205,986,,,False
13,215,986,,,False
24,192,986,,,False
30,188,986,,,False
40,219,986,,,False
43,180,986,,,False
50,180,986,,,False
53,183,986,,,False
59,209,986,,,False
65,213,986,,,False
66,198,986,,,False
72,196,986,,,False
5,177,987,,,False
7,196,987,,,False
10,226,987,,,False
12,206,987,,,False
36,201,987,,,False
45,204,987,,,False
48,207,987,,,False
54,202,987,,,False
58,218,987,,,False
59,210,987,,,False
66,199,987,,,False
70,222,987,,,False
13,216,988,,,False
14,187,988,,,False
17,194,988,,,False
18,199,988,,,False
23,186,988,,,False
53,184,988,,,False
54,203,988,,,False
59,211,988,,,False
70,223,988,,,False
3,174,989,,,False
9,192,989,,,False
15,184,989,,,False
21,178,989,,,False
28,196,989,,,False
37,199,989,,,False
47,188,989,,,False
48,208,989,,,False
49,197,989,,,False
51,205,989,,,False
58,219,989,,,False
59,212,989,,,False
60,204,989,,,False
61,205,989,,,False
67,182,989,,,False
70,224,989,,,False
71,188,989,,,False
75,212,989,,,False
3,175,990,,,False
15,185,990,,,False
19,195,990,,,False
27,203,990,,,False
32,239,990,,,False
49,198,990,,,False
51,206,990,,,False
56,184,990,,,False
59,213,990,,,False
62,191,990,,,False
65,214,990,,,False
67,183,990,,,False
74,197,990,,,False
78,225,990,,,False
3,176,991,,,False
4,188,991,,,False
13,217,991,,,False
17,195,991,,,False
21,179,991,,,False
25,211,991,,,False
26,197,991,,,False
29,208,991,,,False
39,206,991,,,False
40,220,991,,,False
43,181,991,,,False
48,209,991,,,False
54,204,991,,,False
55,198,991,,,False
58,220,991,,,False
59,214,991,,,False
60,205,991,,,False
62,192,991,,,False
67,184,991,,,False
68,185,991,,,False
70,225,991,,,False
72,197,991,,,False
76,197,991,,,False
8,203,992,,,False
13,218,992,,,False
14,188,992,,,False
15,186,992,,,False
16,198,992,,,False
18,200,992,,,False
20,185,992,,,False
22,193,992,,,False
25,212,992,,,False
26,198,992,,,False
27,204,992,,,False
33,209,992,,,False
40,221,992,,,False
42,214,992,,,False
43,182,992,,,False
50,181,992,,,False
51,207,992,,,False
53,185,992,,,False
58,221,992,,,False
73,181,992,,,False
74,198,992,,,False
75,213,992,,,False
7,197,993,,,False
10,227,993,,,False
20,186,993,,,False
23,187,993,,,False
36,202,993,,,False
44,226,993,,,False
46,192,993,,,False
49,199,993,,,False
51,208,993,,,False
56,185,993,,,False
57,199,993,,,False
60,206,993,,,False
66,200,993,,,False
73,182,993,,,False
75,214,993,,,False
79,211,993,,,False
5,178,994,,,False
6,228,994,,,False
13,219,994,,,False
14,189,994,,,False
15,187,994,,,False
17,196,994,,,False
19,196,994,,,False
21,180,994,,,False
34,196,994,,,False
37,200,994,,,False
41,197,994,,,False
43,183,994,,,False
58,222,994,,,False
60,207,994,,,False
61,206,994,,,False
64,181,994,,,False
70,226,994,,,False
0,192,995,,,False
1,196,995,,,False
2,189,995,,,False
10,228,995,,,False
13,220,995,,,False
14,190,995,,,False
19,197,995,,,False
25,213,995,,,False
29,209,995,,,False
41,198,995,,,False
51,209,995,,,False
53,186,995,,,False
54,205,995,,,False
63,211,995,,,False
64,182,995,,,False
65,215,995,,,False
66,201,995,,,False
69,206,995,,,False
75,215,995,,,False
79,212,995,,,False
6,229,996,,,False
17,197,996,,,False
23,188,996,,,False
29,210,996,,,False
33,210,996,,,False
36,203,996,,,False
54,206,996,,,False
59,215,996,,,False
69,207,996,,,False
71,189,996,,,False
74,199,996,,,False
75,216,996,,,False
0,193,997,,,False
3,177,997,,,False
8,204,997,,,False
12,207,997,,,False
17,198,997,,,False
23,189,997,,,False
27,205,997,,,False
50,182,997,,,False
55,199,997,,,False
56,186,997,,,False
57,200,997,,,False
64,183,997,,,False
75,217,997,,,False
76,198,997,,,False
3,178,998,,,False
14,191,998,,,False
16,199,998,,,False
31,184,998,,,False
35,185,998,,,False
37,201,998,,,False
43,184,998,,,False
48,210,998,,,False
50,183,998,,,False
53,187,998,,,False
56,187,998,,,False
59,216,998,,,False
62,193,998,,,False
66,202,998,,,False
72,198,998,,,False
76,199,998,,,False
18,201,999,,,False
24,193,999,,,False
38,185,999,,,False
48,211,999,,,False
52,189,999,,,False
58,223,999,,,False
63,212,999,,,False
66,203,999,,,False
67,185,999,,,False
