episode,mean_VAoI,avg_tx_ratio,tx_ratio_ema,target_tx_ratio,budget_error,budget_relative_error,budget_error_after_deadzone,mean_action_probability,multiplier_used,multiplier_next,multiplier_at_max,actor_loss,critic_loss,entropy,approx_kl,clip_fraction,common_mode_coefficient,common_mode_loss,probability_budget_coefficient,probability_budget_loss,probability_budget_excess,ppo_policy_gradient_norm,total_actor_gradient_norm,common_mode_gradient_norm,mean_vaoi_advantage,std_vaoi_advantage,max_abs_vaoi_advantage,critic_architecture,critic_input_dim,actor_curvature_enabled,critic_curvature_enabled,curvature_ablation_mode,critic_value_mean,critic_value_std,critic_within_slot_value_std_mean,critic_within_slot_value_std_max,vaoi_advantage_within_slot_std_mean,vaoi_advantage_global_std,critic_return_mean,critic_return_std,critic_explained_variance,bootstrap_value_mean,bootstrap_value_std,mean_budget_advantage,std_budget_advantage,max_abs_budget_advantage,vaoi_policy_gradient_norm,budget_policy_gradient_norm,budget_to_vaoi_gradient_ratio,n_nodes,update_probability,max_node_activity_ratio,node_cap_violation_fraction,curvature_control_messages,actor_architecture_version,use_stage1_reference,alpha_raw,alpha_kappa,effective_alpha,residual_input_dim,residual_input_feature_names,q_base_mean,q_base_std,q_base_min,q_base_max,residual_delta_mean,residual_delta_std,residual_delta_min,residual_delta_max,residual_mean_global,residual_std_global,residual_mean_per_step_abs_mean,residual_mean_per_step_abs_max,residual_positive_fraction,residual_negative_fraction,residual_saturation_fraction,q_final_mean,q_final_std,corr_s_kappa_q_base,residual_architecture,node_input_dim,edge_input_dim,message_dim,aggregation,aggregated_message_dim,decoder_input_dim,directed_edge_count,mpnn_disabled_edge_feature,edge_freshness_feature,version_gap_tau,mean_directed_degree,mean_edge_freshness_feature,mean_neighbor_freshness_gain,mean_neighbor_version_gap_normalized,message_l2_mean,message_l2_std,aggregated_message_l2_mean,aggregated_message_l2_std,attention_temperature,attention_uniform_mix,attention_entropy_mean,attention_effective_degree_mean,attention_max_weight_mean,action_prob_mean,action_prob_std,action_prob_min,action_prob_p10,action_prob_p50,action_prob_p90,action_prob_max,action_prob_node_std_mean,action_prob_global_std,action_prob_per_node_mean_std
0,6.964901504702866,0.097874999884516,0.098937499942258,0.1,-0.0010625000577419996,-0.010624999514920045,-0.010624999514920045,0.0980132594704628,0.0,0.0,False,-3.414298817006056e-06,128.06930541992188,0.31747865676879883,6.870091056043748e-07,0.0,0.05,2.2706617528456263e-06,0.8,0.0,0.0,0.002517756773158908,0.002517756773158908,0.0,-3.906249901319825e-07,0.9999995827674866,5.283572673797607,node_conditioned,25,True,True,False,0.032532699406147,0.09758444875478745,0.09421268105506897,0.1176566481590271,0.06843096017837524,2.0540478229522705,-11.501657485961914,2.0454084873199463,-0.008465269436650935,0.020747371017932892,0.09681855887174606,0.0,0.0,0.0,0.002517756773158908,0.0,0.0,100,0.2,0.185,0.07,1002,curvature_stage2_mpnn_v3_5_edge_gain,True,,,,,normalized_degree|time_since_last_tx|consecutive_tx_attempts|congestion_ewma|self_information_increment,,,,,,,,,,,,,,,,0.0980132594704628,0.025424612686038017,0.0,mpnn,5,4,16,curvature_attention_max,32,38,400800,none,normalized_version_gap_with_gain,,4008.0,0.46821680665016174,0.46821680665016174,0.344119131565094,,,,,0.5,0.0,,,,0.0980132594704628,0.025424612686038017,0.06522423028945923,0.06522423028945923,0.09427881240844727,0.13587576150894165,0.15942996740341187,0.02542460896074772,0.025424612686038017,0.025424737483263016
1,7.102038137353957,0.09562500005122274,0.09728124999674037,0.1,-0.0027187500032596346,-0.027187497313846613,-0.027187497313846613,0.09828680753707886,0.0,0.0,False,1.2659492085731472e-06,132.22442626953125,0.31766390800476074,2.035477109529893e-06,0.0,0.05,8.229139893956017e-06,0.8,0.0,0.0,0.0008710648398846388,0.0010349989170208573,0.00019677502859849483,-4.272461069376732e-07,0.9999995231628418,4.964163780212402,node_conditioned,25,True,True,False,-0.5004303455352783,0.09247618168592453,0.08401062339544296,0.11182434856891632,0.060937631875276566,2.2110512256622314,-12.17703628540039,2.234445810317993,0.020830422363087853,-0.4805138409137726,0.07403061538934708,0.0,0.0,0.0,0.0008710648398846388,0.0,0.0,100,0.2,0.1825,0.06,1006,curvature_stage2_mpnn_v3_5_edge_gain,True,,,,,normalized_degree|time_since_last_tx|consecutive_tx_attempts|congestion_ewma|self_information_increment,,,,,,,,,,,,,,,,0.09828680753707886,0.02654002606868744,0.0,mpnn,5,4,16,curvature_attention_max,32,38,402400,none,normalized_version_gap_with_gain,,4024.0,0.458953857421875,0.458953857421875,0.34012216329574585,,,,,0.5,0.0,,,,0.09828680753707886,0.02654002606868744,0.0652531087398529,0.06538408994674683,0.09441541507840157,0.13108212053775786,0.15979701280593872,0.02654002420604229,0.02654002606868744,0.026540009304881096
2,7.82277902405709,0.09690000001341105,0.0970906250050757,0.1,-0.002909374994924302,-0.029093747039868317,-0.029093747039868317,0.09759597480297089,0.0,0.0,False,-7.411064189000172e-07,160.6653289794922,0.31843963265419006,4.5207721655060595e-07,0.0,0.05,1.3009903341298923e-05,0.8,0.0,0.0,0.0018616811139509082,0.0015816864324733615,0.0002881182008422911,1.770019508740006e-07,0.9999995827674866,4.752041339874268,node_conditioned,25,True,True,False,-1.032718300819397,0.10948659479618073,0.07412870228290558,0.11562405526638031,0.05198286846280098,2.5007851123809814,-13.849720001220703,2.5526278018951416,0.04020666014787322,-1.0942779779434204,0.06537174433469772,0.0,0.0,0.0,0.0018616811139509082,0.0,0.0,100,0.2,0.17,0.02,1022,curvature_stage2_mpnn_v3_5_edge_gain,True,,,,,normalized_degree|time_since_last_tx|consecutive_tx_attempts|congestion_ewma|self_information_increment,,,,,,,,,,,,,,,,0.09759597480297089,0.01592119224369526,0.0,mpnn,5,4,16,curvature_attention_max,32,38,408800,none,normalized_version_gap_with_gain,,4088.0,0.4351937174797058,0.4351937174797058,0.32952627539634705,,,,,0.5,0.0,,,,0.09759597480297089,0.01592119224369526,0.06525784730911255,0.07740458399057389,0.09699471294879913,0.11991400122642518,0.12916883826255798,0.015921181067824364,0.01592119224369526,0.01592111401259899
3,7.8226739981025455,0.0991499999538064,0.09812031247944106,0.1,-0.001879687520558948,-0.018796873325902148,-0.018796873325902148,0.09651472419500351,0.0,0.0,False,-3.2952175388345495e-07,158.22348022460938,0.31489408016204834,-2.390141162322834e-06,0.0,0.05,2.3438860807800665e-05,0.8,0.0,0.0,0.001985694980248809,0.0016498772893100977,0.0003807174798566848,-4.272461069376732e-07,0.9999995827674866,4.942687034606934,node_conditioned,25,True,True,False,-1.5526413917541504,0.13405241072177887,0.06515001505613327,0.10346103459596634,0.04867495596408844,2.4143447875976562,-14.28796100616455,2.4882683753967285,0.058535064242413726,-1.643156886100769,0.07079428434371948,0.0,0.0,0.0,0.001985694980248809,0.0,0.0,100,0.2,0.185,0.02,938,curvature_stage2_mpnn_v3_5_edge_gain,True,,,,,normalized_degree|time_since_last_tx|consecutive_tx_attempts|congestion_ewma|self_information_increment,,,,,,,,,,,,,,,,0.09651472419500351,0.02162354812026024,0.0,mpnn,5,4,16,curvature_attention_max,32,38,375200,none,normalized_version_gap_with_gain,,3752.0,0.44704312086105347,0.44704312086105347,0.3276776075363159,,,,,0.5,0.0,,,,0.09651472419500351,0.02162354812026024,0.06526780128479004,0.06555494368076324,0.09461276233196259,0.12356501817703247,0.16016092896461487,0.021623529493808746,0.02162354812026024,0.021623440086841583
4,6.5920025171712044,0.09987500006798655,0.0989976562737138,0.1,-0.0010023437262862006,-0.01002343626051838,-0.01002343626051838,0.09813098609447479,0.0,0.0,False,7.650226052646758e-07,107.55116271972656,0.31927794218063354,-2.3250618141901214e-06,0.0,0.05,3.8982092519290745e-05,0.8,0.0,0.0,0.0012491729576140642,0.0008257461595349014,0.0005211368552409112,4.882812376649781e-08,0.9999995231628418,5.549517631530762,node_conditioned,25,True,True,False,-2.0044426918029785,0.15574631094932556,0.06677265465259552,0.09448980540037155,0.05025807395577431,1.7968525886535645,-12.60341739654541,1.8735820055007935,0.08022947555443372,-2.1031856536865234,0.06851893663406372,0.0,0.0,0.0,0.0012491729576140642,0.0,0.0,100,0.2,0.1625,0.01,980,curvature_stage2_mpnn_v3_5_edge_gain,True,,,,,normalized_degree|time_since_last_tx|consecutive_tx_attempts|congestion_ewma|self_information_increment,,,,,,,,,,,,,,,,0.09813098609447479,0.018125688657164574,0.0,mpnn,5,4,16,curvature_attention_max,32,38,392000,none,normalized_version_gap_with_gain,,3920.0,0.466884046792984,0.466884046792984,0.335140198469162,,,,,0.5,0.0,,,,0.09813098609447479,0.018125688657164574,0.06529226899147034,0.07435230910778069,0.09942565858364105,0.12662938237190247,0.13174152374267578,0.018125655129551888,0.018125688657164574,0.018125448375940323
5,7.475923222452402,0.09640000001993031,0.09769882814682206,0.1,-0.0023011718531779496,-0.02301171623060787,-0.02301171623060787,0.09583236277103424,0.0,0.0,False,1.1982135674770689e-06,138.88844299316406,0.313452810049057,-8.00506768428022e-07,0.0,0.05,5.619083094643429e-05,0.8,0.0,0.0,0.001054665306583047,0.0007425619405694306,0.0006754138157702982,6.713867151120212e-07,0.9999995827674866,5.050678253173828,node_conditioned,25,True,True,False,-2.5782806873321533,0.20149335265159607,0.07308686524629593,0.11082831025123596,0.052866917103528976,2.240018129348755,-14.55777645111084,2.346151828765869,0.0884283053177537,-2.659820318222046,0.056621044874191284,0.0,0.0,0.0,0.001054665306583047,0.0,0.0,100,0.2,0.1725,0.04,998,curvature_stage2_mpnn_v3_5_edge_gain,True,,,,,normalized_degree|time_since_last_tx|consecutive_tx_attempts|congestion_ewma|self_information_increment,,,,,,,,,,,,,,,,0.09583236277103424,0.02121690846979618,0.0,mpnn,5,4,16,curvature_attention_max,32,38,399200,none,normalized_version_gap_with_gain,,3992.0,0.43578362464904785,0.43578362464904785,0.3261350691318512,,,,,0.5,0.0,,,,0.09583236277103424,0.02121690846979618,0.06531620025634766,0.06577299237251281,0.09475003182888031,0.12443535625934282,0.16065427660942078,0.0212168600410223,0.02121690846979618,0.021216612309217453
6,7.020621205717325,0.09647499998565763,0.09708691406623984,0.1,-0.0029130859337601622,-0.029130856424515978,-0.029130856424515978,0.09516534209251404,0.0,0.0,False,-2.528537152102217e-06,120.39787292480469,0.31220394372940063,-1.5565611874990282e-06,0.0,0.05,8.431694732280448e-05,0.8,0.0,0.0,0.004895057063549757,0.004087547305971384,0.0008188531501218677,6.103515470812226e-09,0.9999995827674866,4.807952880859375,node_conditioned,25,True,True,False,-3.0759053230285645,0.2620547115802765,0.07685388624668121,0.1109866201877594,0.054048288613557816,2.2032620906829834,-14.245205879211426,2.360060453414917,0.12846240718840984,-3.163090467453003,0.08183810114860535,0.0,0.0,0.0,0.004895057063549757,0.0,0.0,100,0.2,0.1925,0.03,1054,curvature_stage2_mpnn_v3_5_edge_gain,True,,,,,normalized_degree|time_since_last_tx|consecutive_tx_attempts|congestion_ewma|self_information_increment,,,,,,,,,,,,,,,,0.09516534209251404,0.020517373457551003,0.0,mpnn,5,4,16,curvature_attention_max,32,38,421600,none,normalized_version_gap_with_gain,,4216.0,0.4674440324306488,0.4674440324306488,0.34885141253471375,,,,,0.5,0.0,,,,0.09516534209251404,0.020517373457551003,0.06532439589500427,0.07015987038612367,0.09254984557628632,0.12028269171714782,0.160863995552063,0.020517291501164436,0.020517373457551003,0.020516883581876755
7,7.227237622775138,0.10102500000968576,0.0990559570379628,0.1,-0.000944042962037206,-0.009440428676329191,-0.009440428676329191,0.10039573907852173,0.0,0.0,False,1.7872393073048443e-05,125.14996337890625,0.32394808530807495,-4.806734636986221e-07,0.0,0.05,9.769244206836447e-05,0.8,1.4000953342474531e-05,0.004119017627090216,0.001485670916736126,0.006221309769898653,0.0010443934006616473,1.4648438195763447e-07,0.9999995231628418,5.219177722930908,node_conditioned,25,True,True,False,-3.658479690551758,0.31686562299728394,0.08719504624605179,0.11973424255847931,0.05926675349473953,2.087435007095337,-15.084573745727539,2.2809946537017822,0.16251420242149273,-3.7548327445983887,0.11116024851799011,0.0,0.0,0.0,0.001485670916736126,0.0,0.0,100,0.2,0.1575,0.03,1084,curvature_stage2_mpnn_v3_5_edge_gain,True,,,,,normalized_degree|time_since_last_tx|consecutive_tx_attempts|congestion_ewma|self_information_increment,,,,,,,,,,,,,,,,0.10039573907852173,0.019224001094698906,0.0,mpnn,5,4,16,curvature_attention_max,32,38,433600,none,normalized_version_gap_with_gain,,4336.0,0.46251964569091797,0.46251964569091797,0.34076106548309326,,,,,0.5,0.0,,,,0.10039573907852173,0.019224001094698906,0.06533640623092651,0.07255639359354973,0.1012873649597168,0.12413669526576995,0.16126638650894165,0.019223852083086967,0.019224001094698906,0.019223034381866455
8,6.915487374588847,0.09649999997578561,0.0977779785068742,0.1,-0.0022220214931258087,-0.022220212709236815,-0.022220212709236815,0.09684809297323227,0.0,0.0,False,4.809691745322198e-06,110.89582824707031,0.31541767716407776,-2.470860351877491e-07,0.0,0.05,8.471922046737745e-05,0.8,0.0,0.0,0.002034457167610526,0.0010470655979588628,0.001037742244079709,3.41796862812771e-07,0.9999995231628418,5.5323357582092285,node_conditioned,25,True,True,False,-4.187238693237305,0.3431771695613861,0.09345243126153946,0.14807617664337158,0.0607779324054718,1.8264904022216797,-14.993494987487793,2.007800340652466,0.17245089580714112,-4.455593109130859,0.09947249293327332,0.0,0.0,0.0,0.002034457167610526,0.0,0.0,100,0.2,0.175,0.05,908,curvature_stage2_mpnn_v3_5_edge_gain,True,,,,,normalized_degree|time_since_last_tx|consecutive_tx_attempts|congestion_ewma|self_information_increment,,,,,,,,,,,,,,,,0.09684809297323227,0.021807992830872536,0.0,mpnn,5,4,16,curvature_attention_max,32,38,363200,none,normalized_version_gap_with_gain,,3632.0,0.45440584421157837,0.45440584421157837,0.3278427720069885,,,,,0.5,0.0,,,,0.09684809297323227,0.021807992830872536,0.0653383731842041,0.07346572279930115,0.09363812208175659,0.12196967005728535,0.16133961081504822,0.021807851269841194,0.021807992830872536,0.021807044744491577
9,7.712937375456095,0.09490000028163195,0.09633898939425307,0.1,-0.003661010605746931,-0.03661010239645907,-0.03661010239645907,0.09506112337112427,0.0,0.0,False,4.090740731044207e-06,139.5087432861328,0.31155145168304443,-3.008637605717013e-08,0.0,0.05,7.888512482168153e-05,0.8,0.0,0.0,0.0013296791585162282,0.0004997604410164058,0.0009550699614919722,1.2207031829802872e-07,0.9999996423721313,5.014588832855225,node_conditioned,25,True,True,False,-4.8667826652526855,0.4335491359233856,0.11344418674707413,0.18009157478809357,0.0681115984916687,2.2977378368377686,-16.909448623657227,2.547689914703369,0.18659305560494344,-4.989528179168701,0.1135343387722969,0.0,0.0,0.0,0.0013296791585162282,0.0,0.0,100,0.2,0.19,0.03,922,curvature_stage2_mpnn_v3_5_edge_gain,True,,,,,normalized_degree|time_since_last_tx|consecutive_tx_attempts|congestion_ewma|self_information_increment,,,,,,,,,,,,,,,,0.09506112337112427,0.021435292437672615,0.0,mpnn,5,4,16,curvature_attention_max,32,38,368800,none,normalized_version_gap_with_gain,,3688.0,0.4411620795726776,0.4411620795726776,0.32709768414497375,,,,,0.5,0.0,,,,0.09506112337112427,0.021435292437672615,0.06532493233680725,0.07287882268428805,0.09125614166259766,0.12159578353165797,0.16127493977546692,0.02143515832722187,0.021435292437672615,0.021434366703033447
10,7.23289091013372,0.09612499985378235,0.09623199462401771,0.1,-0.003768005375982292,-0.03768004999181792,-0.03768004999181792,0.09577605873346329,0.0,0.0,False,4.0458944567944854e-06,119.34558868408203,0.31331175565719604,1.0929163352102478e-07,0.0,0.05,7.920889765955508e-05,0.8,0.0,0.0,0.0011177267879247665,0.0003680422669276595,0.0009523252374492586,-1.5869140668200998e-07,0.9999995827674866,4.793937683105469,node_conditioned,25,True,True,False,-5.414752960205078,0.4828661382198334,0.12950831651687622,0.22824618220329285,0.07696487754583359,2.207340955734253,-16.580078125,2.4990949630737305,0.21985855364362505,-5.487606048583984,0.1225314736366272,0.0,0.0,0.0,0.0011177267879247665,0.0,0.0,100,0.2,0.1775,0.03,1036,curvature_stage2_mpnn_v3_5_edge_gain,True,,,,,normalized_degree|time_since_last_tx|consecutive_tx_attempts|congestion_ewma|self_information_increment,,,,,,,,,,,,,,,,0.09577605873346329,0.02051912248134613,0.0,mpnn,5,4,16,curvature_attention_max,32,38,414400,none,normalized_version_gap_with_gain,,4144.0,0.46213430166244507,0.46213430166244507,0.3434268534183502,,,,,0.5,0.0,,,,0.09577605873346329,0.02051912248134613,0.06531873345375061,0.07071996852755547,0.0940418392419815,0.12235006392002107,0.16117143630981445,0.02051898092031479,0.02051912248134613,0.020518101751804352
11,7.599081318266689,0.09162499983329325,0.09392849722865548,0.1,-0.006071502771344522,-0.06071502164194306,-0.06071502164194306,0.09631585329771042,0.0,0.0,False,3.7192398849583697e-06,131.34197998046875,0.3151039481163025,5.771321980319044e-07,0.0,0.05,8.02441718406044e-05,0.8,0.0,0.0,0.0014992973301559687,0.0007303631282411516,0.0009453363018110394,0.0,0.9999995827674866,4.559066295623779,node_conditioned,25,True,True,False,-6.089628219604492,0.5664506554603577,0.1430087387561798,0.249357208609581,0.0841943770647049,2.485992670059204,-17.77500343322754,2.843188762664795,0.23548094880602732,-6.219171047210693,0.14542178809642792,0.0,0.0,0.0,0.0014992973301559687,0.0,0.0,100,0.2,0.14,0.0,984,curvature_stage2_mpnn_v3_5_edge_gain,True,,,,,normalized_degree|time_since_last_tx|consecutive_tx_attempts|congestion_ewma|self_information_increment,,,,,,,,,,,,,,,,0.09631585329771042,0.017962953075766563,0.0,mpnn,5,4,16,curvature_attention_max,32,38,393600,none,normalized_version_gap_with_gain,,3936.0,0.44819316267967224,0.44819316267967224,0.33263206481933594,,,,,0.5,0.0,,,,0.09631585329771042,0.017962953075766563,0.06530055403709412,0.07503248751163483,0.09535080194473267,0.11381348073482514,0.1611568182706833,0.017962763085961342,0.017962953075766563,0.017961662262678146
12,7.227920708172023,0.09492500002961606,0.09442674862913578,0.1,-0.0055732513708642295,-0.05573250813539148,-0.05573250813539148,0.09829362481832504,0.0,0.0,False,3.6636474760598503e-06,112.50704956054688,0.31848955154418945,-5.315078510648164e-07,0.0,0.05,7.693505904171616e-05,0.8,0.0,0.0,0.0010995964985340834,0.0018653774168342352,0.0009380186093039811,-3.906249901319825e-07,0.9999995231628418,5.502857208251953,node_conditioned,25,True,True,False,-6.720671653747559,0.5816466212272644,0.1768699288368225,0.2749039828777313,0.09743497520685196,1.9015206098556519,-17.668916702270508,2.2323169708251953,0.27441154298329884,-6.778573989868164,0.17846156656742096,0.0,0.0,0.0,0.0010995964985340834,0.0,0.0,100,0.2,0.1975,0.03,1034,curvature_stage2_mpnn_v3_5_edge_gain,True,,,,,normalized_degree|time_since_last_tx|consecutive_tx_attempts|congestion_ewma|self_information_increment,,,,,,,,,,,,,,,,0.09829362481832504,0.02256663702428341,0.0,mpnn,5,4,16,curvature_attention_max,32,38,413600,none,normalized_version_gap_with_gain,,4136.0,0.4656311273574829,0.4656311273574829,0.3484385907649994,,,,,0.5,0.0,,,,0.09829362481832504,0.02256663702428341,0.0653010904788971,0.06977059245109594,0.09507246315479279,0.1294557750225067,0.1613035500049591,0.022566480562090874,0.02256663702428341,0.022565525025129318
13,7.394882058724761,0.09302500005345792,0.09372587434129684,0.1,-0.006274125658703167,-0.06274125031290664,-0.06274125031290664,0.09422308206558228,0.0,0.0,False,3.164080681017367e-06,116.59077453613281,0.30927774310112,-5.141053520674177e-07,0.0,0.05,6.804235454183072e-05,0.8,0.0,0.0,0.0007466455572284758,0.001278672250919044,0.0009105883073061705,-3.41796862812771e-07,0.9999995231628418,5.382612228393555,node_conditioned,25,True,True,False,-7.378486633300781,0.6456109285354614,0.19643940031528473,0.2935848534107208,0.10955977439880371,1.9974806308746338,-18.506500244140625,2.3794198036193848,0.2952695367308735,-7.511430740356445,0.17312705516815186,0.0,0.0,0.0,0.0007466455572284758,0.0,0.0,100,0.2,0.1675,0.02,920,curvature_stage2_mpnn_v3_5_edge_gain,True,,,,,normalized_degree|time_since_last_tx|consecutive_tx_attempts|congestion_ewma|self_information_increment,,,,,,,,,,,,,,,,0.09422308206558228,0.022389370948076248,0.0,mpnn,5,4,16,curvature_attention_max,32,38,368000,none,normalized_version_gap_with_gain,,3680.0,0.44207537174224854,0.44207537174224854,0.3229883313179016,,,,,0.5,0.0,,,,0.09422308206558228,0.022389370948076248,0.0652984082698822,0.06591143906116485,0.08968903124332428,0.12792097330093222,0.1613023579120636,0.022389201447367668,0.022389370948076248,0.022388190031051636
14,7.7922727265208955,0.09862499984446912,0.09617543709288298,0.1,-0.003824562907117024,-0.03824562524660771,-0.03824562524660771,0.09699847549200058,0.0,0.0,False,2.6558268473309e-06,128.06092834472656,0.31584417819976807,-1.3838000256782834e-07,0.0,0.05,6.141731864772737e-05,0.8,0.0,0.0,0.002948584035038948,0.0021738181822001934,0.000811053323559463,1.098632793627985e-07,0.9999994039535522,5.498894691467285,node_conditioned,25,True,True,False,-8.17603588104248,0.7149111032485962,0.21215634047985077,0.30665576457977295,0.1152125895023346,2.0198142528533936,-19.856182098388672,2.459693670272827,0.3256881630853603,-8.538293838500977,0.20350153744220734,0.0,0.0,0.0,0.002948584035038948,0.0,0.0,100,0.2,0.1725,0.05,976,curvature_stage2_mpnn_v3_5_edge_gain,True,,,,,normalized_degree|time_since_last_tx|consecutive_tx_attempts|congestion_ewma|self_information_increment,,,,,,,,,,,,,,,,0.09699847549200058,0.021614018827676773,0.0,mpnn,5,4,16,curvature_attention_max,32,38,390400,none,normalized_version_gap_with_gain,,3904.0,0.4420866370201111,0.4420866370201111,0.32555273175239563,,,,,0.5,0.0,,,,0.09699847549200058,0.021614018827676773,0.06530106067657471,0.07170085310935974,0.09119679033756256,0.12061366736888884,0.161285400390625,0.02161383628845215,0.021614018827676773,0.02161276526749134
15,7.578029290921986,0.09307499979157001,0.09462521844222649,0.1,-0.005374781557773517,-0.05374781020295415,-0.05374781020295415,0.09356805682182312,0.0,0.0,False,3.6063670449948404e-06,119.18540954589844,0.30825209617614746,-7.62149667821177e-08,0.0,0.05,6.77328062010929e-05,0.8,0.0,0.0,0.0003604093217290938,0.0010160765377804637,0.0008434770861640573,-3.1738281336401997e-07,0.9999995827674866,4.49716329574585,node_conditioned,25,True,True,False,-8.827836990356445,0.8347713351249695,0.2520279288291931,0.35752618312835693,0.13317638635635376,2.4161770343780518,-20.053707122802734,2.943147897720337,0.3260412909355589,-8.686623573303223,0.256979376077652,0.0,0.0,0.0,0.0003604093217290938,0.0,0.0,100,0.2,0.175,0.03,1002,curvature_stage2_mpnn_v3_5_edge_gain,True,,,,,normalized_degree|time_since_last_tx|consecutive_tx_attempts|congestion_ewma|self_information_increment,,,,,,,,,,,,,,,,0.09356805682182312,0.0208280086517334,0.0,mpnn,5,4,16,curvature_attention_max,32,38,400800,none,normalized_version_gap_with_gain,,4008.0,0.45030921697616577,0.45030921697616577,0.33451417088508606,,,,,0.5,0.0,,,,0.09356805682182312,0.0208280086517334,0.06531292200088501,0.06936922371387481,0.09469789266586304,0.11617387533187866,0.16141283512115479,0.02082780748605728,0.0208280086517334,0.02082647755742073
16,7.124794943891466,0.09572499979753048,0.09517510911987848,0.1,-0.0048248908801215296,-0.0482489039763249,-0.0482489039763249,0.09568647295236588,0.0,0.0,False,2.9068046387692448e-06,98.86779022216797,0.31350183486938477,3.621362054673227e-07,0.0,0.05,6.90003507770598e-05,0.8,0.0,0.0,0.0015279484214261174,0.0008478972013108432,0.0008534195367246866,-3.662109548940862e-08,0.999999463558197,5.337264537811279,node_conditioned,25,True,True,False,-9.494338989257812,0.8405224680900574,0.2436494380235672,0.3936082720756531,0.14012417197227478,1.8782075643539429,-19.866907119750977,2.4133107662200928,0.3942956416747284,-9.6067476272583,0.2313983291387558,0.0,0.0,0.0,0.0015279484214261174,0.0,0.0,100,0.2,0.1975,0.02,938,curvature_stage2_mpnn_v3_5_edge_gain,True,,,,,normalized_degree|time_since_last_tx|consecutive_tx_attempts|congestion_ewma|self_information_increment,,,,,,,,,,,,,,,,0.09568647295236588,0.01886388286948204,0.0,mpnn,5,4,16,curvature_attention_max,32,38,375200,none,normalized_version_gap_with_gain,,3752.0,0.45320308208465576,0.45320308208465576,0.3335700035095215,,,,,0.5,0.0,,,,0.09568647295236588,0.01886388286948204,0.0653010904788971,0.07076959908008576,0.09531514346599579,0.12034579515457153,0.16119858622550964,0.01886361837387085,0.01886388286948204,0.018861813470721245
17,6.946634331420064,0.0973249999852851,0.09625005455258179,0.1,-0.003749945447418218,-0.03749945072423711,-0.03749945072423711,0.09731638431549072,0.0,0.0,False,3.5344633033673745e-06,90.71334838867188,0.3166101574897766,1.5244167173023015e-07,0.0,0.05,7.313067180803046e-05,0.8,0.0,0.0,0.0007703378214500844,0.0004506052646320313,0.0008749391417950392,-3.295898522992502e-07,0.9999995231628418,4.775505542755127,node_conditioned,25,True,True,False,-10.282419204711914,0.8855332732200623,0.27854740619659424,0.3791361153125763,0.15742410719394684,1.9878904819488525,-20.227815628051758,2.516449451446533,0.3759656923017165,-10.498607635498047,0.28130051493644714,0.0,0.0,0.0,0.0007703378214500844,0.0,0.0,100,0.2,0.1825,0.05,1026,curvature_stage2_mpnn_v3_5_edge_gain,True,,,,,normalized_degree|time_since_last_tx|consecutive_tx_attempts|congestion_ewma|self_information_increment,,,,,,,,,,,,,,,,0.09731638431549072,0.02142782136797905,0.0,mpnn,5,4,16,curvature_attention_max,32,38,410400,none,normalized_version_gap_with_gain,,4104.0,0.46686968207359314,0.46686968207359314,0.3439301550388336,,,,,0.5,0.0,,,,0.09731638431549072,0.02142782136797905,0.06528693437576294,0.0661259949207306,0.09791363775730133,0.11826759874820708,0.16155964136123657,0.021427536383271217,0.02142782136797905,0.0214256439357996
18,7.429430816806853,0.10162499997299164,0.0989375272627867,0.1,-0.0010624727372132992,-0.01062472630966036,-0.01062472630966036,0.098953016102314,0.0,0.0,False,1.835970465435821e-06,103.90245056152344,0.32066798210144043,-2.729482844188169e-07,0.0,0.05,6.796940579079092e-05,0.8,0.0,0.0,0.0014204202452674508,0.0015909457579255104,0.0008408896974287927,3.662109548940862e-08,0.9999995231628418,4.523952960968018,node_conditioned,25,True,True,False,-11.251791954040527,1.0187177658081055,0.2888578772544861,0.4135172963142395,0.1610124409198761,2.2494242191314697,-21.867141723632812,2.901808738708496,0.39909596597926145,-11.538549423217773,0.21965226531028748,0.0,0.0,0.0,0.0014204202452674508,0.0,0.0,100,0.2,0.1575,0.02,952,curvature_stage2_mpnn_v3_5_edge_gain,True,,,,,normalized_degree|time_since_last_tx|consecutive_tx_attempts|congestion_ewma|self_information_increment,,,,,,,,,,,,,,,,0.098953016102314,0.019217878580093384,0.0,mpnn,5,4,16,curvature_attention_max,32,38,380800,none,normalized_version_gap_with_gain,,3808.0,0.4436470568180084,0.4436470568180084,0.32371994853019714,,,,,0.5,0.0,,,,0.098953016102314,0.019217878580093384,0.06529644131660461,0.07198605239391326,0.09982740879058838,0.12388525605201722,0.13458997011184692,0.019217533990740776,0.019217878580093384,0.019215205684304237
19,7.6156257444620135,0.09347499982453883,0.09620626354366277,0.1,-0.0037937364563372378,-0.0379373607696363,-0.0379373607696363,0.0942397490143776,0.0,0.0,False,3.061626784983673e-06,105.5468978881836,0.30965039134025574,-1.483740277308243e-07,0.0,0.05,6.953331467229873e-05,0.8,0.0,0.0,0.0012024925090372562,0.00040506571531295776,0.0008554691448807716,4.882812731921149e-07,0.999999463558197,5.265985012054443,node_conditioned,25,True,True,False,-12.160058975219727,1.1236718893051147,0.3030689060688019,0.45775774121284485,0.17101942002773285,1.9385699033737183,-22.96965217590332,2.6643686294555664,0.4706117715539021,-12.686457633972168,0.31096139550209045,0.0,0.0,0.0,0.0012024925090372562,0.0,0.0,100,0.2,0.1525,0.02,922,curvature_stage2_mpnn_v3_5_edge_gain,True,,,,,normalized_degree|time_since_last_tx|consecutive_tx_attempts|congestion_ewma|self_information_increment,,,,,,,,,,,,,,,,0.0942397490143776,0.021261077374219894,0.0,mpnn,5,4,16,curvature_attention_max,32,38,368800,none,normalized_version_gap_with_gain,,3688.0,0.43048518896102905,0.43048518896102905,0.31953877210617065,,,,,0.5,0.0,,,,0.0942397490143776,0.021261077374219894,0.06528592109680176,0.06617404222488403,0.08940741047263145,0.12366578578948974,0.1617032289505005,0.02126067690551281,0.021261077374219894,0.021258186548948288
20,7.650306067634374,0.09597499986644835,0.09609063170505555,0.1,-0.003909368294944454,-0.039093679040076636,-0.039093679040076636,0.0950312614440918,0.0,0.0,False,3.077137535001384e-06,101.74602508544922,0.3113512098789215,1.9898413938790327e-07,0.0,0.05,6.886696792207658e-05,0.8,0.0,0.0,0.000836184888612479,0.0005938062095083296,0.0008386795525439084,-1.708984314063855e-07,0.9999994039535522,5.796081066131592,node_conditioned,25,True,True,False,-13.144387245178223,1.1596126556396484,0.3400381803512573,0.4613593816757202,0.18577128648757935,1.734890341758728,-23.851573944091797,2.480450391769409,0.5108039914918445,-13.791820526123047,0.30234912037849426,0.0,0.0,0.0,0.000836184888612479,0.0,0.0,100,0.2,0.1875,0.02,918,curvature_stage2_mpnn_v3_5_edge_gain,True,,,,,normalized_degree|time_since_last_tx|consecutive_tx_attempts|congestion_ewma|self_information_increment,,,,,,,,,,,,,,,,0.0950312614440918,0.02248695120215416,0.0,mpnn,5,4,16,curvature_attention_max,32,38,367200,none,normalized_version_gap_with_gain,,3672.0,0.42608654499053955,0.42608654499053955,0.3158934414386749,,,,,0.5,0.0,,,,0.0950312614440918,0.02248695120215416,0.06528893113136292,0.07450833618640905,0.09105809032917023,0.11603441834449768,0.1618800163269043,0.022486519068479538,0.02248695120215416,0.022483838722109795
21,6.979679526165127,0.10234999977983535,0.09922031574244544,0.1,-0.0007796842575545637,-0.007796841795861458,-0.007796841795861458,0.1009475439786911,0.0,0.0,False,6.285636482061818e-05,77.11478424072266,0.32396912574768066,2.4638432023493806e-06,0.0,0.05,4.8404377594124526e-05,0.8,5.4210559028433636e-05,0.008114064112305641,0.005196494050323963,0.009892593137919903,0.0008598073036409914,4.028320290672127e-07,0.999999463558197,5.680262565612793,node_conditioned,25,True,True,False,-14.015867233276367,1.1514923572540283,0.4044555723667145,0.5193547010421753,0.21492032706737518,1.6898986101150513,-23.422571182250977,2.2871932983398438,0.4540968695025591,-14.090041160583496,0.46285703778266907,0.0,0.0,0.0,0.005196494050323963,0.0,0.0,100,0.2,0.1975,0.06,1022,curvature_stage2_mpnn_v3_5_edge_gain,True,,,,,normalized_degree|time_since_last_tx|consecutive_tx_attempts|congestion_ewma|self_information_increment,,,,,,,,,,,,,,,,0.1009475439786911,0.023619942367076874,0.0,mpnn,5,4,16,curvature_attention_max,32,38,408800,none,normalized_version_gap_with_gain,,4088.0,0.47239795327186584,0.47239795327186584,0.3507028818130493,,,,,0.5,0.0,,,,0.1009475439786911,0.023619942367076874,0.06530424952507019,0.07818525433540344,0.09504939615726471,0.13666333556175123,0.16189000010490417,0.023619437590241432,0.023619942367076874,0.023616325110197067
22,7.033861370496452,0.09637499989010394,0.0977976578162747,0.1,-0.0022023421837253088,-0.022023419634911123,-0.022023419634911123,0.09868952631950378,0.0,0.0,False,5.759121449955273e-06,76.19041442871094,0.3195028305053711,-3.153397074129316e-06,0.0,0.05,2.4484186724293977e-05,0.8,0.0,0.0,0.0036897086538374424,0.0030686426907777786,0.0006327144801616669,2.4414061883248905e-08,0.9999994039535522,5.341553688049316,node_conditioned,25,True,True,False,-15.05494499206543,1.3143433332443237,0.4179476201534271,0.5949203372001648,0.24214927852153778,1.6976983547210693,-24.42732810974121,2.478013753890991,0.5306318572055075,-15.445262908935547,0.35734841227531433,0.0,0.0,0.0,0.0036897086538374424,0.0,0.0,100,0.2,0.1825,0.05,1000,curvature_stage2_mpnn_v3_5_edge_gain,True,,,,,normalized_degree|time_since_last_tx|consecutive_tx_attempts|congestion_ewma|self_information_increment,,,,,,,,,,,,,,,,0.09868952631950378,0.021251002326607704,0.0,mpnn,5,4,16,curvature_attention_max,32,38,400000,none,normalized_version_gap_with_gain,,4000.0,0.45879065990448,0.45879065990448,0.3382977843284607,,,,,0.5,0.0,,,,0.09868952631950378,0.021251002326607704,0.06523343920707703,0.07433238625526445,0.09529317915439606,0.1194235235452618,0.16142407059669495,0.021250557154417038,0.021251002326607704,0.02124754525721073
23,7.310387128852308,0.09617499992251397,0.09698632886939433,0.1,-0.0030136711306056746,-0.030136708292385916,-0.030136708292385916,0.0975467786192894,0.0,0.0,False,2.2574539570996421e-07,80.1031723022461,0.3168296813964844,1.8284134739587898e-07,0.0,0.05,2.2581314624403603e-05,0.8,0.0,0.0,0.004303477704524994,0.003861695760861039,0.0004604239366017282,-2.685546860448085e-07,0.9999994039535522,5.406891822814941,node_conditioned,25,True,True,False,-16.256649017333984,1.3444874286651611,0.4251348078250885,0.5918310880661011,0.2505626976490021,1.7236429452896118,-25.887584686279297,2.4787278175354004,0.5164549460481718,-16.5870418548584,0.5078192949295044,0.0,0.0,0.0,0.004303477704524994,0.0,0.0,100,0.2,0.19,0.05,1002,curvature_stage2_mpnn_v3_5_edge_gain,True,,,,,normalized_degree|time_since_last_tx|consecutive_tx_attempts|congestion_ewma|self_information_increment,,,,,,,,,,,,,,,,0.0975467786192894,0.02283543534576893,0.0,mpnn,5,4,16,curvature_attention_max,32,38,400800,none,normalized_version_gap_with_gain,,4008.0,0.46541664004325867,0.46541664004325867,0.34502071142196655,,,,,0.5,0.0,,,,0.0975467786192894,0.02283543534576893,0.06516227126121521,0.07351804077625275,0.09433688223361969,0.12475199401378417,0.16122257709503174,0.02283509261906147,0.02283543534576893,0.022832518443465233
24,7.161333589740098,0.09999999979510904,0.09849316433225169,0.1,-0.001506835667748313,-0.015068355170647613,-0.015068355170647613,0.09805745631456375,0.0,0.0,False,-1.7033369204000337e-07,73.42102813720703,0.31810951232910156,-8.620217499810678e-07,0.0,0.05,2.808746648952365e-05,0.8,0.0,0.0,0.0012060009175911546,0.00104768096935004,0.00045955655514262617,2.4414061883248905e-08,0.9999995231628418,4.804365158081055,node_conditioned,25,True,True,False,-17.284582138061523,1.5194400548934937,0.4953606426715851,0.6670033931732178,0.26557111740112305,1.8658108711242676,-26.53017234802246,2.821424961090088,0.562681129520051,-17.391206741333008,0.5917419791221619,0.0,0.0,0.0,0.0012060009175911546,0.0,0.0,100,0.2,0.19,0.06,932,curvature_stage2_mpnn_v3_5_edge_gain,True,,,,,normalized_degree|time_since_last_tx|consecutive_tx_attempts|congestion_ewma|self_information_increment,,,,,,,,,,,,,,,,0.09805745631456375,0.02265515923500061,0.0,mpnn,5,4,16,curvature_attention_max,32,38,372800,none,normalized_version_gap_with_gain,,3728.0,0.4538244903087616,0.4538244903087616,0.32947394251823425,,,,,0.5,0.0,,,,0.09805745631456375,0.02265515923500061,0.06515952944755554,0.07268808335065843,0.09443943202495575,0.12489385306834988,0.1614285707473755,0.02265477180480957,0.02265515923500061,0.022651471197605133
25,7.179741405174136,0.09392499993555248,0.09620908213390209,0.1,-0.0037909178660979204,-0.037909174870061714,-0.037909174870061714,0.09469935297966003,0.0,0.0,False,-3.881348220602376e-06,69.9692153930664,0.31107407808303833,6.049791068107879e-07,0.0,0.05,4.20019387092907e-05,0.8,0.0,0.0,0.004038673359900713,0.0035445925313979387,0.0005421153036877513,3.6621094068323146e-07,0.999999463558197,5.3255534172058105,node_conditioned,25,True,True,False,-18.410409927368164,1.6174248456954956,0.5219400525093079,0.6962194442749023,0.29115498065948486,1.6486198902130127,-27.524127960205078,2.66447377204895,0.6171592175060505,-18.903186798095703,0.4728398621082306,0.0,0.0,0.0,0.004038673359900713,0.0,0.0,100,0.2,0.1875,0.04,972,curvature_stage2_mpnn_v3_5_edge_gain,True,,,,,normalized_degree|time_since_last_tx|consecutive_tx_attempts|congestion_ewma|self_information_increment,,,,,,,,,,,,,,,,0.09469935297966003,0.020539576187729836,0.0,mpnn,5,4,16,curvature_attention_max,32,38,388800,none,normalized_version_gap_with_gain,,3888.0,0.45663899183273315,0.45663899183273315,0.33758309483528137,,,,,0.5,0.0,,,,0.09469935297966003,0.020539576187729836,0.06514129042625427,0.07017241418361664,0.0917297899723053,0.12343494594097137,0.1614825427532196,0.020539050921797752,0.020539576187729836,0.020535077899694443
26,7.27095631994307,0.09504999989178031,0.0956295410128412,0.1,-0.004370458987158807,-0.04370458550112952,-0.04370458550112952,0.09557011723518372,0.0,0.0,False,-6.063419277779758e-06,67.99514770507812,0.31283339858055115,1.8107469941242016e-06,0.0,0.05,6.769644824089482e-05,0.8,0.0,0.0,0.004384405445307493,0.0037654887419193983,0.0006444696336984634,6.225586162145191e-07,0.9999994039535522,6.143674373626709,node_conditioned,25,True,True,False,-19.73536491394043,1.6637792587280273,0.5163024067878723,0.7318190336227417,0.3042835295200348,1.574942946434021,-28.784055709838867,2.4911022186279297,0.6002885346263874,-20.220945358276367,0.5980406999588013,0.0,0.0,0.0,0.004384405445307493,0.0,0.0,100,0.2,0.155,0.01,954,curvature_stage2_mpnn_v3_5_edge_gain,True,,,,,normalized_degree|time_since_last_tx|consecutive_tx_attempts|congestion_ewma|self_information_increment,,,,,,,,,,,,,,,,0.09557011723518372,0.021698107942938805,0.0,mpnn,5,4,16,curvature_attention_max,32,38,381600,none,normalized_version_gap_with_gain,,3816.0,0.43883147835731506,0.43883147835731506,0.32064855098724365,,,,,0.5,0.0,,,,0.09557011723518372,0.021698107942938805,0.06514590978622437,0.06624312102794647,0.09433461725711823,0.1283163160085674,0.1436939239501953,0.021697361022233963,0.021698107942938805,0.021692000329494476
27,7.339803036265075,0.094449999993667,0.0950397705032541,0.1,-0.004960229496745905,-0.04960229000723005,-0.04960229000723005,0.09700597822666168,0.0,0.0,False,-6.516250778076937e-06,65.87940979003906,0.31717416644096375,6.530480277433526e-06,0.0,0.05,0.00012785369472112507,0.8,0.0,0.0,0.005025033373385668,0.004154058638960123,0.0008943608263507485,-2.5634764710957825e-07,0.9999993443489075,6.31568717956543,node_conditioned,25,True,True,False,-21.113418579101562,1.8359565734863281,0.5643871426582336,0.7597888112068176,0.3144010603427887,1.4318948984146118,-30.11002540588379,2.630021333694458,0.7035825871698931,-22.206144332885742,0.5130904316902161,0.0,0.0,0.0,0.005025033373385668,0.0,0.0,100,0.2,0.1575,0.01,1006,curvature_stage2_mpnn_v3_5_edge_gain,True,,,,,normalized_degree|time_since_last_tx|consecutive_tx_attempts|congestion_ewma|self_information_increment,,,,,,,,,,,,,,,,0.09700597822666168,0.01722024753689766,0.0,mpnn,5,4,16,curvature_attention_max,32,38,402400,none,normalized_version_gap_with_gain,,4024.0,0.46010076999664307,0.46010076999664307,0.338968425989151,,,,,0.5,0.0,,,,0.09700597822666168,0.01722024753689766,0.06517967581748962,0.06658434569835663,0.09774141013622284,0.12028615474700928,0.13998380303382874,0.017218906432390213,0.01722024753689766,0.01720927469432354
28,6.79712044801563,0.09792500000447035,0.09648238525386223,0.1,-0.003517614746137779,-0.035176143943763394,-0.035176143943763394,0.09889675676822662,0.0,0.0,False,-3.5251077861175872e-06,49.08518600463867,0.32074981927871704,1.1793219982791925e-06,0.0,0.05,0.0002195369015680626,0.8,0.0,0.0,0.00485357828438282,0.003709102049469948,0.0012241494841873646,0.0,0.9999992251396179,5.736259460449219,node_conditioned,25,True,True,False,-22.074142456054688,1.7555493116378784,0.6086417436599731,0.8842223882675171,0.34107619524002075,1.3473682403564453,-29.96943473815918,2.3684651851654053,0.676377598895607,-22.754962921142578,0.5151018500328064,0.0,0.0,0.0,0.00485357828438282,0.0,0.0,100,0.2,0.185,0.02,980,curvature_stage2_mpnn_v3_5_edge_gain,True,,,,,normalized_degree|time_since_last_tx|consecutive_tx_attempts|congestion_ewma|self_information_increment,,,,,,,,,,,,,,,,0.09889675676822662,0.0213276706635952,0.0,mpnn,5,4,16,curvature_attention_max,32,38,392000,none,normalized_version_gap_with_gain,,3920.0,0.46734315156936646,0.46734315156936646,0.34058186411857605,,,,,0.5,0.0,,,,0.09889675676822662,0.0213276706635952,0.06525313854217529,0.07527928650379181,0.0946839302778244,0.134341716766355,0.16328272223472595,0.02132604829967022,0.0213276706635952,0.021314898505806923
29,7.700179534554482,0.09405000006780029,0.09526619266083125,0.1,-0.004733807339168755,-0.047338068657880684,-0.047338068657880684,0.09305217117071152,0.0,0.0,False,4.1107887227553874e-07,68.4757080078125,0.30802446603775024,-2.073438963634544e-06,0.0,0.05,0.00035001843934878707,0.8,0.0,0.0,0.005634688306599855,0.004035827703773975,0.0016387122450396419,-4.516601563864242e-07,0.9999995231628418,4.956078052520752,node_conditioned,25,True,True,False,-23.959514617919922,2.215427875518799,0.6791321039199829,0.8640808463096619,0.35877102613449097,1.8236829042434692,-33.135074615478516,3.3591842651367188,0.7052653993533031,-24.729246139526367,0.7165457606315613,0.0,0.0,0.0,0.005634688306599855,0.0,0.0,100,0.2,0.1675,0.03,1026,curvature_stage2_mpnn_v3_5_edge_gain,True,,,,,normalized_degree|time_since_last_tx|consecutive_tx_attempts|congestion_ewma|self_information_increment,,,,,,,,,,,,,,,,0.09305217117071152,0.019012728706002235,0.0,mpnn,5,4,16,curvature_attention_max,32,38,410400,none,normalized_version_gap_with_gain,,4104.0,0.4413608908653259,0.4413608908653259,0.3285672068595886,,,,,0.5,0.0,,,,0.09305217117071152,0.019012728706002235,0.06526947021484375,0.06966527998447418,0.09202736616134644,0.11872283071279527,0.14135000109672546,0.01901039108633995,0.019012728706002235,0.018994780257344246
30,7.260937640592456,0.09659999993629753,0.09593309629856439,0.1,-0.004066903701435615,-0.04066903294745285,-0.04066903294745285,0.09656693041324615,0.0,0.0,False,1.3051256246399134e-05,53.99789810180664,0.3161914348602295,5.525443498299865e-07,0.0,0.05,0.0005234762793406844,0.8,0.0,0.0,0.004336230456829071,0.0024078376591205597,0.0021483958698809147,-9.765624753299562e-08,0.9999995231628418,4.114048480987549,node_conditioned,25,True,True,False,-25.097745895385742,2.208333969116211,0.6740107536315918,0.9167715907096863,0.39268752932548523,2.052292823791504,-33.30427551269531,3.373227834701538,0.6298418478341838,-25.035783767700195,0.7209892868995667,0.0,0.0,0.0,0.004336230456829071,0.0,0.0,100,0.2,0.1775,0.02,962,curvature_stage2_mpnn_v3_5_edge_gain,True,,,,,normalized_degree|time_since_last_tx|consecutive_tx_attempts|congestion_ewma|self_information_increment,,,,,,,,,,,,,,,,0.09656693041324615,0.018194634467363358,0.0,mpnn,5,4,16,curvature_attention_max,32,38,384800,none,normalized_version_gap_with_gain,,3848.0,0.4355001449584961,0.4355001449584961,0.3191470503807068,,,,,0.5,0.0,,,,0.09656693041324615,0.018194634467363358,0.06534487009048462,0.07191812992095947,0.09553399682044983,0.12657056748867035,0.1376597285270691,0.018190519884228706,0.018194634467363358,0.018167322501540184
31,6.697532330788672,0.09397499987389893,0.09495404808623166,0.1,-0.005045951913768346,-0.05045951409173205,-0.05045951409173205,0.09295934438705444,0.0,0.0,False,1.4329121768241748e-05,36.92052459716797,0.3076094686985016,-5.9023195717600174e-06,0.0,0.05,0.0008075785590335727,0.8,0.0,0.0,0.008063268847763538,0.005279025062918663,0.002885471098124981,-2.5634764710957825e-07,0.9999992251396179,5.9250617027282715,node_conditioned,25,True,True,False,-26.21019744873047,2.0295186042785645,0.697009265422821,0.9764857888221741,0.42572876811027527,1.3620964288711548,-33.266273498535156,2.2882497310638428,0.6456692095526188,-26.222124099731445,0.6572911143302917,0.0,0.0,0.0,0.008063268847763538,0.0,0.0,100,0.2,0.165,0.02,1030,curvature_stage2_mpnn_v3_5_edge_gain,True,,,,,normalized_degree|time_since_last_tx|consecutive_tx_attempts|congestion_ewma|self_information_increment,,,,,,,,,,,,,,,,0.09295934438705444,0.02027362957596779,0.0,mpnn,5,4,16,curvature_attention_max,32,38,412000,none,normalized_version_gap_with_gain,,4120.0,0.46074962615966797,0.46074962615966797,0.33596473932266235,,,,,0.5,0.0,,,,0.09295934438705444,0.02027362957596779,0.06538885831832886,0.06745919585227966,0.09086909890174866,0.12497631311416625,0.13831105828285217,0.020269222557544708,0.02027362957596779,0.020242851227521896
32,7.697624745368958,0.09944999997969717,0.09720202403296441,0.1,-0.0027979759670355986,-0.027979756872380298,-0.027979756872380298,0.09972653537988663,0.0,0.0,False,2.8000496968161315e-05,54.65978240966797,0.32179197669029236,1.1815603784270934e-06,0.0,0.05,0.0010671518975868821,0.8,8.35872288007522e-06,0.002440750366076827,0.009146466851234436,0.005277781747281551,0.0033868749160319567,1.9531249506599124e-07,0.9999994039535522,5.222049713134766,node_conditioned,25,True,True,False,-28.580142974853516,2.4889633655548096,0.7762013077735901,1.105716347694397,0.437887966632843,1.6887626647949219,-36.998416900634766,3.2540223598480225,0.7306629362833728,-28.7584171295166,0.8623552918434143,0.0,0.0,0.0,0.009146466851234436,0.0,0.0,100,0.2,0.195,0.06,924,curvature_stage2_mpnn_v3_5_edge_gain,True,,,,,normalized_degree|time_since_last_tx|consecutive_tx_attempts|congestion_ewma|self_information_increment,,,,,,,,,,,,,,,,0.09972653537988663,0.02561495080590248,0.0,mpnn,5,4,16,curvature_attention_max,32,38,369600,none,normalized_version_gap_with_gain,,3696.0,0.4420262575149536,0.4420262575149536,0.32636088132858276,,,,,0.5,0.0,,,,0.09972653537988663,0.02561495080590248,0.06542408466339111,0.06840827763080597,0.09356537461280823,0.13531717360019682,0.167520672082901,0.025610055774450302,0.02561495080590248,0.025580095127224922
33,8.512107571400701,0.09914999998174608,0.09817601200735523,0.1,-0.001823987992644771,-0.0182398781024599,-0.0182398781024599,0.09898901730775833,0.0,0.0,False,3.841287252726033e-05,70.17716217041016,0.3211732506752014,1.2636074870897573e-06,0.0,0.05,0.0013493794249370694,0.8,3.9357512804372163e-08,3.6056146200280637e-05,0.008336189202964306,0.004473705776035786,0.00401661079376936,-1.525878978725359e-08,0.999999463558197,5.38638162612915,node_conditioned,25,True,True,False,-30.73975944519043,2.855186939239502,0.8020782470703125,1.0320627689361572,0.45010918378829956,1.7645894289016724,-40.30171203613281,3.7524704933166504,0.778867405483207,-32.8355598449707,0.8772382736206055,0.0,0.0,0.0,0.008336189202964306,0.0,0.0,100,0.2,0.1925,0.03,1040,curvature_stage2_mpnn_v3_5_edge_gain,True,,,,,normalized_degree|time_since_last_tx|consecutive_tx_attempts|congestion_ewma|self_information_increment,,,,,,,,,,,,,,,,0.09898901730775833,0.021311050280928612,0.0,mpnn,5,4,16,curvature_attention_max,32,38,416000,none,normalized_version_gap_with_gain,,4160.0,0.4252335727214813,0.4252335727214813,0.32207703590393066,,,,,0.5,0.0,,,,0.09898901730775833,0.021311050280928612,0.06556588411331177,0.0728811264038086,0.09772130846977234,0.12513050138950077,0.16883623600006104,0.02130402810871601,0.021311050280928612,0.021260220557451248
34,7.092182316929102,0.10059999991208315,0.0993880059597192,0.1,-0.0006119940402808111,-0.006119939790814132,-0.006119939790814132,0.10088492184877396,0.0,0.0,False,0.00016914329899009317,33.06623077392578,0.3249574601650238,1.743154825817328e-06,0.0,0.05,0.0016373908147215843,0.8,9.217793558491394e-05,0.009519514627754688,0.013502429239451885,0.01166315283626318,0.005428814794868231,-6.713867151120212e-08,0.9999992847442627,6.83881950378418,node_conditioned,25,True,True,False,-31.5529727935791,2.614661693572998,0.8430824279785156,1.1239620447158813,0.5060082674026489,1.3773990869522095,-38.5107421875,2.784449815750122,0.7552961316923832,-32.26706314086914,0.9502849578857422,0.0,0.0,0.0,0.013502429239451885,0.0,0.0,100,0.2,0.16,0.03,1142,curvature_stage2_mpnn_v3_5_edge_gain,True,,,,,normalized_degree|time_since_last_tx|consecutive_tx_attempts|congestion_ewma|self_information_increment,,,,,,,,,,,,,,,,0.10088492184877396,0.019519414752721786,0.0,mpnn,5,4,16,curvature_attention_max,32,38,456800,none,normalized_version_gap_with_gain,,4568.0,0.4885597825050354,0.4885597825050354,0.3665626645088196,,,,,0.5,0.0,,,,0.10088492184877396,0.019519414752721786,0.06559139490127563,0.07703865468502046,0.09863464534282684,0.12637738287448883,0.1700478196144104,0.019507145509123802,0.019519414752721786,0.019437944516539574
35,7.307696971707046,0.09754999996162951,0.09846900296067435,0.1,-0.00153099703932566,-0.015309968862259713,-0.015309968862259713,0.09993509203195572,0.0,0.0,False,8.026163413887843e-05,33.91690444946289,0.321185439825058,-3.0522710403602105e-06,0.0,0.05,0.0014915659558027983,0.8,3.507435167193762e-06,0.0011393481399863958,0.015823720023036003,0.0075368499383330345,0.005227020941674709,2.5024414185281785e-07,0.9999992251396179,6.439243316650391,node_conditioned,25,True,True,False,-33.51786422729492,2.9027535915374756,0.996327817440033,1.341741919517517,0.5622283816337585,1.2205088138580322,-40.586605072021484,3.041212797164917,0.8389397942793242,-34.8971061706543,1.0360784530639648,0.0,0.0,0.0,0.015823720023036003,0.0,0.0,100,0.2,0.1825,0.09,964,curvature_stage2_mpnn_v3_5_edge_gain,True,,,,,normalized_degree|time_since_last_tx|consecutive_tx_attempts|congestion_ewma|self_information_increment,,,,,,,,,,,,,,,,0.09993509203195572,0.025914045050740242,0.0,mpnn,5,4,16,curvature_attention_max,32,38,385600,none,normalized_version_gap_with_gain,,3856.0,0.4557241201400757,0.4557241201400757,0.32956570386886597,,,,,0.5,0.0,,,,0.09993509203195572,0.025914045050740242,0.065493643283844,0.07081311345100402,0.09394596517086029,0.13722143471240997,0.17008113861083984,0.025905700400471687,0.025914045050740242,0.02585020661354065
36,6.4619169155880805,0.10004999972879887,0.0992595013447366,0.1,-0.0007404986552634052,-0.007404985812135471,-0.007404985812135471,0.10203798860311508,0.0,0.0,False,0.0004056989564560354,18.023536682128906,0.3270522356033325,-4.932525826006895e-06,0.0,0.05,0.0013725559692829847,0.8,0.00029166098101995885,0.01817009411752224,0.02823394350707531,0.01827189140021801,0.005254983901977539,-2.4414063659605745e-07,0.9999991059303284,6.025660991668701,node_conditioned,25,True,True,False,-34.74740982055664,2.7544753551483154,1.0017188787460327,1.3423962593078613,0.625820517539978,1.1598373651504517,-40.13520812988281,2.587801456451416,0.7991220436791058,-35.27511215209961,1.0462239980697632,0.0,0.0,0.0,0.02823394350707531,0.0,0.0,100,0.2,0.19,0.01,990,curvature_stage2_mpnn_v3_5_edge_gain,True,,,,,normalized_degree|time_since_last_tx|consecutive_tx_attempts|congestion_ewma|self_information_increment,,,,,,,,,,,,,,,,0.10203798860311508,0.0191886518150568,0.0,mpnn,5,4,16,curvature_attention_max,32,38,396000,none,normalized_version_gap_with_gain,,3960.0,0.4799273610115051,0.4799273610115051,0.34729740023612976,,,,,0.5,0.0,,,,0.10203798860311508,0.0191886518150568,0.06547960638999939,0.07817616760730743,0.10100646317005157,0.12976549863815307,0.17031782865524292,0.019175557419657707,0.0191886518150568,0.0190882571041584
37,6.8681962072104215,0.09654999983962625,0.09790475059218143,0.1,-0.002095249407818578,-0.02095249198293658,-0.02095249198293658,0.09841448813676834,0.0,0.0,False,6.832882354501635e-05,22.58378028869629,0.31867533922195435,-1.1908955457329284e-06,0.0,0.05,0.0011468498269096017,0.8,0.0,0.0,0.020205354318022728,0.01578422263264656,0.004496786743402481,1.5869140668200998e-07,0.9999992847442627,5.92804479598999,node_conditioned,25,True,True,False,-36.70117950439453,3.0277764797210693,1.0398366451263428,1.40242600440979,0.6490590572357178,1.2600558996200562,-42.55721664428711,2.9004263877868652,0.8112634789580012,-38.84181213378906,1.1797140836715698,0.0,0.0,0.0,0.020205354318022728,0.0,0.0,100,0.2,0.1725,0.03,972,curvature_stage2_mpnn_v3_5_edge_gain,True,,,,,normalized_degree|time_since_last_tx|consecutive_tx_attempts|congestion_ewma|self_information_increment,,,,,,,,,,,,,,,,0.09841448813676834,0.021900929510593414,0.0,mpnn,5,4,16,curvature_attention_max,32,38,388800,none,normalized_version_gap_with_gain,,3888.0,0.45636966824531555,0.45636966824531555,0.3319620192050934,,,,,0.5,0.0,,,,0.09841448813676834,0.021900929510593414,0.06538230180740356,0.07181682586669921,0.09621623158454895,0.12690652012825013,0.1688109040260315,0.021891474723815918,0.021900929510593414,0.021821217611432076
38,6.507655303776264,0.10447500000707804,0.10118987529962974,0.1,0.0011898752996297307,0.011898751806422126,0.011898751806422126,0.10131235420703888,0.0,0.00011898751806422126,False,0.00020499172387644649,15.643677711486816,0.326862096786499,3.585797458072193e-06,0.0,0.05,0.0010942294029518962,0.8,0.00015709176659584045,0.013201591558754444,0.02360556460916996,0.007796994876116514,0.004186938051134348,3.41796862812771e-07,0.9999992251396179,6.330854415893555,node_conditioned,25,True,True,False,-38.169654846191406,3.140650510787964,1.1057617664337158,1.3708419799804688,0.6879839301109314,1.1776005029678345,-43.180091857910156,2.7465827465057373,0.8161724291199637,-39.74721908569336,1.0779997110366821,0.0,0.0,0.0,0.02360556460916996,0.0,0.0,100,0.2,0.145,0.0,1022,curvature_stage2_mpnn_v3_5_edge_gain,True,,,,,normalized_degree|time_since_last_tx|consecutive_tx_attempts|congestion_ewma|self_information_increment,,,,,,,,,,,,,,,,0.10131235420703888,0.01361169759184122,0.0,mpnn,5,4,16,curvature_attention_max,32,38,408800,none,normalized_version_gap_with_gain,,4088.0,0.4797379672527313,0.4797379672527313,0.3508516848087311,,,,,0.5,0.0,,,,0.10131235420703888,0.01361169759184122,0.07076236605644226,0.0866799384355545,0.09938944876194,0.12041095793247222,0.14481016993522644,0.0135964872315526,0.01361169759184122,0.01346423290669918
39,6.79636692289263,0.09399999996181578,0.09759493763072276,0.1,-0.002405062369277247,-0.024050621287710343,-0.024050621287710343,0.09667001664638519,0.00011898751806422126,0.0,False,3.684134208015166e-05,17.981903076171875,0.3160342574119568,4.557547526928829e-06,0.0,0.05,0.0011819562641903758,0.8,0.0,0.0,0.01978619210422039,0.015604806132614613,0.004255787935107946,3.387451101843908e-07,0.9999992847442627,5.802829265594482,node_conditioned,25,True,True,False,-40.026180267333984,3.241445541381836,1.1328797340393066,1.42355215549469,0.7085566520690918,1.4080414772033691,-45.248130798339844,2.810617446899414,0.7490267770854182,-42.49087905883789,1.1837420463562012,3.176992890985275e-07,3.465450936346315e-05,0.00011122644355054945,0.01978619210422039,1.2672177035710774e-05,0.0006404552510361653,100,0.2,0.1725,0.02,1042,curvature_stage2_mpnn_v3_5_edge_gain,True,,,,,normalized_degree|time_since_last_tx|consecutive_tx_attempts|congestion_ewma|self_information_increment,,,,,,,,,,,,,,,,0.09667001664638519,0.017841175198554993,0.0,mpnn,5,4,16,curvature_attention_max,32,38,416800,none,normalized_version_gap_with_gain,,4168.0,0.46376073360443115,0.46376073360443115,0.3414783477783203,,,,,0.5,0.0,,,,0.09667001664638519,0.017841175198554993,0.06518253684043884,0.07487437129020691,0.09487210214138031,0.11760189831256866,0.1476474106311798,0.01782851852476597,0.017841175198554993,0.017725134268403053
40,7.304764383025468,0.10177499999292194,0.09968496881182234,0.1,-0.0003150311881776613,-0.0031503115667454564,-0.0031503115667454564,0.10003125667572021,0.0,0.0,False,4.2767831473611295e-05,21.151872634887695,0.3235243856906891,-3.1423296604771167e-06,0.0,0.05,0.0013253174256533384,0.8,2.6404302843729965e-05,0.004640540573745966,0.018471986055374146,0.00979617703706026,0.004147103056311607,8.544921570319275e-08,0.9999992847442627,5.7523345947265625,node_conditioned,25,True,True,False,-42.332733154296875,3.539926290512085,1.199779987335205,1.4680143594741821,0.7537778615951538,1.396804928779602,-48.00258255004883,3.215196132659912,0.8112631971153146,-43.1174430847168,1.091079831123352,0.0,0.0,0.0,0.018471986055374146,0.0,0.0,100,0.2,0.1625,0.02,936,curvature_stage2_mpnn_v3_5_edge_gain,True,,,,,normalized_degree|time_since_last_tx|consecutive_tx_attempts|congestion_ewma|self_information_increment,,,,,,,,,,,,,,,,0.10003125667572021,0.0196588896214962,0.0,mpnn,5,4,16,curvature_attention_max,32,38,374400,none,normalized_version_gap_with_gain,,3744.0,0.4537709355354309,0.4537709355354309,0.33020925521850586,,,,,0.5,0.0,,,,0.10003125667572021,0.0196588896214962,0.06510230898857117,0.07138421535491951,0.09993642568588257,0.1259392559528351,0.14211148023605347,0.019645117223262787,0.0196588896214962,0.019531572237610817
41,6.873183586187661,0.09927499991841614,0.09947998436511923,0.1,-0.0005200156348807716,-0.005200155828792134,-0.005200155828792134,0.09922231733798981,0.0,0.0,False,1.4587985788239166e-05,14.471776962280273,0.3221123218536377,2.302543862242601e-06,0.0,0.05,0.0018803945276886225,0.8,2.697164745768532e-06,0.0008222076576203108,0.022162552922964096,0.01708025485277176,0.005034953355789185,-6.103515914901436e-08,0.999999463558197,5.673792839050293,node_conditioned,25,True,True,False,-43.5167121887207,3.6444144248962402,1.2307780981063843,1.613763451576233,0.8005160689353943,1.5495152473449707,-48.27339553833008,3.1852450370788574,0.7633502649478346,-43.960201263427734,1.2985855340957642,0.0,0.0,0.0,0.022162552922964096,0.0,0.0,100,0.2,0.1825,0.04,996,curvature_stage2_mpnn_v3_5_edge_gain,True,,,,,normalized_degree|time_since_last_tx|consecutive_tx_attempts|congestion_ewma|self_information_increment,,,,,,,,,,,,,,,,0.09922231733798981,0.019954105839133263,0.0,mpnn,5,4,16,curvature_attention_max,32,38,398400,none,normalized_version_gap_with_gain,,3984.0,0.46574732661247253,0.46574732661247253,0.33930930495262146,,,,,0.5,0.0,,,,0.09922231733798981,0.019954105839133263,0.06517341732978821,0.07415914237499237,0.09621496498584747,0.12166784405708313,0.1716017723083496,0.019937628880143166,0.019954105839133263,0.019802721217274666
42,7.269256313629448,0.09742499998770654,0.09845249217641289,0.1,-0.0015475078235871187,-0.015475076688363518,-0.015475076688363518,0.09713862091302872,0.0,0.0,False,8.689305104780942e-06,17.585050582885742,0.3187197148799896,-2.6801105832419125e-06,0.0,0.05,0.002521442249417305,0.8,0.0,0.0,0.023252755403518677,0.017556872218847275,0.00577722629532218,1.2207030941624453e-08,0.9999994039535522,5.902862071990967,node_conditioned,25,True,True,False,-45.813819885253906,3.908912181854248,1.297621250152588,1.6154121160507202,0.794687032699585,1.6111596822738647,-51.0036506652832,3.3842155933380127,0.7733471870168622,-49.0150260925293,1.306794285774231,0.0,0.0,0.0,0.023252755403518677,0.0,0.0,100,0.2,0.15,0.0,1026,curvature_stage2_mpnn_v3_5_edge_gain,True,,,,,normalized_degree|time_since_last_tx|consecutive_tx_attempts|congestion_ewma|self_information_increment,,,,,,,,,,,,,,,,0.09713862091302872,0.015384473837912083,0.0,mpnn,5,4,16,curvature_attention_max,32,38,410400,none,normalized_version_gap_with_gain,,4104.0,0.4588981866836548,0.4588981866836548,0.33979639410972595,,,,,0.5,0.0,,,,0.09713862091302872,0.015384473837912083,0.06535884737968445,0.07908137440681458,0.09549497067928314,0.1179904192686081,0.14265435934066772,0.015361595898866653,0.015384473837912083,0.015163455158472061
43,7.295217664800584,0.09859999996144325,0.09852624606892807,0.1,-0.001473753931071936,-0.014737537836965577,-0.014737537836965577,0.09970682114362717,0.0,0.0,False,0.00013886269880458713,15.57453441619873,0.32331836223602295,9.907163985189982e-06,0.0,0.05,0.003617331152781844,0.8,5.5042048188624904e-05,0.006169737782329321,0.019752275198698044,0.00788069237023592,0.007476304192095995,8.544921570319275e-08,0.999999463558197,5.607152462005615,node_conditioned,25,True,True,False,-47.460636138916016,4.039094924926758,1.3557946681976318,1.8070330619812012,0.8662230968475342,1.7067285776138306,-52.36748123168945,3.5161287784576416,0.7643869062587832,-48.746498107910156,1.5716822147369385,0.0,0.0,0.0,0.019752275198698044,0.0,0.0,100,0.2,0.1625,0.01,946,curvature_stage2_mpnn_v3_5_edge_gain,True,,,,,normalized_degree|time_since_last_tx|consecutive_tx_attempts|congestion_ewma|self_information_increment,,,,,,,,,,,,,,,,0.09970682114362717,0.021076859906315804,0.0,mpnn,5,4,16,curvature_attention_max,32,38,378400,none,normalized_version_gap_with_gain,,3784.0,0.4413388967514038,0.4413388967514038,0.32334044575691223,,,,,0.5,0.0,,,,0.09970682114362717,0.021076859906315804,0.06538519263267517,0.07058039903640748,0.09891478717327118,0.12794794738292695,0.1487860530614853,0.021051153540611267,0.021076859906315804,0.020858842879533768
44,7.524163900539279,0.10527500002179295,0.10190062304536052,0.1,0.001900623045360511,0.019006228552982254,0.019006228552982254,0.10668056458234787,0.0,0.00019006228552982253,False,0.0033381441608071327,14.884437561035156,0.3356543481349945,-1.0193254638579674e-05,0.0,0.05,0.0029878830537199974,0.8,0.0030920642893761396,0.061266373842954636,0.028046468272805214,0.13196556270122528,0.008841395378112793,1.2817382355478912e-07,0.9999992847442627,6.143923282623291,node_conditioned,25,True,True,False,-49.70121383666992,4.276285171508789,1.3749985694885254,1.9111547470092773,0.888257622718811,1.4850937128067017,-54.66142654418945,3.695523738861084,0.8385062548436254,-51.072635650634766,1.8202694654464722,0.0,0.0,0.0,0.028046468272805214,0.0,0.0,100,0.2,0.2075,0.04,896,curvature_stage2_mpnn_v3_5_edge_gain,True,,,,,normalized_degree|time_since_last_tx|consecutive_tx_attempts|congestion_ewma|self_information_increment,,,,,,,,,,,,,,,,0.10668056458234787,0.02289929986000061,0.0,mpnn,5,4,16,curvature_attention_max,32,38,358400,none,normalized_version_gap_with_gain,,3584.0,0.4332898259162903,0.4332898259162903,0.31647220253944397,,,,,0.5,0.0,,,,0.10668056458234787,0.02289929986000061,0.06548967957496643,0.07489551305770874,0.105142742395401,0.1313581436872482,0.1779215931892395,0.0228685662150383,0.02289929986000061,0.02262880653142929
45,7.808027267940343,0.09734999987296761,0.09962531145916406,0.1,-0.0003746885408359435,-0.0037468850336709316,-0.0037468850336709316,0.09694255888462067,0.00019006228552982253,0.00015259343519311323,False,0.0001722424931358546,17.036325454711914,0.3144560158252716,3.803956815318088e-06,0.0,0.05,0.002005396643653512,0.8,0.0,0.0,0.01765136979520321,0.010659696534276009,0.007247897330671549,-2.4414061883248905e-08,0.999999463558197,5.407020092010498,node_conditioned,25,True,True,False,-51.80860137939453,4.6218180656433105,1.4860572814941406,1.8512572050094604,0.9290273785591125,1.8471695184707642,-56.9703254699707,4.231490135192871,0.8094421438905455,-54.09626007080078,1.477419376373291,-7.743854979480602e-08,5.6222397688543424e-05,0.00017764564836397767,0.01765136979520321,2.3165035599959083e-05,0.0013123640116935345,100,0.2,0.16,0.03,990,curvature_stage2_mpnn_v3_5_edge_gain,True,,,,,normalized_degree|time_since_last_tx|consecutive_tx_attempts|congestion_ewma|self_information_increment,,,,,,,,,,,,,,,,0.09694255888462067,0.021019738167524338,0.0,mpnn,5,4,16,curvature_attention_max,32,38,396000,none,normalized_version_gap_with_gain,,3960.0,0.42276981472969055,0.42276981472969055,0.3137994706630707,,,,,0.5,0.0,,,,0.09694255888462067,0.021019738167524338,0.0652698278427124,0.06942073851823806,0.09467245638370514,0.12762326300144194,0.15324270725250244,0.02099415846168995,0.021019738167524338,0.020795896649360657
46,7.414119186587632,0.1021000001160428,0.10086265578760342,0.1,0.0008626557876034169,0.008626557013378467,0.008626557013378467,0.10169529169797897,0.00015259343519311323,0.0002388590053268979,False,0.0003078036825172603,10.691703796386719,0.32382887601852417,1.1589230552999652e-06,0.0,0.05,0.001497887191362679,0.8,0.00016557532944716513,0.01313958689570427,0.02142591029405594,0.02084914594888687,0.005864747334271669,-8.544921570319275e-08,0.9999995231628418,6.134367942810059,node_conditioned,25,True,True,False,-53.29204559326172,4.705875873565674,1.5795984268188477,1.9876810312271118,0.9969418048858643,1.8149261474609375,-57.46451950073242,4.2469563484191895,0.8173741167438247,-53.08653259277344,1.5050116777420044,-6.17565376614948e-08,4.59917209809646e-05,0.00014267972437664866,0.02142591029405594,1.8226895917905495e-05,0.0008506937236652592,100,0.2,0.19,0.09,972,curvature_stage2_mpnn_v3_5_edge_gain,True,,,,,normalized_degree|time_since_last_tx|consecutive_tx_attempts|congestion_ewma|self_information_increment,,,,,,,,,,,,,,,,0.10169529169797897,0.027471745386719704,0.0,mpnn,5,4,16,curvature_attention_max,32,38,388800,none,normalized_version_gap_with_gain,,3888.0,0.44138845801353455,0.44138845801353455,0.3245996832847595,,,,,0.5,0.0,,,,0.10169529169797897,0.027471745386719704,0.06496807932853699,0.06934219598770142,0.09881961345672607,0.15028026401995195,0.17461374402046204,0.027455875650048256,0.027471745386719704,0.027308586984872818
47,7.143341924212873,0.103874999913387,0.10236882785049521,0.1,0.002368827850495206,0.023688276136124446,0.023688276136124446,0.10204414278268814,0.0002388590053268979,0.00047574176668814235,False,0.00038775207940489054,8.167901992797852,0.32617494463920593,1.0014719009632245e-05,0.0,0.05,0.0010663224384188652,0.8,0.000255218445090577,0.01653391867876053,0.024391701444983482,0.021971017122268677,0.0047934288159012794,-9.765624753299562e-08,0.999999463558197,6.150495529174805,node_conditioned,25,True,True,False,-55.05205154418945,4.793019771575928,1.6207568645477295,2.0515427589416504,1.0595450401306152,1.8987005949020386,-58.521480560302734,3.8833372592926025,0.7609422876019631,-55.28278732299805,1.6252169609069824,-4.373164870230539e-07,7.270654168678448e-05,0.00022335004177875817,0.024391701444983482,2.834712722687982e-05,0.0011621622898753104,100,0.2,0.19,0.03,888,curvature_stage2_mpnn_v3_5_edge_gain,True,,,,,normalized_degree|time_since_last_tx|consecutive_tx_attempts|congestion_ewma|self_information_increment,,,,,,,,,,,,,,,,0.10204414278268814,0.021276958286762238,0.0,mpnn,5,4,16,curvature_attention_max,32,38,355200,none,normalized_version_gap_with_gain,,3552.0,0.44967764616012573,0.44967764616012573,0.3255554437637329,,,,,0.5,0.0,,,,0.10204414278268814,0.021276958286762238,0.06473106145858765,0.07590479254722596,0.0988391637802124,0.1275965094566345,0.17286652326583862,0.02125660330057144,0.021276958286762238,0.021061956882476807
48,6.933664389103651,0.09989999969024212,0.10113441377036866,0.1,0.0011344137703686585,0.011344136569272929,0.011344136569272929,0.10031706839799881,0.00047574176668814235,0.0005891831323808716,False,0.000110741748358123,6.503198623657227,0.32228055596351624,5.820510864396056e-07,0.0,0.05,0.0007450870471075177,0.8,1.2403409527905751e-05,0.0026596933603286743,0.026974879205226898,0.013753260485827923,0.0037789163179695606,4.882812376649781e-08,0.9999995231628418,7.057704448699951,node_conditioned,25,True,True,False,-56.63069534301758,4.760653018951416,1.6559054851531982,2.1365039348602295,1.0850939750671387,1.897179365158081,-59.5142936706543,3.499518632888794,0.7060995804844775,-57.56611633300781,1.4989603757858276,1.9841475307202927e-07,0.00014230288797989488,0.0004450350534170866,0.026974879205226898,5.376532135414891e-05,0.001993161897537316,100,0.2,0.1775,0.03,994,curvature_stage2_mpnn_v3_5_edge_gain,True,,,,,normalized_degree|time_since_last_tx|consecutive_tx_attempts|congestion_ewma|self_information_increment,,,,,,,,,,,,,,,,0.10031706839799881,0.022724276408553123,0.0,mpnn,5,4,16,curvature_attention_max,32,38,397600,none,normalized_version_gap_with_gain,,3976.0,0.4517771899700165,0.4517771899700165,0.327770859003067,,,,,0.5,0.0,,,,0.10031706839799881,0.022724276408553123,0.06448358297348022,0.06965058147907258,0.1016923040151596,0.13015666902065276,0.17115464806556702,0.0227085892111063,0.022724276408553123,0.022542890161275864
49,6.742188879288733,0.10012499986682087,0.10062970681859476,0.1,0.0006297068185947552,0.006297067556240796,0.006297067556240796,0.10035614669322968,0.0005891831323808716,0.0006521538079432796,False,7.617603114340454e-05,5.7952985763549805,0.3232614994049072,-2.525650018014858e-07,0.0,0.05,0.0007104983669705689,0.8,2.536791180318687e-05,0.004542600829154253,0.023609217256307602,0.010413041338324547,0.0033742517698556185,-7.324219097881723e-08,0.9999995231628418,7.380880832672119,node_conditioned,25,True,True,False,-57.95308303833008,4.755150318145752,1.7428672313690186,2.1133015155792236,1.1294751167297363,2.0047481060028076,-60.30963134765625,3.6080682277679443,0.6912762051778076,-59.441734313964844,1.693730115890503,1.361903798624553e-07,0.0001763991022016853,0.0005512315547093749,0.023609217256307602,6.518099689856172e-05,0.0027608272050135617,100,0.2,0.18,0.03,942,curvature_stage2_mpnn_v3_5_edge_gain,True,,,,,normalized_degree|time_since_last_tx|consecutive_tx_attempts|congestion_ewma|self_information_increment,,,,,,,,,,,,,,,,0.10035614669322968,0.020971788093447685,0.0,mpnn,5,4,16,curvature_attention_max,32,38,376800,none,normalized_version_gap_with_gain,,3768.0,0.45750555396080017,0.45750555396080017,0.33065927028656006,,,,,0.5,0.0,,,,0.10035614669322968,0.020971788093447685,0.06436619162559509,0.07516609132289886,0.09971484541893005,0.12472566068172455,0.17156454920768738,0.020954260602593422,0.020971788093447685,0.020775025710463524
50,7.089855296351016,0.09429999970830977,0.09746485326345226,0.1,-0.0025351467365477415,-0.025351464830330933,-0.025351464830330933,0.09463172405958176,0.0006521538079432796,0.00039863915963997025,False,2.6553065254120156e-05,6.97030782699585,0.31168681383132935,7.007839144534955e-07,0.0,0.05,0.0008220768650062382,0.8,0.0,0.0,0.024010896682739258,0.02056955173611641,0.0034421547316014767,2.4414061883248905e-08,0.9999995827674866,7.323072910308838,node_conditioned,25,True,True,False,-59.87091064453125,5.038152694702148,1.7183642387390137,2.147345781326294,1.1457915306091309,2.040914535522461,-62.52716064453125,3.9994537830352783,0.7395955973960286,-61.04914093017578,1.5200263261795044,2.1633924518482672e-07,0.0001903428928926587,0.0006101555190980434,0.024010896682739258,6.970230606384575e-05,0.0029029435241590736,100,0.2,0.14,0.0,1032,curvature_stage2_mpnn_v3_5_edge_gain,True,,,,,normalized_degree|time_since_last_tx|consecutive_tx_attempts|congestion_ewma|self_information_increment,,,,,,,,,,,,,,,,0.09463172405958176,0.016215743497014046,0.0,mpnn,5,4,16,curvature_attention_max,32,38,412800,none,normalized_version_gap_with_gain,,4128.0,0.46439486742019653,0.46439486742019653,0.3397560119628906,,,,,0.5,0.0,,,,0.09463172405958176,0.016215743497014046,0.06429541110992432,0.07370143234729766,0.09369678795337677,0.11659541130065917,0.13300952315330505,0.016190949827432632,0.016215743497014046,0.015973353758454323
51,6.4780813045054675,0.09914999985601752,0.0983074265597349,0.1,-0.001692573440265105,-0.016925732710077777,-0.016925732710077777,0.09870531409978867,0.00039863915963997025,0.00022938183253919247,False,7.955069122544955e-06,5.707389831542969,0.3205625116825104,-2.3137647531257244e-07,0.0,0.05,0.0009532691328786314,0.8,1.08699182987948e-09,1.878104853858531e-06,0.024184176698327065,0.020704174414277077,0.003527739318087697,3.9672851670502496e-08,0.9999995231628418,7.121283531188965,node_conditioned,25,True,True,False,-60.400814056396484,4.953891277313232,1.7630664110183716,2.192514419555664,1.2073616981506348,2.24989914894104,-61.918338775634766,3.248690605163574,0.5203666656693157,-61.010345458984375,1.8345807790756226,-1.7726763701375603e-07,0.00011885646381415427,0.00037291552871465683,0.024184176698327065,4.387731314636767e-05,0.0018142976521680124,100,0.2,0.1825,0.04,1002,curvature_stage2_mpnn_v3_5_edge_gain,True,,,,,normalized_degree|time_since_last_tx|consecutive_tx_attempts|congestion_ewma|self_information_increment,,,,,,,,,,,,,,,,0.09870531409978867,0.019575173035264015,0.0,mpnn,5,4,16,curvature_attention_max,32,38,400800,none,normalized_version_gap_with_gain,,4008.0,0.4795188903808594,0.4795188903808594,0.3498346209526062,,,,,0.5,0.0,,,,0.09870531409978867,0.019575173035264015,0.06435835361480713,0.07599927186965942,0.09816917777061462,0.12172268033027649,0.17148929834365845,0.019555257633328438,0.019575173035264015,0.019352221861481667
52,7.137351015470922,0.09724999996833503,0.09777871326403496,0.1,-0.0022212867359650418,-0.022212865138363905,-0.022212865138363905,0.09839876741170883,0.00022938183253919247,7.253181155553401e-06,False,1.80409915628843e-06,6.593812465667725,0.32023608684539795,6.885955372126773e-06,0.0,0.05,0.0010687968460842967,0.8,0.0,0.0,0.022903259843587875,0.019314125180244446,0.0036205763462930918,7.324219097881723e-08,0.9999995231628418,7.786901950836182,node_conditioned,25,True,True,False,-62.62124252319336,5.1365885734558105,1.7561886310577393,2.253828763961792,1.1910874843597412,2.0581469535827637,-64.9446029663086,3.7709221839904785,0.7021088091324321,-64.27161407470703,1.7621245384216309,2.6350571147304436e-07,6.78276046528481e-05,0.00021462005679495633,0.022903259843587875,2.4480714273522608e-05,0.001068874201837008,100,0.2,0.1525,0.01,938,curvature_stage2_mpnn_v3_5_edge_gain,True,,,,,normalized_degree|time_since_last_tx|consecutive_tx_attempts|congestion_ewma|self_information_increment,,,,,,,,,,,,,,,,0.09839876741170883,0.01802986115217209,0.0,mpnn,5,4,16,curvature_attention_max,32,38,375200,none,normalized_version_gap_with_gain,,3752.0,0.4401262104511261,0.4401262104511261,0.32318320870399475,,,,,0.5,0.0,,,,0.09839876741170883,0.01802986115217209,0.0643359124660492,0.07100378274917603,0.10028286278247833,0.1223055601119995,0.13967165350914001,0.018007546663284302,0.01802986115217209,0.01777838170528412
53,6.509682310372591,0.09777499984949828,0.09777685655676663,0.1,-0.0022231434432333774,-0.022231432209190553,-0.022231432209190553,0.10064677894115448,7.253181155553401e-06,0.0,False,0.00012703181710094213,4.954607963562012,0.3239179253578186,7.179810836532852e-06,0.0,0.05,0.0014551251661032438,0.8,0.00010650944022927433,0.010392418131232262,0.025144655257463455,0.005950010847300291,0.004464337602257729,-6.103515470812226e-09,0.9999995231628418,7.936928749084473,node_conditioned,25,True,True,False,-62.812164306640625,4.990938663482666,1.8982124328613281,2.2660748958587646,1.2600126266479492,2.142491102218628,-63.966339111328125,3.435511827468872,0.611084608683812,-62.90031433105469,1.7994167804718018,2.0829471480965367e-08,2.146786300727399e-06,6.785866844438715e-06,0.025144655257463455,8.059769811552542e-07,3.2053597568415574e-05,100,0.2,0.1925,0.05,1032,curvature_stage2_mpnn_v3_5_edge_gain,True,,,,,normalized_degree|time_since_last_tx|consecutive_tx_attempts|congestion_ewma|self_information_increment,,,,,,,,,,,,,,,,0.10064677894115448,0.02411540411412716,0.0,mpnn,5,4,16,curvature_attention_max,32,38,412800,none,normalized_version_gap_with_gain,,4128.0,0.4764347970485687,0.4764347970485687,0.34647589921951294,,,,,0.5,0.0,,,,0.10064677894115448,0.02411540411412716,0.06438970565795898,0.0704805076122284,0.09793120622634888,0.13139212429523467,0.1735200583934784,0.024096770212054253,0.02411540411412716,0.023904653266072273
54,6.408923497945071,0.10257499993313104,0.10017592824494884,0.1,0.00017592824494883086,0.0017592822735600813,0.0017592822735600813,0.10161103308200836,0.0,1.7592822735600812e-05,False,0.0003466898633632809,5.967833995819092,0.3273496627807617,-1.692801333774696e-06,0.0,0.05,0.0014415100449696183,0.8,0.0002966724568977952,0.017717061564326286,0.025659214705228806,0.012876303866505623,0.004622581880539656,-3.051757735406113e-09,0.9999995827674866,7.0736799240112305,node_conditioned,25,True,True,False,-63.834049224853516,5.316545009613037,2.0074379444122314,2.4948232173919678,1.2948477268218994,2.3853704929351807,-64.76571655273438,3.8130743503570557,0.6086538020224026,-65.80243682861328,2.0207061767578125,0.0,0.0,0.0,0.025659214705228806,0.0,0.0,100,0.2,0.155,0.02,1078,curvature_stage2_mpnn_v3_5_edge_gain,True,,,,,normalized_degree|time_since_last_tx|consecutive_tx_attempts|congestion_ewma|self_information_increment,,,,,,,,,,,,,,,,0.10161103308200836,0.01621459610760212,0.0,mpnn,5,4,16,curvature_attention_max,32,38,431200,none,normalized_version_gap_with_gain,,4312.0,0.4880581200122833,0.4880581200122833,0.36008864641189575,,,,,0.5,0.0,,,,0.10161103308200836,0.01621459610760212,0.06444191932678223,0.0821741759777069,0.09946857392787933,0.1226853996515274,0.14974001049995422,0.016183173283934593,0.01621459610760212,0.015869788825511932
55,7.5086042692884805,0.09300000004470349,0.09658796414482616,0.1,-0.0034120358551738422,-0.03412035513970291,-0.03412035513970291,0.09414473921060562,1.7592822735600812e-05,0.0,False,5.088125544716604e-05,8.424543380737305,0.3104802668094635,5.713915243177325e-07,0.0,0.05,0.001433640718460083,0.8,0.0,0.0,0.025744903832674026,0.02120993658900261,0.004619569052010775,-1.3427734302240424e-07,0.9999995827674866,7.375868797302246,node_conditioned,25,True,True,False,-66.01145935058594,5.864879608154297,1.8830358982086182,2.3347647190093994,1.223860740661621,2.220052719116211,-68.52122497558594,4.753201484680176,0.7818505414002527,-68.35491943359375,1.918235182762146,2.0139230727522772e-08,5.101749138702871e-06,1.645728298171889e-05,0.025744903832674026,1.8654181985766627e-06,7.245773711657083e-05,100,0.2,0.15,0.0,1038,curvature_stage2_mpnn_v3_5_edge_gain,True,,,,,normalized_degree|time_since_last_tx|consecutive_tx_attempts|congestion_ewma|self_information_increment,,,,,,,,,,,,,,,,0.09414473921060562,0.01704438589513302,0.0,mpnn,5,4,16,curvature_attention_max,32,38,415200,none,normalized_version_gap_with_gain,,4152.0,0.443467915058136,0.443467915058136,0.334916353225708,,,,,0.5,0.0,,,,0.09414473921060562,0.01704438589513302,0.06446945667266846,0.07208221852779388,0.09305889904499054,0.11897506415843963,0.13581454753875732,0.017018962651491165,0.01704438589513302,0.016754377633333206
56,7.5389482237771155,0.10155000022146851,0.09906898218314733,0.1,-0.000931017816852675,-0.009310177237509027,-0.009310177237509027,0.1016053557395935,0.0,0.0,False,0.0003492007381282747,7.3286638259887695,0.32596826553344727,1.1000484079204398e-07,0.0,0.05,0.0014513215282931924,0.8,0.0002940541016869247,0.017300892621278763,0.026703864336013794,0.01097952015697956,0.004632547963410616,1.5869140668200998e-07,0.9999995231628418,7.16795539855957,node_conditioned,25,True,True,False,-67.29578399658203,6.106686592102051,1.960971474647522,2.488553047180176,1.2644366025924683,2.0989325046539307,-69.80287170410156,4.725741863250732,0.8027318629407739,-72.32669830322266,2.000065326690674,0.0,0.0,0.0,0.026703864336013794,0.0,0.0,100,0.2,0.17,0.04,970,curvature_stage2_mpnn_v3_5_edge_gain,True,,,,,normalized_degree|time_since_last_tx|consecutive_tx_attempts|congestion_ewma|self_information_increment,,,,,,,,,,,,,,,,0.1016053557395935,0.02258921042084694,0.0,mpnn,5,4,16,curvature_attention_max,32,38,388000,none,normalized_version_gap_with_gain,,3880.0,0.43877995014190674,0.43877995014190674,0.32378607988357544,,,,,0.5,0.0,,,,0.1016053557395935,0.02258921042084694,0.06450831890106201,0.0722503662109375,0.0989881306886673,0.1282648801803589,0.17469900846481323,0.022564897313714027,0.02258921042084694,0.02233225479722023
57,6.632786612249911,0.09722500010859221,0.09814699114586978,0.1,-0.001853008854130228,-0.01853008668829361,-0.01853008668829361,0.09744498133659363,0.0,0.0,False,6.556201697094366e-05,5.706943511962891,0.31716474890708923,-4.637969652776519e-07,0.0,0.05,0.0017548438627272844,0.8,0.0,0.0,0.02755015902221203,0.0223431084305048,0.005284556187689304,-9.155273872352154e-09,0.9999995231628418,7.912143707275391,node_conditioned,25,True,True,False,-66.84684753417969,5.459600448608398,2.0232088565826416,2.5080833435058594,1.343727707862854,2.3349132537841797,-67.69110870361328,3.7148332595825195,0.6049402179757912,-68.76493835449219,1.677197813987732,0.0,0.0,0.0,0.02755015902221203,0.0,0.0,100,0.2,0.1625,0.04,1028,curvature_stage2_mpnn_v3_5_edge_gain,True,,,,,normalized_degree|time_since_last_tx|consecutive_tx_attempts|congestion_ewma|self_information_increment,,,,,,,,,,,,,,,,0.09744498133659363,0.021002810448408127,0.0,mpnn,5,4,16,curvature_attention_max,32,38,411200,none,normalized_version_gap_with_gain,,4112.0,0.472365140914917,0.472365140914917,0.34747982025146484,,,,,0.5,0.0,,,,0.09744498133659363,0.021002810448408127,0.06437447667121887,0.0712841123342514,0.09434272348880768,0.12999132573604583,0.17437529563903809,0.020976219326257706,0.021002810448408127,0.020715836435556412
58,7.055405308641493,0.10277499980758875,0.10046099547672926,0.1,0.000460995476729259,0.004609954306297159,0.004609954306297159,0.10120592266321182,0.0,4.609954306297159e-05,False,0.00024529526126571,5.463915824890137,0.3254603445529938,-3.532889195412281e-06,0.0,0.05,0.001691176905296743,0.8,0.00019057041208725423,0.01419163215905428,0.02932409755885601,0.006371861789375544,0.005063085816800594,6.103515470812226e-09,0.9999995231628418,8.09514331817627,node_conditioned,25,True,True,False,-68.7197265625,5.847645282745361,1.9861737489700317,2.5802361965179443,1.374037504196167,2.214411735534668,-69.97142791748047,4.215882778167725,0.7241075837629227,-69.44021606445312,2.122764825820923,0.0,0.0,0.0,0.02932409755885601,0.0,0.0,100,0.2,0.1825,0.04,850,curvature_stage2_mpnn_v3_5_edge_gain,True,,,,,normalized_degree|time_since_last_tx|consecutive_tx_attempts|congestion_ewma|self_information_increment,,,,,,,,,,,,,,,,0.10120592266321182,0.0215369313955307,0.0,mpnn,5,4,16,curvature_attention_max,32,38,340000,none,normalized_version_gap_with_gain,,3400.0,0.4449714124202728,0.4449714124202728,0.3165615499019623,,,,,0.5,0.0,,,,0.10120592266321182,0.0215369313955307,0.06435558199882507,0.07723532021045686,0.09852398931980133,0.1265812039375305,0.17475071549415588,0.021512126550078392,0.0215369313955307,0.021230680868029594
59,7.971474255360663,0.09882499986793845,0.09964299767233387,0.1,-0.0003570023276661394,-0.003570022919659102,-0.003570022919659102,0.09807858616113663,4.609954306297159e-05,1.0399313866380572e-05,False,5.5886717746034265e-05,8.715618133544922,0.31818363070487976,-6.313620133369113e-07,0.0,0.05,0.001761288964189589,0.8,0.0,0.0,0.026842467486858368,0.021774059161543846,0.005165937356650829,-3.662109548940862e-08,0.9999995827674866,7.315364360809326,node_conditioned,25,True,True,False,-70.89610290527344,6.33498477935791,1.9954544305801392,2.6569130420684814,1.30011785030365,2.3515210151672363,-73.39330291748047,5.1828413009643555,0.7941447598928772,-72.24014282226562,1.9763010740280151,-3.440946017008173e-08,1.3709627637581434e-05,4.313261160859838e-05,0.026842467486858368,5.210334165894892e-06,0.00019410779680995485,100,0.2,0.19,0.03,992,curvature_stage2_mpnn_v3_5_edge_gain,True,,,,,normalized_degree|time_since_last_tx|consecutive_tx_attempts|congestion_ewma|self_information_increment,,,,,,,,,,,,,,,,0.09807858616113663,0.02296013943850994,0.0,mpnn,5,4,16,curvature_attention_max,32,38,396800,none,normalized_version_gap_with_gain,,3968.0,0.4317745864391327,0.4317745864391327,0.3191869854927063,,,,,0.5,0.0,,,,0.09807858616113663,0.02296013943850994,0.06434109807014465,0.07057608067989349,0.09896771609783173,0.12491784095764161,0.17504826188087463,0.022934069857001305,0.02296013943850994,0.022685391828417778
60,7.624510356225073,0.10039999998174608,0.10002149882703998,0.1,2.1498827039972968e-05,0.0002149882489009048,0.0002149882489009048,0.10047021508216858,1.0399313866380572e-05,1.254919635538962e-05,False,0.00013624338316731155,7.252295970916748,0.3229639232158661,1.4756659538761596e-06,0.0,0.05,0.001995657803490758,0.8,8.180960867321119e-05,0.008685512468218803,0.027600688859820366,0.00885202456265688,0.005477800965309143,-6.103515470812226e-09,0.9999995231628418,7.076199054718018,node_conditioned,25,True,True,False,-71.23252868652344,6.300563812255859,2.1452486515045166,2.6407580375671387,1.3837006092071533,2.419130802154541,-73.17420196533203,4.722369194030762,0.7375789075218389,-74.4353256225586,1.840197205543518,7.302067284165048e-10,3.112712420261232e-06,9.728835721034557e-06,0.027600688859820366,1.1937146382479114e-06,4.32494352520058e-05,100,0.2,0.2175,0.1,856,curvature_stage2_mpnn_v3_5_edge_gain,True,,,,,normalized_degree|time_since_last_tx|consecutive_tx_attempts|congestion_ewma|self_information_increment,,,,,,,,,,,,,,,,0.10047021508216858,0.026005325838923454,0.0,mpnn,5,4,16,curvature_attention_max,32,38,342400,none,normalized_version_gap_with_gain,,3424.0,0.4212227165699005,0.4212227165699005,0.3053259253501892,,,,,0.5,0.0,,,,0.10047021508216858,0.026005325838923454,0.06434711813926697,0.07392375841736792,0.09413646161556244,0.13685045540332794,0.17716637253761292,0.025981716811656952,0.026005325838923454,0.02572397142648697
61,6.376612867228687,0.10172499986831099,0.10087324934767548,0.1,0.0008732493476754782,0.008732492603505521,0.008732492603505521,0.10172076523303986,1.254919635538962e-05,9.987412239044484e-05,False,0.00042788725113496184,7.112746715545654,0.3262382745742798,-5.135919991516857e-07,0.0,0.05,0.0023606824688613415,0.8,0.00032258505234494805,0.018562285229563713,0.02770053781569004,0.017206478863954544,0.006496545858681202,-1.831054774470431e-08,0.9999995231628418,8.269278526306152,node_conditioned,25,True,True,False,-70.44416046142578,5.730451583862305,2.1179449558258057,2.4916932582855225,1.4245449304580688,2.506283760070801,-70.2787857055664,3.883610486984253,0.5835248386676571,-71.5574951171875,2.0409018993377686,-5.315450857246162e-11,3.781623718168703e-06,1.1739771252905484e-05,0.02770053781569004,1.5432422060257522e-06,5.57116132249065e-05,100,0.2,0.18,0.05,1046,curvature_stage2_mpnn_v3_5_edge_gain,True,,,,,normalized_degree|time_since_last_tx|consecutive_tx_attempts|congestion_ewma|self_information_increment,,,,,,,,,,,,,,,,0.10172076523303986,0.022675061598420143,0.0,mpnn,5,4,16,curvature_attention_max,32,38,418400,none,normalized_version_gap_with_gain,,4184.0,0.4850667417049408,0.4850667417049408,0.3512057065963745,,,,,0.5,0.0,,,,0.10172076523303986,0.022675061598420143,0.06442210078239441,0.07828187644481659,0.09711763262748718,0.13029379546642303,0.1775042712688446,0.022645020857453346,0.022675061598420143,0.022312048822641373
62,6.730738378167152,0.10352499998640269,0.10219912466703909,0.1,0.0021991246670390874,0.021991244471266425,0.021991244471266425,0.10353793948888779,9.987412239044484e-05,0.0003197865671031091,False,0.001047092373482883,7.198914051055908,0.3295955955982208,-2.8298330789766624e-07,0.0,0.05,0.0018127125222235918,0.8,0.0008956535020843148,0.03174199163913727,0.026248961687088013,0.05366424471139908,0.006193155888468027,1.2207030941624453e-08,0.9999996423721313,7.305051326751709,node_conditioned,25,True,True,False,-72.03864288330078,5.9122395515441895,2.1588549613952637,2.7299914360046387,1.4582940340042114,2.664468765258789,-72.20939636230469,4.376377105712891,0.6293262385172638,-73.24144744873047,2.2409324645996094,1.292652429540908e-09,3.0352321118698455e-05,9.343363490188494e-05,0.026248961687088013,1.2294641237531323e-05,0.00046838563369623777,100,0.2,0.205,0.03,1006,curvature_stage2_mpnn_v3_5_edge_gain,True,,,,,normalized_degree|time_since_last_tx|consecutive_tx_attempts|congestion_ewma|self_information_increment,,,,,,,,,,,,,,,,0.10353793948888779,0.021204710006713867,0.0,mpnn,5,4,16,curvature_attention_max,32,38,402400,none,normalized_version_gap_with_gain,,4024.0,0.46698978543281555,0.46698978543281555,0.3423737585544586,,,,,0.5,0.0,,,,0.10353793948888779,0.021204710006713867,0.06425684690475464,0.07706873416900634,0.10211534798145294,0.1310632586479187,0.1766127347946167,0.021169014275074005,0.021204710006713867,0.020789379253983498
63,7.398967443853617,0.09524999983608723,0.09872456225156316,0.1,-0.0012754377484368445,-0.012754376208930825,-0.012754376208930825,0.09426833689212799,0.0003197865671031091,0.00019224280501380087,False,0.00013154951739124954,6.276826858520508,0.3083200454711914,6.863632279419107e-06,0.0,0.05,0.0014207852073013783,0.8,0.0,0.0,0.024683954194188118,0.01933031901717186,0.005445320624858141,-3.662109548940862e-08,0.9999995231628418,7.687106609344482,node_conditioned,25,True,True,False,-73.31591033935547,6.575809955596924,2.190884590148926,2.7592339515686035,1.4141463041305542,2.319753646850586,-74.53691101074219,4.9893412590026855,0.7838291099325572,-75.31440734863281,2.4552664756774902,-3.139236923743738e-07,9.357088129036129e-05,0.0002993171801790595,0.024683954194188118,3.600142736104317e-05,0.0014584945545140502,100,0.2,0.1625,0.04,1036,curvature_stage2_mpnn_v3_5_edge_gain,True,,,,,normalized_degree|time_since_last_tx|consecutive_tx_attempts|congestion_ewma|self_information_increment,,,,,,,,,,,,,,,,0.09426833689212799,0.023617172613739967,0.0,mpnn,5,4,16,curvature_attention_max,32,38,414400,none,normalized_version_gap_with_gain,,4144.0,0.45119789242744446,0.45119789242744446,0.333962619304657,,,,,0.5,0.0,,,,0.09426833689212799,0.023617172613739967,0.06398260593414307,0.06699391603469848,0.09413403272628784,0.1290835916996002,0.1759096086025238,0.023585287854075432,0.023617172613739967,0.02329292520880699
64,6.482937617488205,0.09632499992381781,0.09752478108769048,0.1,-0.002475218912309521,-0.024752186647876543,-0.024752186647876543,0.0978897213935852,0.00019224280501380087,0.0,False,7.191028271336108e-05,6.725595951080322,0.31721585988998413,-2.9662123779417016e-06,0.0,0.05,0.0013652074849233031,0.8,0.0,0.0,0.03130771592259407,0.02654062956571579,0.0048282332718372345,0.0,0.9999996423721313,7.68671989440918,node_conditioned,25,True,True,False,-72.05187225341797,6.049936294555664,2.247326374053955,2.651294469833374,1.4777100086212158,2.544106960296631,-71.8414535522461,4.0855207443237305,0.6122285114107997,-73.15493774414062,2.0416932106018066,3.008069597854046e-07,5.647227226290852e-05,0.00017996205133385956,0.03130771592259407,2.192103238485288e-05,0.0007001796438058432,100,0.2,0.1825,0.06,942,curvature_stage2_mpnn_v3_5_edge_gain,True,,,,,normalized_degree|time_since_last_tx|consecutive_tx_attempts|congestion_ewma|self_information_increment,,,,,,,,,,,,,,,,0.0978897213935852,0.023800676688551903,0.0,mpnn,5,4,16,curvature_attention_max,32,38,376800,none,normalized_version_gap_with_gain,,3768.0,0.4552927613258362,0.4552927613258362,0.3276636302471161,,,,,0.5,0.0,,,,0.0978897213935852,0.023800676688551903,0.06380504369735718,0.07153043448925019,0.09169082343578339,0.13517839908599852,0.17506197094917297,0.023775696754455566,0.023800676688551903,0.02346455678343773
65,7.5596396362409,0.09919999988749623,0.09836239048759335,0.1,-0.001637609512406657,-0.01637609348645722,-0.01637609348645722,0.09866908937692642,0.0,0.0,False,2.0260753444745205e-05,6.533013820648193,0.3201525807380676,-3.5897544421459315e-06,0.0,0.05,0.0012821523705497384,0.8,7.637295311724301e-07,0.0002478070091456175,0.027103407308459282,0.022824611514806747,0.004190152045339346,4.882812376649781e-08,0.9999995827674866,7.809851169586182,node_conditioned,25,True,True,False,-74.35267639160156,6.622833728790283,2.034597635269165,2.9083914756774902,1.3929082155227661,2.280133008956909,-75.73737335205078,5.033465385437012,0.7947958191441549,-77.53911590576172,1.9060553312301636,0.0,0.0,0.0,0.027103407308459282,0.0,0.0,100,0.2,0.2175,0.03,956,curvature_stage2_mpnn_v3_5_edge_gain,True,,,,,normalized_degree|time_since_last_tx|consecutive_tx_attempts|congestion_ewma|self_information_increment,,,,,,,,,,,,,,,,0.09866908937692642,0.02093599922955036,0.0,mpnn,5,4,16,curvature_attention_max,32,38,382400,none,normalized_version_gap_with_gain,,3824.0,0.4394024908542633,0.4394024908542633,0.32316771149635315,,,,,0.5,0.0,,,,0.09866908937692642,0.02093599922955036,0.06378844380378723,0.07277873456478119,0.09719520807266235,0.12262491583824157,0.17625164985656738,0.02090313658118248,0.02093599922955036,0.020548086613416672
66,6.7411320734024045,0.09812500005587936,0.09824369527173635,0.1,-0.001756304728263658,-0.017563045526332026,-0.017563045526332026,0.09798627346754074,0.0,0.0,False,2.4438277250737883e-05,6.680195331573486,0.318780779838562,3.5606731216830667e-06,0.0,0.05,0.001956778112798929,0.8,2.4875418391800963e-10,1.0356305892855744e-06,0.027806270867586136,0.022577524185180664,0.005326947197318077,-1.525878978725359e-08,0.9999996423721313,7.414633750915527,node_conditioned,25,True,True,False,-72.98095703125,6.066506385803223,2.1818184852600098,2.6893744468688965,1.4433177709579468,2.5690860748291016,-73.12928771972656,4.073811054229736,0.6023000269835326,-75.79379272460938,2.13702392578125,0.0,0.0,0.0,0.027806270867586136,0.0,0.0,100,0.2,0.1925,0.03,960,curvature_stage2_mpnn_v3_5_edge_gain,True,,,,,normalized_degree|time_since_last_tx|consecutive_tx_attempts|congestion_ewma|self_information_increment,,,,,,,,,,,,,,,,0.09798627346754074,0.021463114768266678,0.0,mpnn,5,4,16,curvature_attention_max,32,38,384000,none,normalized_version_gap_with_gain,,3840.0,0.4632721245288849,0.4632721245288849,0.3345935344696045,,,,,0.5,0.0,,,,0.09798627346754074,0.021463114768266678,0.0638154149055481,0.07210249900817871,0.0959305614233017,0.12732796370983124,0.17620855569839478,0.021429196000099182,0.021463114768266678,0.02103554643690586
67,6.669085599221289,0.10464999990072102,0.10144684758622868,0.1,0.0014468475862286778,0.014468474415439336,0.014468474415439336,0.10567466169595718,0.0,0.00014468474415439337,False,0.0025949086993932724,6.659585952758789,0.3329606056213379,-3.124315071545425e-06,0.0,0.05,0.0016215094365179539,0.8,0.0024790430907160044,0.05442193150520325,0.028059205040335655,0.09398991614580154,0.005584818311035633,0.0,0.9999995827674866,7.581508159637451,node_conditioned,25,True,True,False,-73.45950317382812,6.1327714920043945,2.1232476234436035,2.7816760540008545,1.4259065389633179,2.574012041091919,-73.37613677978516,4.341802597045898,0.6485358705875939,-75.3778076171875,1.9382940530776978,0.0,0.0,0.0,0.028059205040335655,0.0,0.0,100,0.2,0.18,0.06,1132,curvature_stage2_mpnn_v3_5_edge_gain,True,,,,,normalized_degree|time_since_last_tx|consecutive_tx_attempts|congestion_ewma|self_information_increment,,,,,,,,,,,,,,,,0.10567466169595718,0.02747359685599804,0.0,mpnn,5,4,16,curvature_attention_max,32,38,452800,none,normalized_version_gap_with_gain,,4528.0,0.48849382996559143,0.48849382996559143,0.3622715473175049,,,,,0.5,0.0,,,,0.10567466169595718,0.02747359685599804,0.06385427713394165,0.07200274169445038,0.10262642800807953,0.14336918294429776,0.1779753565788269,0.027443142607808113,0.02747359685599804,0.02708679996430874
68,7.062998999655247,0.10004999982658774,0.10074842370640821,0.1,0.0007484237064082078,0.0074842363156584464,0.0074842363156584464,0.09952734410762787,0.00014468474415439337,0.00021952710731097783,False,0.0001363224582746625,6.431080341339111,0.3211379051208496,4.509389327722602e-06,0.0,0.05,0.0011023418046534061,0.8,2.5951367206289433e-06,0.0005269176326692104,0.026430247351527214,0.018692290410399437,0.004829565063118935,6.103515470812226e-09,0.9999995231628418,8.201971054077148,node_conditioned,25,True,True,False,-74.40501403808594,5.935268402099609,2.1622743606567383,2.9683403968811035,1.4328842163085938,2.521749973297119,-74.76476287841797,4.39894437789917,0.6713701042549921,-75.94430541992188,1.6448336839675903,-7.561968118352524e-08,4.3319429096300155e-05,0.00013545177353080362,0.026430247351527214,1.6890835468075238e-05,0.0006390719259152139,100,0.2,0.185,0.04,946,curvature_stage2_mpnn_v3_5_edge_gain,True,,,,,normalized_degree|time_since_last_tx|consecutive_tx_attempts|congestion_ewma|self_information_increment,,,,,,,,,,,,,,,,0.09952734410762787,0.01892646960914135,0.0,mpnn,5,4,16,curvature_attention_max,32,38,378400,none,normalized_version_gap_with_gain,,3784.0,0.4439086318016052,0.4439086318016052,0.3263048827648163,,,,,0.5,0.0,,,,0.09952734410762787,0.01892646960914135,0.06364724040031433,0.07409256994724273,0.09951888024806976,0.12211859524250031,0.1761288344860077,0.018890362232923508,0.01892646960914135,0.01840265281498432
69,6.388833335675299,0.09945000000763685,0.10009921185702253,0.1,9.921185702252422e-05,0.0009921184710133951,0.0009921184710133951,0.09900821000337601,0.00021952710731097783,0.0002294482920211118,False,7.435758743667975e-05,7.161178112030029,0.3202216923236847,-3.5567899203670095e-07,0.0,0.05,0.0011435395572334528,0.8,7.499494927287742e-07,0.0002481823321431875,0.027604246512055397,0.0224610585719347,0.004441979806870222,6.103515470812226e-09,0.9999995827674866,7.726020812988281,node_conditioned,25,True,True,False,-73.1474838256836,5.850152969360352,2.1669180393218994,2.6282052993774414,1.4294015169143677,2.6377649307250977,-72.57213592529297,3.845078229904175,0.5293893269595219,-74.27974700927734,2.3758621215820312,-9.69842872677873e-08,6.553273851750419e-05,0.0002055989025393501,0.027604246512055397,2.5885105060297064e-05,0.0009377215086011267,100,0.2,0.17,0.04,1076,curvature_stage2_mpnn_v3_5_edge_gain,True,,,,,normalized_degree|time_since_last_tx|consecutive_tx_attempts|congestion_ewma|self_information_increment,,,,,,,,,,,,,,,,0.09900821000337601,0.020806297659873962,0.0,mpnn,5,4,16,curvature_attention_max,32,38,430400,none,normalized_version_gap_with_gain,,4304.0,0.4844991862773895,0.4844991862773895,0.3548431694507599,,,,,0.5,0.0,,,,0.09900821000337601,0.020806297659873962,0.06336134672164917,0.07078668475151062,0.09784211218357086,0.12552768290042876,0.1757824718952179,0.020765550434589386,0.020806297659873962,0.020331518724560738
70,7.285828547328711,0.09627499999944121,0.09818710592823188,0.1,-0.0018128940717681286,-0.018128938904787395,-0.018128938904787395,0.09729611873626709,0.0002294482920211118,4.8158902973237844e-05,False,3.190692586940713e-05,7.710571765899658,0.31706610321998596,2.6809518658410525e-06,0.0,0.05,0.0010800330201163888,0.8,0.0,0.0,0.024038197472691536,0.020172884687781334,0.003939136862754822,-6.103515470812226e-09,0.9999997019767761,7.328001499176025,node_conditioned,25,True,True,False,-74.77153015136719,6.319090366363525,2.0966320037841797,2.7268595695495605,1.400852918624878,2.691314220428467,-75.44437408447266,4.665274143218994,0.6672067444439902,-75.00334930419922,1.8308879137039185,2.3429244322414888e-07,6.749371823389083e-05,0.00021487422054633498,0.024038197472691536,2.5603780159144662e-05,0.001065128512108554,100,0.2,0.18,0.05,1030,curvature_stage2_mpnn_v3_5_edge_gain,True,,,,,normalized_degree|time_since_last_tx|consecutive_tx_attempts|congestion_ewma|self_information_increment,,,,,,,,,,,,,,,,0.09729611873626709,0.020351290702819824,0.0,mpnn,5,4,16,curvature_attention_max,32,38,412000,none,normalized_version_gap_with_gain,,4120.0,0.44444137811660767,0.44444137811660767,0.33102571964263916,,,,,0.5,0.0,,,,0.09729611873626709,0.020351290702819824,0.06336241960525513,0.07748924195766449,0.09316562116146088,0.12001492381095885,0.17597219347953796,0.02031123638153076,0.020351290702819824,0.01988111436367035
71,7.501632317751646,0.10049999995622784,0.09934355294222985,0.1,-0.0006564470577701542,-0.00656446992125455,-0.00656446992125455,0.10067035257816315,4.8158902973237844e-05,0.0,False,0.00013822331675328314,6.708881378173828,0.32452020049095154,-1.0029057193605695e-06,0.0,0.05,0.0010807968210428953,0.8,0.00011852184979943559,0.010202161967754364,0.026754718273878098,0.0077230054885149,0.003834117203950882,-5.7983399415206804e-08,0.9999995231628418,7.653891563415527,node_conditioned,25,True,True,False,-75.00421905517578,6.592754364013672,2.084576368331909,2.5823814868927,1.3893121480941772,2.3974242210388184,-76.1427001953125,4.850107669830322,0.7556643242692274,-77.28523254394531,1.7140967845916748,8.203688395269637e-09,1.4450867638515774e-05,4.51088635600172e-05,0.026754718273878098,5.568562301050406e-06,0.00020813376402283463,100,0.2,0.185,0.02,898,curvature_stage2_mpnn_v3_5_edge_gain,True,,,,,normalized_degree|time_since_last_tx|consecutive_tx_attempts|congestion_ewma|self_information_increment,,,,,,,,,,,,,,,,0.10067035257816315,0.020604413002729416,0.0,mpnn,5,4,16,curvature_attention_max,32,38,359200,none,normalized_version_gap_with_gain,,3592.0,0.43307167291641235,0.43307167291641235,0.31334003806114197,,,,,0.5,0.0,,,,0.10067035257816315,0.020604413002729416,0.06326651573181152,0.07315971255302428,0.10065071657299995,0.12281118333339691,0.17689016461372375,0.020567212253808975,0.020604413002729416,0.020101238042116165
72,7.426356292553246,0.09545000012498349,0.09739677653360668,0.1,-0.0026032234663933285,-0.026032232060710078,-0.026032232060710078,0.09686222672462463,0.0,0.0,False,2.8936854505445808e-05,6.305718898773193,0.3163180649280548,3.0921987672627438e-06,0.0,0.05,0.001343629672192037,0.8,0.0,0.0,0.024068595841526985,0.01974688284099102,0.004362644627690315,-3.051757957450718e-08,0.9999997019767761,7.954916954040527,node_conditioned,25,True,True,False,-74.8385009765625,6.291757106781006,2.0364885330200195,2.6006875038146973,1.3434884548187256,2.4155964851379395,-75.78675079345703,4.591925621032715,0.7232681923367208,-75.91354370117188,2.475672960281372,0.0,0.0,0.0,0.024068595841526985,0.0,0.0,100,0.2,0.1825,0.04,1042,curvature_stage2_mpnn_v3_5_edge_gain,True,,,,,normalized_degree|time_since_last_tx|consecutive_tx_attempts|congestion_ewma|self_information_increment,,,,,,,,,,,,,,,,0.09686222672462463,0.019766060635447502,0.0,mpnn,5,4,16,curvature_attention_max,32,38,416800,none,normalized_version_gap_with_gain,,4168.0,0.4532410502433777,0.4532410502433777,0.33805137872695923,,,,,0.5,0.0,,,,0.09686222672462463,0.019766060635447502,0.06317660212516785,0.07095038294792175,0.09504510462284088,0.12067160010337828,0.1782936453819275,0.01972312666475773,0.019766060635447502,0.019232643768191338
73,7.409076018892229,0.09767499996349216,0.09753588824854942,0.1,-0.0024641117514505873,-0.024641115050394367,-0.024641115050394367,0.09664076566696167,0.0,0.0,False,2.9957082006148994e-05,8.010570526123047,0.3155161738395691,1.241033942278591e-06,0.0,0.05,0.0017270713578909636,0.8,0.0,0.0,0.02478550374507904,0.020043453201651573,0.004919697530567646,-1.2207030941624453e-08,0.9999997019767761,7.142745494842529,node_conditioned,25,True,True,False,-75.58811950683594,6.458593368530273,2.226290225982666,2.847100019454956,1.3953039646148682,2.7969419956207275,-76.24089050292969,4.798264026641846,0.6602193424313951,-73.10298919677734,2.1106655597686768,0.0,0.0,0.0,0.02478550374507904,0.0,0.0,100,0.2,0.1875,0.04,1008,curvature_stage2_mpnn_v3_5_edge_gain,True,,,,,normalized_degree|time_since_last_tx|consecutive_tx_attempts|congestion_ewma|self_information_increment,,,,,,,,,,,,,,,,0.09664076566696167,0.02236573025584221,0.0,mpnn,5,4,16,curvature_attention_max,32,38,403200,none,normalized_version_gap_with_gain,,4032.0,0.4514358937740326,0.4514358937740326,0.33435288071632385,,,,,0.5,0.0,,,,0.09664076566696167,0.02236573025584221,0.06323564052581787,0.07162480652332306,0.09253188967704773,0.12330767810344695,0.17889681458473206,0.022322043776512146,0.02236573025584221,0.02185719832777977
74,6.421128786504268,0.09917500000447035,0.09835544412650989,0.1,-0.0016445558734901194,-0.016445557090345484,-0.016445557090345484,0.10011722147464752,0.0,0.0,False,0.0001412215642631054,7.511414051055908,0.3232118487358093,2.862240307877073e-06,0.0,0.05,0.0022072610445320606,0.8,8.94766635610722e-05,0.00762846227735281,0.02498900517821312,0.007417512591928244,0.0058146691881120205,-9.155273872352154e-09,0.9999996423721313,8.245737075805664,node_conditioned,25,True,True,False,-74.23347473144531,5.7056355476379395,2.1822397708892822,3.0014352798461914,1.4037212133407593,2.6287343502044678,-73.56607818603516,3.7101964950561523,0.49800481308975597,-76.72308349609375,2.528870105743408,0.0,0.0,0.0,0.02498900517821312,0.0,0.0,100,0.2,0.1975,0.04,1102,curvature_stage2_mpnn_v3_5_edge_gain,True,,,,,normalized_degree|time_since_last_tx|consecutive_tx_attempts|congestion_ewma|self_information_increment,,,,,,,,,,,,,,,,0.10011722147464752,0.022689102217555046,0.0,mpnn,5,4,16,curvature_attention_max,32,38,440800,none,normalized_version_gap_with_gain,,4408.0,0.4905983507633209,0.4905983507633209,0.3651151955127716,,,,,0.5,0.0,,,,0.10011722147464752,0.022689102217555046,0.06341540813446045,0.07451549470424652,0.09645737707614899,0.13154743015766143,0.17859694361686707,0.022640153765678406,0.022689102217555046,0.02214154228568077
75,6.786923735756427,0.09942500020843,0.09889022216746994,0.1,-0.001109777832530065,-0.011097777215522929,-0.011097777215522929,0.09966543316841125,0.0,0.0,False,8.544282900402322e-05,7.0934157371521,0.3236505389213562,-1.6573593484281446e-06,0.0,0.05,0.002448697341606021,0.8,2.8620759621844627e-05,0.004027380142360926,0.03054412268102169,0.019455084577202797,0.006242732983082533,-6.103515470812226e-09,0.9999995827674866,7.969264984130859,node_conditioned,25,True,True,False,-74.97858428955078,6.105221271514893,2.060926914215088,2.6394495964050293,1.373525857925415,2.6770572662353516,-74.79019165039062,4.371463775634766,0.6249737874558943,-75.9435043334961,1.8227543830871582,0.0,0.0,0.0,0.03054412268102169,0.0,0.0,100,0.2,0.1575,0.01,990,curvature_stage2_mpnn_v3_5_edge_gain,True,,,,,normalized_degree|time_since_last_tx|consecutive_tx_attempts|congestion_ewma|self_information_increment,,,,,,,,,,,,,,,,0.09966543316841125,0.015213997103273869,0.0,mpnn,5,4,16,curvature_attention_max,32,38,396000,none,normalized_version_gap_with_gain,,3960.0,0.4698597192764282,0.4698597192764282,0.33713775873184204,,,,,0.5,0.0,,,,0.09966543316841125,0.015213997103273869,0.06351998448371887,0.08027808070182801,0.10009084641933441,0.11922962665557861,0.14662715792655945,0.015148532576858997,0.015213997103273869,0.014317830093204975
76,6.927061602845788,0.1017749999789521,0.10033261107321102,0.1,0.00033261107321101713,0.0033261103994991314,0.0033261103994991314,0.10046853870153427,0.0,3.3261103994991315e-05,False,0.00021063711028546095,6.837587356567383,0.3240015506744385,-2.0114546259719646e-06,0.0,0.05,0.002650252543389797,0.8,0.00012109323142794892,0.009809859097003937,0.02429097704589367,0.0052404445596039295,0.006678053643554449,-1.2207030941624453e-08,0.9999997019767761,7.567502021789551,node_conditioned,25,True,True,False,-75.07931518554688,6.17686653137207,2.133357286453247,2.7849836349487305,1.3649873733520508,2.622225522994995,-75.17046356201172,4.489089012145996,0.6587884901569301,-77.35276794433594,2.259908676147461,0.0,0.0,0.0,0.02429097704589367,0.0,0.0,100,0.2,0.1825,0.04,1076,curvature_stage2_mpnn_v3_5_edge_gain,True,,,,,normalized_degree|time_since_last_tx|consecutive_tx_attempts|congestion_ewma|self_information_increment,,,,,,,,,,,,,,,,0.10046853870153427,0.02169116400182247,0.0,mpnn,5,4,16,curvature_attention_max,32,38,430400,none,normalized_version_gap_with_gain,,4304.0,0.4695661664009094,0.4695661664009094,0.3434828817844391,,,,,0.5,0.0,,,,0.10046853870153427,0.02169116400182247,0.06353488564491272,0.0736077442765236,0.09794089198112488,0.1281840533018112,0.18087196350097656,0.021641209721565247,0.02169116400182247,0.021051770076155663
77,7.223020206727088,0.09654999987687915,0.0984413054750451,0.1,-0.0015586945249549122,-0.015586943690854753,-0.015586943690854753,0.09789899736642838,3.3261103994991315e-05,0.0,False,0.00010176264913752675,6.114096641540527,0.31736519932746887,3.7551146760961274e-06,0.0,0.05,0.0030784658156335354,0.8,0.0,0.0,0.02953001670539379,0.022298449650406837,0.007355670444667339,-1.831054774470431e-08,0.9999995827674866,7.92323637008667,node_conditioned,25,True,True,False,-75.1209716796875,6.2702484130859375,2.2230613231658936,2.945678472518921,1.376196265220642,2.399172067642212,-75.74588012695312,4.449831962585449,0.7093063529325028,-77.90167236328125,2.291879653930664,4.486949833903964e-08,9.7899037427851e-06,3.114946957794018e-05,0.02953001670539379,4.0373511183133814e-06,0.00013672019868427485,100,0.2,0.165,0.07,918,curvature_stage2_mpnn_v3_5_edge_gain,True,,,,,normalized_degree|time_since_last_tx|consecutive_tx_attempts|congestion_ewma|self_information_increment,,,,,,,,,,,,,,,,0.09789899736642838,0.02595963142812252,0.0,mpnn,5,4,16,curvature_attention_max,32,38,367200,none,normalized_version_gap_with_gain,,3672.0,0.4421257972717285,0.4421257972717285,0.32260966300964355,,,,,0.5,0.0,,,,0.09789899736642838,0.02595963142812252,0.0634322464466095,0.07276452481746673,0.09255054593086243,0.13851065039634702,0.18227222561836243,0.025917846709489822,0.02595963142812252,0.025415634736418724
78,7.105152521207929,0.0969249999569729,0.097683152716009,0.1,-0.002316847283991008,-0.02316847052306303,-0.02316847052306303,0.09601263701915741,0.0,0.0,False,9.120254981098697e-05,6.751290798187256,0.3148949146270752,-5.4701972658222076e-06,0.0,0.05,0.003398269647732377,0.8,0.0,0.0,0.030750727280974388,0.02332974411547184,0.007609501946717501,-1.2207030941624453e-08,0.9999996423721313,7.73204231262207,node_conditioned,25,True,True,False,-74.98541259765625,6.281121253967285,2.2352142333984375,2.8444511890411377,1.3838332891464233,2.584481954574585,-75.35099792480469,4.383238315582275,0.6523382791969554,-75.80091094970703,2.5995821952819824,0.0,0.0,0.0,0.030750727280974388,0.0,0.0,100,0.2,0.1625,0.02,916,curvature_stage2_mpnn_v3_5_edge_gain,True,,,,,normalized_degree|time_since_last_tx|consecutive_tx_attempts|congestion_ewma|self_information_increment,,,,,,,,,,,,,,,,0.09601263701915741,0.019083745777606964,0.0,mpnn,5,4,16,curvature_attention_max,32,38,366400,none,normalized_version_gap_with_gain,,3664.0,0.4396241307258606,0.4396241307258606,0.32370078563690186,,,,,0.5,0.0,,,,0.09601263701915741,0.019083745777606964,0.06359153985977173,0.07309138178825379,0.09341759979724884,0.12370707988739013,0.15964221954345703,0.019025001674890518,0.019083745777606964,0.018322881311178207
79,6.62315530769527,0.10257499985396862,0.10012907628498881,0.1,0.0001290762849888022,0.00129076272081175,0.00129076272081175,0.10320311039686203,0.0,1.29076272081175e-05,False,0.0011895634233951569,6.621978282928467,0.3292247951030731,-8.577104608775699e-07,0.0,0.05,0.0036946332547813654,0.8,0.001008762395940721,0.032750967890024185,0.02905462309718132,0.05528613552451134,0.008764447644352913,6.103515470812226e-09,0.9999995231628418,7.896903991699219,node_conditioned,25,True,True,False,-74.3475341796875,6.040682792663574,2.0692520141601562,2.727278709411621,1.359351634979248,2.5596656799316406,-73.97373962402344,3.9457592964172363,0.5791713365817508,-74.64380645751953,2.072053909301758,0.0,0.0,0.0,0.02905462309718132,0.0,0.0,100,0.2,0.165,0.01,932,curvature_stage2_mpnn_v3_5_edge_gain,True,,,,,normalized_degree|time_since_last_tx|consecutive_tx_attempts|congestion_ewma|self_information_increment,,,,,,,,,,,,,,,,0.10320311039686203,0.02267412468791008,0.0,mpnn,5,4,16,curvature_attention_max,32,38,372800,none,normalized_version_gap_with_gain,,3728.0,0.4537065327167511,0.4537065327167511,0.32390955090522766,,,,,0.5,0.0,,,,0.10320311039686203,0.02267412468791008,0.06353780627250671,0.072966668009758,0.10331715643405914,0.13132545948028565,0.18310174345970154,0.022604050114750862,0.02267412468791008,0.02189015969634056
80,6.926041909009218,0.10617500005755573,0.10315203817127228,0.1,0.00315203817127227,0.03152037856068485,0.03152037856068485,0.1073794886469841,1.29076272081175e-05,0.000328111412814966,False,0.0037275319918990135,6.211244583129883,0.33633697032928467,-7.196419119281927e-06,0.0,0.05,0.0021588674280792475,0.8,0.003463961184024811,0.06385655701160431,0.025903264060616493,0.14792506396770477,0.007901893928647041,2.4414061883248905e-08,0.9999995827674866,7.640486240386963,node_conditioned,25,True,True,False,-75.31654357910156,6.285616397857666,2.028263568878174,2.831306219100952,1.3137561082839966,2.4974489212036133,-75.44241333007812,4.499271392822266,0.6918878692082406,-78.48247528076172,1.9331932067871094,1.554718842555758e-08,3.9668575482210144e-06,1.2084798981959466e-05,0.025903264060616493,1.736864874146704e-06,6.705194370728002e-05,100,0.2,0.175,0.03,964,curvature_stage2_mpnn_v3_5_edge_gain,True,,,,,normalized_degree|time_since_last_tx|consecutive_tx_attempts|congestion_ewma|self_information_increment,,,,,,,,,,,,,,,,0.1073794886469841,0.022559404373168945,0.0,mpnn,5,4,16,curvature_attention_max,32,38,385600,none,normalized_version_gap_with_gain,,3856.0,0.45535188913345337,0.45535188913345337,0.3310115337371826,,,,,0.5,0.0,,,,0.1073794886469841,0.022559404373168945,0.06373360753059387,0.08038250803947448,0.10504186153411865,0.13697681725025176,0.18471837043762207,0.022490452975034714,0.022559404373168945,0.02173803187906742
81,7.212584354318678,0.09904999988619238,0.10110101902873234,0.1,0.0011010190287323307,0.011010189186304389,0.011010189186304389,0.09904634952545166,0.000328111412814966,0.0004382133046780099,False,0.0002364329993724823,5.979963302612305,0.31831249594688416,8.141504622471984e-06,0.0,0.05,0.00118346163071692,0.8,1.2368519719530013e-07,5.401297312346287e-05,0.027103599160909653,0.01893767900764942,0.005954123102128506,1.3732909920349812e-08,0.9999996423721313,7.989683151245117,node_conditioned,25,True,True,False,-75.35757446289062,6.281185150146484,2.083519220352173,2.830787420272827,1.3501901626586914,2.3805229663848877,-75.95526123046875,4.651171684265137,0.738048982102425,-78.71141052246094,1.9838640689849854,-1.1943047661944206e-09,9.775338548934087e-05,0.00030741197406314313,0.027103599160909653,4.052627627970651e-05,0.0014952354145571054,100,0.2,0.1775,0.05,1006,curvature_stage2_mpnn_v3_5_edge_gain,True,,,,,normalized_degree|time_since_last_tx|consecutive_tx_attempts|congestion_ewma|self_information_increment,,,,,,,,,,,,,,,,0.09904634952545166,0.02220306731760502,0.0,mpnn,5,4,16,curvature_attention_max,32,38,402400,none,normalized_version_gap_with_gain,,4024.0,0.45485106110572815,0.45485106110572815,0.3326990008354187,,,,,0.5,0.0,,,,0.09904634952545166,0.02220306731760502,0.0629655122756958,0.07664884030818939,0.09385901689529419,0.1294953644275665,0.1824292242527008,0.02214849926531315,0.02220306731760502,0.0214894600212574
82,7.366091162152588,0.09604999992065132,0.09857550947469182,0.1,-0.0014244905253081863,-0.01424490382859148,-0.01424490382859148,0.09495518356561661,0.0004382133046780099,0.0002957642663920951,False,0.0001304234901908785,6.099483013153076,0.31017982959747314,9.798232895263936e-06,0.0,0.05,0.0007603252888657153,0.8,0.0,0.0,0.028693540021777153,0.024726901203393936,0.0040341527201235294,1.831054774470431e-08,0.9999997019767761,8.336420059204102,node_conditioned,25,True,True,False,-75.5818862915039,6.156531810760498,2.0403754711151123,2.669618606567383,1.2941209077835083,2.412311315536499,-76.24046325683594,4.623232841491699,0.7277454007193109,-75.84471893310547,2.129761219024658,-4.797597625838534e-07,0.00012873904779553413,0.000410835345974192,0.028693540021777153,5.152290759724565e-05,0.001795626806656618,100,0.2,0.16,0.04,976,curvature_stage2_mpnn_v3_5_edge_gain,True,,,,,normalized_degree|time_since_last_tx|consecutive_tx_attempts|congestion_ewma|self_information_increment,,,,,,,,,,,,,,,,0.09495518356561661,0.02158905565738678,0.0,mpnn,5,4,16,curvature_attention_max,32,38,390400,none,normalized_version_gap_with_gain,,3904.0,0.4464612901210785,0.4464612901210785,0.32444775104522705,,,,,0.5,0.0,,,,0.09495518356561661,0.02158905565738678,0.06244128942489624,0.06782298088073731,0.09313447773456573,0.12706612646579743,0.1558433473110199,0.021543746814131737,0.02158905565738678,0.02094837836921215
83,6.980655306391418,0.09959999985527247,0.09908775466498215,0.1,-0.0009122453350178528,-0.009122452437933283,-0.009122452437933283,0.09875559061765671,0.0002957642663920951,0.00020453974201276224,False,5.2442548621911556e-05,5.906560897827148,0.31945955753326416,7.515818083447812e-07,0.0,0.05,0.0006574842263944447,0.8,8.591419486947416e-08,4.199109025648795e-05,0.02533809281885624,0.022019296884536743,0.0031762963626533747,2.1362303925798187e-08,0.9999995827674866,7.896563529968262,node_conditioned,25,True,True,False,-75.1047134399414,6.163729190826416,2.0492570400238037,2.6610448360443115,1.3192853927612305,2.427290201187134,-75.27584075927734,4.31917667388916,0.6841786203416054,-76.8760986328125,1.8787829875946045,-2.4974571033453685e-07,8.82734457263723e-05,0.0002773574960883707,0.02533809281885624,3.478232611087151e-05,0.0013727281146316533,100,0.2,0.2025,0.05,928,curvature_stage2_mpnn_v3_5_edge_gain,True,,,,,normalized_degree|time_since_last_tx|consecutive_tx_attempts|congestion_ewma|self_information_increment,,,,,,,,,,,,,,,,0.09875559061765671,0.0220551285892725,0.0,mpnn,5,4,16,curvature_attention_max,32,38,371200,none,normalized_version_gap_with_gain,,3712.0,0.4500138461589813,0.4500138461589813,0.3239045739173889,,,,,0.5,0.0,,,,0.09875559061765671,0.0220551285892725,0.062178581953048706,0.07637423574924469,0.09297001361846924,0.12729293704032899,0.1786869466304779,0.022011039778590202,0.0220551285892725,0.02141074277460575
84,7.1103659186139705,0.10005000002682209,0.09956887734590211,0.1,-0.00043112265409789297,-0.004311226109856319,-0.004311226109856319,0.09878572076559067,0.00020453974201276224,0.00016142748091419905,False,9.9476992545533e-06,6.081705570220947,0.320564866065979,-1.6926711623455049e-06,0.0,0.05,0.0006279106601141393,0.8,2.6793611596076516e-06,0.00042192908586002886,0.026262512430548668,0.022916272282600403,0.002701409626752138,-3.051757735406113e-09,0.9999996423721313,8.378839492797852,node_conditioned,25,True,True,False,-75.67076110839844,6.106347560882568,2.0135509967803955,2.823470115661621,1.2899514436721802,2.457794427871704,-75.97499084472656,4.414952754974365,0.6900875558782069,-78.05728912353516,2.3298163414001465,-2.5859415586637624e-07,6.12347066635266e-05,0.00019182713003829122,0.026262512430548668,2.393426802882459e-05,0.0009113468857425575,100,0.2,0.165,0.04,1026,curvature_stage2_mpnn_v3_5_edge_gain,True,,,,,normalized_degree|time_since_last_tx|consecutive_tx_attempts|congestion_ewma|self_information_increment,,,,,,,,,,,,,,,,0.09878572076559067,0.019228756427764893,0.0,mpnn,5,4,16,curvature_attention_max,32,38,410400,none,normalized_version_gap_with_gain,,4104.0,0.4660835564136505,0.4660835564136505,0.34253817796707153,,,,,0.5,0.0,,,,0.09878572076559067,0.019228756427764893,0.06215226650238037,0.0748369038105011,0.09768179059028625,0.12381716072559357,0.17905011773109436,0.019176874309778214,0.019228756427764893,0.018472159281373024
85,6.912973223477602,0.10294999977573753,0.10125943856081981,0.1,0.0012594385608198089,0.012594384348759653,0.012594384348759653,0.10057397931814194,0.00016142748091419905,0.0002873713244017956,False,0.00014124612789601088,6.93343448638916,0.3239169418811798,-4.403341790748527e-06,0.0,0.05,0.0007730965153314173,0.8,0.00013232762285042554,0.010145187377929688,0.024101518094539642,0.00645334692671895,0.002992878668010235,0.0,0.9999996423721313,7.822508335113525,node_conditioned,25,True,True,False,-75.35506439208984,6.098520278930664,2.0088438987731934,2.7362849712371826,1.3000800609588623,2.636925220489502,-75.28849029541016,4.418837070465088,0.6438936945323848,-75.6689224243164,2.133108139038086,-3.8355440779014316e-07,4.893164805253036e-05,0.0001513953466201201,0.024101518094539642,1.935263935592957e-05,0.000802963168145095,100,0.2,0.175,0.04,988,curvature_stage2_mpnn_v3_5_edge_gain,True,,,,,normalized_degree|time_since_last_tx|consecutive_tx_attempts|congestion_ewma|self_information_increment,,,,,,,,,,,,,,,,0.10057397931814194,0.022321108728647232,0.0,mpnn,5,4,16,curvature_attention_max,32,38,395200,none,normalized_version_gap_with_gain,,3952.0,0.4555262625217438,0.4555262625217438,0.3274412453174591,,,,,0.5,0.0,,,,0.10057397931814194,0.022321108728647232,0.062085509300231934,0.07208580672740937,0.09972043335437775,0.1293864771723747,0.17865526676177979,0.022270426154136658,0.022321108728647232,0.02161254547536373
86,7.277010852210224,0.09955000003334134,0.10040471929708059,0.1,0.0004047192970805802,0.0040471925660865455,0.0040471925660865455,0.09919735044240952,0.0002873713244017956,0.00032784325006266103,False,2.7504609533934854e-05,7.496981143951416,0.32118529081344604,1.4245286195091467e-07,0.0,0.05,0.000779379450250417,0.8,1.25468668557005e-05,0.0018254626775160432,0.0196184441447258,0.013891132548451424,0.0030334326438605785,9.155273872352154e-09,0.9999996423721313,7.319106101989746,node_conditioned,25,True,True,False,-75.9997787475586,6.392603397369385,2.0616068840026855,2.7927591800689697,1.2975890636444092,2.7010154724121094,-76.51128387451172,4.6029229164123535,0.6556605507765126,-76.99010467529297,2.126246690750122,-1.013405181993221e-07,8.583373710280284e-05,0.000269491458311677,0.0196184441447258,3.314145942567848e-05,0.001689300246655172,100,0.2,0.1725,0.06,974,curvature_stage2_mpnn_v3_5_edge_gain,True,,,,,normalized_degree|time_since_last_tx|consecutive_tx_attempts|congestion_ewma|self_information_increment,,,,,,,,,,,,,,,,0.09919735044240952,0.0209050253033638,0.0,mpnn,5,4,16,curvature_attention_max,32,38,389600,none,normalized_version_gap_with_gain,,3896.0,0.4462836980819702,0.4462836980819702,0.3296060860157013,,,,,0.5,0.0,,,,0.09919735044240952,0.0209050253033638,0.06217357516288757,0.07435054183006287,0.09608635306358337,0.12780615985393523,0.17843610048294067,0.02085241861641407,0.0209050253033638,0.02017509751021862
87,6.921516901962459,0.09707499978598207,0.09873985954153133,0.1,-0.0012601404584686726,-0.012601403324546394,-0.012601403324546394,0.0967264175415039,0.00032784325006266103,0.00020182921681719709,False,1.6046902601374313e-05,6.50034236907959,0.3155515491962433,2.7811731797555694e-06,0.0,0.05,0.0011760406196117401,0.8,0.0,0.0,0.02436894364655018,0.02056824415922165,0.003946774173527956,6.103515470812226e-09,0.9999997019767761,7.52120304107666,node_conditioned,25,True,True,False,-75.35909271240234,6.319464206695557,2.0811426639556885,2.7983896732330322,1.3015249967575073,2.5498106479644775,-75.53760528564453,4.957787036895752,0.7354911613462648,-80.45886993408203,2.0970494747161865,-1.1428042512307002e-07,9.687220881460235e-05,0.00030745548428967595,0.02436894364655018,3.777882375288755e-05,0.0015502850184228468,100,0.2,0.17,0.02,978,curvature_stage2_mpnn_v3_5_edge_gain,True,,,,,normalized_degree|time_since_last_tx|consecutive_tx_attempts|congestion_ewma|self_information_increment,,,,,,,,,,,,,,,,0.0967264175415039,0.022078393027186394,0.0,mpnn,5,4,16,curvature_attention_max,32,38,391200,none,normalized_version_gap_with_gain,,3912.0,0.45625898241996765,0.45625898241996765,0.3294913172721863,,,,,0.5,0.0,,,,0.0967264175415039,0.022078393027186394,0.062153369188308716,0.07042257487773895,0.09413576126098633,0.12972365617752074,0.1789822280406952,0.02203301154077053,0.022078393027186394,0.02136334218084812
88,7.263109600059688,0.1001500000525266,0.09944492979702896,0.1,-0.0005550702029710475,-0.005550701474640327,-0.005550701474640327,0.0992623046040535,0.00020182921681719709,0.0001463222020707938,False,2.1980720703140832e-05,5.711221218109131,0.3205777406692505,-5.533071544050472e-06,0.0,0.05,0.0011349321575835347,0.8,2.0129131371504627e-05,0.0026096897199749947,0.025096556171774864,0.018349571153521538,0.003679200541228056,2.2888183792701966e-08,0.9999995827674866,7.958871841430664,node_conditioned,25,True,True,False,-76.06201171875,6.457478046417236,2.1201117038726807,2.788943290710449,1.2987858057022095,2.3557355403900146,-76.56095123291016,4.886349201202393,0.7675743313764556,-77.3673095703125,2.641829490661621,-1.7916194394729246e-07,6.03719126957003e-05,0.00018930195074062794,0.025096556171774864,2.378387034696061e-05,0.0009476942058196554,100,0.2,0.1825,0.06,1038,curvature_stage2_mpnn_v3_5_edge_gain,True,,,,,normalized_degree|time_since_last_tx|consecutive_tx_attempts|congestion_ewma|self_information_increment,,,,,,,,,,,,,,,,0.0992623046040535,0.02538854442536831,0.0,mpnn,5,4,16,curvature_attention_max,32,38,415200,none,normalized_version_gap_with_gain,,4152.0,0.45495980978012085,0.45495980978012085,0.33599209785461426,,,,,0.5,0.0,,,,0.0992623046040535,0.02538854442536831,0.06206107139587402,0.06990687549114227,0.09596844017505646,0.13487885296344757,0.181451678276062,0.02534225955605507,0.02538854442536831,0.024740083143115044
89,7.087036861367523,0.09877499987836927,0.09910996483769911,0.1,-0.0008900351623008923,-0.00890035073297385,-0.00890035073297385,0.1005994901061058,0.0001463222020707938,5.73186947410553e-05,False,0.00017847816343419254,5.945582866668701,0.323783278465271,5.545355634239968e-06,0.0,0.05,0.0016025465447455645,0.8,0.00014241821190807968,0.011058902367949486,0.024723444133996964,0.0057565295137465,0.004785817116498947,-6.103515470812226e-09,0.9999995827674866,8.308320045471191,node_conditioned,25,True,True,False,-75.93508911132812,6.016077995300293,2.0299978256225586,2.7238192558288574,1.2738244533538818,2.4387829303741455,-76.08143615722656,4.127852439880371,0.6509416877761477,-76.56512451171875,1.9120879173278809,2.6696295662986813e-07,4.3547832319745794e-05,0.00013720830611418933,0.024723444133996964,1.7393733287462965e-05,0.0007035316826359236,100,0.2,0.165,0.01,954,curvature_stage2_mpnn_v3_5_edge_gain,True,,,,,normalized_degree|time_since_last_tx|consecutive_tx_attempts|congestion_ewma|self_information_increment,,,,,,,,,,,,,,,,0.1005994901061058,0.023815913125872612,0.0,mpnn,5,4,16,curvature_attention_max,32,38,381600,none,normalized_version_gap_with_gain,,3816.0,0.4599318206310272,0.4599318206310272,0.3383122384548187,,,,,0.5,0.0,,,,0.1005994901061058,0.023815913125872612,0.062286436557769775,0.07168465852737427,0.0978367030620575,0.13100773096084592,0.182054340839386,0.02376389689743519,0.023815913125872612,0.023033400997519493
90,6.902585867159068,0.10247499996330589,0.10079248240050251,0.1,0.0007924824005025033,0.007924823212542712,0.007924823212542712,0.10081648081541061,5.73186947410553e-05,0.00013656692686648243,False,0.00024392618797719479,7.258854866027832,0.3246929347515106,-1.746896828080935e-06,0.0,0.05,0.0015413026558235288,0.8,0.00018827218445949256,0.011861126869916916,0.02521774359047413,0.00667208107188344,0.004834453575313091,1.2207030941624453e-08,0.9999996423721313,7.295846939086914,node_conditioned,25,True,True,False,-75.56916046142578,6.198431491851807,2.0084617137908936,2.504305124282837,1.28141450881958,2.7001194953918457,-75.4494857788086,4.407923221588135,0.6247697022508029,-75.38552856445312,2.2557268142700195,-9.50641663166607e-08,1.7334730728180148e-05,5.3738105634693056e-05,0.02521774359047413,7.0632768256473355e-06,0.00028009143638850725,100,0.2,0.1775,0.05,976,curvature_stage2_mpnn_v3_5_edge_gain,True,,,,,normalized_degree|time_since_last_tx|consecutive_tx_attempts|congestion_ewma|self_information_increment,,,,,,,,,,,,,,,,0.10081648081541061,0.02078786864876747,0.0,mpnn,5,4,16,curvature_attention_max,32,38,390400,none,normalized_version_gap_with_gain,,3904.0,0.45149222016334534,0.45149222016334534,0.3276304006576538,,,,,0.5,0.0,,,,0.10081648081541061,0.02078786864876747,0.06235480308532715,0.0756958156824112,0.09856937825679779,0.12819336652755736,0.18142706155776978,0.020722059532999992,0.02078786864876747,0.01987796649336815
91,6.77956085536629,0.09964999999850989,0.1002212411995062,0.1,0.00022124119950620025,0.002212411773820825,0.002212411773820825,0.09943464398384094,0.00013656692686648243,0.00015869104460469068,False,9.906728519126773e-05,6.747684478759766,0.32150816917419434,5.612461109194555e-07,0.0,0.05,0.0016071728896349669,0.8,3.0384666388272308e-05,0.0033441639970988035,0.01905905455350876,0.008080066181719303,0.005030205473303795,-2.7465819840699623e-08,0.9999996423721313,7.561821460723877,node_conditioned,25,True,True,False,-75.3635482788086,6.07216215133667,2.0639307498931885,2.748894214630127,1.302476167678833,2.611314058303833,-75.18537139892578,4.37812614440918,0.6442526714751562,-78.35511016845703,1.9456576108932495,-2.941113130816575e-08,4.079619247931987e-05,0.00012807825987692922,0.01905905455350876,1.6492198483319953e-05,0.0008653204587779074,100,0.2,0.17,0.05,1016,curvature_stage2_mpnn_v3_5_edge_gain,True,,,,,normalized_degree|time_since_last_tx|consecutive_tx_attempts|congestion_ewma|self_information_increment,,,,,,,,,,,,,,,,0.09943464398384094,0.02089245244860649,0.0,mpnn,5,4,16,curvature_attention_max,32,38,406400,none,normalized_version_gap_with_gain,,4064.0,0.45098525285720825,0.45098525285720825,0.3304373621940613,,,,,0.5,0.0,,,,0.09943464398384094,0.02089245244860649,0.062152981758117676,0.07375167012214662,0.09887318313121796,0.12729768455028534,0.1824023425579071,0.020816244184970856,0.02089245244860649,0.0199657641351223
92,6.629556056372821,0.0991249999962747,0.09967312059789046,0.1,-0.00032687940210954225,-0.003268793694216053,-0.003268793694216053,0.09803421050310135,0.00015869104460469068,0.00012600310766253017,False,6.375470547936857e-05,6.370709419250488,0.31851011514663696,-3.3874534892675e-06,0.0,0.05,0.0018345901044085622,0.8,3.455163266607997e-07,8.357725164387375e-05,0.025537826120853424,0.020133350044488907,0.005419559311121702,-3.051757735406113e-09,0.9999995231628418,7.993725299835205,node_conditioned,25,True,True,False,-74.9212646484375,5.949605941772461,1.9989956617355347,2.4066059589385986,1.2809462547302246,2.5402557849884033,-74.54328918457031,4.012417316436768,0.5991861823152886,-77.54519653320312,1.69613778591156,-1.7309983491031744e-07,4.7304136387538165e-05,0.0001488279231125489,0.025537826120853424,1.9636057913885452e-05,0.0007689006155792205,100,0.2,0.17,0.04,1016,curvature_stage2_mpnn_v3_5_edge_gain,True,,,,,normalized_degree|time_since_last_tx|consecutive_tx_attempts|congestion_ewma|self_information_increment,,,,,,,,,,,,,,,,0.09803421050310135,0.021325264126062393,0.0,mpnn,5,4,16,curvature_attention_max,32,38,406400,none,normalized_version_gap_with_gain,,4064.0,0.4676439166069031,0.4676439166069031,0.33905693888664246,,,,,0.5,0.0,,,,0.09803421050310135,0.021325264126062393,0.06202945113182068,0.07393767833709716,0.09417852759361267,0.12869063317775725,0.18272647261619568,0.02125980146229267,0.021325264126062393,0.02038383297622204
93,6.822372960299253,0.10117500002495944,0.10042406031142495,0.1,0.00042406031142494527,0.004240602690189184,0.004240602690189184,0.10021393746137619,0.00012600310766253017,0.000168409134564422,False,0.00014724167704116553,5.445510387420654,0.32269832491874695,-3.4351601243542973e-06,0.0,0.05,0.0018907731864601374,0.8,8.898231317289174e-05,0.007753376848995686,0.02549927495419979,0.008277136832475662,0.005425990093499422,2.1362303925798187e-08,0.9999995231628418,8.624910354614258,node_conditioned,25,True,True,False,-74.94499969482422,5.844658374786377,2.058441400527954,2.7194254398345947,1.2519938945770264,2.353649139404297,-74.84182739257812,4.153371810913086,0.6788693101074342,-76.91210174560547,1.9794893264770508,-1.210969742260204e-07,3.787199602811597e-05,0.00011817157064797357,0.02549927495419979,1.569860614836216e-05,0.0006156488770786713,100,0.2,0.1825,0.03,934,curvature_stage2_mpnn_v3_5_edge_gain,True,,,,,normalized_degree|time_since_last_tx|consecutive_tx_attempts|congestion_ewma|self_information_increment,,,,,,,,,,,,,,,,0.10021393746137619,0.024153362959623337,0.0,mpnn,5,4,16,curvature_attention_max,32,38,373600,none,normalized_version_gap_with_gain,,3736.0,0.4466369152069092,0.4466369152069092,0.32023000717163086,,,,,0.5,0.0,,,,0.10021393746137619,0.024153362959623337,0.06206446886062622,0.07182983756065368,0.095139279961586,0.1325504183769226,0.18155397474765778,0.02409571222960949,0.024153362959623337,0.023280158638954163
94,6.637619436252862,0.10029999989084899,0.10036203010113698,0.1,0.0003620301011369731,0.003620300649339666,0.003620300649339666,0.10132847726345062,0.000168409134564422,0.00020461214105781865,False,0.00038324552588164806,5.782338619232178,0.32542499899864197,6.63077855733718e-07,0.0,0.05,0.0021930811926722527,0.8,0.00028122085495851934,0.016205646097660065,0.026189470663666725,0.016407081857323647,0.006325296591967344,6.103515470812226e-09,0.9999997019767761,8.063613891601562,node_conditioned,25,True,True,False,-74.5313720703125,6.072486877441406,2.0647075176239014,2.814789056777954,1.2780681848526,2.4263498783111572,-74.1976089477539,4.473662853240967,0.7058421817473165,-75.9852523803711,2.2523508071899414,1.732050662894835e-07,5.0469541747588664e-05,0.00015797355445101857,0.026189470663666725,2.1431453205877915e-05,0.0008183229549721567,100,0.2,0.165,0.02,1076,curvature_stage2_mpnn_v3_5_edge_gain,True,,,,,normalized_degree|time_since_last_tx|consecutive_tx_attempts|congestion_ewma|self_information_increment,,,,,,,,,,,,,,,,0.10132847726345062,0.021766168996691704,0.0,mpnn,5,4,16,curvature_attention_max,32,38,430400,none,normalized_version_gap_with_gain,,4304.0,0.47873976826667786,0.47873976826667786,0.3502442538738251,,,,,0.5,0.0,,,,0.10132847726345062,0.021766168996691704,0.06192401051521301,0.07401028275489807,0.10035441815853119,0.12998688519001006,0.18383744359016418,0.021692810580134392,0.021766168996691704,0.02070566453039646
95,6.626929545737803,0.10290000014472753,0.10163101512293225,0.1,0.0016310151229322473,0.016310149598307514,0.016310149598307514,0.10219457745552063,0.00020461214105781865,0.00036771363704089376,False,0.0005912670167163014,6.734465599060059,0.3262884318828583,2.9571679078799207e-06,0.0,0.05,0.0016688317991793156,0.8,0.0004694343078881502,0.02109978348016739,0.02446073666214943,0.03366902843117714,0.005751481745392084,-1.2207030941624453e-08,0.9999995827674866,7.274774074554443,node_conditioned,25,True,True,False,-74.2173080444336,5.935665607452393,2.162647008895874,2.7714412212371826,1.2683629989624023,2.6208534240722656,-73.8746337890625,4.150547504425049,0.601273847288761,-75.34220886230469,1.9522974491119385,-1.4433665285196184e-07,6.196383037604392e-05,0.00019186068675480783,0.02446073666214943,2.610592491691932e-05,0.0010672578918989272,100,0.2,0.2025,0.08,1048,curvature_stage2_mpnn_v3_5_edge_gain,True,,,,,normalized_degree|time_since_last_tx|consecutive_tx_attempts|congestion_ewma|self_information_increment,,,,,,,,,,,,,,,,0.10219457745552063,0.02387632243335247,0.0,mpnn,5,4,16,curvature_attention_max,32,38,419200,none,normalized_version_gap_with_gain,,4192.0,0.47728991508483887,0.47728991508483887,0.3544706702232361,,,,,0.5,0.0,,,,0.10219457745552063,0.02387632243335247,0.06224288418889046,0.07723090052604675,0.09715534746646881,0.13697623014450072,0.18508842587471008,0.02380111627280712,0.02387632243335247,0.02290646731853485
96,7.139893682040274,0.09815000008791686,0.09989050760542456,0.1,-0.00010949239457544446,-0.001094923836262061,-0.001094923836262061,0.10021135956048965,0.00036771363704089376,0.00035676439867827315,False,0.000168967671925202,5.910017967224121,0.32182231545448303,-6.689732344966615e-06,0.0,0.05,0.0014105107402428985,0.8,4.70871600555256e-05,0.004756718408316374,0.02477816864848137,0.005271383561193943,0.005301997065544128,1.0681151962899094e-08,0.9999995231628418,8.161008834838867,node_conditioned,25,True,True,False,-74.57662200927734,6.025756359100342,2.0999972820281982,2.6451823711395264,1.2310601472854614,2.34981107711792,-75.10372161865234,4.469855308532715,0.7236375911914392,-77.12644958496094,2.038686990737915,7.579898806397978e-07,0.00010900884808506817,0.0003450116782914847,0.02477816864848137,4.5161519665271044e-05,0.0018226327409274269,100,0.2,0.1925,0.06,972,curvature_stage2_mpnn_v3_5_edge_gain,True,,,,,normalized_degree|time_since_last_tx|consecutive_tx_attempts|congestion_ewma|self_information_increment,,,,,,,,,,,,,,,,0.10021135956048965,0.023698365315794945,0.0,mpnn,5,4,16,curvature_attention_max,32,38,388800,none,normalized_version_gap_with_gain,,3888.0,0.4527062475681305,0.4527062475681305,0.32899099588394165,,,,,0.5,0.0,,,,0.10021135956048965,0.023698365315794945,0.06166011095046997,0.07413316667079926,0.09565307199954987,0.13279109001159667,0.18372246623039246,0.02362903207540512,0.023698365315794945,0.022732682526111603
97,6.4111957053095106,0.09977499997243285,0.0998327537889287,0.1,-0.0001672462110713091,-0.0016724619434668967,-0.0016724619434668967,0.09980965405702591,0.00035676439867827315,0.0003400397792436042,False,0.00011871004244312644,5.9825849533081055,0.32114893198013306,-1.685409642959712e-06,0.0,0.05,0.001389523153193295,0.8,3.2412597647635266e-05,0.003667463082820177,0.02648100256919861,0.012424785643815994,0.004930106457322836,-6.103515470812226e-09,0.9999996423721313,8.289880752563477,node_conditioned,25,True,True,False,-73.03710174560547,5.341521739959717,1.98203706741333,2.516385793685913,1.2410271167755127,2.4360036849975586,-72.54025268554688,3.4470181465148926,0.5005767670933209,-76.21660614013672,2.0876083374023438,1.2364273160869743e-08,0.00010655366349965334,0.0003348557511344552,0.02648100256919861,4.496438486967236e-05,0.0016979858588176753,100,0.2,0.1975,0.05,942,curvature_stage2_mpnn_v3_5_edge_gain,True,,,,,normalized_degree|time_since_last_tx|consecutive_tx_attempts|congestion_ewma|self_information_increment,,,,,,,,,,,,,,,,0.09980965405702591,0.024509605020284653,0.0,mpnn,5,4,16,curvature_attention_max,32,38,376800,none,normalized_version_gap_with_gain,,3768.0,0.4627592861652374,0.4627592861652374,0.32676294445991516,,,,,0.5,0.0,,,,0.09980965405702591,0.024509605020284653,0.06133228540420532,0.07187647819519043,0.0957304984331131,0.1320846438407898,0.18365290760993958,0.024441637098789215,0.024509605020284653,0.023550797253847122
98,7.3439053025469185,0.09954999994020909,0.09969137686456889,0.1,-0.00030862313543111863,-0.003086231045688082,-0.003086231045688082,0.09974655508995056,0.0003400397792436042,0.00030917746878672336,False,9.353415225632489e-05,6.788695335388184,0.321323037147522,8.972529599304835e-07,0.0,0.05,0.0011120735434815288,0.8,4.2990290239686146e-05,0.004544661846011877,0.021465172991156578,0.00819882657378912,0.00408988818526268,1.2207030941624453e-08,0.9999997615814209,7.933840274810791,node_conditioned,25,True,True,False,-74.59776306152344,5.948785781860352,1.9339075088500977,2.624988079071045,1.196653127670288,2.4531607627868652,-75.45435333251953,4.378849983215332,0.6861428564965399,-77.11177825927734,1.6775813102722168,6.683608688717868e-08,0.00010151039168704301,0.0003191774885635823,0.021465172991156578,4.1740917367860675e-05,0.0019445870731713527,100,0.2,0.1975,0.03,986,curvature_stage2_mpnn_v3_5_edge_gain,True,,,,,normalized_degree|time_since_last_tx|consecutive_tx_attempts|congestion_ewma|self_information_increment,,,,,,,,,,,,,,,,0.09974655508995056,0.024305837228894234,0.0,mpnn,5,4,16,curvature_attention_max,32,38,394400,none,normalized_version_gap_with_gain,,3944.0,0.44587239623069763,0.44587239623069763,0.3292056918144226,,,,,0.5,0.0,,,,0.09974655508995056,0.024305837228894234,0.06129741668701172,0.07288041412830353,0.09429296851158142,0.13222160041332245,0.18396049737930298,0.024239148944616318,0.024305837228894234,0.02336416020989418
99,6.274500001110137,0.09927500002086162,0.09948318844271525,0.1,-0.000516811557284752,-0.005168115056036014,-0.005168115056036014,0.10013951361179352,0.00030917746878672336,0.0002574963182263632,False,0.00012552316184155643,5.638520240783691,0.3228236734867096,-8.493067866766069e-07,0.0,0.05,0.0013886481756344438,0.8,7.039740012260154e-05,0.006449505221098661,0.024816157296299934,0.008122749626636505,0.0047967396676540375,-8.392333938900265e-09,0.9999995231628418,8.585331916809082,node_conditioned,25,True,True,False,-72.67888641357422,5.5836100578308105,1.963090181350708,2.4233238697052,1.2185581922531128,2.3063583374023438,-72.01016235351562,3.8684499263763428,0.6445490461110471,-74.8219223022461,1.922875165939331,2.67288498889684e-07,9.218721243087202e-05,0.00029026917763985693,0.024816157296299934,3.9339549402939156e-05,0.0015852387249502722,100,0.2,0.1975,0.03,1044,curvature_stage2_mpnn_v3_5_edge_gain,True,,,,,normalized_degree|time_since_last_tx|consecutive_tx_attempts|congestion_ewma|self_information_increment,,,,,,,,,,,,,,,,0.10013951361179352,0.022097047418355942,0.0,mpnn,5,4,16,curvature_attention_max,32,38,417600,none,normalized_version_gap_with_gain,,4176.0,0.47890910506248474,0.47890910506248474,0.3470327854156494,,,,,0.5,0.0,,,,0.10013951361179352,0.022097047418355942,0.06114313006401062,0.0745952233672142,0.09718732535839081,0.12784994542598724,0.1833190619945526,0.02202768251299858,0.022097047418355942,0.02097681537270546
100,7.42118257381022,0.09630000000353903,0.09789159422312714,0.1,-0.0021084057768728653,-0.02108405566032309,-0.02108405566032309,0.09876339137554169,0.0002574963182263632,4.665576162313231e-05,False,6.164050137158483e-05,5.919854164123535,0.3196326792240143,1.638074195398076e-06,0.0,0.05,0.0013066797982901335,0.8,1.5569206880172715e-05,0.0015144416829571128,0.01990109495818615,0.0126235606148839,0.0043737092055380344,1.2207030941624453e-08,0.9999995827674866,8.50477409362793,node_conditioned,25,True,True,False,-74.62156677246094,6.044193744659424,1.9891464710235596,2.527925729751587,1.1735070943832397,2.2440004348754883,-75.56527709960938,4.394918918609619,0.739298110117744,-75.78311920166016,1.946662425994873,6.343149152598926e-07,7.574319170089439e-05,0.00024174957070499659,0.01990109495818615,3.144320726278238e-05,0.001579972937625681,100,0.2,0.1725,0.03,980,curvature_stage2_mpnn_v3_5_edge_gain,True,,,,,normalized_degree|time_since_last_tx|consecutive_tx_attempts|congestion_ewma|self_information_increment,,,,,,,,,,,,,,,,0.09876339137554169,0.02334427833557129,0.0,mpnn,5,4,16,curvature_attention_max,32,38,392000,none,normalized_version_gap_with_gain,,3920.0,0.4383913278579712,0.4383913278579712,0.3164498507976532,,,,,0.5,0.0,,,,0.09876339137554169,0.02334427833557129,0.06112512946128845,0.07141531705856323,0.09576718509197235,0.12661065459251403,0.18426701426506042,0.023273348808288574,0.02334427833557129,0.022284096106886864
101,6.1443891337513925,0.09977500003296882,0.09883329712804798,0.1,-0.00116670287195203,-0.011667027552817545,-0.011667027552817545,0.09927192330360413,4.665576162313231e-05,0.0,False,8.409292786382139e-05,6.0101637840271,0.32177940011024475,2.0162370617526904e-07,0.0,0.05,0.001927447272464633,0.8,2.675864743650891e-05,0.0031729748006910086,0.02475111000239849,0.014301150105893612,0.005608586594462395,0.0,0.9999995231628418,7.764416694641113,node_conditioned,25,True,True,False,-72.33808898925781,5.845994472503662,1.919676661491394,2.6903507709503174,1.2382323741912842,2.3471169471740723,-71.54059600830078,4.063642978668213,0.6663905533185112,-74.15316009521484,1.917414903640747,-2.347121252910256e-08,1.3947833394922782e-05,4.379690290079452e-05,0.02475111000239849,6.04790238867281e-06,0.0002443486350551709,100,0.2,0.1725,0.05,1012,curvature_stage2_mpnn_v3_5_edge_gain,True,,,,,normalized_degree|time_since_last_tx|consecutive_tx_attempts|congestion_ewma|self_information_increment,,,,,,,,,,,,,,,,0.09927192330360413,0.01984582468867302,0.0,mpnn,5,4,16,curvature_attention_max,32,38,404800,none,normalized_version_gap_with_gain,,4048.0,0.4857621192932129,0.4857621192932129,0.34615135192871094,,,,,0.5,0.0,,,,0.09927192330360413,0.01984582468867302,0.06118097901344299,0.07625454664230347,0.09772148728370667,0.12131607234477997,0.1839507520198822,0.019753461703658104,0.01984582468867302,0.01849779486656189
102,7.5148780278489,0.09967499980237335,0.09925414846521066,0.1,-0.0007458515347893435,-0.007458514602041975,-0.007458514602041975,0.10042615979909897,0.0,0.0,False,0.00018780858954414725,5.897950172424316,0.32337501645088196,2.1775167624582537e-06,0.0,0.05,0.001593110617250204,0.8,0.000139036841574125,0.010130150243639946,0.02452925033867359,0.005557406228035688,0.004944477695971727,1.2817382355478912e-07,0.9999995231628418,8.657794952392578,node_conditioned,25,True,True,False,-74.62367248535156,5.944127082824707,2.0114736557006836,2.5786352157592773,1.1573606729507446,2.1575262546539307,-75.75444030761719,4.494621753692627,0.7695770040615779,-76.79573059082031,1.8691623210906982,0.0,0.0,0.0,0.02452925033867359,0.0,0.0,100,0.2,0.1575,0.01,906,curvature_stage2_mpnn_v3_5_edge_gain,True,,,,,normalized_degree|time_since_last_tx|consecutive_tx_attempts|congestion_ewma|self_information_increment,,,,,,,,,,,,,,,,0.10042615979909897,0.023350505158305168,0.0,mpnn,5,4,16,curvature_attention_max,32,38,362400,none,normalized_version_gap_with_gain,,3624.0,0.43542754650115967,0.43542754650115967,0.3135496973991394,,,,,0.5,0.0,,,,0.10042615979909897,0.023350505158305168,0.061154335737228394,0.07256180867552757,0.09801922738552094,0.13129579722881318,0.1858292818069458,0.023268384858965874,0.023350505158305168,0.022185860201716423
103,7.035790139213204,0.09794999992474913,0.0986020741949799,0.1,-0.0013979258050201004,-0.013979256652275339,-0.013979256652275339,0.09664268046617508,0.0,0.0,False,6.457322888309136e-05,6.5840373039245605,0.3158475160598755,-2.9065347462164937e-06,0.0,0.05,0.0018647066317498684,0.8,0.0,0.0,0.021989626809954643,0.01668589934706688,0.005435696337372065,-9.155273872352154e-09,0.9999996423721313,7.0253472328186035,node_conditioned,25,True,True,False,-73.70836639404297,6.050577640533447,1.8506741523742676,2.3719375133514404,1.1651763916015625,2.5408661365509033,-74.2125473022461,4.572310924530029,0.6911894957857978,-76.3544921875,1.6404528617858887,0.0,0.0,0.0,0.021989626809954643,0.0,0.0,100,0.2,0.1725,0.02,980,curvature_stage2_mpnn_v3_5_edge_gain,True,,,,,normalized_degree|time_since_last_tx|consecutive_tx_attempts|congestion_ewma|self_information_increment,,,,,,,,,,,,,,,,0.09664268046617508,0.019530555233359337,0.0,mpnn,5,4,16,curvature_attention_max,32,38,392000,none,normalized_version_gap_with_gain,,3920.0,0.4526439309120178,0.4526439309120178,0.3304380774497986,,,,,0.5,0.0,,,,0.09664268046617508,0.019530555233359337,0.061138302087783813,0.07367558777332306,0.0945049524307251,0.12094027698040008,0.1848876178264618,0.019432388246059418,0.019530555233359337,0.018185153603553772
104,7.047085362374783,0.09959999981336295,0.09910103700417143,0.1,-0.0008989629958285755,-0.00898962905932285,-0.00898962905932285,0.09820084273815155,0.0,0.0,False,5.20368994330056e-05,4.926611423492432,0.32042619585990906,-2.986724439324462e-06,0.0,0.05,0.002225457690656185,0.8,2.504120857338421e-06,0.0004275319224689156,0.0273445937782526,0.02118818834424019,0.005967796314507723,-1.831054774470431e-08,0.9999995827674866,8.517179489135742,node_conditioned,25,True,True,False,-74.13008117675781,5.7431488037109375,1.8169604539871216,2.3941659927368164,1.1444109678268433,2.2061047554016113,-74.49031066894531,4.1296796798706055,0.7146225567416293,-75.22138977050781,1.8524023294448853,0.0,0.0,0.0,0.0273445937782526,0.0,0.0,100,0.2,0.1375,0.0,934,curvature_stage2_mpnn_v3_5_edge_gain,True,,,,,normalized_degree|time_since_last_tx|consecutive_tx_attempts|congestion_ewma|self_information_increment,,,,,,,,,,,,,,,,0.09820084273815155,0.015265637077391148,0.0,mpnn,5,4,16,curvature_attention_max,32,38,373600,none,normalized_version_gap_with_gain,,3736.0,0.46449023485183716,0.46449023485183716,0.3365635871887207,,,,,0.5,0.0,,,,0.09820084273815155,0.015265637077391148,0.06128060817718506,0.07824395895004273,0.09784959256649017,0.11798915565013886,0.1496155858039856,0.015141695737838745,0.015265637077391148,0.013265389949083328
105,7.14790152143687,0.09857499993871897,0.0988380184714452,0.1,-0.0011619815285548035,-0.011619814123566623,-0.011619814123566623,0.0994170680642128,0.0,0.0,False,0.00010702700819820166,5.17789363861084,0.32097962498664856,8.619963978162559e-07,0.0,0.05,0.0026638542767614126,0.8,4.406133302836679e-05,0.0044830250553786755,0.02603372372686863,0.013685878366231918,0.006649103481322527,-6.103515470812226e-09,0.9999995827674866,7.99306058883667,node_conditioned,25,True,True,False,-74.8053970336914,6.2072954177856445,2.0233354568481445,2.617353916168213,1.1833192110061646,2.254708766937256,-75.23853302001953,4.684329986572266,0.7683213649996439,-74.89086151123047,1.997153878211975,0.0,0.0,0.0,0.02603372372686863,0.0,0.0,100,0.2,0.17,0.06,964,curvature_stage2_mpnn_v3_5_edge_gain,True,,,,,normalized_degree|time_since_last_tx|consecutive_tx_attempts|congestion_ewma|self_information_increment,,,,,,,,,,,,,,,,0.0994170680642128,0.025810571387410164,0.0,mpnn,5,4,16,curvature_attention_max,32,38,385600,none,normalized_version_gap_with_gain,,3856.0,0.4564272463321686,0.4564272463321686,0.3301566541194916,,,,,0.5,0.0,,,,0.0994170680642128,0.025810571387410164,0.061230868101119995,0.06876739859580994,0.09555894136428833,0.13460108935832976,0.18722745776176453,0.025739707052707672,0.025810571387410164,0.024666909128427505
106,6.700507829859853,0.10432499970309436,0.10158150908726979,0.1,0.0015815090872697835,0.015815089291188904,0.015815089291188904,0.10707050561904907,0.0,0.00015815089291188904,False,0.003713933750987053,6.056325435638428,0.3354390263557434,-1.821779369493015e-05,0.0,0.05,0.0019343511667102575,0.8,0.0035288005601614714,0.06368350237607956,0.022300392389297485,0.15043388307094574,0.007132949307560921,-2.4414061883248905e-08,0.9999995231628418,8.09239387512207,node_conditioned,25,True,True,False,-74.37770080566406,5.777052402496338,2.0029075145721436,2.765259265899658,1.182543158531189,2.4465534687042236,-74.16122436523438,4.216288089752197,0.6632955797794431,-76.53887939453125,1.7522794008255005,0.0,0.0,0.0,0.022300392389297485,0.0,0.0,100,0.2,0.1825,0.09,966,curvature_stage2_mpnn_v3_5_edge_gain,True,,,,,normalized_degree|time_since_last_tx|consecutive_tx_attempts|congestion_ewma|self_information_increment,,,,,,,,,,,,,,,,0.10707050561904907,0.02593749389052391,0.0,mpnn,5,4,16,curvature_attention_max,32,38,386400,none,normalized_version_gap_with_gain,,3864.0,0.4612441062927246,0.4612441062927246,0.3330155909061432,,,,,0.5,0.0,,,,0.10707050561904907,0.02593749389052391,0.061360716819763184,0.07763642370700836,0.1038832813501358,0.15125362873077391,0.1897849142551422,0.025844385847449303,0.02593749389052391,0.02458224631845951
107,7.150903028771281,0.10054999998304993,0.10106575453515987,0.1,0.001065754535159863,0.0106575442858442,0.0106575442858442,0.09959281235933304,0.00015815089291188904,0.00026472633577033104,False,0.00022129165881779045,5.892879486083984,0.3195285499095917,1.0416941222501919e-05,0.0,0.05,0.0009535026038065553,0.8,5.98956512476434e-06,0.0007668823818676174,0.026285631582140923,0.01185369212180376,0.005351771600544453,2.7465819840699623e-08,0.9999995827674866,7.777953624725342,node_conditioned,25,True,True,False,-74.87118530273438,5.92614221572876,1.8976436853408813,2.6436476707458496,1.1450735330581665,2.384167194366455,-75.38580322265625,4.274937629699707,0.6889617106153807,-77.9559555053711,1.5852515697479248,-1.5137956665967067e-07,4.7430552513105795e-05,0.00014852057211101055,0.026285631582140923,2.088989276671782e-05,0.0007947263794736857,100,0.2,0.16,0.03,984,curvature_stage2_mpnn_v3_5_edge_gain,True,,,,,normalized_degree|time_since_last_tx|consecutive_tx_attempts|congestion_ewma|self_information_increment,,,,,,,,,,,,,,,,0.09959281235933304,0.0211922749876976,0.0,mpnn,5,4,16,curvature_attention_max,32,38,393600,none,normalized_version_gap_with_gain,,3936.0,0.45138078927993774,0.45138078927993774,0.3260885775089264,,,,,0.5,0.0,,,,0.09959281235933304,0.0211922749876976,0.06076847016811371,0.07325476109981537,0.09762448072433472,0.1269831508398056,0.1874251365661621,0.021098099648952484,0.0211922749876976,0.01972816325724125
108,7.649419961869716,0.09560000002849847,0.09833287728182917,0.1,-0.0016671227181708353,-0.016671225514585802,-0.016671225514585802,0.09619467705488205,0.00026472633577033104,9.8014080624473e-05,False,9.924149344442412e-05,6.808145999908447,0.31299200654029846,-1.983964693863527e-06,0.0,0.05,0.0005815095501020551,0.8,0.0,0.0,0.023708350956439972,0.020660707727074623,0.003136195708066225,3.051757957450718e-08,0.9999995827674866,6.890647888183594,node_conditioned,25,True,True,False,-75.65013885498047,6.400590896606445,1.770277738571167,2.3152928352355957,1.1004542112350464,2.4059226512908936,-76.90632629394531,4.976720809936523,0.766290271948193,-77.84970092773438,1.6495769023895264,1.5742567427423637e-07,7.761434244457632e-05,0.0002487720048520714,0.023708350956439972,3.29582326230593e-05,0.0013901523046495863,100,0.2,0.18,0.03,1006,curvature_stage2_mpnn_v3_5_edge_gain,True,,,,,normalized_degree|time_since_last_tx|consecutive_tx_attempts|congestion_ewma|self_information_increment,,,,,,,,,,,,,,,,0.09619467705488205,0.021444283425807953,0.0,mpnn,5,4,16,curvature_attention_max,32,38,402400,none,normalized_version_gap_with_gain,,4024.0,0.4368189573287964,0.4368189573287964,0.321664422750473,,,,,0.5,0.0,,,,0.09619467705488205,0.021444283425807953,0.0601595938205719,0.06995855569839476,0.09360663592815399,0.12436625361442565,0.18465226888656616,0.021361930295825005,0.021444283425807953,0.02018056996166706
109,8.137877052538096,0.09297499997075648,0.09565393862629282,0.1,-0.0043460613737071885,-0.04346060939101094,-0.04346060939101094,0.09239336848258972,9.8014080624473e-05,0.0,False,3.679317160276696e-05,6.511877536773682,0.30551812052726746,1.5669921822336619e-06,0.0,0.05,0.00046926186769269407,0.8,0.0,0.0,0.0215263981372118,0.019520936533808708,0.0020341628696769476,4.2724607851596375e-08,0.9999995231628418,8.18808364868164,node_conditioned,25,True,True,False,-76.91912841796875,6.530395030975342,1.8329482078552246,2.4255588054656982,1.0874711275100708,2.1763052940368652,-78.83916473388672,5.234951496124268,0.8271719412530666,-80.30321502685547,1.623703122138977,-5.700740146608041e-08,2.838302134477999e-05,9.213689190801233e-05,0.0215263981372118,1.172753945866134e-05,0.0005447977843729737,100,0.2,0.1625,0.04,962,curvature_stage2_mpnn_v3_5_edge_gain,True,,,,,normalized_degree|time_since_last_tx|consecutive_tx_attempts|congestion_ewma|self_information_increment,,,,,,,,,,,,,,,,0.09239336848258972,0.019632911309599876,0.0,mpnn,5,4,16,curvature_attention_max,32,38,384800,none,normalized_version_gap_with_gain,,3848.0,0.41805118322372437,0.41805118322372437,0.31410762667655945,,,,,0.5,0.0,,,,0.09239336848258972,0.019632911309599876,0.05987513065338135,0.06957328617572785,0.09004245698451996,0.1230520635843277,0.15831148624420166,0.019557537510991096,0.019632911309599876,0.01837807148694992
110,6.939537888728082,0.09480000000447035,0.09522696931538158,0.1,-0.004773030684618429,-0.04773030207315408,-0.04773030207315408,0.09365516155958176,0.0,0.0,False,1.0380608728155494e-07,5.264596939086914,0.3086651861667633,-1.9878186776622897e-06,0.0,0.05,0.0007498788763768971,0.8,0.0,0.0,0.027916697785258293,0.02532040886580944,0.002648885129019618,-6.103515470812226e-09,0.9999995231628418,8.967312812805176,node_conditioned,25,True,True,False,-75.9115219116211,6.052486419677734,1.916955590248108,2.725374698638916,1.1932501792907715,2.1858584880828857,-75.89922332763672,4.491485118865967,0.7631550360355379,-78.08866119384766,1.5820647478103638,0.0,0.0,0.0,0.027916697785258293,0.0,0.0,100,0.2,0.18,0.04,1138,curvature_stage2_mpnn_v3_5_edge_gain,True,,,,,normalized_degree|time_since_last_tx|consecutive_tx_attempts|congestion_ewma|self_information_increment,,,,,,,,,,,,,,,,0.09365516155958176,0.02144807204604149,0.0,mpnn,5,4,16,curvature_attention_max,32,38,455200,none,normalized_version_gap_with_gain,,4552.0,0.4823586344718933,0.4823586344718933,0.35625946521759033,,,,,0.5,0.0,,,,0.09365516155958176,0.02144807204604149,0.0597912073135376,0.07022427916526794,0.08920301496982574,0.12027794122695923,0.18445450067520142,0.021367574110627174,0.02144807204604149,0.02014148235321045
111,7.022889135852456,0.09665000017732382,0.09593848474635269,0.1,-0.004061515253647313,-0.040615148474958285,-0.040615148474958285,0.09837717562913895,0.0,0.0,False,-5.496850917552365e-06,5.178527355194092,0.31930413842201233,1.085300937120337e-05,0.0,0.05,0.0009629115229472518,0.8,3.2911671041802038e-06,0.0006516278372146189,0.02342112362384796,0.019825495779514313,0.003163059474900365,-1.2207030941624453e-08,0.9999995231628418,8.927874565124512,node_conditioned,25,True,True,False,-76.64920806884766,5.95230770111084,1.9793674945831299,2.7070393562316895,1.1825673580169678,2.250565767288208,-76.59858703613281,4.486257553100586,0.7483395466052758,-78.08895111083984,1.6984472274780273,0.0,0.0,0.0,0.02342112362384796,0.0,0.0,100,0.2,0.1775,0.07,944,curvature_stage2_mpnn_v3_5_edge_gain,True,,,,,normalized_degree|time_since_last_tx|consecutive_tx_attempts|congestion_ewma|self_information_increment,,,,,,,,,,,,,,,,0.09837717562913895,0.02285686694085598,0.0,mpnn,5,4,16,curvature_attention_max,32,38,377600,none,normalized_version_gap_with_gain,,3776.0,0.4617438316345215,0.4617438316345215,0.33665376901626587,,,,,0.5,0.0,,,,0.09837717562913895,0.02285686694085598,0.059626489877700806,0.06995325684547425,0.09677654504776001,0.12716775834560393,0.1858719289302826,0.022775087505578995,0.02285686694085598,0.02149033173918724
112,6.902257338017225,0.0969999998761341,0.0964692423112434,0.1,-0.003530757688756603,-0.035307573356808696,-0.035307573356808696,0.09720856696367264,0.0,0.0,False,-1.8924779396911617e-06,5.741542816162109,0.31709134578704834,2.206895942435949e-06,0.0,0.05,0.0011810424039140344,0.8,1.0182943697145674e-06,0.00016251407214440405,0.021443067118525505,0.017868647351861,0.0035101778339594603,2.1362303925798187e-08,0.9999995231628418,8.104394912719727,node_conditioned,25,True,True,False,-76.80183410644531,6.111649990081787,1.9845318794250488,2.8040833473205566,1.188354730606079,2.3917438983917236,-76.57105255126953,4.357410907745361,0.6987186269501982,-78.70101165771484,1.8127907514572144,0.0,0.0,0.0,0.021443067118525505,0.0,0.0,100,0.2,0.1725,0.05,1050,curvature_stage2_mpnn_v3_5_edge_gain,True,,,,,normalized_degree|time_since_last_tx|consecutive_tx_attempts|congestion_ewma|self_information_increment,,,,,,,,,,,,,,,,0.09720856696367264,0.0220854002982378,0.0,mpnn,5,4,16,curvature_attention_max,32,38,420000,none,normalized_version_gap_with_gain,,4200.0,0.4603559076786041,0.4603559076786041,0.3398716151714325,,,,,0.5,0.0,,,,0.09720856696367264,0.0220854002982378,0.05989128351211548,0.0734337605535984,0.09283597767353058,0.12599790692329407,0.18577560782432556,0.02199428528547287,0.0220854002982378,0.020679501816630363
113,6.6631871278584,0.10257499994710088,0.09952212112917214,0.1,-0.0004778788708278692,-0.004778788230399868,-0.004778788230399868,0.10073217749595642,0.0,0.0,False,0.0002461619151290506,5.671621322631836,0.32461756467819214,-4.964289018971613e-06,0.0,0.05,0.0012174053117632866,0.8,0.0002371043956372887,0.013993799686431885,0.02513282746076584,0.007835573516786098,0.003867368446663022,-2.2888183792701966e-08,0.9999997019767761,8.435559272766113,node_conditioned,25,True,True,False,-76.37137603759766,5.8049235343933105,1.913142204284668,2.749629020690918,1.2211575508117676,2.370737075805664,-75.76246643066406,3.9395227432250977,0.6378574159667099,-77.85362243652344,2.059115409851074,0.0,0.0,0.0,0.02513282746076584,0.0,0.0,100,0.2,0.185,0.06,1022,curvature_stage2_mpnn_v3_5_edge_gain,True,,,,,normalized_degree|time_since_last_tx|consecutive_tx_attempts|congestion_ewma|self_information_increment,,,,,,,,,,,,,,,,0.10073217749595642,0.02245984598994255,0.0,mpnn,5,4,16,curvature_attention_max,32,38,408800,none,normalized_version_gap_with_gain,,4088.0,0.4686836898326874,0.4686836898326874,0.340371310710907,,,,,0.5,0.0,,,,0.10073217749595642,0.02245984598994255,0.06264501810073853,0.07646462619304657,0.09692108631134033,0.12978944778442383,0.18685442209243774,0.02236572653055191,0.02245984598994255,0.02092684432864189
114,6.740372723042965,0.1027749997889623,0.10114856045906723,0.1,0.0011485604590672216,0.011485603442111872,0.011485603442111872,0.10084474086761475,0.0,0.00011485603442111872,False,0.00026203872403129935,5.484317302703857,0.3245193660259247,-1.2754599083564244e-06,0.0,0.05,0.0014028489822521806,0.8,0.00020572073117364198,0.012907572090625763,0.024476533755660057,0.010884778574109077,0.004678194876760244,2.1362303925798187e-08,0.9999995827674866,8.48413372039795,node_conditioned,25,True,True,False,-76.2842025756836,5.800110340118408,1.954050898551941,2.6503729820251465,1.1936084032058716,2.3694581985473633,-75.88624572753906,4.364076137542725,0.7052095613531646,-79.85931396484375,1.9716564416885376,0.0,0.0,0.0,0.024476533755660057,0.0,0.0,100,0.2,0.205,0.04,886,curvature_stage2_mpnn_v3_5_edge_gain,True,,,,,normalized_degree|time_since_last_tx|consecutive_tx_attempts|congestion_ewma|self_information_increment,,,,,,,,,,,,,,,,0.10084474086761475,0.021493444219231606,0.0,mpnn,5,4,16,curvature_attention_max,32,38,354400,none,normalized_version_gap_with_gain,,3544.0,0.45653438568115234,0.45653438568115234,0.3195953071117401,,,,,0.5,0.0,,,,0.10084474086761475,0.021493444219231606,0.06004691123962402,0.07626006007194519,0.09847551584243774,0.12793125212192535,0.1865697205066681,0.021395506337285042,0.021493444219231606,0.01978355273604393
115,6.79561918001622,0.09997499984223396,0.10056178015065059,0.1,0.0005617801506505871,0.005617800944725776,0.005617800944725776,0.10033652186393738,0.00011485603442111872,0.00017103404386837646,False,0.0001700685970718041,5.936408996582031,0.32173895835876465,-5.410330459199031e-07,0.0,0.05,0.0013745281612500548,0.8,9.960879106074572e-05,0.008344830013811588,0.024778306484222412,0.005811174400150776,0.004793508909642696,6.103515470812226e-09,0.9999995827674866,7.922572612762451,node_conditioned,25,True,True,False,-75.61332702636719,5.871192932128906,1.936978816986084,2.7669408321380615,1.158117413520813,2.463423013687134,-75.44645690917969,4.1318678855896,0.6445445826139701,-79.40473937988281,2.172767162322998,4.15232719319647e-08,3.429691059864126e-05,0.00010795395792229101,0.024778306484222412,1.5032427654659841e-05,0.0006066767152736844,100,0.2,0.185,0.09,974,curvature_stage2_mpnn_v3_5_edge_gain,True,,,,,normalized_degree|time_since_last_tx|consecutive_tx_attempts|congestion_ewma|self_information_increment,,,,,,,,,,,,,,,,0.10033652186393738,0.027160363271832466,0.0,mpnn,5,4,16,curvature_attention_max,32,38,389600,none,normalized_version_gap_with_gain,,3896.0,0.4633631408214569,0.4633631408214569,0.3350280821323395,,,,,0.5,0.0,,,,0.10033652186393738,0.027160363271832466,0.059959232807159424,0.06955516934394837,0.09537078440189362,0.1426375091075897,0.18858930468559265,0.027076294645667076,0.027160363271832466,0.02586148865520954
116,6.689102516658604,0.09947499988600611,0.10001839001832835,0.1,1.839001832834586e-05,0.0001839001648934421,0.0001839001648934421,0.09674161672592163,0.00017103404386837646,0.00017287304551731088,False,5.700996916857548e-05,5.463817119598389,0.3154001235961914,-3.306090832211339e-07,0.0,0.05,0.0014420856023207307,0.8,2.1330723143364594e-07,4.120114317629486e-05,0.024657776579260826,0.019920460879802704,0.004823747556656599,-6.103515470812226e-09,0.9999995827674866,8.373298645019531,node_conditioned,25,True,True,False,-75.14936828613281,5.694092273712158,1.9227617979049683,2.5456900596618652,1.1563267707824707,2.369576930999756,-74.80715942382812,3.891115427017212,0.6291541434945565,-77.7833023071289,2.0026602745056152,-4.675020477407088e-07,5.106521348352544e-05,0.00016078705084510148,0.024657776579260826,2.2660244212602265e-05,0.0009189893885958663,100,0.2,0.185,0.02,998,curvature_stage2_mpnn_v3_5_edge_gain,True,,,,,normalized_degree|time_since_last_tx|consecutive_tx_attempts|congestion_ewma|self_information_increment,,,,,,,,,,,,,,,,0.09674161672592163,0.021408088505268097,0.0,mpnn,5,4,16,curvature_attention_max,32,38,399200,none,normalized_version_gap_with_gain,,3992.0,0.4638808071613312,0.4638808071613312,0.3313111662864685,,,,,0.5,0.0,,,,0.09674161672592163,0.021408088505268097,0.05982077121734619,0.07226420938968658,0.0935634970664978,0.12542285323143004,0.1883176565170288,0.021310456097126007,0.021408088505268097,0.01972985453903675
117,6.158815401606262,0.0979750000545755,0.09899669503645192,0.1,-0.001003304963548085,-0.010033048632175988,-0.010033048632175988,0.09832623600959778,0.00017287304551731088,7.2542559195551e-05,False,5.9509526181500405e-05,6.530952453613281,0.32019421458244324,-4.551056633772532e-07,0.0,0.05,0.00175991072319448,0.8,7.94586867414182e-06,0.0010581217939034104,0.02283434011042118,0.0161164291203022,0.005239239893853664,-1.831054774470431e-08,0.9999995827674866,7.901461124420166,node_conditioned,25,True,True,False,-73.87662506103516,5.52888298034668,1.9288097620010376,2.661625862121582,1.1840444803237915,2.516610860824585,-72.79620361328125,3.774327516555786,0.5554168560995849,-75.57847595214844,1.9680824279785156,6.071847025168609e-08,5.130271165398881e-05,0.00016246111772488803,0.02283434011042118,2.3138962205848657e-05,0.0010133400816732005,100,0.2,0.175,0.01,1086,curvature_stage2_mpnn_v3_5_edge_gain,True,,,,,normalized_degree|time_since_last_tx|consecutive_tx_attempts|congestion_ewma|self_information_increment,,,,,,,,,,,,,,,,0.09832623600959778,0.017280569300055504,0.0,mpnn,5,4,16,curvature_attention_max,32,38,434400,none,normalized_version_gap_with_gain,,4344.0,0.4821561574935913,0.4821561574935913,0.34724971652030945,,,,,0.5,0.0,,,,0.09832623600959778,0.017280569300055504,0.06002876162528992,0.07940763235092163,0.09627236425876617,0.11922447383403777,0.18789812922477722,0.017132878303527832,0.017280569300055504,0.014992734417319298
118,7.0084997626766565,0.10082500003743916,0.09991084753694554,0.1,-8.915246305446489e-05,-0.0008915245413921947,-0.0008915245413921947,0.10013724863529205,7.2542559195551e-05,6.362731378162905e-05,False,0.00018964237824548036,5.779354095458984,0.32367900013923645,-2.197919002355775e-06,0.0,0.05,0.0016119853826239705,0.8,0.00014713819837197661,0.009061925113201141,0.025388648733496666,0.0057874927297234535,0.004967663902789354,-2.1362303925798187e-08,0.9999996423721313,7.826915264129639,node_conditioned,25,True,True,False,-74.84374237060547,5.840705394744873,1.8240803480148315,2.346942901611328,1.1074086427688599,2.3276865482330322,-75.17406463623047,4.446993827819824,0.7260218033655281,-79.37153625488281,1.7933218479156494,-4.989117741160953e-08,2.1801566617796198e-05,6.820983981015161e-05,0.025388648733496666,9.878104719973635e-06,0.00038907548538359384,100,0.2,0.165,0.03,1034,curvature_stage2_mpnn_v3_5_edge_gain,True,,,,,normalized_degree|time_since_last_tx|consecutive_tx_attempts|congestion_ewma|self_information_increment,,,,,,,,,,,,,,,,0.10013724863529205,0.01954212412238121,0.0,mpnn,5,4,16,curvature_attention_max,32,38,413600,none,normalized_version_gap_with_gain,,4136.0,0.4675362706184387,0.4675362706184387,0.33867785334587097,,,,,0.5,0.0,,,,0.10013724863529205,0.01954212412238121,0.05966147780418396,0.07610311806201935,0.09833453595638275,0.1242060512304306,0.18916836380958557,0.019411860033869743,0.01954212412238121,0.01747136563062668
119,7.207890663146973,0.09622499994933605,0.0980679237431408,0.1,-0.0019320762568592054,-0.01932076063651599,-0.01932076063651599,0.09598229080438614,6.362731378162905e-05,0.0,False,4.550000448944047e-05,6.425304889678955,0.31387564539909363,-3.4189381494798e-06,0.0,0.05,0.0016834374982863665,0.8,0.0,0.0,0.0241254810243845,0.01912548951804638,0.005051464773714542,9.155273872352154e-09,0.9999995231628418,7.147249221801758,node_conditioned,25,True,True,False,-74.43181610107422,6.072785377502441,1.9827755689620972,2.5452024936676025,1.1288894414901733,2.45725417137146,-75.05609130859375,4.55950403213501,0.7095542919428941,-75.5841064453125,2.0438992977142334,-1.544307970391401e-08,1.8715043552219868e-05,5.98250117036514e-05,0.0241254810243845,8.354225428774953e-06,0.0003462820889461291,100,0.2,0.155,0.01,1014,curvature_stage2_mpnn_v3_5_edge_gain,True,,,,,normalized_degree|time_since_last_tx|consecutive_tx_attempts|congestion_ewma|self_information_increment,,,,,,,,,,,,,,,,0.09598229080438614,0.022095276042819023,0.0,mpnn,5,4,16,curvature_attention_max,32,38,405600,none,normalized_version_gap_with_gain,,4056.0,0.444191038608551,0.444191038608551,0.3263724744319916,,,,,0.5,0.0,,,,0.09598229080438614,0.022095276042819023,0.05969572067260742,0.06967254802584649,0.09337617456912994,0.12466827929019927,0.18988743424415588,0.021984439343214035,0.022095276042819023,0.020389119163155556
120,6.441907581016421,0.09632499981205911,0.09719646177759995,0.1,-0.002803538222400051,-0.028035379420462567,-0.028035379420462567,0.09704165905714035,0.0,0.0,False,9.79382311925292e-05,6.472142219543457,0.31644803285598755,5.308396794134751e-06,0.0,0.05,0.0029185337480157614,0.8,4.978636525265756e-07,8.497198723489419e-05,0.021358268335461617,0.014221316203474998,0.007255385629832745,-1.831054774470431e-08,0.9999995827674866,7.615867614746094,node_conditioned,25,True,True,False,-73.23831939697266,5.524503707885742,1.800238013267517,2.376863718032837,1.1357369422912598,2.510467529296875,-72.65848541259766,4.037678241729736,0.6134142943850696,-73.36502838134766,1.952022671699524,0.0,0.0,0.0,0.021358268335461617,0.0,0.0,100,0.2,0.1775,0.05,1264,curvature_stage2_mpnn_v3_5_edge_gain,True,,,,,normalized_degree|time_since_last_tx|consecutive_tx_attempts|congestion_ewma|self_information_increment,,,,,,,,,,,,,,,,0.09704165905714035,0.02275719866156578,0.0,mpnn,5,4,16,curvature_attention_max,32,38,505600,none,normalized_version_gap_with_gain,,5056.0,0.5037145018577576,0.5037145018577576,0.3751230537891388,,,,,0.5,0.0,,,,0.09704165905714035,0.02275719866156578,0.05966863036155701,0.0730552077293396,0.09384201467037201,0.1228931427001953,0.19082283973693848,0.022632470354437828,0.02275719866156578,0.021006466820836067
121,6.677780550122261,0.09867499984800815,0.09793573081280404,0.1,-0.0020642691871959606,-0.020642689807690625,-0.020642689807690625,0.0995151698589325,0.0,0.0,False,0.00014627409109380096,4.4700775146484375,0.3212418854236603,3.3175438147736713e-06,0.0,0.05,0.0028385219629853964,0.8,5.6130218581529334e-05,0.005548542831093073,0.02492353692650795,0.00998703297227621,0.007185645867139101,-1.2207030941624453e-08,0.9999995231628418,8.693110466003418,node_conditioned,25,True,True,False,-73.27571105957031,5.5470194816589355,1.8682631254196167,2.693434000015259,1.087002158164978,2.1337125301361084,-73.19762420654297,3.94507098197937,0.7074755996220337,-75.63964080810547,1.7938917875289917,0.0,0.0,0.0,0.02492353692650795,0.0,0.0,100,0.2,0.17,0.03,1022,curvature_stage2_mpnn_v3_5_edge_gain,True,,,,,normalized_degree|time_since_last_tx|consecutive_tx_attempts|congestion_ewma|self_information_increment,,,,,,,,,,,,,,,,0.0995151698589325,0.025141216814517975,0.0,mpnn,5,4,16,curvature_attention_max,32,38,408800,none,normalized_version_gap_with_gain,,4088.0,0.47956764698028564,0.47956764698028564,0.35323870182037354,,,,,0.5,0.0,,,,0.0995151698589325,0.025141216814517975,0.05977019667625427,0.07172829508781434,0.09500731527805328,0.1352520078420639,0.19189992547035217,0.02503267303109169,0.025141216814517975,0.023392127826809883
122,7.1388669197633865,0.09842500009573996,0.098180365454272,0.1,-0.001819634545728005,-0.018196343637645686,-0.018196343637645686,0.09785384684801102,0.0,0.0,False,8.391385927097872e-05,4.8722004890441895,0.3193089962005615,-2.3038599010760663e-06,0.0,0.05,0.002805649535730481,0.8,6.161890723888064e-06,0.00086820317665115,0.02846296690404415,0.020582180470228195,0.00707769300788641,0.0,0.9999995231628418,9.051568031311035,node_conditioned,25,True,True,False,-74.11560821533203,5.611647605895996,1.790311336517334,2.425921678543091,1.0554094314575195,2.1310572624206543,-74.6819839477539,4.335805416107178,0.7584257127181122,-76.74073791503906,1.5510447025299072,0.0,0.0,0.0,0.02846296690404415,0.0,0.0,100,0.2,0.135,0.0,1060,curvature_stage2_mpnn_v3_5_edge_gain,True,,,,,normalized_degree|time_since_last_tx|consecutive_tx_attempts|congestion_ewma|self_information_increment,,,,,,,,,,,,,,,,0.09785384684801102,0.017392555251717567,0.0,mpnn,5,4,16,curvature_attention_max,32,38,424000,none,normalized_version_gap_with_gain,,4240.0,0.4601682722568512,0.4601682722568512,0.3387738764286041,,,,,0.5,0.0,,,,0.09785384684801102,0.017392555251717567,0.05994531512260437,0.07666223794221877,0.09593892097473145,0.12127430140972137,0.1590632200241089,0.017220955342054367,0.017392555251717567,0.014815674163401127
123,7.351199741847813,0.10054999972227961,0.09936518258827581,0.1,-0.0006348174117241923,-0.006348173482424575,-0.006348173482424575,0.10116645693778992,0.0,0.0,False,0.0004755140980705619,5.117995262145996,0.3241312503814697,-2.016321104747476e-06,0.0,0.05,0.0028479837346822023,0.8,0.00035552700865082443,0.016906948760151863,0.02369530498981476,0.02463642507791519,0.007513152435421944,5.493163968139925e-08,0.9999995827674866,8.01003360748291,node_conditioned,25,True,True,False,-74.22978973388672,5.9348225593566895,1.9042199850082397,2.6548101902008057,1.0707097053527832,2.164031505584717,-75.08152770996094,4.403345584869385,0.7584752516503641,-74.40727996826172,1.9072833061218262,0.0,0.0,0.0,0.02369530498981476,0.0,0.0,100,0.2,0.2,0.06,924,curvature_stage2_mpnn_v3_5_edge_gain,True,,,,,normalized_degree|time_since_last_tx|consecutive_tx_attempts|congestion_ewma|self_information_increment,,,,,,,,,,,,,,,,0.10116645693778992,0.02612089365720749,0.0,mpnn,5,4,16,curvature_attention_max,32,38,369600,none,normalized_version_gap_with_gain,,3696.0,0.4348640441894531,0.4348640441894531,0.3178492486476898,,,,,0.5,0.0,,,,0.10116645693778992,0.02612089365720749,0.059722185134887695,0.06892874240875245,0.0980004221200943,0.137687286734581,0.19373953342437744,0.026008358225226402,0.02612089365720749,0.024348372593522072
124,6.911739648915828,0.09744999988935887,0.09840759123881734,0.1,-0.001592408761182662,-0.01592408601941802,-0.01592408601941802,0.09864406287670135,0.0,0.0,False,0.00017797875625547022,5.080434322357178,0.3189249038696289,-2.0537758871341794e-07,0.0,0.05,0.0034091556444764137,0.8,9.620576747693121e-06,0.001286951475776732,0.02571171335875988,0.01379215344786644,0.008930720388889313,-1.2207030941624453e-08,0.9999995231628418,8.135780334472656,node_conditioned,25,True,True,False,-73.83358764648438,5.6517720222473145,1.8036476373672485,2.453577756881714,1.0836615562438965,2.245898485183716,-73.98915100097656,4.187504768371582,0.7123465478799116,-74.31694793701172,1.675119400024414,0.0,0.0,0.0,0.02571171335875988,0.0,0.0,100,0.2,0.165,0.05,1018,curvature_stage2_mpnn_v3_5_edge_gain,True,,,,,normalized_degree|time_since_last_tx|consecutive_tx_attempts|congestion_ewma|self_information_increment,,,,,,,,,,,,,,,,0.09864406287670135,0.023543305695056915,0.0,mpnn,5,4,16,curvature_attention_max,32,38,407200,none,normalized_version_gap_with_gain,,4072.0,0.45985937118530273,0.45985937118530273,0.337129682302475,,,,,0.5,0.0,,,,0.09864406287670135,0.023543305695056915,0.05970129370689392,0.07039119899272918,0.09521690011024475,0.130438894033432,0.1921728253364563,0.023425331339240074,0.023543305695056915,0.021571332588791847
125,6.625110600888729,0.10642499992158264,0.10241629558019999,0.1,0.002416295580199984,0.024162953385704504,0.024162953385704504,0.1046646237373352,0.0,0.00024162953385704504,False,0.0018334800843149424,5.4693684577941895,0.3309086859226227,1.5885256289038807e-05,0.0,0.05,0.002471443498507142,0.8,0.0016306964680552483,0.04128922522068024,0.02362718991935253,0.10736281424760818,0.008361672051250935,-9.155273872352154e-09,0.9999995231628418,8.217412948608398,node_conditioned,25,True,True,False,-73.79679870605469,5.460880279541016,1.8451882600784302,2.4001917839050293,1.0737138986587524,2.3222596645355225,-73.45375061035156,3.6415622234344482,0.5933263170499745,-74.33662414550781,2.0026888847351074,0.0,0.0,0.0,0.02362718991935253,0.0,0.0,100,0.2,0.1975,0.06,922,curvature_stage2_mpnn_v3_5_edge_gain,True,,,,,normalized_degree|time_since_last_tx|consecutive_tx_attempts|congestion_ewma|self_information_increment,,,,,,,,,,,,,,,,0.1046646237373352,0.022889714688062668,0.0,mpnn,5,4,16,curvature_attention_max,32,38,368800,none,normalized_version_gap_with_gain,,3688.0,0.4648683965206146,0.4648683965206146,0.3276812732219696,,,,,0.5,0.0,,,,0.1046646237373352,0.022889714688062668,0.05959787964820862,0.07931834161281585,0.10160981118679047,0.13406836688518523,0.19588318467140198,0.02272508107125759,0.022889714688062668,0.02038915827870369
126,6.302602274119854,0.09889999990351499,0.1006581477418575,0.1,0.0006581477418574899,0.006581476760427223,0.006581476760427223,0.09938064217567444,0.00024162953385704504,0.00030744430146131726,False,0.00023957376834005117,4.511326789855957,0.3195924460887909,-8.645355933367682e-07,0.0,0.05,0.00165229057893157,0.8,8.338630323123652e-06,0.00110851158387959,0.027922790497541428,0.010720549151301384,0.0071835811249911785,-1.2207030941624453e-08,0.999999463558197,8.593338966369629,node_conditioned,25,True,True,False,-73.35139465332031,5.3683247566223145,1.8108925819396973,2.2672884464263916,1.0860995054244995,2.0885424613952637,-72.54540252685547,3.7501747608184814,0.6898415779000268,-74.11648559570312,1.9381647109985352,1.161381391057148e-07,7.195875514298677e-05,0.00022730944328941405,0.027922790497541428,3.46179585903883e-05,0.0012397738755980572,100,0.2,0.15,0.0,1060,curvature_stage2_mpnn_v3_5_edge_gain,True,,,,,normalized_degree|time_since_last_tx|consecutive_tx_attempts|congestion_ewma|self_information_increment,,,,,,,,,,,,,,,,0.09938064217567444,0.01925964094698429,0.0,mpnn,5,4,16,curvature_attention_max,32,38,424000,none,normalized_version_gap_with_gain,,4240.0,0.48800840973854065,0.48800840973854065,0.3529621660709381,,,,,0.5,0.0,,,,0.09938064217567444,0.01925964094698429,0.05912679433822632,0.07681804597377778,0.0970245897769928,0.12624826133251188,0.16446304321289062,0.01909329928457737,0.01925964094698429,0.01653359644114971
127,6.513545465990901,0.10047499991487711,0.10056657382836731,0.1,0.0005665738283673061,0.005665737717099289,0.005665737717099289,0.10035950690507889,0.00030744430146131726,0.00036410167863231015,False,0.0002298284089192748,4.693495273590088,0.3219437003135681,9.780358141142642e-07,0.0,0.05,0.001030663144774735,0.8,9.306575520895422e-05,0.0061780232936143875,0.024704469367861748,0.006748217158019543,0.004633359611034393,-1.831054774470431e-08,0.9999995231628418,8.405440330505371,node_conditioned,25,True,True,False,-72.92933654785156,5.216686725616455,1.7917131185531616,2.381985902786255,1.0991642475128174,2.201531171798706,-72.45451354980469,3.594980239868164,0.6249780749529885,-72.04739379882812,1.904464602470398,-3.550774252403244e-08,9.221158688887954e-05,0.00028945168014615774,0.024704469367861748,4.3757492676377296e-05,0.0017712371924462314,100,0.2,0.1575,0.02,976,curvature_stage2_mpnn_v3_5_edge_gain,True,,,,,normalized_degree|time_since_last_tx|consecutive_tx_attempts|congestion_ewma|self_information_increment,,,,,,,,,,,,,,,,0.10035950690507889,0.021658292040228844,0.0,mpnn,5,4,16,curvature_attention_max,32,38,390400,none,normalized_version_gap_with_gain,,3904.0,0.46917712688446045,0.46917712688446045,0.3372722566127777,,,,,0.5,0.0,,,,0.10035950690507889,0.021658292040228844,0.058442384004592896,0.07081638872623444,0.1000373512506485,0.12868570387363434,0.16508370637893677,0.02151406742632389,0.021658292040228844,0.019261552020907402
128,7.187656062729657,0.09292499970644713,0.09674578676740722,0.1,-0.003254213232592784,-0.032542129071714936,-0.032542129071714936,0.09512688219547272,0.00036410167863231015,3.86803879151608e-05,False,7.652291969861835e-05,5.014183521270752,0.31163153052330017,-6.32035153103061e-06,0.0,0.05,0.0009166888776235282,0.8,0.0,0.0,0.025134265422821045,0.021740492433309555,0.003410633187741041,1.2207030941624453e-08,0.9999995827674866,8.618410110473633,node_conditioned,25,True,True,False,-73.53871154785156,5.524723529815674,1.7821367979049683,2.4682984352111816,1.0554531812667847,2.0794355869293213,-74.21649169921875,4.231770038604736,0.7585390856024826,-74.83149719238281,1.6323585510253906,8.017067898435926e-07,0.00010550631122896448,0.0003429296484682709,0.025134265422821045,4.8549230996286497e-05,0.0019315946125188668,100,0.2,0.135,0.0,1124,curvature_stage2_mpnn_v3_5_edge_gain,True,,,,,normalized_degree|time_since_last_tx|consecutive_tx_attempts|congestion_ewma|self_information_increment,,,,,,,,,,,,,,,,0.09512688219547272,0.019020868465304375,0.0,mpnn,5,4,16,curvature_attention_max,32,38,449600,none,normalized_version_gap_with_gain,,4496.0,0.4731200933456421,0.4731200933456421,0.352163702249527,,,,,0.5,0.0,,,,0.09512688219547272,0.019020868465304375,0.05814862251281738,0.07111109793186188,0.09314899146556854,0.12116312086582183,0.16193413734436035,0.018864024430513382,0.019020868465304375,0.016584837809205055
129,6.441256058290601,0.09985000004060567,0.09829789340400644,0.1,-0.0017021065959935688,-0.017021064257829264,-0.017021064257829264,0.09848131984472275,3.86803879151608e-05,0.0,False,4.9582300562178716e-05,4.5527849197387695,0.3195943236351013,1.4506330217045615e-06,0.0,0.05,0.0009814584627747536,0.8,1.2887304364994634e-05,0.0015013611409813166,0.01926177181303501,0.012962848879396915,0.003229786641895771,-6.103515470812226e-09,0.9999995231628418,8.812962532043457,node_conditioned,25,True,True,False,-72.16971588134766,5.220707416534424,1.79534113407135,2.33420729637146,1.0556155443191528,2.1244068145751953,-71.72876739501953,3.5851545333862305,0.6488767815865408,-71.8705062866211,1.726435899734497,-5.2941114603299866e-08,1.1566508874238934e-05,3.643554373411462e-05,0.01926177181303501,5.429050361271948e-06,0.00028185608236917884,100,0.2,0.1725,0.04,954,curvature_stage2_mpnn_v3_5_edge_gain,True,,,,,normalized_degree|time_since_last_tx|consecutive_tx_attempts|congestion_ewma|self_information_increment,,,,,,,,,,,,,,,,0.09848131984472275,0.019863538444042206,0.0,mpnn,5,4,16,curvature_attention_max,32,38,381600,none,normalized_version_gap_with_gain,,3816.0,0.4712773859500885,0.4712773859500885,0.33794134855270386,,,,,0.5,0.0,,,,0.09848131984472275,0.019863538444042206,0.05786219239234924,0.07296233475208283,0.09692320227622986,0.12479329109191895,0.16064363718032837,0.01971939206123352,0.019863538444042206,0.017324838787317276
130,7.392469716258347,0.09619999996386469,0.09724894668393556,0.1,-0.002751053316064442,-0.027510530409591376,-0.027510530409591376,0.09724964946508408,0.0,0.0,False,1.2325414900260512e-05,5.465798854827881,0.3163127303123474,2.446063717798097e-06,0.0,0.05,0.0009112080442719162,0.8,1.8968502217830974e-06,0.00027945765759795904,0.021238019689917564,0.018409473821520805,0.0024631917476654053,4.882812376649781e-08,0.9999994039535522,8.161023139953613,node_conditioned,25,True,True,False,-73.51722717285156,5.409494400024414,1.663203477859497,2.41060209274292,0.9924352765083313,2.107998847961426,-74.57623291015625,3.9064369201660156,0.7088082880472548,-76.16829681396484,1.7592836618423462,0.0,0.0,0.0,0.021238019689917564,0.0,0.0,100,0.2,0.19,0.05,894,curvature_stage2_mpnn_v3_5_edge_gain,True,,,,,normalized_degree|time_since_last_tx|consecutive_tx_attempts|congestion_ewma|self_information_increment,,,,,,,,,,,,,,,,0.09724964946508408,0.023883121088147163,0.0,mpnn,5,4,16,curvature_attention_max,32,38,357600,none,normalized_version_gap_with_gain,,3576.0,0.4264509975910187,0.4264509975910187,0.3094269335269928,,,,,0.5,0.0,,,,0.09724964946508408,0.023883121088147163,0.05766633152961731,0.06913315951824188,0.09390872716903687,0.12822506129741665,0.19010046124458313,0.02375827357172966,0.023883121088147163,0.021854188293218613
131,6.951092669181525,0.10007499964907765,0.0986619731665066,0.1,-0.0013380268334934053,-0.013380266996907354,-0.013380266996907354,0.10040120780467987,0.0,0.0,False,0.0002314554003532976,4.725221633911133,0.32364964485168457,1.0846649729501223e-06,0.0,0.05,0.0008662785403430462,0.8,0.0002158880524802953,0.011223000474274158,0.020129481330513954,0.00934409350156784,0.0026244535110890865,2.5939941750152684e-08,0.9999995827674866,8.083758354187012,node_conditioned,25,True,True,False,-72.98397827148438,5.359933853149414,1.6259586811065674,2.415379524230957,1.025418996810913,2.163688898086548,-73.34706115722656,3.8799171447753906,0.6890111492665036,-74.39501190185547,1.669395923614502,0.0,0.0,0.0,0.020129481330513954,0.0,0.0,100,0.2,0.1675,0.02,928,curvature_stage2_mpnn_v3_5_edge_gain,True,,,,,normalized_degree|time_since_last_tx|consecutive_tx_attempts|congestion_ewma|self_information_increment,,,,,,,,,,,,,,,,0.10040120780467987,0.022184543311595917,0.0,mpnn,5,4,16,curvature_attention_max,32,38,371200,none,normalized_version_gap_with_gain,,3712.0,0.43868133425712585,0.43868133425712585,0.31551963090896606,,,,,0.5,0.0,,,,0.10040120780467987,0.022184543311595917,0.057755857706069946,0.07380481958389282,0.09826056659221649,0.12900624275207517,0.1929847002029419,0.0220442246645689,0.022184543311595917,0.019908804446458817
132,7.37516413141042,0.0962000001873821,0.09743098667694436,0.1,-0.0025690133230556467,-0.025690130661543402,-0.025690130661543402,0.0973518118262291,0.0,0.0,False,2.6460773369763047e-05,5.316898822784424,0.3161727488040924,1.972276322703692e-06,0.0,0.05,0.001092299586161971,0.8,4.264617928129155e-06,0.0004912507720291615,0.024257391691207886,0.01992875337600708,0.003437950974330306,6.866454960174906e-09,0.9999995231628418,7.994862079620361,node_conditioned,25,True,True,False,-73.8863754272461,5.739649772644043,1.7373147010803223,2.1836986541748047,1.015315055847168,2.1910035610198975,-74.90319061279297,4.348060131072998,0.7460810607242425,-76.51629638671875,1.8343220949172974,0.0,0.0,0.0,0.024257391691207886,0.0,0.0,100,0.2,0.16,0.02,960,curvature_stage2_mpnn_v3_5_edge_gain,True,,,,,normalized_degree|time_since_last_tx|consecutive_tx_attempts|congestion_ewma|self_information_increment,,,,,,,,,,,,,,,,0.0973518118262291,0.024678470566868782,0.0,mpnn,5,4,16,curvature_attention_max,32,38,384000,none,normalized_version_gap_with_gain,,3840.0,0.43688660860061646,0.43688660860061646,0.3199435770511627,,,,,0.5,0.0,,,,0.0973518118262291,0.024678470566868782,0.057625144720077515,0.06676070392131805,0.09365829825401306,0.1308932363986969,0.19244033098220825,0.024559546262025833,0.024678470566868782,0.02261015959084034
133,6.672056314088405,0.10029999984428287,0.09886549326061361,0.1,-0.0011345067393863928,-0.011345066259357302,-0.011345066259357302,0.0992477759718895,0.0,0.0,False,9.766515722731128e-05,5.196822643280029,0.32130947709083557,-4.1940670598705765e-06,0.0,0.05,0.0013160546077415347,0.8,6.510216917376965e-05,0.004990722984075546,0.018526379019021988,0.005991797894239426,0.0040437704883515835,1.2207030941624453e-08,0.9999995827674866,7.866076469421387,node_conditioned,25,True,True,False,-73.38372802734375,5.384141445159912,1.7472031116485596,2.3947031497955322,1.0686688423156738,2.2260472774505615,-73.17471313476562,3.7081618309020996,0.6396276650935695,-73.76637268066406,1.4892584085464478,0.0,0.0,0.0,0.018526379019021988,0.0,0.0,100,0.2,0.19,0.06,1070,curvature_stage2_mpnn_v3_5_edge_gain,True,,,,,normalized_degree|time_since_last_tx|consecutive_tx_attempts|congestion_ewma|self_information_increment,,,,,,,,,,,,,,,,0.0992477759718895,0.022056180983781815,0.0,mpnn,5,4,16,curvature_attention_max,32,38,428000,none,normalized_version_gap_with_gain,,4280.0,0.47893622517585754,0.47893622517585754,0.35039061307907104,,,,,0.5,0.0,,,,0.0992477759718895,0.022056180983781815,0.05767759680747986,0.0734131544828415,0.09658632427453995,0.12710977494716644,0.19271424412727356,0.021917954087257385,0.022056180983781815,0.01958034373819828
134,6.800528028309345,0.10115000004414469,0.10000774665237916,0.1,7.746652379153618e-06,7.746651604488458e-05,7.746651604488458e-05,0.09850549697875977,0.0,7.746651604488458e-07,False,6.13856827840209e-05,5.426778793334961,0.3196483254432678,-6.056933216314064e-06,0.0,0.05,0.0013773593818768859,0.8,3.011536318808794e-05,0.00269101420417428,0.020944705232977867,0.011848531663417816,0.004273172467947006,3.662109548940862e-08,0.9999995231628418,7.883569717407227,node_conditioned,25,True,True,False,-73.72895050048828,5.276279449462891,1.724607229232788,2.418724536895752,1.0164365768432617,2.3372995853424072,-73.64553833007812,3.5068728923797607,0.5557896202402397,-73.90188598632812,1.784925103187561,0.0,0.0,0.0,0.020944705232977867,0.0,0.0,100,0.2,0.165,0.04,950,curvature_stage2_mpnn_v3_5_edge_gain,True,,,,,normalized_degree|time_since_last_tx|consecutive_tx_attempts|congestion_ewma|self_information_increment,,,,,,,,,,,,,,,,0.09850549697875977,0.021772043779492378,0.0,mpnn,5,4,16,curvature_attention_max,32,38,380000,none,normalized_version_gap_with_gain,,3800.0,0.45171549916267395,0.45171549916267395,0.3279901444911957,,,,,0.5,0.0,,,,0.09850549697875977,0.021772043779492378,0.05769234895706177,0.07056432962417603,0.09632240608334541,0.12628742754459382,0.19204100966453552,0.0216220673173666,0.021772043779492378,0.019188499078154564
135,6.663116412572562,0.0981249999674037,0.09906637330989143,0.1,-0.0009336266901085744,-0.009336265967459147,-0.009336265967459147,0.09735269844532013,7.746651604488458e-07,0.0,False,4.0773993532639e-05,4.280316352844238,0.31688445806503296,-2.7181349651073106e-06,0.0,0.05,0.001730521209537983,0.8,1.922494220707449e-06,0.0003121019690297544,0.0219198539853096,0.016876615583896637,0.004969787783920765,-2.4414061883248905e-08,0.9999995231628418,8.199822425842285,node_conditioned,25,True,True,False,-73.34358978271484,5.384650230407715,1.7846405506134033,2.228402853012085,1.0493096113204956,2.08402943611145,-73.27078247070312,3.8585267066955566,0.7082810241297356,-76.99291229248047,1.6226838827133179,-5.982758732869797e-10,2.2962301216011838e-07,7.298509672182263e-07,0.0219198539853096,1.1017852585837318e-07,5.026423792237641e-06,100,0.2,0.1625,0.01,962,curvature_stage2_mpnn_v3_5_edge_gain,True,,,,,normalized_degree|time_since_last_tx|consecutive_tx_attempts|congestion_ewma|self_information_increment,,,,,,,,,,,,,,,,0.09735269844532013,0.023045549169182777,0.0,mpnn,5,4,16,curvature_attention_max,32,38,384800,none,normalized_version_gap_with_gain,,3848.0,0.44309118390083313,0.44309118390083313,0.3148433566093445,,,,,0.5,0.0,,,,0.09735269844532013,0.023045549169182777,0.0576554536819458,0.0678812712430954,0.09621478617191315,0.12820352017879486,0.167613685131073,0.02291070483624935,0.023045549169182777,0.020594581961631775
136,6.84161287818104,0.096949999849312,0.09800818657960172,0.1,-0.0019918134203982807,-0.019918132212169586,-0.019918132212169586,0.0991082489490509,0.0,0.0,False,0.00012074339610990137,4.888033390045166,0.32131436467170715,6.735068382113241e-06,0.0,0.05,0.0021828606259077787,0.8,5.967165270703845e-05,0.004462630953639746,0.022172005847096443,0.008831657469272614,0.00606608996167779,2.5177001816700795e-08,0.9999995231628418,8.128650665283203,node_conditioned,25,True,True,False,-73.48800659179688,5.216949939727783,1.6828713417053223,2.188791513442993,1.0142995119094849,2.214650869369507,-73.6148910522461,3.707797050476074,0.6432379961737846,-76.23542785644531,1.4984723329544067,0.0,0.0,0.0,0.022172005847096443,0.0,0.0,100,0.2,0.19,0.02,990,curvature_stage2_mpnn_v3_5_edge_gain,True,,,,,normalized_degree|time_since_last_tx|consecutive_tx_attempts|congestion_ewma|self_information_increment,,,,,,,,,,,,,,,,0.0991082489490509,0.021253054961562157,0.0,mpnn,5,4,16,curvature_attention_max,32,38,396000,none,normalized_version_gap_with_gain,,3960.0,0.4573061466217041,0.4573061466217041,0.3304719626903534,,,,,0.5,0.0,,,,0.0991082489490509,0.021253054961562157,0.05774691700935364,0.07330296635627746,0.09725555777549744,0.1269643574953079,0.1961580514907837,0.021104907616972923,0.021253054961562157,0.018379416316747665
137,7.013290903978049,0.09879999981727451,0.09840409319843813,0.1,-0.0015959068015618805,-0.015959066419712162,-0.015959066419712162,0.09963954240083694,0.0,0.0,False,0.00018718806677497923,4.197839260101318,0.3216552734375,5.802620307804318e-06,0.0,0.05,0.002338640158995986,0.8,0.00010530244617257267,0.006864265073090792,0.02228448912501335,0.004710799548774958,0.006613045930862427,-1.831054774470431e-08,0.9999995827674866,9.22740364074707,node_conditioned,25,True,True,False,-73.8613052368164,5.396024227142334,1.8033514022827148,2.3271560668945312,1.0047775506973267,2.0237057209014893,-74.2386245727539,3.93784761428833,0.7358948036665764,-76.50035858154297,2.075826644897461,0.0,0.0,0.0,0.02228448912501335,0.0,0.0,100,0.2,0.18,0.05,974,curvature_stage2_mpnn_v3_5_edge_gain,True,,,,,normalized_degree|time_since_last_tx|consecutive_tx_attempts|congestion_ewma|self_information_increment,,,,,,,,,,,,,,,,0.09963954240083694,0.023888863623142242,0.0,mpnn,5,4,16,curvature_attention_max,32,38,389600,none,normalized_version_gap_with_gain,,3896.0,0.45475026965141296,0.45475026965141296,0.3333214819431305,,,,,0.5,0.0,,,,0.09963954240083694,0.023888863623142242,0.05783393979072571,0.07253379523754121,0.0957551896572113,0.13214040398597718,0.19919031858444214,0.02374674752354622,0.023888863623142242,0.02128874883055687
138,6.731673994362354,0.09887499995995314,0.09863954657919563,0.1,-0.001360453420804375,-0.013604532847590466,-0.013604532847590466,0.09881243854761124,0.0,0.0,False,0.00013059878256171942,4.035636901855469,0.31959566473960876,-5.106374487695575e-07,0.0,0.05,0.002511335536837578,0.8,3.441433364059776e-05,0.0030161794275045395,0.02378084324300289,0.011087427847087383,0.007016895338892937,-6.103515470812226e-09,0.9999995231628418,8.363025665283203,node_conditioned,25,True,True,False,-73.15153503417969,5.303581237792969,1.6356359720230103,2.2454745769500732,0.9700350761413574,2.0157265663146973,-73.18513488769531,3.8891513347625732,0.7313706261487792,-76.05216217041016,1.81981360912323,0.0,0.0,0.0,0.02378084324300289,0.0,0.0,100,0.2,0.1975,0.05,958,curvature_stage2_mpnn_v3_5_edge_gain,True,,,,,normalized_degree|time_since_last_tx|consecutive_tx_attempts|congestion_ewma|self_information_increment,,,,,,,,,,,,,,,,0.09881243854761124,0.024031320586800575,0.0,mpnn,5,4,16,curvature_attention_max,32,38,383200,none,normalized_version_gap_with_gain,,3832.0,0.4591379761695862,0.4591379761695862,0.330000102519989,,,,,0.5,0.0,,,,0.09881243854761124,0.024031320586800575,0.05759885907173157,0.06849410831928253,0.09700347483158112,0.13031017780303955,0.1968766152858734,0.023881398141384125,0.024031320586800575,0.02134438045322895
139,6.9380575746297835,0.10154999994207174,0.10009477326063368,0.1,9.477326063367375e-05,0.0009477325115634863,0.0009477325115634863,0.10317641496658325,0.0,9.477325115634863e-06,False,0.0010083906818181276,3.2515909671783447,0.32764989137649536,-5.99170925852377e-06,0.0,0.05,0.0015796897932887077,0.8,0.0008780206553637981,0.029718808829784393,0.026075471192598343,0.06717506796121597,0.006289674434810877,-6.103515470812226e-09,0.9999995231628418,9.913097381591797,node_conditioned,25,True,True,False,-73.71524810791016,5.364933967590332,1.7327901124954224,2.480820894241333,1.009566307067871,1.7951675653457642,-73.96641540527344,4.210819721221924,0.8182490650651832,-75.6070785522461,1.9712505340576172,0.0,0.0,0.0,0.026075471192598343,0.0,0.0,100,0.2,0.1875,0.04,870,curvature_stage2_mpnn_v3_5_edge_gain,True,,,,,normalized_degree|time_since_last_tx|consecutive_tx_attempts|congestion_ewma|self_information_increment,,,,,,,,,,,,,,,,0.10317641496658325,0.025396795943379402,0.0,mpnn,5,4,16,curvature_attention_max,32,38,348000,none,normalized_version_gap_with_gain,,3480.0,0.43272170424461365,0.43272170424461365,0.31507691740989685,,,,,0.5,0.0,,,,0.10317641496658325,0.025396795943379402,0.0575920045375824,0.07374800741672516,0.10023199021816254,0.13837175667285917,0.19855302572250366,0.02526799589395523,0.025396795943379402,0.022615568712353706
140,7.037126762345434,0.10442500004544854,0.10225988665304112,0.1,0.00225988665304111,0.022598864270524672,0.022598864270524672,0.10521625727415085,9.477325115634863e-06,0.0002354659678208816,False,0.001631837454624474,4.020480632781982,0.3295248746871948,-1.2735791869999957e-06,0.0,0.05,0.0007825525244697928,0.8,0.0014355870662257075,0.037366632372140884,0.02034037373960018,0.12182725965976715,0.0047790007665753365,3.204345588869728e-08,0.999999463558197,8.465292930603027,node_conditioned,25,True,True,False,-74.02484893798828,5.442543029785156,1.8307671546936035,2.196685791015625,0.9981275796890259,1.9829871654510498,-74.43631744384766,4.17946720123291,0.7748883546959199,-77.00337219238281,1.794534683227539,7.499054710535802e-09,2.8891872716485523e-06,8.932128366723191e-06,0.02034037373960018,1.4398400480786222e-06,7.078726077696527e-05,100,0.2,0.185,0.02,884,curvature_stage2_mpnn_v3_5_edge_gain,True,,,,,normalized_degree|time_since_last_tx|consecutive_tx_attempts|congestion_ewma|self_information_increment,,,,,,,,,,,,,,,,0.10521625727415085,0.02538883313536644,0.0,mpnn,5,4,16,curvature_attention_max,32,38,353600,none,normalized_version_gap_with_gain,,3536.0,0.43600210547447205,0.43600210547447205,0.3109072744846344,,,,,0.5,0.0,,,,0.10521625727415085,0.02538883313536644,0.05727890133857727,0.07488226294517517,0.1026180237531662,0.14230192452669144,0.19769969582557678,0.025219101458787918,0.02538883313536644,0.022500189021229744
141,6.574872985109687,0.09914999981876463,0.10070494323590287,0.1,0.0007049432359028662,0.007049431654085497,0.007049431654085497,0.10056523978710175,0.0002354659678208816,0.00030596028436173656,False,0.0002426518185529858,5.898740291595459,0.3200035095214844,-1.1064493264711928e-05,0.0,0.05,0.0006711244350299239,0.8,3.407117765164003e-05,0.002511289669200778,0.01738111674785614,0.01630839891731739,0.0019746986217796803,-6.103515470812226e-09,0.9999995231628418,7.884164810180664,node_conditioned,25,True,True,False,-73.27069854736328,5.001726150512695,1.6626673936843872,2.357048273086548,0.9942352175712585,2.410414218902588,-72.87938690185547,3.3299267292022705,0.4760209437184728,-74.28056335449219,1.554110050201416,3.3324059245387616e-07,7.021944475127384e-05,0.00022208313748706132,0.01738111674785614,3.453633689787239e-05,0.001987002189149345,100,0.2,0.1625,0.01,936,curvature_stage2_mpnn_v3_5_edge_gain,True,,,,,normalized_degree|time_since_last_tx|consecutive_tx_attempts|congestion_ewma|self_information_increment,,,,,,,,,,,,,,,,0.10056523978710175,0.02104407735168934,0.0,mpnn,5,4,16,curvature_attention_max,32,38,374400,none,normalized_version_gap_with_gain,,3744.0,0.4604537785053253,0.4604537785053253,0.3321055769920349,,,,,0.5,0.0,,,,0.10056523978710175,0.02104407735168934,0.056468456983566284,0.07371149957180023,0.09869608283042908,0.12870382517576218,0.17087364196777344,0.020876456052064896,0.02104407735168934,0.017793266102671623
142,7.222502278834582,0.09584999992512167,0.09827747158051227,0.1,-0.0017225284194877372,-0.017225282472349123,-0.017225282472349123,0.09615425020456314,0.00030596028436173656,0.00013370745963824532,False,0.00016767156193964183,4.5465288162231445,0.3105594217777252,6.088163786444056e-07,0.0,0.05,0.0011854624608531594,0.8,0.0,0.0,0.019199367612600327,0.020794454962015152,0.0020815881434828043,-1.831054774470431e-08,0.9999995231628418,7.941079139709473,node_conditioned,25,True,True,False,-74.22232055664062,5.5594611167907715,1.850012183189392,2.4854354858398438,0.9899059534072876,2.0343775749206543,-74.89287567138672,4.211663722991943,0.7666779339710994,-76.4357681274414,1.866031289100647,9.30903709672748e-08,8.982482540886849e-05,0.0002890204777941108,0.019199367612600327,4.3378269765526056e-05,0.0022593581229975604,100,0.2,0.1625,0.01,996,curvature_stage2_mpnn_v3_5_edge_gain,True,,,,,normalized_degree|time_since_last_tx|consecutive_tx_attempts|congestion_ewma|self_information_increment,,,,,,,,,,,,,,,,0.09615425020456314,0.026447592303156853,0.0,mpnn,5,4,16,curvature_attention_max,32,38,398400,none,normalized_version_gap_with_gain,,3984.0,0.45951223373413086,0.45951223373413086,0.3358514606952667,,,,,0.5,0.0,,,,0.09615425020456314,0.026447592303156853,0.055063098669052124,0.06567351520061493,0.09132365882396698,0.13392493426799773,0.19128552079200745,0.02632819674909115,0.026447592303156853,0.024266231805086136
143,7.75729875665158,0.08982500004582107,0.09405123581316667,0.1,-0.005948764186833336,-0.059487635919569765,-0.059487635919569765,0.09219688177108765,0.00013370745963824532,0.0,False,9.438721463084221e-05,4.564573287963867,0.3039369285106659,-5.745842827309389e-06,0.0,0.05,0.0013770019868388772,0.8,0.0,0.0,0.01856195367872715,0.02183363027870655,0.003701961599290371,-2.1362303925798187e-08,0.9999995231628418,9.020835876464844,node_conditioned,25,True,True,False,-75.00252532958984,5.4844536781311035,1.6372649669647217,2.2746968269348145,0.9272314310073853,1.8624757528305054,-76.446533203125,4.247425556182861,0.8077219342393516,-77.53461456298828,1.827885389328003,3.1713824455437134e-07,3.809601184912026e-05,0.00012643486843444407,0.01856195367872715,1.7825179384090006e-05,0.0009603067699415049,100,0.2,0.17,0.03,924,curvature_stage2_mpnn_v3_5_edge_gain,True,,,,,normalized_degree|time_since_last_tx|consecutive_tx_attempts|congestion_ewma|self_information_increment,,,,,,,,,,,,,,,,0.09219688177108765,0.023139713332057,0.0,mpnn,5,4,16,curvature_attention_max,32,38,369600,none,normalized_version_gap_with_gain,,3696.0,0.4218677282333374,0.4218677282333374,0.3137654662132263,,,,,0.5,0.0,,,,0.09219688177108765,0.023139713332057,0.05422627925872803,0.06462672352790833,0.09049177169799805,0.12168518304824828,0.18685409426689148,0.023018386214971542,0.023139713332057,0.02094891108572483
144,6.770773480273784,0.09440000013448298,0.09422561797382482,0.1,-0.005774382026175182,-0.057743814487370364,-0.057743814487370364,0.09390746802091599,0.0,0.0,False,1.812771733966656e-05,4.315244674682617,0.30973687767982483,-7.336172416216868e-07,0.0,0.05,0.0012592828134074807,0.8,0.0,0.0,0.022360309958457947,0.02624506689608097,0.004285698290914297,-6.103515470812226e-09,0.999999463558197,8.626443862915039,node_conditioned,25,True,True,False,-74.2088394165039,5.328481674194336,1.6965878009796143,2.4451119899749756,1.0009642839431763,1.9887425899505615,-74.07878875732422,3.774151086807251,0.7223366856205665,-75.6795883178711,1.5365742444992065,0.0,0.0,0.0,0.022360309958457947,0.0,0.0,100,0.2,0.1675,0.01,990,curvature_stage2_mpnn_v3_5_edge_gain,True,,,,,normalized_degree|time_since_last_tx|consecutive_tx_attempts|congestion_ewma|self_information_increment,,,,,,,,,,,,,,,,0.09390746802091599,0.020045248791575432,0.0,mpnn,5,4,16,curvature_attention_max,32,38,396000,none,normalized_version_gap_with_gain,,3960.0,0.46890032291412354,0.46890032291412354,0.3417709767818451,,,,,0.5,0.0,,,,0.09390746802091599,0.020045248791575432,0.05442586541175842,0.06942148208618164,0.09207276999950409,0.12012247443199157,0.18908682465553284,0.019887180998921394,0.020045248791575432,0.01723327301442623
145,6.615735863447189,0.09767499980982393,0.09595030889182438,0.1,-0.004049691108175629,-0.04049690703206559,-0.04049690703206559,0.09840455651283264,0.0,0.0,False,4.696218093158677e-05,5.241545677185059,0.31985893845558167,8.010794772417285e-06,0.0,0.05,0.0010917705949395895,0.8,4.444884689291939e-05,0.003280485514551401,0.015088476240634918,0.013972696848213673,0.00395092973485589,-2.4414061883248905e-08,0.9999995231628418,8.207385063171387,node_conditioned,25,True,True,False,-74.72003936767578,5.183671951293945,1.7453863620758057,2.39145565032959,1.0413405895233154,2.2423834800720215,-74.17452239990234,3.5823559761047363,0.6081838791763226,-75.19998168945312,1.8144183158874512,0.0,0.0,0.0,0.015088476240634918,0.0,0.0,100,0.2,0.175,0.05,1042,curvature_stage2_mpnn_v3_5_edge_gain,True,,,,,normalized_degree|time_since_last_tx|consecutive_tx_attempts|congestion_ewma|self_information_increment,,,,,,,,,,,,,,,,0.09840455651283264,0.022556044161319733,0.0,mpnn,5,4,16,curvature_attention_max,32,38,416800,none,normalized_version_gap_with_gain,,4168.0,0.4694909453392029,0.4694909453392029,0.3415442705154419,,,,,0.5,0.0,,,,0.09840455651283264,0.022556044161319733,0.05462968349456787,0.07255474328994752,0.09512478113174438,0.12931089699268342,0.1904972791671753,0.022413358092308044,0.022556044161319733,0.019842471927404404
146,7.452214382998645,0.09384999992325901,0.0949001544075417,0.1,-0.00509984559245831,-0.05099845082473802,-0.05099845082473802,0.09558314085006714,0.0,0.0,False,-4.518121204455383e-05,4.416787624359131,0.3126889765262604,1.5650468412786722e-05,0.0,0.05,0.0007225649314932525,0.8,1.5777498196811734e-09,3.1389290597871877e-06,0.02015090361237526,0.022836429998278618,0.002990852575749159,-3.051757957450718e-08,0.9999995231628418,8.615796089172363,node_conditioned,25,True,True,False,-76.10448455810547,5.629222393035889,1.7574069499969482,2.4062371253967285,1.0249791145324707,1.995100498199463,-76.763916015625,4.224234580993652,0.7769339526178682,-75.69841003417969,1.6328704357147217,0.0,0.0,0.0,0.02015090361237526,0.0,0.0,100,0.2,0.1775,0.04,1040,curvature_stage2_mpnn_v3_5_edge_gain,True,,,,,normalized_degree|time_since_last_tx|consecutive_tx_attempts|congestion_ewma|self_information_increment,,,,,,,,,,,,,,,,0.09558314085006714,0.026390550658106804,0.0,mpnn,5,4,16,curvature_attention_max,32,38,416000,none,normalized_version_gap_with_gain,,4160.0,0.44879621267318726,0.44879621267318726,0.3344385623931885,,,,,0.5,0.0,,,,0.09558314085006714,0.026390550658106804,0.05469346046447754,0.06673333942890168,0.0908968597650528,0.13825737237930297,0.1913028061389923,0.026294352486729622,0.026390550658106804,0.024272095412015915
147,6.560210360772908,0.09582500005140901,0.09536257722947536,0.1,-0.004637422770524646,-0.046374223067824155,-0.046374223067824155,0.09477497637271881,0.0,0.0,False,-6.15398894296959e-05,5.287438869476318,0.3125312626361847,-1.0378904335084371e-05,0.0,0.05,0.0005782842636108398,0.8,0.0,0.0,0.019984805956482887,0.020722415298223495,0.0010816813446581364,-6.103515470812226e-09,0.9999995231628418,8.541783332824707,node_conditioned,25,True,True,False,-74.33568572998047,4.981690406799316,1.7474522590637207,2.218665361404419,1.0265733003616333,2.258878707885742,-73.76329040527344,3.234663486480713,0.5123282557933293,-75.7755355834961,1.6618448495864868,0.0,0.0,0.0,0.019984805956482887,0.0,0.0,100,0.2,0.17,0.01,942,curvature_stage2_mpnn_v3_5_edge_gain,True,,,,,normalized_degree|time_since_last_tx|consecutive_tx_attempts|congestion_ewma|self_information_increment,,,,,,,,,,,,,,,,0.09477497637271881,0.02068120613694191,0.0,mpnn,5,4,16,curvature_attention_max,32,38,376800,none,normalized_version_gap_with_gain,,3768.0,0.45965245366096497,0.45965245366096497,0.3288450241088867,,,,,0.5,0.0,,,,0.09477497637271881,0.02068120613694191,0.05507504940032959,0.070926633477211,0.09230455756187439,0.12179648876190186,0.19338753819465637,0.020549442619085312,0.02068120613694191,0.01761613041162491
148,7.845460604391992,0.09302499995566904,0.0941937885925722,0.1,-0.005806211407427805,-0.05806210826806723,-0.05806210826806723,0.09301342815160751,0.0,0.0,False,-3.527364970068447e-05,5.578921794891357,0.3084864616394043,7.749462383799255e-06,0.0,0.05,0.0007638873066753149,0.8,0.0,0.0,0.016990438103675842,0.016606630757451057,0.000610709423199296,1.2207030941624453e-08,0.9999994039535522,8.24609088897705,node_conditioned,25,True,True,False,-76.22660827636719,5.811450958251953,1.6136783361434937,2.3082528114318848,0.9674795269966125,1.9838851690292358,-77.6416015625,4.588691234588623,0.8130802031495397,-78.15357208251953,1.4529802799224854,0.0,0.0,0.0,0.016990438103675842,0.0,0.0,100,0.2,0.16,0.01,988,curvature_stage2_mpnn_v3_5_edge_gain,True,,,,,normalized_degree|time_since_last_tx|consecutive_tx_attempts|congestion_ewma|self_information_increment,,,,,,,,,,,,,,,,0.09301342815160751,0.020297402516007423,0.0,mpnn,5,4,16,curvature_attention_max,32,38,395200,none,normalized_version_gap_with_gain,,3952.0,0.4351787567138672,0.4351787567138672,0.32466959953308105,,,,,0.5,0.0,,,,0.09301342815160751,0.020297402516007423,0.05512383580207825,0.06758071482181549,0.09151509404182434,0.12108377218246459,0.16341540217399597,0.02013176865875721,0.020297402516007423,0.017230184748768806
149,6.800350508838892,0.10077499982900917,0.09748439421079069,0.1,-0.002515605789209313,-0.025156055376487595,-0.025156055376487595,0.10016503185033798,0.0,0.0,False,0.00021517356799449772,4.422780513763428,0.3235541880130768,-8.050014912441839e-07,0.0,0.05,0.0009303512633778155,0.8,0.0002310095151187852,0.012386184185743332,0.020083565264940262,0.005932485219091177,0.0020048613660037518,3.9672851670502496e-08,0.999999463558197,8.962491989135742,node_conditioned,25,True,True,False,-75.01910400390625,5.229496479034424,1.6843223571777344,2.3905625343322754,0.9809414744377136,2.0440824031829834,-74.80289459228516,3.7610747814178467,0.7046256194013767,-76.87889099121094,1.3899005651474,0.0,0.0,0.0,0.020083565264940262,0.0,0.0,100,0.2,0.1525,0.02,914,curvature_stage2_mpnn_v3_5_edge_gain,True,,,,,normalized_degree|time_since_last_tx|consecutive_tx_attempts|congestion_ewma|self_information_increment,,,,,,,,,,,,,,,,0.10016503185033798,0.02290504425764084,0.0,mpnn,5,4,16,curvature_attention_max,32,38,365600,none,normalized_version_gap_with_gain,,3656.0,0.4537101686000824,0.4537101686000824,0.32477375864982605,,,,,0.5,0.0,,,,0.10016503185033798,0.02290504425764084,0.05553954839706421,0.07063681483268738,0.09862852096557617,0.12940999567508696,0.1939678192138672,0.02274426445364952,0.02290504425764084,0.019624529406428337
150,6.93056035913527,0.0978500000340864,0.09766719712243854,0.1,-0.002332802877561463,-0.023328026442811983,-0.023328026442811983,0.09897992014884949,0.0,0.0,False,0.00010938685591099784,5.924889087677002,0.3202507793903351,3.25338851325796e-06,0.0,0.05,0.0010692577343434095,0.8,8.277943561552092e-05,0.0051108477637171745,0.016925452277064323,0.004100510384887457,0.002730526262894273,4.2724607851596375e-08,0.9999995827674866,7.657285213470459,node_conditioned,25,True,True,False,-75.35305786132812,5.361544132232666,1.8009394407272339,2.561231851577759,1.0142613649368286,2.440803289413452,-75.21884155273438,3.898071527481079,0.6079279247707692,-75.32733917236328,1.554141640663147,0.0,0.0,0.0,0.016925452277064323,0.0,0.0,100,0.2,0.19,0.03,962,curvature_stage2_mpnn_v3_5_edge_gain,True,,,,,normalized_degree|time_since_last_tx|consecutive_tx_attempts|congestion_ewma|self_information_increment,,,,,,,,,,,,,,,,0.09897992014884949,0.02366388589143753,0.0,mpnn,5,4,16,curvature_attention_max,32,38,384800,none,normalized_version_gap_with_gain,,3848.0,0.4477304220199585,0.4477304220199585,0.3269842863082886,,,,,0.5,0.0,,,,0.09897992014884949,0.02366388589143753,0.05566588044166565,0.07059385180473328,0.0960654616355896,0.13207806050777435,0.19772374629974365,0.023503294214606285,0.02366388589143753,0.020600955933332443
151,6.820248217172921,0.09887500016950071,0.09827109864596963,0.1,-0.0017289013540303794,-0.01728901181140261,-0.01728901181140261,0.0980125442147255,0.0,0.0,False,4.265327879693359e-05,3.8272128105163574,0.31831684708595276,-5.237999630480772e-06,0.0,0.05,0.0010895596351474524,0.8,2.0395753381308168e-05,0.0017094910144805908,0.020468294620513916,0.014444753527641296,0.0029094077181071043,2.4414061883248905e-08,0.9999995231628418,8.68509292602539,node_conditioned,25,True,True,False,-75.0765609741211,5.346882343292236,1.720461130142212,2.377443552017212,1.0128344297409058,1.9741246700286865,-74.88298034667969,3.890580177307129,0.7425337028356251,-76.36224365234375,1.5069341659545898,0.0,0.0,0.0,0.020468294620513916,0.0,0.0,100,0.2,0.1825,0.05,1020,curvature_stage2_mpnn_v3_5_edge_gain,True,,,,,normalized_degree|time_since_last_tx|consecutive_tx_attempts|congestion_ewma|self_information_increment,,,,,,,,,,,,,,,,0.0980125442147255,0.022942624986171722,0.0,mpnn,5,4,16,curvature_attention_max,32,38,408000,none,normalized_version_gap_with_gain,,4080.0,0.45881667733192444,0.45881667733192444,0.33569952845573425,,,,,0.5,0.0,,,,0.0980125442147255,0.022942624986171722,0.05565464496612549,0.07144950330257416,0.0947745032608509,0.12843161225318908,0.19695787131786346,0.02277209796011448,0.022942624986171722,0.019748535007238388
152,7.3017984898760915,0.10265000026207417,0.1004605494540219,0.1,0.00046054945402189407,0.004605494079669533,0.004605494079669533,0.10024139285087585,0.0,4.605494079669533e-05,False,0.00021473730157595128,3.774263620376587,0.3231012225151062,-1.641720587031159e-06,0.0,0.05,0.0010290651116520166,0.8,0.00018923619063571095,0.011067517101764679,0.023041797801852226,0.008321454748511314,0.003050535451620817,-6.103515470812226e-09,0.9999995231628418,8.646252632141113,node_conditioned,25,True,True,False,-75.8769302368164,5.623571395874023,1.650651216506958,2.3157596588134766,0.9613780379295349,1.8586255311965942,-76.44490051269531,4.4476094245910645,0.8253653002248843,-78.1073989868164,1.7201370000839233,0.0,0.0,0.0,0.023041797801852226,0.0,0.0,100,0.2,0.1575,0.03,924,curvature_stage2_mpnn_v3_5_edge_gain,True,,,,,normalized_degree|time_since_last_tx|consecutive_tx_attempts|congestion_ewma|self_information_increment,,,,,,,,,,,,,,,,0.10024139285087585,0.02250274457037449,0.0,mpnn,5,4,16,curvature_attention_max,32,38,369600,none,normalized_version_gap_with_gain,,3696.0,0.4386528432369232,0.4386528432369232,0.3188719153404236,,,,,0.5,0.0,,,,0.10024139285087585,0.02250274457037449,0.055766016244888306,0.0705404758453369,0.09940475225448608,0.12972067296504974,0.17759889364242554,0.022310437634587288,0.02250274457037449,0.01894495263695717
153,7.275358843617141,0.09872500002384185,0.09959277473893188,0.1,-0.0004072252610681226,-0.004072252203456006,-0.004072252203456006,0.09851402789354324,4.605494079669533e-05,5.332418762135275e-06,False,6.749761087121442e-05,4.654210090637207,0.31776198744773865,2.83586985005968e-07,0.0,0.05,0.0012166204396635294,0.8,2.3390219212160446e-05,0.002188352635130286,0.02071167528629303,0.012247353792190552,0.0037873871624469757,6.103515470812226e-09,0.9999995231628418,7.975652694702148,node_conditioned,25,True,True,False,-75.51212310791016,5.530272006988525,1.872769832611084,2.4445269107818604,0.9763608574867249,2.133558988571167,-75.97200012207031,4.183953762054443,0.7399627171383785,-75.7580337524414,2.1766624450683594,-9.716145221716488e-09,1.3682289136340842e-05,4.347522553871386e-05,0.02071167528629303,6.653319360339083e-06,0.0003212350549157022,100,0.2,0.1775,0.05,986,curvature_stage2_mpnn_v3_5_edge_gain,True,,,,,normalized_degree|time_since_last_tx|consecutive_tx_attempts|congestion_ewma|self_information_increment,,,,,,,,,,,,,,,,0.09851402789354324,0.027799509465694427,0.0,mpnn,5,4,16,curvature_attention_max,32,38,394400,none,normalized_version_gap_with_gain,,3944.0,0.44782331585884094,0.44782331585884094,0.3280997574329376,,,,,0.5,0.0,,,,0.09851402789354324,0.027799509465694427,0.05566522479057312,0.06516585350036622,0.09521196782588959,0.13917027711868285,0.19964632391929626,0.027653342112898827,0.027799509465694427,0.025087226182222366
154,6.687978527471423,0.09865000005345792,0.0991213873961949,0.1,-0.000878612603805104,-0.008786125159438524,-0.008786125159438524,0.09827747941017151,5.332418762135275e-06,0.0,False,8.849626465234905e-05,4.143722057342529,0.31831592321395874,-9.751838661031798e-07,0.0,0.05,0.0015591350384056568,0.8,3.680903682834469e-05,0.0022928647231310606,0.019216565415263176,0.010185100138187408,0.004649145994335413,-9.155273872352154e-09,0.999999463558197,8.10863971710205,node_conditioned,25,True,True,False,-74.630615234375,5.401300430297852,1.5845816135406494,2.239297389984131,0.931114673614502,2.0098788738250732,-74.2995376586914,3.9617862701416016,0.7426301574224864,-75.80663299560547,1.5661345720291138,-1.986399267295269e-09,1.5835203157621436e-06,5.033821253164206e-06,0.019216565415263176,7.877920893406554e-07,4.0995446499532615e-05,100,0.2,0.185,0.07,1080,curvature_stage2_mpnn_v3_5_edge_gain,True,,,,,normalized_degree|time_since_last_tx|consecutive_tx_attempts|congestion_ewma|self_information_increment,,,,,,,,,,,,,,,,0.09827747941017151,0.024802545085549355,0.0,mpnn,5,4,16,curvature_attention_max,32,38,432000,none,normalized_version_gap_with_gain,,4320.0,0.47320806980133057,0.47320806980133057,0.3477360010147095,,,,,0.5,0.0,,,,0.09827747941017151,0.024802545085549355,0.05567997694015503,0.06988020837306975,0.09377448260784149,0.13308881521224974,0.198238343000412,0.0246451236307621,0.024802545085549355,0.021723702549934387
155,7.008103780001402,0.09717499993741513,0.09814819366680502,0.1,-0.001851806333194983,-0.01851806148014368,-0.01851806148014368,0.09683786332607269,0.0,0.0,False,6.0017217037966475e-05,4.240758419036865,0.3163934648036957,1.3052452914052992e-06,0.0,0.05,0.0018085455521941185,0.8,7.300735660464852e-07,0.0001503996318206191,0.019376128911972046,0.014425375498831272,0.005335418973118067,0.0,0.9999995231628418,8.468853950500488,node_conditioned,25,True,True,False,-75.26166534423828,5.228062152862549,1.595909595489502,2.1123287677764893,0.9583895802497864,2.066734790802002,-75.28832244873047,4.146182537078857,0.7515307427008544,-75.70770263671875,1.5729069709777832,0.0,0.0,0.0,0.019376128911972046,0.0,0.0,100,0.2,0.15,0.0,1018,curvature_stage2_mpnn_v3_5_edge_gain,True,,,,,normalized_degree|time_since_last_tx|consecutive_tx_attempts|congestion_ewma|self_information_increment,,,,,,,,,,,,,,,,0.09683786332607269,0.01941603794693947,0.0,mpnn,5,4,16,curvature_attention_max,32,38,407200,none,normalized_version_gap_with_gain,,4072.0,0.462581992149353,0.462581992149353,0.33745869994163513,,,,,0.5,0.0,,,,0.09683786332607269,0.01941603794693947,0.055783867835998535,0.07178924083709717,0.09587965905666351,0.12315483987331391,0.1595771312713623,0.019204432144761086,0.01941603794693947,0.015034707263112068
156,6.414561351537705,0.09877499982714653,0.09846159674697577,0.1,-0.0015384032530242342,-0.015384030991839243,-0.015384030991839243,0.0987228974699974,0.0,0.0,False,0.0001424275542376563,4.8085198402404785,0.320225328207016,2.04943921744416e-06,0.0,0.05,0.00225861556828022,0.8,6.05758759775199e-05,0.004138940013945103,0.019274437800049782,0.005477224942296743,0.006259433459490538,-1.2207030941624453e-08,0.9999995231628418,8.190534591674805,node_conditioned,25,True,True,False,-74.23285675048828,5.0969133377075195,1.6659549474716187,2.1899237632751465,1.014306664466858,2.160386085510254,-73.42704010009766,3.515216588973999,0.6222899474531141,-74.64389038085938,1.6190810203552246,0.0,0.0,0.0,0.019274437800049782,0.0,0.0,100,0.2,0.1475,0.0,1012,curvature_stage2_mpnn_v3_5_edge_gain,True,,,,,normalized_degree|time_since_last_tx|consecutive_tx_attempts|congestion_ewma|self_information_increment,,,,,,,,,,,,,,,,0.0987228974699974,0.021047979593276978,0.0,mpnn,5,4,16,curvature_attention_max,32,38,404800,none,normalized_version_gap_with_gain,,4048.0,0.47011837363243103,0.47011837363243103,0.3402717113494873,,,,,0.5,0.0,,,,0.0987228974699974,0.021047979593276978,0.05551692843437195,0.07134644091129302,0.09793952107429504,0.12589211165904998,0.16795465350151062,0.020837420597672462,0.021047979593276978,0.016844941303133965
157,6.795454288609326,0.10002499998547137,0.09924329836622357,0.1,-0.0007567016337764326,-0.007567015581062768,-0.007567015581062768,0.09840710461139679,0.0,0.0,False,0.0001238410040969029,4.246113300323486,0.3200063407421112,-4.120252469874686e-06,0.0,0.05,0.0021062418818473816,0.8,4.4700787839246914e-05,0.003331223037093878,0.01987192966043949,0.0073995813727378845,0.0059090349823236465,9.155273872352154e-09,0.9999995231628418,8.484766006469727,node_conditioned,25,True,True,False,-74.71040344238281,5.107072830200195,1.659517526626587,2.2740347385406494,0.9762744307518005,2.0826759338378906,-74.5277099609375,3.564695119857788,0.6586510042343887,-76.82356262207031,1.6634585857391357,0.0,0.0,0.0,0.01987192966043949,0.0,0.0,100,0.2,0.1475,0.0,1048,curvature_stage2_mpnn_v3_5_edge_gain,True,,,,,normalized_degree|time_since_last_tx|consecutive_tx_attempts|congestion_ewma|self_information_increment,,,,,,,,,,,,,,,,0.09840710461139679,0.018515827134251595,0.0,mpnn,5,4,16,curvature_attention_max,32,38,419200,none,normalized_version_gap_with_gain,,4192.0,0.47256362438201904,0.47256362438201904,0.3458740711212158,,,,,0.5,0.0,,,,0.09840710461139679,0.018515827134251595,0.05574062466621399,0.0761235773563385,0.09691129624843597,0.12305128201842308,0.1615290641784668,0.018259694799780846,0.018515827134251595,0.013495760969817638
158,7.058694434687495,0.10022499971091747,0.09973414903857053,0.1,-0.00026585096142947573,-0.0026585093484438223,-0.0026585093484438223,0.09918946027755737,0.0,0.0,False,0.00021074485266581178,3.9210734367370605,0.32028090953826904,1.7331997526071063e-07,0.0,0.05,0.002192977350205183,0.8,0.00011855204502353445,0.00610926141962409,0.020617328584194183,0.003722495399415493,0.006324555724859238,-3.051757735406113e-09,0.999999463558197,8.678322792053223,node_conditioned,25,True,True,False,-74.4465103149414,5.1215410232543945,1.6007087230682373,2.183947801589966,0.8887849450111389,1.9271785020828247,-74.77880096435547,3.731163501739502,0.7332187286387795,-77.24053955078125,1.481236457824707,0.0,0.0,0.0,0.020617328584194183,0.0,0.0,100,0.2,0.185,0.04,892,curvature_stage2_mpnn_v3_5_edge_gain,True,,,,,normalized_degree|time_since_last_tx|consecutive_tx_attempts|congestion_ewma|self_information_increment,,,,,,,,,,,,,,,,0.09918946027755737,0.024490559473633766,0.0,mpnn,5,4,16,curvature_attention_max,32,38,356800,none,normalized_version_gap_with_gain,,3568.0,0.4516124725341797,0.4516124725341797,0.32287904620170593,,,,,0.5,0.0,,,,0.09918946027755737,0.024490559473633766,0.05566740036010742,0.0729482889175415,0.09521597623825073,0.13237051367759703,0.2023736834526062,0.024298017844557762,0.024490559473633766,0.0208364799618721
159,6.662376264557242,0.10062500019092113,0.10017957461474583,0.1,0.00017957461474582548,0.001795745967883658,0.001795745967883658,0.09868191927671432,0.0,1.795745967883658e-05,False,0.00013267475878819823,4.051125526428223,0.31953778862953186,-4.365806034911657e-06,0.0,0.05,0.0022461996413767338,0.8,4.015236481791362e-05,0.0033810483291745186,0.023655468598008156,0.010255444794893265,0.006634225603193045,6.103515470812226e-09,0.999999463558197,8.315211296081543,node_conditioned,25,True,True,False,-73.45884704589844,4.9691243171691895,1.661036491394043,2.1422483921051025,0.9437782168388367,2.024733543395996,-73.1518783569336,3.451127290725708,0.655797703725338,-73.36388397216797,1.6505026817321777,0.0,0.0,0.0,0.023655468598008156,0.0,0.0,100,0.2,0.2075,0.02,946,curvature_stage2_mpnn_v3_5_edge_gain,True,,,,,normalized_degree|time_since_last_tx|consecutive_tx_attempts|congestion_ewma|self_information_increment,,,,,,,,,,,,,,,,0.09868191927671432,0.02232859469950199,0.0,mpnn,5,4,16,curvature_attention_max,32,38,378400,none,normalized_version_gap_with_gain,,3784.0,0.4620024561882019,0.4620024561882019,0.32976019382476807,,,,,0.5,0.0,,,,0.09868191927671432,0.02232859469950199,0.05547866225242615,0.07249039113521577,0.09673690795898438,0.12803695797920228,0.20016422867774963,0.022113928571343422,0.02232859469950199,0.01802315004169941
160,6.149724749848247,0.1022999999905005,0.10123978730262317,0.1,0.0012397873026231687,0.012397871786444508,0.012397871786444508,0.10341472178697586,1.795745967883658e-05,0.00014193617754328168,False,0.001172974007204175,3.6068320274353027,0.32808685302734375,-8.288715207527275e-07,0.0,0.05,0.002028879476711154,0.8,0.0010132231982424855,0.0308750718832016,0.01874932087957859,0.09323862940073013,0.0074895950965583324,3.051757735406113e-09,0.9999995231628418,8.955595016479492,node_conditioned,25,True,True,False,-72.49095916748047,4.773184299468994,1.591568946838379,2.1033756732940674,0.9591655731201172,1.8730547428131104,-71.61466217041016,3.3316633701324463,0.6839332788776488,-75.6866683959961,1.5529292821884155,2.0017491664248155e-08,5.425223662314238e-06,1.695997161732521e-05,0.01874932087957859,2.879592102544848e-06,0.0001535837263228014,100,0.2,0.17,0.05,976,curvature_stage2_mpnn_v3_5_edge_gain,True,,,,,normalized_degree|time_since_last_tx|consecutive_tx_attempts|congestion_ewma|self_information_increment,,,,,,,,,,,,,,,,0.10341472178697586,0.023186294361948967,0.0,mpnn,5,4,16,curvature_attention_max,32,38,390400,none,normalized_version_gap_with_gain,,3904.0,0.4760541319847107,0.4760541319847107,0.33880600333213806,,,,,0.5,0.0,,,,0.10341472178697586,0.023186294361948967,0.055333882570266724,0.07698605358600616,0.10031579434871674,0.1337820142507553,0.20166423916816711,0.022961659356951714,0.023186294361948967,0.018570197746157646
161,6.403588128425181,0.1010999997612089,0.10116989353191604,0.1,0.0011698935319160303,0.011698934149266888,0.011698934149266888,0.1018122062087059,0.00014193617754328168,0.0002589255190359506,False,0.00042766780825331807,3.2026445865631104,0.3229219615459442,6.560864221683005e-06,0.0,0.05,0.0008118635159917176,0.8,0.00020155216043349355,0.010811504907906055,0.02525324933230877,0.03902088850736618,0.004893329460173845,-3.9672851670502496e-08,0.999999463558197,9.423609733581543,node_conditioned,25,True,True,False,-72.3569564819336,4.773612976074219,1.639148235321045,2.075563669204712,0.9305021166801453,1.828898549079895,-71.84453582763672,3.4396371841430664,0.717281646132032,-73.87288665771484,1.6447774171829224,1.0108824000099048e-07,4.261524009052664e-05,0.0001340230373898521,0.02525324933230877,2.221948125225026e-05,0.0008798658802756156,100,0.2,0.19,0.07,942,curvature_stage2_mpnn_v3_5_edge_gain,True,,,,,normalized_degree|time_since_last_tx|consecutive_tx_attempts|congestion_ewma|self_information_increment,,,,,,,,,,,,,,,,0.1018122062087059,0.02444283850491047,0.0,mpnn,5,4,16,curvature_attention_max,32,38,376800,none,normalized_version_gap_with_gain,,3768.0,0.4762139916419983,0.4762139916419983,0.3424042761325836,,,,,0.5,0.0,,,,0.1018122062087059,0.02444283850491047,0.05533859133720398,0.0737851083278656,0.0979616641998291,0.1368858903646469,0.19996431469917297,0.024250797927379608,0.02444283850491047,0.0203537754714489
162,7.240554537847638,0.09259999986272305,0.09688494669731954,0.1,-0.0031150533026804705,-0.031150529911751716,-0.031150529911751716,0.09486599266529083,0.0002589255190359506,0.0,False,0.00011196696141269058,4.816874980926514,0.3082197606563568,-2.1461713913595304e-05,0.0,0.05,0.0007002766942605376,0.8,0.0,0.0,0.018193459138274193,0.016387566924095154,0.0018293919274583459,-1.2207030941624453e-08,0.9999995231628418,8.472360610961914,node_conditioned,25,True,True,False,-72.75546264648438,5.140040874481201,1.6014273166656494,2.2193100452423096,0.8954516649246216,1.9057936668395996,-73.70446014404297,3.9878346920013428,0.7716098090342516,-76.48898315429688,1.7236727476119995,5.867246386515035e-07,7.476483006030321e-05,0.0002448596351314336,0.018193459138274193,3.71297137462534e-05,0.0020408264891131956,100,0.2,0.1925,0.04,864,curvature_stage2_mpnn_v3_5_edge_gain,True,,,,,normalized_degree|time_since_last_tx|consecutive_tx_attempts|congestion_ewma|self_information_increment,,,,,,,,,,,,,,,,0.09486599266529083,0.024936936795711517,0.0,mpnn,5,4,16,curvature_attention_max,32,38,345600,none,normalized_version_gap_with_gain,,3456.0,0.4212600886821747,0.4212600886821747,0.3028815686702728,,,,,0.5,0.0,,,,0.09486599266529083,0.024936936795711517,0.053960710763931274,0.06622317731380463,0.0899762362241745,0.1307383209466934,0.1971079260110855,0.024787774309515953,0.024936936795711517,0.021527118980884552
163,6.51342046290636,0.09952500000130385,0.09820497334931169,0.1,-0.001795026650688314,-0.017950264711856668,-0.017950264711856668,0.0996239110827446,0.0,0.0,False,0.00016897046589292586,3.2210516929626465,0.320041686296463,9.18781381642475e-07,0.0,0.05,0.000991789740510285,0.8,7.293626549653709e-05,0.00496224919334054,0.019321609288454056,0.005098491441458464,0.0011164118768647313,-1.831054774470431e-08,0.9999994039535522,8.984518051147461,node_conditioned,25,True,True,False,-71.65740203857422,4.775348663330078,1.5303066968917847,2.0422213077545166,0.9204171895980835,1.7852176427841187,-71.4647445678711,3.6427001953125,0.7598207663207157,-73.65095520019531,1.6288658380508423,0.0,0.0,0.0,0.019321609288454056,0.0,0.0,100,0.2,0.1625,0.03,986,curvature_stage2_mpnn_v3_5_edge_gain,True,,,,,normalized_degree|time_since_last_tx|consecutive_tx_attempts|congestion_ewma|self_information_increment,,,,,,,,,,,,,,,,0.0996239110827446,0.0238494835793972,0.0,mpnn,5,4,16,curvature_attention_max,32,38,394400,none,normalized_version_gap_with_gain,,3944.0,0.47044941782951355,0.47044941782951355,0.33667686581611633,,,,,0.5,0.0,,,,0.0996239110827446,0.0238494835793972,0.05343210697174072,0.07221769988536834,0.09668320417404175,0.13377572298049928,0.1974499225616455,0.023664532229304314,0.0238494835793972,0.019862815737724304
164,6.652154035754502,0.09615000012796372,0.09717748673863771,0.1,-0.0028225132613622916,-0.028225129791109936,-0.028225129791109936,0.09719661623239517,0.0,0.0,False,5.554479139391333e-05,3.923154354095459,0.3156006336212158,-7.620059818691516e-07,0.0,0.05,0.0009679641807451844,0.8,1.3116178934069467e-06,0.00023115180374588817,0.017363058403134346,0.01757325977087021,0.001584329060278833,1.2207030941624453e-08,0.999999463558197,7.991094589233398,node_conditioned,25,True,True,False,-71.94532775878906,5.128575801849365,1.5931211709976196,2.3526360988616943,0.9221307635307312,1.9932178258895874,-71.84725189208984,3.8871376514434814,0.7370642583719313,-70.5239028930664,1.4536339044570923,0.0,0.0,0.0,0.017363058403134346,0.0,0.0,100,0.2,0.155,0.01,892,curvature_stage2_mpnn_v3_5_edge_gain,True,,,,,normalized_degree|time_since_last_tx|consecutive_tx_attempts|congestion_ewma|self_information_increment,,,,,,,,,,,,,,,,0.09719661623239517,0.02297343499958515,0.0,mpnn,5,4,16,curvature_attention_max,32,38,356800,none,normalized_version_gap_with_gain,,3568.0,0.45196500420570374,0.45196500420570374,0.3185488283634186,,,,,0.5,0.0,,,,0.09719661623239517,0.02297343499958515,0.05350536108016968,0.0692139595746994,0.09449166059494019,0.12851743698120116,0.19727545976638794,0.022766098380088806,0.02297343499958515,0.018869880586862564
165,6.793957057148218,0.09799999974668026,0.09758874324265898,0.1,-0.0024112567573410237,-0.02411256516215372,-0.02411256516215372,0.09898039698600769,0.0,0.0,False,0.00010333251702832058,3.4581797122955322,0.3200623393058777,8.175029506674036e-07,0.0,0.05,0.0009299967205151916,0.8,7.84879521233961e-05,0.004837098531424999,0.018890567123889923,0.009171399287879467,0.0020782556384801865,1.2207030941624453e-08,0.9999995231628418,8.993460655212402,node_conditioned,25,True,True,False,-72.20878601074219,4.637818336486816,1.5249310731887817,2.1022841930389404,0.8802692890167236,1.864955186843872,-72.2746810913086,3.332458972930908,0.6868105093765593,-72.00493621826172,1.4538065195083618,0.0,0.0,0.0,0.018890567123889923,0.0,0.0,100,0.2,0.1775,0.03,934,curvature_stage2_mpnn_v3_5_edge_gain,True,,,,,normalized_degree|time_since_last_tx|consecutive_tx_attempts|congestion_ewma|self_information_increment,,,,,,,,,,,,,,,,0.09898039698600769,0.023660430684685707,0.0,mpnn,5,4,16,curvature_attention_max,32,38,373600,none,normalized_version_gap_with_gain,,3736.0,0.46017077565193176,0.46017077565193176,0.3283519446849823,,,,,0.5,0.0,,,,0.09898039698600769,0.023660430684685707,0.05292379856109619,0.07081870436668397,0.09607142210006714,0.13343011736869811,0.19822686910629272,0.023479603230953217,0.023660430684685707,0.01960054412484169
166,6.695033326745033,0.09372499992605299,0.09565687158435598,0.1,-0.004343128415644021,-0.043431279813312226,-0.043431279813312226,0.09389882534742355,0.0,0.0,False,5.837726348545402e-06,4.0345234870910645,0.30914193391799927,4.292064204491908e-06,0.0,0.05,0.000872613862156868,0.8,0.0,0.0,0.01779814623296261,0.018996121361851692,0.0016743657179176807,1.0681151962899094e-08,0.9999995231628418,7.917308807373047,node_conditioned,25,True,True,False,-71.3547134399414,4.850997447967529,1.5329469442367554,2.1480348110198975,0.8898391723632812,2.0105695724487305,-71.46733856201172,3.8236827850341797,0.7235131167616875,-72.35391235351562,1.5695064067840576,0.0,0.0,0.0,0.01779814623296261,0.0,0.0,100,0.2,0.1675,0.03,928,curvature_stage2_mpnn_v3_5_edge_gain,True,,,,,normalized_degree|time_since_last_tx|consecutive_tx_attempts|congestion_ewma|self_information_increment,,,,,,,,,,,,,,,,0.09389882534742355,0.02293247915804386,0.0,mpnn,5,4,16,curvature_attention_max,32,38,371200,none,normalized_version_gap_with_gain,,3712.0,0.44065603613853455,0.44065603613853455,0.3142363429069519,,,,,0.5,0.0,,,,0.09389882534742355,0.02293247915804386,0.05292034149169922,0.06735856309533118,0.0907319188117981,0.12477627396583557,0.1965979039669037,0.022752508521080017,0.02293247915804386,0.019030265510082245
167,6.529248488210142,0.09709999999497086,0.09637843578966343,0.1,-0.0036215642103365753,-0.036215638481801905,-0.036215638481801905,0.09642467647790909,0.0,0.0,False,-1.3066305655229371e-05,3.5198936462402344,0.3152543604373932,-2.131489964085631e-06,0.0,0.05,0.0007981602102518082,0.8,1.5544914049314684e-06,0.00021499987633433193,0.01721845380961895,0.017378531396389008,0.0008787201950326562,-1.525878978725359e-08,0.9999995231628418,8.375889778137207,node_conditioned,25,True,True,False,-71.33328247070312,4.673948287963867,1.5556408166885376,1.9924207925796509,0.913530170917511,1.8870259523391724,-71.16495513916016,3.300227165222168,0.6730600173010908,-72.45838165283203,1.3245686292648315,0.0,0.0,0.0,0.01721845380961895,0.0,0.0,100,0.2,0.165,0.05,1066,curvature_stage2_mpnn_v3_5_edge_gain,True,,,,,normalized_degree|time_since_last_tx|consecutive_tx_attempts|congestion_ewma|self_information_increment,,,,,,,,,,,,,,,,0.09642467647790909,0.023244578391313553,0.0,mpnn,5,4,16,curvature_attention_max,32,38,426400,none,normalized_version_gap_with_gain,,4264.0,0.4790871739387512,0.4790871739387512,0.3475860357284546,,,,,0.5,0.0,,,,0.09642467647790909,0.023244578391313553,0.05307990312576294,0.06957700550556183,0.09312808513641357,0.127772781252861,0.19539836049079895,0.02307266928255558,0.023244578391313553,0.019109759479761124
168,6.632010096535087,0.10262499972712248,0.09950171775839295,0.1,-0.0004982822416070565,-0.004982821917788373,-0.004982821917788373,0.09961602836847305,0.0,0.0,False,0.00014866699348203838,3.2707254886627197,0.3217712342739105,-1.2485167644626927e-05,0.0,0.05,0.0007007034728303552,0.8,0.0001693202939350158,0.008877614513039589,0.019899411126971245,0.00524853216484189,0.0011566764442250133,3.509521562250484e-08,0.999999463558197,8.892778396606445,node_conditioned,25,True,True,False,-71.39592742919922,4.747115612030029,1.5312668085098267,1.9546473026275635,0.8975338935852051,1.8162626028060913,-71.4317855834961,3.4313840866088867,0.7198319546212262,-73.0931625366211,1.7891484498977661,0.0,0.0,0.0,0.019899411126971245,0.0,0.0,100,0.2,0.1675,0.05,1038,curvature_stage2_mpnn_v3_5_edge_gain,True,,,,,normalized_degree|time_since_last_tx|consecutive_tx_attempts|congestion_ewma|self_information_increment,,,,,,,,,,,,,,,,0.09961602836847305,0.025005565956234932,0.0,mpnn,5,4,16,curvature_attention_max,32,38,415200,none,normalized_version_gap_with_gain,,4152.0,0.4687778055667877,0.4687778055667877,0.34247878193855286,,,,,0.5,0.0,,,,0.09961602836847305,0.025005565956234932,0.0528874397277832,0.06963141858577727,0.09652554988861084,0.13445920050144194,0.200158029794693,0.02482415735721588,0.025005565956234932,0.02099108323454857
169,6.730652531497181,0.09832499993499369,0.09891335884669332,0.1,-0.001086641153306686,-0.010866410446425816,-0.010866410446425816,0.09768278151750565,0.0,0.0,False,2.982706246257294e-05,4.005083084106445,0.31741783022880554,-8.882804536369804e-07,0.0,0.05,0.0009945719502866268,0.8,1.914875792863313e-05,0.0018600317416712642,0.017079342156648636,0.012870444916188717,0.0012286290293559432,0.0,0.9999995231628418,7.994845390319824,node_conditioned,25,True,True,False,-71.25186920166016,4.707675457000732,1.4935663938522339,2.05794358253479,0.9101048111915588,1.9900182485580444,-71.49980926513672,3.530780792236328,0.6823325786145944,-73.85865783691406,1.6432178020477295,0.0,0.0,0.0,0.017079342156648636,0.0,0.0,100,0.2,0.1825,0.03,1008,curvature_stage2_mpnn_v3_5_edge_gain,True,,,,,normalized_degree|time_since_last_tx|consecutive_tx_attempts|congestion_ewma|self_information_increment,,,,,,,,,,,,,,,,0.09768278151750565,0.024402709677815437,0.0,mpnn,5,4,16,curvature_attention_max,32,38,403200,none,normalized_version_gap_with_gain,,4032.0,0.46006956696510315,0.46006956696510315,0.3335248827934265,,,,,0.5,0.0,,,,0.09768278151750565,0.024402709677815437,0.053087085485458374,0.06832341253757478,0.09531675279140472,0.1321995675563812,0.19861337542533875,0.024203190580010414,0.024402709677815437,0.020199807360768318
170,6.898293687403202,0.09397499997634441,0.09644417941151887,0.1,-0.00355582058848114,-0.035558202328991165,-0.035558202328991165,0.09688049554824829,0.0,0.0,False,4.114354305784218e-05,3.3446617126464844,0.3154180645942688,1.558910844323691e-05,0.0,0.05,0.0012899062130600214,0.8,8.752725989324972e-06,0.0009323569247499108,0.013356003910303116,0.009301213547587395,0.0026769277174025774,-7.629394893626795e-09,0.999999463558197,8.617439270019531,node_conditioned,25,True,True,False,-71.36634063720703,4.718416213989258,1.4907917976379395,2.1958582401275635,0.8920857906341553,1.7986955642700195,-71.80809020996094,3.4815421104431152,0.7330855902925996,-72.1736068725586,1.2599046230316162,0.0,0.0,0.0,0.013356003910303116,0.0,0.0,100,0.2,0.175,0.01,888,curvature_stage2_mpnn_v3_5_edge_gain,True,,,,,normalized_degree|time_since_last_tx|consecutive_tx_attempts|congestion_ewma|self_information_increment,,,,,,,,,,,,,,,,0.09688049554824829,0.025153974071145058,0.0,mpnn,5,4,16,curvature_attention_max,32,38,355200,none,normalized_version_gap_with_gain,,3552.0,0.43766558170318604,0.43766558170318604,0.3139832615852356,,,,,0.5,0.0,,,,0.09688049554824829,0.025153974071145058,0.05298009514808655,0.06519073769450187,0.09426739811897278,0.13123177886009216,0.20204225182533264,0.024941138923168182,0.025153974071145058,0.020894013345241547
171,6.865287372283637,0.09962499972898513,0.09803458957025199,0.1,-0.0019654104297480157,-0.019654102332069923,-0.019654102332069923,0.09743345528841019,0.0,0.0,False,5.996063191560097e-05,3.1807596683502197,0.31696251034736633,-7.006776286289096e-06,0.0,0.05,0.0013995139161124825,0.8,3.612750879256055e-05,0.0023505084682255983,0.019358279183506966,0.011565831489861012,0.003239167621359229,2.4414061883248905e-08,0.9999995231628418,8.479231834411621,node_conditioned,25,True,True,False,-71.63931274414062,4.866859436035156,1.604343295097351,2.057305335998535,0.8588249087333679,1.7661395072937012,-72.05488586425781,3.6499109268188477,0.7658546743779852,-73.770751953125,1.4600213766098022,0.0,0.0,0.0,0.019358279183506966,0.0,0.0,100,0.2,0.185,0.02,996,curvature_stage2_mpnn_v3_5_edge_gain,True,,,,,normalized_degree|time_since_last_tx|consecutive_tx_attempts|congestion_ewma|self_information_increment,,,,,,,,,,,,,,,,0.09743345528841019,0.02430950477719307,0.0,mpnn,5,4,16,curvature_attention_max,32,38,398400,none,normalized_version_gap_with_gain,,3984.0,0.4632759094238281,0.4632759094238281,0.33285585045814514,,,,,0.5,0.0,,,,0.09743345528841019,0.02430950477719307,0.05318111181259155,0.06780954003334046,0.09426343441009521,0.1302718847990036,0.20375657081604004,0.02409118227660656,0.02430950477719307,0.01976686716079712
172,6.174035363309085,0.09787499992642551,0.09795479474833875,0.1,-0.0020452052516612557,-0.02045205047140751,-0.02045205047140751,0.09856288880109787,0.0,0.0,False,0.00011443313269410282,3.9533891677856445,0.31999632716178894,1.8572200133348815e-06,0.0,0.05,0.0016962540103122592,0.8,7.014776929281652e-05,0.0040331329219043255,0.019528241828083992,0.0071107130497694016,0.0046591502614319324,-4.2724607851596375e-08,0.9999994039535522,8.482873916625977,node_conditioned,25,True,True,False,-70.79631805419922,4.522409439086914,1.5491149425506592,2.1197903156280518,0.9167530536651611,1.8930761814117432,-70.10823059082031,3.3071203231811523,0.6723303333683748,-72.18928527832031,1.6159391403198242,0.0,0.0,0.0,0.019528241828083992,0.0,0.0,100,0.2,0.1575,0.01,1044,curvature_stage2_mpnn_v3_5_edge_gain,True,,,,,normalized_degree|time_since_last_tx|consecutive_tx_attempts|congestion_ewma|self_information_increment,,,,,,,,,,,,,,,,0.09856288880109787,0.02191898785531521,0.0,mpnn,5,4,16,curvature_attention_max,32,38,417600,none,normalized_version_gap_with_gain,,4176.0,0.4805443286895752,0.4805443286895752,0.3417312204837799,,,,,0.5,0.0,,,,0.09856288880109787,0.02191898785531521,0.05328536033630371,0.07238371074199677,0.09661796689033508,0.12799653112888335,0.1751706600189209,0.021699294447898865,0.02191898785531521,0.016458341851830482
173,7.953971208333969,0.09947499985806645,0.0987148973032026,0.1,-0.0012851026967974077,-0.01285102568287151,-0.01285102568287151,0.09751678258180618,0.0,0.0,False,5.526389941223897e-05,6.212422847747803,0.31672558188438416,-7.60942384658847e-06,0.0,0.05,0.0011949192266911268,0.8,3.5868277336703613e-05,0.0025478831958025694,0.01935598999261856,0.011474494822323322,0.002858757274225354,9.155273517080786e-08,0.9999994039535522,7.5008087158203125,node_conditioned,25,True,True,False,-73.37771606445312,5.267467021942139,1.458479404449463,1.9914673566818237,0.8312597870826721,1.8011136054992676,-75.41218566894531,4.585012435913086,0.8456875108985799,-76.4124526977539,1.6965181827545166,0.0,0.0,0.0,0.01935598999261856,0.0,0.0,100,0.2,0.165,0.02,978,curvature_stage2_mpnn_v3_5_edge_gain,True,,,,,normalized_degree|time_since_last_tx|consecutive_tx_attempts|congestion_ewma|self_information_increment,,,,,,,,,,,,,,,,0.09751678258180618,0.02527245692908764,0.0,mpnn,5,4,16,curvature_attention_max,32,38,391200,none,normalized_version_gap_with_gain,,3912.0,0.4270278513431549,0.4270278513431549,0.31651127338409424,,,,,0.5,0.0,,,,0.09751678258180618,0.02527245692908764,0.05339610576629639,0.06796786487102509,0.09403152763843536,0.13301344215869904,0.20537394285202026,0.025068774819374084,0.02527245692908764,0.02100599929690361
174,7.368273221813142,0.09914999989327043,0.09893244859823652,0.1,-0.0010675514017634835,-0.01067551295008354,-0.01067551295008354,0.10052789002656937,0.0,0.0,False,0.00034098076866939664,3.7119643688201904,0.3223325312137604,1.3799572116113268e-06,0.0,0.05,0.0015298936050385237,0.8,0.00026991820777766407,0.01291659101843834,0.01588798314332962,0.027051327750086784,0.0050028469413518906,9.155273872352154e-09,0.9999995231628418,8.155696868896484,node_conditioned,25,True,True,False,-73.5167007446289,5.042083263397217,1.527657151222229,2.068506956100464,0.8542678356170654,1.8785556554794312,-74.45311737060547,3.9100089073181152,0.7691698074370569,-74.8259506225586,1.611243724822998,0.0,0.0,0.0,0.01588798314332962,0.0,0.0,100,0.2,0.185,0.03,988,curvature_stage2_mpnn_v3_5_edge_gain,True,,,,,normalized_degree|time_since_last_tx|consecutive_tx_attempts|congestion_ewma|self_information_increment,,,,,,,,,,,,,,,,0.10052789002656937,0.026633407920598984,0.0,mpnn,5,4,16,curvature_attention_max,32,38,395200,none,normalized_version_gap_with_gain,,3952.0,0.4485574960708618,0.4485574960708618,0.32244086265563965,,,,,0.5,0.0,,,,0.10052789002656937,0.026633407920598984,0.05330735445022583,0.06841028779745102,0.09671826660633087,0.13759453296661378,0.20438998937606812,0.026430310681462288,0.026633407920598984,0.0221602451056242
175,6.654799482151866,0.09862499974668026,0.0987787241724584,0.1,-0.0012212758275416125,-0.012212757054140419,-0.012212757054140419,0.09954550117254257,0.0,0.0,False,0.00017191041843034327,4.4051008224487305,0.3195618987083435,-6.083032531023491e-06,0.0,0.05,0.0014102139975875616,0.8,7.974443724378943e-05,0.004966946318745613,0.01748044602572918,0.009569954127073288,0.00529153598472476,-6.103515470812226e-09,0.9999995231628418,8.295717239379883,node_conditioned,25,True,True,False,-72.9448471069336,4.574441909790039,1.4835097789764404,2.082547426223755,0.8790192604064941,1.987844467163086,-72.7940444946289,3.1535632610321045,0.6026604985733577,-76.09754180908203,1.3877458572387695,0.0,0.0,0.0,0.01748044602572918,0.0,0.0,100,0.2,0.1675,0.04,890,curvature_stage2_mpnn_v3_5_edge_gain,True,,,,,normalized_degree|time_since_last_tx|consecutive_tx_attempts|congestion_ewma|self_information_increment,,,,,,,,,,,,,,,,0.09954550117254257,0.026045609265565872,0.0,mpnn,5,4,16,curvature_attention_max,32,38,356000,none,normalized_version_gap_with_gain,,3560.0,0.4457071125507355,0.4457071125507355,0.3141690492630005,,,,,0.5,0.0,,,,0.09954550117254257,0.026045609265565872,0.05320322513580322,0.06888245940208436,0.09612664580345154,0.13655456602573393,0.20277813076972961,0.025849342346191406,0.026045609265565872,0.02138541266322136
176,6.542686606235802,0.09672499991953373,0.09775186204599606,0.1,-0.0022481379540039426,-0.022481377291901698,-0.022481377291901698,0.09771227836608887,0.0,0.0,False,7.206590089481324e-05,3.9852516651153564,0.3172250986099243,2.8213751193106873e-06,0.0,0.05,0.0010957191698253155,0.8,2.41177963289374e-06,0.00038964758277870715,0.02086455561220646,0.014992382377386093,0.004346032626926899,3.051757735406113e-09,0.9999995231628418,8.622893333435059,node_conditioned,25,True,True,False,-73.54763793945312,4.778472423553467,1.5842605829238892,2.1584062576293945,0.9521034955978394,1.9473415613174438,-73.05253601074219,3.3804209232330322,0.6681493494657225,-74.6754379272461,1.3804608583450317,0.0,0.0,0.0,0.02086455561220646,0.0,0.0,100,0.2,0.155,0.01,1000,curvature_stage2_mpnn_v3_5_edge_gain,True,,,,,normalized_degree|time_since_last_tx|consecutive_tx_attempts|congestion_ewma|self_information_increment,,,,,,,,,,,,,,,,0.09771227836608887,0.02071577124297619,0.0,mpnn,5,4,16,curvature_attention_max,32,38,400000,none,normalized_version_gap_with_gain,,4000.0,0.4556240141391754,0.4556240141391754,0.3288216292858124,,,,,0.5,0.0,,,,0.09771227836608887,0.02071577124297619,0.05268868803977966,0.07142180800437926,0.09556342661380768,0.12686443626880645,0.17342951893806458,0.02049350179731846,0.02071577124297619,0.014376471750438213
177,7.157927015982568,0.09724999976810068,0.09750093090704837,0.1,-0.002499069092951639,-0.024990688430447546,-0.024990688430447546,0.09783768653869629,0.0,0.0,False,4.737042763736099e-05,3.4801297187805176,0.31775522232055664,2.79220012089354e-06,0.0,0.05,0.0011120386188849807,0.8,1.3905945706937928e-05,0.0012445439351722598,0.020076226443052292,0.014108383096754551,0.0032164333388209343,-2.0599365768703137e-08,0.9999995231628418,8.508506774902344,node_conditioned,25,True,True,False,-74.43472290039062,5.095596790313721,1.4849019050598145,2.1676619052886963,0.9087759256362915,1.8021258115768433,-74.8963394165039,3.869235038757324,0.7830697896304533,-75.87873077392578,1.4170726537704468,0.0,0.0,0.0,0.020076226443052292,0.0,0.0,100,0.2,0.1325,0.0,884,curvature_stage2_mpnn_v3_5_edge_gain,True,,,,,normalized_degree|time_since_last_tx|consecutive_tx_attempts|congestion_ewma|self_information_increment,,,,,,,,,,,,,,,,0.09783768653869629,0.022425130009651184,0.0,mpnn,5,4,16,curvature_attention_max,32,38,353600,none,normalized_version_gap_with_gain,,3536.0,0.428811639547348,0.428811639547348,0.30408090353012085,,,,,0.5,0.0,,,,0.09783768653869629,0.022425130009651184,0.052567511796951294,0.07060805782675743,0.09592871367931366,0.1274019718170166,0.1745554506778717,0.02219555899500847,0.022425130009651184,0.016720328480005264
178,6.941967920437455,0.09714999997522682,0.0973254654411376,0.1,-0.002674534558862407,-0.026745342914089778,-0.026745342914089778,0.09883896261453629,0.0,0.0,False,0.00010920275235548615,3.369880437850952,0.31940415501594543,2.333520797037636e-06,0.0,0.05,0.0014264329802244902,0.8,6.374780059559271e-05,0.004686711821705103,0.019211050122976303,0.004833327606320381,0.004282889887690544,0.0,0.9999994039535522,8.89594841003418,node_conditioned,25,True,True,False,-73.82572174072266,4.796499729156494,1.5686194896697998,1.96065354347229,0.8759796023368835,1.8361537456512451,-73.98303985595703,3.4803481101989746,0.721661886776714,-75.57215118408203,1.4114426374435425,0.0,0.0,0.0,0.019211050122976303,0.0,0.0,100,0.2,0.17,0.01,964,curvature_stage2_mpnn_v3_5_edge_gain,True,,,,,normalized_degree|time_since_last_tx|consecutive_tx_attempts|congestion_ewma|self_information_increment,,,,,,,,,,,,,,,,0.09883896261453629,0.02541971579194069,0.0,mpnn,5,4,16,curvature_attention_max,32,38,385600,none,normalized_version_gap_with_gain,,3856.0,0.4568173885345459,0.4568173885345459,0.3313961327075958,,,,,0.5,0.0,,,,0.09883896261453629,0.02541971579194069,0.0527653694152832,0.06781716644763947,0.09561114758253098,0.13446968495845793,0.2017727792263031,0.025202441960573196,0.02541971579194069,0.020319864153862
179,7.08825984466821,0.09815000000875443,0.09773773272494601,0.1,-0.002262267275053992,-0.02262267048827287,-0.02262267048827287,0.09829432517290115,0.0,0.0,False,0.00011173462553415447,4.0382609367370605,0.3185555636882782,-9.621734307074803e-07,0.0,0.05,0.0013119801878929138,0.8,6.685094558633864e-05,0.003917409107089043,0.01855236291885376,0.00601399689912796,0.0036717823240906,6.103515470812226e-09,0.9999994039535522,7.999417304992676,node_conditioned,25,True,True,False,-74.23218536376953,5.103028297424316,1.4729223251342773,2.078028917312622,0.8704461455345154,1.9791306257247925,-74.70738220214844,3.9499316215515137,0.7489444886155676,-78.34982299804688,1.7266258001327515,0.0,0.0,0.0,0.01855236291885376,0.0,0.0,100,0.2,0.185,0.01,972,curvature_stage2_mpnn_v3_5_edge_gain,True,,,,,normalized_degree|time_since_last_tx|consecutive_tx_attempts|congestion_ewma|self_information_increment,,,,,,,,,,,,,,,,0.09829432517290115,0.023524053394794464,0.0,mpnn,5,4,16,curvature_attention_max,32,38,388800,none,normalized_version_gap_with_gain,,3888.0,0.436754435300827,0.436754435300827,0.31600427627563477,,,,,0.5,0.0,,,,0.09829432517290115,0.023524053394794464,0.052569955587387085,0.07066940888762474,0.09558403491973877,0.1303989440202713,0.20649504661560059,0.023284221068024635,0.023524053394794464,0.018114430829882622
180,6.875783339180052,0.09852499969303607,0.09813136620899104,0.1,-0.0018686337910089612,-0.018686336041456007,-0.018686336041456007,0.09856034070253372,0.0,0.0,False,0.00015280685329344124,3.8040683269500732,0.31786516308784485,1.2763476888721925e-06,0.0,0.05,0.001505143940448761,0.8,8.876180800143629e-05,0.004648095928132534,0.017171351239085197,0.002060625469312072,0.004348790273070335,1.2207030941624453e-08,0.9999995231628418,8.840086936950684,node_conditioned,25,True,True,False,-73.98578643798828,4.763423442840576,1.6675562858581543,2.2748465538024902,0.8958196043968201,1.9494177103042603,-74.04239654541016,3.5343236923217773,0.6957734326671221,-76.89128875732422,1.6717908382415771,0.0,0.0,0.0,0.017171351239085197,0.0,0.0,100,0.2,0.1675,0.05,942,curvature_stage2_mpnn_v3_5_edge_gain,True,,,,,normalized_degree|time_since_last_tx|consecutive_tx_attempts|congestion_ewma|self_information_increment,,,,,,,,,,,,,,,,0.09856034070253372,0.027773551642894745,0.0,mpnn,5,4,16,curvature_attention_max,32,38,376800,none,normalized_version_gap_with_gain,,3768.0,0.4387321174144745,0.4387321174144745,0.31515219807624817,,,,,0.5,0.0,,,,0.09856034070253372,0.027773551642894745,0.0525030791759491,0.06609817445278168,0.09462232887744904,0.13867776691913605,0.20658773183822632,0.027559794485569,0.027773551642894745,0.023093348369002342
181,6.8248285369947554,0.10397500008810312,0.10105318314854708,0.1,0.0010531831485470766,0.010531830432287724,0.010531830432287724,0.10175611823797226,0.0,0.00010531830432287724,False,0.000557479914277792,3.641170024871826,0.3233853876590729,1.9044931832468137e-05,0.0,0.05,0.0010132751194760203,0.8,0.00045963595039211214,0.017573177814483643,0.016194287687540054,0.05251757800579071,0.003820598591119051,2.5939941750152684e-08,0.9999995231628418,8.471699714660645,node_conditioned,25,True,True,False,-74.09986114501953,4.914991855621338,1.5852752923965454,2.0751726627349854,0.8932661414146423,1.9176242351531982,-74.0884780883789,3.493040084838867,0.6986162132421261,-77.02278137207031,1.7614543437957764,0.0,0.0,0.0,0.016194287687540054,0.0,0.0,100,0.2,0.1725,0.07,940,curvature_stage2_mpnn_v3_5_edge_gain,True,,,,,normalized_degree|time_since_last_tx|consecutive_tx_attempts|congestion_ewma|self_information_increment,,,,,,,,,,,,,,,,0.10175611823797226,0.028299013152718544,0.0,mpnn,5,4,16,curvature_attention_max,32,38,376000,none,normalized_version_gap_with_gain,,3760.0,0.4486701190471649,0.4486701190471649,0.3261288106441498,,,,,0.5,0.0,,,,0.10175611823797226,0.028299013152718544,0.052715182304382324,0.06744414865970612,0.09824089705944061,0.14074533432722092,0.20930737257003784,0.028088146820664406,0.028299013152718544,0.023459941148757935
182,6.918006074279547,0.09730000011622905,0.09917659163238807,0.1,-0.0008234083676119386,-0.0082340828527111,-0.0082340828527111,0.09714154154062271,0.00010531830432287724,2.2977475795766237e-05,False,0.00011868946603499353,3.2901015281677246,0.314084529876709,7.110458000170183e-07,0.0,0.05,0.0009374528890475631,0.8,5.825610969623085e-06,0.0004870469856541604,0.020266002044081688,0.014088054187595844,0.0032256392296403646,0.0,0.999999463558197,8.718829154968262,node_conditioned,25,True,True,False,-74.2782974243164,4.903368949890137,1.4235512018203735,1.9241364002227783,0.8941398859024048,1.8223990201950073,-74.31539916992188,3.79082989692688,0.7688901850617627,-75.21470642089844,1.3929511308670044,-1.6688799675534938e-08,3.111633122898638e-05,9.981020411942154e-05,0.020266002044081688,1.7702534023555927e-05,0.000873508511938619,100,0.2,0.1725,0.03,1006,curvature_stage2_mpnn_v3_5_edge_gain,True,,,,,normalized_degree|time_since_last_tx|consecutive_tx_attempts|congestion_ewma|self_information_increment,,,,,,,,,,,,,,,,0.09714154154062271,0.023938728496432304,0.0,mpnn,5,4,16,curvature_attention_max,32,38,402400,none,normalized_version_gap_with_gain,,4024.0,0.45401981472969055,0.45401981472969055,0.33056703209877014,,,,,0.5,0.0,,,,0.09714154154062271,0.023938728496432304,0.051910579204559326,0.06719077229499817,0.09436541795730591,0.12987744808197021,0.2076861560344696,0.023700876161456108,0.023938728496432304,0.01829591393470764
183,7.542947470583021,0.09347499993164092,0.0963257957820145,0.1,-0.003674204217985505,-0.0367420385056512,-0.0367420385056512,0.0947483479976654,2.2977475795766237e-05,0.0,False,5.301467899698764e-05,3.997419595718384,0.30996906757354736,-3.7196859921095893e-06,0.0,0.05,0.0009681644150987267,0.8,3.5841139833792113e-07,6.797479727538303e-05,0.018865494057536125,0.016813291236758232,0.001846521394327283,2.4414061883248905e-08,0.9999995231628418,7.873055934906006,node_conditioned,25,True,True,False,-74.90267944335938,5.357701778411865,1.4746055603027344,1.9662575721740723,0.8401175737380981,1.8069419860839844,-75.97744750976562,4.405570030212402,0.831777456124847,-76.78073120117188,1.4092613458633423,2.9258311329272146e-08,6.667334673693404e-06,2.17838696698891e-05,0.018865494057536125,3.750882797248778e-06,0.0001988222941623671,100,0.2,0.1775,0.01,1066,curvature_stage2_mpnn_v3_5_edge_gain,True,,,,,normalized_degree|time_since_last_tx|consecutive_tx_attempts|congestion_ewma|self_information_increment,,,,,,,,,,,,,,,,0.0947483479976654,0.0239297766238451,0.0,mpnn,5,4,16,curvature_attention_max,32,38,426400,none,normalized_version_gap_with_gain,,4264.0,0.44181743264198303,0.44181743264198303,0.3207220435142517,,,,,0.5,0.0,,,,0.0947483479976654,0.0239297766238451,0.051431238651275635,0.06714056134223938,0.09140641987323761,0.12706440985202788,0.20694443583488464,0.023670468479394913,0.0239297766238451,0.01853768341243267
184,6.717937363944948,0.09662500008009374,0.09647539793105411,0.1,-0.0035246020689458923,-0.03524601716485721,-0.03524601716485721,0.09612433612346649,0.0,0.0,False,2.808669705700595e-05,5.136137008666992,0.3140470087528229,-4.997417363483692e-06,0.0,0.05,0.0008779141353443265,0.8,5.943920314166462e-06,0.0005323172081261873,0.013910244219005108,0.01150472555309534,0.0012762504629790783,2.4414061883248905e-08,0.9999995231628418,7.474569797515869,node_conditioned,25,True,True,False,-74.12448120117188,4.8347649574279785,1.5356850624084473,2.137756586074829,0.9160316586494446,2.201082229614258,-73.80886840820312,3.4729554653167725,0.5983256133188635,-74.78129577636719,1.671273946762085,0.0,0.0,0.0,0.013910244219005108,0.0,0.0,100,0.2,0.17,0.01,1000,curvature_stage2_mpnn_v3_5_edge_gain,True,,,,,normalized_degree|time_since_last_tx|consecutive_tx_attempts|congestion_ewma|self_information_increment,,,,,,,,,,,,,,,,0.09612433612346649,0.022705426439642906,0.0,mpnn,5,4,16,curvature_attention_max,32,38,400000,none,normalized_version_gap_with_gain,,4000.0,0.4491109251976013,0.4491109251976013,0.3234271705150604,,,,,0.5,0.0,,,,0.09612433612346649,0.022705426439642906,0.051449209451675415,0.06770867109298706,0.09381262958049774,0.12716182768344877,0.17464357614517212,0.022471802309155464,0.022705426439642906,0.01665114425122738
185,7.228466922752559,0.1008249999396503,0.0986501989353522,0.1,-0.0013498010646477987,-0.013498009296677058,-0.013498009296677058,0.1006622165441513,0.0,0.0,False,0.0003225559485144913,2.9469563961029053,0.32336869835853577,1.5644908444301109e-06,0.0,0.05,0.0007649179315194488,0.8,0.0002810080477502197,0.01335796806961298,0.018202010542154312,0.023411313071846962,0.000853179837577045,0.0,0.9999995231628418,9.250476837158203,node_conditioned,25,True,True,False,-75.66071319580078,5.123983860015869,1.5610144138336182,2.0445127487182617,0.9016167521476746,1.6912894248962402,-76.02912902832031,4.181902885437012,0.8364358961954861,-76.8886489868164,1.707266926765442,0.0,0.0,0.0,0.018202010542154312,0.0,0.0,100,0.2,0.165,0.02,990,curvature_stage2_mpnn_v3_5_edge_gain,True,,,,,normalized_degree|time_since_last_tx|consecutive_tx_attempts|congestion_ewma|self_information_increment,,,,,,,,,,,,,,,,0.1006622165441513,0.023496566340327263,0.0,mpnn,5,4,16,curvature_attention_max,32,38,396000,none,normalized_version_gap_with_gain,,3960.0,0.44314101338386536,0.44314101338386536,0.32340142130851746,,,,,0.5,0.0,,,,0.1006622165441513,0.023496566340327263,0.05164572596549988,0.07217401266098022,0.09831278771162033,0.13267287909984588,0.20567461848258972,0.023258958011865616,0.023496566340327263,0.017296606674790382
186,6.26349318087101,0.100325000109151,0.09948759952225161,0.1,-0.0005124004777483926,-0.005124004265083499,-0.005124004265083499,0.09980417788028717,0.0,0.0,False,0.00020134629448875785,3.8564913272857666,0.32013896107673645,6.824016509199282e-06,0.0,0.05,0.0009112349362112582,0.8,0.00011680750321829692,0.006744495593011379,0.019061241298913956,0.011306955479085445,0.002270626137033105,6.103515470812226e-09,0.9999995231628418,9.166417121887207,node_conditioned,25,True,True,False,-73.73196411132812,4.567413330078125,1.5238651037216187,2.0512006282806396,0.873432457447052,1.813807487487793,-72.69468688964844,3.0912206172943115,0.6557116049599818,-74.01109313964844,1.3792061805725098,0.0,0.0,0.0,0.019061241298913956,0.0,0.0,100,0.2,0.1625,0.05,900,curvature_stage2_mpnn_v3_5_edge_gain,True,,,,,normalized_degree|time_since_last_tx|consecutive_tx_attempts|congestion_ewma|self_information_increment,,,,,,,,,,,,,,,,0.09980417788028717,0.02555777132511139,0.0,mpnn,5,4,16,curvature_attention_max,32,38,360000,none,normalized_version_gap_with_gain,,3600.0,0.473000705242157,0.473000705242157,0.33495593070983887,,,,,0.5,0.0,,,,0.09980417788028717,0.02555777132511139,0.051709502935409546,0.06958776414394378,0.09627754986286163,0.134871506690979,0.20795586705207825,0.02532276138663292,0.02555777132511139,0.01952263154089451
187,7.345790641903878,0.0941749999532476,0.09683129973774961,0.1,-0.0031687002622503985,-0.031686999453804036,-0.031686999453804036,0.0971045047044754,0.0,0.0,False,5.326450627762824e-05,3.697112560272217,0.31437525153160095,-3.922380528820213e-06,0.0,0.05,0.0008034621132537723,0.8,2.141691766155418e-06,0.0003208042762707919,0.018207043409347534,0.015665609389543533,0.001251149456948042,2.4414061883248905e-08,0.999999463558197,8.938790321350098,node_conditioned,25,True,True,False,-75.03508758544922,5.070683479309082,1.4842959642410278,2.0293428897857666,0.8802245259284973,1.7298465967178345,-75.69564056396484,4.371523380279541,0.8434152135638143,-76.3833999633789,1.4939578771591187,0.0,0.0,0.0,0.018207043409347534,0.0,0.0,100,0.2,0.155,0.01,928,curvature_stage2_mpnn_v3_5_edge_gain,True,,,,,normalized_degree|time_since_last_tx|consecutive_tx_attempts|congestion_ewma|self_information_increment,,,,,,,,,,,,,,,,0.0971045047044754,0.026753686368465424,0.0,mpnn,5,4,16,curvature_attention_max,32,38,371200,none,normalized_version_gap_with_gain,,3712.0,0.44308531284332275,0.44308531284332275,0.3204170763492584,,,,,0.5,0.0,,,,0.0971045047044754,0.026753686368465424,0.05082833766937256,0.06566077172756195,0.09329260885715485,0.13513526320457458,0.2092517614364624,0.026564808562397957,0.026753686368465424,0.021591804921627045
188,6.815244694817811,0.10059999999124557,0.09871564986449759,0.1,-0.0012843501355024184,-0.012843500070674177,-0.012843500070674177,0.10141323506832123,0.0,0.0,False,0.0004980156081728637,3.2403063774108887,0.32279911637306213,-4.812925908481702e-06,0.0,0.05,0.001014089910313487,0.8,0.000407626066589728,0.015611015260219574,0.01778736151754856,0.04189291223883629,0.0007784764748066664,1.2207030941624453e-08,0.999999463558197,8.681767463684082,node_conditioned,25,True,True,False,-74.39984893798828,4.98679256439209,1.4734550714492798,2.020451545715332,0.8818995952606201,1.8029425144195557,-74.24356079101562,3.7389070987701416,0.7674724671481006,-74.83672332763672,1.4795644283294678,0.0,0.0,0.0,0.01778736151754856,0.0,0.0,100,0.2,0.17,0.03,1028,curvature_stage2_mpnn_v3_5_edge_gain,True,,,,,normalized_degree|time_since_last_tx|consecutive_tx_attempts|congestion_ewma|self_information_increment,,,,,,,,,,,,,,,,0.10141323506832123,0.028008317574858665,0.0,mpnn,5,4,16,curvature_attention_max,32,38,411200,none,normalized_version_gap_with_gain,,4112.0,0.46029430627822876,0.46029430627822876,0.3348996043205261,,,,,0.5,0.0,,,,0.10141323506832123,0.028008317574858665,0.05068632960319519,0.0672372668981552,0.09836792945861816,0.13869535326957702,0.20579203963279724,0.02780340239405632,0.028008317574858665,0.02268379181623459
189,6.6299608661234375,0.09524999976158142,0.0969828248130395,0.1,-0.0030171751869604996,-0.03017174885243011,-0.03017174885243011,0.09607896953821182,0.0,0.0,False,9.63141064858064e-05,4.266161918640137,0.3120238780975342,-1.6098532569230883e-06,0.0,0.05,0.0010103131644427776,0.8,2.707629164433456e-06,0.00015021764556877315,0.016871463507413864,0.017023243010044098,0.0013682760763913393,0.0,0.999999463558197,7.6592817306518555,node_conditioned,25,True,True,False,-73.68522644042969,4.7232160568237305,1.571601152420044,2.341689109802246,0.9144090414047241,2.0760886669158936,-73.27881622314453,3.4660727977752686,0.6412297794954543,-74.20777130126953,1.3869547843933105,0.0,0.0,0.0,0.016871463507413864,0.0,0.0,100,0.2,0.16,0.02,996,curvature_stage2_mpnn_v3_5_edge_gain,True,,,,,normalized_degree|time_since_last_tx|consecutive_tx_attempts|congestion_ewma|self_information_increment,,,,,,,,,,,,,,,,0.09607896953821182,0.024268290027976036,0.0,mpnn,5,4,16,curvature_attention_max,32,38,398400,none,normalized_version_gap_with_gain,,3984.0,0.46022677421569824,0.46022677421569824,0.3328264653682709,,,,,0.5,0.0,,,,0.09607896953821182,0.024268290027976036,0.05064597725868225,0.06908405721187591,0.0920473039150238,0.12843707501888274,0.2082960307598114,0.024042939767241478,0.024268290027976036,0.018271595239639282
190,7.723133091442287,0.0920500001264736,0.09451641246975656,0.1,-0.0054835875302434445,-0.054835869818847464,-0.054835869818847464,0.0901436060667038,0.0,0.0,False,2.4296447008964606e-05,3.9109461307525635,0.3001179099082947,-1.5336657099851436e-07,0.0,0.05,0.0009681066730991006,0.8,0.0,0.0,0.020213177427649498,0.02208344079554081,0.0022543896920979023,4.882812376649781e-08,0.9999992847442627,8.552740097045898,node_conditioned,25,True,True,False,-74.87821960449219,5.407184600830078,1.480544090270996,2.0840070247650146,0.8191779255867004,1.568766474723816,-76.22434997558594,4.814332485198975,0.8938195954618807,-75.82058715820312,1.5255488157272339,0.0,0.0,0.0,0.020213177427649498,0.0,0.0,100,0.2,0.16,0.01,906,curvature_stage2_mpnn_v3_5_edge_gain,True,,,,,normalized_degree|time_since_last_tx|consecutive_tx_attempts|congestion_ewma|self_information_increment,,,,,,,,,,,,,,,,0.0901436060667038,0.02285505272448063,0.0,mpnn,5,4,16,curvature_attention_max,32,38,362400,none,normalized_version_gap_with_gain,,3624.0,0.432204931974411,0.432204931974411,0.31411558389663696,,,,,0.5,0.0,,,,0.0901436060667038,0.02285505272448063,0.04974445700645447,0.06254173219203948,0.08698919415473938,0.12109427750110625,0.16890192031860352,0.022653011605143547,0.02285505272448063,0.017183447256684303
191,6.6424840824306015,0.09772499990649522,0.09612070618812589,0.1,-0.0038792938118741155,-0.038792934239447734,-0.038792934239447734,0.09775902330875397,0.0,0.0,False,4.9897866119863465e-05,3.2950778007507324,0.31818443536758423,-3.919485152437119e-06,0.0,0.05,0.0009573947172611952,0.8,6.546806980622932e-05,0.003588511375710368,0.01976335234940052,0.013692440465092659,0.0014767857501283288,1.831054774470431e-08,0.999999463558197,9.209842681884766,node_conditioned,25,True,True,False,-73.98053741455078,4.719594955444336,1.4428635835647583,2.040513515472412,0.848893404006958,1.690653681755066,-73.55480194091797,3.4091033935546875,0.7540601162281773,-74.17650604248047,1.454622507095337,0.0,0.0,0.0,0.01976335234940052,0.0,0.0,100,0.2,0.1825,0.03,926,curvature_stage2_mpnn_v3_5_edge_gain,True,,,,,normalized_degree|time_since_last_tx|consecutive_tx_attempts|congestion_ewma|self_information_increment,,,,,,,,,,,,,,,,0.09775902330875397,0.023675046861171722,0.0,mpnn,5,4,16,curvature_attention_max,32,38,370400,none,normalized_version_gap_with_gain,,3704.0,0.4661080539226532,0.4661080539226532,0.32861122488975525,,,,,0.5,0.0,,,,0.09775902330875397,0.023675046861171722,0.050131767988204956,0.07003002762794495,0.09407578408718109,0.1299533814191818,0.20254570245742798,0.023441605269908905,0.023675046861171722,0.017116721719503403
192,6.6384755112975835,0.09887500001117587,0.09749785309965088,0.1,-0.0025021469003491253,-0.025021466501344604,-0.025021466501344604,0.0971190333366394,0.0,0.0,False,1.765213892213069e-05,3.136199712753296,0.31629398465156555,-1.2466504813346546e-05,0.0,0.05,0.0008185048354789615,0.8,1.8511564121581614e-05,0.0012839738046750426,0.014196001924574375,0.012653465382754803,0.0011432833271101117,9.155273872352154e-09,0.999999463558197,8.810730934143066,node_conditioned,25,True,True,False,-73.83415985107422,4.72023868560791,1.5457192659378052,1.938409686088562,0.8965985774993896,1.7789981365203857,-73.5274658203125,3.562812328338623,0.7506754389075806,-76.65682983398438,1.7469979524612427,0.0,0.0,0.0,0.014196001924574375,0.0,0.0,100,0.2,0.1525,0.03,920,curvature_stage2_mpnn_v3_5_edge_gain,True,,,,,normalized_degree|time_since_last_tx|consecutive_tx_attempts|congestion_ewma|self_information_increment,,,,,,,,,,,,,,,,0.0971190333366394,0.025709595531225204,0.0,mpnn,5,4,16,curvature_attention_max,32,38,368000,none,normalized_version_gap_with_gain,,3680.0,0.44819000363349915,0.44819000363349915,0.31651777029037476,,,,,0.5,0.0,,,,0.0971190333366394,0.025709595531225204,0.050029903650283813,0.06771931648254395,0.09358802437782288,0.13233334273099898,0.20500171184539795,0.025516631081700325,0.025709595531225204,0.019866881892085075
193,6.712766420282423,0.10002499992027879,0.09876142650996483,0.1,-0.001238573490035172,-0.012385733661778354,-0.012385733661778354,0.09913283586502075,0.0,0.0,False,0.00018759851809591055,3.3588831424713135,0.32027700543403625,-1.790074975360767e-06,0.0,0.05,0.0009308707085438073,0.8,0.0001755642588250339,0.008442328311502934,0.01642749086022377,0.004902557469904423,0.0007757041603326797,-1.2207030941624453e-08,0.9999995231628418,8.285938262939453,node_conditioned,25,True,True,False,-73.74251556396484,4.680928707122803,1.5309371948242188,2.0098583698272705,0.88295578956604,1.8558650016784668,-73.4565658569336,3.410215377807617,0.7038381157899862,-73.87945556640625,1.5906805992126465,0.0,0.0,0.0,0.01642749086022377,0.0,0.0,100,0.2,0.185,0.02,898,curvature_stage2_mpnn_v3_5_edge_gain,True,,,,,normalized_degree|time_since_last_tx|consecutive_tx_attempts|congestion_ewma|self_information_increment,,,,,,,,,,,,,,,,0.09913283586502075,0.026167286559939384,0.0,mpnn,5,4,16,curvature_attention_max,32,38,359200,none,normalized_version_gap_with_gain,,3592.0,0.4481089115142822,0.4481089115142822,0.31904083490371704,,,,,0.5,0.0,,,,0.09913283586502075,0.026167286559939384,0.05059456825256348,0.06812350153923034,0.09595535695552826,0.13386897444725038,0.2097131609916687,0.025918440893292427,0.026167286559939384,0.019858330488204956
194,7.172425259612501,0.09435000014491379,0.09655571332743931,0.1,-0.0034442866725606924,-0.034442863281320596,-0.034442863281320596,0.09560748189687729,0.0,0.0,False,4.267451004125178e-05,3.4066944122314453,0.31206753849983215,4.675614036386833e-06,0.0,0.05,0.0011919421376660466,0.8,3.695079158205772e-06,0.0003779870748985559,0.015199065208435059,0.01203178334981203,0.0024710127618163824,4.882812376649781e-08,0.999999463558197,8.995866775512695,node_conditioned,25,True,True,False,-74.07769012451172,4.623390197753906,1.5769314765930176,2.040897846221924,0.8911323547363281,1.7628694772720337,-74.55574035644531,3.516693592071533,0.7487122607046952,-75.64141082763672,1.900051236152649,0.0,0.0,0.0,0.015199065208435059,0.0,0.0,100,0.2,0.1775,0.04,912,curvature_stage2_mpnn_v3_5_edge_gain,True,,,,,normalized_degree|time_since_last_tx|consecutive_tx_attempts|congestion_ewma|self_information_increment,,,,,,,,,,,,,,,,0.09560748189687729,0.026105063036084175,0.0,mpnn,5,4,16,curvature_attention_max,32,38,364800,none,normalized_version_gap_with_gain,,3648.0,0.4390122592449188,0.4390122592449188,0.31578055024147034,,,,,0.5,0.0,,,,0.09560748189687729,0.026105063036084175,0.05036252737045288,0.06559318006038665,0.09172192215919495,0.13104808926582334,0.21154248714447021,0.025866303592920303,0.026105063036084175,0.020217400044202805
195,7.096234845723957,0.09487499981652946,0.09571535657198438,0.1,-0.004284643428015628,-0.042846429995513274,-0.042846429995513274,0.09444054216146469,0.0,0.0,False,2.2473075659945607e-05,3.073659658432007,0.31057408452033997,1.0166922947973944e-06,0.0,0.05,0.001262999139726162,0.8,0.0,0.0,0.01675170660018921,0.013493591919541359,0.0033003243152052164,1.525878978725359e-08,0.999999463558197,8.829943656921387,node_conditioned,25,True,True,False,-73.85710144042969,4.688075542449951,1.3987431526184082,1.9895824193954468,0.840785801410675,1.7276703119277954,-74.28007507324219,3.6543984413146973,0.7764936381508069,-75.95501708984375,1.263373613357544,0.0,0.0,0.0,0.01675170660018921,0.0,0.0,100,0.2,0.1875,0.02,1016,curvature_stage2_mpnn_v3_5_edge_gain,True,,,,,normalized_degree|time_since_last_tx|consecutive_tx_attempts|congestion_ewma|self_information_increment,,,,,,,,,,,,,,,,0.09444054216146469,0.023041296750307083,0.0,mpnn,5,4,16,curvature_attention_max,32,38,406400,none,normalized_version_gap_with_gain,,4064.0,0.4510161280632019,0.4510161280632019,0.32585349678993225,,,,,0.5,0.0,,,,0.09444054216146469,0.023041296750307083,0.05022681504487991,0.06657114326953888,0.09178608655929565,0.12691352665424346,0.21131491661071777,0.02278923988342285,0.023041296750307083,0.016070174053311348
196,6.278977776616812,0.100374999884516,0.09804517822825018,0.1,-0.001954821771749826,-0.019548215762676686,-0.019548215762676686,0.09731654077768326,0.0,0.0,False,5.476910882862285e-05,3.9334921836853027,0.3164259195327759,-1.308381888520671e-05,0.0,0.05,0.001551203546114266,0.8,2.4367742298636585e-05,0.001865082886070013,0.018360573798418045,0.011363879777491093,0.004335027188062668,-1.831054774470431e-08,0.9999995231628418,7.815068244934082,node_conditioned,25,True,True,False,-72.84964752197266,4.818605422973633,1.461483120918274,1.983069658279419,0.8898588418960571,1.8762494325637817,-72.06745910644531,3.851146936416626,0.7626435850101315,-74.54623413085938,1.4553924798965454,0.0,0.0,0.0,0.018360573798418045,0.0,0.0,100,0.2,0.165,0.03,1054,curvature_stage2_mpnn_v3_5_edge_gain,True,,,,,normalized_degree|time_since_last_tx|consecutive_tx_attempts|congestion_ewma|self_information_increment,,,,,,,,,,,,,,,,0.09731654077768326,0.026132682338356972,0.0,mpnn,5,4,16,curvature_attention_max,32,38,421600,none,normalized_version_gap_with_gain,,4216.0,0.46767327189445496,0.46767327189445496,0.334296852350235,,,,,0.5,0.0,,,,0.09731654077768326,0.026132682338356972,0.050399959087371826,0.06591574847698212,0.0937301367521286,0.1317769020795822,0.18809029459953308,0.02591545879840851,0.026132682338356972,0.019784269854426384
197,6.628244437910617,0.09999999973922968,0.09902258898373993,0.1,-0.000977411016260074,-0.009774109185189823,-0.009774109185189823,0.09874466806650162,0.0,0.0,False,0.00015502108726650476,3.152521848678589,0.31872811913490295,-4.431409251992591e-06,0.0,0.05,0.0016010625986382365,0.8,0.00011016082862624899,0.005873197223991156,0.018920890986919403,0.0042866989970207214,0.004754916299134493,6.103515470812226e-09,0.9999994039535522,8.480846405029297,node_conditioned,25,True,True,False,-73.10745239257812,4.6261887550354,1.4944229125976562,2.0505690574645996,0.8459944128990173,1.794685959815979,-72.90922546386719,3.5444395542144775,0.7436213850735149,-76.47163391113281,1.6225100755691528,0.0,0.0,0.0,0.018920890986919403,0.0,0.0,100,0.2,0.1775,0.03,928,curvature_stage2_mpnn_v3_5_edge_gain,True,,,,,normalized_degree|time_since_last_tx|consecutive_tx_attempts|congestion_ewma|self_information_increment,,,,,,,,,,,,,,,,0.09874466806650162,0.02801218070089817,0.0,mpnn,5,4,16,curvature_attention_max,32,38,371200,none,normalized_version_gap_with_gain,,3712.0,0.4499833583831787,0.4499833583831787,0.3180573284626007,,,,,0.5,0.0,,,,0.09874466806650162,0.02801218070089817,0.05051302909851074,0.06591398417949676,0.09397578239440918,0.13639375269412995,0.2150820791721344,0.027786865830421448,0.02801218070089817,0.022025536745786667
198,7.646464914195239,0.09404999988619238,0.09653629443496616,0.1,-0.0034637055650338505,-0.03463705218663329,-0.03463705218663329,0.09535937756299973,0.0,0.0,False,6.352096534101292e-05,4.197817325592041,0.31166669726371765,2.393951035628561e-06,0.0,0.05,0.0018433504737913609,0.8,6.564223440364003e-07,9.894182585412636e-05,0.018120143562555313,0.01245760265737772,0.005860607605427504,2.4414061883248905e-08,0.999999463558197,8.536214828491211,node_conditioned,25,True,True,False,-74.07108306884766,4.884614944458008,1.3671081066131592,1.8951066732406616,0.8036978244781494,1.6883176565170288,-75.35445404052734,3.9107396602630615,0.8136237592259239,-75.00818634033203,1.4603266716003418,0.0,0.0,0.0,0.018120143562555313,0.0,0.0,100,0.2,0.175,0.01,886,curvature_stage2_mpnn_v3_5_edge_gain,True,,,,,normalized_degree|time_since_last_tx|consecutive_tx_attempts|congestion_ewma|self_information_increment,,,,,,,,,,,,,,,,0.09535937756299973,0.025494152680039406,0.0,mpnn,5,4,16,curvature_attention_max,32,38,354400,none,normalized_version_gap_with_gain,,3544.0,0.41979992389678955,0.41979992389678955,0.3044792711734772,,,,,0.5,0.0,,,,0.09535937756299973,0.025494152680039406,0.05055776238441467,0.06502810716629029,0.09136155247688293,0.13017346262931823,0.21182560920715332,0.025278175249695778,0.025494152680039406,0.019295206293463707
199,6.47890833966434,0.09969999993685633,0.09811814718591125,0.1,-0.001881852814088758,-0.018818526259034955,-0.018818526259034955,0.09985364973545074,0.0,0.0,False,0.00030003569554537535,3.1993653774261475,0.3210517466068268,2.3343716293311445e-06,0.0,0.05,0.0022144245449453592,0.8,0.00019038867321796715,0.00888089183717966,0.014857458882033825,0.02438434027135372,0.007803838234394789,2.4414061883248905e-08,0.9999995231628418,9.298188209533691,node_conditioned,25,True,True,False,-72.78543853759766,4.366883277893066,1.3627231121063232,1.9141769409179688,0.831470787525177,1.6770808696746826,-72.3756332397461,3.400357723236084,0.7567466514433123,-76.4952163696289,1.5278089046478271,0.0,0.0,0.0,0.014857458882033825,0.0,0.0,100,0.2,0.1925,0.04,1054,curvature_stage2_mpnn_v3_5_edge_gain,True,,,,,normalized_degree|time_since_last_tx|consecutive_tx_attempts|congestion_ewma|self_information_increment,,,,,,,,,,,,,,,,0.09985364973545074,0.025401923805475235,0.0,mpnn,5,4,16,curvature_attention_max,32,38,421600,none,normalized_version_gap_with_gain,,4216.0,0.4819908142089844,0.4819908142089844,0.34508439898490906,,,,,0.5,0.0,,,,0.09985364973545074,0.025401923805475235,0.05063176155090332,0.06921823620796204,0.09681765735149384,0.1347246080636978,0.21324285864830017,0.02515493705868721,0.025401923805475235,0.01793205738067627
200,6.560548989325762,0.09809999998193235,0.09810907358392179,0.1,-0.0018909264160782147,-0.01890926226985592,-0.01890926226985592,0.09952127933502197,0.0,0.0,False,0.00021309324074536562,3.0790631771087646,0.31905096769332886,-1.3788998330710456e-05,0.0,0.05,0.00149816635530442,0.8,0.00010162487160414457,0.005187247879803181,0.0173453688621521,0.015184012241661549,0.0066020614467561245,-1.2207030941624453e-08,0.9999994039535522,8.364776611328125,node_conditioned,25,True,True,False,-73.07704162597656,4.544779300689697,1.4438049793243408,1.8523492813110352,0.8540946841239929,1.7615818977355957,-72.7812271118164,3.4413833618164062,0.7379769030614637,-76.45922088623047,1.452291488647461,0.0,0.0,0.0,0.0173453688621521,0.0,0.0,100,0.2,0.1575,0.01,1036,curvature_stage2_mpnn_v3_5_edge_gain,True,,,,,normalized_degree|time_since_last_tx|consecutive_tx_attempts|congestion_ewma|self_information_increment,,,,,,,,,,,,,,,,0.09952127933502197,0.02626761980354786,0.0,mpnn,5,4,16,curvature_attention_max,32,38,414400,none,normalized_version_gap_with_gain,,4144.0,0.4661567807197571,0.4661567807197571,0.3358800411224365,,,,,0.5,0.0,,,,0.09952127933502197,0.02626761980354786,0.050531595945358276,0.06928427219390869,0.0965537428855896,0.13437440097332,0.21184614300727844,0.02601916342973709,0.02626761980354786,0.019360220059752464
201,7.1206548044085505,0.0983999998960644,0.0982545367399931,0.1,-0.0017454632600069075,-0.01745463085460599,-0.01745463085460599,0.09977427124977112,0.0,0.0,False,0.0002085796877508983,3.4243483543395996,0.31924980878829956,-1.0467237189004663e-05,0.0,0.05,0.0009791080374270678,0.8,0.0001148366864072159,0.005560440011322498,0.01269527431577444,0.020737595856189728,0.004128134809434414,3.662109548940862e-08,0.999999463558197,8.012237548828125,node_conditioned,25,True,True,False,-73.92715454101562,4.774074077606201,1.332431674003601,1.8450065851211548,0.7932481169700623,1.786615252494812,-74.38381958007812,3.734023094177246,0.7710671592083111,-76.0180435180664,1.0938001871109009,0.0,0.0,0.0,0.01269527431577444,0.0,0.0,100,0.2,0.1625,0.01,992,curvature_stage2_mpnn_v3_5_edge_gain,True,,,,,normalized_degree|time_since_last_tx|consecutive_tx_attempts|congestion_ewma|self_information_increment,,,,,,,,,,,,,,,,0.09977427124977112,0.02568037062883377,0.0,mpnn,5,4,16,curvature_attention_max,32,38,396800,none,normalized_version_gap_with_gain,,3968.0,0.4472130239009857,0.4472130239009857,0.32135429978370667,,,,,0.5,0.0,,,,0.09977427124977112,0.02568037062883377,0.04980701208114624,0.06794898808002472,0.09692779183387756,0.13606472611427306,0.2141803503036499,0.025429515168070793,0.02568037062883377,0.01832202635705471
202,6.291060608029365,0.10285000014584511,0.1005522684429191,0.1,0.0005522684429190988,0.0055226838769226,0.0055226838769226,0.1017451286315918,0.0,5.5226838769226e-05,False,0.0003978635068051517,3.244936943054199,0.3204525411128998,2.3414919269271195e-05,0.0,0.05,0.0009661425719968975,0.8,0.00023677560966461897,0.011299495585262775,0.017699379473924637,0.055176932364702225,0.001927797100506723,3.662109548940862e-08,0.999999463558197,9.366355895996094,node_conditioned,25,True,True,False,-72.42861938476562,4.119307041168213,1.4435275793075562,2.0166001319885254,0.8382995128631592,1.724847435951233,-71.69962310791016,2.936699390411377,0.6550291534601207,-75.53433990478516,1.2877684831619263,0.0,0.0,0.0,0.017699379473924637,0.0,0.0,100,0.2,0.1775,0.08,980,curvature_stage2_mpnn_v3_5_edge_gain,True,,,,,normalized_degree|time_since_last_tx|consecutive_tx_attempts|congestion_ewma|self_information_increment,,,,,,,,,,,,,,,,0.1017451286315918,0.03172939643263817,0.0,mpnn,5,4,16,curvature_attention_max,32,38,392000,none,normalized_version_gap_with_gain,,3920.0,0.46822959184646606,0.46822959184646606,0.3330564796924591,,,,,0.5,0.0,,,,0.1017451286315918,0.03172939643263817,0.04941582679748535,0.06375922709703445,0.0959295779466629,0.14483259320259095,0.21425405144691467,0.03153005987405777,0.03172939643263817,0.025862762704491615
203,7.9048454577103255,0.09537499995902181,0.09796363420097046,0.1,-0.002036365799029549,-0.020363655953929895,-0.020363655953929895,0.09385055303573608,5.5226838769226e-05,0.0,False,0.00014695097343064845,6.395051002502441,0.30544328689575195,3.244671825086698e-05,0.0,0.05,0.0014912656042724848,0.8,0.0,0.0,0.015185138210654259,0.017309555783867836,0.002600383246317506,1.2207030941624453e-08,0.9999995231628418,6.419949054718018,node_conditioned,25,True,True,False,-74.58882904052734,4.965425968170166,1.3699227571487427,2.0574469566345215,0.8071044683456421,2.0930256843566895,-76.17157745361328,4.468357086181641,0.7805915020960295,-74.49139404296875,1.296400547027588,-8.418992081260512e-08,1.6160263839992695e-05,5.25369614479132e-05,0.015185138210654259,9.985993528971449e-06,0.00065761580923952,100,0.2,0.18,0.03,1054,curvature_stage2_mpnn_v3_5_edge_gain,True,,,,,normalized_degree|time_since_last_tx|consecutive_tx_attempts|congestion_ewma|self_information_increment,,,,,,,,,,,,,,,,0.09385055303573608,0.02540791966021061,0.0,mpnn,5,4,16,curvature_attention_max,32,38,421600,none,normalized_version_gap_with_gain,,4216.0,0.4532868564128876,0.4532868564128876,0.33682963252067566,,,,,0.5,0.0,,,,0.09385055303573608,0.02540791966021061,0.04859539866447449,0.06512131989002228,0.09010826051235199,0.1285237818956375,0.21201547980308533,0.025191545486450195,0.02540791966021061,0.018961632624268532
204,7.222069691605866,0.0910499999159947,0.09450681705848257,0.1,-0.005493182941517433,-0.05493182392199193,-0.05493182392199193,0.09247799962759018,0.0,0.0,False,6.660341750830412e-05,3.0728602409362793,0.30492720007896423,-3.032155973414774e-06,0.0,0.05,0.0013254765653982759,0.8,0.0,0.0,0.015201864764094353,0.018472393974661827,0.004076945595443249,0.0,0.999999463558197,8.18960952758789,node_conditioned,25,True,True,False,-74.04464721679688,4.878347873687744,1.40162992477417,2.0086143016815186,0.8606531023979187,1.7267411947250366,-74.58606719970703,3.9664669036865234,0.8104835851141852,-74.1343994140625,1.2640708684921265,0.0,0.0,0.0,0.015201864764094353,0.0,0.0,100,0.2,0.1375,0.0,962,curvature_stage2_mpnn_v3_5_edge_gain,True,,,,,normalized_degree|time_since_last_tx|consecutive_tx_attempts|congestion_ewma|self_information_increment,,,,,,,,,,,,,,,,0.09247799962759018,0.022477133199572563,0.0,mpnn,5,4,16,curvature_attention_max,32,38,384800,none,normalized_version_gap_with_gain,,3848.0,0.43263915181159973,0.43263915181159973,0.3171260952949524,,,,,0.5,0.0,,,,0.09247799962759018,0.022477133199572563,0.04832431674003601,0.06446414068341255,0.09047192335128784,0.12356907129287718,0.1743571162223816,0.0222712941467762,0.022477133199572563,0.015036414377391338
205,7.425067680813372,0.09239999995566904,0.09345340850707581,0.1,-0.006546591492924192,-0.06546590838265108,-0.06546590838265108,0.09386206418275833,0.0,0.0,False,3.370079502929002e-05,3.481222152709961,0.30815359950065613,6.90945398673648e-06,0.0,0.05,0.0012677658814936876,0.8,0.0,0.0,0.012725229375064373,0.017138579860329628,0.004929974675178528,-3.662109548940862e-08,0.9999994039535522,8.133443832397461,node_conditioned,25,True,True,False,-74.89507293701172,4.867746829986572,1.4746313095092773,1.9602398872375488,0.8744052052497864,1.82955801486969,-75.63884735107422,3.90208101272583,0.7801635377814866,-75.06721496582031,1.494502067565918,0.0,0.0,0.0,0.012725229375064373,0.0,0.0,100,0.2,0.1775,0.03,944,curvature_stage2_mpnn_v3_5_edge_gain,True,,,,,normalized_degree|time_since_last_tx|consecutive_tx_attempts|congestion_ewma|self_information_increment,,,,,,,,,,,,,,,,0.09386206418275833,0.026733793318271637,0.0,mpnn,5,4,16,curvature_attention_max,32,38,377600,none,normalized_version_gap_with_gain,,3776.0,0.43281662464141846,0.43281662464141846,0.31459084153175354,,,,,0.5,0.0,,,,0.09386206418275833,0.026733793318271637,0.04760017991065979,0.06196287572383881,0.0895359218120575,0.1304692104458809,0.20761612057685852,0.026547595858573914,0.026733793318271637,0.020616428926587105
206,6.4906211998313665,0.09409999999217689,0.09377670424962635,0.1,-0.006223295750373656,-0.06223295128044143,-0.06223295128044143,0.0952254980802536,0.0,0.0,False,-5.600734948529862e-05,3.8514344692230225,0.3133391737937927,1.6748541384004056e-05,0.0,0.05,0.0008325476665049791,0.8,2.1211278635746567e-06,0.00023947130830492824,0.021783381700515747,0.023755110800266266,0.0023898249492049217,-2.8991699707603402e-08,0.999999463558197,9.170913696289062,node_conditioned,25,True,True,False,-74.48953247070312,4.498530864715576,1.3848774433135986,2.089833974838257,0.8223477005958557,1.7586818933486938,-73.7604751586914,3.3307626247406006,0.7212035653870604,-76.40692138671875,1.8592205047607422,0.0,0.0,0.0,0.021783381700515747,0.0,0.0,100,0.2,0.1675,0.02,1072,curvature_stage2_mpnn_v3_5_edge_gain,True,,,,,normalized_degree|time_since_last_tx|consecutive_tx_attempts|congestion_ewma|self_information_increment,,,,,,,,,,,,,,,,0.0952254980802536,0.02299714833498001,0.0,mpnn,5,4,16,curvature_attention_max,32,38,428800,none,normalized_version_gap_with_gain,,4288.0,0.48163673281669617,0.48163673281669617,0.34555482864379883,,,,,0.5,0.0,,,,0.0952254980802536,0.02299714833498001,0.04810720682144165,0.06908279359340667,0.09166092798113823,0.12631846666336058,0.2095397710800171,0.022753948345780373,0.02299714833498001,0.01463430467993021
207,7.388000261336565,0.09665000007022172,0.09521335215992403,0.1,-0.004786647840075972,-0.04786647361411236,-0.04786647361411236,0.0957382321357727,0.0,0.0,False,-7.723494491074234e-06,3.9367928504943848,0.3144707679748535,8.995619282359257e-06,0.0,0.05,0.0009942330652847886,0.8,3.818252662313171e-05,0.001843339647166431,0.017247991636395454,0.015383545309305191,0.0015146948862820864,0.0,0.9999995231628418,7.8566670417785645,node_conditioned,25,True,True,False,-75.80879974365234,4.9632768630981445,1.484127402305603,2.036198139190674,0.8577653765678406,1.8738765716552734,-76.50568389892578,4.510983943939209,0.827440298714674,-79.87335968017578,1.8716552257537842,0.0,0.0,0.0,0.017247991636395454,0.0,0.0,100,0.2,0.155,0.02,948,curvature_stage2_mpnn_v3_5_edge_gain,True,,,,,normalized_degree|time_since_last_tx|consecutive_tx_attempts|congestion_ewma|self_information_increment,,,,,,,,,,,,,,,,0.0957382321357727,0.02479551173746586,0.0,mpnn,5,4,16,curvature_attention_max,32,38,379200,none,normalized_version_gap_with_gain,,3792.0,0.4338051676750183,0.4338051676750183,0.31198957562446594,,,,,0.5,0.0,,,,0.0957382321357727,0.02479551173746586,0.048332393169403076,0.06751085966825485,0.09172265231609344,0.12892496287822724,0.21343237161636353,0.024460937827825546,0.02479551173746586,0.017084890976548195
208,6.419983589798212,0.09757500006817281,0.09639417611404842,0.1,-0.003605823885951584,-0.03605823525369231,-0.03605823525369231,0.0959150567650795,0.0,0.0,False,-6.835434032836929e-05,3.4340837001800537,0.31538158655166626,-2.201726420025807e-05,0.0,0.05,0.0012166881933808327,0.8,5.25337827639305e-06,0.0006160894990898669,0.023234408348798752,0.02113715186715126,0.001951164798811078,1.678466787780053e-08,0.999999463558197,9.193014144897461,node_conditioned,25,True,True,False,-74.36444091796875,4.42318058013916,1.405977725982666,1.9041796922683716,0.8904062509536743,1.7087537050247192,-73.52568054199219,3.2342772483825684,0.7208713383976502,-75.9773941040039,1.3738878965377808,0.0,0.0,0.0,0.023234408348798752,0.0,0.0,100,0.2,0.15,0.0,1030,curvature_stage2_mpnn_v3_5_edge_gain,True,,,,,normalized_degree|time_since_last_tx|consecutive_tx_attempts|congestion_ewma|self_information_increment,,,,,,,,,,,,,,,,0.0959150567650795,0.02318452298641205,0.0,mpnn,5,4,16,curvature_attention_max,32,38,412000,none,normalized_version_gap_with_gain,,4120.0,0.46798235177993774,0.46798235177993774,0.3333193361759186,,,,,0.5,0.0,,,,0.0959150567650795,0.02318452298641205,0.04859164357185364,0.06718414127826691,0.0930260568857193,0.12869133353233336,0.1723005771636963,0.022931039333343506,0.02318452298641205,0.014258332550525665
209,6.75503989931196,0.0979750001244247,0.09718458811923655,0.1,-0.002815411880763452,-0.028154115992222922,-0.028154115992222922,0.09893310815095901,0.0,0.0,False,0.0002295213344041258,2.8155901432037354,0.320696085691452,9.06686454982264e-06,0.0,0.05,0.001995877828449011,0.8,0.00019598414655774832,0.009016883559525013,0.01700548268854618,0.00892672035843134,0.005334913264960051,3.051757735406113e-09,0.999999463558197,9.002664566040039,node_conditioned,25,True,True,False,-74.572021484375,4.524197578430176,1.409695029258728,1.7676717042922974,0.8345350623130798,1.7074058055877686,-74.24739074707031,3.195509433746338,0.7145084330279216,-75.58049011230469,1.6687642335891724,0.0,0.0,0.0,0.01700548268854618,0.0,0.0,100,0.2,0.17,0.02,964,curvature_stage2_mpnn_v3_5_edge_gain,True,,,,,normalized_degree|time_since_last_tx|consecutive_tx_attempts|congestion_ewma|self_information_increment,,,,,,,,,,,,,,,,0.09893310815095901,0.025881309062242508,0.0,mpnn,5,4,16,curvature_attention_max,32,38,385600,none,normalized_version_gap_with_gain,,3856.0,0.4523029029369354,0.4523029029369354,0.3222252130508423,,,,,0.5,0.0,,,,0.09893310815095901,0.025881309062242508,0.04911133646965027,0.06757457628846168,0.0956505686044693,0.13437363803386687,0.21110889315605164,0.02563338540494442,0.025881309062242508,0.017770128324627876
210,6.3282401451654735,0.10604999975301325,0.1016172939361249,0.1,0.0016172939361248917,0.016172937743955142,0.016172937743955142,0.10572835803031921,0.0,0.00016172937743955142,False,0.0017331968992948532,3.2951793670654297,0.32833585143089294,4.5225788198877126e-05,0.0,0.05,0.0007886268431320786,0.8,0.0015487093478441238,0.03875831514596939,0.016916947439312935,0.18223492801189423,0.005984726827591658,1.2207030941624453e-08,0.999999463558197,8.976387977600098,node_conditioned,25,True,True,False,-73.88188934326172,4.355914115905762,1.574031949043274,2.06070876121521,0.851102888584137,1.8022897243499756,-72.85538482666016,3.040099620819092,0.6485418666490532,-73.30208587646484,1.461958646774292,0.0,0.0,0.0,0.016916947439312935,0.0,0.0,100,0.2,0.1875,0.08,930,curvature_stage2_mpnn_v3_5_edge_gain,True,,,,,normalized_degree|time_since_last_tx|consecutive_tx_attempts|congestion_ewma|self_information_increment,,,,,,,,,,,,,,,,0.10572835803031921,0.030800439417362213,0.0,mpnn,5,4,16,curvature_attention_max,32,38,372000,none,normalized_version_gap_with_gain,,3720.0,0.47371357679367065,0.47371357679367065,0.3359161615371704,,,,,0.5,0.0,,,,0.10572835803031921,0.030800439417362213,0.04955393075942993,0.07001435458660125,0.10062763094902039,0.14614581316709518,0.22027388215065002,0.030587088316679,0.030800439417362213,0.023188412189483643
211,7.1389022755995395,0.09407499974127859,0.09784614683870174,0.1,-0.0021538531612982637,-0.02153852945912969,-0.02153852945912969,0.09389528632164001,0.00016172937743955142,0.0,False,0.0002312831929884851,3.4913203716278076,0.30290254950523376,5.587074701907113e-05,0.0,0.05,0.00156975572463125,0.8,0.0,0.0,0.014016741886734962,0.013484660536050797,0.0006715074996463954,3.051757735406113e-09,0.9999994039535522,8.63539981842041,node_conditioned,25,True,True,False,-73.7368392944336,4.653958797454834,1.464011788368225,2.0808982849121094,0.8388707041740417,1.6688156127929688,-74.220458984375,3.820507526397705,0.8092016711589428,-75.3049545288086,1.3715922832489014,-2.9065052586929596e-08,4.7001230996102095e-05,0.0001538564683869481,0.014016741886734962,2.9395980163826607e-05,0.002097203432105129,100,0.2,0.145,0.0,1030,curvature_stage2_mpnn_v3_5_edge_gain,True,,,,,normalized_degree|time_since_last_tx|consecutive_tx_attempts|congestion_ewma|self_information_increment,,,,,,,,,,,,,,,,0.09389528632164001,0.024096082895994186,0.0,mpnn,5,4,16,curvature_attention_max,32,38,412000,none,normalized_version_gap_with_gain,,4120.0,0.4461078643798828,0.4461078643798828,0.321976900100708,,,,,0.5,0.0,,,,0.09389528632164001,0.024096082895994186,0.04797393083572388,0.06390572786331176,0.09159913659095764,0.12689935863018034,0.18365001678466797,0.023892225697636604,0.024096082895994186,0.01615632325410843
212,6.175534097068012,0.09519999999552965,0.09652307341711569,0.1,-0.0034769265828843154,-0.03476926235191692,-0.03476926235191692,0.09493601322174072,0.0,0.0,False,0.00021809445752296597,3.1984448432922363,0.307694673538208,1.4386030670721084e-05,0.0,0.05,0.002341869520023465,0.8,0.0,0.0,0.018574388697743416,0.023502575233578682,0.005346509627997875,-1.3732909920349812e-08,0.999999463558197,8.767763137817383,node_conditioned,25,True,True,False,-71.89876556396484,4.359346389770508,1.5238324403762817,2.050732135772705,0.8579649329185486,1.7334998846054077,-71.03328704833984,3.1256959438323975,0.6924227217547398,-73.3453598022461,2.0300228595733643,0.0,0.0,0.0,0.018574388697743416,0.0,0.0,100,0.2,0.1375,0.0,968,curvature_stage2_mpnn_v3_5_edge_gain,True,,,,,normalized_degree|time_since_last_tx|consecutive_tx_attempts|congestion_ewma|self_information_increment,,,,,,,,,,,,,,,,0.09493601322174072,0.02534513734281063,0.0,mpnn,5,4,16,curvature_attention_max,32,38,387200,none,normalized_version_gap_with_gain,,3872.0,0.47177761793136597,0.47177761793136597,0.3341168463230133,,,,,0.5,0.0,,,,0.09493601322174072,0.02534513734281063,0.04699188470840454,0.06379690766334534,0.09179241955280304,0.1297610908746719,0.2112063765525818,0.02513979934155941,0.02534513734281063,0.017551200464367867
213,7.76124872725457,0.09219999995082617,0.09436153668397093,0.1,-0.005638463316029074,-0.05638462752182799,-0.05638462752182799,0.09229683876037598,0.0,0.0,False,0.00014864469994790852,4.276439666748047,0.3038468658924103,-8.171534204848285e-07,0.0,0.05,0.0028492368292063475,0.8,0.0,0.0,0.013681684620678425,0.02157135121524334,0.008935696445405483,4.882812376649781e-08,0.9999992847442627,9.312586784362793,node_conditioned,25,True,True,False,-73.91824340820312,4.752958297729492,1.401270866394043,1.975510597229004,0.7748173475265503,1.479506254196167,-75.39473724365234,3.977036237716675,0.8616068998805952,-74.90186309814453,1.6152689456939697,0.0,0.0,0.0,0.013681684620678425,0.0,0.0,100,0.2,0.1525,0.01,960,curvature_stage2_mpnn_v3_5_edge_gain,True,,,,,normalized_degree|time_since_last_tx|consecutive_tx_attempts|congestion_ewma|self_information_increment,,,,,,,,,,,,,,,,0.09229683876037598,0.024938074871897697,0.0,mpnn,5,4,16,curvature_attention_max,32,38,384000,none,normalized_version_gap_with_gain,,3840.0,0.43870797753334045,0.43870797753334045,0.3179989755153656,,,,,0.5,0.0,,,,0.09229683876037598,0.024938074871897697,0.04660329222679138,0.06333601474761963,0.0882156491279602,0.12656695544719695,0.20846644043922424,0.024741429835557938,0.024938074871897697,0.01785561628639698
214,7.1109320681914685,0.09209999974351377,0.09323076821374235,0.1,-0.006769231786257657,-0.06769231109334546,-0.06769231109334546,0.09281689673662186,0.0,0.0,False,7.754808757454157e-05,2.8281357288360596,0.30642133951187134,2.004333964578109e-06,0.0,0.05,0.002251157071441412,0.8,0.0,0.0,0.015207597054541111,0.02372818812727928,0.008950495161116123,-1.2207030941624453e-08,0.9999994039535522,8.499124526977539,node_conditioned,25,True,True,False,-73.11951446533203,4.530115604400635,1.4671217203140259,1.9419676065444946,0.8192979693412781,1.6600450277328491,-73.57892608642578,3.4365804195404053,0.7666613023162924,-73.2478256225586,1.5319724082946777,0.0,0.0,0.0,0.015207597054541111,0.0,0.0,100,0.2,0.17,0.01,1070,curvature_stage2_mpnn_v3_5_edge_gain,True,,,,,normalized_degree|time_since_last_tx|consecutive_tx_attempts|congestion_ewma|self_information_increment,,,,,,,,,,,,,,,,0.09281689673662186,0.02478320524096489,0.0,mpnn,5,4,16,curvature_attention_max,32,38,428000,none,normalized_version_gap_with_gain,,4280.0,0.46193927526474,0.46193927526474,0.3388257920742035,,,,,0.5,0.0,,,,0.09281689673662186,0.02478320524096489,0.046398162841796875,0.06397401690483094,0.089225634932518,0.12599348723888396,0.20745891332626343,0.02454797737300396,0.02478320524096489,0.01754116080701351
215,6.439419702105224,0.09719999980647116,0.09521538401010676,0.1,-0.004784615989893243,-0.04784615511431692,-0.04784615511431692,0.09475614875555038,0.0,0.0,False,2.2113739760243334e-05,3.2844719886779785,0.3117047846317291,-2.0610776118701324e-05,0.0,0.05,0.0016726595349609852,0.8,3.459946071870945e-07,7.467827526852489e-05,0.014126806519925594,0.02194933593273163,0.008214880712330341,-2.4414061883248905e-08,0.9999994039535522,8.617280006408691,node_conditioned,25,True,True,False,-72.75025939941406,4.380129337310791,1.4188146591186523,1.7807002067565918,0.8322142958641052,1.6855847835540771,-72.16717529296875,3.1069440841674805,0.7056700988653611,-73.5316390991211,1.6403684616088867,0.0,0.0,0.0,0.014126806519925594,0.0,0.0,100,0.2,0.1625,0.01,864,curvature_stage2_mpnn_v3_5_edge_gain,True,,,,,normalized_degree|time_since_last_tx|consecutive_tx_attempts|congestion_ewma|self_information_increment,,,,,,,,,,,,,,,,0.09475614875555038,0.024764196947216988,0.0,mpnn,5,4,16,curvature_attention_max,32,38,345600,none,normalized_version_gap_with_gain,,3456.0,0.45147767663002014,0.45147767663002014,0.31439009308815,,,,,0.5,0.0,,,,0.09475614875555038,0.024764196947216988,0.0465053915977478,0.06558732390403747,0.09140269458293915,0.12815102636814119,0.20493674278259277,0.02456124871969223,0.024764196947216988,0.01673857867717743
216,6.395778780020773,0.09822500009089709,0.09672019205050192,0.1,-0.003279807949498087,-0.03279807621517325,-0.03279807621517325,0.0971514955163002,0.0,0.0,False,-2.1133155314601026e-05,2.7226603031158447,0.31762948632240295,-2.6018801690952387e-06,0.0,0.05,0.0010220654075965285,0.8,2.850820055755321e-05,0.0021604872308671474,0.019527334719896317,0.02254020795226097,0.005443938542157412,-2.4414061883248905e-08,0.9999993443489075,9.466582298278809,node_conditioned,25,True,True,False,-72.63780212402344,4.193524360656738,1.3738598823547363,1.8019404411315918,0.82422935962677,1.6418856382369995,-71.99835968017578,3.2078258991241455,0.7380223600300904,-74.22598266601562,1.396155595779419,0.0,0.0,0.0,0.019527334719896317,0.0,0.0,100,0.2,0.175,0.01,926,curvature_stage2_mpnn_v3_5_edge_gain,True,,,,,normalized_degree|time_since_last_tx|consecutive_tx_attempts|congestion_ewma|self_information_increment,,,,,,,,,,,,,,,,0.0971514955163002,0.024524621665477753,0.0,mpnn,5,4,16,curvature_attention_max,32,38,370400,none,normalized_version_gap_with_gain,,3704.0,0.4623432159423828,0.4623432159423828,0.32683587074279785,,,,,0.5,0.0,,,,0.0971514955163002,0.024524621665477753,0.04706841707229614,0.06789185702800751,0.09349001944065094,0.13069194257259367,0.21002838015556335,0.024312308058142662,0.024524621665477753,0.015621570870280266
217,6.739834336526692,0.09855000001844019,0.09763509603447106,0.1,-0.00236490396552895,-0.023649037290385772,-0.023649037290385772,0.09788045287132263,0.0,0.0,False,3.612052387325093e-05,2.7048604488372803,0.3185916543006897,-2.421280385078717e-07,0.0,0.05,0.0008278494351543486,0.8,8.515774243278429e-05,0.004481296055018902,0.018118787556886673,0.01461534108966589,0.0036436282098293304,1.831054774470431e-08,0.9999994039535522,8.744543075561523,node_conditioned,25,True,True,False,-72.97562408447266,4.381619930267334,1.4665014743804932,2.163285493850708,0.8429709076881409,1.6515617370605469,-72.8535385131836,3.264375686645508,0.7440298193292156,-73.78153991699219,1.5371108055114746,0.0,0.0,0.0,0.018118787556886673,0.0,0.0,100,0.2,0.1675,0.04,946,curvature_stage2_mpnn_v3_5_edge_gain,True,,,,,normalized_degree|time_since_last_tx|consecutive_tx_attempts|congestion_ewma|self_information_increment,,,,,,,,,,,,,,,,0.09788045287132263,0.026732150465250015,0.0,mpnn,5,4,16,curvature_attention_max,32,38,378400,none,normalized_version_gap_with_gain,,3784.0,0.4500361382961273,0.4500361382961273,0.3218567967414856,,,,,0.5,0.0,,,,0.09788045287132263,0.026732150465250015,0.04748821258544922,0.06672197878360749,0.09422841668128967,0.13378367125988005,0.21390962600708008,0.02650957554578781,0.026732150465250015,0.019052576273679733
218,6.6221000023186205,0.09612499980721623,0.09688004792084365,0.1,-0.0031199520791563573,-0.031199517671611807,-0.031199517671611807,0.09645315259695053,0.0,0.0,False,1.8037695554085076e-05,2.814941883087158,0.3154962956905365,8.466149665764533e-06,0.0,0.05,0.0009763312409631908,0.8,3.2001891668187454e-05,0.0017075659707188606,0.015771409496665,0.012623555026948452,0.0006582963978871703,1.831054774470431e-08,0.9999993443489075,8.511587142944336,node_conditioned,25,True,True,False,-72.03376770019531,4.3385491371154785,1.3982186317443848,2.0535426139831543,0.851438581943512,1.6898279190063477,-71.86592864990234,3.6023244857788086,0.7799510551335245,-73.07032012939453,1.393797755241394,0.0,0.0,0.0,0.015771409496665,0.0,0.0,100,0.2,0.165,0.02,1024,curvature_stage2_mpnn_v3_5_edge_gain,True,,,,,normalized_degree|time_since_last_tx|consecutive_tx_attempts|congestion_ewma|self_information_increment,,,,,,,,,,,,,,,,0.09645315259695053,0.024960922077298164,0.0,mpnn,5,4,16,curvature_attention_max,32,38,409600,none,normalized_version_gap_with_gain,,4096.0,0.4572117328643799,0.4572117328643799,0.3304159939289093,,,,,0.5,0.0,,,,0.09645315259695053,0.024960922077298164,0.04770010709762573,0.06533054709434509,0.09390455484390259,0.13059649169445037,0.19370818138122559,0.0246913842856884,0.024960922077298164,0.016448963433504105
219,6.079992663823068,0.1037499998183921,0.10031502386961788,0.1,0.0003150238696178753,0.003150238381154915,0.003150238381154915,0.10282683372497559,0.0,3.150238381154915e-05,False,0.001054871710948646,3.17395281791687,0.3260999023914337,7.921914402686525e-06,0.0,0.05,0.0009421605500392616,0.8,0.0009799438994377851,0.02736760675907135,0.015151419676840305,0.08971153944730759,0.0018062051385641098,4.577636936176077e-09,0.9999994039535522,8.929559707641602,node_conditioned,25,True,True,False,-71.12726593017578,3.9614975452423096,1.3997834920883179,1.8740931749343872,0.8397063612937927,1.7325193881988525,-70.13928985595703,2.8069045543670654,0.6190211396217631,-71.83898162841797,1.5774260759353638,0.0,0.0,0.0,0.015151419676840305,0.0,0.0,100,0.2,0.1675,0.04,1008,curvature_stage2_mpnn_v3_5_edge_gain,True,,,,,normalized_degree|time_since_last_tx|consecutive_tx_attempts|congestion_ewma|self_information_increment,,,,,,,,,,,,,,,,0.10282683372497559,0.027886634692549706,0.0,mpnn,5,4,16,curvature_attention_max,32,38,403200,none,normalized_version_gap_with_gain,,4032.0,0.48502543568611145,0.48502543568611145,0.34278348088264465,,,,,0.5,0.0,,,,0.10282683372497559,0.027886634692549706,0.04802161455154419,0.06890790164470673,0.09930282831192017,0.14056403934955597,0.21644818782806396,0.027641313150525093,0.027886634692549706,0.019224772229790688
220,6.991313617452979,0.09627499963156878,0.09829501175059333,0.1,-0.0017049882494066804,-0.017049880789078726,-0.017049880789078726,0.09884902089834213,3.150238381154915e-05,0.0,False,0.00017729453975334764,3.649911642074585,0.3165099024772644,-3.147566530969925e-05,0.0,0.05,0.0010120193473994732,0.8,4.532151069724932e-05,0.002664425875991583,0.01617625169456005,0.005953504238277674,0.0014504828723147511,4.882812376649781e-08,0.9999994039535522,7.6234965324401855,node_conditioned,25,True,True,False,-71.771728515625,4.533525466918945,1.352807641029358,1.8612014055252075,0.7799818515777588,1.7326163053512573,-72.28677368164062,3.7390341758728027,0.785273369542302,-72.54556274414062,1.261687159538269,8.108764149028502e-08,9.253560165234376e-06,2.997066985699348e-05,0.01617625169456005,5.813431471324293e-06,0.000359380404514555,100,0.2,0.175,0.02,1014,curvature_stage2_mpnn_v3_5_edge_gain,True,,,,,normalized_degree|time_since_last_tx|consecutive_tx_attempts|congestion_ewma|self_information_increment,,,,,,,,,,,,,,,,0.09884902089834213,0.02555898018181324,0.0,mpnn,5,4,16,curvature_attention_max,32,38,405600,none,normalized_version_gap_with_gain,,4056.0,0.4631962776184082,0.4631962776184082,0.3312317728996277,,,,,0.5,0.0,,,,0.09884902089834213,0.02555898018181324,0.047945886850357056,0.06849381923675538,0.0957852303981781,0.13312244713306426,0.21275731921195984,0.02529066801071167,0.02555898018181324,0.016851112246513367
221,6.506519968211651,0.09557499981950969,0.09693500578505151,0.1,-0.003064994214948491,-0.030649939084491002,-0.030649939084491002,0.09510958194732666,0.0,0.0,False,8.834907202981412e-05,2.224903106689453,0.30919530987739563,5.002593752578832e-07,0.0,0.05,0.0009411756764166057,0.8,0.0,0.0,0.018646426498889923,0.020273126661777496,0.0018468231428414583,-3.051757735406113e-09,0.9999992847442627,9.233160018920898,node_conditioned,25,True,True,False,-70.51483917236328,4.064784049987793,1.3580299615859985,1.8451374769210815,0.7961308360099792,1.501403570175171,-70.40876007080078,2.9706904888153076,0.7445652470462503,-72.37352752685547,1.4020735025405884,0.0,0.0,0.0,0.018646426498889923,0.0,0.0,100,0.2,0.1575,0.03,972,curvature_stage2_mpnn_v3_5_edge_gain,True,,,,,normalized_degree|time_since_last_tx|consecutive_tx_attempts|congestion_ewma|self_information_increment,,,,,,,,,,,,,,,,0.09510958194732666,0.0266044270247221,0.0,mpnn,5,4,16,curvature_attention_max,32,38,388800,none,normalized_version_gap_with_gain,,3888.0,0.45478159189224243,0.45478159189224243,0.32146939635276794,,,,,0.5,0.0,,,,0.09510958194732666,0.0266044270247221,0.046935468912124634,0.06284883022308349,0.0912049412727356,0.13182242810726166,0.21338343620300293,0.026389317587018013,0.0266044270247221,0.01875864900648594
222,6.193557571098208,0.09717500005383045,0.09705500291944098,0.1,-0.0029449970805590225,-0.02944996786059344,-0.02944996786059344,0.09852122515439987,0.0,0.0,False,0.0001245576422661543,2.293147563934326,0.3182142376899719,-1.0140631445665349e-07,0.0,0.05,0.0010995246702805161,0.8,7.175426435424015e-05,0.004003428854048252,0.01669083721935749,0.006847579963505268,0.0034230153542011976,0.0,0.9999992847442627,9.338031768798828,node_conditioned,25,True,True,False,-69.94429016113281,3.9010262489318848,1.3617550134658813,1.7301708459854126,0.7895290851593018,1.4948757886886597,-69.35319519042969,2.941577434539795,0.7417444785420806,-71.03463745117188,1.3509198427200317,0.0,0.0,0.0,0.01669083721935749,0.0,0.0,100,0.2,0.1625,0.02,1016,curvature_stage2_mpnn_v3_5_edge_gain,True,,,,,normalized_degree|time_since_last_tx|consecutive_tx_attempts|congestion_ewma|self_information_increment,,,,,,,,,,,,,,,,0.09852122515439987,0.02568511851131916,0.0,mpnn,5,4,16,curvature_attention_max,32,38,406400,none,normalized_version_gap_with_gain,,4064.0,0.4794115126132965,0.4794115126132965,0.3449283242225647,,,,,0.5,0.0,,,,0.09852122515439987,0.02568511851131916,0.04709610342979431,0.06896582543849945,0.09495416283607483,0.13204857409000398,0.21366652846336365,0.025439925491809845,0.02568511851131916,0.016835864633321762
223,6.464988128505647,0.0953249998902902,0.09619000140486558,0.1,-0.003809998595134423,-0.038099982141346016,-0.038099982141346016,0.09568224102258682,0.0,0.0,False,3.2364026992581785e-05,2.867295742034912,0.3125208616256714,2.4096109427773627e-06,0.0,0.05,0.0010549819562584162,0.8,2.417662471998483e-06,0.0002077497192658484,0.015536963939666748,0.017809810116887093,0.0031468921806663275,1.2207030941624453e-08,0.9999993443489075,8.12571907043457,node_conditioned,25,True,True,False,-70.03641510009766,4.025827407836914,1.3100848197937012,1.7705048322677612,0.8114292621612549,1.7072614431381226,-69.85690307617188,3.0292105674743652,0.6823556895557813,-70.27056884765625,1.1745479106903076,0.0,0.0,0.0,0.015536963939666748,0.0,0.0,100,0.2,0.1825,0.02,994,curvature_stage2_mpnn_v3_5_edge_gain,True,,,,,normalized_degree|time_since_last_tx|consecutive_tx_attempts|congestion_ewma|self_information_increment,,,,,,,,,,,,,,,,0.09568224102258682,0.025191498920321465,0.0,mpnn,5,4,16,curvature_attention_max,32,38,397600,none,normalized_version_gap_with_gain,,3976.0,0.45935550332069397,0.45935550332069397,0.33003056049346924,,,,,0.5,0.0,,,,0.09568224102258682,0.025191498920321465,0.04679611325263977,0.06646387875080109,0.09202484786510468,0.12790367901325225,0.21191459894180298,0.02496112324297428,0.025191498920321465,0.01683952286839485
224,7.04675202447921,0.09532499980647118,0.09575750060566837,0.1,-0.004242499394331634,-0.042424989700817366,-0.042424989700817366,0.09411529451608658,0.0,0.0,False,-2.1465422832989134e-05,2.567448139190674,0.30948856472969055,-4.710171197075397e-06,0.0,0.05,0.0006781552801840007,0.8,1.9321808508721006e-07,4.045459354529157e-05,0.0183959249407053,0.021035071462392807,0.002772537525743246,-4.882812376649781e-08,0.9999994039535522,9.59134578704834,node_conditioned,25,True,True,False,-70.56066131591797,4.171885967254639,1.3098684549331665,1.6862331628799438,0.7728976607322693,1.4149768352508545,-71.30061340332031,3.2578721046447754,0.8113613675517702,-71.0209732055664,1.4295977354049683,0.0,0.0,0.0,0.0183959249407053,0.0,0.0,100,0.2,0.165,0.02,944,curvature_stage2_mpnn_v3_5_edge_gain,True,,,,,normalized_degree|time_since_last_tx|consecutive_tx_attempts|congestion_ewma|self_information_increment,,,,,,,,,,,,,,,,0.09411529451608658,0.025468144565820694,0.0,mpnn,5,4,16,curvature_attention_max,32,38,377600,none,normalized_version_gap_with_gain,,3776.0,0.4497408866882324,0.4497408866882324,0.32633525133132935,,,,,0.5,0.0,,,,0.09411529451608658,0.025468144565820694,0.04676508903503418,0.06402388215065002,0.09059347212314606,0.12955322861671448,0.2111603021621704,0.025286702439188957,0.025468144565820694,0.01716112345457077
225,8.233142932243645,0.0958749998966232,0.09581625025114579,0.1,-0.004183749748854215,-0.04183749330479282,-0.04183749330479282,0.09614574909210205,0.0,0.0,False,2.904800567193888e-06,6.877768039703369,0.314287930727005,6.026654773449991e-06,0.0,0.05,0.0007974261534400284,0.8,7.99198642198462e-06,0.000694796908646822,0.011960611678659916,0.013389827683568,0.002661140402778983,-6.103515470812226e-09,0.9999994039535522,5.7228875160217285,node_conditioned,25,True,True,False,-71.94902801513672,4.843214511871338,1.3762948513031006,2.3103697299957275,0.7583555579185486,1.9315178394317627,-74.57347869873047,4.768754959106445,0.8359457759380702,-73.94482421875,1.3085741996765137,0.0,0.0,0.0,0.011960611678659916,0.0,0.0,100,0.2,0.1525,0.01,954,curvature_stage2_mpnn_v3_5_edge_gain,True,,,,,normalized_degree|time_since_last_tx|consecutive_tx_attempts|congestion_ewma|self_information_increment,,,,,,,,,,,,,,,,0.09614574909210205,0.026091868057847023,0.0,mpnn,5,4,16,curvature_attention_max,32,38,381600,none,normalized_version_gap_with_gain,,3816.0,0.4090597629547119,0.4090597629547119,0.2965080738067627,,,,,0.5,0.0,,,,0.09614574909210205,0.026091868057847023,0.04702967405319214,0.0647047907114029,0.09323582053184509,0.13190414905548095,0.21086764335632324,0.025882327929139137,0.026091868057847023,0.018301164731383324
226,6.767281813286245,0.09654999995138497,0.09618312510126538,0.1,-0.0038168748987346263,-0.038168745170471745,-0.038168745170471745,0.09599414467811584,0.0,0.0,False,1.424185302312253e-05,3.936755895614624,0.3140961229801178,-5.607033131127537e-07,0.0,0.05,0.0010670704068616033,0.8,1.2121242434659507e-05,0.0010440460173413157,0.014372795820236206,0.01166706345975399,0.0013581202365458012,1.831054774470431e-08,0.9999995231628418,7.828817367553711,node_conditioned,25,True,True,False,-71.13456726074219,4.158740520477295,1.3637079000473022,2.017000198364258,0.7743383646011353,1.7751166820526123,-71.35272216796875,3.174405097961426,0.687299108866438,-72.81826782226562,1.258217692375183,0.0,0.0,0.0,0.014372795820236206,0.0,0.0,100,0.2,0.165,0.03,1002,curvature_stage2_mpnn_v3_5_edge_gain,True,,,,,normalized_degree|time_since_last_tx|consecutive_tx_attempts|congestion_ewma|self_information_increment,,,,,,,,,,,,,,,,0.09599414467811584,0.025324713438749313,0.0,mpnn,5,4,16,curvature_attention_max,32,38,400800,none,normalized_version_gap_with_gain,,4008.0,0.4515499472618103,0.4515499472618103,0.3246983289718628,,,,,0.5,0.0,,,,0.09599414467811584,0.025324713438749313,0.04720121622085571,0.06468359231948853,0.09412198886275291,0.1315513044595718,0.18415752053260803,0.025088977068662643,0.025324713438749313,0.016540691256523132
227,7.056617419049144,0.09764999990351499,0.09691656250239018,0.1,-0.0030834374976098228,-0.030834371892661038,-0.030834371892661038,0.09929639846086502,0.0,0.0,False,0.00018606992671266198,2.4619991779327393,0.3202715218067169,8.551767678000033e-06,0.0,0.05,0.0011429787846282125,0.8,0.00016644540301058441,0.00843383464962244,0.018839091062545776,0.009042013436555862,0.0030431279446929693,-1.2207030941624453e-08,0.9999994039535522,9.173725128173828,node_conditioned,25,True,True,False,-72.91687774658203,4.271667957305908,1.3992466926574707,1.8430895805358887,0.7874420285224915,1.5360116958618164,-73.31480407714844,3.3330740928649902,0.7876270751275206,-73.70316314697266,1.4261715412139893,0.0,0.0,0.0,0.018839091062545776,0.0,0.0,100,0.2,0.145,0.0,942,curvature_stage2_mpnn_v3_5_edge_gain,True,,,,,normalized_degree|time_since_last_tx|consecutive_tx_attempts|congestion_ewma|self_information_increment,,,,,,,,,,,,,,,,0.09929639846086502,0.027538921684026718,0.0,mpnn,5,4,16,curvature_attention_max,32,38,376800,none,normalized_version_gap_with_gain,,3768.0,0.45636671781539917,0.45636671781539917,0.32673338055610657,,,,,0.5,0.0,,,,0.09929639846086502,0.027538921684026718,0.047564566135406494,0.06517630517482757,0.09576521813869476,0.13755055665969848,0.21769553422927856,0.027317266911268234,0.027538921684026718,0.018799390643835068
228,7.017447738610208,0.0979999998724088,0.09745828118739949,0.1,-0.002541718812600513,-0.025417185584286572,-0.025417185584286572,0.09693670272827148,0.0,0.0,False,4.660815466195345e-05,3.0049495697021484,0.3141503632068634,-2.9812115371896653e-06,0.0,0.05,0.0012354319915175438,0.8,1.255872666661162e-05,0.0010942205553874373,0.01953769288957119,0.013139677233994007,0.0039669219404459,1.525878978725359e-08,0.999999463558197,8.162353515625,node_conditioned,25,True,True,False,-73.3480224609375,4.361846923828125,1.4182974100112915,1.989418387413025,0.799008309841156,1.7167891263961792,-73.68793487548828,3.3344383239746094,0.7349129226637263,-75.83145141601562,1.330933690071106,0.0,0.0,0.0,0.01953769288957119,0.0,0.0,100,0.2,0.1825,0.07,902,curvature_stage2_mpnn_v3_5_edge_gain,True,,,,,normalized_degree|time_since_last_tx|consecutive_tx_attempts|congestion_ewma|self_information_increment,,,,,,,,,,,,,,,,0.09693670272827148,0.029237668961286545,0.0,mpnn,5,4,16,curvature_attention_max,32,38,360800,none,normalized_version_gap_with_gain,,3608.0,0.4242563545703888,0.4242563545703888,0.29867103695869446,,,,,0.5,0.0,,,,0.09693670272827148,0.029237668961286545,0.047576308250427246,0.06333926022052765,0.09252971410751343,0.13540056943893433,0.21726548671722412,0.02904978208243847,0.029237668961286545,0.02199229598045349
229,6.106775497384369,0.10090000008232891,0.0991791406348642,0.1,-0.0008208593651358037,-0.008208592830498754,-0.008208592830498754,0.10133786499500275,0.0,0.0,False,0.0005811459850519896,3.9323718547821045,0.32366281747817993,-2.363670319027733e-06,0.0,0.05,0.001368029392324388,0.8,0.0004850223194807768,0.016714997589588165,0.0205675158649683,0.04840346425771713,0.005458210129290819,-3.051757735406113e-09,0.999999463558197,8.816008567810059,node_conditioned,25,True,True,False,-72.89602661132812,4.137914180755615,1.3613519668579102,2.0306694507598877,0.8607559204101562,1.7023800611495972,-71.71683502197266,3.1148569583892822,0.7012989214899206,-74.09608459472656,1.58183753490448,0.0,0.0,0.0,0.0205675158649683,0.0,0.0,100,0.2,0.1625,0.02,1048,curvature_stage2_mpnn_v3_5_edge_gain,True,,,,,normalized_degree|time_since_last_tx|consecutive_tx_attempts|congestion_ewma|self_information_increment,,,,,,,,,,,,,,,,0.10133786499500275,0.026205210015177727,0.0,mpnn,5,4,16,curvature_attention_max,32,38,419200,none,normalized_version_gap_with_gain,,4192.0,0.48415911197662354,0.48415911197662354,0.3443107306957245,,,,,0.5,0.0,,,,0.10133786499500275,0.026205210015177727,0.04763099551200867,0.07039470672607423,0.09880740940570831,0.13534669876098632,0.21316581964492798,0.025957327336072922,0.026205210015177727,0.016413183882832527
230,6.258809594884514,0.09977499993517995,0.09947707028502208,0.1,-0.0005229297149779294,-0.005229296626849631,-0.005229296626849631,0.10027655959129333,0.0,0.0,False,0.0002584546455182135,2.983969211578369,0.3199058175086975,1.916190967676812e-06,0.0,0.05,0.0009460013825446367,0.8,0.00015242960944306105,0.007113853003829718,0.014925744384527206,0.02983780950307846,0.0038952301256358624,-1.831054774470431e-08,0.9999994039535522,8.484502792358398,node_conditioned,25,True,True,False,-72.44956970214844,4.144084453582764,1.336818814277649,1.6881896257400513,0.7966659665107727,1.746024489402771,-71.54399871826172,3.015500545501709,0.6647399409892941,-72.4065170288086,1.4022282361984253,0.0,0.0,0.0,0.014925744384527206,0.0,0.0,100,0.2,0.155,0.01,934,curvature_stage2_mpnn_v3_5_edge_gain,True,,,,,normalized_degree|time_since_last_tx|consecutive_tx_attempts|congestion_ewma|self_information_increment,,,,,,,,,,,,,,,,0.10027655959129333,0.026210187003016472,0.0,mpnn,5,4,16,curvature_attention_max,32,38,373600,none,normalized_version_gap_with_gain,,3736.0,0.46559664607048035,0.46559664607048035,0.3242747485637665,,,,,0.5,0.0,,,,0.10027655959129333,0.026210187003016472,0.047291189432144165,0.0684621013700962,0.09682559967041016,0.1364290326833725,0.21328404545783997,0.02596213109791279,0.026210187003016472,0.016430689021945
231,6.863696461580694,0.10252499999012799,0.10100103513757502,0.1,0.0010010351375750182,0.010010350374715144,0.010010350374715144,0.1009983941912651,0.0,0.00010010350374715144,False,0.0003940039314329624,2.8465375900268555,0.3209008276462555,3.645155447884463e-05,0.0,0.05,0.001307512167841196,0.8,0.0002512967912480235,0.009472955018281937,0.014169907197356224,0.03953521326184273,0.0014303864445537329,1.2207030941624453e-08,0.9999994039535522,8.555846214294434,node_conditioned,25,True,True,False,-72.63050842285156,4.280139446258545,1.3530819416046143,1.7872318029403687,0.8040589094161987,1.5859427452087402,-72.79583740234375,3.3447909355163574,0.7751789330474448,-74.1987533569336,1.4352444410324097,0.0,0.0,0.0,0.014169907197356224,0.0,0.0,100,0.2,0.1625,0.02,942,curvature_stage2_mpnn_v3_5_edge_gain,True,,,,,normalized_degree|time_since_last_tx|consecutive_tx_attempts|congestion_ewma|self_information_increment,,,,,,,,,,,,,,,,0.1009983941912651,0.02629140578210354,0.0,mpnn,5,4,16,curvature_attention_max,32,38,376800,none,normalized_version_gap_with_gain,,3768.0,0.4478130042552948,0.4478130042552948,0.3222479522228241,,,,,0.5,0.0,,,,0.1009983941912651,0.02629140578210354,0.04758816957473755,0.06879862546920776,0.0982809066772461,0.13706415891647336,0.21417444944381714,0.026041893288493156,0.02629140578210354,0.016666077077388763
232,6.6625886351242665,0.0911500000115484,0.0960755175745617,0.1,-0.003924482425438303,-0.039244820329900995,-0.039244820329900995,0.09230009466409683,0.00010010350374715144,0.0,False,0.00011313585855532438,2.217430353164673,0.3021189570426941,-1.0824073797266465e-05,0.0,0.05,0.0009834812954068184,0.8,0.0,0.0,0.01772388629615307,0.01783115044236183,0.000637377961538732,-9.155273872352154e-09,0.9999992847442627,9.109689712524414,node_conditioned,25,True,True,False,-71.45445251464844,4.154043197631836,1.330167531967163,1.721785306930542,0.7878292202949524,1.4876328706741333,-71.47354125976562,3.2519025802612305,0.7907254336988877,-73.53307342529297,1.187347173690796,1.1512862840845628e-07,2.8681168259936385e-05,9.546889486955479e-05,0.01772388629615307,1.809180866985116e-05,0.001020757985013597,100,0.2,0.1825,0.01,984,curvature_stage2_mpnn_v3_5_edge_gain,True,,,,,normalized_degree|time_since_last_tx|consecutive_tx_attempts|congestion_ewma|self_information_increment,,,,,,,,,,,,,,,,0.09230009466409683,0.026354914531111717,0.0,mpnn,5,4,16,curvature_attention_max,32,38,393600,none,normalized_version_gap_with_gain,,3936.0,0.45641693472862244,0.45641693472862244,0.3275654911994934,,,,,0.5,0.0,,,,0.09230009466409683,0.026354914531111717,0.04598197340965271,0.059809896349906924,0.08903400599956512,0.12989927530288695,0.21304073929786682,0.026142621412873268,0.026354914531111717,0.018197646364569664
233,6.1681936820968986,0.09500000008381904,0.09553775882919037,0.1,-0.004462241170809636,-0.04462240724585564,-0.04462240724585564,0.09484834223985672,0.0,0.0,False,4.9404534365748987e-05,2.5672712326049805,0.3101691007614136,-1.427211770987924e-07,0.0,0.05,0.000984184443950653,0.8,0.0,0.0,0.019114049151539803,0.02216242626309395,0.0033443872816860676,1.678466787780053e-08,0.9999993443489075,8.973535537719727,node_conditioned,25,True,True,False,-70.77478790283203,3.9934961795806885,1.3408480882644653,1.7888985872268677,0.7995619177818298,1.567275881767273,-70.02424621582031,2.8813207149505615,0.7041254124047901,-71.9932632446289,1.3741806745529175,0.0,0.0,0.0,0.019114049151539803,0.0,0.0,100,0.2,0.155,0.01,1086,curvature_stage2_mpnn_v3_5_edge_gain,True,,,,,normalized_degree|time_since_last_tx|consecutive_tx_attempts|congestion_ewma|self_information_increment,,,,,,,,,,,,,,,,0.09484834223985672,0.02420872636139393,0.0,mpnn,5,4,16,curvature_attention_max,32,38,434400,none,normalized_version_gap_with_gain,,4344.0,0.48801442980766296,0.48801442980766296,0.35276585817337036,,,,,0.5,0.0,,,,0.09484834223985672,0.02420872636139393,0.04588955640792847,0.06547212600708008,0.09264448285102844,0.12748521268367766,0.17863380908966064,0.02397339791059494,0.02420872636139393,0.01438815239816904
234,7.078380046635866,0.09485000013373793,0.09519387948146416,0.1,-0.00480612051853585,-0.048061200379238465,-0.048061200379238465,0.09654737263917923,0.0,0.0,False,5.624152981908992e-05,4.083937168121338,0.31500983238220215,5.739490006817505e-06,0.0,0.05,0.0013122514355927706,0.8,1.8723440007306635e-05,0.001096415100619197,0.01406879909336567,0.01625085435807705,0.0054214345291256905,-1.2207030941624453e-08,0.999999463558197,7.263559341430664,node_conditioned,25,True,True,False,-71.68133544921875,4.247434616088867,1.3108488321304321,1.9797658920288086,0.7875492572784424,1.8594733476638794,-72.32057189941406,3.5460476875305176,0.7250265468857868,-72.7349624633789,1.1973222494125366,0.0,0.0,0.0,0.01406879909336567,0.0,0.0,100,0.2,0.1375,0.0,946,curvature_stage2_mpnn_v3_5_edge_gain,True,,,,,normalized_degree|time_since_last_tx|consecutive_tx_attempts|congestion_ewma|self_information_increment,,,,,,,,,,,,,,,,0.09654737263917923,0.02412944659590721,0.0,mpnn,5,4,16,curvature_attention_max,32,38,378400,none,normalized_version_gap_with_gain,,3784.0,0.4337101876735687,0.4337101876735687,0.31379157304763794,,,,,0.5,0.0,,,,0.09654737263917923,0.02412944659590721,0.04585668444633484,0.0678592599928379,0.09365558624267578,0.129513156414032,0.18417170643806458,0.023889070376753807,0.02412944659590721,0.014268537983298302
235,7.199136103615165,0.0939000000152737,0.09454693974836892,0.1,-0.005453060251631087,-0.05453059706325116,-0.05453059706325116,0.09592092037200928,0.0,0.0,False,-2.2911286578164436e-05,2.6467785835266113,0.3136196434497833,1.6910849808482453e-05,0.0,0.05,0.0007881424389779568,0.8,5.836498075950658e-06,0.0005253436975181103,0.01977931521832943,0.022000422701239586,0.0031819844152778387,-3.662109548940862e-08,0.9999992847442627,8.687995910644531,node_conditioned,25,True,True,False,-71.76233673095703,4.13682746887207,1.369531512260437,1.9142169952392578,0.7903886437416077,1.5282319784164429,-72.56050109863281,3.284926176071167,0.7835651117600028,-72.31930541992188,1.3788594007492065,0.0,0.0,0.0,0.01977931521832943,0.0,0.0,100,0.2,0.1725,0.01,932,curvature_stage2_mpnn_v3_5_edge_gain,True,,,,,normalized_degree|time_since_last_tx|consecutive_tx_attempts|congestion_ewma|self_information_increment,,,,,,,,,,,,,,,,0.09592092037200928,0.026347963139414787,0.0,mpnn,5,4,16,curvature_attention_max,32,38,372800,none,normalized_version_gap_with_gain,,3728.0,0.4322156608104706,0.4322156608104706,0.31346797943115234,,,,,0.5,0.0,,,,0.09592092037200928,0.026347963139414787,0.04661896824836731,0.06592471897602081,0.0919359028339386,0.12967497408390044,0.21404504776000977,0.02615451253950596,0.026347963139414787,0.017785489559173584
236,6.607963132802397,0.0982750001968816,0.09641096997262526,0.1,-0.0035890300273747483,-0.03589029668471781,-0.03589029668471781,0.0969453826546669,0.0,0.0,False,-4.126779458601959e-06,2.7008774280548096,0.3165293335914612,-1.411371795256855e-05,0.0,0.05,0.0006640991778112948,0.8,2.448466511850711e-05,0.0016844954807311296,0.01715848594903946,0.01611880399286747,0.0017881625099107623,7.629394893626795e-09,0.9999993443489075,8.309635162353516,node_conditioned,25,True,True,False,-71.30978393554688,4.201586723327637,1.3487215042114258,1.786686897277832,0.7983719110488892,1.606852412223816,-71.24613952636719,2.991389751434326,0.7114600618309639,-72.72380065917969,1.6398283243179321,0.0,0.0,0.0,0.01715848594903946,0.0,0.0,100,0.2,0.145,0.0,940,curvature_stage2_mpnn_v3_5_edge_gain,True,,,,,normalized_degree|time_since_last_tx|consecutive_tx_attempts|congestion_ewma|self_information_increment,,,,,,,,,,,,,,,,0.0969453826546669,0.025087889283895493,0.0,mpnn,5,4,16,curvature_attention_max,32,38,376000,none,normalized_version_gap_with_gain,,3760.0,0.45621010661125183,0.45621010661125183,0.32487544417381287,,,,,0.5,0.0,,,,0.0969453826546669,0.025087889283895493,0.04716947674751282,0.0665797770023346,0.0949523001909256,0.12974523305892943,0.18617379665374756,0.02486700564622879,0.025087889283895493,0.015042622573673725
237,6.883267679810524,0.09552499998826533,0.09596798498044529,0.1,-0.004032015019554719,-0.04032014616353257,-0.04032014616353257,0.09644504636526108,0.0,0.0,False,-8.806737241684459e-06,2.2440340518951416,0.31564760208129883,1.285416328755673e-05,0.0,0.05,0.000834838894661516,0.8,1.91778799489839e-05,0.0010547616984695196,0.01798168569803238,0.015366297215223312,0.0009014568640850484,0.0,0.9999994039535522,8.968238830566406,node_conditioned,25,True,True,False,-71.8436050415039,4.1345319747924805,1.3166611194610596,1.758657455444336,0.7994695901870728,1.492802619934082,-72.07206726074219,3.093323230743408,0.7671081648786034,-71.49134063720703,1.4158086776733398,0.0,0.0,0.0,0.01798168569803238,0.0,0.0,100,0.2,0.14,0.0,924,curvature_stage2_mpnn_v3_5_edge_gain,True,,,,,normalized_degree|time_since_last_tx|consecutive_tx_attempts|congestion_ewma|self_information_increment,,,,,,,,,,,,,,,,0.09644504636526108,0.023988734930753708,0.0,mpnn,5,4,16,curvature_attention_max,32,38,369600,none,normalized_version_gap_with_gain,,3696.0,0.45002904534339905,0.45002904534339905,0.31968769431114197,,,,,0.5,0.0,,,,0.09644504636526108,0.023988734930753708,0.0465998649597168,0.06674849987030029,0.09364686906337738,0.1300293266773224,0.1870126724243164,0.02374202199280262,0.023988734930753708,0.013191970065236092
238,6.761596713215113,0.10167500009760261,0.09882149253902395,0.1,-0.0011785074609760582,-0.011785073431253238,-0.011785073431253238,0.10008977353572845,0.0,0.0,False,0.00031919003231450915,2.167818069458008,0.32195165753364563,-6.008429863868514e-06,0.0,0.05,0.0009299114462919533,0.8,0.0003052628308068961,0.012930533848702908,0.01938704401254654,0.02040419727563858,0.0022303853183984756,9.155273872352154e-09,0.9999994039535522,8.38444995880127,node_conditioned,25,True,True,False,-71.98682403564453,4.326824188232422,1.3147592544555664,1.7860394716262817,0.7870857119560242,1.4729876518249512,-72.06917572021484,3.702009439468384,0.8416845789302798,-73.08190155029297,1.2700175046920776,0.0,0.0,0.0,0.01938704401254654,0.0,0.0,100,0.2,0.1525,0.01,1016,curvature_stage2_mpnn_v3_5_edge_gain,True,,,,,normalized_degree|time_since_last_tx|consecutive_tx_attempts|congestion_ewma|self_information_increment,,,,,,,,,,,,,,,,0.10008977353572845,0.027299221605062485,0.0,mpnn,5,4,16,curvature_attention_max,32,38,406400,none,normalized_version_gap_with_gain,,4064.0,0.4671568274497986,0.4671568274497986,0.3340100049972534,,,,,0.5,0.0,,,,0.10008977353572845,0.027299221605062485,0.04649510979652405,0.06829028353095054,0.09608368575572968,0.13605750501155853,0.2186698615550995,0.027066268026828766,0.027299221605062485,0.017530346289277077
239,6.4605477376654745,0.0979749999055639,0.09839824622229393,0.1,-0.0016017537777060775,-0.016017536175307157,-0.016017536175307157,0.09880691766738892,0.0,0.0,False,0.0001301709417020902,2.6494038105010986,0.31780216097831726,2.7752128062275006e-06,0.0,0.05,0.0011624202597886324,0.8,6.9425419496838e-05,0.003759261453524232,0.017359578981995583,0.005629508290439844,0.004661153070628643,1.678466787780053e-08,0.9999993443489075,8.562723159790039,node_conditioned,25,True,True,False,-71.4370346069336,4.134251594543457,1.3797756433486938,1.9216305017471313,0.7792502045631409,1.6144601106643677,-71.09608459472656,3.2716498374938965,0.7564876705332757,-72.98046112060547,1.2400022745132446,0.0,0.0,0.0,0.017359578981995583,0.0,0.0,100,0.2,0.175,0.03,914,curvature_stage2_mpnn_v3_5_edge_gain,True,,,,,normalized_degree|time_since_last_tx|consecutive_tx_attempts|congestion_ewma|self_information_increment,,,,,,,,,,,,,,,,0.09880691766738892,0.0282406248152256,0.0,mpnn,5,4,16,curvature_attention_max,32,38,365600,none,normalized_version_gap_with_gain,,3656.0,0.45735910534858704,0.45735910534858704,0.32482990622520447,,,,,0.5,0.0,,,,0.09880691766738892,0.0282406248152256,0.046976834535598755,0.0649903029203415,0.09551018476486206,0.13609562516212462,0.217707097530365,0.028046531602740288,0.0282406248152256,0.019165650010108948
240,6.820405292995274,0.09697499987203628,0.0976866230471651,0.1,-0.0023133769528349,-0.02313376721497228,-0.02313376721497228,0.09823454916477203,0.0,0.0,False,7.661884592380375e-05,2.2311315536499023,0.31698906421661377,-1.7764140238796244e-06,0.0,0.05,0.0009182290523312986,0.8,3.066466888412833e-05,0.0022879266180098057,0.0170282069593668,0.006275339517742395,0.0032748375087976456,-7.629394893626795e-09,0.9999994039535522,8.859376907348633,node_conditioned,25,True,True,False,-72.10242462158203,4.2319231033325195,1.4746148586273193,2.0420122146606445,0.8031545877456665,1.4795029163360596,-72.26365661621094,3.3081586360931396,0.7999866456739271,-73.5494613647461,1.4416435956954956,0.0,0.0,0.0,0.0170282069593668,0.0,0.0,100,0.2,0.1525,0.01,1052,curvature_stage2_mpnn_v3_5_edge_gain,True,,,,,normalized_degree|time_since_last_tx|consecutive_tx_attempts|congestion_ewma|self_information_increment,,,,,,,,,,,,,,,,0.09823454916477203,0.02685883454978466,0.0,mpnn,5,4,16,curvature_attention_max,32,38,420800,none,normalized_version_gap_with_gain,,4208.0,0.46505773067474365,0.46505773067474365,0.33610838651657104,,,,,0.5,0.0,,,,0.09823454916477203,0.02685883454978466,0.04623499512672424,0.06515509188175202,0.09438222646713257,0.13601754009723663,0.18909522891044617,0.026660766452550888,0.02685883454978466,0.017010169103741646
241,6.460306564345956,0.09932499992661178,0.09850581148688844,0.1,-0.0014941885131115606,-0.014941883636927243,-0.014941883636927243,0.10191180557012558,0.0,0.0,False,0.00042916456004604697,2.4870588779449463,0.3227357864379883,-2.0581968783517368e-05,0.0,0.05,0.0007593760383315384,0.8,0.0003607941325753927,0.015600123442709446,0.010338087566196918,0.07249278575181961,0.003921577241271734,-1.2207030941624453e-08,0.9999994039535522,8.595319747924805,node_conditioned,25,True,True,False,-71.35884094238281,4.059954643249512,1.3496893644332886,1.8239678144454956,0.7826725840568542,1.5737252235412598,-70.98272705078125,3.119019031524658,0.7454215052140749,-71.8845443725586,1.127591609954834,0.0,0.0,0.0,0.010338087566196918,0.0,0.0,100,0.2,0.165,0.05,984,curvature_stage2_mpnn_v3_5_edge_gain,True,,,,,normalized_degree|time_since_last_tx|consecutive_tx_attempts|congestion_ewma|self_information_increment,,,,,,,,,,,,,,,,0.10191180557012558,0.029186159372329712,0.0,mpnn,5,4,16,curvature_attention_max,32,38,393600,none,normalized_version_gap_with_gain,,3936.0,0.4744430482387543,0.4744430482387543,0.3385438919067383,,,,,0.5,0.0,,,,0.10191180557012558,0.029186159372329712,0.046210020780563354,0.06621972918510437,0.09791062772274017,0.14236660599708556,0.2210334837436676,0.028964616358280182,0.029186159372329712,0.019487153738737106
242,6.465116665028035,0.09987499987706543,0.09919040568197693,0.1,-0.0008095943180230769,-0.008095942370636532,-0.008095942370636532,0.09940235316753387,0.0,0.0,False,0.00017553821089677513,2.5858073234558105,0.3168061077594757,1.2762022379320115e-05,0.0,0.05,0.0010619962122291327,0.8,4.388616798678413e-05,0.0028307000175118446,0.017413128167390823,0.011008461937308311,0.0005018901429139078,0.0,0.9999994039535522,8.142629623413086,node_conditioned,25,True,True,False,-71.29243469238281,4.116238594055176,1.330772042274475,1.9915945529937744,0.801695704460144,1.628362774848938,-70.9123764038086,3.0494577884674072,0.7148607707515637,-71.06163787841797,1.1307610273361206,0.0,0.0,0.0,0.017413128167390823,0.0,0.0,100,0.2,0.16,0.03,1014,curvature_stage2_mpnn_v3_5_edge_gain,True,,,,,normalized_degree|time_since_last_tx|consecutive_tx_attempts|congestion_ewma|self_information_increment,,,,,,,,,,,,,,,,0.09940235316753387,0.02762601152062416,0.0,mpnn,5,4,16,curvature_attention_max,32,38,405600,none,normalized_version_gap_with_gain,,4056.0,0.4722338318824768,0.4722338318824768,0.33876869082450867,,,,,0.5,0.0,,,,0.09940235316753387,0.02762601152062416,0.04551687836647034,0.0658580720424652,0.09613318741321564,0.13674687445163727,0.21765190362930298,0.02740004099905491,0.02762601152062416,0.017759351059794426
243,6.8376964679732914,0.09542499999515712,0.09730770283856702,0.1,-0.0026922971614329883,-0.02692296892203299,-0.02692296892203299,0.09630781412124634,0.0,0.0,False,0.00010545901750447229,2.638606548309326,0.3116774260997772,-6.337748345686123e-06,0.0,0.05,0.001360161928460002,0.8,1.4157654959490173e-06,0.00013557018246501684,0.014677327126264572,0.0169676523655653,0.0036670519039034843,1.831054774470431e-08,0.9999994039535522,8.379592895507812,node_conditioned,25,True,True,False,-71.17109680175781,4.169260025024414,1.3266901969909668,1.8406894207000732,0.775300920009613,1.559790015220642,-71.49823760986328,3.3063735961914062,0.7774495788314298,-72.34748840332031,1.208054542541504,0.0,0.0,0.0,0.014677327126264572,0.0,0.0,100,0.2,0.1375,0.0,908,curvature_stage2_mpnn_v3_5_edge_gain,True,,,,,normalized_degree|time_since_last_tx|consecutive_tx_attempts|congestion_ewma|self_information_increment,,,,,,,,,,,,,,,,0.09630781412124634,0.02658696472644806,0.0,mpnn,5,4,16,curvature_attention_max,32,38,363200,none,normalized_version_gap_with_gain,,3632.0,0.438850075006485,0.438850075006485,0.314053475856781,,,,,0.5,0.0,,,,0.09630781412124634,0.02658696472644806,0.04512524604797363,0.06444377303123475,0.09340973198413849,0.13222073316574096,0.1869305670261383,0.026362033560872078,0.02658696472644806,0.016922539100050926
244,6.3207257572934035,0.093874999913387,0.09559135137597702,0.1,-0.004408648624022987,-0.04408648183158169,-0.04408648183158169,0.09479188174009323,0.0,0.0,False,5.4626598284812644e-05,2.701456308364868,0.30934926867485046,5.78250933358504e-07,0.0,0.05,0.0012469540815800428,0.8,7.627816671629262e-07,0.00012495944974943995,0.015298052690923214,0.01790172979235649,0.003320741932839155,4.2724607851596375e-08,0.999999463558197,8.1193265914917,node_conditioned,25,True,True,False,-70.15998840332031,3.917280435562134,1.2960619926452637,1.6104141473770142,0.7726081013679504,1.6280920505523682,-69.68648529052734,2.890814781188965,0.6828115398150607,-69.66565704345703,1.175695538520813,0.0,0.0,0.0,0.015298052690923214,0.0,0.0,100,0.2,0.155,0.01,966,curvature_stage2_mpnn_v3_5_edge_gain,True,,,,,normalized_degree|time_since_last_tx|consecutive_tx_attempts|congestion_ewma|self_information_increment,,,,,,,,,,,,,,,,0.09479188174009323,0.02752588503062725,0.0,mpnn,5,4,16,curvature_attention_max,32,38,386400,none,normalized_version_gap_with_gain,,3864.0,0.46032437682151794,0.46032437682151794,0.32555079460144043,,,,,0.5,0.0,,,,0.09479188174009323,0.02752588503062725,0.04453170299530029,0.06250090897083282,0.0913730263710022,0.13078089356422423,0.21368634700775146,0.027276966720819473,0.02752588503062725,0.01845794916152954
245,6.4993179214000705,0.09664999981876463,0.09612067559737082,0.1,-0.0038793244026291834,-0.03879324014696782,-0.03879324014696782,0.09526438266038895,0.0,0.0,False,1.3362306162889581e-05,2.061251640319824,0.31150537729263306,-4.8174588300753385e-06,0.0,0.05,0.0010001261252909899,0.8,8.351117685378995e-06,0.00044923173845745623,0.01859905943274498,0.020854085683822632,0.004002391826361418,-1.525878978725359e-08,0.9999992847442627,8.783265113830566,node_conditioned,25,True,True,False,-70.29337310791016,3.919996500015259,1.365507960319519,1.81245756149292,0.7942226529121399,1.4486408233642578,-70.16228485107422,2.948185443878174,0.758558527205006,-71.27625274658203,1.3405569791793823,0.0,0.0,0.0,0.01859905943274498,0.0,0.0,100,0.2,0.1825,0.01,998,curvature_stage2_mpnn_v3_5_edge_gain,True,,,,,normalized_degree|time_since_last_tx|consecutive_tx_attempts|congestion_ewma|self_information_increment,,,,,,,,,,,,,,,,0.09526438266038895,0.027017634361982346,0.0,mpnn,5,4,16,curvature_attention_max,32,38,399200,none,normalized_version_gap_with_gain,,3992.0,0.4706067144870758,0.4706067144870758,0.33282357454299927,,,,,0.5,0.0,,,,0.09526438266038895,0.027017634361982346,0.04506513476371765,0.06282636225223541,0.09207190573215485,0.13060615360736846,0.21747949719429016,0.026807080954313278,0.027017634361982346,0.017506318166851997
246,7.169140656217933,0.0924999998183921,0.09431033770788147,0.1,-0.005689662292118536,-0.05689661723152364,-0.05689661723152364,0.09309461712837219,0.0,0.0,False,-3.0510927899740636e-05,2.8025765419006348,0.30729198455810547,8.840599548420869e-06,0.0,0.05,0.0009154772851616144,0.8,0.0,0.0,0.020631035789847374,0.021148178726434708,0.001012264983728528,3.051757735406113e-09,0.9999992847442627,8.467297554016113,node_conditioned,25,True,True,False,-70.79117584228516,4.078482151031494,1.279449224472046,1.618629813194275,0.7285058498382568,1.4384171962738037,-71.74563598632812,3.436995506286621,0.8248493110740294,-72.64378356933594,1.5409051179885864,0.0,0.0,0.0,0.020631035789847374,0.0,0.0,100,0.2,0.1525,0.02,1074,curvature_stage2_mpnn_v3_5_edge_gain,True,,,,,normalized_degree|time_since_last_tx|consecutive_tx_attempts|congestion_ewma|self_information_increment,,,,,,,,,,,,,,,,0.09309461712837219,0.026202334091067314,0.0,mpnn,5,4,16,curvature_attention_max,32,38,429600,none,normalized_version_gap_with_gain,,4296.0,0.4684373140335083,0.4684373140335083,0.33824586868286133,,,,,0.5,0.0,,,,0.09309461712837219,0.026202334091067314,0.0448165237903595,0.061376995593309405,0.08982672542333603,0.12931509912014003,0.21597406268119812,0.025985579937696457,0.026202334091067314,0.01658368669450283
247,6.130700243972242,0.09687500009313225,0.09559266890050686,0.1,-0.00440733109949315,-0.04407330658760084,-0.04407330658760084,0.09545081853866577,0.0,0.0,False,2.3175598471425474e-06,2.9265122413635254,0.31287747621536255,-1.2265485565876588e-05,0.0,0.05,0.0009374545770697296,0.8,1.0199466487392783e-05,0.0006541353650391102,0.014361249282956123,0.013669298961758614,0.0007605318096466362,-3.509521562250484e-08,0.9999992847442627,8.924139976501465,node_conditioned,25,True,True,False,-69.45155334472656,3.5923821926116943,1.226088285446167,1.6879926919937134,0.7537515759468079,1.5526760816574097,-68.7739486694336,2.6047260761260986,0.6446653562849949,-70.0836410522461,1.2652435302734375,0.0,0.0,0.0,0.014361249282956123,0.0,0.0,100,0.2,0.16,0.03,952,curvature_stage2_mpnn_v3_5_edge_gain,True,,,,,normalized_degree|time_since_last_tx|consecutive_tx_attempts|congestion_ewma|self_information_increment,,,,,,,,,,,,,,,,0.09545081853866577,0.02622014284133911,0.0,mpnn,5,4,16,curvature_attention_max,32,38,380800,none,normalized_version_gap_with_gain,,3808.0,0.46374183893203735,0.46374183893203735,0.3251287043094635,,,,,0.5,0.0,,,,0.09545081853866577,0.02622014284133911,0.04536712169647217,0.06461812257766723,0.09207433462142944,0.13085687458515166,0.2156466245651245,0.025992026552557945,0.02622014284133911,0.015657195821404457
248,6.81727399468422,0.09852500002365559,0.09705883446208122,0.1,-0.0029411655379187884,-0.02941165243802264,-0.02941165243802264,0.09828897565603256,0.0,0.0,False,6.150506669655442e-05,3.572291851043701,0.31838154792785645,-6.303645818661607e-07,0.0,0.05,0.0007848861278034747,0.8,8.33996818982996e-05,0.0049398536793887615,0.016418104991316795,0.006453962530940771,0.0008210193482227623,0.0,0.9999994039535522,6.587231159210205,node_conditioned,25,True,True,False,-70.53150177001953,4.165019512176514,1.3776954412460327,2.200995683670044,0.7407092452049255,1.8096226453781128,-71.06199645996094,3.848196506500244,0.7788629369976305,-75.36698913574219,2.10504412651062,0.0,0.0,0.0,0.016418104991316795,0.0,0.0,100,0.2,0.1475,0.0,948,curvature_stage2_mpnn_v3_5_edge_gain,True,,,,,normalized_degree|time_since_last_tx|consecutive_tx_attempts|congestion_ewma|self_information_increment,,,,,,,,,,,,,,,,0.09828897565603256,0.028416601940989494,0.0,mpnn,5,4,16,curvature_attention_max,32,38,379200,none,normalized_version_gap_with_gain,,3792.0,0.4423472583293915,0.4423472583293915,0.31228452920913696,,,,,0.5,0.0,,,,0.09828897565603256,0.028416601940989494,0.04497241973876953,0.06355581581592559,0.09466944634914398,0.1371311455965042,0.22343027591705322,0.028188060969114304,0.028416601940989494,0.01843952387571335
249,6.296586117688566,0.10139999967534095,0.09922941706871108,0.1,-0.0007705829312889267,-0.007705828542306413,-0.007705828542306413,0.09788438677787781,0.0,0.0,False,0.00012072901881765574,2.542543649673462,0.31709161400794983,-1.7614202079130337e-05,0.0,0.05,0.0013740438735112548,0.8,7.869461114751175e-05,0.004278590902686119,0.013326899148523808,0.002068338915705681,0.003697057254612446,-2.4414061883248905e-08,0.9999992847442627,7.964253902435303,node_conditioned,25,True,True,False,-69.81798553466797,4.018543243408203,1.3460980653762817,1.8112969398498535,0.750400722026825,1.5616254806518555,-69.44860076904297,3.141984224319458,0.7529722432153331,-71.0026626586914,1.2717159986495972,0.0,0.0,0.0,0.013326899148523808,0.0,0.0,100,0.2,0.19,0.03,988,curvature_stage2_mpnn_v3_5_edge_gain,True,,,,,normalized_degree|time_since_last_tx|consecutive_tx_attempts|congestion_ewma|self_information_increment,,,,,,,,,,,,,,,,0.09788438677787781,0.027595220133662224,0.0,mpnn,5,4,16,curvature_attention_max,32,38,395200,none,normalized_version_gap_with_gain,,3952.0,0.48094525933265686,0.48094525933265686,0.33792001008987427,,,,,0.5,0.0,,,,0.09788438677787781,0.027595220133662224,0.04547283053398132,0.06460775136947632,0.09496302902698517,0.1336886078119278,0.22158929705619812,0.027345024049282074,0.027595220133662224,0.01678132824599743
250,6.649009849391877,0.10022499999962747,0.09972720853416928,0.1,-0.00027279146583072955,-0.0027279143855158568,-0.0027279143855158568,0.10206896811723709,0.0,0.0,False,0.0005939248949289322,2.5014004707336426,0.3233586847782135,-1.4049724086362403e-05,0.0,0.05,0.0008713144343346357,0.8,0.000511574384290725,0.017842678353190422,0.01575647108256817,0.07620421051979065,0.004087711684405804,-3.356933575560106e-08,0.9999993443489075,7.644195556640625,node_conditioned,25,True,True,False,-70.31714630126953,4.075593948364258,1.3269046545028687,1.762576937675476,0.7891538739204407,1.57375967502594,-70.43669891357422,3.4036364555358887,0.7862084741883331,-71.09932708740234,1.3423808813095093,0.0,0.0,0.0,0.01575647108256817,0.0,0.0,100,0.2,0.16,0.03,1074,curvature_stage2_mpnn_v3_5_edge_gain,True,,,,,normalized_degree|time_since_last_tx|consecutive_tx_attempts|congestion_ewma|self_information_increment,,,,,,,,,,,,,,,,0.10206896811723709,0.028888726606965065,0.0,mpnn,5,4,16,curvature_attention_max,32,38,429600,none,normalized_version_gap_with_gain,,4296.0,0.46694162487983704,0.46694162487983704,0.3401205241680145,,,,,0.5,0.0,,,,0.10206896811723709,0.028888726606965065,0.045574307441711426,0.06675316095352173,0.09842763841152191,0.14193289577960966,0.2202521562576294,0.028666077181696892,0.028888726606965065,0.018266411498188972
251,9.079869934450835,0.0958500000787899,0.09778860430647959,0.1,-0.0022113956935204127,-0.022113954723808654,-0.022113954723808654,0.093880794942379,0.0,0.0,False,0.00012041805894114077,9.693120002746582,0.3052503764629364,2.3911092284834012e-05,0.0,0.05,0.0007463737856596708,0.8,0.0,0.0,0.019634496420621872,0.01896301843225956,0.0007482577348127961,-2.19726558725597e-07,0.9999992847442627,5.724713325500488,node_conditioned,25,True,True,False,-73.091552734375,5.084569454193115,1.4910807609558105,1.939592957496643,0.7277801632881165,1.4560717344284058,-76.95197296142578,5.126580715179443,0.9193303886941675,-73.74198150634766,1.6562674045562744,0.0,0.0,0.0,0.019634496420621872,0.0,0.0,100,0.2,0.1825,0.01,938,curvature_stage2_mpnn_v3_5_edge_gain,True,,,,,normalized_degree|time_since_last_tx|consecutive_tx_attempts|congestion_ewma|self_information_increment,,,,,,,,,,,,,,,,0.093880794942379,0.02696637250483036,0.0,mpnn,5,4,16,curvature_attention_max,32,38,375200,none,normalized_version_gap_with_gain,,3752.0,0.40379226207733154,0.40379226207733154,0.29353150725364685,,,,,0.5,0.0,,,,0.093880794942379,0.02696637250483036,0.04503414034843445,0.06137674748897552,0.09073522686958313,0.13059478402137756,0.21605455875396729,0.026741523295640945,0.02696637250483036,0.017518987879157066
252,6.18069116320461,0.09510000008158385,0.09644430219403172,0.1,-0.0035556978059682887,-0.035556974503985435,-0.035556974503985435,0.0957389548420906,0.0,0.0,False,5.724422953790054e-05,6.614954471588135,0.3107268214225769,1.3626212194139953e-06,0.0,0.05,0.0008470157044939697,0.8,2.3385130134556675e-06,0.0002829655713867396,0.015795540064573288,0.012854997999966145,0.001617946196347475,1.831054774470431e-08,0.9999993443489075,8.467958450317383,node_conditioned,25,True,True,False,-71.059326171875,3.8173890113830566,1.300704836845398,1.7293857336044312,0.7748554944992065,1.679274559020996,-70.271240234375,3.018057346343994,0.6904090073131949,-72.630615234375,1.2681410312652588,0.0,0.0,0.0,0.015795540064573288,0.0,0.0,100,0.2,0.1675,0.03,1000,curvature_stage2_mpnn_v3_5_edge_gain,True,,,,,normalized_degree|time_since_last_tx|consecutive_tx_attempts|congestion_ewma|self_information_increment,,,,,,,,,,,,,,,,0.0957389548420906,0.02792372927069664,0.0,mpnn,5,4,16,curvature_attention_max,32,38,400000,none,normalized_version_gap_with_gain,,4000.0,0.476251482963562,0.476251482963562,0.33900558948516846,,,,,0.5,0.0,,,,0.0957389548420906,0.02792372927069664,0.0445687472820282,0.06252779960632324,0.09283104538917542,0.13196794390678407,0.21876037120819092,0.027696704491972923,0.02792372927069664,0.017541013658046722
253,6.138747980892658,0.10062499990686774,0.09853465105044973,0.1,-0.001465348949550277,-0.014653488030153967,-0.014653488030153967,0.1011221632361412,0.0,0.0,False,0.0005173992831259966,3.248579740524292,0.32112714648246765,-2.8550624087131382e-09,0.0,0.05,0.0012137878220528364,0.8,0.0004082510422449559,0.014369063079357147,0.019409067928791046,0.04638420045375824,0.0011336805764585733,-1.678466787780053e-08,0.9999994039535522,9.94415283203125,node_conditioned,25,True,True,False,-72.40074920654297,3.7479467391967773,1.352892279624939,1.6825928688049316,0.7680779099464417,1.4789886474609375,-71.2808609008789,2.6515133380889893,0.6888698896102321,-72.98505401611328,1.2398695945739746,0.0,0.0,0.0,0.019409067928791046,0.0,0.0,100,0.2,0.16,0.03,1028,curvature_stage2_mpnn_v3_5_edge_gain,True,,,,,normalized_degree|time_since_last_tx|consecutive_tx_attempts|congestion_ewma|self_information_increment,,,,,,,,,,,,,,,,0.1011221632361412,0.030612938106060028,0.0,mpnn,5,4,16,curvature_attention_max,32,38,411200,none,normalized_version_gap_with_gain,,4112.0,0.4846085011959076,0.4846085011959076,0.34634605050086975,,,,,0.5,0.0,,,,0.1011221632361412,0.030612938106060028,0.044506609439849854,0.06369365453720092,0.097749263048172,0.143515482544899,0.22168537974357605,0.030359439551830292,0.030612938106060028,0.02041059546172619
254,6.400774753578007,0.0981999994488433,0.09836732524964652,0.1,-0.0016326747503534883,-0.016326745870860297,-0.016326745870860297,0.09691304713487625,0.0,0.0,False,0.0001141154789365828,2.2624967098236084,0.3122640550136566,9.057327588379849e-06,0.0,0.05,0.001327097532339394,0.8,4.968855137121864e-06,0.00047015221207402647,0.01818728633224964,0.017288781702518463,0.0031205476261675358,2.7465819840699623e-08,0.9999992847442627,10.147956848144531,node_conditioned,25,True,True,False,-72.41561126708984,3.748176097869873,1.3188210725784302,1.6627737283706665,0.7434414625167847,1.5246723890304565,-71.76860809326172,2.7872653007507324,0.7007760221218446,-73.98579406738281,1.4734796285629272,0.0,0.0,0.0,0.01818728633224964,0.0,0.0,100,0.2,0.165,0.03,996,curvature_stage2_mpnn_v3_5_edge_gain,True,,,,,normalized_degree|time_since_last_tx|consecutive_tx_attempts|congestion_ewma|self_information_increment,,,,,,,,,,,,,,,,0.09691304713487625,0.029104135930538177,0.0,mpnn,5,4,16,curvature_attention_max,32,38,398400,none,normalized_version_gap_with_gain,,3984.0,0.4759827256202698,0.4759827256202698,0.3385099768638611,,,,,0.5,0.0,,,,0.09691304713487625,0.029104135930538177,0.0435958206653595,0.06156128644943237,0.09323635697364807,0.13637755811214447,0.2169773280620575,0.028862273320555687,0.029104135930538177,0.01916630007326603
255,6.330033833235502,0.09879999987781048,0.0985836625637285,0.1,-0.0014163374362715087,-0.014163372946377793,-0.014163372946377793,0.09781718999147415,0.0,0.0,False,8.772368892095983e-05,1.96614408493042,0.31577885150909424,-7.564126462966669e-07,0.0,0.05,0.0013642206322401762,0.8,3.0773644539294764e-05,0.0021934639662504196,0.019252823665738106,0.017168672755360603,0.005439782049506903,9.155273872352154e-09,0.9999992251396179,9.621234893798828,node_conditioned,25,True,True,False,-71.82121276855469,3.8521952629089355,1.3932980298995972,1.8227986097335815,0.7356055974960327,1.4315906763076782,-71.12684631347656,2.8789610862731934,0.7527330177122498,-72.49446868896484,1.2662395238876343,0.0,0.0,0.0,0.019252823665738106,0.0,0.0,100,0.2,0.15,0.0,938,curvature_stage2_mpnn_v3_5_edge_gain,True,,,,,normalized_degree|time_since_last_tx|consecutive_tx_attempts|congestion_ewma|self_information_increment,,,,,,,,,,,,,,,,0.09781718999147415,0.029008658602833748,0.0,mpnn,5,4,16,curvature_attention_max,32,38,375200,none,normalized_version_gap_with_gain,,3752.0,0.46723106503486633,0.46723106503486633,0.3302820026874542,,,,,0.5,0.0,,,,0.09781718999147415,0.029008658602833748,0.04384875297546387,0.06316455006599427,0.09409070014953613,0.1376425951719284,0.21876761317253113,0.028798308223485947,0.029008658602833748,0.018649151548743248
256,6.79835480414331,0.09632499985862523,0.09745433121117686,0.1,-0.0025456687888231466,-0.025456685342562933,-0.025456685342562933,0.09586971253156662,0.0,0.0,False,2.422060424578376e-05,2.3496878147125244,0.3121349513530731,2.9088457722536987e-06,0.0,0.05,0.0011372565058991313,0.8,9.642931217967998e-06,0.0007389234961010516,0.01790868118405342,0.02029063180088997,0.004262580536305904,6.103515470812226e-09,0.9999992847442627,9.04625129699707,node_conditioned,25,True,True,False,-71.65860748291016,3.9779930114746094,1.358526349067688,1.9034212827682495,0.7699221968650818,1.4607528448104858,-71.76204681396484,3.2217135429382324,0.794420588733323,-71.70645141601562,1.366474986076355,0.0,0.0,0.0,0.01790868118405342,0.0,0.0,100,0.2,0.1675,0.02,962,curvature_stage2_mpnn_v3_5_edge_gain,True,,,,,normalized_degree|time_since_last_tx|consecutive_tx_attempts|congestion_ewma|self_information_increment,,,,,,,,,,,,,,,,0.09586971253156662,0.029463546350598335,0.0,mpnn,5,4,16,curvature_attention_max,32,38,384800,none,normalized_version_gap_with_gain,,3848.0,0.46097028255462646,0.46097028255462646,0.3330620229244232,,,,,0.5,0.0,,,,0.09586971253156662,0.029463546350598335,0.04377031326293945,0.06086431741714478,0.0919545441865921,0.13581027686595915,0.21986490488052368,0.029244743287563324,0.029463546350598335,0.019902992993593216
257,7.001613376885652,0.0933999998960644,0.09542716555362063,0.1,-0.004572834446379376,-0.04572833989095977,-0.04572833989095977,0.09331928193569183,0.0,0.0,False,-2.785937613225542e-05,2.544844627380371,0.3075318932533264,-5.236960532783996e-06,0.0,0.05,0.0007994893239811063,0.8,7.574673759336292e-07,6.533338455483317e-05,0.01927204616367817,0.02006012760102749,0.0011674824636429548,-1.2207030941624453e-08,0.9999993443489075,7.937436580657959,node_conditioned,25,True,True,False,-71.71484375,4.38299036026001,1.3243566751480103,2.239314556121826,0.7713947892189026,1.5069104433059692,-72.20195007324219,3.7101762294769287,0.8350372584798472,-71.95751190185547,1.1998440027236938,0.0,0.0,0.0,0.01927204616367817,0.0,0.0,100,0.2,0.1525,0.01,950,curvature_stage2_mpnn_v3_5_edge_gain,True,,,,,normalized_degree|time_since_last_tx|consecutive_tx_attempts|congestion_ewma|self_information_increment,,,,,,,,,,,,,,,,0.09331928193569183,0.02711121365427971,0.0,mpnn,5,4,16,curvature_attention_max,32,38,380000,none,normalized_version_gap_with_gain,,3800.0,0.4450940787792206,0.4450940787792206,0.3165251910686493,,,,,0.5,0.0,,,,0.09331928193569183,0.02711121365427971,0.04382038116455078,0.059512004256248474,0.09100541472434998,0.13102727383375168,0.19005978107452393,0.026898205280303955,0.02711121365427971,0.016919028013944626
258,6.691423506028951,0.09762500005308539,0.09652608280335301,0.1,-0.0034739171966469973,-0.034739168492553124,-0.034739168492553124,0.09662603586912155,0.0,0.0,False,9.350042091682553e-06,2.6593029499053955,0.3141932487487793,-9.184864211420063e-06,0.0,0.05,0.001072123646736145,0.8,3.198897684342228e-05,0.0020272857509553432,0.01884782314300537,0.015708699822425842,0.0006337286322377622,-6.103515470812226e-09,0.9999994039535522,8.082871437072754,node_conditioned,25,True,True,False,-70.82211303710938,3.945878028869629,1.4132189750671387,1.9760758876800537,0.7738032341003418,1.630611538887024,-70.86998748779297,3.260061025619507,0.7498217470839759,-70.94959259033203,1.441131830215454,0.0,0.0,0.0,0.01884782314300537,0.0,0.0,100,0.2,0.1775,0.03,974,curvature_stage2_mpnn_v3_5_edge_gain,True,,,,,normalized_degree|time_since_last_tx|consecutive_tx_attempts|congestion_ewma|self_information_increment,,,,,,,,,,,,,,,,0.09662603586912155,0.03100017085671425,0.0,mpnn,5,4,16,curvature_attention_max,32,38,389600,none,normalized_version_gap_with_gain,,3896.0,0.45142531394958496,0.45142531394958496,0.3197680413722992,,,,,0.5,0.0,,,,0.09662603586912155,0.03100017085671425,0.043839871883392334,0.060138413310050966,0.09269161522388458,0.1364664375782013,0.2229662835597992,0.030787792056798935,0.03100017085671425,0.021631693467497826
259,7.173146731890738,0.09669999997131526,0.09661304138733413,0.1,-0.003386958612665872,-0.03386958273970044,-0.03386958273970044,0.09772691875696182,0.0,0.0,False,6.696915079373866e-05,2.54049015045166,0.3165680468082428,1.8526599887991324e-05,0.0,0.05,0.0010909972479566932,0.8,5.5961772886803374e-05,0.0034070813562721014,0.012826761230826378,0.004220419563353062,0.002394511830061674,4.2724607851596375e-08,0.999999463558197,8.15725040435791,node_conditioned,25,True,True,False,-71.55964660644531,4.15118932723999,1.419877052307129,2.125600814819336,0.7594783306121826,1.489867925643921,-72.3421401977539,3.5505380630493164,0.8239211334505049,-71.81271362304688,1.3832757472991943,0.0,0.0,0.0,0.012826761230826378,0.0,0.0,100,0.2,0.1475,0.0,904,curvature_stage2_mpnn_v3_5_edge_gain,True,,,,,normalized_degree|time_since_last_tx|consecutive_tx_attempts|congestion_ewma|self_information_increment,,,,,,,,,,,,,,,,0.09772691875696182,0.030122412368655205,0.0,mpnn,5,4,16,curvature_attention_max,32,38,361600,none,normalized_version_gap_with_gain,,3616.0,0.42849141359329224,0.42849141359329224,0.30767568945884705,,,,,0.5,0.0,,,,0.09772691875696182,0.030122412368655205,0.044352561235427856,0.06114259362220764,0.09352971613407135,0.14056995213031767,0.22309055924415588,0.029925556853413582,0.030122412368655205,0.01996682770550251
260,6.570847719609738,0.09924999993294477,0.09793152066013945,0.1,-0.0020684793398605544,-0.02068479133012641,-0.02068479133012641,0.0989345982670784,0.0,0.0,False,0.00027985800988972187,2.18353271484375,0.317501425743103,3.2318652642970847e-07,0.0,0.05,0.0015683721285313368,0.8,0.0002215276035713032,0.0075170788913965225,0.01857634074985981,0.01417216844856739,0.00499824108555913,2.2888183792701966e-08,0.9999993443489075,8.70060920715332,node_conditioned,25,True,True,False,-71.00492095947266,4.110864162445068,1.3945339918136597,1.7775285243988037,0.7585895657539368,1.4386203289031982,-70.92496490478516,3.396615982055664,0.8206094713808048,-72.53082275390625,1.336268663406372,0.0,0.0,0.0,0.01857634074985981,0.0,0.0,100,0.2,0.18,0.04,1002,curvature_stage2_mpnn_v3_5_edge_gain,True,,,,,normalized_degree|time_since_last_tx|consecutive_tx_attempts|congestion_ewma|self_information_increment,,,,,,,,,,,,,,,,0.0989345982670784,0.03250318020582199,0.0,mpnn,5,4,16,curvature_attention_max,32,38,400800,none,normalized_version_gap_with_gain,,4008.0,0.4681079387664795,0.4681079387664795,0.33140483498573303,,,,,0.5,0.0,,,,0.0989345982670784,0.03250318020582199,0.044565290212631226,0.06056007444858551,0.09474630653858185,0.1423231840133667,0.2280922830104828,0.03224840760231018,0.03250318020582199,0.022795557975769043
261,6.937676773816347,0.09805000000167638,0.09799076033090792,0.1,-0.0020092396690920833,-0.020092394681681364,-0.020092394681681364,0.09812294691801071,0.0,0.0,False,0.00015586699009872973,2.059842348098755,0.3154720664024353,-1.1234395742576453e-06,0.0,0.05,0.0012659201165661216,0.8,8.9470406237524e-05,0.004103376064449549,0.016871090978384018,0.004998480901122093,0.003700514091178775,-6.103515470812226e-09,0.9999992847442627,9.101696014404297,node_conditioned,25,True,True,False,-72.05107879638672,4.11229133605957,1.3797705173492432,1.9832408428192139,0.7483691573143005,1.4191893339157104,-72.39156341552734,3.5414485931396484,0.8394098947588466,-73.15055847167969,1.4363739490509033,0.0,0.0,0.0,0.016871090978384018,0.0,0.0,100,0.2,0.1575,0.02,962,curvature_stage2_mpnn_v3_5_edge_gain,True,,,,,normalized_degree|time_since_last_tx|consecutive_tx_attempts|congestion_ewma|self_information_increment,,,,,,,,,,,,,,,,0.09812294691801071,0.030691975727677345,0.0,mpnn,5,4,16,curvature_attention_max,32,38,384800,none,normalized_version_gap_with_gain,,3848.0,0.439748078584671,0.439748078584671,0.3182399570941925,,,,,0.5,0.0,,,,0.09812294691801071,0.030691975727677345,0.04462859034538269,0.06144380569458008,0.09455032646656036,0.139262393116951,0.2249470353126526,0.030427398160099983,0.030691975727677345,0.020586013793945312
262,6.062806571237743,0.09814999988302589,0.0980703801069669,0.1,-0.0019296198930330993,-0.019296197000711293,-0.019296197000711293,0.10026651620864868,0.0,0.0,False,0.0003116866573691368,2.9947948455810547,0.3196098804473877,-1.2214821254019625e-05,0.0,0.05,0.0010739940917119384,0.8,0.00022659047681372613,0.008922291919589043,0.014145506545901299,0.035330794751644135,0.004694835282862186,-3.356933575560106e-08,0.9999992847442627,8.993448257446289,node_conditioned,25,True,True,False,-70.74099731445312,3.6160285472869873,1.2841758728027344,1.7859697341918945,0.7443258762359619,1.5516893863677979,-69.7957763671875,2.6256868839263916,0.6507602826458115,-72.56405639648438,1.2219563722610474,0.0,0.0,0.0,0.014145506545901299,0.0,0.0,100,0.2,0.17,0.02,1014,curvature_stage2_mpnn_v3_5_edge_gain,True,,,,,normalized_degree|time_since_last_tx|consecutive_tx_attempts|congestion_ewma|self_information_increment,,,,,,,,,,,,,,,,0.10026651620864868,0.029711157083511353,0.0,mpnn,5,4,16,curvature_attention_max,32,38,405600,none,normalized_version_gap_with_gain,,4056.0,0.47594282031059265,0.47594282031059265,0.3405277729034424,,,,,0.5,0.0,,,,0.10026651620864868,0.029711157083511353,0.044305890798568726,0.06593809723854065,0.09614841639995575,0.13968563079833984,0.22499141097068787,0.029458265751600266,0.029711157083511353,0.018273498862981796
263,6.302655042894185,0.10272500001825392,0.10039769006261041,0.1,0.00039769006261040907,0.003976900228414067,0.003976900228414067,0.10428904742002487,0.0,3.9769002284140675e-05,False,0.0010055458405986428,2.2478182315826416,0.3241938352584839,-6.540477443195414e-06,0.0,0.05,0.0013893235009163618,0.8,0.0007172930054366589,0.022085480391979218,0.020805779844522476,0.14117790758609772,0.0008733179420232773,-3.662109548940862e-08,0.9999994039535522,9.080292701721191,node_conditioned,25,True,True,False,-71.04464721679688,3.7084078788757324,1.3488470315933228,1.6582330465316772,0.7407615184783936,1.522930383682251,-70.40373992919922,2.7072155475616455,0.6835431681227386,-71.58543395996094,1.2085860967636108,0.0,0.0,0.0,0.020805779844522476,0.0,0.0,100,0.2,0.175,0.03,916,curvature_stage2_mpnn_v3_5_edge_gain,True,,,,,normalized_degree|time_since_last_tx|consecutive_tx_attempts|congestion_ewma|self_information_increment,,,,,,,,,,,,,,,,0.10428904742002487,0.03080570697784424,0.0,mpnn,5,4,16,curvature_attention_max,32,38,366400,none,normalized_version_gap_with_gain,,3664.0,0.4721260070800781,0.4721260070800781,0.33479738235473633,,,,,0.5,0.0,,,,0.10428904742002487,0.03080570697784424,0.043859779834747314,0.06667043864727021,0.09970755875110626,0.1471955269575119,0.22246259450912476,0.030569836497306824,0.03080570697784424,0.018978916108608246
264,8.0670494896546,0.09615000010468065,0.09827384508364553,0.1,-0.001726154916354472,-0.017261547437389977,-0.017261547437389977,0.09482122957706451,3.9769002284140675e-05,0.0,False,0.0004001242050435394,5.576995372772217,0.3049226403236389,5.4878390074009076e-05,0.0,0.05,0.0036697948817163706,0.8,1.7328635237845447e-07,2.3270580641110428e-05,0.023569053038954735,0.029594728723168373,0.007095158100128174,-2.0751953400122147e-07,0.9999992251396179,7.602080345153809,node_conditioned,25,True,True,False,-72.77354431152344,4.640693187713623,1.3124080896377563,2.0821261405944824,0.7104141712188721,1.3233026266098022,-74.9655990600586,4.399893760681152,0.9095447195297929,-74.1349105834961,1.2606911659240723,-5.2844001174889854e-08,1.1672997061396018e-05,3.802723222179338e-05,0.023569053038954735,8.322581379616167e-06,0.00035311464719071266,100,0.2,0.1625,0.02,1048,curvature_stage2_mpnn_v3_5_edge_gain,True,,,,,normalized_degree|time_since_last_tx|consecutive_tx_attempts|congestion_ewma|self_information_increment,,,,,,,,,,,,,,,,0.09482122957706451,0.027531182393431664,0.0,mpnn,5,4,16,curvature_attention_max,32,38,419200,none,normalized_version_gap_with_gain,,4192.0,0.4504685401916504,0.4504685401916504,0.33006101846694946,,,,,0.5,0.0,,,,0.09482122957706451,0.027531182393431664,0.042987167835235596,0.061353990435600275,0.09181103110313416,0.13368659615516662,0.1906561553478241,0.02731655351817608,0.027531182393431664,0.016557343304157257
265,6.523257310241461,0.09465000005438924,0.0964619225690174,0.1,-0.0035380774309826113,-0.03538077077174904,-0.03538077077174904,0.0966741070151329,0.0,0.0,False,0.00018071476370096207,2.953183889389038,0.31180357933044434,-1.2874750609626062e-05,0.0,0.05,0.002777369925752282,0.8,1.5630575944669545e-06,0.00020291261898819357,0.01721678115427494,0.02447286993265152,0.009307382628321648,6.103515470812226e-09,0.9999993443489075,9.403326034545898,node_conditioned,25,True,True,False,-71.23148345947266,3.674659013748169,1.2515017986297607,1.7406619787216187,0.7307554483413696,1.4906823635101318,-70.92320251464844,2.7677853107452393,0.7099282765786479,-71.66267395019531,1.2784719467163086,0.0,0.0,0.0,0.01721678115427494,0.0,0.0,100,0.2,0.16,0.02,976,curvature_stage2_mpnn_v3_5_edge_gain,True,,,,,normalized_degree|time_since_last_tx|consecutive_tx_attempts|congestion_ewma|self_information_increment,,,,,,,,,,,,,,,,0.0966741070151329,0.029181044548749924,0.0,mpnn,5,4,16,curvature_attention_max,32,38,390400,none,normalized_version_gap_with_gain,,3904.0,0.46907591819763184,0.46907591819763184,0.3334573209285736,,,,,0.5,0.0,,,,0.0966741070151329,0.029181044548749924,0.04194346070289612,0.06137410104274749,0.09288963675498962,0.1366245776414871,0.21443212032318115,0.028975995257496834,0.029181044548749924,0.01867101900279522
266,6.3753709667176,0.09402499981690199,0.09524346119295969,0.1,-0.004756538807040314,-0.04756538331386481,-0.04756538331386481,0.09448342025279999,0.0,0.0,False,0.00012503935431595892,2.3945000171661377,0.3096023201942444,5.535933951250627e-07,0.0,0.05,0.0029719090089201927,0.8,3.574650975224358e-07,8.75323821674101e-05,0.015000780113041401,0.025266550481319427,0.011415807530283928,-9.155273872352154e-09,0.9999992847442627,8.907825469970703,node_conditioned,25,True,True,False,-71.51547241210938,3.8939387798309326,1.1887516975402832,1.5613458156585693,0.7494632005691528,1.4653958082199097,-70.95216369628906,3.189070701599121,0.788854609808822,-71.84513092041016,1.0986136198043823,0.0,0.0,0.0,0.015000780113041401,0.0,0.0,100,0.2,0.1425,0.0,990,curvature_stage2_mpnn_v3_5_edge_gain,True,,,,,normalized_degree|time_since_last_tx|consecutive_tx_attempts|congestion_ewma|self_information_increment,,,,,,,,,,,,,,,,0.09448342025279999,0.026335787028074265,0.0,mpnn,5,4,16,curvature_attention_max,32,38,396000,none,normalized_version_gap_with_gain,,3960.0,0.4748644232749939,0.4748644232749939,0.3375052809715271,,,,,0.5,0.0,,,,0.09448342025279999,0.026335787028074265,0.04329103231430054,0.06320073902606964,0.09098264575004578,0.1303110748529434,0.21624967455863953,0.026083340868353844,0.026335787028074265,0.014236480928957462
267,6.805640157647431,0.09160000000149011,0.0934217305972249,0.1,-0.006578269402775103,-0.06578268744948228,-0.06578268744948228,0.09189701825380325,0.0,0.0,False,-4.615293437382206e-05,2.424525022506714,0.3046305775642395,-1.8205739706900204e-06,0.0,0.05,0.0016501834616065025,0.8,0.0,0.0,0.027071069926023483,0.03622250631451607,0.009571741335093975,3.051757735406113e-09,0.9999993443489075,8.163707733154297,node_conditioned,25,True,True,False,-71.82620239257812,3.9908440113067627,1.306129813194275,1.626409888267517,0.7359058856964111,1.538165807723999,-71.97132873535156,3.2296090126037598,0.7731669381488574,-73.1412124633789,1.4065512418746948,0.0,0.0,0.0,0.027071069926023483,0.0,0.0,100,0.2,0.155,0.01,948,curvature_stage2_mpnn_v3_5_edge_gain,True,,,,,normalized_degree|time_since_last_tx|consecutive_tx_attempts|congestion_ewma|self_information_increment,,,,,,,,,,,,,,,,0.09189701825380325,0.0277481060475111,0.0,mpnn,5,4,16,curvature_attention_max,32,38,379200,none,normalized_version_gap_with_gain,,3792.0,0.4533042907714844,0.4533042907714844,0.32202041149139404,,,,,0.5,0.0,,,,0.09189701825380325,0.0277481060475111,0.042711079120635986,0.05970762968063354,0.08867830038070679,0.12827865183353424,0.2189706265926361,0.02755829319357872,0.0277481060475111,0.017657149583101273
268,6.274939402639866,0.09267500001005828,0.09304836530364159,0.1,-0.006951634696358414,-0.06951634001195013,-0.06951634001195013,0.09382398426532745,0.0,0.0,False,-0.00010556027700658888,2.164344549179077,0.3098519444465637,2.6443145543453284e-05,0.0,0.05,0.0009428701014257967,0.8,1.1603653859992846e-07,2.481955561961513e-05,0.02370723895728588,0.029673608019948006,0.00630072271451354,3.662109548940862e-08,0.9999992847442627,8.809268951416016,node_conditioned,25,True,True,False,-70.85260772705078,3.9149699211120605,1.355987548828125,1.7812994718551636,0.7698806524276733,1.431321144104004,-70.21636962890625,3.0413506031036377,0.7785166212611397,-70.86709594726562,1.578460931777954,0.0,0.0,0.0,0.02370723895728588,0.0,0.0,100,0.2,0.16,0.02,970,curvature_stage2_mpnn_v3_5_edge_gain,True,,,,,normalized_degree|time_since_last_tx|consecutive_tx_attempts|congestion_ewma|self_information_increment,,,,,,,,,,,,,,,,0.09382398426532745,0.02809269167482853,0.0,mpnn,5,4,16,curvature_attention_max,32,38,388000,none,normalized_version_gap_with_gain,,3880.0,0.462953120470047,0.462953120470047,0.3251442611217499,,,,,0.5,0.0,,,,0.09382398426532745,0.02809269167482853,0.04270428419113159,0.05914143621921539,0.09023416042327881,0.1330254167318344,0.21817445755004883,0.02789022959768772,0.02809269167482853,0.017389461398124695
269,6.480087867490948,0.09697499999310821,0.0950116826483749,0.1,-0.00498831735162511,-0.04988316852793425,-0.04988316852793425,0.09802424907684326,0.0,0.0,False,0.00019399380835238844,1.9346519708633423,0.3182735741138458,2.5908162569976412e-05,0.0,0.05,0.0010631573386490345,0.8,0.00023506201978307217,0.008619660511612892,0.016042541712522507,0.003923853859305382,0.003480937099084258,3.662109548940862e-08,0.9999994039535522,8.427539825439453,node_conditioned,25,True,True,False,-71.01180267333984,3.987942695617676,1.2884228229522705,1.6830480098724365,0.7574806213378906,1.4105329513549805,-70.72705841064453,3.116658926010132,0.7951726707437836,-71.51498413085938,1.0011802911758423,0.0,0.0,0.0,0.016042541712522507,0.0,0.0,100,0.2,0.1625,0.03,966,curvature_stage2_mpnn_v3_5_edge_gain,True,,,,,normalized_degree|time_since_last_tx|consecutive_tx_attempts|congestion_ewma|self_information_increment,,,,,,,,,,,,,,,,0.09802424907684326,0.03033372573554516,0.0,mpnn,5,4,16,curvature_attention_max,32,38,386400,none,normalized_version_gap_with_gain,,3864.0,0.46308091282844543,0.46308091282844543,0.329815536737442,,,,,0.5,0.0,,,,0.09802424907684326,0.03033372573554516,0.04315918684005737,0.061586135625839235,0.09363982081413269,0.1391503870487213,0.22222614288330078,0.030067309737205505,0.03033372573554516,0.019720900803804398
270,6.816421460285783,0.098500000028871,0.09675584133862294,0.1,-0.003244158661377061,-0.032441583369612274,-0.032441583369612274,0.09984423965215683,0.0,0.0,False,0.00029330517281778157,2.766394853591919,0.3215550184249878,9.266787856176961e-06,0.0,0.05,0.0008903557318262756,0.8,0.0003005696053151041,0.012572870589792728,0.02310054935514927,0.013294999487698078,0.0004881508066318929,3.662109548940862e-08,0.9999994039535522,7.494205951690674,node_conditioned,25,True,True,False,-71.14994049072266,4.06029748916626,1.3165603876113892,1.7571781873703003,0.7344323992729187,1.6159943342208862,-71.40137481689453,3.412600040435791,0.7757621721956385,-71.4991683959961,1.174551248550415,0.0,0.0,0.0,0.02310054935514927,0.0,0.0,100,0.2,0.1425,0.0,932,curvature_stage2_mpnn_v3_5_edge_gain,True,,,,,normalized_degree|time_since_last_tx|consecutive_tx_attempts|congestion_ewma|self_information_increment,,,,,,,,,,,,,,,,0.09984423965215683,0.02758103981614113,0.0,mpnn,5,4,16,curvature_attention_max,32,38,372800,none,normalized_version_gap_with_gain,,3728.0,0.45202094316482544,0.45202094316482544,0.3212604224681854,,,,,0.5,0.0,,,,0.09984423965215683,0.02758103981614113,0.043512582778930664,0.06606286764144897,0.09631429612636566,0.13888590931892394,0.1938088834285736,0.027301160618662834,0.02758103981614113,0.014219707809388638
271,6.7493626261129975,0.1002249999018386,0.09849042062023078,0.1,-0.001509579379769227,-0.01509579228811304,-0.01509579228811304,0.09903843700885773,0.0,0.0,False,0.00013044106890447438,1.8554883003234863,0.31835219264030457,-1.2652910754695768e-06,0.0,0.05,0.0006949197268113494,0.8,0.00010458791075507179,0.0053581059910357,0.020688069984316826,0.004917581100016832,0.0004558387154247612,-1.831054774470431e-08,0.9999992251396179,8.724987030029297,node_conditioned,25,True,True,False,-70.75588989257812,3.8960397243499756,1.2839950323104858,1.6803139448165894,0.7527055144309998,1.3462361097335815,-71.0034408569336,3.2308475971221924,0.8263760881774931,-72.71507263183594,1.385749101638794,0.0,0.0,0.0,0.020688069984316826,0.0,0.0,100,0.2,0.145,0.0,956,curvature_stage2_mpnn_v3_5_edge_gain,True,,,,,normalized_degree|time_since_last_tx|consecutive_tx_attempts|congestion_ewma|self_information_increment,,,,,,,,,,,,,,,,0.09903843700885773,0.02921542152762413,0.0,mpnn,5,4,16,curvature_attention_max,32,38,382400,none,normalized_version_gap_with_gain,,3824.0,0.45743173360824585,0.45743173360824585,0.32203951478004456,,,,,0.5,0.0,,,,0.09903843700885773,0.02921542152762413,0.04368588328361511,0.06313959062099457,0.09500640630722046,0.1418785572052002,0.1920657753944397,0.029026975855231285,0.02921542152762413,0.017179526388645172
272,6.134309856109321,0.10097499981056898,0.09973271021539988,0.1,-0.00026728978460012487,-0.0026728975787114907,-0.0026728975787114907,0.10058603435754776,0.0,0.0,False,0.000396700925193727,3.5070395469665527,0.32008904218673706,5.050988420407521e-06,0.0,0.05,0.0010279137641191483,0.8,0.0003237354103475809,0.0116422725841403,0.012362759560346603,0.04270351305603981,0.0008226202917285264,-1.2207030941624453e-08,0.999999463558197,7.641355514526367,node_conditioned,25,True,True,False,-69.91600036621094,3.6034257411956787,1.3509917259216309,1.9085009098052979,0.7503920197486877,1.7773449420928955,-69.09548950195312,2.718745708465576,0.5726277922620011,-69.37755584716797,1.2424675226211548,0.0,0.0,0.0,0.012362759560346603,0.0,0.0,100,0.2,0.17,0.05,962,curvature_stage2_mpnn_v3_5_edge_gain,True,,,,,normalized_degree|time_since_last_tx|consecutive_tx_attempts|congestion_ewma|self_information_increment,,,,,,,,,,,,,,,,0.10058603435754776,0.030992751941084862,0.0,mpnn,5,4,16,curvature_attention_max,32,38,384800,none,normalized_version_gap_with_gain,,3848.0,0.4658570885658264,0.4658570885658264,0.32899075746536255,,,,,0.5,0.0,,,,0.10058603435754776,0.030992751941084862,0.043506741523742676,0.06370801255106925,0.0972282886505127,0.13942159116268157,0.22807776927947998,0.0307339858263731,0.030992751941084862,0.019852135330438614
273,6.339350749924779,0.10372500017751009,0.10172885519645498,0.1,0.0017288551964549786,0.017288550235694762,0.017288550235694762,0.10088822990655899,0.0,0.00017288550235694763,False,0.0003721504472196102,2.133479595184326,0.32003769278526306,4.956626798957586e-05,0.0,0.05,0.0016228228341788054,0.8,0.00022029397950973362,0.008652456104755402,0.014131512492895126,0.04016935080289841,0.0030684841331094503,2.7465819840699623e-08,0.9999993443489075,8.575952529907227,node_conditioned,25,True,True,False,-70.20238494873047,3.65875244140625,1.2642521858215332,1.732643723487854,0.7521310448646545,1.48343825340271,-69.807373046875,2.796293258666992,0.7185679697472356,-71.94972229003906,1.3184889554977417,0.0,0.0,0.0,0.014131512492895126,0.0,0.0,100,0.2,0.155,0.02,980,curvature_stage2_mpnn_v3_5_edge_gain,True,,,,,normalized_degree|time_since_last_tx|consecutive_tx_attempts|congestion_ewma|self_information_increment,,,,,,,,,,,,,,,,0.10088822990655899,0.028483111411333084,0.0,mpnn,5,4,16,curvature_attention_max,32,38,392000,none,normalized_version_gap_with_gain,,3920.0,0.47159072756767273,0.47159072756767273,0.33526811003685,,,,,0.5,0.0,,,,0.10088822990655899,0.028483111411333084,0.04343932867050171,0.0669374942779541,0.09686675667762756,0.14097236096858978,0.22377341985702515,0.02821146883070469,0.028483111411333084,0.0151809798553586
274,5.802175501249731,0.09652499990537762,0.0991269275509163,0.1,-0.0008730724490837033,-0.008730723617764672,-0.008730723617764672,0.09530749171972275,0.00017288550235694763,8.557826617930092e-05,False,0.00011286904191365466,2.5142784118652344,0.30891627073287964,1.712565790512599e-05,0.0,0.05,0.0013839596649631858,0.8,1.7582148075234727e-06,0.00019522715592756867,0.014785673469305038,0.01583673618733883,0.0031079095788300037,1.831054774470431e-08,0.9999994039535522,8.94498062133789,node_conditioned,25,True,True,False,-68.4738998413086,3.2705800533294678,1.1310498714447021,1.4887264966964722,0.7356756329536438,1.5464212894439697,-67.41788482666016,2.2217910289764404,0.5155496070201738,-70.36568450927734,1.0914952754974365,-2.1048762732789328e-07,5.0847102102125064e-05,0.0001652238133829087,0.014785673469305038,3.663613460958004e-05,0.0024778113697372438,100,0.2,0.1425,0.0,1050,curvature_stage2_mpnn_v3_5_edge_gain,True,,,,,normalized_degree|time_since_last_tx|consecutive_tx_attempts|congestion_ewma|self_information_increment,,,,,,,,,,,,,,,,0.09530749171972275,0.026399977505207062,0.0,mpnn,5,4,16,curvature_attention_max,32,38,420000,none,normalized_version_gap_with_gain,,4200.0,0.47887957096099854,0.47887957096099854,0.3375103771686554,,,,,0.5,0.0,,,,0.09530749171972275,0.026399977505207062,0.043100506067276,0.06361034512519836,0.09192673861980438,0.13384104073047637,0.17753830552101135,0.026140466332435608,0.026399977505207062,0.012975042685866356
275,6.077992938943208,0.09599999985657633,0.09756346370374631,0.1,-0.0024365362962536913,-0.02436536052600086,-0.02436536052600086,0.09644713997840881,8.557826617930092e-05,0.0,False,8.714711293578148e-05,1.7507017850875854,0.31257137656211853,4.2429221025486186e-07,0.0,0.05,0.0014652257086709142,0.8,9.418049558007624e-06,0.0007533809402957559,0.014992387033998966,0.01690150611102581,0.005212169140577316,3.051757957450718e-08,0.9999992251396179,9.07774829864502,node_conditioned,25,True,True,False,-68.13449096679688,3.434525489807129,1.1969486474990845,1.564177393913269,0.7166736125946045,1.3478072881698608,-67.5897216796875,2.763723611831665,0.7621701757240097,-69.29512023925781,1.0337214469909668,3.826620442737294e-08,2.5114726668107323e-05,8.185120532289147e-05,0.014992387033998966,1.820199759094976e-05,0.0012140818809475383,100,0.2,0.1375,0.0,1084,curvature_stage2_mpnn_v3_5_edge_gain,True,,,,,normalized_degree|time_since_last_tx|consecutive_tx_attempts|congestion_ewma|self_information_increment,,,,,,,,,,,,,,,,0.09644713997840881,0.028155839070677757,0.0,mpnn,5,4,16,curvature_attention_max,32,38,433600,none,normalized_version_gap_with_gain,,4336.0,0.4950646758079529,0.4950646758079529,0.35272106528282166,,,,,0.5,0.0,,,,0.09644713997840881,0.028155839070677757,0.04240378737449646,0.06361053586006164,0.09273931384086609,0.13322446048259737,0.2236097753047943,0.027894549071788788,0.028155839070677757,0.015835750848054886
276,7.135108597278595,0.09454999999143184,0.09605673184758907,0.1,-0.003943268152410931,-0.03943267758084155,-0.03943267758084155,0.09450408071279526,0.0,0.0,False,8.126200555125251e-05,3.2382984161376953,0.308584988117218,8.564209679207124e-07,0.0,0.05,0.001691373297944665,0.8,1.4930643374100327e-05,0.0007353911641985178,0.01242793444544077,0.015523851849138737,0.006521201692521572,1.2207030941624453e-08,0.9999992847442627,7.81770658493042,node_conditioned,25,True,True,False,-68.6612319946289,3.895251989364624,1.2093749046325684,1.6395950317382812,0.7160475850105286,1.264430284500122,-69.84626770019531,3.2914884090423584,0.8524276017472117,-69.19381713867188,1.2894372940063477,0.0,0.0,0.0,0.01242793444544077,0.0,0.0,100,0.2,0.16,0.01,944,curvature_stage2_mpnn_v3_5_edge_gain,True,,,,,normalized_degree|time_since_last_tx|consecutive_tx_attempts|congestion_ewma|self_information_increment,,,,,,,,,,,,,,,,0.09450408071279526,0.029454313218593597,0.0,mpnn,5,4,16,curvature_attention_max,32,38,377600,none,normalized_version_gap_with_gain,,3776.0,0.4303072392940521,0.4303072392940521,0.30515170097351074,,,,,0.5,0.0,,,,0.09450408071279526,0.029454313218593597,0.041950225830078125,0.05873645842075348,0.0916471928358078,0.13516988456249238,0.22190850973129272,0.029203273355960846,0.029454313218593597,0.019137395545840263
277,6.557923724576831,0.09302499995101243,0.09454086589930075,0.1,-0.005459134100699259,-0.054591335547859034,-0.054591335547859034,0.09288937598466873,0.0,0.0,False,7.388434369204333e-06,1.551273226737976,0.30641788244247437,-1.205410853799549e-06,0.0,0.05,0.0011748922988772392,0.8,1.391793205129943e-07,2.0855104594375007e-05,0.017436925321817398,0.021022595465183258,0.004013109020888805,6.103515470812226e-09,0.9999991059303284,9.088035583496094,node_conditioned,25,True,True,False,-67.76768493652344,3.6247448921203613,1.2004709243774414,1.5625818967819214,0.7100034952163696,1.229212760925293,-68.19937133789062,3.0867722034454346,0.841421276889099,-70.75367736816406,1.1704984903335571,0.0,0.0,0.0,0.017436925321817398,0.0,0.0,100,0.2,0.1425,0.0,908,curvature_stage2_mpnn_v3_5_edge_gain,True,,,,,normalized_degree|time_since_last_tx|consecutive_tx_attempts|congestion_ewma|self_information_increment,,,,,,,,,,,,,,,,0.09288937598466873,0.026560042053461075,0.0,mpnn,5,4,16,curvature_attention_max,32,38,363200,none,normalized_version_gap_with_gain,,3632.0,0.44998258352279663,0.44998258352279663,0.318451851606369,,,,,0.5,0.0,,,,0.09288937598466873,0.026560042053461075,0.042071372270584106,0.06096244752407074,0.08999820053577423,0.12957482635974885,0.192635178565979,0.02628518082201481,0.026560042053461075,0.014132723212242126
278,7.228132568374276,0.09244999981485308,0.09349543285707691,0.1,-0.006504567142923093,-0.06504566492466443,-0.06504566492466443,0.0932893380522728,0.0,0.0,False,8.248408448707778e-06,2.5629332065582275,0.3076048791408539,1.1017345059372019e-05,0.0,0.05,0.000998607138171792,0.8,1.1647329074548907e-06,0.0001042054791469127,0.01233756635338068,0.014619885943830013,0.002907108049839735,-2.1362303925798187e-08,0.9999992251396179,7.5623674392700195,node_conditioned,25,True,True,False,-69.04529571533203,3.8203303813934326,1.1779407262802124,1.6584060192108154,0.7131407260894775,1.4267302751541138,-70.37051391601562,3.47843861579895,0.8317655035778402,-71.34778594970703,1.2153167724609375,0.0,0.0,0.0,0.01233756635338068,0.0,0.0,100,0.2,0.13,0.0,946,curvature_stage2_mpnn_v3_5_edge_gain,True,,,,,normalized_degree|time_since_last_tx|consecutive_tx_attempts|congestion_ewma|self_information_increment,,,,,,,,,,,,,,,,0.0932893380522728,0.026830261573195457,0.0,mpnn,5,4,16,curvature_attention_max,32,38,378400,none,normalized_version_gap_with_gain,,3784.0,0.4275631010532379,0.4275631010532379,0.30290791392326355,,,,,0.5,0.0,,,,0.0932893380522728,0.026830261573195457,0.0426347553730011,0.060330265760421754,0.0896395891904831,0.1320774406194687,0.19598758220672607,0.0265865046530962,0.026830261573195457,0.01482306607067585
279,6.264420453459024,0.0996500000776723,0.09657271646737461,0.1,-0.0034272835326253914,-0.03427283189897072,-0.03427283189897072,0.09743734449148178,0.0,0.0,False,6.007870251778513e-05,2.59619402885437,0.31638097763061523,-1.1770310266001616e-05,0.0,0.05,0.0008030586177483201,0.8,6.96785791660659e-05,0.0034433910623192787,0.013638808391988277,0.008585888892412186,0.0018115326529368758,-4.577636936176077e-09,0.9999992251396179,8.959027290344238,node_conditioned,25,True,True,False,-68.78951263427734,3.5370278358459473,1.2182748317718506,1.7603259086608887,0.72467440366745,1.401930809020996,-68.49653625488281,2.683342933654785,0.7270388894416392,-70.72785949707031,1.0519468784332275,0.0,0.0,0.0,0.013638808391988277,0.0,0.0,100,0.2,0.15,0.0,936,curvature_stage2_mpnn_v3_5_edge_gain,True,,,,,normalized_degree|time_since_last_tx|consecutive_tx_attempts|congestion_ewma|self_information_increment,,,,,,,,,,,,,,,,0.09743734449148178,0.028872208669781685,0.0,mpnn,5,4,16,curvature_attention_max,32,38,374400,none,normalized_version_gap_with_gain,,3744.0,0.4519098103046417,0.4519098103046417,0.3156626224517822,,,,,0.5,0.0,,,,0.09743734449148178,0.028872208669781685,0.04217970371246338,0.06163768172264099,0.09446826577186584,0.13842372000217437,0.19514989852905273,0.028633423149585724,0.028872208669781685,0.01644752360880375
280,6.699327015765011,0.10260000003501774,0.09958635825119617,0.1,-0.00041364174880383076,-0.0041364170743966,-0.0041364170743966,0.10096828639507294,0.0,0.0,False,0.00046641408698633313,2.5687670707702637,0.32122716307640076,3.581879354896955e-06,0.0,0.05,0.0008782419026829302,0.8,0.00041995072388090193,0.015114150941371918,0.012076299637556076,0.04584386199712753,0.0008816609624773264,-1.2207030941624453e-08,0.9999994039535522,7.277512073516846,node_conditioned,25,True,True,False,-70.05655670166016,3.7916533946990967,1.3509583473205566,1.8327630758285522,0.720102071762085,1.5967386960983276,-70.30777740478516,3.21934175491333,0.754000879547445,-71.88137817382812,1.2050354480743408,0.0,0.0,0.0,0.012076299637556076,0.0,0.0,100,0.2,0.1825,0.06,942,curvature_stage2_mpnn_v3_5_edge_gain,True,,,,,normalized_degree|time_since_last_tx|consecutive_tx_attempts|congestion_ewma|self_information_increment,,,,,,,,,,,,,,,,0.10096828639507294,0.032657068222761154,0.0,mpnn,5,4,16,curvature_attention_max,32,38,376800,none,normalized_version_gap_with_gain,,3768.0,0.45041051506996155,0.45041051506996155,0.3203892707824707,,,,,0.5,0.0,,,,0.10096828639507294,0.032657068222761154,0.0428636372089386,0.061947223544120786,0.09662643074989319,0.14460031092166897,0.22924691438674927,0.03244002163410187,0.032657068222761154,0.021655697375535965
281,6.5427507442608475,0.09744999990798534,0.09851817907959076,0.1,-0.0014818209204092436,-0.014818207722271664,-0.014818207722271664,0.09830547124147415,0.0,0.0,False,0.00010463150101713836,2.317032814025879,0.314832478761673,-1.210524146699754e-06,0.0,0.05,0.0008704571519047022,0.8,3.7390385841717944e-05,0.002106067957356572,0.010958490893244743,0.005609035957604647,0.0016072351718321443,-4.2724607851596375e-08,0.9999992847442627,7.93596076965332,node_conditioned,25,True,True,False,-69.95326232910156,3.8058090209960938,1.2906755208969116,1.7847375869750977,0.7373934984207153,1.5167701244354248,-69.88207244873047,3.1853935718536377,0.7732677485076968,-69.8794174194336,1.2395219802856445,0.0,0.0,0.0,0.010958490893244743,0.0,0.0,100,0.2,0.155,0.01,984,curvature_stage2_mpnn_v3_5_edge_gain,True,,,,,normalized_degree|time_since_last_tx|consecutive_tx_attempts|congestion_ewma|self_information_increment,,,,,,,,,,,,,,,,0.09830547124147415,0.030402440577745438,0.0,mpnn,5,4,16,curvature_attention_max,32,38,393600,none,normalized_version_gap_with_gain,,3936.0,0.4736260771751404,0.4736260771751404,0.3388324975967407,,,,,0.5,0.0,,,,0.09830547124147415,0.030402440577745438,0.04286360740661621,0.06130200326442718,0.09486338496208191,0.13914883136749268,0.22306403517723083,0.030176032334566116,0.030402440577745438,0.01866619475185871
282,6.718655563183129,0.09917499988339841,0.09884658948149458,0.1,-0.0011534105185054266,-0.011534104031643863,-0.011534104031643863,0.10031498968601227,0.0,0.0,False,0.0002674116403795779,1.9941351413726807,0.3193131983280182,-9.208145456796046e-06,0.0,0.05,0.001357571454718709,0.8,0.00018212583381682634,0.007779992651194334,0.008011826314032078,0.03671834245324135,0.0029159807600080967,-1.831054774470431e-08,0.9999992847442627,8.276531219482422,node_conditioned,25,True,True,False,-70.37930297851562,3.7327449321746826,1.1484408378601074,1.4699971675872803,0.7071773409843445,1.4086077213287354,-70.54802703857422,2.863544464111328,0.758024016124449,-70.55577087402344,1.0045536756515503,0.0,0.0,0.0,0.008011826314032078,0.0,0.0,100,0.2,0.1775,0.02,904,curvature_stage2_mpnn_v3_5_edge_gain,True,,,,,normalized_degree|time_since_last_tx|consecutive_tx_attempts|congestion_ewma|self_information_increment,,,,,,,,,,,,,,,,0.10031498968601227,0.028856808319687843,0.0,mpnn,5,4,16,curvature_attention_max,32,38,361600,none,normalized_version_gap_with_gain,,3616.0,0.442310094833374,0.442310094833374,0.3119606077671051,,,,,0.5,0.0,,,,0.10031498968601227,0.028856808319687843,0.04294249415397644,0.06617349833250045,0.09621970355510712,0.13887940347194672,0.22659461200237274,0.028575025498867035,0.028856808319687843,0.015593226999044418
283,6.428214397318661,0.097499999855645,0.09817329466856979,0.1,-0.0018267053314302145,-0.018267051487596997,-0.018267051487596997,0.0984787866473198,0.0,0.0,False,0.00020564417354762554,2.016476631164551,0.31487855315208435,5.434978902485454e-07,0.0,0.05,0.0017484951531514525,0.8,6.207927799550816e-05,0.003241779748350382,0.01714811474084854,0.0019482366042211652,0.004047667607665062,-1.2207030941624453e-08,0.9999992847442627,8.212201118469238,node_conditioned,25,True,True,False,-69.93607330322266,3.651264190673828,1.2790255546569824,1.4843628406524658,0.6994966268539429,1.417807698249817,-69.71113586425781,2.8043627738952637,0.7443967718662037,-71.07185363769531,1.3753223419189453,0.0,0.0,0.0,0.01714811474084854,0.0,0.0,100,0.2,0.165,0.02,926,curvature_stage2_mpnn_v3_5_edge_gain,True,,,,,normalized_degree|time_since_last_tx|consecutive_tx_attempts|congestion_ewma|self_information_increment,,,,,,,,,,,,,,,,0.0984787866473198,0.030383937060832977,0.0,mpnn,5,4,16,curvature_attention_max,32,38,370400,none,normalized_version_gap_with_gain,,3704.0,0.46500876545906067,0.46500876545906067,0.32099565863609314,,,,,0.5,0.0,,,,0.0984787866473198,0.030383937060832977,0.04440128803253174,0.06113460063934326,0.09550720453262329,0.1389211893081665,0.22136175632476807,0.0301323514431715,0.030383937060832977,0.018384110182523727
284,6.188321721013636,0.09909999980591237,0.09863664723724108,0.1,-0.0013633527627589237,-0.01363352626423661,-0.01363352626423661,0.0971713662147522,0.0,0.0,False,0.00020770716946572065,1.794445276260376,0.31397223472595215,6.789575309085194e-06,0.0,0.05,0.002702884143218398,0.8,6.17170226178132e-05,0.0022457244340330362,0.015190131962299347,0.014196882024407387,0.00913307722657919,-6.103515470812226e-09,0.9999992251396179,8.87454605102539,node_conditioned,25,True,True,False,-69.50466918945312,3.7540903091430664,1.1928610801696777,1.5996818542480469,0.7422844171524048,1.3338617086410522,-68.99603271484375,3.1578900814056396,0.8215865464657719,-70.8232192993164,1.1611216068267822,0.0,0.0,0.0,0.015190131962299347,0.0,0.0,100,0.2,0.18,0.01,986,curvature_stage2_mpnn_v3_5_edge_gain,True,,,,,normalized_degree|time_since_last_tx|consecutive_tx_attempts|congestion_ewma|self_information_increment,,,,,,,,,,,,,,,,0.0971713662147522,0.027871275320649147,0.0,mpnn,5,4,16,curvature_attention_max,32,38,394400,none,normalized_version_gap_with_gain,,3944.0,0.46712395548820496,0.46712395548820496,0.3286287784576416,,,,,0.5,0.0,,,,0.0971713662147522,0.027871275320649147,0.04185470938682556,0.06411359012126923,0.09312693774700165,0.13517343103885648,0.22032755613327026,0.027615608647465706,0.027871275320649147,0.014611631631851196
285,6.442830806709826,0.09667499999050051,0.09765582361387079,0.1,-0.0023441763861292153,-0.023441761517116,-0.023441761517116,0.09766756743192673,0.0,0.0,False,0.00013512557779904455,1.6413683891296387,0.31556105613708496,3.802319270107546e-06,0.0,0.05,0.0019461755873635411,0.8,4.638613245333545e-05,0.0028038404416292906,0.011538751423358917,0.009227917529642582,0.0075743538327515125,3.051757735406113e-09,0.9999992251396179,9.054073333740234,node_conditioned,25,True,True,False,-69.41271209716797,3.5833182334899902,1.2773970365524292,1.698906421661377,0.7485100030899048,1.2897049188613892,-69.26940155029297,2.7281177043914795,0.7765118576317376,-69.91558837890625,1.2144404649734497,0.0,0.0,0.0,0.011538751423358917,0.0,0.0,100,0.2,0.155,0.01,896,curvature_stage2_mpnn_v3_5_edge_gain,True,,,,,normalized_degree|time_since_last_tx|consecutive_tx_attempts|congestion_ewma|self_information_increment,,,,,,,,,,,,,,,,0.09766756743192673,0.029088659211993217,0.0,mpnn,5,4,16,curvature_attention_max,32,38,358400,none,normalized_version_gap_with_gain,,3584.0,0.44521522521972656,0.44521522521972656,0.3113865852355957,,,,,0.5,0.0,,,,0.09766756743192673,0.029088659211993217,0.04150110483169556,0.06287766695022583,0.0939687043428421,0.1376267910003662,0.22051787376403809,0.02881668508052826,0.029088659211993217,0.01663818582892418
286,6.520244945324958,0.09867499999701977,0.09816541180544527,0.1,-0.0018345881945547315,-0.018345880110959303,-0.018345880110959303,0.09608542919158936,0.0,0.0,False,2.7005928131984547e-05,1.8735220432281494,0.3131105899810791,-1.5897392586339265e-05,0.0,0.05,0.0015208119293674827,0.8,1.059667829395039e-05,0.0009524045744910836,0.02166316658258438,0.02759568579494953,0.007804738357663155,-1.2207030941624453e-08,0.9999992251396179,7.963923454284668,node_conditioned,25,True,True,False,-69.22484588623047,3.695366382598877,1.1268620491027832,1.4705212116241455,0.6986707448959351,1.3647700548171997,-69.25008392333984,3.015416383743286,0.7951554763027608,-69.46790313720703,1.0952574014663696,0.0,0.0,0.0,0.02166316658258438,0.0,0.0,100,0.2,0.1675,0.04,1080,curvature_stage2_mpnn_v3_5_edge_gain,True,,,,,normalized_degree|time_since_last_tx|consecutive_tx_attempts|congestion_ewma|self_information_increment,,,,,,,,,,,,,,,,0.09608542919158936,0.028434710577130318,0.0,mpnn,5,4,16,curvature_attention_max,32,38,432000,none,normalized_version_gap_with_gain,,4320.0,0.4876992404460907,0.4876992404460907,0.35360580682754517,,,,,0.5,0.0,,,,0.09608542919158936,0.028434710577130318,0.04175952076911926,0.0618765652179718,0.09231561422348022,0.13521509468555448,0.21843555569648743,0.028210153803229332,0.028434710577130318,0.01587848737835884
287,6.5354065645486115,0.09847500009462237,0.09832020595003382,0.1,-0.0016797940499661823,-0.016797938819867943,-0.016797938819867943,0.09663321822881699,0.0,0.0,False,1.752341995597817e-05,2.0506014823913574,0.31436997652053833,-1.3730338650930207e-05,0.0,0.05,0.001202690415084362,0.8,3.46349916071631e-05,0.0021404060535132885,0.018827084451913834,0.021397262811660767,0.0063819182105362415,1.831054774470431e-08,0.9999992251396179,8.271881103515625,node_conditioned,25,True,True,False,-68.78727722167969,3.642225742340088,1.2527183294296265,1.7554343938827515,0.7220009565353394,1.4259462356567383,-68.91104125976562,3.0959901809692383,0.7878675692936745,-69.6200942993164,1.1380287408828735,0.0,0.0,0.0,0.018827084451913834,0.0,0.0,100,0.2,0.15,0.0,874,curvature_stage2_mpnn_v3_5_edge_gain,True,,,,,normalized_degree|time_since_last_tx|consecutive_tx_attempts|congestion_ewma|self_information_increment,,,,,,,,,,,,,,,,0.09663321822881699,0.03077082522213459,0.0,mpnn,5,4,16,curvature_attention_max,32,38,349600,none,normalized_version_gap_with_gain,,3496.0,0.44207680225372314,0.44207680225372314,0.3058325946331024,,,,,0.5,0.0,,,,0.09663321822881699,0.03077082522213459,0.041826993227005005,0.05965140759944916,0.09305302798748016,0.1381934493780136,0.22714287042617798,0.030564002692699432,0.03077082522213459,0.01945950649678707
288,6.227134346812964,0.10007500003557653,0.09919760299280517,0.1,-0.0008023970071948383,-0.008023969269551456,-0.008023969269551456,0.09875042736530304,0.0,0.0,False,0.00016464338114019483,1.93800687789917,0.3187004327774048,-1.253840764547931e-05,0.0,0.05,0.0008150613284669816,0.8,0.0001641735143493861,0.00763087859377265,0.014669865369796753,0.004823417868465185,0.002196353627368808,-2.1362303925798187e-08,0.9999992847442627,8.804865837097168,node_conditioned,25,True,True,False,-68.50701141357422,3.4179022312164307,1.3040480613708496,1.6202460527420044,0.7184774875640869,1.3859423398971558,-68.14725494384766,2.509763240814209,0.6950526751173192,-69.71204376220703,1.061942458152771,0.0,0.0,0.0,0.014669865369796753,0.0,0.0,100,0.2,0.1625,0.01,978,curvature_stage2_mpnn_v3_5_edge_gain,True,,,,,normalized_degree|time_since_last_tx|consecutive_tx_attempts|congestion_ewma|self_information_increment,,,,,,,,,,,,,,,,0.09875042736530304,0.030502531677484512,0.0,mpnn,5,4,16,curvature_attention_max,32,38,391200,none,normalized_version_gap_with_gain,,3912.0,0.4661687910556793,0.4661687910556793,0.3296511769294739,,,,,0.5,0.0,,,,0.09875042736530304,0.030502531677484512,0.04217103123664856,0.06267222762107849,0.09492252767086029,0.13844940066337585,0.22638893127441406,0.030312249436974525,0.030502531677484512,0.018034588545560837
289,6.383741413466632,0.09929999992251397,0.09924880145765957,0.1,-0.000751198542340431,-0.007511984672205843,-0.007511984672205843,0.10037899762392044,0.0,0.0,False,0.00035378188476897776,1.4810853004455566,0.3205854594707489,1.787454834811797e-06,0.0,0.05,0.0009401041897945106,0.8,0.0003008806670550257,0.011822684668004513,0.01881548948585987,0.031173430383205414,0.0008103800937533379,-7.629394893626795e-09,0.9999991655349731,8.93056583404541,node_conditioned,25,True,True,False,-68.62451934814453,3.5136332511901855,1.1919411420822144,1.5813336372375488,0.6806861162185669,1.226030707359314,-68.5296859741211,2.8047451972961426,0.8089197263629317,-69.66300964355469,1.3534530401229858,0.0,0.0,0.0,0.01881548948585987,0.0,0.0,100,0.2,0.165,0.05,1100,curvature_stage2_mpnn_v3_5_edge_gain,True,,,,,normalized_degree|time_since_last_tx|consecutive_tx_attempts|congestion_ewma|self_information_increment,,,,,,,,,,,,,,,,0.10037899762392044,0.030226612463593483,0.0,mpnn,5,4,16,curvature_attention_max,32,38,440000,none,normalized_version_gap_with_gain,,4400.0,0.48955175280570984,0.48955175280570984,0.35138753056526184,,,,,0.5,0.0,,,,0.10037899762392044,0.030226612463593483,0.043461352586746216,0.06378242671489716,0.0976172685623169,0.1390083909034729,0.227969229221344,0.0299890898168087,0.030226612463593483,0.01691509410738945
290,6.455294698253274,0.09977500013075769,0.09951190079420863,0.1,-0.0004880992057913758,-0.004880991569814601,-0.004880991569814601,0.10083679109811783,0.0,0.0,False,0.00039730098797008395,2.1304376125335693,0.32000622153282166,-1.1130340681120288e-05,0.0,0.05,0.001312709879130125,0.8,0.00026697127032093704,0.009788524359464645,0.017082078382372856,0.03969302028417587,0.002290980191901326,3.051757957450718e-08,0.9999993443489075,7.773403644561768,node_conditioned,25,True,True,False,-68.37371826171875,3.4322750568389893,1.1862788200378418,1.6658656597137451,0.7277071475982666,1.460747480392456,-68.3996353149414,2.7540552616119385,0.7186771391368212,-69.18523406982422,1.6213008165359497,0.0,0.0,0.0,0.017082078382372856,0.0,0.0,100,0.2,0.1775,0.02,980,curvature_stage2_mpnn_v3_5_edge_gain,True,,,,,normalized_degree|time_since_last_tx|consecutive_tx_attempts|congestion_ewma|self_information_increment,,,,,,,,,,,,,,,,0.10083679109811783,0.029537711292505264,0.0,mpnn,5,4,16,curvature_attention_max,32,38,392000,none,normalized_version_gap_with_gain,,3920.0,0.4627928137779236,0.4627928137779236,0.3286764919757843,,,,,0.5,0.0,,,,0.10083679109811783,0.029537711292505264,0.042167216539382935,0.06544371843338012,0.09722141921520233,0.14121131002902984,0.22836893796920776,0.029281575232744217,0.029537711292505264,0.015745341777801514
291,6.064672979675233,0.09865000014193356,0.0990809504680711,0.1,-0.0009190495319289088,-0.009190494400239647,-0.009190494400239647,0.09944655746221542,0.0,0.0,False,0.0002351948933210224,1.4711867570877075,0.3166060149669647,1.4169693258736515e-06,0.0,0.05,0.0016352195525541902,0.8,9.692756430013105e-05,0.004495995584875345,0.014054006896913052,0.016277000308036804,0.0028453748673200607,1.2207030941624453e-08,0.9999992251396179,9.532793045043945,node_conditioned,25,True,True,False,-67.76689910888672,3.3446195125579834,1.1508350372314453,1.5041583776474,0.6827232241630554,1.1879674196243286,-67.21305084228516,2.557328701019287,0.784207707267097,-67.6937255859375,0.9687797427177429,0.0,0.0,0.0,0.014054006896913052,0.0,0.0,100,0.2,0.1675,0.01,1084,curvature_stage2_mpnn_v3_5_edge_gain,True,,,,,normalized_degree|time_since_last_tx|consecutive_tx_attempts|congestion_ewma|self_information_increment,,,,,,,,,,,,,,,,0.09944655746221542,0.02960716374218464,0.0,mpnn,5,4,16,curvature_attention_max,32,38,433600,none,normalized_version_gap_with_gain,,4336.0,0.4854085445404053,0.4854085445404053,0.34741708636283875,,,,,0.5,0.0,,,,0.09944655746221542,0.02960716374218464,0.04143717885017395,0.06280515193939208,0.09653858840465546,0.1405787706375122,0.22019711136817932,0.029338937252759933,0.02960716374218464,0.015845149755477905
292,6.7030585971102115,0.09502499995753169,0.0970529752128014,0.1,-0.0029470247871986044,-0.02947024492496155,-0.02947024492496155,0.09718577563762665,0.0,0.0,False,0.00013960874639451504,1.985281229019165,0.31330347061157227,-1.2691349184024148e-05,0.0,0.05,0.0020755508448928595,0.8,6.815085271227872e-06,0.0006808741600252688,0.018872827291488647,0.021371882408857346,0.007390783634036779,0.0,0.9999992251396179,8.416886329650879,node_conditioned,25,True,True,False,-68.15318298339844,3.5477209091186523,1.1893131732940674,1.6155518293380737,0.6872355937957764,1.2868276834487915,-68.62272644042969,2.881964683532715,0.8006283516609962,-68.03878021240234,1.2322041988372803,0.0,0.0,0.0,0.018872827291488647,0.0,0.0,100,0.2,0.155,0.02,976,curvature_stage2_mpnn_v3_5_edge_gain,True,,,,,normalized_degree|time_since_last_tx|consecutive_tx_attempts|congestion_ewma|self_information_increment,,,,,,,,,,,,,,,,0.09718577563762665,0.028559165075421333,0.0,mpnn,5,4,16,curvature_attention_max,32,38,390400,none,normalized_version_gap_with_gain,,3904.0,0.4598737359046936,0.4598737359046936,0.32926544547080994,,,,,0.5,0.0,,,,0.09718577563762665,0.028559165075421333,0.04153737425804138,0.062316951155662534,0.09326298534870148,0.13747500777244567,0.22157186269760132,0.02833034284412861,0.028559165075421333,0.014777354896068573
293,6.316004548892379,0.09435000000055879,0.0957014876066801,0.1,-0.004298512393319909,-0.042985119634687124,-0.042985119634687124,0.09670417755842209,0.0,0.0,False,0.00011302754137432203,1.6525428295135498,0.31318768858909607,5.2546715778589714e-06,0.0,0.05,0.0018970014061778784,0.8,2.625852357596159e-05,0.0015966173959895968,0.010116096585988998,0.011582332663238049,0.007353344466537237,1.2207030941624453e-08,0.9999992251396179,8.538729667663574,node_conditioned,25,True,True,False,-67.38162994384766,3.492474317550659,1.1696398258209229,1.4622161388397217,0.6494123935699463,1.2874668836593628,-67.35852813720703,2.8730924129486084,0.7991957326438389,-68.08642578125,1.218830943107605,0.0,0.0,0.0,0.010116096585988998,0.0,0.0,100,0.2,0.145,0.0,918,curvature_stage2_mpnn_v3_5_edge_gain,True,,,,,normalized_degree|time_since_last_tx|consecutive_tx_attempts|congestion_ewma|self_information_increment,,,,,,,,,,,,,,,,0.09670417755842209,0.029626114293932915,0.0,mpnn,5,4,16,curvature_attention_max,32,38,367200,none,normalized_version_gap_with_gain,,3672.0,0.4660201668739319,0.4660201668739319,0.3250545859336853,,,,,0.5,0.0,,,,0.09670417755842209,0.029626114293932915,0.04106566309928894,0.061476707458496094,0.09344679117202759,0.13668084144592285,0.21953228116035461,0.029385142028331757,0.029626114293932915,0.01677856035530567
294,6.4611924246698615,0.09962500005960465,0.09766324383314237,0.1,-0.002336756166857634,-0.023367559331820408,-0.023367559331820408,0.09839761257171631,0.0,0.0,False,0.0002271512639708817,1.4357032775878906,0.31668412685394287,-3.7626377888955176e-06,0.0,0.05,0.0025093674194067717,0.8,0.00011052077024942264,0.005290810950100422,0.007810654118657112,0.003913188818842173,0.010314125567674637,1.831054774470431e-08,0.9999992251396179,8.63186264038086,node_conditioned,25,True,True,False,-67.95966339111328,3.56377911567688,1.234376072883606,1.6198625564575195,0.6868826150894165,1.1977503299713135,-68.06658935546875,3.0603535175323486,0.8468244421720987,-67.98253631591797,1.1012462377548218,0.0,0.0,0.0,0.007810654118657112,0.0,0.0,100,0.2,0.155,0.02,914,curvature_stage2_mpnn_v3_5_edge_gain,True,,,,,normalized_degree|time_since_last_tx|consecutive_tx_attempts|congestion_ewma|self_information_increment,,,,,,,,,,,,,,,,0.09839761257171631,0.03132929280400276,0.0,mpnn,5,4,16,curvature_attention_max,32,38,365600,none,normalized_version_gap_with_gain,,3656.0,0.44777438044548035,0.44777438044548035,0.31070709228515625,,,,,0.5,0.0,,,,0.09839761257171631,0.03132929280400276,0.04100412130355835,0.061101630330085754,0.09381929039955139,0.14232295751571655,0.2231152057647705,0.031107764691114426,0.03132929280400276,0.019330691546201706
295,6.360690651871264,0.09474999982863665,0.09620662183088952,0.1,-0.0037933781691104895,-0.0379337778977271,-0.0379337778977271,0.09517037123441696,0.0,0.0,False,6.211167055880651e-05,1.6364449262619019,0.31031984090805054,2.970913101307815e-06,0.0,0.05,0.001534735318273306,0.8,5.919334853388136e-06,0.0004827411030419171,0.014554359950125217,0.018905187025666237,0.006512822583317757,-2.1362303925798187e-08,0.9999992251396179,8.662425994873047,node_conditioned,25,True,True,False,-67.57752227783203,3.3223037719726562,1.138979434967041,1.5281410217285156,0.670727550983429,1.2817491292953491,-67.5819091796875,2.919313430786133,0.8072277415897504,-68.58531188964844,1.0076336860656738,0.0,0.0,0.0,0.014554359950125217,0.0,0.0,100,0.2,0.165,0.02,1016,curvature_stage2_mpnn_v3_5_edge_gain,True,,,,,normalized_degree|time_since_last_tx|consecutive_tx_attempts|congestion_ewma|self_information_increment,,,,,,,,,,,,,,,,0.09517037123441696,0.029286693781614304,0.0,mpnn,5,4,16,curvature_attention_max,32,38,406400,none,normalized_version_gap_with_gain,,4064.0,0.4659768342971802,0.4659768342971802,0.3321978449821472,,,,,0.5,0.0,,,,0.09517037123441696,0.029286693781614304,0.041130393743515015,0.061290535330772396,0.09188084304332733,0.13313764333724973,0.22464421391487122,0.02903636544942856,0.029286693781614304,0.01652434654533863
296,5.915517423823476,0.09872499975375831,0.09746581079232391,0.1,-0.002534189207676091,-0.025341889542571952,-0.025341889542571952,0.09817176312208176,0.0,0.0,False,0.00010184793791268021,1.5071942806243896,0.3176400065422058,-3.6657288546848577e-06,0.0,0.05,0.0012144804932177067,0.8,8.404382970184088e-05,0.004952903371304274,0.01836659014225006,0.011668376624584198,0.005778358783572912,-1.2207030941624453e-08,0.9999991059303284,10.625899314880371,node_conditioned,25,True,True,False,-67.24901580810547,3.063673257827759,1.0167326927185059,1.3171840906143188,0.6519256830215454,1.1243813037872314,-66.5003662109375,2.5951626300811768,0.8122853972737032,-67.3253173828125,1.0540695190429688,0.0,0.0,0.0,0.01836659014225006,0.0,0.0,100,0.2,0.1625,0.02,996,curvature_stage2_mpnn_v3_5_edge_gain,True,,,,,normalized_degree|time_since_last_tx|consecutive_tx_attempts|congestion_ewma|self_information_increment,,,,,,,,,,,,,,,,0.09817176312208176,0.028755245730280876,0.0,mpnn,5,4,16,curvature_attention_max,32,38,398400,none,normalized_version_gap_with_gain,,3984.0,0.48630988597869873,0.48630988597869873,0.3399837613105774,,,,,0.5,0.0,,,,0.09817176312208176,0.028755245730280876,0.0416775643825531,0.06338756680488586,0.09445172548294067,0.13928028643131254,0.22416865825653076,0.0284933689981699,0.028755245730280876,0.014011074788868427
297,6.594298227541149,0.09560000022873283,0.09653290551052837,0.1,-0.003467094489471634,-0.0346709414276222,-0.0346709414276222,0.09424221515655518,0.0,0.0,False,2.0639252397813834e-05,1.511435627937317,0.3086978793144226,-6.13215070188744e-06,0.0,0.05,0.001086826203390956,0.8,1.5823667354197823e-06,0.00019761189469136298,0.013325240463018417,0.016973210498690605,0.004210712853819132,3.356933575560106e-08,0.9999991059303284,9.269702911376953,node_conditioned,25,True,True,False,-67.27528381347656,3.3874826431274414,1.1248257160186768,1.4389086961746216,0.6441933512687683,1.0666860342025757,-67.7353515625,2.932274103164673,0.8676682437755346,-68.22411346435547,1.1427586078643799,0.0,0.0,0.0,0.013325240463018417,0.0,0.0,100,0.2,0.1525,0.01,900,curvature_stage2_mpnn_v3_5_edge_gain,True,,,,,normalized_degree|time_since_last_tx|consecutive_tx_attempts|congestion_ewma|self_information_increment,,,,,,,,,,,,,,,,0.09424221515655518,0.029078656807541847,0.0,mpnn,5,4,16,curvature_attention_max,32,38,360000,none,normalized_version_gap_with_gain,,3600.0,0.45043519139289856,0.45043519139289856,0.3142569959163666,,,,,0.5,0.0,,,,0.09424221515655518,0.029078656807541847,0.04147028923034668,0.058528536558151247,0.09080718457698822,0.13547072410583497,0.19555321335792542,0.028834663331508636,0.029078656807541847,0.016020160168409348
298,6.207591152116656,0.09822499993722886,0.09737895272387861,0.1,-0.002621047276121391,-0.026210470140166895,-0.026210470140166895,0.09927130490541458,0.0,0.0,False,0.00029113978962413967,1.7811157703399658,0.31934428215026855,1.7496593045507325e-06,0.0,0.05,0.0011065193684771657,0.8,0.0002686507359612733,0.009651195257902145,0.01979660615324974,0.011087548919022083,0.002989641623571515,-6.103515470812226e-09,0.9999992847442627,8.032125473022461,node_conditioned,25,True,True,False,-67.06094360351562,3.2298507690429688,1.0956233739852905,1.4578286409378052,0.6563168168067932,1.3306127786636353,-66.90768432617188,2.855891466140747,0.782919860369401,-68.56830596923828,1.1954365968704224,0.0,0.0,0.0,0.01979660615324974,0.0,0.0,100,0.2,0.1525,0.02,1030,curvature_stage2_mpnn_v3_5_edge_gain,True,,,,,normalized_degree|time_since_last_tx|consecutive_tx_attempts|congestion_ewma|self_information_increment,,,,,,,,,,,,,,,,0.09927130490541458,0.02994932420551777,0.0,mpnn,5,4,16,curvature_attention_max,32,38,412000,none,normalized_version_gap_with_gain,,4120.0,0.47898566722869873,0.47898566722869873,0.33821016550064087,,,,,0.5,0.0,,,,0.09927130490541458,0.02994932420551777,0.04149886965751648,0.06281248331069947,0.09553065896034241,0.14125282168388364,0.2261548936367035,0.02969203144311905,0.02994932420551777,0.015767980366945267
299,7.084981570839882,0.09655000015161931,0.09696447643774897,0.1,-0.0030355235622510357,-0.030355232586987097,-0.030355232586987097,0.09743572771549225,0.0,0.0,False,3.564426879165694e-05,2.8932149410247803,0.3152560293674469,3.4749384667520644e-06,0.0,0.05,0.0007818681187927723,0.8,1.7571370335645042e-05,0.0014929488534107804,0.018627595156431198,0.015413681045174599,0.0012687845155596733,-2.7465819840699623e-08,0.9999992251396179,7.235115051269531,node_conditioned,25,True,True,False,-67.93875122070312,3.5843160152435303,1.1116780042648315,1.523352026939392,0.6662411689758301,1.420078992843628,-69.15154266357422,3.0821473598480225,0.7877155627920892,-69.67063903808594,1.1223005056381226,0.0,0.0,0.0,0.018627595156431198,0.0,0.0,100,0.2,0.165,0.02,1012,curvature_stage2_mpnn_v3_5_edge_gain,True,,,,,normalized_degree|time_since_last_tx|consecutive_tx_attempts|congestion_ewma|self_information_increment,,,,,,,,,,,,,,,,0.09743572771549225,0.0287428367882967,0.0,mpnn,5,4,16,curvature_attention_max,32,38,404800,none,normalized_version_gap_with_gain,,4048.0,0.441171258687973,0.441171258687973,0.3206581175327301,,,,,0.5,0.0,,,,0.09743572771549225,0.0287428367882967,0.04165381193161011,0.062285938858985895,0.09393098950386047,0.13800262510776518,0.22570526599884033,0.028538625687360764,0.0287428367882967,0.01487763412296772
300,6.424401508010924,0.09902499988675117,0.09799473816225007,0.1,-0.002005261837749933,-0.020052616372237694,-0.020052616372237694,0.09594187140464783,0.0,0.0,False,4.193071072222665e-05,2.1748812198638916,0.312226265668869,-1.8516888303565793e-05,0.0,0.05,0.0010810804087668657,0.8,2.3130594854592346e-05,0.0011574355885386467,0.015709253028035164,0.01392713189125061,0.0015691692242398858,-6.103515470812226e-09,0.9999992847442627,7.65893030166626,node_conditioned,25,True,True,False,-67.4464340209961,3.276071310043335,1.1151480674743652,1.4304285049438477,0.6799975633621216,1.42474365234375,-67.54673767089844,2.5032427310943604,0.67605778812809,-68.04459381103516,1.116512417793274,0.0,0.0,0.0,0.015709253028035164,0.0,0.0,100,0.2,0.1425,0.0,1064,curvature_stage2_mpnn_v3_5_edge_gain,True,,,,,normalized_degree|time_since_last_tx|consecutive_tx_attempts|congestion_ewma|self_information_increment,,,,,,,,,,,,,,,,0.09594187140464783,0.0292950626462698,0.0,mpnn,5,4,16,curvature_attention_max,32,38,425600,none,normalized_version_gap_with_gain,,4256.0,0.4712197482585907,0.4712197482585907,0.33740517497062683,,,,,0.5,0.0,,,,0.09594187140464783,0.0292950626462698,0.04148072004318237,0.059976398944854736,0.09247352182865143,0.13670693933963776,0.19651547074317932,0.029034409672021866,0.0292950626462698,0.015608448535203934
301,6.314858093671501,0.0992999999737367,0.09864736906799339,0.1,-0.0013526309320066182,-0.013526307967435385,-0.013526307967435385,0.09978917986154556,0.0,0.0,False,0.000306637812172994,1.6881154775619507,0.31884557008743286,-7.398616617138032e-07,0.0,0.05,0.0010498010087758303,0.8,0.00026008038548752666,0.010202624835073948,0.013872220180928707,0.02562238834798336,0.0007730294018983841,1.2207030941624453e-08,0.9999992251396179,8.872884750366211,node_conditioned,25,True,True,False,-68.03158569335938,3.3401601314544678,1.2809420824050903,1.7651249170303345,0.6789934039115906,1.2694398164749146,-67.88204956054688,2.509451389312744,0.7441021435038591,-69.11434936523438,1.2151366472244263,0.0,0.0,0.0,0.013872220180928707,0.0,0.0,100,0.2,0.1725,0.03,1034,curvature_stage2_mpnn_v3_5_edge_gain,True,,,,,normalized_degree|time_since_last_tx|consecutive_tx_attempts|congestion_ewma|self_information_increment,,,,,,,,,,,,,,,,0.09978917986154556,0.032750386744737625,0.0,mpnn,5,4,16,curvature_attention_max,32,38,413600,none,normalized_version_gap_with_gain,,4136.0,0.4808821678161621,0.4808821678161621,0.34415242075920105,,,,,0.5,0.0,,,,0.09978917986154556,0.032750386744737625,0.041254639625549316,0.06059839129447937,0.09558652341365814,0.1456334263086319,0.22821518778800964,0.0325118750333786,0.032750386744737625,0.02022324874997139
302,6.626651011779904,0.09987499997485429,0.09926118452142384,0.1,-0.0007388154785761686,-0.007388154046946281,-0.007388154046946281,0.1001092866063118,0.0,0.0,False,0.0003032991662621498,2.3911354541778564,0.31796976923942566,9.124927601078525e-06,0.0,0.05,0.001165703870356083,0.8,0.00020791681890841573,0.00814091693609953,0.012372479774057865,0.033022891730070114,0.0008590368088334799,1.831054774470431e-08,0.9999994039535522,7.13332986831665,node_conditioned,25,True,True,False,-68.32340240478516,3.4009671211242676,1.2061783075332642,1.6123415231704712,0.6704397797584534,1.5213305950164795,-68.68924713134766,2.7851479053497314,0.7016330513795248,-70.24850463867188,1.030762791633606,0.0,0.0,0.0,0.012372479774057865,0.0,0.0,100,0.2,0.1675,0.03,952,curvature_stage2_mpnn_v3_5_edge_gain,True,,,,,normalized_degree|time_since_last_tx|consecutive_tx_attempts|congestion_ewma|self_information_increment,,,,,,,,,,,,,,,,0.1001092866063118,0.03223828226327896,0.0,mpnn,5,4,16,curvature_attention_max,32,38,380800,none,normalized_version_gap_with_gain,,3808.0,0.4477296471595764,0.4477296471595764,0.3223256468772888,,,,,0.5,0.0,,,,0.1001092866063118,0.03223828226327896,0.04146537184715271,0.06057571768760681,0.09632958471775055,0.14518438577651976,0.22488608956336975,0.031979188323020935,0.03223828226327896,0.019381634891033173
303,6.374652273617685,0.09904999997932463,0.09915559225037424,0.1,-0.0008444077496257696,-0.00844407665185003,-0.00844407665185003,0.09614893794059753,0.0,0.0,False,9.096154826693237e-05,1.529832363128662,0.310811311006546,1.788012195902411e-05,0.0,0.05,0.001056124921888113,0.8,4.079369773535291e-06,0.0003097984299529344,0.018186217173933983,0.018184036016464233,0.0025632164906710386,6.103515470812226e-09,0.9999992251396179,9.356805801391602,node_conditioned,25,True,True,False,-68.30335998535156,3.3910458087921143,1.0453959703445435,1.4340780973434448,0.6533810496330261,1.2261779308319092,-68.2018051147461,2.7275466918945312,0.7979017017693815,-68.55211639404297,0.8923963904380798,0.0,0.0,0.0,0.018186217173933983,0.0,0.0,100,0.2,0.1575,0.01,1012,curvature_stage2_mpnn_v3_5_edge_gain,True,,,,,normalized_degree|time_since_last_tx|consecutive_tx_attempts|congestion_ewma|self_information_increment,,,,,,,,,,,,,,,,0.09614893794059753,0.02848902717232704,0.0,mpnn,5,4,16,curvature_attention_max,32,38,404800,none,normalized_version_gap_with_gain,,4048.0,0.4790183901786804,0.4790183901786804,0.33938419818878174,,,,,0.5,0.0,,,,0.09614893794059753,0.02848902717232704,0.04040399193763733,0.061584350466728215,0.0930803120136261,0.13609704673290252,0.1901860535144806,0.028266891837120056,0.02848902717232704,0.013513919897377491
304,7.346646721214056,0.0953999998467043,0.09727779604853927,0.1,-0.002722203951460736,-0.027222036792403682,-0.027222036792403682,0.0964900404214859,0.0,0.0,False,9.182435314869508e-05,2.6955184936523438,0.3123129606246948,-1.4567384596375632e-06,0.0,0.05,0.0015294492477551103,0.8,2.105257590301335e-05,0.0013938614865764976,0.012723425403237343,0.011016026139259338,0.004069988150149584,-2.4414061883248905e-08,0.9999992847442627,6.8439412117004395,node_conditioned,25,True,True,False,-69.49232482910156,3.8115179538726807,1.1257514953613281,1.518753170967102,0.6717274188995361,1.3165875673294067,-70.87328338623047,3.6159520149230957,0.8674272694589233,-69.8039779663086,1.1339927911758423,0.0,0.0,0.0,0.012723425403237343,0.0,0.0,100,0.2,0.1475,0.0,920,curvature_stage2_mpnn_v3_5_edge_gain,True,,,,,normalized_degree|time_since_last_tx|consecutive_tx_attempts|congestion_ewma|self_information_increment,,,,,,,,,,,,,,,,0.0964900404214859,0.03005475550889969,0.0,mpnn,5,4,16,curvature_attention_max,32,38,368000,none,normalized_version_gap_with_gain,,3680.0,0.4248538911342621,0.4248538911342621,0.30282431840896606,,,,,0.5,0.0,,,,0.0964900404214859,0.03005475550889969,0.040860891342163086,0.061145049333572385,0.09283468127250671,0.13625962138175965,0.23109835386276245,0.02976999245584011,0.03005475550889969,0.016878046095371246
305,6.010676770955325,0.09862499983049929,0.09795139793951928,0.1,-0.002048602060480728,-0.020486018556205427,-0.020486018556205427,0.09808938950300217,0.0,0.0,False,9.774955833563581e-05,2.836777448654175,0.316042423248291,6.888272423566377e-07,0.0,0.05,0.00099414330907166,0.8,6.065225534257479e-05,0.0034521915949881077,0.013340597040951252,0.0045570675283670425,0.0027707996778190136,-6.103515470812226e-09,0.9999991655349731,8.878911972045898,node_conditioned,25,True,True,False,-68.63217163085938,3.2562365531921387,1.1304184198379517,1.5643357038497925,0.6774240732192993,1.292333960533142,-67.79900360107422,2.438979387283325,0.7192413417868189,-67.84806823730469,1.0815402269363403,0.0,0.0,0.0,0.013340597040951252,0.0,0.0,100,0.2,0.1775,0.05,1022,curvature_stage2_mpnn_v3_5_edge_gain,True,,,,,normalized_degree|time_since_last_tx|consecutive_tx_attempts|congestion_ewma|self_information_increment,,,,,,,,,,,,,,,,0.09808938950300217,0.03066655620932579,0.0,mpnn,5,4,16,curvature_attention_max,32,38,408800,none,normalized_version_gap_with_gain,,4088.0,0.4776743948459625,0.4776743948459625,0.33571016788482666,,,,,0.5,0.0,,,,0.09808938950300217,0.03066655620932579,0.04107463359832764,0.06133113205432892,0.09474535286426544,0.1396060973405838,0.229611337184906,0.030428076162934303,0.03066655620932579,0.016421575099229813
306,6.035892429575324,0.09929999996442347,0.09862569895197137,0.1,-0.001374301048028631,-0.0137430091059854,-0.0137430091059854,0.09785258024930954,0.0,0.0,False,0.000168769242009148,1.5414403676986694,0.3160695731639862,-3.5681862300407374e-06,0.0,0.05,0.0013837192673236132,0.8,0.00011447279393905774,0.004596838727593422,0.01640843227505684,0.0037381958682090044,0.003677263855934143,-6.713867151120212e-08,0.9999991059303284,8.863447189331055,node_conditioned,25,True,True,False,-68.88175201416016,3.545393943786621,1.1582679748535156,1.5289560556411743,0.6659902930259705,1.2146830558776855,-68.16203308105469,2.904326915740967,0.8250818641466359,-69.51327514648438,1.2819987535476685,0.0,0.0,0.0,0.01640843227505684,0.0,0.0,100,0.2,0.1575,0.01,942,curvature_stage2_mpnn_v3_5_edge_gain,True,,,,,normalized_degree|time_since_last_tx|consecutive_tx_attempts|congestion_ewma|self_information_increment,,,,,,,,,,,,,,,,0.09785258024930954,0.02897937223315239,0.0,mpnn,5,4,16,curvature_attention_max,32,38,376800,none,normalized_version_gap_with_gain,,3768.0,0.4650246202945709,0.4650246202945709,0.32419708371162415,,,,,0.5,0.0,,,,0.09785258024930954,0.02897937223315239,0.042397886514663696,0.062201490998268126,0.09437540173530579,0.13782063126564026,0.1987401247024536,0.028659122064709663,0.02897937223315239,0.013025430031120777
307,6.318108580745757,0.10029999988153576,0.09946284941675357,0.1,-0.0005371505832464374,-0.005371505295313844,-0.005371505295313844,0.09940798580646515,0.0,0.0,False,0.00026401373906992376,1.4861431121826172,0.3185691833496094,-3.469914645393146e-06,0.0,0.05,0.0013005011714994907,0.8,0.0002135486138286069,0.008886589668691158,0.02557753212749958,0.003263104474171996,0.004269884899258614,-3.051757735406113e-09,0.9999992251396179,9.518110275268555,node_conditioned,25,True,True,False,-68.55860900878906,3.2201266288757324,1.1213679313659668,1.556376576423645,0.6382079124450684,1.22226083278656,-68.32195281982422,2.5784430503845215,0.775295012616865,-69.6227798461914,1.1650313138961792,0.0,0.0,0.0,0.02557753212749958,0.0,0.0,100,0.2,0.175,0.03,958,curvature_stage2_mpnn_v3_5_edge_gain,True,,,,,normalized_degree|time_since_last_tx|consecutive_tx_attempts|congestion_ewma|self_information_increment,,,,,,,,,,,,,,,,0.09940798580646515,0.0316319614648819,0.0,mpnn,5,4,16,curvature_attention_max,32,38,383200,none,normalized_version_gap_with_gain,,3832.0,0.47459110617637634,0.47459110617637634,0.33214274048805237,,,,,0.5,0.0,,,,0.09940798580646515,0.0316319614648819,0.04084697365760803,0.0613262563943863,0.09608039259910583,0.1401551455259323,0.23140186071395874,0.03138791024684906,0.0316319614648819,0.017478635534644127
308,6.568105300813913,0.09859999990090727,0.09903142465883041,0.1,-0.0009685753411695919,-0.009685752443120674,-0.009685752443120674,0.09596854448318481,0.0,0.0,False,3.823629958787933e-05,1.8349336385726929,0.31167176365852356,-6.014908194629243e-06,0.0,0.05,0.001019157120026648,0.8,5.845338364451891e-06,0.0005495001096278429,0.016226885840296745,0.01745709590613842,0.003084350610151887,3.662109548940862e-08,0.9999991655349731,8.178304672241211,node_conditioned,25,True,True,False,-68.24536895751953,3.3804337978363037,1.1111892461776733,1.4457383155822754,0.663826584815979,1.2912739515304565,-68.49385833740234,3.049330234527588,0.8206803756148328,-69.08361053466797,1.1005432605743408,0.0,0.0,0.0,0.016226885840296745,0.0,0.0,100,0.2,0.14,0.0,922,curvature_stage2_mpnn_v3_5_edge_gain,True,,,,,normalized_degree|time_since_last_tx|consecutive_tx_attempts|congestion_ewma|self_information_increment,,,,,,,,,,,,,,,,0.09596854448318481,0.029863249510526657,0.0,mpnn,5,4,16,curvature_attention_max,32,38,368800,none,normalized_version_gap_with_gain,,3688.0,0.44847559928894043,0.44847559928894043,0.31431615352630615,,,,,0.5,0.0,,,,0.09596854448318481,0.029863249510526657,0.040801018476486206,0.060595019534230236,0.09204505383968353,0.13716822564601897,0.19898447394371033,0.02961179055273533,0.029863249510526657,0.015501782298088074
309,6.418197482265532,0.09712500000838191,0.09807821233360617,0.1,-0.0019217876663938371,-0.019217874742150896,-0.019217874742150896,0.09837471693754196,0.0,0.0,False,0.00015454035019502044,2.0369884967803955,0.31707632541656494,2.1760181425634073e-06,0.0,0.05,0.0010157698998227715,0.8,0.0001226361346198246,0.005338624585419893,0.013910215348005295,0.0034273702185600996,0.001029664184898138,-3.051757735406113e-09,0.9999992251396179,7.354045867919922,node_conditioned,25,True,True,False,-68.00841522216797,3.4716436862945557,1.0943150520324707,1.6519815921783447,0.6676706671714783,1.4295339584350586,-68.02886199951172,3.017913579940796,0.775624558960848,-68.22727966308594,1.2237626314163208,0.0,0.0,0.0,0.013910215348005295,0.0,0.0,100,0.2,0.145,0.0,976,curvature_stage2_mpnn_v3_5_edge_gain,True,,,,,normalized_degree|time_since_last_tx|consecutive_tx_attempts|congestion_ewma|self_information_increment,,,,,,,,,,,,,,,,0.09837471693754196,0.03028535470366478,0.0,mpnn,5,4,16,curvature_attention_max,32,38,390400,none,normalized_version_gap_with_gain,,3904.0,0.46204298734664917,0.46204298734664917,0.32353103160858154,,,,,0.5,0.0,,,,0.09837471693754196,0.03028535470366478,0.041628241539001465,0.06194081604480744,0.0945381224155426,0.14021337330341338,0.2262122929096222,0.03001716174185276,0.03028535470366478,0.015518605709075928
310,6.136108591854573,0.09685000014025719,0.09746410623693168,0.1,-0.002535893763068328,-0.025358935094789772,-0.025358935094789772,0.09791654348373413,0.0,0.0,False,9.572010458214208e-05,2.0570220947265625,0.31614503264427185,4.441798751031456e-07,0.0,0.05,0.0008896466461010277,0.8,6.279782974161208e-05,0.0032257712446153164,0.014818472787737846,0.003433987032622099,0.0005602471064776182,2.4414061883248905e-08,0.9999992847442627,7.7775187492370605,node_conditioned,25,True,True,False,-67.40277862548828,3.1341335773468018,1.0066196918487549,1.4306044578552246,0.6418827772140503,1.4300689697265625,-67.10414123535156,2.626063108444214,0.7034460896459594,-70.17569732666016,1.4354286193847656,0.0,0.0,0.0,0.014818472787737846,0.0,0.0,100,0.2,0.1425,0.0,1002,curvature_stage2_mpnn_v3_5_edge_gain,True,,,,,normalized_degree|time_since_last_tx|consecutive_tx_attempts|congestion_ewma|self_information_increment,,,,,,,,,,,,,,,,0.09791654348373413,0.028779761865735054,0.0,mpnn,5,4,16,curvature_attention_max,32,38,400800,none,normalized_version_gap_with_gain,,4008.0,0.47411561012268066,0.47411561012268066,0.332978218793869,,,,,0.5,0.0,,,,0.09791654348373413,0.028779761865735054,0.04117053747177124,0.06196536123752594,0.09488576650619507,0.1384401798248291,0.1879776120185852,0.02851840667426586,0.028779761865735054,0.012249277904629707
311,6.422273232042789,0.0974000000860542,0.09743205316149295,0.1,-0.002567946838507057,-0.02567946581712399,-0.02567946581712399,0.0949997529387474,0.0,0.0,False,1.5199852896330412e-05,1.6763650178909302,0.3098478615283966,-5.410716767073609e-06,0.0,0.05,0.0009979282040148973,0.8,2.155530438585629e-07,6.270146695896983e-05,0.020890193060040474,0.01888786256313324,0.0019774711690843105,-3.051757957450718e-08,0.9999991655349731,8.016317367553711,node_conditioned,25,True,True,False,-67.6877670288086,3.3411002159118652,1.0426414012908936,1.4091333150863647,0.6000869274139404,1.2794501781463623,-67.8162841796875,2.7565903663635254,0.7845719447816177,-69.38677978515625,0.8238861560821533,0.0,0.0,0.0,0.020890193060040474,0.0,0.0,100,0.2,0.155,0.02,1042,curvature_stage2_mpnn_v3_5_edge_gain,True,,,,,normalized_degree|time_since_last_tx|consecutive_tx_attempts|congestion_ewma|self_information_increment,,,,,,,,,,,,,,,,0.0949997529387474,0.029295017942786217,0.0,mpnn,5,4,16,curvature_attention_max,32,38,416800,none,normalized_version_gap_with_gain,,4168.0,0.47753384709358215,0.47753384709358215,0.3372234106063843,,,,,0.5,0.0,,,,0.0949997529387474,0.029295017942786217,0.04088997840881348,0.05849151611328125,0.0922941267490387,0.13382555246353148,0.19835016131401062,0.029047546908259392,0.029295017942786217,0.014280358329415321
312,6.360214640758931,0.10130000007804484,0.0993660266197689,0.1,-0.0006339733802311065,-0.006339733168337748,-0.006339733168337748,0.10104454308748245,0.0,0.0,False,0.0006233605090528727,2.21850323677063,0.32097572088241577,1.1628044376266189e-06,0.0,0.05,0.001189428730867803,0.8,0.0005394750041887164,0.01568620651960373,0.0186530202627182,0.052459560334682465,0.0005621127202175558,1.2207030941624453e-08,0.9999993443489075,7.232754230499268,node_conditioned,25,True,True,False,-67.64141082763672,3.298966884613037,1.1620782613754272,1.6429870128631592,0.6618508696556091,1.493064045906067,-67.63910675048828,2.851945400238037,0.7259218300669761,-69.23676300048828,1.0975538492202759,0.0,0.0,0.0,0.0186530202627182,0.0,0.0,100,0.2,0.155,0.02,1018,curvature_stage2_mpnn_v3_5_edge_gain,True,,,,,normalized_degree|time_since_last_tx|consecutive_tx_attempts|congestion_ewma|self_information_increment,,,,,,,,,,,,,,,,0.10104454308748245,0.03207646682858467,0.0,mpnn,5,4,16,curvature_attention_max,32,38,407200,none,normalized_version_gap_with_gain,,4072.0,0.45599228143692017,0.45599228143692017,0.32666242122650146,,,,,0.5,0.0,,,,0.10104454308748245,0.03207646682858467,0.04060205817222595,0.06275942027568816,0.09677377343177795,0.14579203128814697,0.23490110039710999,0.031815510243177414,0.03207646682858467,0.017787151038646698
313,6.235580567661673,0.09977500003296882,0.09957051332636886,0.1,-0.0004294866736311437,-0.0042948663068248065,-0.0042948663068248065,0.1011255607008934,0.0,0.0,False,0.0005613433895632625,2.103358507156372,0.31832030415534973,-4.013564648630563e-06,0.0,0.05,0.0020404555834829807,0.8,0.0003940374299418181,0.010724958963692188,0.01032292004674673,0.07252780348062515,0.0008168689091689885,1.831054774470431e-08,0.9999992847442627,7.553089141845703,node_conditioned,25,True,True,False,-67.25078582763672,3.133612871170044,1.0053778886795044,1.3607290983200073,0.6081500053405762,1.454576849937439,-67.06649017333984,2.618726968765259,0.6914732298062208,-68.03459167480469,0.9989842176437378,0.0,0.0,0.0,0.01032292004674673,0.0,0.0,100,0.2,0.16,0.01,990,curvature_stage2_mpnn_v3_5_edge_gain,True,,,,,normalized_degree|time_since_last_tx|consecutive_tx_attempts|congestion_ewma|self_information_increment,,,,,,,,,,,,,,,,0.1011255607008934,0.031040815636515617,0.0,mpnn,5,4,16,curvature_attention_max,32,38,396000,none,normalized_version_gap_with_gain,,3960.0,0.4762404263019562,0.4762404263019562,0.3369520604610443,,,,,0.5,0.0,,,,0.1011255607008934,0.031040815636515617,0.04097333550453186,0.06354297995567322,0.09777569770812988,0.14285942018032075,0.23419147729873657,0.030664382502436638,0.031040815636515617,0.015346198342740536
314,6.376662872731686,0.09827500015031547,0.09892275673834217,0.1,-0.0010772432616578398,-0.010772431539335244,-0.010772431539335244,0.09840834885835648,0.0,0.0,False,0.0002605665067676455,1.835676908493042,0.31331729888916016,8.520604751538485e-06,0.0,0.05,0.00284253666177392,0.8,1.5497773347306065e-05,0.000982922501862049,0.01674591191112995,0.008170956745743752,0.007039678283035755,2.4414061883248905e-08,0.9999992847442627,8.70671272277832,node_conditioned,25,True,True,False,-67.52290344238281,3.001293659210205,1.0802013874053955,1.513776183128357,0.6258987188339233,1.360455870628357,-67.48414611816406,2.3168437480926514,0.6551934932363197,-68.07190704345703,1.1392195224761963,0.0,0.0,0.0,0.01674591191112995,0.0,0.0,100,0.2,0.1575,0.01,908,curvature_stage2_mpnn_v3_5_edge_gain,True,,,,,normalized_degree|time_since_last_tx|consecutive_tx_attempts|congestion_ewma|self_information_increment,,,,,,,,,,,,,,,,0.09840834885835648,0.029815489426255226,0.0,mpnn,5,4,16,curvature_attention_max,32,38,363200,none,normalized_version_gap_with_gain,,3632.0,0.4690057933330536,0.4690057933330536,0.327761173248291,,,,,0.5,0.0,,,,0.09840834885835648,0.029815489426255226,0.04032313823699951,0.06232181191444397,0.09427917003631592,0.13982014060020445,0.22878456115722656,0.029574589803814888,0.029815489426255226,0.014018331654369831
315,6.463997985385358,0.09502499992959201,0.09697387833396709,0.1,-0.003026121666032916,-0.030261213634207796,-0.030261213634207796,0.09511703997850418,0.0,0.0,False,0.00015591175178997219,1.8942445516586304,0.3083967864513397,-6.116628981089889e-08,0.0,0.05,0.0026245396584272385,0.8,7.350777195824776e-06,0.00044268809142522514,0.022264698520302773,0.029202796518802643,0.009346958249807358,2.4414061883248905e-08,0.9999992847442627,7.728963375091553,node_conditioned,25,True,True,False,-67.32258605957031,3.184098720550537,1.114406943321228,1.4692107439041138,0.6366798281669617,1.368821382522583,-67.4624252319336,2.643193483352661,0.731814267978351,-67.1451187133789,1.2033828496932983,0.0,0.0,0.0,0.022264698520302773,0.0,0.0,100,0.2,0.15,0.0,1076,curvature_stage2_mpnn_v3_5_edge_gain,True,,,,,normalized_degree|time_since_last_tx|consecutive_tx_attempts|congestion_ewma|self_information_increment,,,,,,,,,,,,,,,,0.09511703997850418,0.03074539825320244,0.0,mpnn,5,4,16,curvature_attention_max,32,38,430400,none,normalized_version_gap_with_gain,,4304.0,0.478956013917923,0.478956013917923,0.3448079228401184,,,,,0.5,0.0,,,,0.09511703997850418,0.03074539825320244,0.039603471755981445,0.058867496252059934,0.09098368883132935,0.13741423189640045,0.2256389856338501,0.030478766188025475,0.03074539825320244,0.017478659749031067
316,7.008482568785548,0.09612499986309558,0.09654943909853134,0.1,-0.003450560901468669,-0.03450560556412613,-0.03450560556412613,0.0945868194103241,0.0,0.0,False,5.16458458150737e-05,1.9440456628799438,0.30937767028808594,-1.4275779903982766e-05,0.0,0.05,0.0022952640429139137,0.8,1.784370283530734e-06,0.00020095422223675996,0.020138079300522804,0.03094036690890789,0.011516954749822617,8.544921570319275e-08,0.9999991655349731,7.3314528465271,node_conditioned,25,True,True,False,-68.01168823242188,3.5318193435668945,1.1953932046890259,1.644378423690796,0.642774760723114,1.200164556503296,-69.02517700195312,3.284775495529175,0.8665034180956259,-68.14012908935547,1.1957865953445435,0.0,0.0,0.0,0.020138079300522804,0.0,0.0,100,0.2,0.1575,0.01,970,curvature_stage2_mpnn_v3_5_edge_gain,True,,,,,normalized_degree|time_since_last_tx|consecutive_tx_attempts|congestion_ewma|self_information_increment,,,,,,,,,,,,,,,,0.0945868194103241,0.03043937124311924,0.0,mpnn,5,4,16,curvature_attention_max,32,38,388000,none,normalized_version_gap_with_gain,,3880.0,0.4542545974254608,0.4542545974254608,0.32787325978279114,,,,,0.5,0.0,,,,0.0945868194103241,0.03043937124311924,0.03980332612991333,0.0577312707901001,0.09104155004024506,0.13627909421920775,0.22283217310905457,0.03022320196032524,0.03043937124311924,0.017560122534632683
317,6.449820457324385,0.09832500002346933,0.09743721956100033,0.1,-0.0025627804389996706,-0.025627801827216523,-0.025627801827216523,0.09851137548685074,0.0,0.0,False,0.0002462708216626197,1.923383355140686,0.3188266456127167,7.205201654869597e-06,0.0,0.05,0.0016074125887826085,0.8,0.00020540214609354734,0.007962392643094063,0.012524326331913471,0.001977636944502592,0.0086191575974226,1.2207030941624453e-08,0.9999992251396179,7.7633795738220215,node_conditioned,25,True,True,False,-67.9457015991211,3.294480800628662,1.053778052330017,1.5048500299453735,0.6418381333351135,1.3300875425338745,-67.97053527832031,2.8067924976348877,0.7754361445812914,-67.31427764892578,0.8617770671844482,0.0,0.0,0.0,0.012524326331913471,0.0,0.0,100,0.2,0.1625,0.01,1080,curvature_stage2_mpnn_v3_5_edge_gain,True,,,,,normalized_degree|time_since_last_tx|consecutive_tx_attempts|congestion_ewma|self_information_increment,,,,,,,,,,,,,,,,0.09851137548685074,0.029421396553516388,0.0,mpnn,5,4,16,curvature_attention_max,32,38,432000,none,normalized_version_gap_with_gain,,4320.0,0.48109522461891174,0.48109522461891174,0.3534580171108246,,,,,0.5,0.0,,,,0.09851137548685074,0.029421396553516388,0.03988882899284363,0.06305551826953888,0.09465765953063965,0.1390008509159088,0.2243644893169403,0.02918144501745701,0.029421396553516388,0.01358940452337265
318,6.7849835987761615,0.09587499995715916,0.09665610975907975,0.1,-0.003343890240920258,-0.03343889906531267,-0.03343889906531267,0.09733317792415619,0.0,0.0,False,0.00016203326231334358,1.1597195863723755,0.3144379258155823,9.923980542225763e-06,0.0,0.05,0.001467111986130476,0.8,0.00012203337246319279,0.004424119833856821,0.017131324857473373,0.007870453409850597,0.0050390842370688915,1.831054774470431e-08,0.9999990463256836,8.714556694030762,node_conditioned,25,True,True,False,-68.30014038085938,3.533372163772583,1.1758813858032227,1.4503556489944458,0.6178134679794312,1.02073073387146,-68.96276092529297,3.1895411014556885,0.8975844271535143,-70.02332305908203,1.1428577899932861,0.0,0.0,0.0,0.017131324857473373,0.0,0.0,100,0.2,0.16,0.02,940,curvature_stage2_mpnn_v3_5_edge_gain,True,,,,,normalized_degree|time_since_last_tx|consecutive_tx_attempts|congestion_ewma|self_information_increment,,,,,,,,,,,,,,,,0.09733317792415619,0.03216946870088577,0.0,mpnn,5,4,16,curvature_attention_max,32,38,376000,none,normalized_version_gap_with_gain,,3760.0,0.4525235891342163,0.4525235891342163,0.3225395381450653,,,,,0.5,0.0,,,,0.09733317792415619,0.03216946870088577,0.04008084535598755,0.05853280127048492,0.09330257773399353,0.14176603555679324,0.22864386439323425,0.03188188374042511,0.03216946870088577,0.018708854913711548
319,6.773847971856594,0.09982500002253801,0.09824055489080888,0.1,-0.0017594451091911267,-0.017594449332466334,-0.017594449332466334,0.09963175654411316,0.0,0.0,False,0.0003745472349692136,1.3768393993377686,0.3186810612678528,-3.8112412426016817e-07,0.0,0.05,0.0018020978895947337,0.8,0.0002889467286877334,0.010469162836670876,0.016368823125958443,0.017779767513275146,0.006672604940831661,-4.882812376649781e-08,0.9999992847442627,9.367995262145996,node_conditioned,25,True,True,False,-69.07781982421875,3.3419744968414307,1.1124495267868042,1.5400160551071167,0.6418771147727966,1.158327341079712,-69.51844787597656,2.7959718704223633,0.8283684722812574,-69.5481948852539,1.0931403636932373,0.0,0.0,0.0,0.016368823125958443,0.0,0.0,100,0.2,0.1625,0.02,904,curvature_stage2_mpnn_v3_5_edge_gain,True,,,,,normalized_degree|time_since_last_tx|consecutive_tx_attempts|congestion_ewma|self_information_increment,,,,,,,,,,,,,,,,0.09963175654411316,0.032332465052604675,0.0,mpnn,5,4,16,curvature_attention_max,32,38,361600,none,normalized_version_gap_with_gain,,3616.0,0.4456233084201813,0.4456233084201813,0.3144528567790985,,,,,0.5,0.0,,,,0.09963175654411316,0.032332465052604675,0.03977254033088684,0.060808873176574706,0.09543843567371368,0.14466299265623092,0.23015940189361572,0.03207414224743843,0.032332465052604675,0.018309159204363823
320,6.592149738930166,0.09467499986290932,0.0964577773768591,0.1,-0.0035422226231409115,-0.03542222268918684,-0.03542222268918684,0.0971423089504242,0.0,0.0,False,7.901620847405866e-05,1.21049165725708,0.3125547766685486,-1.0159209296034533e-06,0.0,0.05,0.0012410497292876244,0.8,1.6231299014179967e-05,0.0011599756544455886,0.015067716129124165,0.012265210039913654,0.0022687423042953014,-6.103515470812226e-09,0.9999990463256836,10.464688301086426,node_conditioned,25,True,True,False,-69.42597198486328,3.437938690185547,1.291982889175415,1.5948561429977417,0.6055944561958313,1.0738539695739746,-69.54182434082031,2.8387467861175537,0.8569008160657984,-70.65275573730469,1.278573751449585,0.0,0.0,0.0,0.015067716129124165,0.0,0.0,100,0.2,0.145,0.0,878,curvature_stage2_mpnn_v3_5_edge_gain,True,,,,,normalized_degree|time_since_last_tx|consecutive_tx_attempts|congestion_ewma|self_information_increment,,,,,,,,,,,,,,,,0.0971423089504242,0.03325922414660454,0.0,mpnn,5,4,16,curvature_attention_max,32,38,351200,none,normalized_version_gap_with_gain,,3512.0,0.4578980505466461,0.4578980505466461,0.3197266757488251,,,,,0.5,0.0,,,,0.0971423089504242,0.03325922414660454,0.03950035572052002,0.057388514280319214,0.09355026483535767,0.1418345957994461,0.23088118433952332,0.03304733335971832,0.03325922414660454,0.020514018833637238
321,6.9648500033468,0.09804999995976686,0.09725388866831297,0.1,-0.0027461113316870345,-0.027461110570759287,-0.027461110570759287,0.09653344005346298,0.0,0.0,False,6.939990271348506e-05,1.7086187601089478,0.31247490644454956,-6.556220341735752e-06,0.0,0.05,0.001446562702767551,0.8,3.119652683380991e-05,0.0019572132732719183,0.018548060208559036,0.018715260550379753,0.005824906751513481,2.4414061883248905e-08,0.9999992251396179,8.967440605163574,node_conditioned,25,True,True,False,-70.09539794921875,3.3434457778930664,1.198814034461975,1.517575979232788,0.6321992874145508,1.2636773586273193,-70.70980072021484,2.640932559967041,0.771040975633679,-71.6296615600586,1.0587475299835205,0.0,0.0,0.0,0.018548060208559036,0.0,0.0,100,0.2,0.1525,0.01,944,curvature_stage2_mpnn_v3_5_edge_gain,True,,,,,normalized_degree|time_since_last_tx|consecutive_tx_attempts|congestion_ewma|self_information_increment,,,,,,,,,,,,,,,,0.09653344005346298,0.032285574823617935,0.0,mpnn,5,4,16,curvature_attention_max,32,38,377600,none,normalized_version_gap_with_gain,,3776.0,0.44700711965560913,0.44700711965560913,0.3215731382369995,,,,,0.5,0.0,,,,0.09653344005346298,0.032285574823617935,0.040072083473205566,0.05873917937278748,0.09231613576412201,0.1403834044933319,0.22843432426452637,0.03203045204281807,0.032285574823617935,0.01971626654267311
322,6.160367178879678,0.09430000004824252,0.09577694435827774,0.1,-0.004223055641722262,-0.0422305521941674,-0.0422305521941674,0.09591574966907501,0.0,0.0,False,4.103632818441838e-05,1.795128345489502,0.31212887167930603,1.4351126992551144e-05,0.0,0.05,0.0013572456082329154,0.8,1.7558812032802962e-05,0.0014080776600167155,0.014249070547521114,0.012806820683181286,0.0013057297328487039,3.356933575560106e-08,0.9999992251396179,9.592696189880371,node_conditioned,25,True,True,False,-69.50092315673828,3.297116756439209,1.1521978378295898,1.4726697206497192,0.6336596012115479,1.1685680150985718,-68.9043960571289,2.8073360919952393,0.8267316588536563,-71.57270812988281,1.0362573862075806,0.0,0.0,0.0,0.014249070547521114,0.0,0.0,100,0.2,0.1375,0.0,970,curvature_stage2_mpnn_v3_5_edge_gain,True,,,,,normalized_degree|time_since_last_tx|consecutive_tx_attempts|congestion_ewma|self_information_increment,,,,,,,,,,,,,,,,0.09591574966907501,0.030614662915468216,0.0,mpnn,5,4,16,curvature_attention_max,32,38,388000,none,normalized_version_gap_with_gain,,3880.0,0.4778544306755066,0.4778544306755066,0.3332749903202057,,,,,0.5,0.0,,,,0.09591574966907501,0.030614662915468216,0.040176063776016235,0.05843317806720734,0.09225644171237946,0.1399362251162529,0.1959911286830902,0.030345935374498367,0.030614662915468216,0.016003213822841644
323,6.600170955918729,0.09712500003166497,0.09645097219497135,0.1,-0.003549027805028651,-0.035490274501259064,-0.035490274501259064,0.0970749780535698,0.0,0.0,False,9.47676453506574e-05,1.836578369140625,0.3150976002216339,-2.5347337668790715e-06,0.0,0.05,0.001139368279837072,0.8,9.15834098123014e-05,0.003625263459980488,0.021210256963968277,0.011348254978656769,0.000618241261690855,6.103515470812226e-09,0.9999992847442627,7.540960788726807,node_conditioned,25,True,True,False,-70.078857421875,3.4728386402130127,1.0363290309906006,1.5171226263046265,0.6227844953536987,1.3480737209320068,-70.12252807617188,2.9592983722686768,0.7924848815630045,-71.42707061767578,1.0910276174545288,0.0,0.0,0.0,0.021210256963968277,0.0,0.0,100,0.2,0.1525,0.01,1086,curvature_stage2_mpnn_v3_5_edge_gain,True,,,,,normalized_degree|time_since_last_tx|consecutive_tx_attempts|congestion_ewma|self_information_increment,,,,,,,,,,,,,,,,0.0970749780535698,0.02977728098630905,0.0,mpnn,5,4,16,curvature_attention_max,32,38,434400,none,normalized_version_gap_with_gain,,4344.0,0.4706406891345978,0.4706406891345978,0.3357385993003845,,,,,0.5,0.0,,,,0.0970749780535698,0.02977728098630905,0.04020160436630249,0.06057513356208801,0.09399638324975967,0.13745301365852355,0.22927942872047424,0.02947622537612915,0.02977728098630905,0.014188360422849655
324,6.46702677488327,0.10134999981150031,0.09890048600323584,0.1,-0.0010995139967641676,-0.01099513886812779,-0.01099513886812779,0.1002403050661087,0.0,0.0,False,0.0003354922810103744,1.6945507526397705,0.3191143274307251,-7.608281293869368e-08,0.0,0.05,0.000928988738451153,0.8,0.0002902391424868256,0.011850490234792233,0.015660131350159645,0.030374450609087944,0.0007589554297737777,2.4414061883248905e-08,0.9999992847442627,8.589072227478027,node_conditioned,25,True,True,False,-69.7764892578125,3.3040618896484375,1.2229467630386353,1.550513505935669,0.6452211737632751,1.3129243850708008,-69.55885314941406,2.417114496231079,0.7049572414448209,-70.04486846923828,1.3323742151260376,0.0,0.0,0.0,0.015660131350159645,0.0,0.0,100,0.2,0.1525,0.02,956,curvature_stage2_mpnn_v3_5_edge_gain,True,,,,,normalized_degree|time_since_last_tx|consecutive_tx_attempts|congestion_ewma|self_information_increment,,,,,,,,,,,,,,,,0.1002403050661087,0.034583378583192825,0.0,mpnn,5,4,16,curvature_attention_max,32,38,382400,none,normalized_version_gap_with_gain,,3824.0,0.4434609115123749,0.4434609115123749,0.3128291666507721,,,,,0.5,0.0,,,,0.1002403050661087,0.034583378583192825,0.04055503010749817,0.05875370502471924,0.0962098091840744,0.1480732262134552,0.2349107265472412,0.034350164234638214,0.034583378583192825,0.021618612110614777
325,6.831524998173117,0.1006749999942258,0.09978774299873082,0.1,-0.00021225700126918656,-0.0021225698004348854,-0.0021225698004348854,0.1006193459033966,0.0,0.0,False,0.0003477032296359539,1.6012773513793945,0.31835174560546875,1.0233055945718661e-05,0.0,0.05,0.0010348137002438307,0.8,0.00021769104932900518,0.009286164306104183,0.024791639298200607,0.035532593727111816,0.000571481476072222,-6.103515470812226e-09,0.9999992251396179,9.305427551269531,node_conditioned,25,True,True,False,-70.23162841796875,3.45432186126709,1.1877461671829224,1.6024529933929443,0.6215322613716125,1.1990450620651245,-70.62696075439453,2.9852616786956787,0.8386733247849776,-71.68777465820312,1.0500975847244263,0.0,0.0,0.0,0.024791639298200607,0.0,0.0,100,0.2,0.1625,0.04,1032,curvature_stage2_mpnn_v3_5_edge_gain,True,,,,,normalized_degree|time_since_last_tx|consecutive_tx_attempts|congestion_ewma|self_information_increment,,,,,,,,,,,,,,,,0.1006193459033966,0.03354906290769577,0.0,mpnn,5,4,16,curvature_attention_max,32,38,412800,none,normalized_version_gap_with_gain,,4128.0,0.4690287411212921,0.4690287411212921,0.33595651388168335,,,,,0.5,0.0,,,,0.1006193459033966,0.03354906290769577,0.03987070918083191,0.06059435307979583,0.09706416726112366,0.14548830091953274,0.23700621724128723,0.03328801691532135,0.03354906290769577,0.020017046481370926
326,6.227888902314008,0.099974999926053,0.0998813714623919,0.1,-0.00011862853760810643,-0.0011862852574525385,-0.0011862852574525385,0.09892284870147705,0.0,0.0,False,0.00023162123397924006,1.8309683799743652,0.31530600786209106,1.828751919674687e-05,0.0,0.05,0.001503653242252767,0.8,8.878108928911388e-05,0.003963485825806856,0.0183128472417593,0.005566246807575226,0.002946092514321208,-2.4414061883248905e-08,0.9999992847442627,8.618358612060547,node_conditioned,25,True,True,False,-69.39714050292969,3.2760040760040283,1.1284782886505127,1.3992347717285156,0.6364355087280273,1.2891672849655151,-68.853759765625,2.6719887256622314,0.767218026160591,-69.73170471191406,1.0975345373153687,0.0,0.0,0.0,0.0183128472417593,0.0,0.0,100,0.2,0.1425,0.0,980,curvature_stage2_mpnn_v3_5_edge_gain,True,,,,,normalized_degree|time_since_last_tx|consecutive_tx_attempts|congestion_ewma|self_information_increment,,,,,,,,,,,,,,,,0.09892284870147705,0.03170518949627876,0.0,mpnn,5,4,16,curvature_attention_max,32,38,392000,none,normalized_version_gap_with_gain,,3920.0,0.47019898891448975,0.47019898891448975,0.3314077854156494,,,,,0.5,0.0,,,,0.09892284870147705,0.03170518949627876,0.03977435827255249,0.060988029837608336,0.09503010660409927,0.14211999773979186,0.2309822142124176,0.03145967796444893,0.03170518949627876,0.016780933365225792
327,6.648938622027636,0.09767500024288893,0.09877818585264042,0.1,-0.0012218141473595845,-0.01221814025178182,-0.01221814025178182,0.09550584107637405,0.0,0.0,False,0.0001015921079670079,2.04171085357666,0.3093751072883606,5.847612555953674e-06,0.0,0.05,0.0016801035962998867,0.8,7.918957635411061e-06,0.0006456178380176425,0.014632541686296463,0.01605117879807949,0.004987293388694525,3.662109548940862e-08,0.9999993443489075,7.470277309417725,node_conditioned,25,True,True,False,-69.5316162109375,3.4011452198028564,1.056978702545166,1.324131727218628,0.6080270409584045,1.3961677551269531,-69.69586181640625,3.1609408855438232,0.8049066199701784,-70.22359466552734,1.125247597694397,0.0,0.0,0.0,0.014632541686296463,0.0,0.0,100,0.2,0.16,0.02,978,curvature_stage2_mpnn_v3_5_edge_gain,True,,,,,normalized_degree|time_since_last_tx|consecutive_tx_attempts|congestion_ewma|self_information_increment,,,,,,,,,,,,,,,,0.09550584107637405,0.03047788329422474,0.0,mpnn,5,4,16,curvature_attention_max,32,38,391200,none,normalized_version_gap_with_gain,,3912.0,0.47219884395599365,0.47219884395599365,0.3338281810283661,,,,,0.5,0.0,,,,0.09550584107637405,0.03047788329422474,0.03981134295463562,0.058680969476699825,0.09180258214473724,0.13658543527126313,0.23416611552238464,0.03017406538128853,0.03047788329422474,0.0156319048255682
328,6.647210099436343,0.09894999968819321,0.09886409277041681,0.1,-0.0011359072295831912,-0.011359071159924796,-0.011359071159924796,0.0998992994427681,0.0,0.0,False,0.0003000166325364262,1.471469521522522,0.318952739238739,-1.680626724009926e-06,0.0,0.05,0.0015390849439427257,0.8,0.00021212488354649395,0.009279830381274223,0.018865780904889107,0.015192416496574879,0.00589378084987402,-3.662109548940862e-08,0.9999992251396179,8.230475425720215,node_conditioned,25,True,True,False,-70.09857177734375,3.6427175998687744,1.1233772039413452,1.4978370666503906,0.598490834236145,1.2130091190338135,-70.16695404052734,3.3592441082000732,0.8696097896323419,-70.0447006225586,1.1182235479354858,0.0,0.0,0.0,0.018865780904889107,0.0,0.0,100,0.2,0.17,0.04,1006,curvature_stage2_mpnn_v3_5_edge_gain,True,,,,,normalized_degree|time_since_last_tx|consecutive_tx_attempts|congestion_ewma|self_information_increment,,,,,,,,,,,,,,,,0.0998992994427681,0.03204473480582237,0.0,mpnn,5,4,16,curvature_attention_max,32,38,402400,none,normalized_version_gap_with_gain,,4024.0,0.4670785069465637,0.4670785069465637,0.3320278823375702,,,,,0.5,0.0,,,,0.0998992994427681,0.03204473480582237,0.040849655866622925,0.061099112033843994,0.09681031107902527,0.14202874600887297,0.23050463199615479,0.03181072324514389,0.03204473480582237,0.017509955912828445
329,6.44308080881834,0.09754999994765967,0.09820704635903824,0.1,-0.0017929536409617697,-0.017929534616664234,-0.017929534616664234,0.09636356681585312,0.0,0.0,False,0.00011618225835263729,1.3670297861099243,0.31171947717666626,-9.546731689624721e-07,0.0,0.05,0.0018420331180095673,0.8,3.130716868326999e-05,0.0017667805077508092,0.02106672152876854,0.020215585827827454,0.006362759042531252,5.187988350030537e-08,0.9999992251396179,9.184324264526367,node_conditioned,25,True,True,False,-69.14978790283203,3.2319397926330566,1.104380488395691,1.548822283744812,0.619478166103363,1.17234206199646,-69.04219055175781,2.7326552867889404,0.8159486488117639,-70.42752075195312,1.2095739841461182,0.0,0.0,0.0,0.02106672152876854,0.0,0.0,100,0.2,0.16,0.03,932,curvature_stage2_mpnn_v3_5_edge_gain,True,,,,,normalized_degree|time_since_last_tx|consecutive_tx_attempts|congestion_ewma|self_information_increment,,,,,,,,,,,,,,,,0.09636356681585312,0.031109469011425972,0.0,mpnn,5,4,16,curvature_attention_max,32,38,372800,none,normalized_version_gap_with_gain,,3728.0,0.44978365302085876,0.44978365302085876,0.31455695629119873,,,,,0.5,0.0,,,,0.09636356681585312,0.031109469011425972,0.03916206955909729,0.05903044641017914,0.0928264707326889,0.13813151121139525,0.2338833212852478,0.03082025609910488,0.031109469011425972,0.01659304089844227
330,6.346648733466863,0.09865000000223517,0.0984285231806367,0.1,-0.0015714768193633016,-0.015714766622156356,-0.015714766622156356,0.09908939152956009,0.0,0.0,False,0.0003076297289226204,1.4585728645324707,0.31806597113609314,1.288471139559988e-06,0.0,0.05,0.0016781105659902096,0.8,0.00023461438831873238,0.00857872236520052,0.017640158534049988,0.010390674695372581,0.005800892133265734,-1.831054774470431e-08,0.9999992251396179,9.236255645751953,node_conditioned,25,True,True,False,-69.20374298095703,3.130034923553467,1.0297373533248901,1.3903720378875732,0.6018036007881165,1.2099965810775757,-68.87675476074219,2.589273452758789,0.7816202368617499,-69.7816390991211,1.021087646484375,0.0,0.0,0.0,0.017640158534049988,0.0,0.0,100,0.2,0.1625,0.01,1056,curvature_stage2_mpnn_v3_5_edge_gain,True,,,,,normalized_degree|time_since_last_tx|consecutive_tx_attempts|congestion_ewma|self_information_increment,,,,,,,,,,,,,,,,0.09908939152956009,0.030964557081460953,0.0,mpnn,5,4,16,curvature_attention_max,32,38,422400,none,normalized_version_gap_with_gain,,4224.0,0.4891337752342224,0.4891337752342224,0.3499692678451538,,,,,0.5,0.0,,,,0.09908939152956009,0.030964557081460953,0.04074966907501221,0.06175111532211303,0.09587745368480682,0.14002231061458587,0.23350444436073303,0.03068658523261547,0.030964557081460953,0.015168129466474056
331,6.6602495059743525,0.09344999982509762,0.09593926150286716,0.1,-0.004060738497132843,-0.04060738091059034,-0.04060738091059034,0.0961049348115921,0.0,0.0,False,7.08529696566984e-05,1.521884799003601,0.31079086661338806,3.5301275147503475e-06,0.0,0.05,0.0011734162690117955,0.8,2.0287619918235578e-05,0.0009503912879154086,0.015278482809662819,0.013220228254795074,0.001984689850360155,1.2207030941624453e-08,0.9999991655349731,8.26363468170166,node_conditioned,25,True,True,False,-68.82230377197266,3.2983357906341553,1.0719342231750488,1.3603172302246094,0.577487051486969,1.162294864654541,-69.17916870117188,2.9933104515075684,0.8492250626047871,-70.86290740966797,1.0913081169128418,0.0,0.0,0.0,0.015278482809662819,0.0,0.0,100,0.2,0.1475,0.0,1012,curvature_stage2_mpnn_v3_5_edge_gain,True,,,,,normalized_degree|time_since_last_tx|consecutive_tx_attempts|congestion_ewma|self_information_increment,,,,,,,,,,,,,,,,0.0961049348115921,0.03224905580282211,0.0,mpnn,5,4,16,curvature_attention_max,32,38,404800,none,normalized_version_gap_with_gain,,4048.0,0.46640247106552124,0.46640247106552124,0.33395978808403015,,,,,0.5,0.0,,,,0.0961049348115921,0.03224905580282211,0.03954002261161804,0.05702950954437256,0.09253303706645966,0.14091215431690216,0.22940266132354736,0.031990766525268555,0.03224905580282211,0.01874908059835434
332,6.784334863014519,0.0925249998876825,0.09423213069527483,0.1,-0.0057678693047251706,-0.057678687279382974,-0.057678687279382974,0.09409479796886444,0.0,0.0,False,2.5174671463901177e-05,1.4283356666564941,0.30755823850631714,6.360637598845642e-06,0.0,0.05,0.0010701491264626384,0.8,3.936499979317887e-06,0.0002793192397803068,0.015832358971238136,0.017179101705551147,0.002355904784053564,-6.103515914901436e-08,0.9999991059303284,8.409280776977539,node_conditioned,25,True,True,False,-68.96051025390625,3.2838408946990967,1.084256649017334,1.4104498624801636,0.6362685561180115,1.1619203090667725,-69.4288558959961,2.7206077575683594,0.8176017104860711,-69.4134750366211,0.9107828736305237,0.0,0.0,0.0,0.015832358971238136,0.0,0.0,100,0.2,0.1425,0.0,1018,curvature_stage2_mpnn_v3_5_edge_gain,True,,,,,normalized_degree|time_since_last_tx|consecutive_tx_attempts|congestion_ewma|self_information_increment,,,,,,,,,,,,,,,,0.09409479796886444,0.03053770586848259,0.0,mpnn,5,4,16,curvature_attention_max,32,38,407200,none,normalized_version_gap_with_gain,,4072.0,0.45446717739105225,0.45446717739105225,0.32843017578125,,,,,0.5,0.0,,,,0.09409479796886444,0.03053770586848259,0.039355676621198654,0.05702883005142212,0.0908251404762268,0.13605336546897887,0.19982731342315674,0.030277257785201073,0.03053770586848259,0.016174769029021263
333,6.514502527974546,0.0981500000320375,0.09619106536365617,0.1,-0.0038089346363438387,-0.03808934255450413,-0.03808934255450413,0.09893191605806351,0.0,0.0,False,0.00025209912564605474,1.4254460334777832,0.31768208742141724,8.149633686116431e-06,0.0,0.05,0.0011652437970042229,0.8,0.00021854396618437022,0.008320088498294353,0.017577650025486946,0.008841879665851593,0.002783430041745305,-1.2207030941624453e-08,0.9999992251396179,9.302385330200195,node_conditioned,25,True,True,False,-69.19906616210938,3.2424607276916504,1.1091911792755127,1.5398399829864502,0.6277242302894592,1.1712180376052856,-69.15839385986328,2.841864824295044,0.8301487690898239,-69.53427124023438,1.0471588373184204,0.0,0.0,0.0,0.017577650025486946,0.0,0.0,100,0.2,0.1675,0.01,902,curvature_stage2_mpnn_v3_5_edge_gain,True,,,,,normalized_degree|time_since_last_tx|consecutive_tx_attempts|congestion_ewma|self_information_increment,,,,,,,,,,,,,,,,0.09893191605806351,0.03234139084815979,0.0,mpnn,5,4,16,curvature_attention_max,32,38,360800,none,normalized_version_gap_with_gain,,3608.0,0.4502158761024475,0.4502158761024475,0.3142496645450592,,,,,0.5,0.0,,,,0.09893191605806351,0.03234139084815979,0.039772868156433105,0.06023330837488174,0.09476073086261749,0.14201980531215666,0.23298656940460205,0.0320873036980629,0.03234139084815979,0.017445845529437065
334,6.631349761746824,0.09662500000093133,0.09640803268229375,0.1,-0.0035919673177062517,-0.03591966958509556,-0.03591966958509556,0.09694117307662964,0.0,0.0,False,6.449113425333053e-05,1.658544898033142,0.31345757842063904,1.500454573033494e-06,0.0,0.05,0.001131129334680736,0.8,2.8448590455809608e-05,0.0018985207425430417,0.019530486315488815,0.015255756676197052,0.0019783885218203068,-1.831054774470431e-08,0.9999992251396179,8.303326606750488,node_conditioned,25,True,True,False,-69.47400665283203,3.2551608085632324,1.0445756912231445,1.3459655046463013,0.6098491549491882,1.285779595375061,-69.62174987792969,2.790675163269043,0.787717338195254,-70.6639404296875,1.2308847904205322,0.0,0.0,0.0,0.019530486315488815,0.0,0.0,100,0.2,0.1375,0.0,892,curvature_stage2_mpnn_v3_5_edge_gain,True,,,,,normalized_degree|time_since_last_tx|consecutive_tx_attempts|congestion_ewma|self_information_increment,,,,,,,,,,,,,,,,0.09694117307662964,0.030779486522078514,0.0,mpnn,5,4,16,curvature_attention_max,32,38,356800,none,normalized_version_gap_with_gain,,3568.0,0.4437556862831116,0.4437556862831116,0.30591726303100586,,,,,0.5,0.0,,,,0.09694117307662964,0.030779486522078514,0.039679378271102905,0.05980227291584015,0.093376025557518,0.13975965976715088,0.19882741570472717,0.030523717403411865,0.030779486522078514,0.015116685070097446
335,6.549282826967538,0.09765000004786999,0.09702901636508188,0.1,-0.0029709836349181284,-0.029709833378197947,-0.029709833378197947,0.0994386076927185,0.0,0.0,False,0.00036120141157880425,1.7595312595367432,0.3175472021102905,-1.3755873169429833e-06,0.0,0.05,0.0012524672783911228,0.8,0.0002942750579677522,0.009938916191458702,0.012776031158864498,0.02777952514588833,0.001558284624479711,6.103515470812226e-09,0.9999992847442627,7.746522903442383,node_conditioned,25,True,True,False,-69.71438598632812,3.3888072967529297,1.0874226093292236,1.6275883913040161,0.6409122943878174,1.3281973600387573,-69.70153045654297,2.658118486404419,0.7503241413897452,-70.73123168945312,1.040246844291687,0.0,0.0,0.0,0.012776031158864498,0.0,0.0,100,0.2,0.1725,0.02,998,curvature_stage2_mpnn_v3_5_edge_gain,True,,,,,normalized_degree|time_since_last_tx|consecutive_tx_attempts|congestion_ewma|self_information_increment,,,,,,,,,,,,,,,,0.0994386076927185,0.03333243727684021,0.0,mpnn,5,4,16,curvature_attention_max,32,38,399200,none,normalized_version_gap_with_gain,,3992.0,0.4450509548187256,0.4450509548187256,0.32331404089927673,,,,,0.5,0.0,,,,0.0994386076927185,0.03333243727684021,0.03973686695098877,0.059872567653656006,0.09596584737300873,0.14315755665302274,0.23681524395942688,0.03305813670158386,0.03333243727684021,0.019350221380591393
336,6.617319690156728,0.09452499999199063,0.09577700817853625,0.1,-0.0042229918214637535,-0.042229913991646134,-0.042229913991646134,0.09729504585266113,0.0,0.0,False,0.00014991796342656016,1.737522840499878,0.31304365396499634,-9.411637620360125e-06,0.0,0.05,0.0013703210279345512,0.8,5.736015737056732e-05,0.002684258855879307,0.016972286626696587,0.004697839263826609,0.0006948810187168419,1.525878978725359e-08,0.9999992251396179,7.944914817810059,node_conditioned,25,True,True,False,-69.53304290771484,3.32179856300354,1.0470975637435913,1.7498412132263184,0.6144561767578125,1.3195724487304688,-69.60507202148438,2.7952158451080322,0.777138114917326,-69.47758483886719,0.9754934310913086,0.0,0.0,0.0,0.016972286626696587,0.0,0.0,100,0.2,0.155,0.01,932,curvature_stage2_mpnn_v3_5_edge_gain,True,,,,,normalized_degree|time_since_last_tx|consecutive_tx_attempts|congestion_ewma|self_information_increment,,,,,,,,,,,,,,,,0.09729504585266113,0.030788326635956764,0.0,mpnn,5,4,16,curvature_attention_max,32,38,372800,none,normalized_version_gap_with_gain,,3728.0,0.4460601508617401,0.4460601508617401,0.31381505727767944,,,,,0.5,0.0,,,,0.09729504585266113,0.030788326635956764,0.04077795147895813,0.059399211406707765,0.0947665423154831,0.13803620040416717,0.23376628756523132,0.03051983378827572,0.030788326635956764,0.015303135849535465
337,6.480639391615987,0.09545000012032688,0.09561350414943157,0.1,-0.004386495850568439,-0.04386495411918898,-0.04386495411918898,0.09503979980945587,0.0,0.0,False,3.0552560929208994e-05,1.513064980506897,0.30920687317848206,-4.3365844248910435e-07,0.0,0.05,0.001058114692568779,0.8,5.868878929504717e-07,9.759644308360294e-05,0.022835880517959595,0.02365276589989662,0.0012890021316707134,0.0,0.9999992251396179,8.233203887939453,node_conditioned,25,True,True,False,-69.3591079711914,3.3044590950012207,1.0562690496444702,1.3965429067611694,0.6063757538795471,1.2322829961776733,-69.27220916748047,3.0345993041992188,0.8351009258096516,-69.94656372070312,0.9361056089401245,0.0,0.0,0.0,0.022835880517959595,0.0,0.0,100,0.2,0.17,0.02,1028,curvature_stage2_mpnn_v3_5_edge_gain,True,,,,,normalized_degree|time_since_last_tx|consecutive_tx_attempts|congestion_ewma|self_information_increment,,,,,,,,,,,,,,,,0.09503979980945587,0.030635295435786247,0.0,mpnn,5,4,16,curvature_attention_max,32,38,411200,none,normalized_version_gap_with_gain,,4112.0,0.46640998125076294,0.46640998125076294,0.33059173822402954,,,,,0.5,0.0,,,,0.09503979980945587,0.030635295435786247,0.03924950957298279,0.057948293164372444,0.09142552316188812,0.13689657747745512,0.23069965839385986,0.030383776873350143,0.030635295435786247,0.015317408367991447
338,5.980151756331325,0.09967499983962626,0.09764425199452892,0.1,-0.0023557480054710866,-0.023557477698963096,-0.023557477698963096,0.09912284463644028,0.0,0.0,False,0.00023866888659540564,1.6700472831726074,0.31822144985198975,-2.3754755602567457e-06,0.0,0.05,0.001134087098762393,0.8,0.00019815715495496988,0.00823329295963049,0.01455027423799038,0.012213828042149544,0.0031789569184184074,4.882812376649781e-08,0.9999992251396179,8.973322868347168,node_conditioned,25,True,True,False,-68.71710205078125,2.9878222942352295,1.0434514284133911,1.3624666929244995,0.6267856955528259,1.223091959953308,-67.91686248779297,2.5959267616271973,0.7780100012047149,-70.94584655761719,1.2378795146942139,0.0,0.0,0.0,0.01455027423799038,0.0,0.0,100,0.2,0.1525,0.01,1030,curvature_stage2_mpnn_v3_5_edge_gain,True,,,,,normalized_degree|time_since_last_tx|consecutive_tx_attempts|congestion_ewma|self_information_increment,,,,,,,,,,,,,,,,0.09912284463644028,0.031498901546001434,0.0,mpnn,5,4,16,curvature_attention_max,32,38,412000,none,normalized_version_gap_with_gain,,4120.0,0.4649839997291565,0.4649839997291565,0.3317723274230957,,,,,0.5,0.0,,,,0.09912284463644028,0.031498901546001434,0.03972324728965759,0.06100788116455078,0.09561891853809357,0.1411816209554672,0.23000025749206543,0.031210970133543015,0.031498901546001434,0.015512845478951931
339,6.09737728420645,0.09785000000614673,0.09774712600033783,0.1,-0.002252873999662175,-0.022528737743747976,-0.022528737743747976,0.09771288931369781,0.0,0.0,False,0.0001163390843430534,1.1135514974594116,0.3144504427909851,4.6946564680183656e-07,0.0,0.05,0.0010783327743411064,0.8,7.399776222882792e-05,0.003463603788986802,0.02246882952749729,0.01005830243229866,0.0009678667993284762,-1.5258788677030566e-09,0.9999991655349731,9.691445350646973,node_conditioned,25,True,True,False,-68.30145263671875,3.090320348739624,1.0586415529251099,1.3629190921783447,0.5745320320129395,1.0823719501495361,-67.74005126953125,2.475252389907837,0.808788447992826,-69.6403579711914,0.9737086892127991,0.0,0.0,0.0,0.02246882952749729,0.0,0.0,100,0.2,0.1575,0.01,1014,curvature_stage2_mpnn_v3_5_edge_gain,True,,,,,normalized_degree|time_since_last_tx|consecutive_tx_attempts|congestion_ewma|self_information_increment,,,,,,,,,,,,,,,,0.09771288931369781,0.0321350172162056,0.0,mpnn,5,4,16,curvature_attention_max,32,38,405600,none,normalized_version_gap_with_gain,,4056.0,0.47682222723960876,0.47682222723960876,0.3348710536956787,,,,,0.5,0.0,,,,0.09771288931369781,0.0321350172162056,0.03937935829162598,0.05821174681186676,0.09441046416759491,0.14193264842033385,0.21067604422569275,0.03188079223036766,0.0321350172162056,0.01708046905696392
340,6.5793148985505105,0.10320000002160669,0.10047356301097227,0.1,0.00047356301097226106,0.0047356296361596465,0.0047356296361596465,0.10037398338317871,0.0,4.735629636159647e-05,False,0.0003762787382584065,1.1986701488494873,0.3193058371543884,9.368960490974132e-06,0.0,0.05,0.001337159308604896,0.8,0.00029074400663375854,0.011254833079874516,0.02068202570080757,0.026063095778226852,0.004340762738138437,0.0,0.999998927116394,9.78923225402832,node_conditioned,25,True,True,False,-68.43577575683594,3.119912624359131,1.1374112367630005,1.4879802465438843,0.5964580774307251,0.9746156930923462,-68.63011169433594,2.647383213043213,0.8644706934316795,-69.09012603759766,1.1051095724105835,0.0,0.0,0.0,0.02068202570080757,0.0,0.0,100,0.2,0.1675,0.04,1036,curvature_stage2_mpnn_v3_5_edge_gain,True,,,,,normalized_degree|time_since_last_tx|consecutive_tx_attempts|congestion_ewma|self_information_increment,,,,,,,,,,,,,,,,0.10037398338317871,0.033369001001119614,0.0,mpnn,5,4,16,curvature_attention_max,32,38,414400,none,normalized_version_gap_with_gain,,4144.0,0.47505971789360046,0.47505971789360046,0.3424031436443329,,,,,0.5,0.0,,,,0.10037398338317871,0.033369001001119614,0.03934758901596069,0.060126578807830816,0.09616392850875854,0.14604761898517607,0.23236393928527832,0.033145297318696976,0.033369001001119614,0.01843656599521637
341,6.230066168904305,0.10025000001769513,0.1003617815143337,0.1,0.0003617815143336922,0.003617814781555444,0.003617814781555444,0.10094817727804184,4.735629636159647e-05,8.353444417715091e-05,False,0.00044887562398798764,1.4631322622299194,0.3180188536643982,-4.341700787335867e-06,0.0,0.05,0.00208106217905879,0.8,0.00029030590667389333,0.010594688355922699,0.013814223930239677,0.057759273797273636,0.0033650079276412725,2.7465819840699623e-08,0.9999992251396179,8.641277313232422,node_conditioned,25,True,True,False,-67.52228546142578,2.9604451656341553,1.143792986869812,1.5141754150390625,0.5904200077056885,1.2153699398040771,-67.27999114990234,2.521949529647827,0.7677561817993268,-69.03295135498047,1.0631238222122192,3.306294615867955e-08,1.415726546838414e-05,4.548771903500892e-05,0.013814223930239677,1.1445118616393302e-05,0.0008285018680145319,100,0.2,0.17,0.01,928,curvature_stage2_mpnn_v3_5_edge_gain,True,,,,,normalized_degree|time_since_last_tx|consecutive_tx_attempts|congestion_ewma|self_information_increment,,,,,,,,,,,,,,,,0.10094817727804184,0.03391867130994797,0.0,mpnn,5,4,16,curvature_attention_max,32,38,371200,none,normalized_version_gap_with_gain,,3712.0,0.4624858498573303,0.4624858498573303,0.3262728154659271,,,,,0.5,0.0,,,,0.10094817727804184,0.03391867130994797,0.03883117437362671,0.0593984305858612,0.09697562456130981,0.14806746244430538,0.23513484001159668,0.03363338112831116,0.03391867130994797,0.018982315436005592
342,6.261632828041911,0.10124999972991645,0.10080589062212508,0.1,0.0008058906221250772,0.00805890541536023,0.00805890541536023,0.09849309921264648,8.353444417715091e-05,0.00016412349833075322,False,0.0003269641601946205,1.0960190296173096,0.3132907748222351,4.695784446084872e-05,0.0,0.05,0.003920804243534803,0.8,4.867144889431074e-05,0.0028548776172101498,0.018010150641202927,0.0028706640005111694,0.00984321627765894,-1.0681151962899094e-08,0.9999991059303284,9.130731582641602,node_conditioned,25,True,True,False,-67.39018249511719,3.155515670776367,1.072375774383545,1.5035289525985718,0.5729103088378906,1.0569674968719482,-67.23038482666016,2.638251304626465,0.8394941276016848,-67.8432846069336,1.1314245462417603,-2.302962656131058e-07,2.5058474420802668e-05,8.025295392144471e-05,0.018010150641202927,2.0626233890652657e-05,0.0011452554089642476,100,0.2,0.1625,0.03,972,curvature_stage2_mpnn_v3_5_edge_gain,True,,,,,normalized_degree|time_since_last_tx|consecutive_tx_attempts|congestion_ewma|self_information_increment,,,,,,,,,,,,,,,,0.09849309921264648,0.032327380031347275,0.0,mpnn,5,4,16,curvature_attention_max,32,38,388800,none,normalized_version_gap_with_gain,,3888.0,0.4771568775177002,0.4771568775177002,0.3359173536300659,,,,,0.5,0.0,,,,0.09849309921264648,0.032327380031347275,0.0385989248752594,0.059177869558334345,0.09468124061822891,0.1405543506145477,0.22810417413711548,0.03207450732588768,0.032327380031347275,0.01720057614147663
343,6.712497726492583,0.09409999984316528,0.09745294523264518,0.1,-0.0025470547673548255,-0.025470545126493743,-0.025470545126493743,0.09491409361362457,0.00016412349833075322,0.0,False,0.00012598470493685454,1.7406715154647827,0.3079279363155365,2.0871684824896874e-08,0.0,0.05,0.0025014246348291636,0.8,1.1698177786456654e-06,0.00018019895651377738,0.02209719642996788,0.030818339437246323,0.009853614494204521,0.0,0.9999991655349731,8.079741477966309,node_conditioned,25,True,True,False,-67.47576141357422,3.0636394023895264,1.0604139566421509,1.4420628547668457,0.5865833759307861,1.196904182434082,-68.08806610107422,2.6812024116516113,0.8007218943900267,-69.38549041748047,1.388080358505249,1.336118202743819e-07,4.767008067574352e-05,0.00015757417713757604,0.02209719642996788,3.853977977996692e-05,0.0017441019027500183,100,0.2,0.14,0.0,1006,curvature_stage2_mpnn_v3_5_edge_gain,True,,,,,normalized_degree|time_since_last_tx|consecutive_tx_attempts|congestion_ewma|self_information_increment,,,,,,,,,,,,,,,,0.09491409361362457,0.031838491559028625,0.0,mpnn,5,4,16,curvature_attention_max,32,38,402400,none,normalized_version_gap_with_gain,,4024.0,0.45691564679145813,0.45691564679145813,0.3239807188510895,,,,,0.5,0.0,,,,0.09491409361362457,0.031838491559028625,0.03863188624382019,0.05599035322666168,0.09078088402748108,0.13948049247264863,0.2240343987941742,0.031592875719070435,0.031838491559028625,0.01755455881357193
344,6.737716160900891,0.09137499989476056,0.09441397256370287,0.1,-0.005586027436297131,-0.05586026877694443,-0.05586026877694443,0.09258777648210526,0.0,0.0,False,-6.969713467697147e-06,1.2715022563934326,0.30460870265960693,1.99801961571211e-05,0.0,0.05,0.0012815885711461306,0.8,1.0333743603041512e-06,9.545216016704217e-05,0.019988710060715675,0.02511735074222088,0.005405176896601915,-2.4414061883248905e-08,0.9999990463256836,8.849488258361816,node_conditioned,25,True,True,False,-67.62508392333984,3.076070547103882,1.041672706604004,1.3184773921966553,0.5682695508003235,1.0954608917236328,-68.2144775390625,2.608487367630005,0.8236334361542662,-68.51681518554688,1.328674077987671,0.0,0.0,0.0,0.019988710060715675,0.0,0.0,100,0.2,0.1575,0.01,1028,curvature_stage2_mpnn_v3_5_edge_gain,True,,,,,normalized_degree|time_since_last_tx|consecutive_tx_attempts|congestion_ewma|self_information_increment,,,,,,,,,,,,,,,,0.09258777648210526,0.031417135149240494,0.0,mpnn,5,4,16,curvature_attention_max,32,38,411200,none,normalized_version_gap_with_gain,,4112.0,0.4708749055862427,0.4708749055862427,0.3310888111591339,,,,,0.5,0.0,,,,0.09258777648210526,0.031417135149240494,0.03834465146064758,0.05481161475181579,0.08988325297832489,0.1333034336566925,0.22856712341308594,0.031181830912828445,0.031417135149240494,0.017438625916838646
345,7.256979783922434,0.09672499978914857,0.09556948617642572,0.1,-0.004430513823574289,-0.04430513380522951,-0.04430513380522951,0.09606549143791199,0.0,0.0,False,9.465192852076143e-05,2.615689277648926,0.3135060966014862,2.1154239675524877e-06,0.0,0.05,0.0016505485400557518,0.8,4.613939017872326e-05,0.0024014043156057596,0.009177983738481998,0.01236859243363142,0.008286935277283192,1.831054774470431e-08,0.9999994039535522,5.836142063140869,node_conditioned,25,True,True,False,-68.81427001953125,3.3865835666656494,1.0190556049346924,1.6818161010742188,0.5990620255470276,1.503791093826294,-70.14041900634766,3.566103458404541,0.8221773057675916,-70.1769790649414,0.843363344669342,0.0,0.0,0.0,0.009177983738481998,0.0,0.0,100,0.2,0.15,0.0,1042,curvature_stage2_mpnn_v3_5_edge_gain,True,,,,,normalized_degree|time_since_last_tx|consecutive_tx_attempts|congestion_ewma|self_information_increment,,,,,,,,,,,,,,,,0.09606549143791199,0.03008037991821766,0.0,mpnn,5,4,16,curvature_attention_max,32,38,416800,none,normalized_version_gap_with_gain,,4168.0,0.44230130314826965,0.44230130314826965,0.3192651569843292,,,,,0.5,0.0,,,,0.09606549143791199,0.03008037991821766,0.03868675231933594,0.05927165038883686,0.09232187271118164,0.13880361914634706,0.19857221841812134,0.029785064980387688,0.03008037991821766,0.014151902869343758
346,6.480490405559539,0.09779999990947545,0.09668474304295058,0.1,-0.0033152569570494284,-0.03315256625523766,-0.03315256625523766,0.09816697984933853,0.0,0.0,False,0.00020211059018038213,2.379185438156128,0.31722718477249146,1.2834068002121057e-05,0.0,0.05,0.0012386731104925275,0.8,0.00019205070566385984,0.0070403944700956345,0.01844688691198826,0.0036094989627599716,0.003316777991130948,-4.882812376649781e-08,0.9999992847442627,7.851468563079834,node_conditioned,25,True,True,False,-69.1325912475586,3.114103078842163,1.0378501415252686,1.3339508771896362,0.6067867279052734,1.3356813192367554,-68.98680114746094,2.6584150791168213,0.7475588583291572,-68.54859161376953,0.9287223219871521,0.0,0.0,0.0,0.01844688691198826,0.0,0.0,100,0.2,0.14,0.0,928,curvature_stage2_mpnn_v3_5_edge_gain,True,,,,,normalized_degree|time_since_last_tx|consecutive_tx_attempts|congestion_ewma|self_information_increment,,,,,,,,,,,,,,,,0.09816697984933853,0.030972518026828766,0.0,mpnn,5,4,16,curvature_attention_max,32,38,371200,none,normalized_version_gap_with_gain,,3712.0,0.4556889832019806,0.4556889832019806,0.32100871205329895,,,,,0.5,0.0,,,,0.09816697984933853,0.030972518026828766,0.03907287120819092,0.06026187539100647,0.09443749487400055,0.14219149351119995,0.20224156975746155,0.030679307878017426,0.030972518026828766,0.014410403557121754
347,6.596492418125272,0.09722500012256205,0.09695487158275631,0.1,-0.003045128417243692,-0.03045128112730881,-0.03045128112730881,0.0975988358259201,0.0,0.0,False,0.00011072483903262764,1.3352841138839722,0.31501927971839905,3.2470293263031635e-06,0.0,0.05,0.0011458588996902108,0.8,9.825001325225458e-05,0.00439808052033186,0.022737767547369003,0.012433744966983795,0.0029744680505245924,1.2207030941624453e-08,0.9999991059303284,8.7108793258667,node_conditioned,25,True,True,False,-69.41875457763672,3.1731603145599365,1.0994460582733154,1.5074163675308228,0.6082490682601929,1.149993896484375,-69.55681610107422,2.8258557319641113,0.8343882662348248,-71.5061264038086,1.2576203346252441,0.0,0.0,0.0,0.022737767547369003,0.0,0.0,100,0.2,0.155,0.01,884,curvature_stage2_mpnn_v3_5_edge_gain,True,,,,,normalized_degree|time_since_last_tx|consecutive_tx_attempts|congestion_ewma|self_information_increment,,,,,,,,,,,,,,,,0.0975988358259201,0.03238346427679062,0.0,mpnn,5,4,16,curvature_attention_max,32,38,353600,none,normalized_version_gap_with_gain,,3536.0,0.4383319020271301,0.4383319020271301,0.3046751916408539,,,,,0.5,0.0,,,,0.0975988358259201,0.03238346427679062,0.03899762034416199,0.05843925178050995,0.09394901990890503,0.14118323624134063,0.23046863079071045,0.03210467845201492,0.03238346427679062,0.017408959567546844
348,6.68804923966527,0.09769999971147626,0.0973274356471163,0.1,-0.0026725643528837106,-0.02672564085627302,-0.02672564085627302,0.09772699326276779,0.0,0.0,False,0.00013571864110417664,1.8834662437438965,0.3154486119747162,-1.235483637174184e-06,0.0,0.05,0.0011490111937746406,0.8,0.00010480006312718615,0.0047770957462489605,0.016921227797865868,0.0028013947885483503,0.0008245245553553104,-1.2207030941624453e-08,0.9999992847442627,7.480414390563965,node_conditioned,25,True,True,False,-70.07035064697266,3.2754948139190674,1.0163226127624512,1.3978674411773682,0.5994075536727905,1.3702386617660522,-70.19947814941406,2.923527956008911,0.7803263706019646,-70.72502136230469,1.0271046161651611,0.0,0.0,0.0,0.016921227797865868,0.0,0.0,100,0.2,0.1525,0.01,992,curvature_stage2_mpnn_v3_5_edge_gain,True,,,,,normalized_degree|time_since_last_tx|consecutive_tx_attempts|congestion_ewma|self_information_increment,,,,,,,,,,,,,,,,0.09772699326276779,0.03126043826341629,0.0,mpnn,5,4,16,curvature_attention_max,32,38,396800,none,normalized_version_gap_with_gain,,3968.0,0.4578152596950531,0.4578152596950531,0.3241841197013855,,,,,0.5,0.0,,,,0.09772699326276779,0.03126043826341629,0.04064995050430298,0.05956374704837799,0.09445473551750183,0.1406026870012283,0.2367047369480133,0.030972210690379143,0.03126043826341629,0.015018644742667675
349,6.800307070352137,0.10225000013131648,0.0997887178892164,0.1,-0.0002112821107836116,-0.0021128208965540264,-0.0021128208965540264,0.09905893355607986,0.0,0.0,False,0.0002399311342742294,1.4859331846237183,0.31754425168037415,1.6276683254545787e-06,0.0,0.05,0.0010982974199578166,0.8,0.0001894962479127571,0.007281342521309853,0.018116271123290062,0.01268570777028799,0.001279419637285173,-6.103515470812226e-09,0.9999992251396179,7.790828227996826,node_conditioned,25,True,True,False,-70.56829071044922,3.3781063556671143,1.0960147380828857,1.3896231651306152,0.6051622629165649,1.2099437713623047,-70.86332702636719,3.1404027938842773,0.8515570063447752,-72.1895523071289,1.2222564220428467,0.0,0.0,0.0,0.018116271123290062,0.0,0.0,100,0.2,0.16,0.01,1072,curvature_stage2_mpnn_v3_5_edge_gain,True,,,,,normalized_degree|time_since_last_tx|consecutive_tx_attempts|congestion_ewma|self_information_increment,,,,,,,,,,,,,,,,0.09905893355607986,0.031347427517175674,0.0,mpnn,5,4,16,curvature_attention_max,32,38,428800,none,normalized_version_gap_with_gain,,4288.0,0.464812308549881,0.464812308549881,0.3335564136505127,,,,,0.5,0.0,,,,0.09905893355607986,0.031347427517175674,0.039693087339401245,0.06100523173809051,0.09552378952503204,0.14135015308856963,0.23667925596237183,0.031094055622816086,0.031347427517175674,0.014532306231558323
350,6.266596710272133,0.10004999982658774,0.09991935885790207,0.1,-8.064114209793694e-05,-0.0008064113403382353,-0.0008064113403382353,0.10153914988040924,0.0,0.0,False,0.00047663095756433904,1.5941275358200073,0.31931737065315247,-1.000029624265153e-05,0.0,0.05,0.0011980080744251609,0.8,0.00034525227965787053,0.012375261634588242,0.0166673231869936,0.06943699717521667,0.0009924201294779778,3.051757957450718e-08,0.9999991655349731,9.591971397399902,node_conditioned,25,True,True,False,-70.11642456054688,3.139003038406372,1.1447861194610596,1.4707963466644287,0.5914278030395508,1.1620014905929565,-69.49724578857422,2.4007339477539062,0.7657253446507211,-70.33265686035156,1.1855008602142334,0.0,0.0,0.0,0.0166673231869936,0.0,0.0,100,0.2,0.16,0.07,930,curvature_stage2_mpnn_v3_5_edge_gain,True,,,,,normalized_degree|time_since_last_tx|consecutive_tx_attempts|congestion_ewma|self_information_increment,,,,,,,,,,,,,,,,0.10153914988040924,0.03457334265112877,0.0,mpnn,5,4,16,curvature_attention_max,32,38,372000,none,normalized_version_gap_with_gain,,3720.0,0.4653657078742981,0.4653657078742981,0.3277924954891205,,,,,0.5,0.0,,,,0.10153914988040924,0.03457334265112877,0.03919050097465515,0.05975089780986309,0.09807844460010529,0.14812358915805818,0.23603802919387817,0.03434039652347565,0.03457334265112877,0.01929475925862789
351,6.935811611227691,0.09617499989457429,0.09804717937623818,0.1,-0.0019528206237618279,-0.01952820428479785,-0.01952820428479785,0.09655723720788956,0.0,0.0,False,0.0001788813096936792,2.830641031265259,0.30905449390411377,6.578102897947247e-07,0.0,0.05,0.0020002254750579596,0.8,8.740643352211919e-06,0.000679938355460763,0.017385300248861313,0.012853173539042473,0.003205234184861183,0.0,0.9999994039535522,5.853634834289551,node_conditioned,25,True,True,False,-70.63341522216797,3.5458972454071045,1.1861014366149902,1.7467069625854492,0.6495714783668518,1.6020255088806152,-71.0572738647461,3.478209972381592,0.7878577065504653,-70.07154083251953,0.945961058139801,0.0,0.0,0.0,0.017385300248861313,0.0,0.0,100,0.2,0.1475,0.0,1052,curvature_stage2_mpnn_v3_5_edge_gain,True,,,,,normalized_degree|time_since_last_tx|consecutive_tx_attempts|congestion_ewma|self_information_increment,,,,,,,,,,,,,,,,0.09655723720788956,0.03210164234042168,0.0,mpnn,5,4,16,curvature_attention_max,32,38,420800,none,normalized_version_gap_with_gain,,4208.0,0.4517699182033539,0.4517699182033539,0.3255583345890045,,,,,0.5,0.0,,,,0.09655723720788956,0.03210164234042168,0.037982165813446045,0.05854670107364655,0.09292785823345184,0.14090238511562345,0.23440733551979065,0.03184230625629425,0.03210164234042168,0.017283065244555473
352,6.408687378540635,0.09252499991562217,0.09528608964593017,0.1,-0.004713910354069831,-0.04713909882678843,-0.04713909882678843,0.09315596520900726,0.0,0.0,False,9.246668923879042e-05,1.4787304401397705,0.30356818437576294,-3.7001616419729544e-06,0.0,0.05,0.0016973305027931929,0.8,1.9592667044321388e-08,1.0025684787251521e-05,0.012667683884501457,0.01660068705677986,0.004657235462218523,3.051757735406113e-09,0.9999992251396179,8.477890014648438,node_conditioned,25,True,True,False,-69.82357025146484,3.084063768386841,0.9969037771224976,1.4080134630203247,0.5774816274642944,1.1928322315216064,-69.5366439819336,2.5789780616760254,0.7860740373544937,-71.22844696044922,1.051148533821106,0.0,0.0,0.0,0.012667683884501457,0.0,0.0,100,0.2,0.14,0.0,968,curvature_stage2_mpnn_v3_5_edge_gain,True,,,,,normalized_degree|time_since_last_tx|consecutive_tx_attempts|congestion_ewma|self_information_increment,,,,,,,,,,,,,,,,0.09315596520900726,0.031066684052348137,0.0,mpnn,5,4,16,curvature_attention_max,32,38,387200,none,normalized_version_gap_with_gain,,3872.0,0.4692856967449188,0.4692856967449188,0.32469186186790466,,,,,0.5,0.0,,,,0.09315596520900726,0.031066684052348137,0.0376223623752594,0.05550868809223175,0.08973869681358337,0.13671649396419525,0.20130115747451782,0.030818061903119087,0.031066684052348137,0.01568351313471794
353,6.2117113539204,0.09902499995194375,0.09715554479893695,0.1,-0.002844455201063051,-0.02844454916617559,-0.02844454916617559,0.09969758242368698,0.0,0.0,False,0.0003995764709543437,1.8894789218902588,0.3180255591869354,-1.6395189277318423e-06,0.0,0.05,0.002769038313999772,0.8,0.00024579252931289375,0.00938452873378992,0.01464878860861063,0.020573711022734642,0.009691504761576653,4.882812376649781e-08,0.9999992847442627,7.734670639038086,node_conditioned,25,True,True,False,-69.68464660644531,3.159219741821289,1.0941555500030518,1.473468542098999,0.6019985675811768,1.365123987197876,-69.05093383789062,2.5580477714538574,0.7152085515759712,-70.01477813720703,1.0261857509613037,0.0,0.0,0.0,0.01464878860861063,0.0,0.0,100,0.2,0.17,0.02,1010,curvature_stage2_mpnn_v3_5_edge_gain,True,,,,,normalized_degree|time_since_last_tx|consecutive_tx_attempts|congestion_ewma|self_information_increment,,,,,,,,,,,,,,,,0.09969758242368698,0.03237678483128548,0.0,mpnn,5,4,16,curvature_attention_max,32,38,404000,none,normalized_version_gap_with_gain,,4040.0,0.4713340401649475,0.4713340401649475,0.33562442660331726,,,,,0.5,0.0,,,,0.09969758242368698,0.03237678483128548,0.03817951679229736,0.061199682950973514,0.0959082543849945,0.14404865503311157,0.23317620158195496,0.032108601182699203,0.03237678483128548,0.015663547441363335
354,6.684012872874737,0.0940749998902902,0.09561527234461357,0.1,-0.004384727655386431,-0.043847272169137086,-0.043847272169137086,0.09376701712608337,0.0,0.0,False,0.00011695037392200902,1.702528953552246,0.3053441345691681,-1.1007148259523092e-06,0.0,0.05,0.002274255035445094,0.8,1.71174292518117e-06,0.0001301487791351974,0.011607622727751732,0.01757129654288292,0.007904285565018654,-1.2207030941624453e-08,0.9999992251396179,7.800172328948975,node_conditioned,25,True,True,False,-69.36610412597656,3.2211222648620605,1.0668799877166748,1.6140592098236084,0.581052839756012,1.212132453918457,-69.61105346679688,2.945308208465576,0.8306291543205412,-70.26942443847656,1.017676591873169,0.0,0.0,0.0,0.011607622727751732,0.0,0.0,100,0.2,0.1625,0.01,1014,curvature_stage2_mpnn_v3_5_edge_gain,True,,,,,normalized_degree|time_since_last_tx|consecutive_tx_attempts|congestion_ewma|self_information_increment,,,,,,,,,,,,,,,,0.09376701712608337,0.030842233449220657,0.0,mpnn,5,4,16,curvature_attention_max,32,38,405600,none,normalized_version_gap_with_gain,,4056.0,0.4658347964286804,0.4658347964286804,0.3330906629562378,,,,,0.5,0.0,,,,0.09376701712608337,0.030842233449220657,0.037473440170288086,0.0563944160938263,0.09045550227165222,0.13494712710380555,0.22991758584976196,0.030567465350031853,0.030842233449220657,0.015529361553490162
355,6.470049242191017,0.09660000011790544,0.09610763623125951,0.1,-0.0038923637687404977,-0.038923633795041594,-0.038923633795041594,0.09760609269142151,0.0,0.0,False,0.0001612349005881697,1.6387640237808228,0.31449583172798157,7.507383998017758e-06,0.0,0.05,0.002172440756112337,0.8,7.756402919767424e-05,0.0038214914966374636,0.016287200152873993,0.013499461114406586,0.009950557723641396,2.2888184680880386e-09,0.9999992847442627,8.086714744567871,node_conditioned,25,True,True,False,-69.11540222167969,3.086866617202759,1.0844392776489258,1.5171257257461548,0.5983777642250061,1.2849496603012085,-69.0184097290039,2.6738455295562744,0.7690597324119353,-70.06977844238281,1.084941029548645,0.0,0.0,0.0,0.016287200152873993,0.0,0.0,100,0.2,0.155,0.01,930,curvature_stage2_mpnn_v3_5_edge_gain,True,,,,,normalized_degree|time_since_last_tx|consecutive_tx_attempts|congestion_ewma|self_information_increment,,,,,,,,,,,,,,,,0.09760609269142151,0.03301073983311653,0.0,mpnn,5,4,16,curvature_attention_max,32,38,372000,none,normalized_version_gap_with_gain,,3720.0,0.44941478967666626,0.44941478967666626,0.31355908513069153,,,,,0.5,0.0,,,,0.09760609269142151,0.03301073983311653,0.03826501965522766,0.057925072312355046,0.09348037838935852,0.14409018456935882,0.23145702481269836,0.03273483365774155,0.03301073983311653,0.017911693081259727
356,6.69441338006407,0.09752500004135073,0.09681631813630512,0.1,-0.003183681863694887,-0.031836815453267324,-0.031836815453267324,0.09744105488061905,0.0,0.0,False,0.00014389853458851576,1.7011398077011108,0.3148189187049866,2.6472494027984794e-06,0.0,0.05,0.0018730276497080922,0.8,6.575007137143984e-05,0.0035399168264120817,0.008943774737417698,0.006450860761106014,0.008857169188559055,-6.103515914901436e-08,0.9999992251396179,7.714933395385742,node_conditioned,25,True,True,False,-69.30956268310547,3.125653028488159,1.0057681798934937,1.4045979976654053,0.5874485373497009,1.2875826358795166,-69.52748107910156,2.8817813396453857,0.8003689194878273,-69.52470397949219,0.9876114130020142,0.0,0.0,0.0,0.008943774737417698,0.0,0.0,100,0.2,0.1625,0.01,940,curvature_stage2_mpnn_v3_5_edge_gain,True,,,,,normalized_degree|time_since_last_tx|consecutive_tx_attempts|congestion_ewma|self_information_increment,,,,,,,,,,,,,,,,0.09744105488061905,0.031621649861335754,0.0,mpnn,5,4,16,curvature_attention_max,32,38,376000,none,normalized_version_gap_with_gain,,3760.0,0.4529128670692444,0.4529128670692444,0.32138901948928833,,,,,0.5,0.0,,,,0.09744105488061905,0.031621649861335754,0.03771686553955078,0.059092605113983156,0.09334026277065277,0.14081101417541506,0.23105406761169434,0.031363584101200104,0.031621649861335754,0.014783035963773727
357,6.325904806107283,0.10154999997466803,0.09918315905548658,0.1,-0.000816840944513425,-0.008168408628293388,-0.008168408628293388,0.098872609436512,0.0,0.0,False,0.00033563675242476165,1.4386459589004517,0.31731468439102173,-7.731741789029911e-06,0.0,0.05,0.0027339619118720293,0.8,0.00022128972341306508,0.008783949539065361,0.019291799515485764,0.004378495272248983,0.010670374147593975,-3.662109548940862e-08,0.9999992251396179,8.34243392944336,node_conditioned,25,True,True,False,-69.0031967163086,3.0758156776428223,1.1120593547821045,1.4916073083877563,0.5863675475120544,1.1781755685806274,-68.67242431640625,2.633967638015747,0.7999220874506954,-69.60649108886719,1.175321102142334,0.0,0.0,0.0,0.019291799515485764,0.0,0.0,100,0.2,0.1525,0.01,994,curvature_stage2_mpnn_v3_5_edge_gain,True,,,,,normalized_degree|time_since_last_tx|consecutive_tx_attempts|congestion_ewma|self_information_increment,,,,,,,,,,,,,,,,0.098872609436512,0.03242703527212143,0.0,mpnn,5,4,16,curvature_attention_max,32,38,397600,none,normalized_version_gap_with_gain,,3976.0,0.46699705719947815,0.46699705719947815,0.3274693191051483,,,,,0.5,0.0,,,,0.098872609436512,0.03242703527212143,0.038150787353515625,0.060105088353157046,0.09437380731105804,0.1436710238456726,0.23276746273040771,0.032137926667928696,0.03242703527212143,0.01603860780596733
358,6.335622471086681,0.09957499997224659,0.09937907951386658,0.1,-0.0006209204861334222,-0.006209204240413798,-0.006209204240413798,0.10068672895431519,0.0,0.0,False,0.0004885332891717553,1.2651844024658203,0.319171279668808,-4.863477442995645e-06,0.0,0.05,0.0020328613463789225,0.8,0.00034213921753689647,0.012420348823070526,0.022161133587360382,0.0365486778318882,0.006687304005026817,3.662109548940862e-08,0.9999991059303284,8.650121688842773,node_conditioned,25,True,True,False,-68.93848419189453,3.0750021934509277,1.0704519748687744,1.2782756090164185,0.5595863461494446,1.137225866317749,-68.62937927246094,2.5431737899780273,0.800040788966047,-69.38654327392578,1.0268549919128418,0.0,0.0,0.0,0.022161133587360382,0.0,0.0,100,0.2,0.175,0.02,1028,curvature_stage2_mpnn_v3_5_edge_gain,True,,,,,normalized_degree|time_since_last_tx|consecutive_tx_attempts|congestion_ewma|self_information_increment,,,,,,,,,,,,,,,,0.10068672895431519,0.03386422619223595,0.0,mpnn,5,4,16,curvature_attention_max,32,38,411200,none,normalized_version_gap_with_gain,,4112.0,0.4816337525844574,0.4816337525844574,0.3442149758338928,,,,,0.5,0.0,,,,0.10068672895431519,0.03386422619223595,0.0382208526134491,0.06072253584861755,0.09758977591991425,0.14529912769794462,0.23669803142547607,0.03359004110097885,0.03386422619223595,0.017904143780469894
359,6.603926001191139,0.0947250001039356,0.09705203980890109,0.1,-0.002947960191098914,-0.029479598963029242,-0.029479598963029242,0.09331449866294861,0.0,0.0,False,0.00013187142030801624,1.2002322673797607,0.3036106526851654,8.89650618773885e-06,0.0,0.05,0.0022586523555219173,0.8,8.113545959531621e-07,6.767845479771495e-05,0.014792646281421185,0.02054772339761257,0.0067168488167226315,-6.103515470812226e-09,0.9999989867210388,9.144547462463379,node_conditioned,25,True,True,False,-68.66065979003906,3.124959707260132,1.0483797788619995,1.3832100629806519,0.5801917314529419,1.0393632650375366,-68.89543914794922,2.91422176361084,0.8727992989887736,-69.94297790527344,1.2478368282318115,0.0,0.0,0.0,0.014792646281421185,0.0,0.0,100,0.2,0.1625,0.02,954,curvature_stage2_mpnn_v3_5_edge_gain,True,,,,,normalized_degree|time_since_last_tx|consecutive_tx_attempts|congestion_ewma|self_information_increment,,,,,,,,,,,,,,,,0.09331449866294861,0.03138813003897667,0.0,mpnn,5,4,16,curvature_attention_max,32,38,381600,none,normalized_version_gap_with_gain,,3816.0,0.44145193696022034,0.44145193696022034,0.309603750705719,,,,,0.5,0.0,,,,0.09331449866294861,0.03138813003897667,0.037905722856521606,0.05525374114513397,0.08973537385463715,0.13631814420223237,0.2319636046886444,0.03108333982527256,0.03138813003897667,0.01583431288599968
360,6.7140507544949655,0.09740000001620501,0.09722601991255306,0.1,-0.002773980087446948,-0.027739798100489668,-0.027739798100489668,0.09713570773601532,0.0,0.0,False,0.00018645435920916498,1.7037830352783203,0.31321483850479126,-1.5359353255917085e-06,0.0,0.05,0.0026479701045900583,0.8,7.450262637576088e-05,0.003552329493686557,0.014621146954596043,0.01274822186678648,0.010465893894433975,-1.2207030941624453e-08,0.9999992251396179,7.09282112121582,node_conditioned,25,True,True,False,-68.77249145507812,3.1959519386291504,1.067284107208252,1.5876816511154175,0.5625013709068298,1.2869101762771606,-69.1135025024414,3.0531725883483887,0.8223383125776285,-68.64942169189453,0.9466754794120789,0.0,0.0,0.0,0.014621146954596043,0.0,0.0,100,0.2,0.1475,0.0,1030,curvature_stage2_mpnn_v3_5_edge_gain,True,,,,,normalized_degree|time_since_last_tx|consecutive_tx_attempts|congestion_ewma|self_information_increment,,,,,,,,,,,,,,,,0.09713570773601532,0.03333921357989311,0.0,mpnn,5,4,16,curvature_attention_max,32,38,412000,none,normalized_version_gap_with_gain,,4120.0,0.47528693079948425,0.47528693079948425,0.34016913175582886,,,,,0.5,0.0,,,,0.09713570773601532,0.03333921357989311,0.03713691234588623,0.05813889428973198,0.09285010397434235,0.1423146456480026,0.23574382066726685,0.032994844019412994,0.03333921357989311,0.017760364338755608
361,6.152389644477516,0.09854999974370003,0.09788800982812654,0.1,-0.002111990171873468,-0.021119899606744718,-0.021119899606744718,0.09895221889019012,0.0,0.0,False,0.00030361401150003076,1.3398696184158325,0.3174006938934326,2.8335955448710592e-06,0.0,0.05,0.0023341260384768248,0.8,0.00020920383394695818,0.008472030982375145,0.017905108630657196,0.0031635130289942026,0.01013907603919506,-3.662109548940862e-08,0.9999990463256836,8.732619285583496,node_conditioned,25,True,True,False,-68.23944854736328,2.954444169998169,0.9654430150985718,1.2325842380523682,0.5213049054145813,1.0857490301132202,-67.794921875,2.525712251663208,0.8152046242301236,-70.14091491699219,0.870200514793396,0.0,0.0,0.0,0.017905108630657196,0.0,0.0,100,0.2,0.1575,0.01,914,curvature_stage2_mpnn_v3_5_edge_gain,True,,,,,normalized_degree|time_since_last_tx|consecutive_tx_attempts|congestion_ewma|self_information_increment,,,,,,,,,,,,,,,,0.09895221889019012,0.03311162441968918,0.0,mpnn,5,4,16,curvature_attention_max,32,38,365600,none,normalized_version_gap_with_gain,,3656.0,0.46321478486061096,0.46321478486061096,0.3147318959236145,,,,,0.5,0.0,,,,0.09895221889019012,0.03311162441968918,0.03922298550605774,0.05894383192062378,0.09497575461864471,0.14539803862571712,0.23265784978866577,0.03280662000179291,0.03311162441968918,0.016491549089550972
362,6.847586871832609,0.09699999978300183,0.09744400480556419,0.1,-0.00255599519443582,-0.02555994938836326,-0.02555994938836326,0.0970655083656311,0.0,0.0,False,0.00012818445975426584,1.2322877645492554,0.313536137342453,3.712479383466416e-06,0.0,0.05,0.0018160444451496005,0.8,7.407656812574714e-05,0.003702801652252674,0.02326362207531929,0.018254095688462257,0.0075158472172915936,6.103515470812226e-09,0.999998927116394,9.04178237915039,node_conditioned,25,True,True,False,-68.94266510009766,3.245443344116211,0.9550055861473083,1.2556629180908203,0.5409276485443115,0.9673888087272644,-69.53738403320312,2.994079351425171,0.8956059945392013,-69.81535339355469,1.057342290878296,0.0,0.0,0.0,0.02326362207531929,0.0,0.0,100,0.2,0.1325,0.0,948,curvature_stage2_mpnn_v3_5_edge_gain,True,,,,,normalized_degree|time_since_last_tx|consecutive_tx_attempts|congestion_ewma|self_information_increment,,,,,,,,,,,,,,,,0.0970655083656311,0.032538607716560364,0.0,mpnn,5,4,16,curvature_attention_max,32,38,379200,none,normalized_version_gap_with_gain,,3792.0,0.46836844086647034,0.46836844086647034,0.33037349581718445,,,,,0.5,0.0,,,,0.0970655083656311,0.032538607716560364,0.03791990876197815,0.05820433497428894,0.09262439608573914,0.1416296660900116,0.2345515489578247,0.03223900496959686,0.032538607716560364,0.015851518139243126
363,7.171594195999205,0.09877499998081475,0.09810950239318947,0.1,-0.0018904976068105372,-0.018904974177607954,-0.018904974177607954,0.09931407868862152,0.0,0.0,False,0.0003121122717857361,2.4446921348571777,0.31735774874687195,1.8655706526260474e-06,0.0,0.05,0.0019404685590416193,0.8,0.00021887302864342928,0.009000308811664581,0.008609752170741558,0.020135702565312386,0.007766527123749256,-4.882812376649781e-08,0.9999992847442627,5.383218765258789,node_conditioned,25,True,True,False,-69.50963592529297,3.4254722595214844,1.1632975339889526,1.449553370475769,0.5910829305648804,1.4903404712677002,-70.53804016113281,3.6357250213623047,0.8319692029011105,-69.60956573486328,1.2323583364486694,0.0,0.0,0.0,0.008609752170741558,0.0,0.0,100,0.2,0.1625,0.05,876,curvature_stage2_mpnn_v3_5_edge_gain,True,,,,,normalized_degree|time_since_last_tx|consecutive_tx_attempts|congestion_ewma|self_information_increment,,,,,,,,,,,,,,,,0.09931407868862152,0.03427428379654884,0.0,mpnn,5,4,16,curvature_attention_max,32,38,350400,none,normalized_version_gap_with_gain,,3504.0,0.4389709532260895,0.4389709532260895,0.31156307458877563,,,,,0.5,0.0,,,,0.09931407868862152,0.03427428379654884,0.03743857145309448,0.05914859175682068,0.09550557658076286,0.14643187820911407,0.23592355847358704,0.03399234637618065,0.03427428379654884,0.019132321700453758
364,6.89286211811006,0.09479999987408519,0.09645475113363733,0.1,-0.003545248866362677,-0.03545248511837826,-0.03545248511837826,0.09754575043916702,0.0,0.0,False,0.00014926644507795572,1.232146143913269,0.31323006749153137,-4.57665191788692e-06,0.0,0.05,0.001402343506924808,0.8,7.275278767338023e-05,0.003009787295013666,0.019528018310666084,0.01009419932961464,0.004384567029774189,3.051757735406113e-09,0.9999990463256836,8.420026779174805,node_conditioned,25,True,True,False,-69.87232208251953,3.283344030380249,1.1504820585250854,1.5134074687957764,0.5564961433410645,1.071465253829956,-70.38693237304688,2.9483087062835693,0.8679281701678006,-70.70906066894531,1.2434641122817993,0.0,0.0,0.0,0.019528018310666084,0.0,0.0,100,0.2,0.16,0.02,930,curvature_stage2_mpnn_v3_5_edge_gain,True,,,,,normalized_degree|time_since_last_tx|consecutive_tx_attempts|congestion_ewma|self_information_increment,,,,,,,,,,,,,,,,0.09754575043916702,0.033340469002723694,0.0,mpnn,5,4,16,curvature_attention_max,32,38,372000,none,normalized_version_gap_with_gain,,3720.0,0.4543822705745697,0.4543822705745697,0.3206585943698883,,,,,0.5,0.0,,,,0.09754575043916702,0.033340469002723694,0.037809938192367554,0.05671509206295014,0.09441633522510529,0.14186181128025055,0.23560994863510132,0.033069051802158356,0.033340469002723694,0.017619896680116653
365,6.316669193692506,0.10252499998547136,0.09948987555955435,0.1,-0.0005101244404456529,-0.005101243894332139,-0.005101243894332139,0.10294374823570251,0.0,0.0,False,0.0009650778374634683,1.8497576713562012,0.32145053148269653,1.6877376765478402e-05,0.0,0.05,0.00444573862478137,0.8,0.0006178824696689844,0.01931740529835224,0.01800432801246643,0.11146460473537445,0.010414178483188152,-4.2724607851596375e-08,0.9999991655349731,8.84909439086914,node_conditioned,25,True,True,False,-70.42510223388672,3.1176257133483887,1.0825902223587036,1.5784239768981934,0.5798075199127197,1.1712985038757324,-69.90927124023438,2.6609888076782227,0.8062467060025147,-72.23005676269531,1.0563807487487793,0.0,0.0,0.0,0.01800432801246643,0.0,0.0,100,0.2,0.165,0.02,956,curvature_stage2_mpnn_v3_5_edge_gain,True,,,,,normalized_degree|time_since_last_tx|consecutive_tx_attempts|congestion_ewma|self_information_increment,,,,,,,,,,,,,,,,0.10294374823570251,0.034391991794109344,0.0,mpnn,5,4,16,curvature_attention_max,32,38,382400,none,normalized_version_gap_with_gain,,3824.0,0.46226009726524353,0.46226009726524353,0.32094502449035645,,,,,0.5,0.0,,,,0.10294374823570251,0.034391991794109344,0.03780549764633179,0.06135439574718476,0.09894751012325287,0.1502298653125763,0.23714467883110046,0.03412020578980446,0.034391991794109344,0.017432184889912605
366,6.248972217962145,0.09655000011436642,0.09801993783696039,0.1,-0.0019800621630396142,-0.019800619650334177,-0.019800619650334177,0.0958680510520935,0.0,0.0,False,0.0003572774294298142,1.1617592573165894,0.3067528009414673,2.2459133106167428e-05,0.0,0.05,0.004957097582519054,0.8,1.170574705611216e-06,0.00011257061851210892,0.018869077786803246,0.02792748063802719,0.012211761437356472,-1.754760781125242e-08,0.9999991059303284,10.499204635620117,node_conditioned,25,True,True,False,-70.36306762695312,2.934079170227051,0.9841886162757874,1.3213802576065063,0.564770519733429,1.0642718076705933,-69.66896057128906,2.3051037788391113,0.7868309256343119,-70.82888793945312,0.9062262773513794,0.0,0.0,0.0,0.018869077786803246,0.0,0.0,100,0.2,0.155,0.02,998,curvature_stage2_mpnn_v3_5_edge_gain,True,,,,,normalized_degree|time_since_last_tx|consecutive_tx_attempts|congestion_ewma|self_information_increment,,,,,,,,,,,,,,,,0.0958680510520935,0.03198230266571045,0.0,mpnn,5,4,16,curvature_attention_max,32,38,399200,none,normalized_version_gap_with_gain,,3992.0,0.47637978196144104,0.47637978196144104,0.3336540758609772,,,,,0.5,0.0,,,,0.0958680510520935,0.03198230266571045,0.037362486124038696,0.056841054931283,0.09217050671577454,0.14105049520730972,0.22078678011894226,0.03170306608080864,0.03198230266571045,0.015724485740065575
367,6.653380062915385,0.09399999972432851,0.09600996878064445,0.1,-0.003990031219355553,-0.039900308203524706,-0.039900308203524706,0.09368602931499481,0.0,0.0,False,0.00023238737776409835,1.5003788471221924,0.30568036437034607,-9.517639796285948e-07,0.0,0.05,0.004805373027920723,0.8,1.6676549918770434e-08,1.181680454465095e-05,0.016113413497805595,0.032974738627672195,0.017434557899832726,-1.831054774470431e-08,0.9999992251396179,7.9539690017700195,node_conditioned,25,True,True,False,-70.06739044189453,3.232415199279785,1.08401358127594,1.4717111587524414,0.5713220238685608,1.1613489389419556,-70.12577819824219,2.9043807983398438,0.8401110826347207,-70.35289001464844,0.9913276433944702,0.0,0.0,0.0,0.016113413497805595,0.0,0.0,100,0.2,0.15,0.0,950,curvature_stage2_mpnn_v3_5_edge_gain,True,,,,,normalized_degree|time_since_last_tx|consecutive_tx_attempts|congestion_ewma|self_information_increment,,,,,,,,,,,,,,,,0.09368602931499481,0.030931459739804268,0.0,mpnn,5,4,16,curvature_attention_max,32,38,380000,none,normalized_version_gap_with_gain,,3800.0,0.4655719995498657,0.4655719995498657,0.3290433883666992,,,,,0.5,0.0,,,,0.09368602931499481,0.030931459739804268,0.03697776794433594,0.057034528255462645,0.08927442133426666,0.13863366842269897,0.22738400101661682,0.03069305419921875,0.030931459739804268,0.014895215630531311
368,6.808281314149499,0.09562499977182597,0.09581748427623521,0.1,-0.004182515723764796,-0.04182515305513265,-0.04182515305513265,0.09349261969327927,0.0,0.0,False,0.0001315538102062419,1.626631736755371,0.30756843090057373,-2.9705715860472992e-05,0.0,0.05,0.004188480321317911,0.8,5.796789992018603e-06,0.0004135315539315343,0.018483130261301994,0.035947609692811966,0.01856093294918537,2.4414061883248905e-08,0.9999991655349731,7.6244707107543945,node_conditioned,25,True,True,False,-69.80387878417969,3.1531822681427,0.9786944389343262,1.3372728824615479,0.5808983445167542,1.231197476387024,-70.1430892944336,2.8570802211761475,0.8143005949283766,-70.00487518310547,0.9626733660697937,0.0,0.0,0.0,0.018483130261301994,0.0,0.0,100,0.2,0.1475,0.0,952,curvature_stage2_mpnn_v3_5_edge_gain,True,,,,,normalized_degree|time_since_last_tx|consecutive_tx_attempts|congestion_ewma|self_information_increment,,,,,,,,,,,,,,,,0.09349261969327927,0.03091234154999256,0.0,mpnn,5,4,16,curvature_attention_max,32,38,380800,none,normalized_version_gap_with_gain,,3808.0,0.4617806375026703,0.4617806375026703,0.33091697096824646,,,,,0.5,0.0,,,,0.09349261969327927,0.03091234154999256,0.03661841154098511,0.05593005120754242,0.08957594633102417,0.13721624314785003,0.20137476921081543,0.03065907396376133,0.03091234154999256,0.015078932978212833
369,6.615834345109761,0.09792499991599471,0.09687124209611496,0.1,-0.003128757903885046,-0.03128757591009287,-0.03128757591009287,0.09758049249649048,0.0,0.0,False,0.00018760938837658614,1.1234145164489746,0.31730517745018005,3.535372115948121e-06,0.0,0.05,0.0023603576701134443,0.8,0.00018206708773504943,0.007142594549804926,0.01874057948589325,0.020879529416561127,0.014504524879157543,-6.103515470812226e-09,0.9999991059303284,8.833333015441895,node_conditioned,25,True,True,False,-69.78984069824219,3.104041576385498,1.0694657564163208,1.539493203163147,0.583713173866272,1.0574308633804321,-69.8399658203125,2.661017656326294,0.8420904086576644,-70.7591323852539,1.1061290502548218,0.0,0.0,0.0,0.01874057948589325,0.0,0.0,100,0.2,0.1475,0.0,908,curvature_stage2_mpnn_v3_5_edge_gain,True,,,,,normalized_degree|time_since_last_tx|consecutive_tx_attempts|congestion_ewma|self_information_increment,,,,,,,,,,,,,,,,0.09758049249649048,0.03206866234540939,0.0,mpnn,5,4,16,curvature_attention_max,32,38,363200,none,normalized_version_gap_with_gain,,3632.0,0.4538723826408386,0.4538723826408386,0.31960737705230713,,,,,0.5,0.0,,,,0.09758049249649048,0.03206866234540939,0.03724032640457153,0.059273100644350055,0.09308543801307678,0.1426658123731613,0.23033609986305237,0.031817346811294556,0.03206866234540939,0.015033641830086708
370,7.123369703367352,0.09589999990072101,0.09638562099841799,0.1,-0.003614379001582013,-0.03614378640144149,-0.03614378640144149,0.09652667492628098,0.0,0.0,False,5.1904011343140155e-05,1.7212963104248047,0.31454232335090637,2.252572994621005e-05,0.0,0.05,0.0013158026849851012,0.8,7.230772462207824e-05,0.0032321063335984945,0.01755443401634693,0.018850816413760185,0.007183142472058535,-4.882812376649781e-08,0.9999992251396179,7.20210075378418,node_conditioned,25,True,True,False,-70.24859619140625,3.2574472427368164,1.0409907102584839,1.4877302646636963,0.574967622756958,1.224476933479309,-71.03277587890625,2.9811697006225586,0.8312950300886803,-69.88934326171875,1.0392318964004517,0.0,0.0,0.0,0.01755443401634693,0.0,0.0,100,0.2,0.16,0.01,954,curvature_stage2_mpnn_v3_5_edge_gain,True,,,,,normalized_degree|time_since_last_tx|consecutive_tx_attempts|congestion_ewma|self_information_increment,,,,,,,,,,,,,,,,0.09652667492628098,0.031670164316892624,0.0,mpnn,5,4,16,curvature_attention_max,32,38,381600,none,normalized_version_gap_with_gain,,3816.0,0.44293802976608276,0.44293802976608276,0.3171607255935669,,,,,0.5,0.0,,,,0.09652667492628098,0.031670164316892624,0.03817430138587952,0.058419838547706604,0.09295515716075897,0.13872363269329072,0.23701617121696472,0.031367626041173935,0.031670164316892624,0.014840161427855492
371,6.465686109699309,0.09470000009983778,0.09554281054912789,0.1,-0.004457189450872118,-0.04457189005153217,-0.04457189005153217,0.0959579348564148,0.0,0.0,False,6.89675216563046e-05,1.5747270584106445,0.31206628680229187,1.1634747352218255e-05,0.0,0.05,0.0014771403511986136,0.8,6.278933869907632e-05,0.0030987716745585203,0.015429923310875893,0.009753793478012085,0.0008420238737016916,9.155273872352154e-09,0.9999992251396179,9.020647048950195,node_conditioned,25,True,True,False,-69.960205078125,3.006220579147339,1.0583295822143555,1.3455098867416382,0.5879331827163696,1.1499894857406616,-69.71849060058594,2.5176074504852295,0.7913532002366783,-71.1454849243164,1.2082197666168213,0.0,0.0,0.0,0.015429923310875893,0.0,0.0,100,0.2,0.15,0.0,1056,curvature_stage2_mpnn_v3_5_edge_gain,True,,,,,normalized_degree|time_since_last_tx|consecutive_tx_attempts|congestion_ewma|self_information_increment,,,,,,,,,,,,,,,,0.0959579348564148,0.03362317383289337,0.0,mpnn,5,4,16,curvature_attention_max,32,38,422400,none,normalized_version_gap_with_gain,,4224.0,0.4539070725440979,0.4539070725440979,0.3298160135746002,,,,,0.5,0.0,,,,0.0959579348564148,0.03362317383289337,0.03801769018173218,0.05511632859706878,0.09253382682800293,0.1408838167786598,0.23325097560882568,0.033298615366220474,0.03362317383289337,0.01865927316248417
372,6.238013895489275,0.09717500003520399,0.09635890529216594,0.1,-0.0036410947078340666,-0.036410943437246324,-0.036410943437246324,0.09954629838466644,0.0,0.0,False,0.0003582721692509949,1.5694681406021118,0.3187837302684784,1.0139715413970407e-05,0.0,0.05,0.0013734906679019332,0.8,0.0003052104148082435,0.011478159576654434,0.01695055514574051,0.027395466342568398,0.0017092522466555238,-3.051757735406113e-09,0.9999992251396179,8.83693790435791,node_conditioned,25,True,True,False,-69.99169158935547,2.99751615524292,1.0172805786132812,1.3463499546051025,0.5604438781738281,1.2180486917495728,-69.37962341308594,2.375499963760376,0.7370826179378813,-71.50269317626953,0.8951370120048523,0.0,0.0,0.0,0.01695055514574051,0.0,0.0,100,0.2,0.1475,0.0,936,curvature_stage2_mpnn_v3_5_edge_gain,True,,,,,normalized_degree|time_since_last_tx|consecutive_tx_attempts|congestion_ewma|self_information_increment,,,,,,,,,,,,,,,,0.09954629838466644,0.03252017870545387,0.0,mpnn,5,4,16,curvature_attention_max,32,38,374400,none,normalized_version_gap_with_gain,,3744.0,0.45901596546173096,0.45901596546173096,0.3242991864681244,,,,,0.5,0.0,,,,0.09954629838466644,0.03252017870545387,0.03845134377479553,0.05915680825710297,0.09630745649337769,0.14448339343070982,0.20440208911895752,0.03224560245871544,0.03252017870545387,0.015143688768148422
373,6.192982575111091,0.10022500009275973,0.09829195269246283,0.1,-0.0017080473075371805,-0.017080471367324667,-0.017080471367324667,0.09999312460422516,0.0,0.0,False,0.0003379307163413614,1.537717342376709,0.31679871678352356,1.0069783456856385e-05,0.0,0.05,0.0012608622200787067,0.8,0.00022167715360410511,0.00859035924077034,0.017655298113822937,0.035630255937576294,0.0006022595334798098,-1.2207030941624453e-08,0.9999992251396179,7.583012580871582,node_conditioned,25,True,True,False,-69.48092651367188,3.057654857635498,1.0561766624450684,1.4141889810562134,0.5767942070960999,1.2550286054611206,-68.83011627197266,2.715798854827881,0.7864438696566134,-69.47538757324219,0.9788572788238525,0.0,0.0,0.0,0.017655298113822937,0.0,0.0,100,0.2,0.155,0.02,988,curvature_stage2_mpnn_v3_5_edge_gain,True,,,,,normalized_degree|time_since_last_tx|consecutive_tx_attempts|congestion_ewma|self_information_increment,,,,,,,,,,,,,,,,0.09999312460422516,0.03463893011212349,0.0,mpnn,5,4,16,curvature_attention_max,32,38,395200,none,normalized_version_gap_with_gain,,3952.0,0.4728170335292816,0.4728170335292816,0.3329658508300781,,,,,0.5,0.0,,,,0.09999312460422516,0.03463893011212349,0.03822007775306702,0.05836969017982483,0.09683378040790558,0.1459260761737823,0.2404502034187317,0.034360889345407486,0.03463893011212349,0.01854943111538887
374,6.796775491461158,0.10132499983068556,0.09980847626157419,0.1,-0.0001915237384258195,-0.0019152371927344757,-0.0019152371927344757,0.10231617093086243,0.0,0.0,False,0.0007017601164989173,1.8265234231948853,0.31902799010276794,8.291128324344754e-06,0.0,0.05,0.002790961181744933,0.8,0.0004232472274452448,0.013488446362316608,0.018220944330096245,0.09679298102855682,0.0037117470055818558,-4.577636758540393e-08,0.9999992251396179,7.745735168457031,node_conditioned,25,True,True,False,-69.57595825195312,3.1652679443359375,1.037979245185852,1.3458280563354492,0.5380170941352844,1.1832622289657593,-69.97798156738281,2.8251709938049316,0.8245826567247082,-70.87593078613281,0.9369608163833618,0.0,0.0,0.0,0.018220944330096245,0.0,0.0,100,0.2,0.165,0.04,1024,curvature_stage2_mpnn_v3_5_edge_gain,True,,,,,normalized_degree|time_since_last_tx|consecutive_tx_attempts|congestion_ewma|self_information_increment,,,,,,,,,,,,,,,,0.10231617093086243,0.03466178849339485,0.0,mpnn,5,4,16,curvature_attention_max,32,38,409600,none,normalized_version_gap_with_gain,,4096.0,0.4731324315071106,0.4731324315071106,0.3380005657672882,,,,,0.5,0.0,,,,0.10231617093086243,0.03466178849339485,0.03793114423751831,0.06023814678192139,0.09925304353237152,0.1494585067033768,0.23528793454170227,0.034364353865385056,0.03466178849339485,0.018441427499055862
375,6.693896959349513,0.09707499980926514,0.09844173803541967,0.1,-0.0015582619645803375,-0.015582618087541565,-0.015582618087541565,0.09762135148048401,0.0,0.0,False,0.00039640319300815463,1.7031852006912231,0.31069278717041016,1.0418726560601499e-05,0.0,0.05,0.004639150574803352,0.8,1.2223977137182374e-05,0.0009076358983293176,0.02392750419676304,0.01945696584880352,0.010416815988719463,3.662109548940862e-08,0.9999991655349731,6.812227249145508,node_conditioned,25,True,True,False,-69.26166534423828,3.08726167678833,1.0505229234695435,1.3878809213638306,0.548240065574646,1.2949328422546387,-69.52420806884766,2.7200684547424316,0.773360924322659,-70.35842895507812,1.259732723236084,0.0,0.0,0.0,0.02392750419676304,0.0,0.0,100,0.2,0.17,0.02,976,curvature_stage2_mpnn_v3_5_edge_gain,True,,,,,normalized_degree|time_since_last_tx|consecutive_tx_attempts|congestion_ewma|self_information_increment,,,,,,,,,,,,,,,,0.09762135148048401,0.031586501747369766,0.0,mpnn,5,4,16,curvature_attention_max,32,38,390400,none,normalized_version_gap_with_gain,,3904.0,0.45836761593818665,0.45836761593818665,0.3282056152820587,,,,,0.5,0.0,,,,0.09762135148048401,0.031586501747369766,0.03747338056564331,0.059914663434028625,0.09437723457813263,0.1405594915151596,0.23384779691696167,0.0312567837536335,0.031586501747369766,0.014491916634142399
376,6.7843174263648685,0.09547500014305114,0.09695836908923541,0.1,-0.0030416309107645922,-0.030416306066015315,-0.030416306066015315,0.09628653526306152,0.0,0.0,False,0.00025500968331471086,1.1764371395111084,0.31080272793769836,-5.179825279810757e-07,0.0,0.05,0.004557118285447359,0.8,2.5188423023791984e-05,0.001519885379821062,0.02679872326552868,0.03426266089081764,0.014990901574492455,4.2724607851596375e-08,0.9999992251396179,8.101615905761719,node_conditioned,25,True,True,False,-69.46349334716797,3.2115695476531982,1.0398324728012085,1.2948031425476074,0.5361499786376953,1.06687593460083,-69.87964630126953,2.8593058586120605,0.8607783862695306,-70.70663452148438,0.9844732284545898,0.0,0.0,0.0,0.02679872326552868,0.0,0.0,100,0.2,0.1425,0.0,904,curvature_stage2_mpnn_v3_5_edge_gain,True,,,,,normalized_degree|time_since_last_tx|consecutive_tx_attempts|congestion_ewma|self_information_increment,,,,,,,,,,,,,,,,0.09628653526306152,0.03244487941265106,0.0,mpnn,5,4,16,curvature_attention_max,32,38,361600,none,normalized_version_gap_with_gain,,3616.0,0.45110735297203064,0.45110735297203064,0.3168410062789917,,,,,0.5,0.0,,,,0.09628653526306152,0.03244487941265106,0.03659731149673462,0.05708874762058258,0.09153589606285095,0.14378148913383484,0.19726237654685974,0.03215743228793144,0.03244487941265106,0.016232872381806374
377,6.770550252012908,0.09784999982919544,0.09740418445921542,0.1,-0.002595815540784585,-0.02595815281203057,-0.02595815281203057,0.09718164056539536,0.0,0.0,False,0.0002311799325980246,1.3040695190429688,0.31427857279777527,-3.743471097550355e-06,0.0,0.05,0.0038095104973763227,0.8,0.00010637822560966015,0.0046335323713719845,0.020451422780752182,0.024264024570584297,0.0160908754914999,1.831054774470431e-08,0.9999991059303284,8.159259796142578,node_conditioned,25,True,True,False,-69.75193786621094,3.0573666095733643,1.094048023223877,1.3275504112243652,0.5340601205825806,1.134804129600525,-70.05453491210938,2.6373355388641357,0.8148554098170371,-70.93270874023438,0.9922004342079163,0.0,0.0,0.0,0.020451422780752182,0.0,0.0,100,0.2,0.16,0.03,882,curvature_stage2_mpnn_v3_5_edge_gain,True,,,,,normalized_degree|time_since_last_tx|consecutive_tx_attempts|congestion_ewma|self_information_increment,,,,,,,,,,,,,,,,0.09718164056539536,0.03371649980545044,0.0,mpnn,5,4,16,curvature_attention_max,32,38,352800,none,normalized_version_gap_with_gain,,3528.0,0.4457908570766449,0.4457908570766449,0.31198644638061523,,,,,0.5,0.0,,,,0.09718164056539536,0.03371649980545044,0.03716018795967102,0.05671305954456329,0.09370201826095581,0.14329396784305573,0.2294500470161438,0.03346439450979233,0.03371649980545044,0.018972864374518394
378,5.951548983938992,0.0996249999012798,0.0985145921802476,0.1,-0.001485407819752399,-0.014854076712116318,-0.014854076712116318,0.09676305204629898,0.0,0.0,False,0.00020143503206782043,1.8881027698516846,0.3140600025653839,-1.4109695257502608e-05,0.0,0.05,0.00266658584587276,0.8,0.00013858915190212429,0.004647477995604277,0.017245573922991753,0.017944401130080223,0.012693870812654495,4.2724607851596375e-08,0.9999991655349731,8.870574951171875,node_conditioned,25,True,True,False,-69.20381164550781,2.9118034839630127,1.1181310415267944,1.4637478590011597,0.5560567378997803,1.148503065109253,-68.24584197998047,2.4382848739624023,0.7781316090111648,-71.11165618896484,1.1772143840789795,0.0,0.0,0.0,0.017245573922991753,0.0,0.0,100,0.2,0.1625,0.03,986,curvature_stage2_mpnn_v3_5_edge_gain,True,,,,,normalized_degree|time_since_last_tx|consecutive_tx_attempts|congestion_ewma|self_information_increment,,,,,,,,,,,,,,,,0.09676305204629898,0.03290703892707825,0.0,mpnn,5,4,16,curvature_attention_max,32,38,394400,none,normalized_version_gap_with_gain,,3944.0,0.4744032025337219,0.4744032025337219,0.3297927975654602,,,,,0.5,0.0,,,,0.09676305204629898,0.03290703892707825,0.03730902075767517,0.056586972996592516,0.0930396318435669,0.14241829365491868,0.23284202814102173,0.032635852694511414,0.03290703892707825,0.01706666685640812
379,6.4227093508467075,0.09864999996032565,0.09858229607028662,0.1,-0.001417703929713382,-0.014177037879430032,-0.014177037879430032,0.09853460639715195,0.0,0.0,False,0.0003183115622960031,1.5282154083251953,0.3174932897090912,-1.7117843071901007e-06,0.0,0.05,0.002111482433974743,0.8,0.00023873840109445155,0.008801833726465702,0.01029939204454422,0.007647103630006313,0.010014738887548447,3.356933575560106e-08,0.9999992251396179,8.244608879089355,node_conditioned,25,True,True,False,-69.57862854003906,2.9542856216430664,0.9666409492492676,1.248046636581421,0.5870026350021362,1.2254387140274048,-69.3360595703125,2.695855140686035,0.7933715319363327,-70.8941879272461,1.1748276948928833,0.0,0.0,0.0,0.01029939204454422,0.0,0.0,100,0.2,0.1525,0.01,918,curvature_stage2_mpnn_v3_5_edge_gain,True,,,,,normalized_degree|time_since_last_tx|consecutive_tx_attempts|congestion_ewma|self_information_increment,,,,,,,,,,,,,,,,0.09853460639715195,0.03219020739197731,0.0,mpnn,5,4,16,curvature_attention_max,32,38,367200,none,normalized_version_gap_with_gain,,3672.0,0.4464870095252991,0.4464870095252991,0.3107373118400574,,,,,0.5,0.0,,,,0.09853460639715195,0.03219020739197731,0.03761434555053711,0.06020900309085846,0.09457165002822876,0.14245745241641997,0.23407891392707825,0.03188066557049751,0.03219020739197731,0.014619795605540276
380,5.918278277032077,0.09597500006202608,0.09727864806615635,0.1,-0.002721351933843652,-0.02721351661708486,-0.02721351661708486,0.09725167602300644,0.0,0.0,False,0.00014667212963104248,1.7255384922027588,0.3135380744934082,1.4366534060172853e-06,0.0,0.05,0.0015539861051365733,0.8,7.574162737000734e-05,0.003672841703519225,0.011411499232053757,0.003155504586175084,0.004125204868614674,-2.4414061883248905e-08,0.9999992251396179,7.464452743530273,node_conditioned,25,True,True,False,-68.13771057128906,2.8190619945526123,0.9354256987571716,1.3020750284194946,0.5401618480682373,1.3005377054214478,-67.20887756347656,2.174631357192993,0.6423365655563588,-68.22702026367188,0.8986163139343262,0.0,0.0,0.0,0.011411499232053757,0.0,0.0,100,0.2,0.155,0.01,1044,curvature_stage2_mpnn_v3_5_edge_gain,True,,,,,normalized_degree|time_since_last_tx|consecutive_tx_attempts|congestion_ewma|self_information_increment,,,,,,,,,,,,,,,,0.09725167602300644,0.03218640759587288,0.0,mpnn,5,4,16,curvature_attention_max,32,38,417600,none,normalized_version_gap_with_gain,,4176.0,0.48194703459739685,0.48194703459739685,0.34306469559669495,,,,,0.5,0.0,,,,0.09725167602300644,0.03218640759587288,0.03709423542022705,0.05752947926521301,0.09408619999885559,0.14008925557136534,0.23583510518074036,0.031859856098890305,0.03218640759587288,0.015073232352733612
381,7.1083401482924815,0.09647499994374811,0.09687682400495223,0.1,-0.003123175995047772,-0.03123175682730204,-0.03123175682730204,0.09827430546283722,0.0,0.0,False,0.0002456525107845664,2.5014398097991943,0.315463125705719,-2.6238139980705455e-06,0.0,0.05,0.0017227104399353266,0.8,0.00015584878565277904,0.006362640764564276,0.012421549297869205,0.01282729022204876,0.0037508683744817972,-1.2207030941624453e-08,0.9999991655349731,7.571985244750977,node_conditioned,25,True,True,False,-68.87419128417969,3.1359806060791016,0.98626309633255,1.5013713836669922,0.5467706322669983,1.064721941947937,-69.907958984375,2.9258787631988525,0.8675781044846576,-70.05071258544922,1.0102168321609497,0.0,0.0,0.0,0.012421549297869205,0.0,0.0,100,0.2,0.155,0.01,1026,curvature_stage2_mpnn_v3_5_edge_gain,True,,,,,normalized_degree|time_since_last_tx|consecutive_tx_attempts|congestion_ewma|self_information_increment,,,,,,,,,,,,,,,,0.09827430546283722,0.03143489733338356,0.0,mpnn,5,4,16,curvature_attention_max,32,38,410400,none,normalized_version_gap_with_gain,,4104.0,0.4602543115615845,0.4602543115615845,0.3293791115283966,,,,,0.5,0.0,,,,0.09827430546283722,0.03143489733338356,0.037742435932159424,0.059537568688392634,0.09475180506706238,0.1423339605331421,0.20016202330589294,0.031103305518627167,0.03143489733338356,0.0130762979388237
382,6.442987371385097,0.09567499976139515,0.09627591188317369,0.1,-0.003724088116826313,-0.03724087744417538,-0.03724087744417538,0.09572578221559525,0.0,0.0,False,7.888128311606124e-05,0.9819177985191345,0.3094194233417511,8.029920763874543e-07,0.0,0.05,0.0015144245699048042,0.8,9.394791049999185e-06,0.0006428424967452884,0.01649734377861023,0.019088998436927795,0.005315232090651989,-2.4414061883248905e-08,0.999998927116394,8.424983978271484,node_conditioned,25,True,True,False,-67.73027801513672,3.010772943496704,1.0006279945373535,1.2505472898483276,0.5586275458335876,0.9647296071052551,-67.82865142822266,2.6490402221679688,0.8673723554176298,-68.73080444335938,0.9701021313667297,0.0,0.0,0.0,0.01649734377861023,0.0,0.0,100,0.2,0.1675,0.02,972,curvature_stage2_mpnn_v3_5_edge_gain,True,,,,,normalized_degree|time_since_last_tx|consecutive_tx_attempts|congestion_ewma|self_information_increment,,,,,,,,,,,,,,,,0.09572578221559525,0.03351176157593727,0.0,mpnn,5,4,16,curvature_attention_max,32,38,388800,none,normalized_version_gap_with_gain,,3888.0,0.449199378490448,0.449199378490448,0.3190203309059143,,,,,0.5,0.0,,,,0.09572578221559525,0.03351176157593727,0.03684338927268982,0.05518447756767273,0.09300753101706505,0.13947093784809111,0.22888028621673584,0.033264294266700745,0.03351176157593727,0.018537091091275215
383,6.288100753799081,0.09930000002961606,0.09778795595639488,0.1,-0.0022120440436051297,-0.022120438224007475,-0.022120438224007475,0.09759654849767685,0.0,0.0,False,0.00022359103604685515,1.4427953958511353,0.31414952874183655,-5.81217318540439e-06,0.0,0.05,0.0020914296619594097,0.8,0.00012738136865664274,0.005061239004135132,0.008979861624538898,0.0033786401618272066,0.006872159894555807,3.662109548940862e-08,0.9999991655349731,7.931462287902832,node_conditioned,25,True,True,False,-68.17400360107422,2.785618543624878,0.9156317114830017,1.1982413530349731,0.528374433517456,1.1668610572814941,-67.87667083740234,2.3167896270751953,0.7463323391798969,-68.65947723388672,0.9506494998931885,0.0,0.0,0.0,0.008979861624538898,0.0,0.0,100,0.2,0.1475,0.0,938,curvature_stage2_mpnn_v3_5_edge_gain,True,,,,,normalized_degree|time_since_last_tx|consecutive_tx_attempts|congestion_ewma|self_information_increment,,,,,,,,,,,,,,,,0.09759654849767685,0.03317197784781456,0.0,mpnn,5,4,16,curvature_attention_max,32,38,375200,none,normalized_version_gap_with_gain,,3752.0,0.4687891900539398,0.4687891900539398,0.3231244683265686,,,,,0.5,0.0,,,,0.09759654849767685,0.03317197784781456,0.03736504912376404,0.05818973481655121,0.09337997436523438,0.1439489126205444,0.23475414514541626,0.03283984586596489,0.03317197784781456,0.016347652301192284
384,6.4935191938653585,0.09754999998025596,0.09766897796832541,0.1,-0.0023310220316745955,-0.023310217985724156,-0.023310217985724156,0.09698018431663513,0.0,0.0,False,0.0001025632955133915,1.2516109943389893,0.3126656115055084,-3.921275492757559e-06,0.0,0.05,0.0014268276281654835,0.8,4.199461545795202e-05,0.0023725545033812523,0.012286270968616009,0.008441731333732605,0.0049217455089092255,2.4414061883248905e-08,0.9999991655349731,7.157472133636475,node_conditioned,25,True,True,False,-68.44157409667969,3.1482417583465576,1.0556063652038574,1.416953206062317,0.5829078555107117,1.1137092113494873,-68.47962188720703,2.9848997592926025,0.860785617182074,-68.27735900878906,1.1349352598190308,0.0,0.0,0.0,0.012286270968616009,0.0,0.0,100,0.2,0.1575,0.02,1048,curvature_stage2_mpnn_v3_5_edge_gain,True,,,,,normalized_degree|time_since_last_tx|consecutive_tx_attempts|congestion_ewma|self_information_increment,,,,,,,,,,,,,,,,0.09698018431663513,0.033198121935129166,0.0,mpnn,5,4,16,curvature_attention_max,32,38,419200,none,normalized_version_gap_with_gain,,4192.0,0.4710675776004791,0.4710675776004791,0.3404206931591034,,,,,0.5,0.0,,,,0.09698018431663513,0.033198121935129166,0.037685781717300415,0.05646068155765533,0.09401264786720276,0.14079422354698182,0.23660093545913696,0.032954707741737366,0.033198121935129166,0.01721450313925743
385,6.485647471956908,0.10172499981708824,0.09969698889270683,0.1,-0.00030301110729318015,-0.0030301107699207243,-0.0030301107699207243,0.10054216533899307,0.0,0.0,False,0.0005695890868082643,1.04948091506958,0.3180486559867859,1.2444291314750444e-05,0.0,0.05,0.002305819420143962,0.8,0.0004256848187651485,0.013411547988653183,0.01664872281253338,0.04369572177529335,0.007229452487081289,0.0,0.9999990463256836,9.602721214294434,node_conditioned,25,True,True,False,-68.30400085449219,2.7906906604766846,1.1770285367965698,1.5801714658737183,0.5586945414543152,1.0283401012420654,-68.29072570800781,2.3166427612304688,0.8029595520925632,-68.62017822265625,1.2394033670425415,0.0,0.0,0.0,0.01664872281253338,0.0,0.0,100,0.2,0.1725,0.05,928,curvature_stage2_mpnn_v3_5_edge_gain,True,,,,,normalized_degree|time_since_last_tx|consecutive_tx_attempts|congestion_ewma|self_information_increment,,,,,,,,,,,,,,,,0.10054216533899307,0.03658523038029671,0.0,mpnn,5,4,16,curvature_attention_max,32,38,371200,none,normalized_version_gap_with_gain,,3712.0,0.44646918773651123,0.44646918773651123,0.3104349970817566,,,,,0.5,0.0,,,,0.10054216533899307,0.03658523038029671,0.03753894567489624,0.0566287487745285,0.09715025126934052,0.14958361387252805,0.23851385712623596,0.03628874570131302,0.03658523038029671,0.0220184288918972
386,6.4959618641063575,0.09822499974165112,0.09896099431717897,0.1,-0.0010390056828210315,-0.010390055789204735,-0.010390055789204735,0.09838169068098068,0.0,0.0,False,0.00028823307366110384,1.5853016376495361,0.3133169114589691,2.4634434794279514e-06,0.0,0.05,0.003041632240638137,0.8,0.00010147738794330508,0.00458364887163043,0.01155856903642416,0.01222812756896019,0.007254747673869133,-2.4414061883248905e-08,0.9999992847442627,6.901174545288086,node_conditioned,25,True,True,False,-68.2251968383789,2.953296422958374,0.9913567900657654,1.317899227142334,0.5360509157180786,1.257637858390808,-68.30397033691406,2.8061060905456543,0.7991355539185871,-69.08489227294922,0.9488139152526855,0.0,0.0,0.0,0.01155856903642416,0.0,0.0,100,0.2,0.1675,0.02,892,curvature_stage2_mpnn_v3_5_edge_gain,True,,,,,normalized_degree|time_since_last_tx|consecutive_tx_attempts|congestion_ewma|self_information_increment,,,,,,,,,,,,,,,,0.09838169068098068,0.03337278962135315,0.0,mpnn,5,4,16,curvature_attention_max,32,38,356800,none,normalized_version_gap_with_gain,,3568.0,0.44907477498054504,0.44907477498054504,0.30858686566352844,,,,,0.5,0.0,,,,0.09838169068098068,0.03337278962135315,0.03673273324966431,0.05785919725894928,0.09485283493995667,0.1452413409948349,0.23533639311790466,0.033062681555747986,0.03337278962135315,0.017111551016569138
387,8.082447491586208,0.09277499981690199,0.09586799706704048,0.1,-0.004132002932959525,-0.04132002519759273,-0.04132002519759273,0.09430775046348572,0.0,0.0,False,0.00011128113692393526,4.560832977294922,0.3056316673755646,-3.1845215744397137e-06,0.0,0.05,0.0019486990058794618,0.8,6.717440896863991e-07,8.990110654849559e-05,0.010310904122889042,0.01635865867137909,0.0069310907274484634,-7.934570334100499e-08,0.9999993443489075,4.08603048324585,node_conditioned,25,True,True,False,-69.67887115478516,3.5243098735809326,1.1967666149139404,1.7026115655899048,0.5708470940589905,1.4444730281829834,-72.24913787841797,3.9220991134643555,0.8643618918309415,-70.83253479003906,1.1478488445281982,0.0,0.0,0.0,0.010310904122889042,0.0,0.0,100,0.2,0.1575,0.01,956,curvature_stage2_mpnn_v3_5_edge_gain,True,,,,,normalized_degree|time_since_last_tx|consecutive_tx_attempts|congestion_ewma|self_information_increment,,,,,,,,,,,,,,,,0.09430775046348572,0.0323503315448761,0.0,mpnn,5,4,16,curvature_attention_max,32,38,382400,none,normalized_version_gap_with_gain,,3824.0,0.4268898367881775,0.4268898367881775,0.30568167567253113,,,,,0.5,0.0,,,,0.09430775046348572,0.0323503315448761,0.037220150232315063,0.05516473054885864,0.09063464403152466,0.13805553317070007,0.23105260729789734,0.03211704269051552,0.0323503315448761,0.017000999301671982
388,6.329438882321119,0.09459999999962747,0.09523399853333397,0.1,-0.004766001466666031,-0.04766000990065932,-0.04766000990065932,0.09674224257469177,0.0,0.0,False,0.00011857478239107877,3.276883125305176,0.31246620416641235,8.422773134952877e-06,0.0,0.05,0.0020089102908968925,0.8,3.116637162747793e-05,0.0018893569940701127,0.012546847574412823,0.014624150469899178,0.008588556200265884,-4.882812376649781e-08,0.9999991059303284,8.481786727905273,node_conditioned,25,True,True,False,-69.55052185058594,3.0054421424865723,0.9377996921539307,1.3585165739059448,0.552968442440033,1.0841445922851562,-69.08303833007812,2.5891592502593994,0.8246697456226757,-68.63121032714844,0.807490885257721,0.0,0.0,0.0,0.012546847574412823,0.0,0.0,100,0.2,0.15,0.0,968,curvature_stage2_mpnn_v3_5_edge_gain,True,,,,,normalized_degree|time_since_last_tx|consecutive_tx_attempts|congestion_ewma|self_information_increment,,,,,,,,,,,,,,,,0.09674224257469177,0.03251093626022339,0.0,mpnn,5,4,16,curvature_attention_max,32,38,387200,none,normalized_version_gap_with_gain,,3872.0,0.46738672256469727,0.46738672256469727,0.33052170276641846,,,,,0.5,0.0,,,,0.09674224257469177,0.03251093626022339,0.03742602467536926,0.057993623614311214,0.09284195303916931,0.14184710532426834,0.23013529181480408,0.03223099932074547,0.03251093626022339,0.015625936910510063
389,7.0014325772598385,0.09572499994188548,0.09547949923760973,0.1,-0.004520500762390273,-0.04520500310340242,-0.04520500310340242,0.0970320850610733,0.0,0.0,False,0.00010866878437809646,2.0670089721679688,0.3135191798210144,2.024141576839611e-05,0.0,0.05,0.0016477986937388778,0.8,6.106278306106105e-05,0.00300207338295877,0.01704374887049198,0.015730904415249825,0.008088515140116215,0.0,0.9999992847442627,6.851885795593262,node_conditioned,25,True,True,False,-71.29911804199219,3.2543039321899414,1.1469494104385376,1.4884990453720093,0.586158275604248,1.4273189306259155,-71.71483612060547,3.1611900329589844,0.7961358487838031,-71.57026672363281,1.2277942895889282,0.0,0.0,0.0,0.01704374887049198,0.0,0.0,100,0.2,0.1625,0.02,924,curvature_stage2_mpnn_v3_5_edge_gain,True,,,,,normalized_degree|time_since_last_tx|consecutive_tx_attempts|congestion_ewma|self_information_increment,,,,,,,,,,,,,,,,0.0970320850610733,0.03324349224567413,0.0,mpnn,5,4,16,curvature_attention_max,32,38,369600,none,normalized_version_gap_with_gain,,3696.0,0.42706143856048584,0.42706143856048584,0.3031750023365021,,,,,0.5,0.0,,,,0.0970320850610733,0.03324349224567413,0.03715527057647705,0.05680391788482666,0.09314054250717163,0.14414700269699096,0.23215079307556152,0.032984182238578796,0.03324349224567413,0.017853906378149986
390,6.96070706859231,0.0944749999186024,0.09497724957810608,0.1,-0.005022750421893929,-0.05022749919618937,-0.05022749919618937,0.09554538130760193,0.0,0.0,False,5.830149893881753e-05,1.5834051370620728,0.3109317123889923,1.3050410416326486e-05,0.0,0.05,0.0014433329924941063,0.8,2.378743920417037e-05,0.0012510207016021013,0.013563320972025394,0.016107872128486633,0.005702472757548094,0.0,0.9999992251396179,7.202305316925049,node_conditioned,25,True,True,False,-71.45289611816406,3.167186737060547,0.9714514017105103,1.3348987102508545,0.5791698098182678,1.2524341344833374,-71.84960174560547,3.115272283554077,0.838371544493795,-73.1898422241211,1.1162482500076294,0.0,0.0,0.0,0.013563320972025394,0.0,0.0,100,0.2,0.1575,0.01,1052,curvature_stage2_mpnn_v3_5_edge_gain,True,,,,,normalized_degree|time_since_last_tx|consecutive_tx_attempts|congestion_ewma|self_information_increment,,,,,,,,,,,,,,,,0.09554538130760193,0.03206009045243263,0.0,mpnn,5,4,16,curvature_attention_max,32,38,420800,none,normalized_version_gap_with_gain,,4208.0,0.45395132899284363,0.45395132899284363,0.3278917074203491,,,,,0.5,0.0,,,,0.09554538130760193,0.03206009045243263,0.03732728958129883,0.057046526670455934,0.09159431606531143,0.14027819931507113,0.22911706566810608,0.03177868202328682,0.03206009045243263,0.015549744479358196
391,7.056460097841918,0.09592499983496965,0.09545112470653785,0.1,-0.004548875293462151,-0.04548874838574667,-0.04548874838574667,0.0961683839559555,0.0,0.0,False,7.315412949537858e-05,1.441479206085205,0.3126298487186432,2.261580220874748e-06,0.0,0.05,0.0012644423404708505,0.8,7.119910151232034e-05,0.0029880946967750788,0.019244926050305367,0.015163986943662167,0.003950316458940506,-9.155273872352154e-09,0.9999991655349731,7.277812957763672,node_conditioned,25,True,True,False,-72.26464080810547,3.353111982345581,1.0415160655975342,1.5710736513137817,0.5548661947250366,1.1940044164657593,-72.73503112792969,3.3406667709350586,0.8722545145568797,-74.45562744140625,1.0433340072631836,0.0,0.0,0.0,0.019244926050305367,0.0,0.0,100,0.2,0.1425,0.0,998,curvature_stage2_mpnn_v3_5_edge_gain,True,,,,,normalized_degree|time_since_last_tx|consecutive_tx_attempts|congestion_ewma|self_information_increment,,,,,,,,,,,,,,,,0.0961683839559555,0.03184664994478226,0.0,mpnn,5,4,16,curvature_attention_max,32,38,399200,none,normalized_version_gap_with_gain,,3992.0,0.44774219393730164,0.44774219393730164,0.3152122497558594,,,,,0.5,0.0,,,,0.0961683839559555,0.03184664994478226,0.03744065761566162,0.05724899768829346,0.0924658328294754,0.14040345549583433,0.20431053638458252,0.0315605103969574,0.03184664994478226,0.014570697210729122
392,6.4187083319202065,0.09567500001285226,0.09556306235969506,0.1,-0.00443693764030495,-0.0443693719661123,-0.0443693719661123,0.09673844277858734,0.0,0.0,False,6.717944052070379e-05,1.5754199028015137,0.3131091296672821,1.8023902157437988e-05,0.0,0.05,0.0011986600002273917,0.8,6.662753730779514e-05,0.0029990256298333406,0.020382415503263474,0.013802241533994675,0.0007323410245589912,4.730224745230771e-08,0.9999989867210388,9.236909866333008,node_conditioned,25,True,True,False,-71.82418823242188,3.0750136375427246,1.0730358362197876,1.4105961322784424,0.547993004322052,1.0961687564849854,-71.24956512451172,2.4449315071105957,0.7989882482189489,-73.82574462890625,0.9912351965904236,0.0,0.0,0.0,0.020382415503263474,0.0,0.0,100,0.2,0.15,0.0,938,curvature_stage2_mpnn_v3_5_edge_gain,True,,,,,normalized_degree|time_since_last_tx|consecutive_tx_attempts|congestion_ewma|self_information_increment,,,,,,,,,,,,,,,,0.09673844277858734,0.03404382988810539,0.0,mpnn,5,4,16,curvature_attention_max,32,38,375200,none,normalized_version_gap_with_gain,,3752.0,0.4543096721172333,0.4543096721172333,0.3152204155921936,,,,,0.5,0.0,,,,0.09673844277858734,0.03404382988810539,0.03783208131790161,0.05578633546829224,0.0935090035200119,0.14347538352012634,0.23619449138641357,0.03380574658513069,0.03404382988810539,0.018697397783398628
393,6.379534089155495,0.09772499990649522,0.09664403113309514,0.1,-0.003355968866904868,-0.03355968531308015,-0.03355968531308015,0.09815108776092529,0.0,0.0,False,0.0002205418422818184,1.5601447820663452,0.3154333531856537,2.6701231945480686e-06,0.0,0.05,0.0014775863382965326,0.8,0.00015891838120296597,0.006374395918101072,0.0092627489939332,0.01538250595331192,0.0020255197305232286,-3.051757957450718e-08,0.9999991655349731,8.083331108093262,node_conditioned,25,True,True,False,-71.80474853515625,3.067349672317505,0.9899070858955383,1.3460052013397217,0.5700933933258057,1.252800464630127,-71.13788604736328,2.600224733352661,0.7678642675702795,-72.9495620727539,1.0400784015655518,0.0,0.0,0.0,0.0092627489939332,0.0,0.0,100,0.2,0.1475,0.0,1002,curvature_stage2_mpnn_v3_5_edge_gain,True,,,,,normalized_degree|time_since_last_tx|consecutive_tx_attempts|congestion_ewma|self_information_increment,,,,,,,,,,,,,,,,0.09815108776092529,0.03357981517910957,0.0,mpnn,5,4,16,curvature_attention_max,32,38,400800,none,normalized_version_gap_with_gain,,4008.0,0.4629605710506439,0.4629605710506439,0.32704147696495056,,,,,0.5,0.0,,,,0.09815108776092529,0.03357981517910957,0.038240134716033936,0.057328847050666806,0.09508936107158661,0.14360755980014797,0.21571147441864014,0.033298902213573456,0.03357981517910957,0.01667351834475994
394,6.576936617605388,0.10067499970085919,0.09865951541697716,0.1,-0.0013404845830228412,-0.013404844489743963,-0.013404844489743963,0.10202934592962265,0.0,0.0,False,0.0005952913779765368,1.2002733945846558,0.32004034519195557,-1.418016563548008e-05,0.0,0.05,0.001324714277870953,0.8,0.00045373826287686825,0.015257625840604305,0.01814902015030384,0.09236662834882736,0.00111606833525002,0.0,0.9999992251396179,8.80181884765625,node_conditioned,25,True,True,False,-71.6096420288086,3.1020596027374268,1.0292096138000488,1.3671365976333618,0.5639463663101196,1.094864845275879,-71.25231170654297,2.7939162254333496,0.8464342685709021,-71.29825592041016,1.2253614664077759,0.0,0.0,0.0,0.01814902015030384,0.0,0.0,100,0.2,0.145,0.0,988,curvature_stage2_mpnn_v3_5_edge_gain,True,,,,,normalized_degree|time_since_last_tx|consecutive_tx_attempts|congestion_ewma|self_information_increment,,,,,,,,,,,,,,,,0.10202934592962265,0.034190453588962555,0.0,mpnn,5,4,16,curvature_attention_max,32,38,395200,none,normalized_version_gap_with_gain,,3952.0,0.4718644320964813,0.4718644320964813,0.337496280670166,,,,,0.5,0.0,,,,0.10202934592962265,0.034190453588962555,0.037765294313430786,0.06103593111038208,0.09752638638019562,0.1506291061639786,0.21212255954742432,0.03391975536942482,0.034190453588962555,0.016469983384013176
395,6.597674252651632,0.09757499976549297,0.09811725759123507,0.1,-0.0018827424087649314,-0.018827422204907095,-0.018827422204907095,0.09982684254646301,0.0,0.0,False,0.00043203227687627077,1.2107529640197754,0.31359532475471497,-2.815590414684266e-05,0.0,0.05,0.0029050875455141068,0.8,0.0001469555136281997,0.004975378978997469,0.019270114600658417,0.028798984363675117,0.004077129065990448,-2.4414061883248905e-08,0.9999991655349731,9.049646377563477,node_conditioned,25,True,True,False,-70.88348388671875,2.941871404647827,1.0315302610397339,1.3392829895019531,0.5553494095802307,1.087110996246338,-70.75299072265625,2.566180467605591,0.8205376423970185,-73.1658706665039,1.1400771141052246,0.0,0.0,0.0,0.019270114600658417,0.0,0.0,100,0.2,0.145,0.0,912,curvature_stage2_mpnn_v3_5_edge_gain,True,,,,,normalized_degree|time_since_last_tx|consecutive_tx_attempts|congestion_ewma|self_information_increment,,,,,,,,,,,,,,,,0.09982684254646301,0.034884922206401825,0.0,mpnn,5,4,16,curvature_attention_max,32,38,364800,none,normalized_version_gap_with_gain,,3648.0,0.44959214329719543,0.44959214329719543,0.3135394752025604,,,,,0.5,0.0,,,,0.09982684254646301,0.034884922206401825,0.03734961152076721,0.05761758685111999,0.09559346362948418,0.14835818111896512,0.24098774790763855,0.034589581191539764,0.034884922206401825,0.018396183848381042
396,6.144556823112071,0.09485000001266598,0.09648362880195052,0.1,-0.003516371198049484,-0.03516370846412399,-0.03516370846412399,0.09583301842212677,0.0,0.0,False,0.00024287201813422143,1.4843342304229736,0.3081550896167755,-3.589677817217307e-06,0.0,0.05,0.0032736354041844606,0.8,6.973455583647592e-06,0.0004347960639279336,0.023579774424433708,0.029393384233117104,0.009807289578020573,1.831054774470431e-08,0.9999992251396179,8.318180084228516,node_conditioned,25,True,True,False,-69.66172790527344,2.8567700386047363,0.9441311359405518,1.2590738534927368,0.5454921722412109,1.195385456085205,-68.8889389038086,2.53462290763855,0.7775721306933686,-69.95429992675781,0.752198338508606,0.0,0.0,0.0,0.023579774424433708,0.0,0.0,100,0.2,0.14,0.0,912,curvature_stage2_mpnn_v3_5_edge_gain,True,,,,,normalized_degree|time_since_last_tx|consecutive_tx_attempts|congestion_ewma|self_information_increment,,,,,,,,,,,,,,,,0.09583301842212677,0.03210277110338211,0.0,mpnn,5,4,16,curvature_attention_max,32,38,364800,none,normalized_version_gap_with_gain,,3648.0,0.47125497460365295,0.47125497460365295,0.32899436354637146,,,,,0.5,0.0,,,,0.09583301842212677,0.03210277110338211,0.0400485098361969,0.05704737901687622,0.09187886118888855,0.1413880079984665,0.23505514860153198,0.03181357681751251,0.03210277110338211,0.014027945697307587
397,6.158968186825514,0.09572500016074628,0.0961043144813484,0.1,-0.0038956855186516037,-0.03895685129083091,-0.03895685129083091,0.09698978066444397,0.0,0.0,False,0.0002590438525658101,1.2052570581436157,0.31267261505126953,1.992631268876721e-06,0.0,0.05,0.003695074701681733,0.8,8.11504723969847e-05,0.003647445933893323,0.013663399964571,0.01176873967051506,0.013030768372118473,-2.1362303925798187e-08,0.9999991059303284,8.567047119140625,node_conditioned,25,True,True,False,-69.2993392944336,2.7750244140625,1.0141668319702148,1.43258535861969,0.5423226356506348,1.1197168827056885,-68.64741516113281,2.3577775955200195,0.7744666683875945,-70.98436737060547,1.2157944440841675,0.0,0.0,0.0,0.013663399964571,0.0,0.0,100,0.2,0.1525,0.02,962,curvature_stage2_mpnn_v3_5_edge_gain,True,,,,,normalized_degree|time_since_last_tx|consecutive_tx_attempts|congestion_ewma|self_information_increment,,,,,,,,,,,,,,,,0.09698978066444397,0.032643601298332214,0.0,mpnn,5,4,16,curvature_attention_max,32,38,384800,none,normalized_version_gap_with_gain,,3848.0,0.46028590202331543,0.46028590202331543,0.31780311465263367,,,,,0.5,0.0,,,,0.09698978066444397,0.032643601298332214,0.036774903535842896,0.0581534206867218,0.09304344654083252,0.1428831771016121,0.23739919066429138,0.032337307929992676,0.032643601298332214,0.015033034607768059
398,7.194392939992249,0.09584999985527247,0.09597715716831043,0.1,-0.004022842831689577,-0.04022842429405334,-0.04022842429405334,0.09564906358718872,0.0,0.0,False,0.00010411428957013413,2.4093008041381836,0.3108888566493988,4.492243533604778e-06,0.0,0.05,0.0028291591443121433,0.8,1.689827513473574e-05,0.0011893988121300936,0.018683459609746933,0.029056431725621223,0.0130033353343606,9.765624753299562e-08,0.9999991059303284,7.154778957366943,node_conditioned,25,True,True,False,-69.3765869140625,3.131495714187622,1.0485312938690186,1.6595423221588135,0.5520594716072083,1.067723035812378,-70.45603942871094,3.162907600402832,0.8860421649961072,-70.08643341064453,0.988366961479187,0.0,0.0,0.0,0.018683459609746933,0.0,0.0,100,0.2,0.14,0.0,908,curvature_stage2_mpnn_v3_5_edge_gain,True,,,,,normalized_degree|time_since_last_tx|consecutive_tx_attempts|congestion_ewma|self_information_increment,,,,,,,,,,,,,,,,0.09564906358718872,0.03259928524494171,0.0,mpnn,5,4,16,curvature_attention_max,32,38,363200,none,normalized_version_gap_with_gain,,3632.0,0.43039360642433167,0.43039360642433167,0.30849671363830566,,,,,0.5,0.0,,,,0.09564906358718872,0.03259928524494171,0.03665536642074585,0.05590018928050995,0.09166570007801056,0.14183739721775054,0.2046201527118683,0.03233504295349121,0.03259928524494171,0.016310499981045723
399,6.578349742777646,0.09852499982807786,0.09725107849819414,0.1,-0.002748921501805862,-0.027489212269137395,-0.027489212269137395,0.09701451659202576,0.0,0.0,False,0.00019681060803122818,1.572738766670227,0.3135749399662018,-1.3338488315639552e-05,0.0,0.05,0.0023882368113845587,0.8,0.0001255433016922325,0.0045767114497721195,0.014348747208714485,0.015292178839445114,0.0121897142380476,1.525878978725359e-08,0.9999992251396179,7.7178730964660645,node_conditioned,25,True,True,False,-68.99559783935547,2.947115898132324,1.1689411401748657,1.5418781042099,0.5827390551567078,1.2193992137908936,-69.06112670898438,2.6507771015167236,0.7883854881658898,-69.76276397705078,1.0942387580871582,0.0,0.0,0.0,0.014348747208714485,0.0,0.0,100,0.2,0.16,0.02,930,curvature_stage2_mpnn_v3_5_edge_gain,True,,,,,normalized_degree|time_since_last_tx|consecutive_tx_attempts|congestion_ewma|self_information_increment,,,,,,,,,,,,,,,,0.09701451659202576,0.03584855794906616,0.0,mpnn,5,4,16,curvature_attention_max,32,38,372000,none,normalized_version_gap_with_gain,,3720.0,0.44561493396759033,0.44561493396759033,0.31183576583862305,,,,,0.5,0.0,,,,0.09701451659202576,0.03584855794906616,0.03701934218406677,0.055168834328651425,0.0931519865989685,0.1443924844264984,0.23649060726165771,0.03556452691555023,0.03584855794906616,0.021237876266241074
400,6.991718441471457,0.09534999995026737,0.09630053922423076,0.1,-0.003699460775769242,-0.03699460405823202,-0.03699460405823202,0.09491632133722305,0.0,0.0,False,-7.66446246416308e-05,1.0166079998016357,0.3103741407394409,4.316881131671835e-06,0.0,0.05,0.0014447132125496864,0.8,1.7892170944833197e-05,0.0012727710418403149,0.03519538789987564,0.038787223398685455,0.005300420336425304,-3.662109548940862e-08,0.9999989867210388,8.159690856933594,node_conditioned,25,True,True,False,-69.72335052490234,3.1818740367889404,1.0232365131378174,1.431288480758667,0.5521096587181091,0.9473534226417542,-70.42475128173828,2.9878296852111816,0.899466153862131,-70.58840942382812,1.2254009246826172,0.0,0.0,0.0,0.03519538789987564,0.0,0.0,100,0.2,0.1725,0.01,956,curvature_stage2_mpnn_v3_5_edge_gain,True,,,,,normalized_degree|time_since_last_tx|consecutive_tx_attempts|congestion_ewma|self_information_increment,,,,,,,,,,,,,,,,0.09491632133722305,0.032727617770433426,0.0,mpnn,5,4,16,curvature_attention_max,32,38,382400,none,normalized_version_gap_with_gain,,3824.0,0.44174399971961975,0.44174399971961975,0.312946617603302,,,,,0.5,0.0,,,,0.09491632133722305,0.032727617770433426,0.03716152906417847,0.05603037774562836,0.09187100827693939,0.13934491872787474,0.2388535439968109,0.03244880214333534,0.032727617770433426,0.016256604343652725
401,7.2213378746062515,0.09932499976363034,0.09781276949393056,0.1,-0.0021872305060694486,-0.0218723028734642,-0.0218723028734642,0.09970418363809586,0.0,0.0,False,0.0004992823814973235,2.349759101867676,0.31968364119529724,-4.155930128035834e-06,0.0,0.05,0.0013589255977422,0.8,0.00048028628225438297,0.015139724127948284,0.017193228006362915,0.026180265471339226,0.0038474109023809433,1.831054774470431e-08,0.9999994039535522,5.363429546356201,node_conditioned,25,True,True,False,-70.66067504882812,3.2288460731506348,1.0410031080245972,1.541160225868225,0.5493174195289612,1.5036779642105103,-71.60009765625,3.2925257682800293,0.7914302619294348,-71.90770721435547,1.1601860523223877,0.0,0.0,0.0,0.017193228006362915,0.0,0.0,100,0.2,0.155,0.01,878,curvature_stage2_mpnn_v3_5_edge_gain,True,,,,,normalized_degree|time_since_last_tx|consecutive_tx_attempts|congestion_ewma|self_information_increment,,,,,,,,,,,,,,,,0.09970418363809586,0.03381183743476868,0.0,mpnn,5,4,16,curvature_attention_max,32,38,351200,none,normalized_version_gap_with_gain,,3512.0,0.42209261655807495,0.42209261655807495,0.29828187823295593,,,,,0.5,0.0,,,,0.09970418363809586,0.03381183743476868,0.03734201192855835,0.05878901258111,0.0956258624792099,0.14715582132339475,0.23232781887054443,0.033525250852108,0.03381183743476868,0.01625543273985386
402,6.144705559946597,0.10022499993443489,0.09901888471418271,0.1,-0.0009811152858172911,-0.009811151877057724,-0.009811151877057724,0.09917530417442322,0.0,0.0,False,0.0003096953150816262,2.171121597290039,0.316085547208786,5.031497039453825e-06,0.0,0.05,0.001536051626317203,0.8,0.00020652553939726204,0.00767300883308053,0.01686757616698742,0.02277434803545475,0.0007434279541485012,8.544921570319275e-08,0.9999989867210388,9.614662170410156,node_conditioned,25,True,True,False,-70.13178253173828,2.823774814605713,0.9582105278968811,1.3280977010726929,0.5456802248954773,1.0445396900177002,-69.29094696044922,2.311600685119629,0.795814803301986,-70.69412994384766,1.0104800462722778,0.0,0.0,0.0,0.01686757616698742,0.0,0.0,100,0.2,0.1675,0.04,986,curvature_stage2_mpnn_v3_5_edge_gain,True,,,,,normalized_degree|time_since_last_tx|consecutive_tx_attempts|congestion_ewma|self_information_increment,,,,,,,,,,,,,,,,0.09917530417442322,0.033785831183195114,0.0,mpnn,5,4,16,curvature_attention_max,32,38,394400,none,normalized_version_gap_with_gain,,3944.0,0.4677495062351227,0.4677495062351227,0.33024001121520996,,,,,0.5,0.0,,,,0.09917530417442322,0.033785831183195114,0.037633031606674194,0.05822172462940216,0.09574863314628601,0.14474445283412932,0.2379630208015442,0.033474817872047424,0.033785831183195114,0.01621376909315586
403,6.134410109333694,0.1014000000199303,0.1002094423670565,0.1,0.00020944236705650043,0.002094423461122658,0.002094423461122658,0.10118795186281204,0.0,2.0944234611226583e-05,False,0.00047029953566379845,1.2075636386871338,0.3178962171077728,1.3931499779573642e-05,0.0,0.05,0.0018190420232713223,0.8,0.0003071794635616243,0.01108933612704277,0.016322368755936623,0.0622359924018383,0.0025762266013771296,-1.5258788677030566e-09,0.9999990463256836,9.4853515625,node_conditioned,25,True,True,False,-70.44621276855469,2.902898073196411,1.094304084777832,1.395925521850586,0.5544755458831787,1.0663866996765137,-69.5456314086914,2.3969216346740723,0.8020653518571859,-71.10116577148438,1.0317356586456299,0.0,0.0,0.0,0.016322368755936623,0.0,0.0,100,0.2,0.1675,0.02,1068,curvature_stage2_mpnn_v3_5_edge_gain,True,,,,,normalized_degree|time_since_last_tx|consecutive_tx_attempts|congestion_ewma|self_information_increment,,,,,,,,,,,,,,,,0.10118795186281204,0.035575151443481445,0.0,mpnn,5,4,16,curvature_attention_max,32,38,427200,none,normalized_version_gap_with_gain,,4272.0,0.48280131816864014,0.48280131816864014,0.3443000316619873,,,,,0.5,0.0,,,,0.10118795186281204,0.035575151443481445,0.03757914900779724,0.05846733450889587,0.09760379791259766,0.14915239810943604,0.23784592747688293,0.035329002887010574,0.035575151443481445,0.018660597503185272
404,7.101764393784106,0.09972500004805625,0.09996722120755638,0.1,-3.277879244362181e-05,-0.0003277878916574289,-0.0003277878916574289,0.10051614046096802,2.0944234611226583e-05,1.7666355694652294e-05,False,0.00045511056669056416,2.5692312717437744,0.31526777148246765,1.0552377034400706e-06,0.0,0.05,0.004269969649612904,0.8,0.00015450270439032465,0.0060483841225504875,0.012093963101506233,0.04355346038937569,0.008983380161225796,-1.2207030941624453e-08,0.9999992251396179,6.013926982879639,node_conditioned,25,True,True,False,-70.7615966796875,3.362983465194702,1.1396795511245728,1.5414683818817139,0.539331316947937,1.3063156604766846,-71.47628021240234,3.613494873046875,0.8693102872407323,-71.38555908203125,1.172615647315979,1.6569829952572945e-08,6.229042355698766e-06,2.0149627744103782e-05,0.012093963101506233,5.281545782054309e-06,0.0004367089076290837,100,0.2,0.1725,0.01,924,curvature_stage2_mpnn_v3_5_edge_gain,True,,,,,normalized_degree|time_since_last_tx|consecutive_tx_attempts|congestion_ewma|self_information_increment,,,,,,,,,,,,,,,,0.10051614046096802,0.03568954020738602,0.0,mpnn,5,4,16,curvature_attention_max,32,38,369600,none,normalized_version_gap_with_gain,,3696.0,0.45210155844688416,0.45210155844688416,0.31727394461631775,,,,,0.5,0.0,,,,0.10051614046096802,0.03568954020738602,0.036647647619247437,0.05821692645549774,0.0964125543832779,0.14947211146354675,0.24090182781219482,0.035396941006183624,0.03568954020738602,0.019280238077044487
405,6.936259598061443,0.09447499979753048,0.09722111050254342,0.1,-0.0027788894974565825,-0.027788892195676606,-0.027788892195676606,0.09739881753921509,1.7666355694652294e-05,0.0,False,0.0003176721802446991,1.9588285684585571,0.31089434027671814,-2.824889998009894e-05,0.0,0.05,0.004406289663165808,0.8,3.129325341433287e-05,0.0018147890223190188,0.01655583269894123,0.011490708217024803,0.011880421079695225,2.4414061883248905e-08,0.9999992251396179,6.066965103149414,node_conditioned,25,True,True,False,-70.37409210205078,3.252166509628296,1.0002933740615845,1.4226109981536865,0.5457546710968018,1.386191725730896,-70.82482147216797,3.1577606201171875,0.8072971472574846,-70.0375747680664,0.8556797504425049,5.1653017862918205e-08,5.139575932844309e-06,1.6995385522022843e-05,0.01655583269894123,4.3139020817761775e-06,0.000260566747354519,100,0.2,0.13,0.0,918,curvature_stage2_mpnn_v3_5_edge_gain,True,,,,,normalized_degree|time_since_last_tx|consecutive_tx_attempts|congestion_ewma|self_information_increment,,,,,,,,,,,,,,,,0.09739881753921509,0.03297976404428482,0.0,mpnn,5,4,16,curvature_attention_max,32,38,367200,none,normalized_version_gap_with_gain,,3672.0,0.44797202944755554,0.44797202944755554,0.314532071352005,,,,,0.5,0.0,,,,0.09739881753921509,0.03297976404428482,0.03664478659629822,0.05820873975753784,0.09280475974082947,0.1456277221441269,0.20495375990867615,0.03268157318234444,0.03297976404428482,0.015320232138037682
406,6.320046709440649,0.09522499995306134,0.09622305522780239,0.1,-0.0037769447721976157,-0.03776944394503176,-0.03776944394503176,0.09553074091672897,0.0,0.0,False,0.00025638125953264534,1.7022781372070312,0.309337317943573,4.757332590088481e-07,0.0,0.05,0.004659818951040506,0.8,3.0268964110291563e-05,0.001363949733786285,0.018556639552116394,0.02823944389820099,0.01587488502264023,3.051757735406113e-09,0.9999991655349731,7.780291557312012,node_conditioned,25,True,True,False,-70.12457275390625,3.009366512298584,1.0134015083312988,1.5362553596496582,0.5655368566513062,1.1919084787368774,-69.64209747314453,2.8678486347198486,0.8272677920373611,-71.71343231201172,1.4430184364318848,0.0,0.0,0.0,0.018556639552116394,0.0,0.0,100,0.2,0.1475,0.0,984,curvature_stage2_mpnn_v3_5_edge_gain,True,,,,,normalized_degree|time_since_last_tx|consecutive_tx_attempts|congestion_ewma|self_information_increment,,,,,,,,,,,,,,,,0.09553074091672897,0.03246932849287987,0.0,mpnn,5,4,16,curvature_attention_max,32,38,393600,none,normalized_version_gap_with_gain,,3936.0,0.4610370099544525,0.4610370099544525,0.328431636095047,,,,,0.5,0.0,,,,0.09553074091672897,0.03246932849287987,0.036465734243392944,0.05634372234344483,0.09149546921253204,0.14021454751491547,0.22562474012374878,0.03217224031686783,0.03246932849287987,0.015611613169312477
407,6.2907436860725285,0.0931499998876825,0.09468652755774244,0.1,-0.0053134724422575635,-0.05313471910910372,-0.05313471910910372,0.09527900069952011,0.0,0.0,False,7.937051123008132e-05,1.530104637145996,0.31088554859161377,3.3873075153678656e-05,0.0,0.05,0.002535679377615452,0.8,4.7789184463908896e-05,0.0020543518476188183,0.025108151137828827,0.0320436954498291,0.01235827337950468,-1.2207030941624453e-08,0.9999991059303284,7.484678268432617,node_conditioned,25,True,True,False,-70.14730072021484,2.9092957973480225,0.9585685133934021,1.4510693550109863,0.542630136013031,1.2363848686218262,-69.65458679199219,2.6319222450256348,0.7793209139302839,-73.13050079345703,1.0198695659637451,0.0,0.0,0.0,0.025108151137828827,0.0,0.0,100,0.2,0.1425,0.0,1140,curvature_stage2_mpnn_v3_5_edge_gain,True,,,,,normalized_degree|time_since_last_tx|consecutive_tx_attempts|congestion_ewma|self_information_increment,,,,,,,,,,,,,,,,0.09527900069952011,0.03191117197275162,0.0,mpnn,5,4,16,curvature_attention_max,32,38,456000,none,normalized_version_gap_with_gain,,4560.0,0.4886143207550049,0.4886143207550049,0.35389700531959534,,,,,0.5,0.0,,,,0.09527900069952011,0.03191117197275162,0.03634616732597351,0.056813782453536986,0.09147121012210846,0.13920967578887938,0.2338806390762329,0.03158283233642578,0.03191117197275162,0.014225473627448082
408,6.993620447590947,0.09450000003911554,0.094593263798429,0.1,-0.005406736201571005,-0.05406735660897439,-0.05406735660897439,0.09422746300697327,0.0,0.0,False,-4.085936234332621e-05,1.6576355695724487,0.309796005487442,1.6320296708727255e-05,0.0,0.05,0.0017122534336522222,0.8,7.2071720751409885e-06,0.0004906331305392087,0.022775141522288322,0.03323584049940109,0.01124587282538414,3.814697180359872e-08,0.9999989867210388,6.938795566558838,node_conditioned,25,True,True,False,-70.6020278930664,3.3101041316986084,1.0435950756072998,1.417618751525879,0.5437103509902954,1.1237410306930542,-71.1507568359375,2.9755232334136963,0.8573716924971565,-71.05593872070312,0.9846445918083191,0.0,0.0,0.0,0.022775141522288322,0.0,0.0,100,0.2,0.1425,0.0,962,curvature_stage2_mpnn_v3_5_edge_gain,True,,,,,normalized_degree|time_since_last_tx|consecutive_tx_attempts|congestion_ewma|self_information_increment,,,,,,,,,,,,,,,,0.09422746300697327,0.03124270960688591,0.0,mpnn,5,4,16,curvature_attention_max,32,38,384800,none,normalized_version_gap_with_gain,,3848.0,0.4621879756450653,0.4621879756450653,0.3287365436553955,,,,,0.5,0.0,,,,0.09422746300697327,0.03124270960688591,0.03668785095214844,0.05697826445102692,0.08979538083076477,0.13830552399158474,0.1958860456943512,0.030977655202150345,0.03124270960688591,0.013094236142933369
409,6.439866415895522,0.10354999974835664,0.09907163177339282,0.1,-0.0009283682266071902,-0.009283681337703768,-0.009283681337703768,0.1030111238360405,0.0,0.0,False,0.0015162037452682853,1.468928337097168,0.3240537941455841,1.174850808638439e-06,0.0,0.05,0.0033805062994360924,0.8,0.0013173444895073771,0.0290715079754591,0.016331586986780167,0.11822039633989334,0.010135320015251637,1.2207030941624453e-08,0.9999991655349731,7.168108940124512,node_conditioned,25,True,True,False,-69.9183120727539,2.9782750606536865,1.0201412439346313,1.3483761548995972,0.5540173053741455,1.1840537786483765,-69.69481658935547,2.6982154846191406,0.8074295997604992,-72.27484130859375,1.315163016319275,0.0,0.0,0.0,0.016331586986780167,0.0,0.0,100,0.2,0.19,0.03,972,curvature_stage2_mpnn_v3_5_edge_gain,True,,,,,normalized_degree|time_since_last_tx|consecutive_tx_attempts|congestion_ewma|self_information_increment,,,,,,,,,,,,,,,,0.1030111238360405,0.03465816751122475,0.0,mpnn,5,4,16,curvature_attention_max,32,38,388800,none,normalized_version_gap_with_gain,,3888.0,0.4702557921409607,0.4702557921409607,0.33115556836128235,,,,,0.5,0.0,,,,0.1030111238360405,0.03465816751122475,0.038285255432128906,0.06167441010475159,0.09919595718383789,0.15006866157054902,0.2396203875541687,0.034320954233407974,0.03465816751122475,0.015956854447722435
410,6.298866923488677,0.09572499990463257,0.09739831583901269,0.1,-0.0026016841609873137,-0.026016839008189237,-0.026016839008189237,0.09558049589395523,0.0,0.0,False,0.00026320660253986716,1.362673282623291,0.3065463602542877,1.3884168765798677e-05,0.0,0.05,0.0031754272058606148,0.8,1.8718483829616162e-07,3.078020745306276e-05,0.020174453034996986,0.026397496461868286,0.008238851092755795,-6.103515470812226e-09,0.9999991655349731,7.622319221496582,node_conditioned,25,True,True,False,-69.52789306640625,2.964822292327881,0.9653928875923157,1.32951021194458,0.532235860824585,1.151597023010254,-69.07111358642578,2.9141831398010254,0.843840879676991,-70.25247955322266,0.8730858564376831,0.0,0.0,0.0,0.020174453034996986,0.0,0.0,100,0.2,0.1425,0.0,1010,curvature_stage2_mpnn_v3_5_edge_gain,True,,,,,normalized_degree|time_since_last_tx|consecutive_tx_attempts|congestion_ewma|self_information_increment,,,,,,,,,,,,,,,,0.09558049589395523,0.032144200056791306,0.0,mpnn,5,4,16,curvature_attention_max,32,38,404000,none,normalized_version_gap_with_gain,,4040.0,0.47448983788490295,0.47448983788490295,0.33295738697052,,,,,0.5,0.0,,,,0.09558049589395523,0.032144200056791306,0.03602442145347595,0.05653645098209381,0.09185925126075745,0.139514023065567,0.23705792427062988,0.03188023343682289,0.032144200056791306,0.014314177446067333
411,6.907218428477645,0.09424999995157123,0.09582415789529196,0.1,-0.004175842104708047,-0.04175841687123878,-0.04175841687123878,0.09500664472579956,0.0,0.0,False,0.00019410847744438797,1.6159160137176514,0.3070843815803528,-1.4026740018380224e-06,0.0,0.05,0.003309499705210328,0.8,2.26154261326883e-05,0.0011921178083866835,0.018326466903090477,0.022758472710847855,0.011215203441679478,-1.2207030941624453e-08,0.9999991059303284,7.073712348937988,node_conditioned,25,True,True,False,-69.85181427001953,3.0893476009368896,1.0248212814331055,1.4737604856491089,0.5469751954078674,1.1180919408798218,-70.43521881103516,2.8286502361297607,0.8437584627191629,-72.16828155517578,0.8338649272918701,0.0,0.0,0.0,0.018326466903090477,0.0,0.0,100,0.2,0.15,0.0,1060,curvature_stage2_mpnn_v3_5_edge_gain,True,,,,,normalized_degree|time_since_last_tx|consecutive_tx_attempts|congestion_ewma|self_information_increment,,,,,,,,,,,,,,,,0.09500664472579956,0.03411848470568657,0.0,mpnn,5,4,16,curvature_attention_max,32,38,424000,none,normalized_version_gap_with_gain,,4240.0,0.46406179666519165,0.46406179666519165,0.33682194352149963,,,,,0.5,0.0,,,,0.09500664472579956,0.03411848470568657,0.03601238131523132,0.05423815250396729,0.09126691520214081,0.14080618619918822,0.23152852058410645,0.033810872584581375,0.03411848470568657,0.018831906840205193
412,6.526047466769814,0.09752499980852009,0.09667457885190603,0.1,-0.0033254211480939766,-0.03325420815551895,-0.03325420815551895,0.09631123393774033,0.0,0.0,False,0.0002474909124430269,1.2782566547393799,0.31126582622528076,-6.6421657720638905e-06,0.0,0.05,0.0041603995487093925,0.8,4.9730948376236483e-05,0.0025862581096589565,0.007225283421576023,0.012981395237147808,0.014691252261400223,-1.831054774470431e-08,0.9999991059303284,7.718386650085449,node_conditioned,25,True,True,False,-69.69470977783203,2.964101552963257,1.040949821472168,1.3542695045471191,0.531197190284729,1.1129473447799683,-69.63941955566406,2.697869300842285,0.8298204274723568,-71.96717071533203,1.1037979125976562,0.0,0.0,0.0,0.007225283421576023,0.0,0.0,100,0.2,0.14,0.0,1040,curvature_stage2_mpnn_v3_5_edge_gain,True,,,,,normalized_degree|time_since_last_tx|consecutive_tx_attempts|congestion_ewma|self_information_increment,,,,,,,,,,,,,,,,0.09631123393774033,0.033827949315309525,0.0,mpnn,5,4,16,curvature_attention_max,32,38,416000,none,normalized_version_gap_with_gain,,4160.0,0.46866917610168457,0.46866917610168457,0.3337656557559967,,,,,0.5,0.0,,,,0.09631123393774033,0.033827949315309525,0.03641766309738159,0.05557573512196541,0.09195153415203094,0.14528019726276398,0.22909575700759888,0.033515263348817825,0.033827949315309525,0.017807358875870705
413,6.166645715609193,0.0970499997586012,0.09686228930525362,0.1,-0.0031377106947463873,-0.03137710380975349,-0.03137710380975349,0.09758468717336655,0.0,0.0,False,0.000254194310400635,1.4832860231399536,0.31503140926361084,4.139682459936012e-06,0.0,0.05,0.0033952156081795692,0.8,0.00013105828838888556,0.005869196727871895,0.020487671718001366,0.016834793612360954,0.014335629530251026,-7.629394893626795e-09,0.9999991059303284,8.137887001037598,node_conditioned,25,True,True,False,-69.35095977783203,2.736833333969116,0.9113594889640808,1.3441672325134277,0.5455712676048279,1.1430490016937256,-68.66474914550781,2.4227304458618164,0.7774029206137117,-70.11756134033203,0.8751298189163208,0.0,0.0,0.0,0.020487671718001366,0.0,0.0,100,0.2,0.145,0.0,986,curvature_stage2_mpnn_v3_5_edge_gain,True,,,,,normalized_degree|time_since_last_tx|consecutive_tx_attempts|congestion_ewma|self_information_increment,,,,,,,,,,,,,,,,0.09758468717336655,0.03287478908896446,0.0,mpnn,5,4,16,curvature_attention_max,32,38,394400,none,normalized_version_gap_with_gain,,3944.0,0.46561089158058167,0.46561089158058167,0.3278407156467438,,,,,0.5,0.0,,,,0.09758468717336655,0.03287478908896446,0.036648619920015335,0.057919239997863775,0.0930035412311554,0.1443277895450592,0.23537719249725342,0.032580628991127014,0.03287478908896446,0.01480170339345932
414,6.282591921016574,0.09539999975357205,0.09613114452941283,0.1,-0.003868855470587171,-0.038688550837016625,-0.038688550837016625,0.09546338021755219,0.0,0.0,False,4.058758349856362e-05,1.0395474433898926,0.3109591603279114,1.788751433196012e-06,0.0,0.05,0.0016124806134030223,0.8,1.7055835996870883e-05,0.0011934202630072832,0.01770883798599243,0.023305362090468407,0.008151653222739697,-4.882812376649781e-08,0.9999990463256836,8.660043716430664,node_conditioned,25,True,True,False,-68.87841033935547,2.797017812728882,0.927069902420044,1.297848105430603,0.5391033291816711,1.0365983247756958,-68.43540954589844,2.351715087890625,0.805709503892902,-68.62519836425781,0.8468080163002014,0.0,0.0,0.0,0.01770883798599243,0.0,0.0,100,0.2,0.145,0.0,972,curvature_stage2_mpnn_v3_5_edge_gain,True,,,,,normalized_degree|time_since_last_tx|consecutive_tx_attempts|congestion_ewma|self_information_increment,,,,,,,,,,,,,,,,0.09546338021755219,0.03197114169597626,0.0,mpnn,5,4,16,curvature_attention_max,32,38,388800,none,normalized_version_gap_with_gain,,3888.0,0.4678678512573242,0.4678678512573242,0.3291345536708832,,,,,0.5,0.0,,,,0.09546338021755219,0.03197114169597626,0.037499070167541504,0.05622123293578625,0.09171856939792633,0.14011055529117583,0.20006483793258667,0.0317024365067482,0.03197114169597626,0.013300052843987942
415,6.659540906473994,0.09782499990891665,0.09697807221916474,0.1,-0.003021927780835265,-0.030219274786425172,-0.030219274786425172,0.09896437078714371,0.0,0.0,False,0.0003197744081262499,1.724591851234436,0.31828755140304565,1.3908693290431984e-05,0.0,0.05,0.001504330663010478,0.8,0.0002885031863115728,0.009789242409169674,0.017790133133530617,0.006412319839000702,0.0070884800516068935,6.103515470812226e-09,0.9999992251396179,6.266628742218018,node_conditioned,25,True,True,False,-68.8851318359375,3.018012762069702,0.9371308088302612,1.270010232925415,0.5283079743385315,1.2195141315460205,-69.16454315185547,2.949738025665283,0.8290745350407583,-70.35566711425781,0.8974516987800598,0.0,0.0,0.0,0.017790133133530617,0.0,0.0,100,0.2,0.1575,0.02,1016,curvature_stage2_mpnn_v3_5_edge_gain,True,,,,,normalized_degree|time_since_last_tx|consecutive_tx_attempts|congestion_ewma|self_information_increment,,,,,,,,,,,,,,,,0.09896437078714371,0.03263260796666145,0.0,mpnn,5,4,16,curvature_attention_max,32,38,406400,none,normalized_version_gap_with_gain,,4064.0,0.47176653146743774,0.47176653146743774,0.3371153771877289,,,,,0.5,0.0,,,,0.09896437078714371,0.03263260796666145,0.037289977073669434,0.05927378833293915,0.0952974259853363,0.14425503611564636,0.23808622360229492,0.03236193209886551,0.03263260796666145,0.013664099387824535
416,6.777871464677155,0.09697499994654209,0.09697653608285342,0.1,-0.003023463917146585,-0.030234636148002234,-0.030234636148002234,0.09748897701501846,0.0,0.0,False,0.0001483668020227924,1.2828328609466553,0.31346338987350464,5.02839611726813e-07,0.0,0.05,0.0016556479968130589,0.8,8.515227091265842e-05,0.004227624740451574,0.01756403036415577,0.007785835303366184,0.00503435218706727,-5.493163968139925e-08,0.9999991059303284,7.148588180541992,node_conditioned,25,True,True,False,-68.4833984375,2.8884096145629883,1.0838582515716553,1.563793659210205,0.5414945483207703,1.07595956325531,-69.02803039550781,2.6662631034851074,0.8371506910264753,-70.42894744873047,1.1570566892623901,0.0,0.0,0.0,0.01756403036415577,0.0,0.0,100,0.2,0.16,0.02,976,curvature_stage2_mpnn_v3_5_edge_gain,True,,,,,normalized_degree|time_since_last_tx|consecutive_tx_attempts|congestion_ewma|self_information_increment,,,,,,,,,,,,,,,,0.09748897701501846,0.03451895713806152,0.0,mpnn,5,4,16,curvature_attention_max,32,38,390400,none,normalized_version_gap_with_gain,,3904.0,0.4516708552837372,0.4516708552837372,0.31831011176109314,,,,,0.5,0.0,,,,0.09748897701501846,0.03451895713806152,0.03683442249894142,0.05593422651290894,0.0937274843454361,0.14509943425655364,0.23553532361984253,0.03424366936087608,0.03451895713806152,0.01819014735519886
417,6.638125244863331,0.09714999991469085,0.09706326799877213,0.1,-0.0029367320012278764,-0.029367317075547055,-0.029367317075547055,0.0955265536904335,0.0,0.0,False,7.962338713696226e-05,1.0629189014434814,0.31010693311691284,-9.727184988150839e-06,0.0,0.05,0.001518683391623199,0.8,4.1335701098432764e-05,0.0016446769004687667,0.02039496786892414,0.01845117285847664,0.0037239445373415947,-1.831054774470431e-08,0.9999991059303284,7.764480113983154,node_conditioned,25,True,True,False,-68.7494888305664,2.9453580379486084,0.9699174761772156,1.325506329536438,0.5350793600082397,1.0225701332092285,-68.96224212646484,2.7193539142608643,0.8585982578871442,-69.09334564208984,1.0035942792892456,0.0,0.0,0.0,0.02039496786892414,0.0,0.0,100,0.2,0.1625,0.01,920,curvature_stage2_mpnn_v3_5_edge_gain,True,,,,,normalized_degree|time_since_last_tx|consecutive_tx_attempts|congestion_ewma|self_information_increment,,,,,,,,,,,,,,,,0.0955265536904335,0.032376207411289215,0.0,mpnn,5,4,16,curvature_attention_max,32,38,368000,none,normalized_version_gap_with_gain,,3680.0,0.4466440975666046,0.4466440975666046,0.3162802457809448,,,,,0.5,0.0,,,,0.0955265536904335,0.032376207411289215,0.03652169182896614,0.05660319924354553,0.09135250747203827,0.14285527467727663,0.20348802208900452,0.032091543078422546,0.032376207411289215,0.014118039980530739
418,7.1658055545762185,0.09462499992921948,0.0958441339639958,0.1,-0.004155866036004208,-0.04155865620417645,-0.04155865620417645,0.09628850221633911,0.0,0.0,False,6.645629764534533e-05,2.26254940032959,0.31173792481422424,2.2062144125811756e-05,0.0,0.05,0.0013044821098446846,0.8,4.0294686186825857e-05,0.0019734620582312346,0.01673753187060356,0.012240824289619923,0.0008842708775773644,-4.882812376649781e-08,0.9999992847442627,5.596782684326172,node_conditioned,25,True,True,False,-69.61039733886719,3.1101927757263184,0.9572468400001526,1.1987438201904297,0.5384157299995422,1.4386425018310547,-70.54252624511719,3.2231953144073486,0.8007801891515053,-69.31005096435547,0.8469604849815369,0.0,0.0,0.0,0.01673753187060356,0.0,0.0,100,0.2,0.1375,0.0,912,curvature_stage2_mpnn_v3_5_edge_gain,True,,,,,normalized_degree|time_since_last_tx|consecutive_tx_attempts|congestion_ewma|self_information_increment,,,,,,,,,,,,,,,,0.09628850221633911,0.03361911699175835,0.0,mpnn,5,4,16,curvature_attention_max,32,38,364800,none,normalized_version_gap_with_gain,,3648.0,0.43975144624710083,0.43975144624710083,0.31362444162368774,,,,,0.5,0.0,,,,0.09628850221633911,0.03361911699175835,0.03703641891479492,0.05540772080421448,0.09267088770866394,0.14177488684654233,0.21001705527305603,0.03335799276828766,0.03361911699175835,0.01689690537750721
419,6.092256558947265,0.09985000006854534,0.09784706701627058,0.1,-0.0021529329837294275,-0.021529327684361506,-0.021529327684361506,0.0993792712688446,0.0,0.0,False,0.00039877917151898146,2.139721155166626,0.317126601934433,-6.588227847714734e-07,0.0,0.05,0.0015257204649969935,0.8,0.0003299638628959656,0.011096591129899025,0.018695738166570663,0.025545833632349968,0.0013460624031722546,4.2724607851596375e-08,0.9999991655349731,8.32869815826416,node_conditioned,25,True,True,False,-69.45825958251953,2.829138994216919,1.0554301738739014,1.412097692489624,0.5260977149009705,1.103531837463379,-68.63871765136719,2.408376693725586,0.7900475880682513,-69.9933853149414,0.9739307165145874,0.0,0.0,0.0,0.018695738166570663,0.0,0.0,100,0.2,0.1525,0.01,996,curvature_stage2_mpnn_v3_5_edge_gain,True,,,,,normalized_degree|time_since_last_tx|consecutive_tx_attempts|congestion_ewma|self_information_increment,,,,,,,,,,,,,,,,0.0993792712688446,0.0350344143807888,0.0,mpnn,5,4,16,curvature_attention_max,32,38,398400,none,normalized_version_gap_with_gain,,3984.0,0.4747300148010254,0.4747300148010254,0.33298125863075256,,,,,0.5,0.0,,,,0.0993792712688446,0.0350344143807888,0.037252187728881836,0.056586581468582156,0.0954541377723217,0.14748916327953338,0.241419717669487,0.0347101055085659,0.0350344143807888,0.017245445400476456
420,6.204518681354821,0.10002500008326023,0.0989360335497654,0.1,-0.0010639664502345991,-0.010639663438379647,-0.010639663438379647,0.09877552092075348,0.0,0.0,False,0.00027917197439819574,1.228368878364563,0.31465959548950195,4.055169938510517e-06,0.0,0.05,0.0014992275973781943,0.8,0.0001775382406776771,0.005942319054156542,0.025798391550779343,0.002446169964969158,0.0029004099778831005,-3.662109548940862e-08,0.9999991655349731,8.308408737182617,node_conditioned,25,True,True,False,-69.38645935058594,2.7490499019622803,1.0220402479171753,1.29726243019104,0.5316479206085205,1.1113851070404053,-68.75691223144531,2.4224116802215576,0.7895091425809556,-70.12651062011719,1.2337678670883179,0.0,0.0,0.0,0.025798391550779343,0.0,0.0,100,0.2,0.155,0.04,944,curvature_stage2_mpnn_v3_5_edge_gain,True,,,,,normalized_degree|time_since_last_tx|consecutive_tx_attempts|congestion_ewma|self_information_increment,,,,,,,,,,,,,,,,0.09877552092075348,0.03591880202293396,0.0,mpnn,5,4,16,curvature_attention_max,32,38,377600,none,normalized_version_gap_with_gain,,3776.0,0.4697701632976532,0.4697701632976532,0.32660233974456787,,,,,0.5,0.0,,,,0.09877552092075348,0.03591880202293396,0.03699842095375061,0.055865970253944394,0.09604869782924652,0.14501631855964658,0.24281764030456543,0.035674434155225754,0.03591880202293396,0.019632035866379738
421,5.938619956038893,0.10102499987464399,0.0999805167122047,0.1,-1.9483287795302173e-05,-0.0001948328584697359,-0.0001948328584697359,0.10226131975650787,0.0,0.0,False,0.0007888481486588717,1.2137216329574585,0.3200344145298004,-2.242416849185247e-05,0.0,0.05,0.0020791522692888975,0.8,0.0005985349416732788,0.0164477676153183,0.016440514475107193,0.10259386152029037,0.0022701467387378216,-3.051757957450718e-08,0.9999991655349731,8.38156509399414,node_conditioned,25,True,True,False,-68.55337524414062,2.6446967124938965,0.8896467685699463,1.3754734992980957,0.5120558142662048,1.1053862571716309,-67.63131713867188,2.2284228801727295,0.7539446213980278,-69.97503662109375,0.9686280488967896,0.0,0.0,0.0,0.016440514475107193,0.0,0.0,100,0.2,0.1625,0.01,1078,curvature_stage2_mpnn_v3_5_edge_gain,True,,,,,normalized_degree|time_since_last_tx|consecutive_tx_attempts|congestion_ewma|self_information_increment,,,,,,,,,,,,,,,,0.10226131975650787,0.03500417247414589,0.0,mpnn,5,4,16,curvature_attention_max,32,38,431200,none,normalized_version_gap_with_gain,,4312.0,0.4961243271827698,0.4961243271827698,0.3525354266166687,,,,,0.5,0.0,,,,0.10226131975650787,0.03500417247414589,0.037201493978500366,0.059532654285430905,0.09901869297027588,0.1492708712816238,0.24054548144340515,0.03468809649348259,0.03500417247414589,0.015780474990606308
422,6.492349250540137,0.09802499997895212,0.09900275834557841,0.1,-0.0009972416544215962,-0.009972415546974407,-0.009972415546974407,0.09598400443792343,0.0,0.0,False,0.00027958981809206307,1.1955811977386475,0.30681976675987244,5.890928514418192e-05,0.0,0.05,0.003150097094476223,0.8,5.727551524614682e-06,0.0004086325934622437,0.022438952699303627,0.024235602468252182,0.007209243252873421,-6.103515470812226e-09,0.9999989867210388,8.72182846069336,node_conditioned,25,True,True,False,-68.257080078125,2.7697365283966064,0.9207221269607544,1.2664940357208252,0.5241396427154541,0.9457271695137024,-68.28482818603516,2.571936845779419,0.8647892675563859,-68.58757019042969,0.9972612261772156,0.0,0.0,0.0,0.022438952699303627,0.0,0.0,100,0.2,0.1525,0.01,1086,curvature_stage2_mpnn_v3_5_edge_gain,True,,,,,normalized_degree|time_since_last_tx|consecutive_tx_attempts|congestion_ewma|self_information_increment,,,,,,,,,,,,,,,,0.09598400443792343,0.03332405537366867,0.0,mpnn,5,4,16,curvature_attention_max,32,38,434400,none,normalized_version_gap_with_gain,,4344.0,0.4854125380516052,0.4854125380516052,0.3484536409378052,,,,,0.5,0.0,,,,0.09598400443792343,0.03332405537366867,0.03645092248916626,0.055853229761123654,0.09189283847808838,0.14285902678966522,0.23711270093917847,0.03304041549563408,0.03332405537366867,0.01551106944680214
423,6.69604621052742,0.09582500019110739,0.0974138792683429,0.1,-0.002586120731657107,-0.025861204730450598,-0.025861204730450598,0.09671282023191452,0.0,0.0,False,0.00022292524226941168,1.326322078704834,0.3112916648387909,-1.800419227038219e-06,0.0,0.05,0.003674054052680731,0.8,2.7375619538361207e-05,0.0015256276819854975,0.017271455377340317,0.02094031497836113,0.01217382587492466,0.0,0.9999991059303284,7.593451023101807,node_conditioned,25,True,True,False,-67.88462829589844,2.75217866897583,0.8859326243400574,1.205122709274292,0.5069282650947571,1.061684489250183,-68.29051208496094,2.472426652908325,0.8156071400497266,-67.73341369628906,0.8149760365486145,0.0,0.0,0.0,0.017271455377340317,0.0,0.0,100,0.2,0.1675,0.01,986,curvature_stage2_mpnn_v3_5_edge_gain,True,,,,,normalized_degree|time_since_last_tx|consecutive_tx_attempts|congestion_ewma|self_information_increment,,,,,,,,,,,,,,,,0.09671282023191452,0.032651711255311966,0.0,mpnn,5,4,16,curvature_attention_max,32,38,394400,none,normalized_version_gap_with_gain,,3944.0,0.4673236906528473,0.4673236906528473,0.3350813686847687,,,,,0.5,0.0,,,,0.09671282023191452,0.032651711255311966,0.0361025333404541,0.05783401429653168,0.09242559969425201,0.14308163821697237,0.23804005980491638,0.03235144540667534,0.032651711255311966,0.013881087303161621
424,6.424220460616052,0.09469999998807907,0.09605693962821099,0.1,-0.0039430603717890145,-0.03943059977483017,-0.03943059977483017,0.09584841877222061,0.0,0.0,False,9.580815094523132e-05,1.2934260368347168,0.31024736166000366,7.043167897791136e-06,0.0,0.05,0.002278163330629468,0.8,2.2744714442524128e-05,0.0012399939587339759,0.02021331526339054,0.026417093351483345,0.010180510580539703,1.2207030941624453e-08,0.9999991059303284,7.180733680725098,node_conditioned,25,True,True,False,-67.4156494140625,2.709550619125366,1.004768967628479,1.4716259241104126,0.5145038366317749,1.133914828300476,-67.43859100341797,2.4994876384735107,0.794193604458559,-67.60938262939453,0.7570072412490845,0.0,0.0,0.0,0.02021331526339054,0.0,0.0,100,0.2,0.165,0.01,1004,curvature_stage2_mpnn_v3_5_edge_gain,True,,,,,normalized_degree|time_since_last_tx|consecutive_tx_attempts|congestion_ewma|self_information_increment,,,,,,,,,,,,,,,,0.09584841877222061,0.03450361266732216,0.0,mpnn,5,4,16,curvature_attention_max,32,38,401600,none,normalized_version_gap_with_gain,,4016.0,0.4734460711479187,0.4734460711479187,0.3330990970134735,,,,,0.5,0.0,,,,0.09584841877222061,0.03450361266732216,0.03597760200500488,0.05435158312320709,0.09260284900665283,0.14124867618083953,0.23708176612854004,0.03424547240138054,0.03450361266732216,0.017536580562591553
425,6.701610102318227,0.09337499991990626,0.09471596977405863,0.1,-0.005284030225941372,-0.05284029697538402,-0.05284029697538402,0.09346664696931839,0.0,0.0,False,4.018886829726398e-05,0.9040241241455078,0.3062967360019684,5.001100817025872e-06,0.0,0.05,0.0017104408470913768,0.8,4.740069471154129e-06,0.0003647177654784173,0.016104720532894135,0.022023102268576622,0.007622721139341593,-1.2207030941624453e-08,0.999998927116394,8.259321212768555,node_conditioned,25,True,True,False,-67.68998718261719,2.8537421226501465,0.9232214093208313,1.277750015258789,0.5237581729888916,0.8946580290794373,-68.23020935058594,2.715348720550537,0.8914417244138197,-69.27560424804688,1.042837381362915,0.0,0.0,0.0,0.016104720532894135,0.0,0.0,100,0.2,0.135,0.0,922,curvature_stage2_mpnn_v3_5_edge_gain,True,,,,,normalized_degree|time_since_last_tx|consecutive_tx_attempts|congestion_ewma|self_information_increment,,,,,,,,,,,,,,,,0.09346664696931839,0.032370515167713165,0.0,mpnn,5,4,16,curvature_attention_max,32,38,368800,none,normalized_version_gap_with_gain,,3688.0,0.4433233141899109,0.4433233141899109,0.3114033639431,,,,,0.5,0.0,,,,0.09346664696931839,0.032370515167713165,0.036287128925323486,0.05414753556251526,0.08933000266551971,0.13918006122112275,0.20285433530807495,0.03206001967191696,0.032370515167713165,0.014171995222568512
426,6.3688045527786015,0.09584999999497086,0.09528298488451475,0.1,-0.004717015115485251,-0.047170146437837866,-0.047170146437837866,0.09593380987644196,0.0,0.0,False,2.6625555619830266e-05,0.8612158298492432,0.31199896335601807,3.712038733283407e-06,0.0,0.05,0.001340470276772976,0.8,3.215758260921575e-05,0.0019233737839385867,0.018028441816568375,0.020261142402887344,0.005810666363686323,1.831054774470431e-08,0.9999988079071045,8.694838523864746,node_conditioned,25,True,True,False,-67.78500366210938,2.7042715549468994,0.9352839589118958,1.1904886960983276,0.4976610839366913,0.8786502480506897,-67.6957778930664,2.386321783065796,0.8644267315924605,-68.37374877929688,0.9860401153564453,0.0,0.0,0.0,0.018028441816568375,0.0,0.0,100,0.2,0.1425,0.0,1082,curvature_stage2_mpnn_v3_5_edge_gain,True,,,,,normalized_degree|time_since_last_tx|consecutive_tx_attempts|congestion_ewma|self_information_increment,,,,,,,,,,,,,,,,0.09593380987644196,0.03340962901711464,0.0,mpnn,5,4,16,curvature_attention_max,32,38,432800,none,normalized_version_gap_with_gain,,4328.0,0.478995680809021,0.478995680809021,0.3412817418575287,,,,,0.5,0.0,,,,0.09593380987644196,0.03340962901711464,0.036458730697631836,0.05576898157596588,0.09237904846668243,0.1413276642560959,0.2363293468952179,0.03313872963190079,0.03340962901711464,0.015783904120326042
427,7.672832586355508,0.09482500005979091,0.09505399247215283,0.1,-0.004946007527847171,-0.049460070332464676,-0.049460070332464676,0.09664243459701538,0.0,0.0,False,7.621395343448967e-05,3.500277042388916,0.3131342828273773,1.6591884559602477e-05,0.0,0.05,0.0012416319223120809,0.8,5.8218047342961654e-05,0.0029375911690294743,0.012889496982097626,0.009629114530980587,0.003154894569888711,4.882812376649781e-08,0.9999993443489075,4.040380954742432,node_conditioned,25,True,True,False,-69.3667221069336,3.366645574569702,1.0670946836471558,1.6948788166046143,0.5673387050628662,1.4678518772125244,-71.29486083984375,3.6504127979278564,0.8383110053347473,-70.7618179321289,0.9800812602043152,0.0,0.0,0.0,0.012889496982097626,0.0,0.0,100,0.2,0.18,0.02,860,curvature_stage2_mpnn_v3_5_edge_gain,True,,,,,normalized_degree|time_since_last_tx|consecutive_tx_attempts|congestion_ewma|self_information_increment,,,,,,,,,,,,,,,,0.09664243459701538,0.03388528525829315,0.0,mpnn,5,4,16,curvature_attention_max,32,38,344000,none,normalized_version_gap_with_gain,,3440.0,0.3978939354419708,0.3978939354419708,0.28510600328445435,,,,,0.5,0.0,,,,0.09664243459701538,0.03388528525829315,0.03664776682853699,0.055588722229003906,0.09266583248972893,0.1437755674123764,0.2413954734802246,0.03361773118376732,0.03388528525829315,0.01684427447617054
428,6.762872218638659,0.09970000002067536,0.0973769962464141,0.1,-0.0026230037535859008,-0.026230034912855516,-0.026230034912855516,0.1011667549610138,0.0,0.0,False,0.0007072582957334816,1.8533480167388916,0.32000410556793213,-1.1799323146988172e-05,0.0,0.05,0.0016624090494588017,0.8,0.0006063277833163738,0.01745181530714035,0.013272513635456562,0.07297603785991669,0.0020337533205747604,0.0,0.9999991059303284,6.584342002868652,node_conditioned,25,True,True,False,-69.9374771118164,3.0526273250579834,0.918262779712677,1.380671739578247,0.5654648542404175,1.1334415674209595,-70.16732788085938,3.015233278274536,0.858695371846995,-69.9932861328125,0.7682406306266785,0.0,0.0,0.0,0.013272513635456562,0.0,0.0,100,0.2,0.1675,0.02,1060,curvature_stage2_mpnn_v3_5_edge_gain,True,,,,,normalized_degree|time_since_last_tx|consecutive_tx_attempts|congestion_ewma|self_information_increment,,,,,,,,,,,,,,,,0.1011667549610138,0.03487907722592354,0.0,mpnn,5,4,16,curvature_attention_max,32,38,424000,none,normalized_version_gap_with_gain,,4240.0,0.4575691819190979,0.4575691819190979,0.32986244559288025,,,,,0.5,0.0,,,,0.1011667549610138,0.03487907722592354,0.0369148850440979,0.05866424441337585,0.09777738153934479,0.1491796940565109,0.2379513680934906,0.03457143157720566,0.03487907722592354,0.016067851334810257
429,6.032175493761897,0.10067499988246709,0.0990259980644406,0.1,-0.0009740019355594098,-0.00974001838159226,-0.00974001838159226,0.10072442889213562,0.0,0.0,False,0.0004139806260354817,2.0283758640289307,0.31547811627388,3.836648465949111e-05,0.0,0.05,0.002684192033484578,0.8,0.0002009532618103549,0.008219714276492596,0.012615570798516273,0.05728761851787567,0.0044698589481413364,3.662109548940862e-08,0.9999989867210388,8.973125457763672,node_conditioned,25,True,True,False,-69.95899200439453,2.7485334873199463,0.9887843132019043,1.3198049068450928,0.5337043404579163,1.0497819185256958,-68.98673248291016,2.1362831592559814,0.7585203840212249,-71.51693725585938,1.0258746147155762,0.0,0.0,0.0,0.012615570798516273,0.0,0.0,100,0.2,0.1525,0.01,980,curvature_stage2_mpnn_v3_5_edge_gain,True,,,,,normalized_degree|time_since_last_tx|consecutive_tx_attempts|congestion_ewma|self_information_increment,,,,,,,,,,,,,,,,0.10072442889213562,0.03662661835551262,0.0,mpnn,5,4,16,curvature_attention_max,32,38,392000,none,normalized_version_gap_with_gain,,3920.0,0.4624369442462921,0.4624369442462921,0.32542216777801514,,,,,0.5,0.0,,,,0.10072442889213562,0.03662661835551262,0.03654959797859192,0.05705869197845459,0.0966808944940567,0.1517316997051239,0.24642908573150635,0.03632555156946182,0.03662661835551262,0.018680250272154808
430,6.918500006012619,0.09744999994058162,0.09823799900251111,0.1,-0.0017620009974888967,-0.017620008212888144,-0.017620008212888144,0.09894904494285583,0.0,0.0,False,0.00036340337828733027,1.3501545190811157,0.3120640814304352,-4.785421879205387e-06,0.0,0.05,0.003909392282366753,0.8,7.019207259872928e-05,0.0034872079268097878,0.020632565021514893,0.006408977787941694,0.009205571375787258,2.4414061883248905e-08,0.9999989867210388,7.8589253425598145,node_conditioned,25,True,True,False,-70.8598861694336,3.1417441368103027,1.099705457687378,1.3988618850708008,0.5272361040115356,1.003799319267273,-71.27701568603516,2.8835651874542236,0.8788190796005524,-72.56150817871094,1.1818029880523682,0.0,0.0,0.0,0.020632565021514893,0.0,0.0,100,0.2,0.1525,0.01,996,curvature_stage2_mpnn_v3_5_edge_gain,True,,,,,normalized_degree|time_since_last_tx|consecutive_tx_attempts|congestion_ewma|self_information_increment,,,,,,,,,,,,,,,,0.09894904494285583,0.03721311315894127,0.0,mpnn,5,4,16,curvature_attention_max,32,38,398400,none,normalized_version_gap_with_gain,,3984.0,0.46702462434768677,0.46702462434768677,0.33372336626052856,,,,,0.5,0.0,,,,0.09894904494285583,0.03721311315894127,0.03576362133026123,0.05455391705036163,0.09475383162498474,0.15137636363506315,0.24197837710380554,0.03696466609835625,0.03721311315894127,0.021228963509202003
431,6.591539405025542,0.09499999990686775,0.09661899945468944,0.1,-0.0033810005453105696,-0.03381000207210549,-0.03381000207210549,0.09605710208415985,0.0,0.0,False,0.00020808266708627343,0.7638812065124512,0.30911222100257874,-3.6250830817152746e-06,0.0,0.05,0.003562753088772297,0.8,9.119797141465824e-06,0.0006844241870567203,0.025898711755871773,0.034651800990104675,0.01293102279305458,0.0,0.9999987483024597,9.969378471374512,node_conditioned,25,True,True,False,-70.263427734375,2.8037447929382324,0.949228823184967,1.2369321584701538,0.5216814279556274,0.8653324246406555,-70.15164947509766,2.4043872356414795,0.8704739749679439,-70.87747955322266,0.9262585043907166,0.0,0.0,0.0,0.025898711755871773,0.0,0.0,100,0.2,0.15,0.0,1020,curvature_stage2_mpnn_v3_5_edge_gain,True,,,,,normalized_degree|time_since_last_tx|consecutive_tx_attempts|congestion_ewma|self_information_increment,,,,,,,,,,,,,,,,0.09605710208415985,0.03440156206488609,0.0,mpnn,5,4,16,curvature_attention_max,32,38,408000,none,normalized_version_gap_with_gain,,4080.0,0.46510425209999084,0.46510425209999084,0.33325979113578796,,,,,0.5,0.0,,,,0.09605710208415985,0.03440156206488609,0.035686194896698,0.054233098030090326,0.09222176671028137,0.14429768919944763,0.23755136132240295,0.034150611609220505,0.03440156206488609,0.0166789498180151
432,6.601008327417076,0.095124999769032,0.09587199961186071,0.1,-0.004128000388139291,-0.041279999753392936,-0.041279999753392936,0.09525594115257263,0.0,0.0,False,0.00013045997184235603,1.2346675395965576,0.30990198254585266,3.3270989661104977e-06,0.0,0.05,0.003356701461598277,0.8,1.8093645849148743e-05,0.0010262909345328808,0.01911860890686512,0.031153030693531036,0.01495808083564043,1.831054774470431e-08,0.9999990463256836,7.331566333770752,node_conditioned,25,True,True,False,-70.3223648071289,3.0208938121795654,1.0033345222473145,1.3960261344909668,0.5658285021781921,1.1133902072906494,-70.25320434570312,2.9109885692596436,0.8537102973416925,-71.31510162353516,1.0274699926376343,0.0,0.0,0.0,0.01911860890686512,0.0,0.0,100,0.2,0.1475,0.0,880,curvature_stage2_mpnn_v3_5_edge_gain,True,,,,,normalized_degree|time_since_last_tx|consecutive_tx_attempts|congestion_ewma|self_information_increment,,,,,,,,,,,,,,,,0.09525594115257263,0.03314278647303581,0.0,mpnn,5,4,16,curvature_attention_max,32,38,352000,none,normalized_version_gap_with_gain,,3520.0,0.4393857419490814,0.4393857419490814,0.3047120273113251,,,,,0.5,0.0,,,,0.09525594115257263,0.03314278647303581,0.037091225385665894,0.055496853590011594,0.09119145572185516,0.14124451279640196,0.2304535210132599,0.032848671078681946,0.03314278647303581,0.01441222708672285
433,6.043589905872941,0.09690000002272427,0.09638599981729248,0.1,-0.003614000182707522,-0.0361399982130754,-0.0361399982130754,0.09682595729827881,0.0,0.0,False,0.00014867502613924444,1.539104700088501,0.3139236867427826,1.1562949111976195e-05,0.0,0.05,0.0021779013331979513,0.8,0.00013732635125052184,0.005358410067856312,0.02273773029446602,0.02098279446363449,0.011075262911617756,-1.2207030941624453e-08,0.9999992251396179,7.817654609680176,node_conditioned,25,True,True,False,-69.5713882446289,2.8222861289978027,0.9964056611061096,1.5064914226531982,0.5221250653266907,1.1519050598144531,-68.66667175292969,2.3802881240844727,0.7658067474857848,-70.60242462158203,0.9464924931526184,0.0,0.0,0.0,0.02273773029446602,0.0,0.0,100,0.2,0.16,0.01,1026,curvature_stage2_mpnn_v3_5_edge_gain,True,,,,,normalized_degree|time_since_last_tx|consecutive_tx_attempts|congestion_ewma|self_information_increment,,,,,,,,,,,,,,,,0.09682595729827881,0.034108564257621765,0.0,mpnn,5,4,16,curvature_attention_max,32,38,410400,none,normalized_version_gap_with_gain,,4104.0,0.4829745888710022,0.4829745888710022,0.339672714471817,,,,,0.5,0.0,,,,0.09682595729827881,0.034108564257621765,0.03564417362213135,0.05564374327659607,0.09262457489967346,0.1442115068435669,0.23964980244636536,0.03376463055610657,0.034108564257621765,0.015067977830767632
434,6.2143967108801,0.09804999995045365,0.09721799988387306,0.1,-0.002782000116126948,-0.027819998379269642,-0.027819998379269642,0.09829255193471909,0.0,0.0,False,0.00032829074189066887,1.4243226051330566,0.31621578335762024,1.0873001883737743e-05,0.0,0.05,0.001979508437216282,0.8,0.00029841932700946927,0.009875091724097729,0.021612897515296936,0.0019140772055834532,0.008014335297048092,2.4414061883248905e-08,0.9999992251396179,6.97801399230957,node_conditioned,25,True,True,False,-69.18724060058594,2.802894115447998,0.9593374133110046,1.2412450313568115,0.5381309986114502,1.2065807580947876,-68.62265014648438,2.584249973297119,0.7820063678203548,-69.98441314697266,0.8632360696792603,0.0,0.0,0.0,0.021612897515296936,0.0,0.0,100,0.2,0.17,0.02,1018,curvature_stage2_mpnn_v3_5_edge_gain,True,,,,,normalized_degree|time_since_last_tx|consecutive_tx_attempts|congestion_ewma|self_information_increment,,,,,,,,,,,,,,,,0.09829255193471909,0.03510703518986702,0.0,mpnn,5,4,16,curvature_attention_max,32,38,407200,none,normalized_version_gap_with_gain,,4072.0,0.46717187762260437,0.46717187762260437,0.33158260583877563,,,,,0.5,0.0,,,,0.09829255193471909,0.03510703518986702,0.035909682512283325,0.056540068984031674,0.09427878260612488,0.14670248925685883,0.24088460206985474,0.034777093678712845,0.03510703518986702,0.016666388139128685
435,6.374736873134971,0.09704999994952232,0.09713399991669769,0.1,-0.002866000083302317,-0.028659997967023374,-0.028659997967023374,0.09758564084768295,0.0,0.0,False,9.885655163088813e-05,0.9656014442443848,0.31412553787231445,7.0079595388961025e-06,0.0,0.05,0.0011325131636112928,0.8,9.144964133156464e-05,0.004218411166220903,0.023244082927703857,0.014971482567489147,0.00458362465724349,0.0,0.9999988675117493,8.379864692687988,node_conditioned,25,True,True,False,-68.42469787597656,2.7155990600585938,0.9455342292785645,1.2611688375473022,0.538021981716156,0.952030599117279,-68.22145080566406,2.425924301147461,0.8459905644075869,-68.69550323486328,0.9009355306625366,0.0,0.0,0.0,0.023244082927703857,0.0,0.0,100,0.2,0.17,0.01,964,curvature_stage2_mpnn_v3_5_edge_gain,True,,,,,normalized_degree|time_since_last_tx|consecutive_tx_attempts|congestion_ewma|self_information_increment,,,,,,,,,,,,,,,,0.09758564084768295,0.03491559252142906,0.0,mpnn,5,4,16,curvature_attention_max,32,38,385600,none,normalized_version_gap_with_gain,,3856.0,0.45949235558509827,0.45949235558509827,0.3286895155906677,,,,,0.5,0.0,,,,0.09758564084768295,0.03491559252142906,0.035517215728759766,0.05581258535385132,0.09375633299350739,0.14551500678062437,0.23973140120506287,0.034638676792383194,0.03491559252142906,0.016470646485686302
436,6.6248482311517,0.10022499992512167,0.09867949992090969,0.1,-0.0013205000790903199,-0.013204999470403251,-0.013204999470403251,0.10009395331144333,0.0,0.0,False,0.0006052932003512979,1.1289399862289429,0.31767240166664124,1.6752876490500057e-06,0.0,0.05,0.002090585883706808,0.8,0.0004924387321807444,0.013795644976198673,0.013099943287670612,0.04697495326399803,0.00539536913856864,0.0,0.9999989867210388,7.616630554199219,node_conditioned,25,True,True,False,-68.26470947265625,2.8175103664398193,0.9729120135307312,1.3233968019485474,0.5439300537109375,0.9879252910614014,-68.50852966308594,2.6182820796966553,0.8576310415388615,-68.20465087890625,0.9337986707687378,0.0,0.0,0.0,0.013099943287670612,0.0,0.0,100,0.2,0.1575,0.03,988,curvature_stage2_mpnn_v3_5_edge_gain,True,,,,,normalized_degree|time_since_last_tx|consecutive_tx_attempts|congestion_ewma|self_information_increment,,,,,,,,,,,,,,,,0.10009395331144333,0.03622337430715561,0.0,mpnn,5,4,16,curvature_attention_max,32,38,395200,none,normalized_version_gap_with_gain,,3952.0,0.46331870555877686,0.46331870555877686,0.33021119236946106,,,,,0.5,0.0,,,,0.10009395331144333,0.03622337430715561,0.03627476096153259,0.056810370087623595,0.09644100069999695,0.1480706453323364,0.24306944012641907,0.03588348999619484,0.03622337430715561,0.01800709217786789
437,7.016139386892319,0.09837499991524964,0.09852724991807967,0.1,-0.0014727500819203404,-0.01472749934645347,-0.01472749934645347,0.09908516705036163,0.0,0.0,False,0.00030563888140022755,1.876075029373169,0.31484636664390564,-3.198036438334384e-06,0.0,0.05,0.0023602519650012255,0.8,0.00012944451009389013,0.005624875891953707,0.020033348351716995,0.011332770809531212,0.0062852236442267895,-3.051757957450718e-08,0.9999992251396179,5.814030170440674,node_conditioned,25,True,True,False,-68.53589630126953,2.958083391189575,0.9377149939537048,1.4750990867614746,0.5636781454086304,1.2473046779632568,-69.44035339355469,2.9142868518829346,0.8168189479439003,-69.46713256835938,1.1932380199432373,0.0,0.0,0.0,0.020033348351716995,0.0,0.0,100,0.2,0.1625,0.01,962,curvature_stage2_mpnn_v3_5_edge_gain,True,,,,,normalized_degree|time_since_last_tx|consecutive_tx_attempts|congestion_ewma|self_information_increment,,,,,,,,,,,,,,,,0.09908516705036163,0.03414824232459068,0.0,mpnn,5,4,16,curvature_attention_max,32,38,384800,none,normalized_version_gap_with_gain,,3848.0,0.43873924016952515,0.43873924016952515,0.3173721134662628,,,,,0.5,0.0,,,,0.09908516705036163,0.03414824232459068,0.03599342703819275,0.058010253310203555,0.09506446123123169,0.1466723531484604,0.24411606788635254,0.03383844718337059,0.03414824232459068,0.014509250409901142
438,6.578694695755839,0.09627500004600734,0.09740112498204351,0.1,-0.002598875017956498,-0.02598874758069022,-0.02598874758069022,0.09603054076433182,0.0,0.0,False,0.00017534247308503836,1.1393060684204102,0.3088761568069458,5.572351710725343e-06,0.0,0.05,0.002650125650689006,0.8,2.9139895559637807e-05,0.001403534086421132,0.018554644659161568,0.01682538166642189,0.00695788161829114,-3.051757957450718e-08,0.9999989867210388,7.00635290145874,node_conditioned,25,True,True,False,-68.4652099609375,2.9606101512908936,0.9518890380859375,1.2365103960037231,0.5035053491592407,1.0185480117797852,-68.62265014648438,2.7672784328460693,0.8645256176349414,-68.4446029663086,0.8395768404006958,0.0,0.0,0.0,0.018554644659161568,0.0,0.0,100,0.2,0.1675,0.02,926,curvature_stage2_mpnn_v3_5_edge_gain,True,,,,,normalized_degree|time_since_last_tx|consecutive_tx_attempts|congestion_ewma|self_information_increment,,,,,,,,,,,,,,,,0.09603054076433182,0.03446858003735542,0.0,mpnn,5,4,16,curvature_attention_max,32,38,370400,none,normalized_version_gap_with_gain,,3704.0,0.45698556303977966,0.45698556303977966,0.32205531001091003,,,,,0.5,0.0,,,,0.09603054076433182,0.03446858003735542,0.036004215478897095,0.05422413349151611,0.09194594621658325,0.1448042958974838,0.23880791664123535,0.034118182957172394,0.03446858003735542,0.016234273090958595
439,6.99866868738085,0.09287499994039536,0.09513806246121943,0.1,-0.0048619375387805724,-0.04861937052586867,-0.04861937052586867,0.09423542767763138,0.0,0.0,False,7.000080222496763e-05,1.557101845741272,0.30576467514038086,4.939530299452599e-06,0.0,0.05,0.001524217426776886,0.8,8.743541911826469e-06,0.0005245936335995793,0.014855642803013325,0.01658640056848526,0.003852377412840724,-4.882812376649781e-08,0.9999992251396179,5.870607852935791,node_conditioned,25,True,True,False,-69.27112579345703,3.0303897857666016,1.0135161876678467,1.3525550365447998,0.5421254634857178,1.2094985246658325,-70.01712799072266,2.779398202896118,0.8106308887572493,-69.8272933959961,0.9653079509735107,0.0,0.0,0.0,0.014855642803013325,0.0,0.0,100,0.2,0.17,0.02,982,curvature_stage2_mpnn_v3_5_edge_gain,True,,,,,normalized_degree|time_since_last_tx|consecutive_tx_attempts|congestion_ewma|self_information_increment,,,,,,,,,,,,,,,,0.09423542767763138,0.03480839729309082,0.0,mpnn,5,4,16,curvature_attention_max,32,38,392800,none,normalized_version_gap_with_gain,,3928.0,0.441414475440979,0.441414475440979,0.31337159872055054,,,,,0.5,0.0,,,,0.09423542767763138,0.03480839729309082,0.035738587379455566,0.051421788334846494,0.09138932824134827,0.141482013463974,0.23912018537521362,0.03453824669122696,0.03480839729309082,0.018309133127331734
440,6.750275755450129,0.09614999987185001,0.09564403116653472,0.1,-0.004355968833465285,-0.04355968397868445,-0.04355968397868445,0.09558653831481934,0.0,0.0,False,0.00011583768355194479,1.4455972909927368,0.3098864257335663,-3.931183528038673e-06,0.0,0.05,0.0020351961720734835,0.8,5.0381579058011994e-05,0.002273628721013665,0.01756073161959648,0.01611897349357605,0.006400857120752335,0.0,0.9999991059303284,6.396462440490723,node_conditioned,25,True,True,False,-69.87415313720703,2.947709798812866,0.9821096658706665,1.4427621364593506,0.5375717282295227,1.1710484027862549,-70.09039306640625,3.024437665939331,0.8500797421537029,-70.10125732421875,0.8428969979286194,0.0,0.0,0.0,0.01756073161959648,0.0,0.0,100,0.2,0.14,0.0,1024,curvature_stage2_mpnn_v3_5_edge_gain,True,,,,,normalized_degree|time_since_last_tx|consecutive_tx_attempts|congestion_ewma|self_information_increment,,,,,,,,,,,,,,,,0.09558653831481934,0.03387065231800079,0.0,mpnn,5,4,16,curvature_attention_max,32,38,409600,none,normalized_version_gap_with_gain,,4096.0,0.46422702074050903,0.46422702074050903,0.332055926322937,,,,,0.5,0.0,,,,0.09558653831481934,0.03387065231800079,0.03522405028343201,0.05476026535034179,0.09137006103992462,0.1430371046066284,0.209184467792511,0.03351785987615585,0.03387065231800079,0.014658964239060879
441,6.195998221002519,0.09862500011920929,0.09713451564287201,0.1,-0.0028654843571279953,-0.02865484070579588,-0.02865484070579588,0.09763329476118088,0.0,0.0,False,0.00019143590179737657,1.582627773284912,0.31416213512420654,-1.5254144273058046e-05,0.0,0.05,0.0018988517113029957,0.8,0.0001335782726528123,0.005446165334433317,0.016317199915647507,0.0064888279885053635,0.0070570376701653,-3.356933575560106e-08,0.9999990463256836,7.607971668243408,node_conditioned,25,True,True,False,-69.63739776611328,2.803243637084961,0.9799935817718506,1.2635762691497803,0.5060200691223145,1.1043273210525513,-68.98960876464844,2.4671127796173096,0.7996369617399465,-70.91459655761719,0.8697841763496399,0.0,0.0,0.0,0.016317199915647507,0.0,0.0,100,0.2,0.1375,0.0,864,curvature_stage2_mpnn_v3_5_edge_gain,True,,,,,normalized_degree|time_since_last_tx|consecutive_tx_attempts|congestion_ewma|self_information_increment,,,,,,,,,,,,,,,,0.09763329476118088,0.03506230190396309,0.0,mpnn,5,4,16,curvature_attention_max,32,38,345600,none,normalized_version_gap_with_gain,,3456.0,0.45057412981987,0.45057412981987,0.3074491024017334,,,,,0.5,0.0,,,,0.09763329476118088,0.03506230190396309,0.03545069694519043,0.05567506849765777,0.09344404935836792,0.14751883447170255,0.23610538244247437,0.03479474410414696,0.03506230190396309,0.01593594066798687
442,6.138413883522153,0.10229999979492277,0.09971725771889739,0.1,-0.0002827422811026159,-0.002827422528283906,-0.002827422528283906,0.10158872604370117,0.0,0.0,False,0.0009062570170499384,1.0822433233261108,0.320167601108551,1.4373640624398831e-05,0.0,0.05,0.002961318474262953,0.8,0.000706024351529777,0.01853819377720356,0.020582519471645355,0.07226690649986267,0.008304828777909279,2.4414061883248905e-08,0.9999991059303284,8.802550315856934,node_conditioned,25,True,True,False,-69.80567932128906,2.7142255306243896,0.948732852935791,1.517332911491394,0.5060174465179443,1.0291615724563599,-68.99137115478516,2.2642784118652344,0.7934108491868066,-70.46658325195312,0.8796424269676208,0.0,0.0,0.0,0.020582519471645355,0.0,0.0,100,0.2,0.15,0.0,978,curvature_stage2_mpnn_v3_5_edge_gain,True,,,,,normalized_degree|time_since_last_tx|consecutive_tx_attempts|congestion_ewma|self_information_increment,,,,,,,,,,,,,,,,0.10158872604370117,0.03567603603005409,0.0,mpnn,5,4,16,curvature_attention_max,32,38,391200,none,normalized_version_gap_with_gain,,3912.0,0.47023195028305054,0.47023195028305054,0.32620131969451904,,,,,0.5,0.0,,,,0.10158872604370117,0.03567603603005409,0.03575184941291809,0.058438435196876526,0.09748834371566772,0.14977322220802308,0.2441571056842804,0.03536900877952576,0.03567603603005409,0.015104626305401325
443,6.806721977666021,0.0938749998807907,0.09679612879984405,0.1,-0.0032038712001559583,-0.032038708797688706,-0.032038708797688706,0.09408481419086456,0.0,0.0,False,0.00015718651411589235,1.727280616760254,0.30350667238235474,-3.976736024924321e-06,0.0,0.05,0.0019467341480776668,0.8,2.2456745796262112e-07,3.067981015192345e-05,0.022936148568987846,0.026688670739531517,0.0046941982582211494,-6.103515470812226e-09,0.9999992251396179,6.903374671936035,node_conditioned,25,True,True,False,-69.49832153320312,2.9643797874450684,0.9916248917579651,1.4012932777404785,0.5496622323989868,1.110586404800415,-69.89678955078125,2.87068247795105,0.8503301192726088,-70.42708587646484,0.932843804359436,0.0,0.0,0.0,0.022936148568987846,0.0,0.0,100,0.2,0.14,0.0,956,curvature_stage2_mpnn_v3_5_edge_gain,True,,,,,normalized_degree|time_since_last_tx|consecutive_tx_attempts|congestion_ewma|self_information_increment,,,,,,,,,,,,,,,,0.09408481419086456,0.034286174923181534,0.0,mpnn,5,4,16,curvature_attention_max,32,38,382400,none,normalized_version_gap_with_gain,,3824.0,0.42994189262390137,0.42994189262390137,0.3071640729904175,,,,,0.5,0.0,,,,0.09408481419086456,0.034286174923181534,0.034924477338790894,0.052550299465656286,0.09066365659236908,0.14014564454555511,0.24442791938781738,0.033969298005104065,0.034286174923181534,0.016702808439731598
444,6.19923432905227,0.09614999996963888,0.09647306438474146,0.1,-0.0035269356152585474,-0.03526935262565021,-0.03526935262565021,0.09694204479455948,0.0,0.0,False,0.00015218285261653364,1.0401806831359863,0.31153544783592224,5.892937906537554e-07,0.0,0.05,0.0020768193062394857,0.8,5.054220309830271e-05,0.002538634231314063,0.014417645521461964,0.010706447996199131,0.007438440341502428,8.69750991228102e-08,0.9999989867210388,8.981781959533691,node_conditioned,25,True,True,False,-68.71942138671875,2.684899091720581,0.9502091407775879,1.2814565896987915,0.5079416036605835,0.9686727523803711,-68.1860580444336,2.3490748405456543,0.8299563127562842,-69.55194091796875,1.2563579082489014,0.0,0.0,0.0,0.014417645521461964,0.0,0.0,100,0.2,0.145,0.0,988,curvature_stage2_mpnn_v3_5_edge_gain,True,,,,,normalized_degree|time_since_last_tx|consecutive_tx_attempts|congestion_ewma|self_information_increment,,,,,,,,,,,,,,,,0.09694204479455948,0.034789565950632095,0.0,mpnn,5,4,16,curvature_attention_max,32,38,395200,none,normalized_version_gap_with_gain,,3952.0,0.46439120173454285,0.46439120173454285,0.32749131321907043,,,,,0.5,0.0,,,,0.09694204479455948,0.034789565950632095,0.03599768877029419,0.05452702343463897,0.0926097184419632,0.14566261768341063,0.21369850635528564,0.03444987162947655,0.034789565950632095,0.015233834274113178
445,8.021039655953645,0.09454999989829957,0.09551153214152051,0.1,-0.004488467858479492,-0.04488467409632751,-0.04488467409632751,0.0938599482178688,0.0,0.0,False,3.661307709990069e-05,4.884982109069824,0.3063167929649353,-6.232292889762903e-06,0.0,0.05,0.0014453849289566278,0.8,2.234454314020695e-06,0.0001811593392631039,0.018912402912974358,0.02484484389424324,0.0067357574589550495,0.0,0.9999993443489075,3.601170063018799,node_conditioned,25,True,True,False,-70.2624282836914,3.3555355072021484,1.0322227478027344,1.60649836063385,0.5282651782035828,1.4743748903274536,-72.59117889404297,3.813340902328491,0.8505125939351472,-70.7140884399414,1.0383760929107666,0.0,0.0,0.0,0.018912402912974358,0.0,0.0,100,0.2,0.1525,0.01,1014,curvature_stage2_mpnn_v3_5_edge_gain,True,,,,,normalized_degree|time_since_last_tx|consecutive_tx_attempts|congestion_ewma|self_information_increment,,,,,,,,,,,,,,,,0.0938599482178688,0.032440491020679474,0.0,mpnn,5,4,16,curvature_attention_max,32,38,405600,none,normalized_version_gap_with_gain,,4056.0,0.4306448698043823,0.4306448698043823,0.30824071168899536,,,,,0.5,0.0,,,,0.0938599482178688,0.032440491020679474,0.03531426191329956,0.05458779931068421,0.09026509523391724,0.14005564749240876,0.211274653673172,0.03218681365251541,0.032440491020679474,0.012605895288288593
446,6.9476257487758994,0.09527499993797392,0.09539326603974721,0.1,-0.004606733960252796,-0.046067334995794455,-0.046067334995794455,0.09450949728488922,0.0,0.0,False,-1.410687491443241e-05,1.3238942623138428,0.30821508169174194,1.074832084668742e-06,0.0,0.05,0.0014467242872342467,0.8,1.057228564604884e-05,0.0008320537162944674,0.027279267087578773,0.03023895062506199,0.004588636569678783,-6.256103546320446e-08,0.999998927116394,7.5020928382873535,node_conditioned,25,True,True,False,-70.10303497314453,2.9974594116210938,0.944803774356842,1.2915948629379272,0.5199958086013794,0.9453355073928833,-70.67738342285156,2.928009033203125,0.8957617491362903,-71.49710083007812,0.8527094721794128,0.0,0.0,0.0,0.027279267087578773,0.0,0.0,100,0.2,0.1525,0.01,994,curvature_stage2_mpnn_v3_5_edge_gain,True,,,,,normalized_degree|time_since_last_tx|consecutive_tx_attempts|congestion_ewma|self_information_increment,,,,,,,,,,,,,,,,0.09450949728488922,0.034236516803503036,0.0,mpnn,5,4,16,curvature_attention_max,32,38,397600,none,normalized_version_gap_with_gain,,3976.0,0.4465543329715729,0.4465543329715729,0.3166921138763428,,,,,0.5,0.0,,,,0.09450949728488922,0.034236516803503036,0.03546300530433655,0.05193454921245575,0.09104925394058228,0.14237771630287172,0.20932257175445557,0.033963657915592194,0.034236516803503036,0.01569998823106289
447,6.328370713852346,0.09872500003315508,0.09705913303645114,0.1,-0.002940866963548866,-0.029408666694621992,-0.029408666694621992,0.09887156635522842,0.0,0.0,False,0.0002824363764375448,2.113448143005371,0.31689324975013733,5.835256615682738e-06,0.0,0.05,0.0012838132679462433,0.8,0.00025442734477110207,0.010053484700620174,0.015490317717194557,0.0131803834810853,0.003015014110133052,3.051757735406113e-09,0.9999990463256836,7.947603225708008,node_conditioned,25,True,True,False,-70.9535903930664,2.928948163986206,0.9625912308692932,1.5604350566864014,0.5290642380714417,1.091442346572876,-70.31610107421875,2.4512441158294678,0.8017430366839042,-72.08203125,0.923277735710144,0.0,0.0,0.0,0.015490317717194557,0.0,0.0,100,0.2,0.1525,0.01,992,curvature_stage2_mpnn_v3_5_edge_gain,True,,,,,normalized_degree|time_since_last_tx|consecutive_tx_attempts|congestion_ewma|self_information_increment,,,,,,,,,,,,,,,,0.09887156635522842,0.035881977528333664,0.0,mpnn,5,4,16,curvature_attention_max,32,38,396800,none,normalized_version_gap_with_gain,,3968.0,0.4686794877052307,0.4686794877052307,0.3282797038555145,,,,,0.5,0.0,,,,0.09887156635522842,0.035881977528333664,0.0351165235042572,0.055277746915817265,0.09513752162456512,0.1473954647779465,0.24224013090133667,0.03559567779302597,0.035881977528333664,0.016206296160817146
448,6.912230303026735,0.10037500007078051,0.09871706655361583,0.1,-0.0012829334463841796,-0.012829333180908477,-0.012829333180908477,0.09975769370794296,0.0,0.0,False,0.000504895462654531,1.3376407623291016,0.31666630506515503,-1.8654729956324445e-06,0.0,0.05,0.001919399481266737,0.8,0.00038133151247166097,0.011683347634971142,0.024289757013320923,0.03192721679806709,0.0033228909596800804,2.1362303925798187e-08,0.9999991655349731,6.910898208618164,node_conditioned,25,True,True,False,-72.00227355957031,3.2530198097229004,1.0278743505477905,1.6507248878479004,0.5445043444633484,1.1326807737350464,-72.1906509399414,3.265289545059204,0.8796706121742282,-72.48600769042969,1.1357570886611938,0.0,0.0,0.0,0.024289757013320923,0.0,0.0,100,0.2,0.165,0.02,958,curvature_stage2_mpnn_v3_5_edge_gain,True,,,,,normalized_degree|time_since_last_tx|consecutive_tx_attempts|congestion_ewma|self_information_increment,,,,,,,,,,,,,,,,0.09975769370794296,0.035903822630643845,0.0,mpnn,5,4,16,curvature_attention_max,32,38,383200,none,normalized_version_gap_with_gain,,3832.0,0.4589981436729431,0.4589981436729431,0.3227297365665436,,,,,0.5,0.0,,,,0.09975769370794296,0.035903822630643845,0.03586757183074951,0.05637697279453278,0.09598895907402039,0.1486897200345993,0.2485717535018921,0.035523418337106705,0.035903822630643845,0.016150644049048424
449,5.9196560453996065,0.1006999997375533,0.09970853314558456,0.1,-0.0002914668544154453,-0.002914668252687628,-0.002914668252687628,0.09998714178800583,0.0,0.0,False,0.0005632156971842051,2.037451982498169,0.315361887216568,1.7827216652221978e-05,0.0,0.05,0.0027865914162248373,0.8,0.00034755555680021644,0.010217086412012577,0.017445674166083336,0.04907768964767456,0.004152866080403328,3.051757957450718e-08,0.9999991655349731,8.184861183166504,node_conditioned,25,True,True,False,-70.85994720458984,2.754704713821411,0.9603341817855835,1.399502158164978,0.5404712557792664,1.1677731275558472,-69.51013946533203,2.067044734954834,0.6808335775577918,-71.43717956542969,0.9231664538383484,0.0,0.0,0.0,0.017445674166083336,0.0,0.0,100,0.2,0.16,0.01,998,curvature_stage2_mpnn_v3_5_edge_gain,True,,,,,normalized_degree|time_since_last_tx|consecutive_tx_attempts|congestion_ewma|self_information_increment,,,,,,,,,,,,,,,,0.09998714178800583,0.03592142090201378,0.0,mpnn,5,4,16,curvature_attention_max,32,38,399200,none,normalized_version_gap_with_gain,,3992.0,0.4790525436401367,0.4790525436401367,0.3324754238128662,,,,,0.5,0.0,,,,0.09998714178800583,0.03592142090201378,0.037559181451797485,0.056753757596015926,0.09616430103778839,0.1479033201932907,0.24714785814285278,0.035525258630514145,0.03592142090201378,0.015309891663491726
450,6.589125761799514,0.0986749999690801,0.09919176655733233,0.1,-0.0008082334426676718,-0.008082333618443356,-0.008082333618443356,0.0969453826546669,0.0,0.0,False,0.00025198166258633137,1.4545847177505493,0.3095395565032959,2.300143205502536e-05,0.0,0.05,0.003040408482775092,0.8,3.453766112215817e-05,0.001575877540744841,0.0227514635771513,0.02054808847606182,0.00924743339419365,-1.2207030941624453e-08,0.9999991059303284,7.30726432800293,node_conditioned,25,True,True,False,-70.74153137207031,3.027590274810791,1.0577136278152466,1.4401772022247314,0.5409803986549377,1.1130192279815674,-70.53849029541016,2.888577938079834,0.8515305409876925,-70.72332763671875,0.8517008423805237,0.0,0.0,0.0,0.0227514635771513,0.0,0.0,100,0.2,0.1475,0.0,946,curvature_stage2_mpnn_v3_5_edge_gain,True,,,,,normalized_degree|time_since_last_tx|consecutive_tx_attempts|congestion_ewma|self_information_increment,,,,,,,,,,,,,,,,0.0969453826546669,0.03576211258769035,0.0,mpnn,5,4,16,curvature_attention_max,32,38,378400,none,normalized_version_gap_with_gain,,3784.0,0.4534471929073334,0.4534471929073334,0.3185676038265228,,,,,0.5,0.0,,,,0.0969453826546669,0.03576211258769035,0.03447914123535156,0.054145699739456175,0.09213289618492126,0.1472243458032608,0.24517133831977844,0.03539811074733734,0.03576211258769035,0.01671806536614895
451,7.1098737313970926,0.0967250000173226,0.09795838328732746,0.1,-0.002041616712672542,-0.020416165085108913,-0.020416165085108913,0.09797126799821854,0.0,0.0,False,0.0003270793240517378,2.3642687797546387,0.3137153387069702,-1.0525400284677744e-06,0.0,0.05,0.003096845466643572,0.8,0.000166115234605968,0.005724308546632528,0.017952270805835724,0.003508160589262843,0.010590283200144768,-3.662109548940862e-08,0.9999992251396179,5.376955509185791,node_conditioned,25,True,True,False,-70.58455657958984,3.1254727840423584,0.948515772819519,1.5545976161956787,0.5492319464683533,1.3359516859054565,-71.3194580078125,3.200878620147705,0.8258020500212968,-71.24274444580078,0.8328567743301392,0.0,0.0,0.0,0.017952270805835724,0.0,0.0,100,0.2,0.1475,0.0,972,curvature_stage2_mpnn_v3_5_edge_gain,True,,,,,normalized_degree|time_since_last_tx|consecutive_tx_attempts|congestion_ewma|self_information_increment,,,,,,,,,,,,,,,,0.09797126799821854,0.034614186733961105,0.0,mpnn,5,4,16,curvature_attention_max,32,38,388800,none,normalized_version_gap_with_gain,,3888.0,0.4387580454349518,0.4387580454349518,0.31396999955177307,,,,,0.5,0.0,,,,0.09797126799821854,0.034614186733961105,0.03515017032623291,0.056114462018013005,0.09353803843259811,0.14701540172100067,0.23949623107910156,0.03425325080752373,0.034614186733961105,0.014352524653077126
452,6.9487866290658715,0.09649999998975545,0.09722919163854146,0.1,-0.0027708083614585433,-0.02770808084377735,-0.02770808084377735,0.09588585048913956,0.0,0.0,False,0.00012922723544761539,1.4155457019805908,0.3091052770614624,-1.299096766160801e-06,0.0,0.05,0.0023514567874372005,0.8,2.920810948126018e-05,0.0015235701575875282,0.017198888584971428,0.02094210498034954,0.009731020778417587,1.2207030941624453e-08,0.9999992251396179,6.65212869644165,node_conditioned,25,True,True,False,-70.3937759399414,3.0937564373016357,1.1227564811706543,1.560473084449768,0.553496778011322,1.1792280673980713,-70.83100891113281,2.8306310176849365,0.8264481976379292,-69.99747467041016,0.9942072033882141,0.0,0.0,0.0,0.017198888584971428,0.0,0.0,100,0.2,0.165,0.01,992,curvature_stage2_mpnn_v3_5_edge_gain,True,,,,,normalized_degree|time_since_last_tx|consecutive_tx_attempts|congestion_ewma|self_information_increment,,,,,,,,,,,,,,,,0.09588585048913956,0.0364314429461956,0.0,mpnn,5,4,16,curvature_attention_max,32,38,396800,none,normalized_version_gap_with_gain,,3968.0,0.44785934686660767,0.44785934686660767,0.31769898533821106,,,,,0.5,0.0,,,,0.09588585048913956,0.0364314429461956,0.03516954183578491,0.05158877968788147,0.09197099506855011,0.14638769924640657,0.24201713502407074,0.03613772988319397,0.0364314429461956,0.018915845081210136
453,6.517458836846053,0.09619999988004566,0.09671459575929356,0.1,-0.0032854042407064465,-0.03285403912166055,-0.03285403912166055,0.0956764817237854,0.0,0.0,False,6.491642852779478e-05,2.026221990585327,0.31046903133392334,-3.578463292797096e-06,0.0,0.05,0.001954794628545642,0.8,3.453509634709917e-05,0.0018748673610389233,0.022213099524378777,0.02610539086163044,0.008662063628435135,3.051757735406113e-09,0.9999992251396179,5.835204601287842,node_conditioned,25,True,True,False,-70.2247543334961,2.917865037918091,0.9354466199874878,1.3588640689849854,0.5361806750297546,1.3744674921035767,-70.04252624511719,2.978811264038086,0.7870964375288729,-71.82296752929688,0.9959277510643005,0.0,0.0,0.0,0.022213099524378777,0.0,0.0,100,0.2,0.145,0.0,890,curvature_stage2_mpnn_v3_5_edge_gain,True,,,,,normalized_degree|time_since_last_tx|consecutive_tx_attempts|congestion_ewma|self_information_increment,,,,,,,,,,,,,,,,0.0956764817237854,0.03434623405337334,0.0,mpnn,5,4,16,curvature_attention_max,32,38,356000,none,normalized_version_gap_with_gain,,3560.0,0.4385069012641907,0.4385069012641907,0.3043248951435089,,,,,0.5,0.0,,,,0.0956764817237854,0.03434623405337334,0.03525993227958679,0.053726527094841006,0.0916483998298645,0.14334980249404908,0.21427220106124878,0.03404782712459564,0.03434623405337334,0.0150085324421525
454,6.150077012591064,0.09772499955259263,0.0972197976559431,0.1,-0.0027802023440569035,-0.02780202066036697,-0.02780202066036697,0.0998176634311676,0.0,0.0,False,0.0005263030179776251,1.28486967086792,0.318250447511673,8.188110768969636e-06,0.0,0.05,0.0016408443916589022,0.8,0.0004744853940792382,0.013834766112267971,0.02366594225168228,0.024013807997107506,0.005649263970553875,-1.2207030941624453e-08,0.9999990463256836,8.302720069885254,node_conditioned,25,True,True,False,-70.1791000366211,2.8580031394958496,0.9626268744468689,1.2618732452392578,0.5184653401374817,1.0283138751983643,-69.3650894165039,2.6665472984313965,0.8512856813953542,-71.11480712890625,0.8315607309341431,0.0,0.0,0.0,0.02366594225168228,0.0,0.0,100,0.2,0.1725,0.01,912,curvature_stage2_mpnn_v3_5_edge_gain,True,,,,,normalized_degree|time_since_last_tx|consecutive_tx_attempts|congestion_ewma|self_information_increment,,,,,,,,,,,,,,,,0.0998176634311676,0.036232057958841324,0.0,mpnn,5,4,16,curvature_attention_max,32,38,364800,none,normalized_version_gap_with_gain,,3648.0,0.4620762765407562,0.4620762765407562,0.3150855004787445,,,,,0.5,0.0,,,,0.0998176634311676,0.036232057958841324,0.03559595346450806,0.056598436832427976,0.09529075026512146,0.15115457922220227,0.2450360357761383,0.035918883979320526,0.036232057958841324,0.016013849526643753
455,5.67051161326468,0.0980999999307096,0.09765989879332634,0.1,-0.0023401012066736615,-0.02340100972663564,-0.02340100972663564,0.09877823293209076,0.0,0.0,False,0.0002569492789916694,1.2842609882354736,0.3144006133079529,-1.9220362901251065e-06,0.0,0.05,0.0017274412093684077,0.8,0.00015034405805636197,0.006248172372579575,0.019613586366176605,0.00910814106464386,0.0038541413377970457,-5.187988350030537e-08,0.9999990463256836,9.035059928894043,node_conditioned,25,True,True,False,-69.03375244140625,2.5325870513916016,0.9655447602272034,1.1892372369766235,0.5233653783798218,1.013365387916565,-67.5307846069336,2.0424838066101074,0.7538414535572381,-69.46428680419922,1.1572060585021973,0.0,0.0,0.0,0.019613586366176605,0.0,0.0,100,0.2,0.1625,0.05,1030,curvature_stage2_mpnn_v3_5_edge_gain,True,,,,,normalized_degree|time_since_last_tx|consecutive_tx_attempts|congestion_ewma|self_information_increment,,,,,,,,,,,,,,,,0.09877823293209076,0.036447808146476746,0.0,mpnn,5,4,16,curvature_attention_max,32,38,412000,none,normalized_version_gap_with_gain,,4120.0,0.5021194219589233,0.5021194219589233,0.35071927309036255,,,,,0.5,0.0,,,,0.09877823293209076,0.036447808146476746,0.035335034132003784,0.055209651589393616,0.09583000838756561,0.14513537883758543,0.2432657778263092,0.03610454127192497,0.036447808146476746,0.017046038061380386
456,6.2422083330526945,0.0963499999139458,0.09700494935363607,0.1,-0.0029950506463639337,-0.02995050346858899,-0.02995050346858899,0.09859916567802429,0.0,0.0,False,0.00025458369054831564,1.319972038269043,0.3139994740486145,-6.417007625714177e-06,0.0,0.05,0.001918660826049745,0.8,0.00013634840433951467,0.005678698420524597,0.017439957708120346,0.008395412936806679,0.004452351946383715,0.0,0.9999989867210388,7.263616561889648,node_conditioned,25,True,True,False,-68.39332580566406,2.7529239654541016,0.9510087370872498,1.5083407163619995,0.5311567783355713,1.0440073013305664,-67.97098541259766,2.3505992889404297,0.8027350807618278,-68.51036834716797,0.881613552570343,0.0,0.0,0.0,0.017439957708120346,0.0,0.0,100,0.2,0.1575,0.01,930,curvature_stage2_mpnn_v3_5_edge_gain,True,,,,,normalized_degree|time_since_last_tx|consecutive_tx_attempts|congestion_ewma|self_information_increment,,,,,,,,,,,,,,,,0.09859916567802429,0.03601108118891716,0.0,mpnn,5,4,16,curvature_attention_max,32,38,372000,none,normalized_version_gap_with_gain,,3720.0,0.45637789368629456,0.45637789368629456,0.3115251660346985,,,,,0.5,0.0,,,,0.09859916567802429,0.03601108118891716,0.03459334373474121,0.05492388308048248,0.09452109038829803,0.14922208189964295,0.24343165755271912,0.03568407520651817,0.03601108118891716,0.01598445698618889
457,5.9998247538879514,0.09845000021159649,0.09772747478261629,0.1,-0.0022725252173837196,-0.022725249901312205,-0.022725249901312205,0.09787862747907639,0.0,0.0,False,0.0002746178943198174,1.4460917711257935,0.3122248649597168,6.197234370119986e-07,0.0,0.05,0.0026362312491983175,0.8,0.00013048942491877824,0.004513978026807308,0.010918917134404182,0.005672707222402096,0.007607835344970226,0.0,0.9999992251396179,6.461624622344971,node_conditioned,25,True,True,False,-66.98466491699219,2.5847244262695312,0.87738436460495,1.2681355476379395,0.5008038878440857,1.2125732898712158,-66.36881256103516,2.5283548831939697,0.769993592134598,-67.52391815185547,0.777371883392334,0.0,0.0,0.0,0.010918917134404182,0.0,0.0,100,0.2,0.155,0.01,982,curvature_stage2_mpnn_v3_5_edge_gain,True,,,,,normalized_degree|time_since_last_tx|consecutive_tx_attempts|congestion_ewma|self_information_increment,,,,,,,,,,,,,,,,0.09787862747907639,0.03664093464612961,0.0,mpnn,5,4,16,curvature_attention_max,32,38,392800,none,normalized_version_gap_with_gain,,3928.0,0.4743327498435974,0.4743327498435974,0.32733941078186035,,,,,0.5,0.0,,,,0.09787862747907639,0.03664093464612961,0.035321056842803955,0.05403819382190704,0.09359607100486755,0.14897327423095702,0.24404847621917725,0.03631545975804329,0.03664093464612961,0.017790328711271286
458,6.039906830694527,0.09822500009089709,0.09797623743675668,0.1,-0.0020237625632433254,-0.02023762360867089,-0.02023762360867089,0.09763602912425995,0.0,0.0,False,0.0002741241769399494,0.8610662817955017,0.31208497285842896,2.278590613968845e-07,0.0,0.05,0.0028133199084550142,0.8,0.0001235918462043628,0.004520032554864883,0.016517432406544685,0.003637337125837803,0.009277393110096455,0.0,0.999998927116394,8.061002731323242,node_conditioned,25,True,True,False,-66.0561752319336,2.4254398345947266,0.8908159136772156,1.2079066038131714,0.503598690032959,0.9210647344589233,-65.6789779663086,2.1396660804748535,0.8146945162847273,-67.34322357177734,1.038433313369751,0.0,0.0,0.0,0.016517432406544685,0.0,0.0,100,0.2,0.1525,0.01,1022,curvature_stage2_mpnn_v3_5_edge_gain,True,,,,,normalized_degree|time_since_last_tx|consecutive_tx_attempts|congestion_ewma|self_information_increment,,,,,,,,,,,,,,,,0.09763602912425995,0.03623899444937706,0.0,mpnn,5,4,16,curvature_attention_max,32,38,408800,none,normalized_version_gap_with_gain,,4088.0,0.4828329384326935,0.4828329384326935,0.3344256579875946,,,,,0.5,0.0,,,,0.09763602912425995,0.03623899444937706,0.035215675830841064,0.0538624495267868,0.09386242926120758,0.14568205773830414,0.24487918615341187,0.03590471297502518,0.03623899444937706,0.01682143285870552
459,6.325618687793613,0.1001500001642853,0.09906311880052099,0.1,-0.0009368811994790172,-0.009368811057909066,-0.009368811057909066,0.09849001467227936,0.0,0.0,False,0.00031968444818630815,1.1497517824172974,0.3137514293193817,1.2434138625394553e-06,0.0,0.05,0.0031152379233390093,0.8,0.00016086925461422652,0.006312211975455284,0.019434792920947075,0.0023771380074322224,0.011043018661439419,1.3732909920349812e-08,0.9999989867210388,6.6970601081848145,node_conditioned,25,True,True,False,-65.75962829589844,2.5574188232421875,0.9126507639884949,1.3090890645980835,0.507354736328125,0.9908998608589172,-65.89359283447266,2.5222394466400146,0.8456570172726402,-66.3053207397461,0.9739395380020142,0.0,0.0,0.0,0.019434792920947075,0.0,0.0,100,0.2,0.15,0.0,1000,curvature_stage2_mpnn_v3_5_edge_gain,True,,,,,normalized_degree|time_since_last_tx|consecutive_tx_attempts|congestion_ewma|self_information_increment,,,,,,,,,,,,,,,,0.09849001467227936,0.03777652606368065,0.0,mpnn,5,4,16,curvature_attention_max,32,38,400000,none,normalized_version_gap_with_gain,,4000.0,0.45487597584724426,0.45487597584724426,0.31555479764938354,,,,,0.5,0.0,,,,0.09849001467227936,0.03777652606368065,0.03496873378753662,0.05336903333663941,0.09363605082035065,0.15152350068092346,0.2401236891746521,0.03749090060591698,0.03777652606368065,0.019673118367791176
460,6.0841376280784605,0.09752499983180314,0.09829405931616206,0.1,-0.0017059406838379476,-0.017059405132438962,-0.017059405132438962,0.09597106277942657,0.0,0.0,False,0.0001057285990100354,1.099259614944458,0.3105117976665497,-8.30665430839872e-06,0.0,0.05,0.002380018588155508,0.8,2.9061662644380704e-05,0.0018151174299418926,0.02619238756597042,0.029247786849737167,0.008912301622331142,6.103515470812226e-09,0.9999991059303284,7.482334613800049,node_conditioned,25,True,True,False,-65.16480255126953,2.2547051906585693,0.8266876339912415,1.1350797414779663,0.4823892116546631,1.051753282546997,-64.95723724365234,1.9882817268371582,0.720184395182247,-66.16033935546875,0.8101120591163635,0.0,0.0,0.0,0.02619238756597042,0.0,0.0,100,0.2,0.1525,0.02,1058,curvature_stage2_mpnn_v3_5_edge_gain,True,,,,,normalized_degree|time_since_last_tx|consecutive_tx_attempts|congestion_ewma|self_information_increment,,,,,,,,,,,,,,,,0.09597106277942657,0.033924076706171036,0.0,mpnn,5,4,16,curvature_attention_max,32,38,423200,none,normalized_version_gap_with_gain,,4232.0,0.48584526777267456,0.48584526777267456,0.34239184856414795,,,,,0.5,0.0,,,,0.09597106277942657,0.033924076706171036,0.03500157594680786,0.05553161054849625,0.09156845510005951,0.14401874840259551,0.23779228329658508,0.033572968095541,0.033924076706171036,0.012744138948619366
461,6.701362627483904,0.0923750000493601,0.09533452968276107,0.1,-0.0046654703172389345,-0.046654698506919494,-0.046654698506919494,0.09476665407419205,0.0,0.0,False,3.779854523600079e-05,1.3783825635910034,0.30837681889533997,2.8560543796629645e-05,0.0,0.05,0.0013223610585555434,0.8,1.9126171537209302e-05,0.0010249291080981493,0.015871157869696617,0.016483431681990623,0.0034274773206561804,9.155273872352154e-09,0.9999989867210388,6.178002834320068,node_conditioned,25,True,True,False,-65.60687255859375,2.6663148403167725,0.9171741008758545,1.2757394313812256,0.5076048374176025,0.9812445640563965,-66.40779876708984,2.5509026050567627,0.852032355018446,-66.17473602294922,0.8845903277397156,0.0,0.0,0.0,0.015871157869696617,0.0,0.0,100,0.2,0.15,0.0,922,curvature_stage2_mpnn_v3_5_edge_gain,True,,,,,normalized_degree|time_since_last_tx|consecutive_tx_attempts|congestion_ewma|self_information_increment,,,,,,,,,,,,,,,,0.09476665407419205,0.03435123711824417,0.0,mpnn,5,4,16,curvature_attention_max,32,38,368800,none,normalized_version_gap_with_gain,,3688.0,0.4404331147670746,0.4404331147670746,0.31024786829948425,,,,,0.5,0.0,,,,0.09476665407419205,0.03435123711824417,0.03532928228378296,0.05221318304538727,0.0908842384815216,0.14133297204971312,0.21051955223083496,0.034046001732349396,0.03435123711824417,0.014923087321221828
462,6.423664646297693,0.10119999989401549,0.09826726478838828,0.1,-0.0017327352116117273,-0.017327350383382234,-0.017327350383382234,0.09935161471366882,0.0,0.0,False,0.0003662643430288881,1.1382948160171509,0.3170378804206848,-2.6751890800369438e-06,0.0,0.05,0.0016072902362793684,0.8,0.000300951098324731,0.010489244014024734,0.011775304563343525,0.021280936896800995,0.006992491893470287,6.103515470812226e-09,0.9999989867210388,6.17464542388916,node_conditioned,25,True,True,False,-65.63634490966797,2.5320241451263428,0.8397130370140076,1.4281131029129028,0.49378517270088196,1.0585952997207642,-65.97895050048828,2.4158968925476074,0.8079991874304276,-66.8654556274414,0.7940366864204407,0.0,0.0,0.0,0.011775304563343525,0.0,0.0,100,0.2,0.16,0.02,962,curvature_stage2_mpnn_v3_5_edge_gain,True,,,,,normalized_degree|time_since_last_tx|consecutive_tx_attempts|congestion_ewma|self_information_increment,,,,,,,,,,,,,,,,0.09935161471366882,0.036497436463832855,0.0,mpnn,5,4,16,curvature_attention_max,32,38,384800,none,normalized_version_gap_with_gain,,3848.0,0.46271729469299316,0.46271729469299316,0.32519277930259705,,,,,0.5,0.0,,,,0.09935161471366882,0.036497436463832855,0.03535577654838562,0.05574297308921814,0.09542450308799744,0.14666424095630645,0.24538639187812805,0.03620956838130951,0.036497436463832855,0.016444772481918335
463,6.1633151523768905,0.09997499987017364,0.09912113232928096,0.1,-0.0008788676707190413,-0.00878867582832283,-0.00878867582832283,0.10039971768856049,0.0,0.0,False,0.00045554456301033497,1.144111156463623,0.3161996006965637,1.2997787052881904e-05,0.0,0.05,0.002362092025578022,0.8,0.0003033457323908806,0.010778832249343395,0.012968052178621292,0.05221886560320854,0.005266353953629732,-1.525878978725359e-08,0.9999989867210388,7.228143215179443,node_conditioned,25,True,True,False,-65.89959716796875,2.4797987937927246,0.9527674913406372,1.3511375188827515,0.507917582988739,1.0163663625717163,-65.75824737548828,2.215524911880493,0.7895507979484935,-67.1694564819336,0.7939674854278564,0.0,0.0,0.0,0.012968052178621292,0.0,0.0,100,0.2,0.145,0.0,1014,curvature_stage2_mpnn_v3_5_edge_gain,True,,,,,normalized_degree|time_since_last_tx|consecutive_tx_attempts|congestion_ewma|self_information_increment,,,,,,,,,,,,,,,,0.10039971768856049,0.03783749043941498,0.0,mpnn,5,4,16,curvature_attention_max,32,38,405600,none,normalized_version_gap_with_gain,,4056.0,0.4819400906562805,0.4819400906562805,0.3412659168243408,,,,,0.5,0.0,,,,0.10039971768856049,0.03783749043941498,0.03582391142845154,0.054302814602851864,0.09592035412788391,0.15326141715049743,0.2479325234889984,0.03755561634898186,0.03783749043941498,0.018411802127957344
464,6.037774240002036,0.10029999995604158,0.09971056614266127,0.1,-0.0002894338573387334,-0.0028943382839535054,-0.0028943382839535054,0.09760551899671555,0.0,0.0,False,0.0002735464076977223,1.0440962314605713,0.3105233311653137,3.8824215152999386e-05,0.0,0.05,0.0033765353728085756,0.8,5.4451094911200926e-05,0.002551040146499872,0.014827191829681396,0.006507932208478451,0.009202324785292149,-1.831054774470431e-08,0.9999989867210388,7.670138835906982,node_conditioned,25,True,True,False,-65.84224700927734,2.4097986221313477,0.9412978887557983,1.272545576095581,0.5212636590003967,0.9946879744529724,-65.43900299072266,2.01265811920166,0.7557505312894345,-66.16106414794922,0.9021918177604675,0.0,0.0,0.0,0.014827191829681396,0.0,0.0,100,0.2,0.1725,0.02,970,curvature_stage2_mpnn_v3_5_edge_gain,True,,,,,normalized_degree|time_since_last_tx|consecutive_tx_attempts|congestion_ewma|self_information_increment,,,,,,,,,,,,,,,,0.09760551899671555,0.036287080496549606,0.0,mpnn,5,4,16,curvature_attention_max,32,38,388000,none,normalized_version_gap_with_gain,,3880.0,0.46375975012779236,0.46375975012779236,0.31894683837890625,,,,,0.5,0.0,,,,0.09760551899671555,0.036287080496549606,0.03484600782394409,0.05363073945045471,0.0933837890625,0.147126767039299,0.24107182025909424,0.035974811762571335,0.036287080496549606,0.01641922816634178
465,5.940889898091554,0.09987499974668027,0.09979278294467077,0.1,-0.00020721705532923684,-0.0020721703460753337,-0.0020721703460753337,0.09789342433214188,0.0,0.0,False,0.00030046634492464364,0.9060694575309753,0.31260156631469727,9.317201147496235e-06,0.0,0.05,0.003715400118380785,0.8,0.00010349638614570722,0.004228848032653332,0.010061820037662983,0.00453625712543726,0.011711700819432735,-4.2724607851596375e-08,0.999998927116394,6.97334098815918,node_conditioned,25,True,True,False,-65.81230163574219,2.505927801132202,0.830839216709137,1.2600301504135132,0.5024323463439941,0.9482428431510925,-65.30970001220703,2.416532278060913,0.8460236845747662,-66.50213623046875,0.9661006331443787,0.0,0.0,0.0,0.010061820037662983,0.0,0.0,100,0.2,0.1525,0.01,1230,curvature_stage2_mpnn_v3_5_edge_gain,True,,,,,normalized_degree|time_since_last_tx|consecutive_tx_attempts|congestion_ewma|self_information_increment,,,,,,,,,,,,,,,,0.09789342433214188,0.03504739701747894,0.0,mpnn,5,4,16,curvature_attention_max,32,38,492000,none,normalized_version_gap_with_gain,,4920.0,0.5110595226287842,0.5110595226287842,0.3696942627429962,,,,,0.5,0.0,,,,0.09789342433214188,0.03504739701747894,0.03527376055717468,0.05608174502849579,0.09350825846195221,0.14499765932559966,0.24240106344223022,0.034699372947216034,0.03504739701747894,0.013976090587675571
466,6.682257578074932,0.0943999999249354,0.09709639143480309,0.1,-0.002903608565196919,-0.029036082748360916,-0.029036082748360916,0.09530552476644516,0.0,0.0,False,0.00015830638585612178,2.102931261062622,0.3079335391521454,4.5580623009300325e-07,0.0,0.05,0.0027380355168133974,0.8,2.4834773284965195e-05,0.0012762495316565037,0.01540095079690218,0.019899148494005203,0.010158131830394268,2.7465819840699623e-08,0.9999992251396179,5.483057975769043,node_conditioned,25,True,True,False,-65.93603515625,2.5984034538269043,0.9073570370674133,1.5012022256851196,0.5066914558410645,1.248763084411621,-66.63558959960938,2.5457935333251953,0.759389996338666,-66.67869567871094,1.2460845708847046,0.0,0.0,0.0,0.01540095079690218,0.0,0.0,100,0.2,0.1475,0.0,930,curvature_stage2_mpnn_v3_5_edge_gain,True,,,,,normalized_degree|time_since_last_tx|consecutive_tx_attempts|congestion_ewma|self_information_increment,,,,,,,,,,,,,,,,0.09530552476644516,0.0344708189368248,0.0,mpnn,5,4,16,curvature_attention_max,32,38,372000,none,normalized_version_gap_with_gain,,3720.0,0.4535520374774933,0.4535520374774933,0.3183736205101013,,,,,0.5,0.0,,,,0.09530552476644516,0.0344708189368248,0.03464794158935547,0.05419049263000489,0.09033994376659393,0.14458835721015928,0.21563264727592468,0.034137144684791565,0.0344708189368248,0.01401753630489111
467,6.148002021498979,0.09562499981839209,0.09636069562659759,0.1,-0.003639304373402416,-0.03639304009472015,-0.03639304009472015,0.09649906307458878,0.0,0.0,False,0.00017158447008114308,0.9880195260047913,0.3111567795276642,3.850279881589813e-06,0.0,0.05,0.002645734930410981,0.8,4.1995474020950496e-05,0.0023956927470862865,0.006414894945919514,0.006984533742070198,0.010569006204605103,2.7465819840699623e-08,0.9999989867210388,7.0771894454956055,node_conditioned,25,True,True,False,-65.49787139892578,2.4488656520843506,0.8724654316902161,1.230262041091919,0.49251556396484375,0.9598379731178284,-65.39645385742188,2.3251359462738037,0.8295884087322655,-66.67868041992188,0.6940253973007202,0.0,0.0,0.0,0.006414894945919514,0.0,0.0,100,0.2,0.14,0.0,1026,curvature_stage2_mpnn_v3_5_edge_gain,True,,,,,normalized_degree|time_since_last_tx|consecutive_tx_attempts|congestion_ewma|self_information_increment,,,,,,,,,,,,,,,,0.09649906307458878,0.03512940928339958,0.0,mpnn,5,4,16,curvature_attention_max,32,38,410400,none,normalized_version_gap_with_gain,,4104.0,0.47871455550193787,0.47871455550193787,0.3388688266277313,,,,,0.5,0.0,,,,0.09649906307458878,0.03512940928339958,0.034993141889572144,0.05438722968101502,0.09218232333660126,0.14466544389724734,0.23975607752799988,0.03478330746293068,0.03512940928339958,0.015244635753333569
468,6.414952521324158,0.09689999992959202,0.0966303477780948,0.1,-0.0033696522219052033,-0.03369651884940015,-0.03369651884940015,0.096287302672863,0.0,0.0,False,0.00015537987928837538,0.9360346794128418,0.310761034488678,-3.0362383540705196e-07,0.0,0.05,0.0023582978174090385,0.8,6.504068005597219e-05,0.002645978005602956,0.01525731198489666,0.016148068010807037,0.009903443045914173,-2.4414061883248905e-08,0.9999988675117493,7.152440547943115,node_conditioned,25,True,True,False,-65.701171875,2.4609196186065674,0.8976806402206421,1.4025574922561646,0.48124247789382935,0.9563162326812744,-65.94503784179688,2.2364208698272705,0.8171495784502012,-65.52911376953125,0.9194600582122803,0.0,0.0,0.0,0.01525731198489666,0.0,0.0,100,0.2,0.1375,0.0,950,curvature_stage2_mpnn_v3_5_edge_gain,True,,,,,normalized_degree|time_since_last_tx|consecutive_tx_attempts|congestion_ewma|self_information_increment,,,,,,,,,,,,,,,,0.096287302672863,0.035576410591602325,0.0,mpnn,5,4,16,curvature_attention_max,32,38,380000,none,normalized_version_gap_with_gain,,3800.0,0.4683273732662201,0.4683273732662201,0.3263068199157715,,,,,0.5,0.0,,,,0.096287302672863,0.035576410591602325,0.03486853837966919,0.053464317321777345,0.09166733920574188,0.14576322883367537,0.24053367972373962,0.03528628498315811,0.035576410591602325,0.015759600326418877
469,6.916912117861211,0.10029999997932464,0.09846517387870972,0.1,-0.0015348261212902864,-0.015348259678076896,-0.015348259678076896,0.09936705976724625,0.0,0.0,False,0.0004444694786798209,1.3790090084075928,0.3166484832763672,-5.931202053943707e-07,0.0,0.05,0.002837641164660454,0.8,0.00031286574085243046,0.01043001189827919,0.014408858492970467,0.016783451661467552,0.011565297842025757,7.324219097881723e-08,0.9999991655349731,5.4150071144104,node_conditioned,25,True,True,False,-66.6471176147461,2.769670009613037,0.9923780560493469,1.3103383779525757,0.5225565433502197,1.0589470863342285,-67.60614776611328,2.786935567855835,0.8556241111822791,-66.3039321899414,0.8684409856796265,0.0,0.0,0.0,0.014408858492970467,0.0,0.0,100,0.2,0.1375,0.0,1044,curvature_stage2_mpnn_v3_5_edge_gain,True,,,,,normalized_degree|time_since_last_tx|consecutive_tx_attempts|congestion_ewma|self_information_increment,,,,,,,,,,,,,,,,0.09936705976724625,0.036940719932317734,0.0,mpnn,5,4,16,curvature_attention_max,32,38,417600,none,normalized_version_gap_with_gain,,4176.0,0.46509915590286255,0.46509915590286255,0.3366381525993347,,,,,0.5,0.0,,,,0.09936705976724625,0.036940719932317734,0.03510287404060364,0.05542775690555573,0.0943145900964737,0.14995800256729125,0.24333888292312622,0.036634661257267,0.036940719932317734,0.017963062971830368
470,6.2230414079129694,0.10084999985992908,0.0996575868693194,0.1,-0.00034241313068060497,-0.003424130964392953,-0.003424130964392953,0.10060295462608337,0.0,0.0,False,0.0005913794739171863,1.521397590637207,0.3170599043369293,1.3545143701776396e-05,0.0,0.05,0.0037414198741316795,0.8,0.00036426945007406175,0.011659901589155197,0.013152454048395157,0.05145277827978134,0.010317259468138218,-2.4414061883248905e-08,0.9999990463256836,6.820667266845703,node_conditioned,25,True,True,False,-66.50716400146484,2.4848990440368652,0.8874475955963135,1.2434873580932617,0.49248039722442627,1.0956698656082153,-66.33848571777344,2.3288536071777344,0.7786522949162775,-67.271240234375,0.9850723743438721,0.0,0.0,0.0,0.013152454048395157,0.0,0.0,100,0.2,0.1725,0.06,972,curvature_stage2_mpnn_v3_5_edge_gain,True,,,,,normalized_degree|time_since_last_tx|consecutive_tx_attempts|congestion_ewma|self_information_increment,,,,,,,,,,,,,,,,0.10060295462608337,0.03682003170251846,0.0,mpnn,5,4,16,curvature_attention_max,32,38,388800,none,normalized_version_gap_with_gain,,3888.0,0.47053301334381104,0.47053301334381104,0.33043980598449707,,,,,0.5,0.0,,,,0.10060295462608337,0.03682003170251846,0.03507772088050842,0.05626214444637299,0.09661519527435303,0.1503949373960495,0.2440255582332611,0.0365186408162117,0.03682003170251846,0.01664547622203827
471,6.330829543545843,0.09330000013578683,0.09647879350255312,0.1,-0.003521206497446888,-0.035212061453262736,-0.035212061453262736,0.09513624012470245,0.0,0.0,False,0.0001869762345449999,1.018202543258667,0.30567416548728943,-1.275317117688246e-05,0.0,0.05,0.002983385231345892,0.8,3.834798462776234e-06,0.0003328575985506177,0.013990417122840881,0.01815272495150566,0.007925949059426785,2.4414061883248905e-08,0.9999989867210388,6.791531562805176,node_conditioned,25,True,True,False,-66.92925262451172,2.6737709045410156,0.8417540192604065,1.211878776550293,0.4781060814857483,1.0071395635604858,-66.9459228515625,2.5700197219848633,0.8464299956749394,-68.63163757324219,1.021474838256836,0.0,0.0,0.0,0.013990417122840881,0.0,0.0,100,0.2,0.135,0.0,994,curvature_stage2_mpnn_v3_5_edge_gain,True,,,,,normalized_degree|time_since_last_tx|consecutive_tx_attempts|congestion_ewma|self_information_increment,,,,,,,,,,,,,,,,0.09513624012470245,0.03512319177389145,0.0,mpnn,5,4,16,curvature_attention_max,32,38,397600,none,normalized_version_gap_with_gain,,3976.0,0.46564826369285583,0.46564826369285583,0.32763785123825073,,,,,0.5,0.0,,,,0.09513624012470245,0.03512319177389145,0.03482860326766968,0.053146216273307796,0.09095096588134766,0.14342499077320098,0.2430155873298645,0.034799374639987946,0.03512319177389145,0.015751173719763756
472,6.681513642333448,0.09902499987278134,0.09775189668766723,0.1,-0.002248103312332772,-0.02248103087522463,-0.02248103087522463,0.09621621668338776,0.0,0.0,False,0.0002783775853458792,1.634495496749878,0.309611439704895,-2.7961139039689442e-06,0.0,0.05,0.004899219144135714,0.8,3.742052285815589e-05,0.0021579081658273935,0.010697816498577595,0.01760711893439293,0.016500521451234818,0.0,0.9999992251396179,5.426812171936035,node_conditioned,25,True,True,False,-67.32137298583984,2.7229201793670654,0.958595871925354,1.6092329025268555,0.5218620300292969,1.2468098402023315,-67.79318237304688,2.7696948051452637,0.7973546487743414,-67.52766418457031,0.8116024136543274,0.0,0.0,0.0,0.010697816498577595,0.0,0.0,100,0.2,0.1475,0.0,882,curvature_stage2_mpnn_v3_5_edge_gain,True,,,,,normalized_degree|time_since_last_tx|consecutive_tx_attempts|congestion_ewma|self_information_increment,,,,,,,,,,,,,,,,0.09621621668338776,0.03592655062675476,0.0,mpnn,5,4,16,curvature_attention_max,32,38,352800,none,normalized_version_gap_with_gain,,3528.0,0.4303057789802551,0.4303057789802551,0.2995333671569824,,,,,0.5,0.0,,,,0.09621621668338776,0.03592655062675476,0.034636612981557846,0.05289381444454193,0.09101825952529907,0.14779891818761823,0.2431224286556244,0.035572491586208344,0.03592655062675476,0.017144283279776573
473,6.707509091123939,0.09537500007543713,0.09656344838155217,0.1,-0.0034365516184478306,-0.034365512747927034,-0.034365512747927034,0.09412796795368195,0.0,0.0,False,0.00015491206431761384,1.522779107093811,0.3060297667980194,-9.68282256508246e-06,0.0,0.05,0.0031064930371940136,0.8,1.631104532862082e-05,0.0007851407863199711,0.007994191721081734,0.01781162992119789,0.012709513306617737,-6.103515470812226e-09,0.9999991655349731,5.198738098144531,node_conditioned,25,True,True,False,-67.66328430175781,2.822014808654785,0.9694647789001465,1.561244249343872,0.5060961246490479,1.225677728652954,-68.15605926513672,2.8290958404541016,0.8123030329747599,-68.35440826416016,0.9002866148948669,0.0,0.0,0.0,0.007994191721081734,0.0,0.0,100,0.2,0.1375,0.0,916,curvature_stage2_mpnn_v3_5_edge_gain,True,,,,,normalized_degree|time_since_last_tx|consecutive_tx_attempts|congestion_ewma|self_information_increment,,,,,,,,,,,,,,,,0.09412796795368195,0.035384051501750946,0.0,mpnn,5,4,16,curvature_attention_max,32,38,366400,none,normalized_version_gap_with_gain,,3664.0,0.4445241689682007,0.4445241689682007,0.30893760919570923,,,,,0.5,0.0,,,,0.09412796795368195,0.035384051501750946,0.03406241536140442,0.0513536274433136,0.0901038646697998,0.14306516051292417,0.2429836392402649,0.03510521724820137,0.035384051501750946,0.017028888687491417
474,6.149810350239277,0.09377500012516976,0.09516922425336097,0.1,-0.004830775746639038,-0.04830775263561511,-0.04830775263561511,0.09591617435216904,0.0,0.0,False,0.00016940012574195862,1.3693493604660034,0.31072795391082764,1.8542215912020765e-05,0.0,0.05,0.0022197491489350796,0.8,9.22383478609845e-05,0.0036486757453531027,0.013910870999097824,0.009991158731281757,0.00730825075879693,1.525878978725359e-08,0.9999989867210388,7.878605365753174,node_conditioned,25,True,True,False,-67.76019287109375,2.5181901454925537,0.8620466589927673,1.2053784132003784,0.4903039038181305,1.0114247798919678,-67.25396728515625,2.196397304534912,0.7879465260894617,-68.06129455566406,0.9254505038261414,0.0,0.0,0.0,0.013910870999097824,0.0,0.0,100,0.2,0.145,0.0,1100,curvature_stage2_mpnn_v3_5_edge_gain,True,,,,,normalized_degree|time_since_last_tx|consecutive_tx_attempts|congestion_ewma|self_information_increment,,,,,,,,,,,,,,,,0.09591617435216904,0.034605350345373154,0.0,mpnn,5,4,16,curvature_attention_max,32,38,440000,none,normalized_version_gap_with_gain,,4400.0,0.48938092589378357,0.48938092589378357,0.3489646315574646,,,,,0.5,0.0,,,,0.09591617435216904,0.034605350345373154,0.03482246398925781,0.05393653810024262,0.09209111332893372,0.142686665058136,0.24339255690574646,0.03421499952673912,0.034605350345373154,0.014314102940261364
475,6.353580548427999,0.10019999986048787,0.09768461205692441,0.1,-0.002315387943075592,-0.023153877115368208,-0.023153877115368208,0.09881845116615295,0.0,0.0,False,0.00040685542626306415,1.6123615503311157,0.3160431981086731,-2.4342391498066718e-06,0.0,0.05,0.0026278779841959476,0.8,0.000298203231068328,0.008957124315202236,0.01654778979718685,0.006628784816712141,0.01076361071318388,1.2207030941624453e-08,0.9999992847442627,5.464632987976074,node_conditioned,25,True,True,False,-67.79893493652344,2.639491558074951,0.8849648833274841,1.242382526397705,0.4885967969894409,1.2669219970703125,-67.73798370361328,2.7708404064178467,0.7909371885292831,-70.24551391601562,0.9041599631309509,0.0,0.0,0.0,0.01654778979718685,0.0,0.0,100,0.2,0.1525,0.01,1022,curvature_stage2_mpnn_v3_5_edge_gain,True,,,,,normalized_degree|time_since_last_tx|consecutive_tx_attempts|congestion_ewma|self_information_increment,,,,,,,,,,,,,,,,0.09881845116615295,0.036282218992710114,0.0,mpnn,5,4,16,curvature_attention_max,32,38,408800,none,normalized_version_gap_with_gain,,4088.0,0.47073835134506226,0.47073835134506226,0.33454516530036926,,,,,0.5,0.0,,,,0.09881845116615295,0.036282218992710114,0.035232335329055786,0.055584663152694704,0.09447674453258514,0.14795080423355103,0.24664679169654846,0.03599359467625618,0.036282218992710114,0.01675354316830635
476,6.565623986311257,0.09585000007413327,0.09676730606552884,0.1,-0.003232693934471162,-0.03232693611201801,-0.03232693611201801,0.09549620002508163,0.0,0.0,False,8.937239181250334e-05,0.8681885004043579,0.3091183602809906,-1.2446939763322007e-06,0.0,0.05,0.0018874609377235174,0.8,3.3036449167411774e-05,0.0016443431377410889,0.02433641068637371,0.02444196678698063,0.005859279539436102,1.525878978725359e-08,0.999998927116394,7.3205647468566895,node_conditioned,25,True,True,False,-67.91503143310547,2.697596788406372,0.9377048015594482,1.4390383958816528,0.4986412525177002,0.9062802791595459,-68.13644409179688,2.4821767807006836,0.8666909336257334,-68.8038558959961,0.905983567237854,0.0,0.0,0.0,0.02433641068637371,0.0,0.0,100,0.2,0.1475,0.0,1030,curvature_stage2_mpnn_v3_5_edge_gain,True,,,,,normalized_degree|time_since_last_tx|consecutive_tx_attempts|congestion_ewma|self_information_increment,,,,,,,,,,,,,,,,0.09549620002508163,0.03466778248548508,0.0,mpnn,5,4,16,curvature_attention_max,32,38,412000,none,normalized_version_gap_with_gain,,4120.0,0.45831727981567383,0.45831727981567383,0.3237302303314209,,,,,0.5,0.0,,,,0.09549620002508163,0.03466778248548508,0.03508657217025757,0.05378135442733765,0.09117120504379272,0.14420895278453827,0.20661094784736633,0.03433312103152275,0.03466778248548508,0.014686726965010166
477,6.306020213253796,0.09949999997857958,0.0981336530220542,0.1,-0.0018663469779457986,-0.018663467913111194,-0.018663467913111194,0.09911799430847168,0.0,0.0,False,0.0003829836205113679,0.7845692038536072,0.3157077729701996,5.274534373711504e-07,0.0,0.05,0.0020710965618491173,0.8,0.00029799569165334105,0.010875849984586239,0.020955579355359077,0.017804399132728577,0.0067102122120559216,-2.4414061883248905e-08,0.9999986886978149,7.963906764984131,node_conditioned,25,True,True,False,-67.5731430053711,2.59108304977417,0.909824550151825,1.179774522781372,0.4697936773300171,0.8724702596664429,-67.40505981445312,2.3505430221557617,0.8622267751327333,-68.3130874633789,0.8829677104949951,0.0,0.0,0.0,0.020955579355359077,0.0,0.0,100,0.2,0.15,0.0,956,curvature_stage2_mpnn_v3_5_edge_gain,True,,,,,normalized_degree|time_since_last_tx|consecutive_tx_attempts|congestion_ewma|self_information_increment,,,,,,,,,,,,,,,,0.09911799430847168,0.03803412243723869,0.0,mpnn,5,4,16,curvature_attention_max,32,38,382400,none,normalized_version_gap_with_gain,,3824.0,0.4647797644138336,0.4647797644138336,0.32495173811912537,,,,,0.5,0.0,,,,0.09911799430847168,0.03803412243723869,0.03506091237068176,0.05393140912055969,0.09476955235004425,0.15050660967826843,0.24693435430526733,0.03770286217331886,0.03803412243723869,0.01958404667675495
478,6.726179287098348,0.1011999997170642,0.0996668263695592,0.1,-0.00033317363044080284,-0.003331735971234431,-0.003331735971234431,0.09841852635145187,0.0,0.0,False,0.0003861448494717479,1.3347785472869873,0.3131297826766968,1.074889769370202e-05,0.0,0.05,0.003020995296537876,0.8,0.00021497787383850664,0.007598108612000942,0.020770931616425514,0.010319455526769161,0.007966543547809124,-3.356933575560106e-08,0.9999992251396179,5.9553704261779785,node_conditioned,25,True,True,False,-68.04826354980469,2.7591440677642822,0.9814908504486084,1.293003797531128,0.4919619858264923,1.0977002382278442,-68.52898406982422,2.649662494659424,0.8283726697863474,-69.16065216064453,1.2164324522018433,0.0,0.0,0.0,0.020770931616425514,0.0,0.0,100,0.2,0.1525,0.01,936,curvature_stage2_mpnn_v3_5_edge_gain,True,,,,,normalized_degree|time_since_last_tx|consecutive_tx_attempts|congestion_ewma|self_information_increment,,,,,,,,,,,,,,,,0.09841852635145187,0.03760552033782005,0.0,mpnn,5,4,16,curvature_attention_max,32,38,374400,none,normalized_version_gap_with_gain,,3744.0,0.4498816728591919,0.4498816728591919,0.3132942020893097,,,,,0.5,0.0,,,,0.09841852635145187,0.03760552033782005,0.03576722741127014,0.05330285727977753,0.09489706158638,0.14772751927375793,0.24889293313026428,0.037243325263261795,0.03760552033782005,0.01928824931383133
479,7.312029301263392,0.09685000005178153,0.09825841321067036,0.1,-0.0017415867893296466,-0.01741586615170985,-0.01741586615170985,0.09520388394594193,0.0,0.0,False,0.00012255998444743454,2.625087022781372,0.30762743949890137,1.0930762073257938e-06,0.0,0.05,0.0021401362027972937,0.8,1.648702163947746e-05,0.0008997153490781784,0.01027702260762453,0.011855317279696465,0.007414671126753092,4.2724607851596375e-08,0.9999992847442627,3.83540415763855,node_conditioned,25,True,True,False,-68.9195785522461,3.0212738513946533,0.919484555721283,1.6308391094207764,0.5077778100967407,1.5102863311767578,-70.22095489501953,3.3278417587280273,0.7940351371867681,-69.14289855957031,0.905921995639801,0.0,0.0,0.0,0.01027702260762453,0.0,0.0,100,0.2,0.14,0.0,1004,curvature_stage2_mpnn_v3_5_edge_gain,True,,,,,normalized_degree|time_since_last_tx|consecutive_tx_attempts|congestion_ewma|self_information_increment,,,,,,,,,,,,,,,,0.09520388394594193,0.03356144204735756,0.0,mpnn,5,4,16,curvature_attention_max,32,38,401600,none,normalized_version_gap_with_gain,,4016.0,0.4483351409435272,0.4483351409435272,0.3162229061126709,,,,,0.5,0.0,,,,0.09520388394594193,0.03356144204735756,0.035156458616256714,0.055242279171943666,0.09061236679553986,0.1439364731311798,0.19249749183654785,0.03322882950305939,0.03356144204735756,0.012273377738893032
480,6.694810860082507,0.09892499987501652,0.09859170654284344,0.1,-0.0014082934571565675,-0.014082933163272358,-0.014082933163272358,0.0996120348572731,0.0,0.0,False,0.0004349334631115198,1.1323612928390503,0.3157813549041748,-1.9259662167314673e-06,0.0,0.05,0.0028097990434616804,0.8,0.00028023452614434063,0.009661685675382614,0.013811733573675156,0.026505084708333015,0.009243948385119438,3.662109548940862e-08,0.9999988675117493,7.664587497711182,node_conditioned,25,True,True,False,-69.36961364746094,2.800997018814087,0.9767535328865051,1.5384002923965454,0.5089771151542664,0.9003444314002991,-69.58626556396484,2.6119346618652344,0.8811791114534928,-70.29010009765625,0.9302075505256653,0.0,0.0,0.0,0.013811733573675156,0.0,0.0,100,0.2,0.16,0.01,906,curvature_stage2_mpnn_v3_5_edge_gain,True,,,,,normalized_degree|time_since_last_tx|consecutive_tx_attempts|congestion_ewma|self_information_increment,,,,,,,,,,,,,,,,0.0996120348572731,0.03749439865350723,0.0,mpnn,5,4,16,curvature_attention_max,32,38,362400,none,normalized_version_gap_with_gain,,3624.0,0.4444897770881653,0.4444897770881653,0.3128889203071594,,,,,0.5,0.0,,,,0.0996120348572731,0.03749439865350723,0.03491413593292236,0.05438872575759887,0.09543375670909882,0.15002506971359245,0.24818071722984314,0.03718012198805809,0.03749439865350723,0.01833118312060833
481,6.757699242606759,0.0965999999968335,0.09759585326983847,0.1,-0.0024041467301615382,-0.024041464897468893,-0.024041464897468893,0.09420797973871231,0.0,0.0,False,0.00012986050569452345,1.1601752042770386,0.3048221170902252,8.408748726651538e-06,0.0,0.05,0.002362907864153385,0.8,3.65846358363342e-06,0.0002715411828830838,0.010669374838471413,0.01693831942975521,0.008031962439417839,-4.577636936176077e-09,0.9999989867210388,6.93654727935791,node_conditioned,25,True,True,False,-70.22966766357422,2.787259817123413,0.8916643261909485,1.5144704580307007,0.5222981572151184,1.056783676147461,-70.41912078857422,2.824977159500122,0.860059859237501,-71.29625701904297,1.0407732725143433,0.0,0.0,0.0,0.010669374838471413,0.0,0.0,100,0.2,0.15,0.0,1036,curvature_stage2_mpnn_v3_5_edge_gain,True,,,,,normalized_degree|time_since_last_tx|consecutive_tx_attempts|congestion_ewma|self_information_increment,,,,,,,,,,,,,,,,0.09420797973871231,0.03432232141494751,0.0,mpnn,5,4,16,curvature_attention_max,32,38,414400,none,normalized_version_gap_with_gain,,4144.0,0.45654869079589844,0.45654869079589844,0.32586172223091125,,,,,0.5,0.0,,,,0.09420797973871231,0.03432232141494751,0.03501293063163757,0.05196716785430908,0.09037268161773682,0.14091454148292543,0.21359536051750183,0.03402465209364891,0.03432232141494751,0.013985983096063137
482,7.1128151495754715,0.09949999992270023,0.09854792659626935,0.1,-0.0014520734037306582,-0.014520732585233323,-0.014520732585233323,0.09601229429244995,0.0,0.0,False,0.00017030429444275796,2.2032368183135986,0.30965155363082886,-2.05963497137418e-05,0.0,0.05,0.002953948453068733,0.8,4.994145638193004e-05,0.0024054166860878468,0.017483999952673912,0.020562950521707535,0.011640212498605251,1.2207030941624453e-08,0.999999463558197,4.870443344116211,node_conditioned,25,True,True,False,-71.098388671875,3.0613389015197754,1.0038479566574097,1.3237669467926025,0.5332575440406799,1.4709943532943726,-71.72978210449219,3.2968428134918213,0.8009209407022522,-71.50279998779297,1.0184584856033325,0.0,0.0,0.0,0.017483999952673912,0.0,0.0,100,0.2,0.1625,0.03,962,curvature_stage2_mpnn_v3_5_edge_gain,True,,,,,normalized_degree|time_since_last_tx|consecutive_tx_attempts|congestion_ewma|self_information_increment,,,,,,,,,,,,,,,,0.09601229429244995,0.036288969218730927,0.0,mpnn,5,4,16,curvature_attention_max,32,38,384800,none,normalized_version_gap_with_gain,,3848.0,0.43980273604393005,0.43980273604393005,0.3131781220436096,,,,,0.5,0.0,,,,0.09601229429244995,0.036288969218730927,0.03470128774642944,0.053260707855224604,0.09171955287456512,0.14711810052394866,0.24567899107933044,0.036000076681375504,0.036288969218730927,0.017761994153261185
483,6.836003797575831,0.1016250002104789,0.10008646340337413,0.1,8.646340337412073e-05,0.0008646339472778126,0.0008646339472778126,0.0991026908159256,0.0,8.646339472778127e-06,False,0.0005456191138364375,1.426162838935852,0.31592515110969543,4.964163622389606e-07,0.0,0.05,0.003627714468166232,0.8,0.00036464844015426934,0.011417015455663204,0.010309362784028053,0.03081301786005497,0.011337037198245525,9.155273872352154e-09,0.9999991059303284,6.704717636108398,node_conditioned,25,True,True,False,-71.58200073242188,2.918686628341675,0.9292492866516113,1.228634238243103,0.5188612937927246,1.1528018712997437,-71.69627380371094,2.9438769817352295,0.846654859641006,-72.9561767578125,1.0322688817977905,0.0,0.0,0.0,0.010309362784028053,0.0,0.0,100,0.2,0.1525,0.01,1020,curvature_stage2_mpnn_v3_5_edge_gain,True,,,,,normalized_degree|time_since_last_tx|consecutive_tx_attempts|congestion_ewma|self_information_increment,,,,,,,,,,,,,,,,0.0991026908159256,0.03600652888417244,0.0,mpnn,5,4,16,curvature_attention_max,32,38,408000,none,normalized_version_gap_with_gain,,4080.0,0.4697762429714203,0.4697762429714203,0.3349887430667877,,,,,0.5,0.0,,,,0.0991026908159256,0.03600652888417244,0.03481009602546692,0.057347304001450536,0.09393908083438873,0.15014353990554807,0.24892961978912354,0.03561917319893837,0.03600652888417244,0.014783679507672787
484,6.140623485408724,0.096949999704957,0.09851823155416556,0.1,-0.0014817684458344471,-0.014817682976576173,-0.014817682976576173,0.09795716404914856,8.646339472778127e-06,0.0,False,0.00028196675702929497,1.3600702285766602,0.3119165599346161,-1.0193158232141286e-05,0.0,0.05,0.0029043597169220448,0.8,0.0001303156604990363,0.004662744235247374,0.006220234092324972,0.017570065334439278,0.007508577313274145,-1.0070800726680318e-07,0.999998927116394,9.09035873413086,node_conditioned,25,True,True,False,-71.01675415039062,2.6745684146881104,0.8431834578514099,1.2377445697784424,0.5062552094459534,0.9637453556060791,-70.05155944824219,2.2428057193756104,0.8153534275534386,-72.45336151123047,0.9003791809082031,8.708220811115552e-09,2.5405788619536906e-06,8.345824426214676e-06,0.006220234092324972,2.2449205516750226e-06,0.00036090553977535746,100,0.2,0.14,0.0,956,curvature_stage2_mpnn_v3_5_edge_gain,True,,,,,normalized_degree|time_since_last_tx|consecutive_tx_attempts|congestion_ewma|self_information_increment,,,,,,,,,,,,,,,,0.09795716404914856,0.03566596284508705,0.0,mpnn,5,4,16,curvature_attention_max,32,38,382400,none,normalized_version_gap_with_gain,,3824.0,0.4705512523651123,0.4705512523651123,0.324004203081131,,,,,0.5,0.0,,,,0.09795716404914856,0.03566596284508705,0.03400123119354248,0.05504136681556701,0.09316843748092651,0.1463698446750641,0.24598440527915955,0.0352763831615448,0.03566596284508705,0.01392977312207222
485,6.716610343307257,0.09570000005885959,0.09710911580651257,0.1,-0.0028908841934874308,-0.028908839043990404,-0.028908839043990404,0.09557927399873734,0.0,0.0,False,0.0001557639188831672,1.2947238683700562,0.3075920045375824,1.09403742953873e-06,0.0,0.05,0.0025698263198137283,0.8,1.3081927136227023e-05,0.0008528728503733873,0.018296141177415848,0.02209198661148548,0.009013032540678978,3.051757735406113e-09,0.9999991059303284,7.198296070098877,node_conditioned,25,True,True,False,-71.23564910888672,2.9053661823272705,0.9429119825363159,1.3467457294464111,0.5383063554763794,1.071392297744751,-71.16287231445312,2.597913980484009,0.829922244179107,-71.29483032226562,1.0046495199203491,0.0,0.0,0.0,0.018296141177415848,0.0,0.0,100,0.2,0.145,0.0,1018,curvature_stage2_mpnn_v3_5_edge_gain,True,,,,,normalized_degree|time_since_last_tx|consecutive_tx_attempts|congestion_ewma|self_information_increment,,,,,,,,,,,,,,,,0.09557927399873734,0.03542577475309372,0.0,mpnn,5,4,16,curvature_attention_max,32,38,407200,none,normalized_version_gap_with_gain,,4072.0,0.4702199101448059,0.4702199101448059,0.3332206904888153,,,,,0.5,0.0,,,,0.09557927399873734,0.03542577475309372,0.03491920232772827,0.052029442787170414,0.09152989089488983,0.14366196990013122,0.24082466959953308,0.03513544425368309,0.03542577475309372,0.015293139033019543
486,6.340948985256254,0.09305000002030284,0.0950795579134077,0.1,-0.0049204420865923,-0.0492044159454814,-0.0492044159454814,0.09371943771839142,0.0,0.0,False,8.999935380415991e-05,1.0202994346618652,0.3048396110534668,4.137501036893809e-06,0.0,0.05,0.002056497847661376,0.8,1.3791892342851497e-05,0.0006402458529919386,0.013703333213925362,0.01837223954498768,0.006871516816318035,-6.103515470812226e-09,0.9999989867210388,7.631155014038086,node_conditioned,25,True,True,False,-70.2491226196289,2.828948736190796,0.9102571606636047,1.4579293727874756,0.5022120475769043,1.0180033445358276,-69.73750305175781,2.496192216873169,0.8336808294326661,-71.14295959472656,0.813585102558136,0.0,0.0,0.0,0.013703333213925362,0.0,0.0,100,0.2,0.1375,0.0,1022,curvature_stage2_mpnn_v3_5_edge_gain,True,,,,,normalized_degree|time_since_last_tx|consecutive_tx_attempts|congestion_ewma|self_information_increment,,,,,,,,,,,,,,,,0.09371943771839142,0.03534239903092384,0.0,mpnn,5,4,16,curvature_attention_max,32,38,408800,none,normalized_version_gap_with_gain,,4088.0,0.4658244848251343,0.4658244848251343,0.32833993434906006,,,,,0.5,0.0,,,,0.09371943771839142,0.03534239903092384,0.033997029066085815,0.05133625268936157,0.08953976631164551,0.14351275265216829,0.24439743161201477,0.035007379949092865,0.03534239903092384,0.016171421855688095
487,6.490220700874925,0.09569999992381781,0.09538977891861275,0.1,-0.004610221081387256,-0.046102206203651935,-0.046102206203651935,0.0976068452000618,0.0,0.0,False,0.00024089362705126405,0.8551687598228455,0.3130384385585785,1.2456537660909817e-05,0.0,0.05,0.002102276310324669,0.8,0.00014875589113216847,0.005827139597386122,0.010702171362936497,0.0057599181309342384,0.007376189809292555,0.0,0.9999988675117493,8.734818458557129,node_conditioned,25,True,True,False,-69.93462371826172,2.766983985900879,0.9425204992294312,1.3273333311080933,0.5110904574394226,0.9154959917068481,-69.69551849365234,2.559262990951538,0.872037425763132,-70.4720687866211,1.1579372882843018,0.0,0.0,0.0,0.010702171362936497,0.0,0.0,100,0.2,0.1525,0.01,944,curvature_stage2_mpnn_v3_5_edge_gain,True,,,,,normalized_degree|time_since_last_tx|consecutive_tx_attempts|congestion_ewma|self_information_increment,,,,,,,,,,,,,,,,0.0976068452000618,0.0372915044426918,0.0,mpnn,5,4,16,curvature_attention_max,32,38,377600,none,normalized_version_gap_with_gain,,3776.0,0.4484681189060211,0.4484681189060211,0.3165343701839447,,,,,0.5,0.0,,,,0.0976068452000618,0.0372915044426918,0.034865736961364746,0.05262626111507416,0.09368066489696503,0.14730910658836363,0.24902445077896118,0.03695563226938248,0.0372915044426918,0.018701937049627304
488,6.192128296010196,0.10042499995790422,0.09790738943825848,0.1,-0.002092610561741523,-0.020926103524804878,-0.020926103524804878,0.09685902297496796,0.0,0.0,False,0.000244590628426522,1.1027175188064575,0.3119457960128784,-1.4100921362114605e-05,0.0,0.05,0.0028766982723027468,0.8,0.00013487436808645725,0.004461259115487337,0.020774492993950844,0.015508171170949936,0.010987391695380211,3.662109548940862e-08,0.9999991655349731,6.796209335327148,node_conditioned,25,True,True,False,-68.84053802490234,2.6199252605438232,0.8692684173583984,1.3399075269699097,0.4921329617500305,1.0501234531402588,-68.26290893554688,2.484100580215454,0.8212926472634261,-69.24588012695312,0.7514129877090454,0.0,0.0,0.0,0.020774492993950844,0.0,0.0,100,0.2,0.16,0.01,914,curvature_stage2_mpnn_v3_5_edge_gain,True,,,,,normalized_degree|time_since_last_tx|consecutive_tx_attempts|congestion_ewma|self_information_increment,,,,,,,,,,,,,,,,0.09685902297496796,0.03538497909903526,0.0,mpnn,5,4,16,curvature_attention_max,32,38,365600,none,normalized_version_gap_with_gain,,3656.0,0.46065452694892883,0.46065452694892883,0.318878710269928,,,,,0.5,0.0,,,,0.09685902297496796,0.03538497909903526,0.03493613377213478,0.05440285801887512,0.09200231730937958,0.14705236852169035,0.23994579911231995,0.035012684762477875,0.03538497909903526,0.01414987351745367
489,5.752831559590995,0.10222500004805625,0.10006619474315737,0.1,6.619474315736062e-05,0.0006619473653788697,0.0006619473653788697,0.10001199692487717,0.0,6.619473653788697e-06,False,0.0005234142299741507,0.965903639793396,0.31712430715560913,7.2718935371085536e-06,0.0,0.05,0.003109081881120801,0.8,0.0003596410097088665,0.012487512081861496,0.013893453404307365,0.03769652172923088,0.01064156461507082,3.051757957450718e-08,0.9999989867210388,8.241229057312012,node_conditioned,25,True,True,False,-68.02660369873047,2.4978020191192627,0.8807114958763123,1.1803852319717407,0.4647294878959656,0.9478234648704529,-66.90261840820312,2.1768083572387695,0.810410407849017,-70.15298461914062,0.8120127320289612,0.0,0.0,0.0,0.013893453404307365,0.0,0.0,100,0.2,0.165,0.01,996,curvature_stage2_mpnn_v3_5_edge_gain,True,,,,,normalized_degree|time_since_last_tx|consecutive_tx_attempts|congestion_ewma|self_information_increment,,,,,,,,,,,,,,,,0.10001199692487717,0.03719057887792587,0.0,mpnn,5,4,16,curvature_attention_max,32,38,398400,none,normalized_version_gap_with_gain,,3984.0,0.4867250323295593,0.4867250323295593,0.33484947681427,,,,,0.5,0.0,,,,0.10001199692487717,0.03719057887792587,0.03499382734298706,0.05536695420742035,0.09496931731700897,0.15237931907176971,0.24483633041381836,0.0368654765188694,0.03719057887792587,0.016344022005796432
490,6.106130814477801,0.09894999993499369,0.09950809733907554,0.1,-0.0004919026609244703,-0.004919026117342092,-0.004919026117342092,0.09731239080429077,6.619473653788697e-06,0.0,False,0.00028594190371222794,0.976240336894989,0.31120437383651733,7.498567356378771e-06,0.0,0.05,0.0031792232766747475,0.8,9.302077523898333e-05,0.003608308034017682,0.021326512098312378,0.009215778671205044,0.008997971192002296,-5.493163968139925e-08,0.9999988675117493,8.112785339355469,node_conditioned,25,True,True,False,-67.3145751953125,2.3730220794677734,0.7646243572235107,1.1251493692398071,0.4622960686683655,0.9394528865814209,-66.86077117919922,2.0828282833099365,0.7965568692711082,-69.12845611572266,1.082889199256897,-1.0840111919208084e-08,1.96199744095793e-06,6.37782159174094e-06,0.021326512098312378,1.7614463558857096e-06,8.259416832082045e-05,100,0.2,0.1325,0.0,1014,curvature_stage2_mpnn_v3_5_edge_gain,True,,,,,normalized_degree|time_since_last_tx|consecutive_tx_attempts|congestion_ewma|self_information_increment,,,,,,,,,,,,,,,,0.09731239080429077,0.0351194366812706,0.0,mpnn,5,4,16,curvature_attention_max,32,38,405600,none,normalized_version_gap_with_gain,,4056.0,0.4765511751174927,0.4765511751174927,0.33158525824546814,,,,,0.5,0.0,,,,0.09731239080429077,0.0351194366812706,0.03497925400733948,0.05515901446342468,0.09231628477573395,0.14719361066818235,0.2056116759777069,0.03476259112358093,0.0351194366812706,0.0134006068110466
491,6.247739899009466,0.09809999998658896,0.09880404866283224,0.1,-0.0011959513371677666,-0.011959512175726448,-0.011959512175726448,0.09849155694246292,0.0,0.0,False,0.00030272977892309427,1.02351975440979,0.31404268741607666,-3.774454881977363e-08,0.0,0.05,0.002500076312571764,0.8,0.00016539379430469126,0.006310390308499336,0.014068321324884892,0.010971685871481895,0.008300021290779114,9.155273872352154e-09,0.9999989867210388,7.021077632904053,node_conditioned,25,True,True,False,-66.45823669433594,2.427849054336548,0.8470356464385986,1.2639411687850952,0.48171454668045044,0.9708483219146729,-66.28128051757812,2.207138776779175,0.8065166878723086,-65.65963745117188,0.7546303868293762,0.0,0.0,0.0,0.014068321324884892,0.0,0.0,100,0.2,0.1525,0.01,990,curvature_stage2_mpnn_v3_5_edge_gain,True,,,,,normalized_degree|time_since_last_tx|consecutive_tx_attempts|congestion_ewma|self_information_increment,,,,,,,,,,,,,,,,0.09849155694246292,0.03569561243057251,0.0,mpnn,5,4,16,curvature_attention_max,32,38,396000,none,normalized_version_gap_with_gain,,3960.0,0.47431519627571106,0.47431519627571106,0.3316195011138916,,,,,0.5,0.0,,,,0.09849155694246292,0.03569561243057251,0.0347667932510376,0.05530920028686523,0.09373943507671356,0.14847161173820497,0.2183040976524353,0.03536103293299675,0.03569561243057251,0.013891037553548813
492,5.971811611801386,0.09787499987054617,0.09833952426668921,0.1,-0.0016604757333107956,-0.01660475567263239,-0.01660475567263239,0.09734246879816055,0.0,0.0,False,0.0002502594725228846,0.962956428527832,0.31189700961112976,1.1459967481641797e-06,0.0,0.05,0.0031405827030539513,0.8,8.356235775863752e-05,0.0037330978084355593,0.011973808519542217,0.00179376476444304,0.009720188565552235,4.882812376649781e-08,0.9999989867210388,6.788850784301758,node_conditioned,25,True,True,False,-65.49786376953125,2.320220470428467,0.7329142689704895,1.1761871576309204,0.4540402889251709,0.9907282590866089,-65.0990982055664,2.1088733673095703,0.7792970888858735,-67.09097290039062,1.0340973138809204,0.0,0.0,0.0,0.011973808519542217,0.0,0.0,100,0.2,0.145,0.0,1046,curvature_stage2_mpnn_v3_5_edge_gain,True,,,,,normalized_degree|time_since_last_tx|consecutive_tx_attempts|congestion_ewma|self_information_increment,,,,,,,,,,,,,,,,0.09734246879816055,0.03457803651690483,0.0,mpnn,5,4,16,curvature_attention_max,32,38,418400,none,normalized_version_gap_with_gain,,4184.0,0.486025333404541,0.486025333404541,0.34361952543258667,,,,,0.5,0.0,,,,0.09734246879816055,0.03457803651690483,0.03721266984939575,0.05533877909183502,0.09239404276013374,0.14548590779304504,0.20816099643707275,0.03420478478074074,0.03457803651690483,0.011758794076740742
493,6.262827787213028,0.09649999993853271,0.09741976210261097,0.1,-0.002580237897389037,-0.025802376393652734,-0.025802376393652734,0.09760870039463043,0.0,0.0,False,0.000264217727817595,0.7438778281211853,0.31299176812171936,2.9877574547754193e-07,0.0,0.05,0.0029269831720739603,0.8,0.00012391105701681226,0.005087372846901417,0.02303694561123848,0.01096959225833416,0.010429151356220245,-3.051757735406113e-09,0.9999988079071045,7.868368625640869,node_conditioned,25,True,True,False,-65.34043884277344,2.3189563751220703,0.8296332359313965,1.2266284227371216,0.4840574562549591,0.807869017124176,-65.4202880859375,2.086531162261963,0.8500894317096993,-66.25285339355469,0.8526667356491089,0.0,0.0,0.0,0.02303694561123848,0.0,0.0,100,0.2,0.135,0.0,968,curvature_stage2_mpnn_v3_5_edge_gain,True,,,,,normalized_degree|time_since_last_tx|consecutive_tx_attempts|congestion_ewma|self_information_increment,,,,,,,,,,,,,,,,0.09760870039463043,0.03515177592635155,0.0,mpnn,5,4,16,curvature_attention_max,32,38,387200,none,normalized_version_gap_with_gain,,3872.0,0.45911529660224915,0.45911529660224915,0.3205231726169586,,,,,0.5,0.0,,,,0.09760870039463043,0.03515177592635155,0.034510135650634766,0.05592606365680695,0.09266385808587074,0.1483921140432358,0.21746540069580078,0.03480420634150505,0.03515177592635155,0.013110265135765076
494,6.412365148812532,0.09875000007916242,0.0980848810908867,0.1,-0.0019151189091133058,-0.019151187176014342,-0.019151187176014342,0.10007167607545853,0.0,0.0,False,0.0006081804749555886,0.7382456064224243,0.3166133761405945,-1.254734888789244e-05,0.0,0.05,0.0037811454385519028,0.8,0.00039784633554518223,0.012541931122541428,0.01403116900473833,0.04180223494768143,0.011481452733278275,1.9836425835251248e-08,0.9999986886978149,7.061699390411377,node_conditioned,25,True,True,False,-65.34647369384766,2.475379467010498,0.8771952986717224,1.2402286529541016,0.4661248028278351,0.8018986582756042,-65.736328125,2.3112852573394775,0.8796262432997759,-67.00824737548828,1.0145725011825562,0.0,0.0,0.0,0.01403116900473833,0.0,0.0,100,0.2,0.1575,0.01,992,curvature_stage2_mpnn_v3_5_edge_gain,True,,,,,normalized_degree|time_since_last_tx|consecutive_tx_attempts|congestion_ewma|self_information_increment,,,,,,,,,,,,,,,,0.10007167607545853,0.03730222210288048,0.0,mpnn,5,4,16,curvature_attention_max,32,38,396800,none,normalized_version_gap_with_gain,,3968.0,0.4698880612850189,0.4698880612850189,0.3311749994754791,,,,,0.5,0.0,,,,0.10007167607545853,0.03730222210288048,0.03462788462638855,0.055509823560714724,0.09498122334480286,0.15299292802810666,0.24610978364944458,0.03694310784339905,0.03730222210288048,0.017460310831665993
495,6.317770203016698,0.09569999988656491,0.0968924404887258,0.1,-0.0031075595112741994,-0.031075592005182794,-0.031075592005182794,0.09511290490627289,0.0,0.0,False,0.00017987364844884723,0.7668854594230652,0.30660444498062134,4.4255220927880146e-06,0.0,0.05,0.0030249471310526133,0.8,9.253731150238309e-06,0.0006298808730207384,0.027393268421292305,0.03322366625070572,0.010132533498108387,0.0,0.9999987483024597,6.49616003036499,node_conditioned,25,True,True,False,-65.21977233886719,2.4837758541107178,0.8415891528129578,1.4526301622390747,0.46934211254119873,0.8739071488380432,-65.44322204589844,2.4534473419189453,0.8731247038909066,-66.15327453613281,0.8040398359298706,0.0,0.0,0.0,0.027393268421292305,0.0,0.0,100,0.2,0.16,0.02,992,curvature_stage2_mpnn_v3_5_edge_gain,True,,,,,normalized_degree|time_since_last_tx|consecutive_tx_attempts|congestion_ewma|self_information_increment,,,,,,,,,,,,,,,,0.09511290490627289,0.03518349677324295,0.0,mpnn,5,4,16,curvature_attention_max,32,38,396800,none,normalized_version_gap_with_gain,,3968.0,0.4745282232761383,0.4745282232761383,0.33680450916290283,,,,,0.5,0.0,,,,0.09511290490627289,0.03518349677324295,0.03449520468711853,0.053017625212669374,0.09158413112163544,0.14196800887584687,0.24276450276374817,0.03485129773616791,0.03518349677324295,0.01499753724783659
496,5.99871968768537,0.09752500015310943,0.09720872032091762,0.1,-0.0027912796790823813,-0.027912793999544414,-0.027912793999544414,0.09594890475273132,0.0,0.0,False,0.00018589958199299872,0.9168587923049927,0.30964311957359314,-7.579166322102537e-06,0.0,0.05,0.0030084282625466585,0.8,5.852503818459809e-05,0.0025902653578668833,0.012154502794146538,0.015541760250926018,0.0124563192948699,-6.103515470812226e-09,0.9999988079071045,7.121715068817139,node_conditioned,25,True,True,False,-65.24049377441406,2.3569705486297607,0.8854190111160278,1.2468897104263306,0.4651454985141754,0.8818050622940063,-64.85823822021484,2.1857340335845947,0.8372389364664738,-64.83039855957031,0.8231873512268066,0.0,0.0,0.0,0.012154502794146538,0.0,0.0,100,0.2,0.1575,0.01,1044,curvature_stage2_mpnn_v3_5_edge_gain,True,,,,,normalized_degree|time_since_last_tx|consecutive_tx_attempts|congestion_ewma|self_information_increment,,,,,,,,,,,,,,,,0.09594890475273132,0.03667520731687546,0.0,mpnn,5,4,16,curvature_attention_max,32,38,417600,none,normalized_version_gap_with_gain,,4176.0,0.48861411213874817,0.48861411213874817,0.344123512506485,,,,,0.5,0.0,,,,0.09594890475273132,0.03667520731687546,0.034532368183135986,0.05274687111377716,0.09136821329593658,0.1469296395778656,0.24368935823440552,0.036338627338409424,0.03667520731687546,0.017460722476243973
497,6.50804545706138,0.09689999975729734,0.09705436003910747,0.1,-0.002945639960892532,-0.029456396663285655,-0.029456396663285655,0.09867297857999802,0.0,0.0,False,0.00033378065563738346,0.9849692583084106,0.3150341808795929,6.4231230680888984e-06,0.0,0.05,0.002471175277605653,0.8,0.000235722356592305,0.008186531253159046,0.0171077698469162,0.0037685527931898832,0.010911543853580952,2.4414061883248905e-08,0.9999988675117493,6.497380256652832,node_conditioned,25,True,True,False,-65.78317260742188,2.5019304752349854,0.8848919868469238,1.2396585941314697,0.48565155267715454,0.9149602055549622,-66.19100189208984,2.4406914710998535,0.8594669065415411,-65.83643341064453,1.0422948598861694,0.0,0.0,0.0,0.0171077698469162,0.0,0.0,100,0.2,0.155,0.02,968,curvature_stage2_mpnn_v3_5_edge_gain,True,,,,,normalized_degree|time_since_last_tx|consecutive_tx_attempts|congestion_ewma|self_information_increment,,,,,,,,,,,,,,,,0.09867297857999802,0.03829129785299301,0.0,mpnn,5,4,16,curvature_attention_max,32,38,387200,none,normalized_version_gap_with_gain,,3872.0,0.45977818965911865,0.45977818965911865,0.3233271837234497,,,,,0.5,0.0,,,,0.09867297857999802,0.03829129785299301,0.03401079773902893,0.053096771240234375,0.09413406252861023,0.1497388005256653,0.24709543585777283,0.03797875717282295,0.03829129785299301,0.019469240680336952
498,6.187027784064412,0.10304999997839331,0.1000521800087504,0.1,5.2180008750388196e-05,0.0005218000353238785,0.0005218000353238785,0.10147424042224884,0.0,5.218000353238785e-06,False,0.0008061234257183969,0.7258363366127014,0.31888526678085327,2.264685826958157e-05,0.0,0.05,0.004866413306444883,0.8,0.0005020758253522217,0.01563139259815216,0.020893050357699394,0.06447245925664902,0.014245881699025631,-6.103515470812226e-09,0.9999988079071045,7.608628749847412,node_conditioned,25,True,True,False,-65.54568481445312,2.3165299892425537,0.8202992081642151,1.0784521102905273,0.4394644796848297,0.8354570865631104,-65.49050903320312,2.1437578201293945,0.8481212852358593,-66.80923461914062,0.9670430421829224,0.0,0.0,0.0,0.020893050357699394,0.0,0.0,100,0.2,0.1725,0.03,1036,curvature_stage2_mpnn_v3_5_edge_gain,True,,,,,normalized_degree|time_since_last_tx|consecutive_tx_attempts|congestion_ewma|self_information_increment,,,,,,,,,,,,,,,,0.10147424042224884,0.03718629479408264,0.0,mpnn,5,4,16,curvature_attention_max,32,38,414400,none,normalized_version_gap_with_gain,,4144.0,0.4938252866268158,0.4938252866268158,0.3481760025024414,,,,,0.5,0.0,,,,0.10147424042224884,0.03718629479408264,0.036000221967697144,0.05703082382678986,0.09649203717708588,0.1514854609966278,0.24623358249664307,0.03686441853642464,0.03718629479408264,0.015282598324120045
499,6.4098921800777315,0.09642500000074505,0.09823859000474772,0.1,-0.0017614099952522888,-0.017614098191113068,-0.017614098191113068,0.09523876011371613,5.218000353238785e-06,0.0,False,0.000254854210652411,0.7646251916885376,0.3057275712490082,1.168864946521353e-05,0.0,0.05,0.004143627360463142,0.8,7.377443580480758e-06,0.00035906501580029726,0.01730404421687126,0.0253466609865427,0.012317392975091934,-3.051757735406113e-09,0.9999988079071045,7.435423851013184,node_conditioned,25,True,True,False,-65.76508331298828,2.323173761367798,0.8443570137023926,1.151543140411377,0.47643616795539856,0.8608503937721252,-66.02523803710938,2.1766092777252197,0.8435792273966782,-66.77301788330078,1.0559062957763672,-6.1898113301595e-09,1.5295531738956925e-06,5.031547971157124e-06,0.01730404421687126,1.3728032399740187e-06,7.933419664367154e-05,100,0.2,0.1375,0.0,1070,curvature_stage2_mpnn_v3_5_edge_gain,True,,,,,normalized_degree|time_since_last_tx|consecutive_tx_attempts|congestion_ewma|self_information_increment,,,,,,,,,,,,,,,,0.09523876011371613,0.03531615808606148,0.0,mpnn,5,4,16,curvature_attention_max,32,38,428000,none,normalized_version_gap_with_gain,,4280.0,0.4723798632621765,0.4723798632621765,0.33691027760505676,,,,,0.5,0.0,,,,0.09523876011371613,0.03531615808606148,0.034287452697753906,0.05211135149002075,0.09054125845432281,0.14424038231372832,0.2132599949836731,0.0350041501224041,0.03531615808606148,0.014855521731078625
