source,version,generation_slot,completion_slot,delay,completed
0,1,0,77,77,True
2,1,0,207,207,True
5,1,0,207,207,True
6,1,0,207,207,True
8,1,0,77,77,True
11,1,0,207,207,True
12,1,0,77,77,True
14,1,0,77,77,True
17,1,0,207,207,True
20,1,0,207,207,True
23,1,0,77,77,True
25,1,0,77,77,True
27,1,0,77,77,True
35,1,0,77,77,True
39,1,0,77,77,True
42,1,0,77,77,True
43,1,0,207,207,True
47,1,0,77,77,True
56,1,0,206,206,True
57,1,0,110,110,True
58,1,0,95,95,True
59,1,0,62,62,True
60,1,0,95,95,True
71,1,0,110,110,True
73,1,0,62,62,True
76,1,0,95,95,True
79,1,0,62,62,True
81,1,0,95,95,True
82,1,0,110,110,True
84,1,0,62,62,True
85,1,0,62,62,True
87,1,0,110,110,True
90,1,0,62,62,True
91,1,0,95,95,True
92,1,0,95,95,True
94,1,0,110,110,True
95,1,0,95,95,True
1,1,1,207,206,True
4,1,1,207,206,True
8,2,1,77,76,True
9,1,1,207,206,True
10,1,1,77,76,True
12,2,1,77,76,True
18,1,1,77,76,True
19,1,1,207,206,True
21,1,1,77,76,True
24,1,1,77,76,True
33,1,1,207,206,True
35,2,1,77,76,True
36,1,1,77,76,True
38,1,1,77,76,True
40,1,1,77,76,True
44,1,1,207,206,True
45,1,1,77,76,True
47,2,1,77,76,True
49,1,1,77,76,True
52,1,1,62,61,True
53,1,1,95,94,True
55,1,1,95,94,True
64,1,1,110,109,True
66,1,1,62,61,True
70,1,1,95,94,True
71,2,1,110,109,True
73,2,1,62,61,True
75,1,1,206,205,True
76,2,1,95,94,True
80,1,1,95,94,True
83,1,1,110,109,True
84,2,1,62,61,True
86,1,1,95,94,True
87,2,1,110,109,True
89,1,1,95,94,True
90,2,1,62,61,True
93,1,1,206,205,True
97,1,1,95,94,True
98,1,1,95,94,True
2,2,2,207,205,True
5,2,2,207,205,True
7,1,2,207,205,True
8,3,2,77,75,True
9,2,2,207,205,True
14,2,2,77,75,True
21,2,2,77,75,True
22,1,2,207,205,True
24,2,2,77,75,True
26,1,2,207,205,True
27,2,2,77,75,True
32,1,2,77,75,True
35,3,2,77,75,True
39,2,2,77,75,True
41,1,2,77,75,True
42,2,2,77,75,True
43,2,2,207,205,True
45,2,2,77,75,True
46,1,2,207,205,True
49,2,2,77,75,True
50,1,2,110,108,True
58,2,2,95,93,True
61,1,2,110,108,True
64,2,2,110,108,True
65,1,2,206,204,True
67,1,2,95,93,True
68,1,2,62,60,True
70,2,2,95,93,True
73,3,2,62,60,True
74,1,2,110,108,True
76,3,2,95,93,True
77,1,2,95,93,True
78,1,2,95,93,True
82,2,2,110,108,True
83,2,2,110,108,True
84,3,2,62,60,True
85,2,2,62,60,True
87,3,2,110,108,True
91,2,2,110,108,True
92,2,2,95,93,True
93,2,2,206,204,True
98,2,2,95,93,True
1,2,3,207,204,True
2,3,3,207,204,True
3,1,3,77,74,True
4,2,3,207,204,True
5,3,3,207,204,True
10,2,3,77,74,True
13,1,3,207,204,True
14,3,3,77,74,True
22,2,3,207,204,True
24,3,3,77,74,True
29,1,3,207,204,True
32,2,3,77,74,True
34,1,3,77,74,True
36,2,3,207,204,True
38,2,3,77,74,True
43,3,3,207,204,True
44,2,3,207,204,True
46,2,3,207,204,True
48,1,3,77,74,True
49,3,3,77,74,True
53,2,3,95,92,True
54,1,3,95,92,True
55,2,3,95,92,True
56,2,3,206,203,True
57,2,3,110,107,True
58,3,3,95,92,True
61,2,3,110,107,True
63,1,3,95,92,True
64,3,3,110,107,True
66,2,3,62,59,True
68,2,3,110,107,True
77,2,3,95,92,True
81,2,3,95,92,True
87,4,3,110,107,True
90,3,3,62,59,True
93,3,3,206,203,True
94,2,3,110,107,True
96,1,3,95,92,True
97,2,3,95,92,True
99,1,3,110,107,True
0,2,4,77,73,True
1,3,4,207,203,True
2,4,4,207,203,True
6,2,4,207,203,True
9,3,4,207,203,True
10,3,4,77,73,True
11,2,4,207,203,True
13,2,4,207,203,True
14,4,4,77,73,True
16,1,4,77,73,True
18,2,4,207,203,True
21,3,4,77,73,True
29,2,4,207,203,True
31,1,4,207,203,True
34,2,4,77,73,True
38,3,4,77,73,True
40,2,4,77,73,True
44,3,4,207,203,True
49,4,4,77,73,True
50,2,4,110,106,True
54,2,4,95,91,True
58,4,4,95,91,True
59,2,4,62,58,True
60,2,4,95,91,True
62,1,4,40,36,True
66,3,4,62,58,True
67,2,4,95,91,True
70,3,4,95,91,True
71,3,4,110,106,True
75,2,4,206,202,True
76,4,4,95,91,True
77,3,4,95,91,True
79,2,4,62,58,True
86,2,4,110,106,True
87,5,4,110,106,True
90,4,4,110,106,True
94,3,4,110,106,True
95,2,4,95,91,True
97,3,4,95,91,True
2,5,5,207,202,True
6,3,5,207,202,True
11,3,5,207,202,True
14,5,5,77,72,True
16,2,5,77,72,True
18,3,5,207,202,True
20,2,5,207,202,True
22,3,5,207,202,True
29,3,5,207,202,True
30,1,5,207,202,True
31,2,5,207,202,True
33,2,5,207,202,True
35,4,5,77,72,True
40,3,5,77,72,True
43,4,5,207,202,True
47,3,5,207,202,True
60,3,5,95,90,True
61,3,5,110,105,True
67,3,5,95,90,True
69,1,5,110,105,True
71,4,5,110,105,True
79,3,5,62,57,True
80,2,5,95,90,True
81,3,5,95,90,True
82,3,5,110,105,True
83,3,5,110,105,True
84,4,5,62,57,True
87,6,5,110,105,True
88,1,5,95,90,True
91,3,5,110,105,True
93,4,5,206,201,True
97,4,5,95,90,True
98,3,5,95,90,True
99,2,5,110,105,True
1,4,6,207,201,True
4,3,6,207,201,True
5,4,6,207,201,True
6,4,6,207,201,True
11,4,6,207,201,True
15,1,6,77,71,True
17,2,6,207,201,True
18,4,6,207,201,True
21,4,6,77,71,True
22,4,6,207,201,True
23,2,6,77,71,True
25,2,6,77,71,True
26,2,6,207,201,True
27,3,6,207,201,True
29,4,6,207,201,True
30,2,6,207,201,True
31,3,6,207,201,True
33,3,6,207,201,True
37,1,6,207,201,True
43,5,6,207,201,True
53,3,6,95,89,True
56,3,6,206,200,True
57,3,6,110,104,True
62,2,6,40,34,True
70,4,6,95,89,True
73,4,6,62,56,True
75,3,6,206,200,True
78,2,6,95,89,True
80,3,6,95,89,True
82,4,6,110,104,True
84,5,6,62,56,True
88,2,6,95,89,True
94,4,6,110,104,True
95,3,6,110,104,True
97,5,6,95,89,True
99,3,6,110,104,True
0,3,7,77,70,True
4,4,7,207,200,True
6,5,7,207,200,True
8,4,7,77,70,True
9,4,7,207,200,True
12,3,7,77,70,True
15,2,7,77,70,True
16,3,7,207,200,True
17,3,7,207,200,True
19,2,7,207,200,True
23,3,7,77,70,True
25,3,7,77,70,True
27,4,7,207,200,True
32,3,7,77,70,True
34,3,7,77,70,True
36,3,7,207,200,True
38,4,7,77,70,True
39,3,7,207,200,True
40,4,7,77,70,True
42,3,7,77,70,True
47,4,7,207,200,True
50,3,7,110,103,True
53,4,7,95,88,True
56,4,7,206,199,True
57,4,7,110,103,True
60,4,7,95,88,True
61,4,7,110,103,True
63,2,7,95,88,True
65,2,7,206,199,True
67,4,7,95,88,True
70,5,7,95,88,True
71,5,7,110,103,True
72,1,7,95,88,True
74,2,7,110,103,True
76,5,7,110,103,True
77,4,7,110,103,True
78,3,7,95,88,True
80,4,7,95,88,True
82,5,7,110,103,True
83,4,7,110,103,True
86,3,7,110,103,True
99,4,7,110,103,True
1,5,8,207,199,True
6,6,8,207,199,True
9,5,8,207,199,True
14,6,8,207,199,True
15,3,8,77,69,True
16,4,8,207,199,True
20,3,8,207,199,True
21,5,8,77,69,True
24,4,8,207,199,True
28,1,8,207,199,True
30,3,8,207,199,True
32,4,8,77,69,True
33,4,8,207,199,True
35,5,8,77,69,True
36,4,8,207,199,True
38,5,8,77,69,True
40,5,8,77,69,True
41,2,8,77,69,True
43,6,8,207,199,True
46,3,8,207,199,True
47,5,8,207,199,True
50,4,8,110,102,True
51,1,8,95,87,True
54,3,8,95,87,True
58,5,8,95,87,True
60,5,8,95,87,True
61,5,8,110,102,True
63,3,8,95,87,True
66,4,8,62,54,True
67,5,8,95,87,True
68,3,8,110,102,True
71,6,8,110,102,True
74,3,8,110,102,True
78,4,8,95,87,True
80,5,8,95,87,True
81,4,8,110,102,True
84,6,8,62,54,True
85,3,8,110,102,True
89,2,8,110,102,True
90,5,8,110,102,True
91,4,8,206,198,True
94,5,8,110,102,True
95,4,8,110,102,True
96,2,8,110,102,True
99,5,8,110,102,True
2,6,9,207,198,True
3,2,9,77,68,True
4,5,9,207,198,True
6,7,9,207,198,True
7,2,9,207,198,True
10,4,9,207,198,True
11,5,9,207,198,True
14,7,9,207,198,True
15,4,9,77,68,True
16,5,9,207,198,True
17,4,9,207,198,True
18,5,9,207,198,True
20,4,9,207,198,True
21,6,9,77,68,True
22,5,9,207,198,True
25,4,9,77,68,True
30,4,9,207,198,True
35,6,9,77,68,True
36,5,9,207,198,True
38,6,9,77,68,True
39,4,9,207,198,True
40,6,9,77,68,True
42,4,9,77,68,True
43,7,9,207,198,True
44,4,9,207,198,True
45,3,9,77,68,True
48,2,9,207,198,True
50,5,9,110,101,True
51,2,9,95,86,True
56,5,9,206,197,True
59,3,9,110,101,True
60,6,9,95,86,True
61,6,9,110,101,True
66,5,9,62,53,True
67,6,9,110,101,True
68,4,9,110,101,True
69,2,9,110,101,True
75,4,9,206,197,True
80,6,9,95,86,True
83,5,9,110,101,True
84,7,9,62,53,True
86,4,9,110,101,True
92,3,9,110,101,True
97,6,9,95,86,True
99,6,9,110,101,True
2,7,10,207,197,True
5,5,10,207,197,True
6,8,10,207,197,True
11,6,10,207,197,True
12,4,10,77,67,True
14,8,10,207,197,True
16,6,10,207,197,True
18,6,10,207,197,True
19,3,10,207,197,True
20,5,10,207,197,True
23,4,10,77,67,True
25,5,10,77,67,True
26,3,10,207,197,True
28,2,10,207,197,True
33,5,10,207,197,True
34,4,10,207,197,True
37,2,10,207,197,True
39,5,10,207,197,True
40,7,10,77,67,True
41,3,10,77,67,True
43,8,10,207,197,True
47,6,10,207,197,True
49,5,10,77,67,True
50,6,10,110,100,True
56,6,10,206,196,True
64,4,10,110,100,True
66,6,10,62,52,True
68,5,10,110,100,True
81,5,10,110,100,True
82,6,10,110,100,True
84,8,10,62,52,True
89,3,10,110,100,True
92,4,10,110,100,True
93,5,10,206,196,True
94,6,10,110,100,True
96,3,10,110,100,True
1,6,11,207,196,True
2,8,11,207,196,True
7,3,11,207,196,True
8,5,11,207,196,True
11,7,11,207,196,True
21,7,11,95,84,True
24,5,11,207,196,True
25,6,11,77,66,True
26,4,11,207,196,True
27,5,11,207,196,True
28,3,11,207,196,True
32,5,11,77,66,True
34,5,11,207,196,True
39,6,11,207,196,True
41,4,11,77,66,True
46,4,11,207,196,True
47,7,11,207,196,True
49,6,11,77,66,True
50,7,11,110,99,True
54,4,11,95,84,True
55,3,11,95,84,True
56,7,11,206,195,True
57,5,11,110,99,True
58,6,11,95,84,True
59,4,11,110,99,True
60,7,11,95,84,True
64,5,11,110,99,True
68,6,11,110,99,True
71,7,11,110,99,True
73,5,11,62,51,True
76,6,11,110,99,True
80,7,11,95,84,True
82,7,11,110,99,True
83,6,11,110,99,True
87,7,11,110,99,True
92,5,11,110,99,True
93,6,11,206,195,True
94,7,11,110,99,True
95,5,11,110,99,True
96,4,11,110,99,True
97,7,11,95,84,True
98,4,11,95,84,True
99,7,11,110,99,True
0,4,12,77,65,True
1,7,12,207,195,True
3,3,12,77,65,True
4,6,12,207,195,True
8,6,12,207,195,True
12,5,12,77,65,True
14,9,12,207,195,True
15,5,12,77,65,True
18,7,12,207,195,True
20,6,12,207,195,True
23,5,12,77,65,True
27,6,12,207,195,True
30,5,12,207,195,True
31,4,12,207,195,True
32,6,12,77,65,True
37,3,12,207,195,True
38,7,12,77,65,True
47,8,12,207,195,True
48,3,12,207,195,True
49,7,12,77,65,True
54,5,12,95,83,True
56,8,12,206,194,True
59,5,12,110,98,True
60,8,12,95,83,True
61,7,12,110,98,True
66,7,12,95,83,True
70,6,12,95,83,True
71,8,12,110,98,True
78,5,12,95,83,True
79,4,12,110,98,True
82,8,12,110,98,True
83,7,12,110,98,True
85,4,12,110,98,True
87,8,12,110,98,True
90,6,12,110,98,True
92,6,12,110,98,True
93,7,12,206,194,True
94,8,12,110,98,True
95,6,12,110,98,True
97,8,12,95,83,True
0,5,13,77,64,True
5,6,13,207,194,True
6,9,13,207,194,True
7,4,13,207,194,True
8,7,13,207,194,True
12,6,13,77,64,True
16,7,13,207,194,True
18,8,13,207,194,True
21,8,13,95,82,True
22,6,13,207,194,True
23,6,13,77,64,True
24,6,13,207,194,True
28,4,13,207,194,True
32,7,13,77,64,True
33,6,13,207,194,True
37,4,13,207,194,True
41,5,13,77,64,True
42,5,13,207,194,True
43,9,13,207,194,True
47,9,13,207,194,True
48,4,13,207,194,True
52,2,13,95,82,True
54,6,13,95,82,True
58,7,13,95,82,True
62,3,13,95,82,True
63,4,13,95,82,True
66,8,13,95,82,True
67,7,13,110,97,True
68,7,13,110,97,True
73,6,13,62,49,True
79,5,13,110,97,True
86,5,13,110,97,True
88,3,13,110,97,True
91,5,13,206,193,True
96,5,13,110,97,True
98,5,13,95,82,True
99,8,13,110,97,True
0,6,14,77,63,True
2,9,14,207,193,True
3,4,14,207,193,True
7,5,14,207,193,True
8,8,14,207,193,True
9,6,14,207,193,True
10,5,14,207,193,True
11,8,14,207,193,True
13,3,14,207,193,True
14,10,14,207,193,True
21,9,14,95,81,True
23,7,14,77,63,True
27,7,14,207,193,True
28,5,14,207,193,True
32,8,14,77,63,True
41,6,14,77,63,True
42,6,14,207,193,True
44,5,14,207,193,True
45,4,14,77,63,True
46,5,14,207,193,True
48,5,14,207,193,True
50,8,14,110,96,True
53,5,14,110,96,True
58,8,14,95,81,True
60,9,14,95,81,True
62,4,14,95,81,True
71,9,14,110,96,True
79,6,14,110,96,True
81,6,14,206,192,True
83,8,14,110,96,True
85,5,14,110,96,True
88,4,14,110,96,True
90,7,14,110,96,True
94,9,14,110,96,True
0,7,15,77,62,True
2,10,15,207,192,True
3,5,15,207,192,True
4,7,15,207,192,True
7,6,15,207,192,True
14,11,15,207,192,True
15,6,15,207,192,True
20,7,15,207,192,True
21,10,15,95,80,True
24,7,15,207,192,True
25,7,15,207,192,True
26,5,15,207,192,True
29,5,15,207,192,True
31,5,15,207,192,True
33,7,15,207,192,True
34,6,15,207,192,True
35,7,15,77,62,True
37,5,15,207,192,True
40,8,15,207,192,True
45,5,15,77,62,True
47,10,15,207,192,True
48,6,15,207,192,True
51,3,15,95,80,True
55,4,15,95,80,True
56,9,15,206,191,True
57,6,15,206,191,True
59,6,15,110,95,True
64,6,15,110,95,True
67,8,15,110,95,True
75,5,15,206,191,True
76,7,15,110,95,True
83,9,15,110,95,True
86,6,15,110,95,True
88,5,15,110,95,True
89,4,15,110,95,True
95,7,15,110,95,True
99,9,15,110,95,True
1,8,16,207,191,True
2,11,16,207,191,True
3,6,16,207,191,True
4,8,16,207,191,True
13,4,16,207,191,True
16,8,16,207,191,True
23,8,16,77,61,True
24,8,16,207,191,True
28,6,16,207,191,True
29,6,16,207,191,True
30,6,16,207,191,True
31,6,16,207,191,True
33,8,16,207,191,True
34,7,16,207,191,True
37,6,16,207,191,True
38,8,16,77,61,True
39,7,16,207,191,True
40,9,16,207,191,True
41,7,16,77,61,True
45,6,16,77,61,True
46,6,16,207,191,True
49,8,16,207,191,True
50,9,16,110,94,True
54,7,16,95,79,True
57,7,16,206,190,True
58,9,16,95,79,True
60,10,16,110,94,True
62,5,16,95,79,True
63,5,16,110,94,True
64,7,16,110,94,True
65,3,16,206,190,True
66,9,16,95,79,True
73,7,16,95,79,True
74,4,16,110,94,True
76,8,16,110,94,True
79,7,16,110,94,True
80,8,16,95,79,True
82,9,16,110,94,True
85,6,16,110,94,True
86,7,16,110,94,True
88,6,16,110,94,True
89,5,16,110,94,True
90,8,16,110,94,True
95,8,16,110,94,True
97,9,16,95,79,True
99,10,16,110,94,True
0,8,17,207,190,True
2,12,17,207,190,True
4,9,17,207,190,True
5,7,17,207,190,True
7,7,17,207,190,True
9,7,17,207,190,True
12,7,17,77,60,True
13,5,17,207,190,True
14,12,17,207,190,True
15,7,17,207,190,True
16,9,17,207,190,True
17,5,17,207,190,True
18,9,17,207,190,True
19,4,17,207,190,True
25,8,17,207,190,True
27,8,17,207,190,True
28,7,17,207,190,True
31,7,17,207,190,True
34,8,17,207,190,True
40,10,17,207,190,True
42,7,17,207,190,True
44,6,17,207,190,True
47,11,17,207,190,True
53,6,17,110,93,True
54,8,17,95,78,True
55,5,17,95,78,True
57,8,17,206,189,True
61,8,17,110,93,True
69,3,17,110,93,True
72,2,17,110,93,True
76,9,17,110,93,True
79,8,17,110,93,True
84,9,17,95,78,True
85,7,17,110,93,True
89,6,17,110,93,True
91,6,17,206,189,True
93,8,17,206,189,True
95,9,17,110,93,True
96,6,17,110,93,True
97,10,17,95,78,True
98,6,17,110,93,True
99,11,17,110,93,True
1,9,18,207,189,True
2,13,18,207,189,True
3,7,18,207,189,True
5,8,18,207,189,True
10,6,18,207,189,True
11,9,18,207,189,True
14,13,18,207,189,True
15,8,18,207,189,True
16,10,18,207,189,True
19,5,18,207,189,True
20,8,18,207,189,True
21,11,18,95,77,True
23,9,18,207,189,True
24,9,18,207,189,True
28,8,18,207,189,True
33,9,18,207,189,True
37,7,18,207,189,True
38,9,18,77,59,True
40,11,18,207,189,True
42,8,18,207,189,True
43,10,18,207,189,True
48,7,18,207,189,True
49,9,18,207,189,True
55,6,18,95,77,True
56,10,18,206,188,True
57,9,18,206,188,True
58,10,18,95,77,True
65,4,18,206,188,True
68,8,18,110,92,True
71,10,18,110,92,True
72,3,18,110,92,True
74,5,18,110,92,True
76,10,18,110,92,True
79,9,18,110,92,True
80,9,18,95,77,True
82,10,18,110,92,True
84,10,18,95,77,True
85,8,18,110,92,True
87,9,18,110,92,True
88,7,18,110,92,True
90,9,18,110,92,True
91,7,18,206,188,True
96,7,18,110,92,True
97,11,18,110,92,True
98,7,18,110,92,True
0,9,19,207,188,True
2,14,19,207,188,True
3,8,19,207,188,True
7,8,19,207,188,True
16,11,19,207,188,True
18,10,19,207,188,True
20,9,19,207,188,True
26,6,19,207,188,True
28,9,19,207,188,True
29,7,19,207,188,True
33,10,19,207,188,True
34,9,19,207,188,True
38,10,19,207,188,True
40,12,19,207,188,True
41,8,19,207,188,True
42,9,19,207,188,True
44,7,19,207,188,True
45,7,19,77,58,True
47,12,19,207,188,True
54,9,19,95,76,True
61,9,19,110,91,True
63,6,19,110,91,True
68,9,19,110,91,True
70,7,19,95,76,True
75,6,19,206,187,True
81,7,19,206,187,True
83,10,19,110,91,True
84,11,19,95,76,True
86,8,19,206,187,True
89,7,19,110,91,True
91,8,19,206,187,True
93,9,19,206,187,True
3,9,20,207,187,True
6,10,20,207,187,True
7,9,20,207,187,True
10,7,20,207,187,True
13,6,20,207,187,True
14,14,20,207,187,True
19,6,20,207,187,True
23,10,20,207,187,True
24,10,20,207,187,True
28,10,20,207,187,True
29,8,20,207,187,True
31,8,20,207,187,True
34,10,20,207,187,True
35,8,20,77,57,True
37,8,20,207,187,True
40,13,20,207,187,True
42,10,20,207,187,True
45,8,20,77,57,True
47,13,20,207,187,True
49,10,20,207,187,True
50,10,20,110,90,True
51,4,20,95,75,True
52,3,20,95,75,True
54,10,20,95,75,True
55,7,20,95,75,True
58,11,20,95,75,True
67,9,20,110,90,True
68,10,20,110,90,True
72,4,20,206,186,True
73,8,20,95,75,True
74,6,20,110,90,True
78,6,20,110,90,True
82,11,20,110,90,True
86,9,20,206,186,True
93,10,20,206,186,True
94,10,20,206,186,True
98,8,20,110,90,True
1,10,21,207,186,True
4,10,21,207,186,True
5,9,21,207,186,True
6,11,21,207,186,True
8,9,21,207,186,True
11,10,21,207,186,True
12,8,21,207,186,True
19,7,21,207,186,True
21,12,21,95,74,True
22,7,21,207,186,True
27,9,21,207,186,True
28,11,21,207,186,True
30,7,21,207,186,True
31,9,21,207,186,True
35,9,21,77,56,True
40,14,21,207,186,True
41,9,21,207,186,True
44,8,21,207,186,True
49,11,21,207,186,True
52,4,21,95,74,True
57,10,21,206,185,True
59,7,21,110,89,True
60,11,21,110,89,True
63,7,21,110,89,True
66,10,21,95,74,True
68,11,21,110,89,True
70,8,21,95,74,True
73,9,21,95,74,True
75,7,21,206,185,True
77,5,21,206,185,True
79,10,21,110,89,True
81,8,21,206,185,True
86,10,21,206,185,True
89,8,21,110,89,True
92,7,21,110,89,True
93,11,21,206,185,True
94,11,21,206,185,True
95,10,21,110,89,True
0,10,22,207,185,True
2,15,22,207,185,True
10,8,22,207,185,True
12,9,22,207,185,True
13,7,22,207,185,True
14,15,22,207,185,True
22,8,22,207,185,True
26,7,22,207,185,True
27,10,22,207,185,True
31,10,22,207,185,True
33,11,22,207,185,True
35,10,22,207,185,True
39,8,22,207,185,True
40,15,22,207,185,True
44,9,22,207,185,True
46,7,22,207,185,True
47,14,22,207,185,True
48,8,22,207,185,True
55,8,22,95,73,True
58,12,22,95,73,True
59,8,22,110,88,True
60,12,22,110,88,True
61,10,22,110,88,True
62,6,22,95,73,True
63,8,22,110,88,True
65,5,22,206,184,True
68,12,22,110,88,True
70,9,22,95,73,True
72,5,22,206,184,True
73,10,22,95,73,True
74,7,22,110,88,True
76,11,22,110,88,True
78,7,22,110,88,True
79,11,22,110,88,True
80,10,22,95,73,True
81,9,22,206,184,True
82,12,22,110,88,True
86,11,22,206,184,True
89,9,22,110,88,True
91,9,22,206,184,True
93,12,22,206,184,True
97,12,22,110,88,True
98,9,22,110,88,True
99,12,22,110,88,True
3,10,23,207,184,True
5,10,23,207,184,True
6,12,23,207,184,True
8,10,23,207,184,True
11,11,23,207,184,True
17,6,23,207,184,True
18,11,23,207,184,True
20,10,23,207,184,True
21,13,23,95,72,True
23,11,23,207,184,True
24,11,23,207,184,True
25,9,23,207,184,True
26,8,23,207,184,True
28,12,23,207,184,True
29,9,23,207,184,True
30,8,23,207,184,True
33,12,23,207,184,True
36,6,23,207,184,True
38,11,23,207,184,True
39,9,23,207,184,True
42,11,23,207,184,True
43,11,23,207,184,True
48,9,23,207,184,True
50,11,23,206,183,True
53,7,23,110,87,True
54,11,23,110,87,True
55,9,23,95,72,True
57,11,23,206,183,True
58,13,23,95,72,True
63,9,23,110,87,True
69,4,23,110,87,True
72,6,23,206,183,True
73,11,23,95,72,True
75,8,23,206,183,True
82,13,23,110,87,True
83,11,23,110,87,True
85,9,23,110,87,True
86,12,23,206,183,True
87,10,23,206,183,True
92,8,23,110,87,True
95,11,23,110,87,True
96,8,23,110,87,True
0,11,24,207,183,True
2,16,24,207,183,True
5,11,24,207,183,True
7,10,24,207,183,True
16,12,24,207,183,True
19,8,24,207,183,True
20,11,24,207,183,True
21,14,24,95,71,True
22,9,24,207,183,True
24,12,24,207,183,True
25,10,24,207,183,True
26,9,24,207,183,True
29,10,24,207,183,True
31,11,24,207,183,True
34,11,24,207,183,True
36,7,24,207,183,True
38,12,24,207,183,True
39,10,24,207,183,True
40,16,24,207,183,True
45,9,24,77,53,True
48,10,24,207,183,True
49,12,24,207,183,True
51,5,24,95,71,True
52,5,24,95,71,True
53,8,24,110,86,True
55,10,24,95,71,True
58,14,24,95,71,True
61,11,24,206,182,True
63,10,24,206,182,True
64,8,24,110,86,True
65,6,24,206,182,True
66,11,24,95,71,True
68,13,24,110,86,True
70,10,24,95,71,True
77,6,24,206,182,True
78,8,24,110,86,True
80,11,24,110,86,True
82,14,24,110,86,True
87,11,24,206,182,True
89,10,24,110,86,True
92,9,24,110,86,True
94,12,24,206,182,True
95,12,24,110,86,True
96,9,24,110,86,True
1,11,25,207,182,True
2,17,25,207,182,True
3,11,25,207,182,True
5,12,25,207,182,True
6,13,25,207,182,True
9,8,25,207,182,True
11,12,25,207,182,True
16,13,25,207,182,True
18,12,25,207,182,True
19,9,25,207,182,True
22,10,25,207,182,True
28,13,25,207,182,True
32,9,25,207,182,True
34,12,25,207,182,True
37,9,25,207,182,True
38,13,25,207,182,True
41,10,25,207,182,True
42,12,25,207,182,True
44,10,25,207,182,True
45,10,25,207,182,True
49,13,25,207,182,True
50,12,25,206,181,True
52,6,25,95,70,True
54,12,25,110,85,True
60,13,25,110,85,True
65,7,25,206,181,True
69,5,25,110,85,True
70,11,25,95,70,True
71,11,25,206,181,True
77,7,25,206,181,True
80,12,25,110,85,True
84,12,25,95,70,True
88,8,25,110,85,True
89,11,25,110,85,True
90,10,25,206,181,True
91,10,25,206,181,True
92,10,25,110,85,True
93,13,25,206,181,True
96,10,25,110,85,True
98,10,25,110,85,True
0,12,26,207,181,True
2,18,26,207,181,True
8,11,26,207,181,True
10,9,26,207,181,True
15,9,26,207,181,True
16,14,26,207,181,True
17,7,26,207,181,True
22,11,26,207,181,True
23,12,26,207,181,True
27,11,26,207,181,True
37,10,26,207,181,True
43,12,26,207,181,True
45,11,26,207,181,True
48,11,26,207,181,True
49,14,26,207,181,True
50,13,26,206,180,True
51,6,26,95,69,True
55,11,26,206,180,True
58,15,26,110,84,True
59,9,26,110,84,True
64,9,26,110,84,True
66,12,26,95,69,True
67,10,26,110,84,True
68,14,26,110,84,True
70,12,26,95,69,True
72,7,26,206,180,True
73,12,26,95,69,True
76,12,26,206,180,True
77,8,26,206,180,True
78,9,26,110,84,True
79,12,26,110,84,True
81,10,26,206,180,True
82,15,26,110,84,True
89,12,26,110,84,True
90,11,26,206,180,True
91,11,26,206,180,True
92,11,26,110,84,True
93,14,26,206,180,True
96,11,26,110,84,True
97,13,26,110,84,True
98,11,26,110,84,True
0,13,27,207,180,True
2,19,27,207,180,True
4,11,27,207,180,True
5,13,27,207,180,True
10,10,27,207,180,True
14,16,27,207,180,True
15,10,27,207,180,True
18,13,27,207,180,True
20,12,27,207,180,True
21,15,27,95,68,True
27,12,27,207,180,True
30,9,27,207,180,True
38,14,27,207,180,True
42,13,27,207,180,True
46,8,27,207,180,True
49,15,27,207,180,True
50,14,27,206,179,True
53,9,27,110,83,True
56,11,27,206,179,True
60,14,27,110,83,True
61,12,27,206,179,True
64,10,27,110,83,True
68,15,27,110,83,True
69,6,27,110,83,True
70,13,27,110,83,True
71,12,27,206,179,True
73,13,27,95,68,True
76,13,27,206,179,True
77,9,27,206,179,True
80,13,27,110,83,True
82,16,27,110,83,True
83,12,27,206,179,True
88,9,27,110,83,True
93,15,27,206,179,True
95,13,27,206,179,True
96,12,27,206,179,True
98,12,27,110,83,True
0,14,28,207,179,True
1,12,28,207,179,True
3,12,28,207,179,True
4,12,28,207,179,True
5,14,28,207,179,True
7,11,28,207,179,True
8,12,28,207,179,True
9,9,28,207,179,True
13,8,28,207,179,True
21,16,28,95,67,True
22,12,28,207,179,True
25,11,28,207,179,True
27,13,28,207,179,True
30,10,28,207,179,True
31,12,28,207,179,True
32,10,28,207,179,True
35,11,28,207,179,True
36,8,28,207,179,True
37,11,28,207,179,True
41,11,28,207,179,True
43,13,28,207,179,True
53,10,28,110,82,True
56,12,28,206,178,True
57,12,28,206,178,True
58,16,28,110,82,True
60,15,28,110,82,True
62,7,28,95,67,True
66,13,28,95,67,True
67,11,28,110,82,True
68,16,28,206,178,True
69,7,28,110,82,True
73,14,28,95,67,True
79,13,28,110,82,True
80,14,28,110,82,True
82,17,28,110,82,True
83,13,28,206,178,True
86,13,28,206,178,True
89,13,28,110,82,True
92,12,28,110,82,True
93,16,28,206,178,True
94,13,28,206,178,True
98,13,28,110,82,True
1,13,29,207,178,True
3,13,29,207,178,True
6,14,29,207,178,True
7,12,29,207,178,True
9,10,29,207,178,True
11,13,29,207,178,True
13,9,29,207,178,True
14,17,29,207,178,True
16,15,29,207,178,True
18,14,29,207,178,True
19,10,29,207,178,True
20,13,29,207,178,True
21,17,29,95,66,True
23,13,29,207,178,True
26,10,29,207,178,True
29,11,29,207,178,True
30,11,29,207,178,True
35,12,29,207,178,True
37,12,29,207,178,True
38,15,29,207,178,True
39,11,29,207,178,True
41,12,29,207,178,True
43,14,29,207,178,True
45,12,29,207,178,True
46,9,29,207,178,True
47,15,29,207,178,True
48,12,29,207,178,True
50,15,29,206,177,True
51,7,29,95,66,True
55,12,29,206,177,True
57,13,29,206,177,True
58,17,29,110,81,True
61,13,29,206,177,True
62,8,29,95,66,True
63,11,29,206,177,True
70,14,29,110,81,True
77,10,29,206,177,True
78,10,29,110,81,True
79,14,29,110,81,True
80,15,29,110,81,True
88,10,29,110,81,True
89,14,29,110,81,True
90,12,29,206,177,True
91,12,29,206,177,True
92,13,29,206,177,True
98,14,29,110,81,True
0,15,30,207,177,True
8,13,30,207,177,True
11,14,30,207,177,True
12,10,30,207,177,True
13,10,30,207,177,True
14,18,30,207,177,True
15,11,30,207,177,True
16,16,30,207,177,True
24,13,30,207,177,True
29,12,30,207,177,True
31,13,30,207,177,True
32,11,30,207,177,True
36,9,30,207,177,True
40,17,30,207,177,True
41,13,30,207,177,True
45,13,30,207,177,True
47,16,30,207,177,True
48,13,30,207,177,True
49,16,30,207,177,True
53,11,30,110,80,True
56,13,30,206,176,True
61,14,30,206,176,True
64,11,30,110,80,True
67,12,30,110,80,True
68,17,30,206,176,True
70,15,30,110,80,True
71,13,30,206,176,True
72,8,30,206,176,True
74,8,30,206,176,True
75,9,30,206,176,True
76,14,30,206,176,True
77,11,30,206,176,True
79,15,30,206,176,True
80,16,30,110,80,True
81,11,30,206,176,True
86,14,30,206,176,True
88,11,30,110,80,True
91,13,30,206,176,True
92,14,30,206,176,True
93,17,30,206,176,True
94,14,30,206,176,True
96,13,30,206,176,True
3,14,31,207,176,True
12,11,31,207,176,True
13,11,31,207,176,True
22,13,31,207,176,True
35,13,31,207,176,True
38,16,31,207,176,True
40,18,31,207,176,True
43,15,31,207,176,True
44,11,31,207,176,True
46,10,31,207,176,True
47,17,31,207,176,True
53,12,31,110,79,True
56,14,31,206,175,True
57,14,31,206,175,True
58,18,31,110,79,True
63,12,31,206,175,True
65,8,31,206,175,True
66,14,31,95,64,True
69,8,31,110,79,True
70,16,31,110,79,True
75,10,31,206,175,True
86,15,31,206,175,True
87,12,31,206,175,True
89,15,31,110,79,True
91,14,31,206,175,True
92,15,31,206,175,True
95,14,31,206,175,True
1,14,32,207,175,True
3,15,32,207,175,True
5,15,32,207,175,True
6,15,32,207,175,True
7,13,32,207,175,True
10,11,32,207,175,True
13,12,32,207,175,True
18,15,32,207,175,True
20,14,32,207,175,True
27,14,32,207,175,True
29,13,32,207,175,True
33,13,32,207,175,True
35,14,32,207,175,True
37,13,32,207,175,True
40,19,32,207,175,True
42,14,32,207,175,True
43,16,32,207,175,True
45,14,32,207,175,True
46,11,32,207,175,True
47,18,32,207,175,True
50,16,32,206,174,True
56,15,32,206,174,True
60,16,32,110,78,True
61,15,32,206,174,True
65,9,32,206,174,True
67,13,32,206,174,True
68,18,32,206,174,True
70,17,32,206,174,True
72,9,32,206,174,True
77,12,32,206,174,True
81,12,32,206,174,True
82,18,32,110,78,True
89,16,32,110,78,True
92,16,32,206,174,True
97,14,32,110,78,True
3,16,33,207,174,True
6,16,33,207,174,True
7,14,33,207,174,True
8,14,33,207,174,True
10,12,33,207,174,True
11,15,33,207,174,True
13,13,33,207,174,True
22,14,33,207,174,True
23,14,33,207,174,True
26,11,33,207,174,True
27,15,33,207,174,True
28,14,33,207,174,True
30,12,33,207,174,True
41,14,33,207,174,True
42,15,33,207,174,True
43,17,33,207,174,True
44,12,33,207,174,True
47,19,33,207,174,True
48,14,33,207,174,True
49,17,33,207,174,True
51,8,33,95,62,True
52,7,33,95,62,True
54,13,33,110,77,True
59,10,33,110,77,True
61,16,33,206,173,True
62,9,33,95,62,True
63,13,33,206,173,True
65,10,33,206,173,True
67,14,33,206,173,True
71,14,33,206,173,True
73,15,33,95,62,True
75,11,33,206,173,True
78,11,33,110,77,True
82,19,33,110,77,True
84,13,33,110,77,True
85,10,33,110,77,True
94,15,33,206,173,True
95,15,33,206,173,True
97,15,33,110,77,True
98,15,33,110,77,True
99,13,33,110,77,True
0,16,34,207,173,True
2,20,34,207,173,True
3,17,34,207,173,True
7,15,34,207,173,True
14,19,34,207,173,True
20,15,34,207,173,True
23,15,34,207,173,True
24,14,34,207,173,True
25,12,34,207,173,True
27,16,34,207,173,True
30,13,34,207,173,True
31,14,34,207,173,True
33,14,34,207,173,True
35,15,34,207,173,True
36,10,34,207,173,True
38,17,34,207,173,True
39,12,34,207,173,True
43,18,34,207,173,True
44,13,34,207,173,True
46,12,34,207,173,True
47,20,34,207,173,True
48,15,34,207,173,True
49,18,34,207,173,True
54,14,34,110,76,True
55,13,34,206,172,True
57,15,34,206,172,True
62,10,34,95,61,True
63,14,34,206,172,True
69,9,34,110,76,True
71,15,34,206,172,True
77,13,34,206,172,True
78,12,34,110,76,True
80,17,34,110,76,True
83,14,34,206,172,True
85,11,34,110,76,True
92,17,34,206,172,True
93,18,34,206,172,True
0,17,35,207,172,True
1,15,35,207,172,True
10,13,35,207,172,True
14,20,35,207,172,True
15,12,35,207,172,True
18,16,35,207,172,True
19,11,35,207,172,True
21,18,35,95,60,True
23,16,35,207,172,True
25,13,35,207,172,True
27,17,35,207,172,True
30,14,35,207,172,True
31,15,35,207,172,True
33,15,35,207,172,True
39,13,35,207,172,True
40,20,35,207,172,True
41,15,35,207,172,True
42,16,35,207,172,True
45,15,35,207,172,True
47,21,35,207,172,True
48,16,35,207,172,True
50,17,35,206,171,True
51,9,35,95,60,True
52,8,35,95,60,True
53,13,35,110,75,True
55,14,35,206,171,True
57,16,35,206,171,True
59,11,35,110,75,True
61,17,35,206,171,True
67,15,35,206,171,True
69,10,35,110,75,True
76,15,35,206,171,True
81,13,35,206,171,True
86,16,35,206,171,True
91,15,35,206,171,True
95,16,35,206,171,True
98,16,35,110,75,True
99,14,35,110,75,True
0,18,36,207,171,True
8,15,36,207,171,True
11,16,36,207,171,True
16,17,36,207,171,True
18,17,36,207,171,True
19,12,36,207,171,True
22,15,36,207,171,True
25,14,36,207,171,True
26,12,36,207,171,True
27,18,36,207,171,True
28,15,36,207,171,True
29,14,36,207,171,True
34,13,36,207,171,True
37,14,36,207,171,True
42,17,36,207,171,True
45,16,36,207,171,True
48,17,36,207,171,True
50,18,36,206,170,True
51,10,36,110,74,True
52,9,36,95,59,True
53,14,36,206,170,True
54,15,36,110,74,True
56,16,36,206,170,True
60,17,36,110,74,True
61,18,36,206,170,True
63,15,36,206,170,True
69,11,36,110,74,True
75,12,36,206,170,True
76,16,36,206,170,True
79,16,36,206,170,True
80,18,36,110,74,True
81,14,36,206,170,True
83,15,36,206,170,True
86,17,36,206,170,True
89,17,36,206,170,True
93,19,36,206,170,True
94,16,36,206,170,True
95,17,36,206,170,True
97,16,36,110,74,True
99,15,36,110,74,True
0,19,37,207,170,True
5,16,37,207,170,True
7,16,37,207,170,True
8,16,37,207,170,True
21,19,37,207,170,True
22,16,37,207,170,True
23,17,37,207,170,True
28,16,37,207,170,True
33,16,37,207,170,True
40,21,37,207,170,True
43,19,37,207,170,True
44,14,37,207,170,True
45,17,37,207,170,True
46,13,37,207,170,True
50,19,37,206,169,True
53,15,37,206,169,True
55,15,37,206,169,True
56,17,37,206,169,True
57,17,37,206,169,True
58,19,37,110,73,True
59,12,37,110,73,True
62,11,37,95,58,True
63,16,37,206,169,True
64,12,37,206,169,True
73,16,37,95,58,True
80,19,37,110,73,True
81,15,37,206,169,True
88,12,37,206,169,True
89,18,37,206,169,True
94,17,37,206,169,True
95,18,37,206,169,True
96,14,37,206,169,True
2,21,38,207,169,True
4,13,38,207,169,True
5,17,38,207,169,True
9,11,38,207,169,True
11,17,38,207,169,True
12,12,38,207,169,True
13,14,38,207,169,True
17,8,38,207,169,True
18,18,38,207,169,True
19,13,38,207,169,True
24,15,38,207,169,True
25,15,38,207,169,True
30,15,38,207,169,True
31,16,38,207,169,True
34,14,38,207,169,True
36,11,38,207,169,True
37,15,38,207,169,True
38,18,38,207,169,True
47,22,38,207,169,True
49,19,38,207,169,True
50,20,38,206,168,True
56,18,38,206,168,True
57,18,38,206,168,True
58,20,38,110,72,True
61,19,38,206,168,True
63,17,38,206,168,True
64,13,38,206,168,True
66,15,38,110,72,True
71,16,38,206,168,True
73,17,38,95,57,True
74,9,38,206,168,True
75,13,38,206,168,True
76,17,38,206,168,True
77,14,38,206,168,True
81,16,38,206,168,True
82,20,38,206,168,True
83,16,38,206,168,True
87,13,38,206,168,True
88,13,38,206,168,True
94,18,38,206,168,True
95,19,38,206,168,True
96,15,38,206,168,True
98,17,38,110,72,True
99,16,38,206,168,True
0,20,39,207,168,True
1,16,39,207,168,True
2,22,39,207,168,True
3,18,39,207,168,True
5,18,39,207,168,True
6,17,39,207,168,True
9,12,39,207,168,True
17,9,39,207,168,True
20,16,39,207,168,True
21,20,39,207,168,True
23,18,39,207,168,True
24,16,39,207,168,True
25,16,39,207,168,True
27,19,39,207,168,True
30,16,39,207,168,True
34,15,39,207,168,True
35,16,39,207,168,True
36,12,39,207,168,True
37,16,39,207,168,True
39,14,39,207,168,True
41,16,39,207,168,True
42,18,39,207,168,True
47,23,39,207,168,True
50,21,39,206,167,True
52,10,39,110,71,True
56,19,39,206,167,True
57,19,39,206,167,True
58,21,39,110,71,True
59,13,39,110,71,True
61,20,39,206,167,True
64,14,39,206,167,True
65,11,39,206,167,True
68,19,39,206,167,True
69,12,39,110,71,True
73,18,39,95,56,True
76,18,39,206,167,True
77,15,39,206,167,True
79,17,39,206,167,True
81,17,39,206,167,True
82,21,39,206,167,True
85,12,39,206,167,True
86,18,39,206,167,True
90,13,39,206,167,True
93,20,39,206,167,True
95,20,39,206,167,True
4,14,40,207,167,True
6,18,40,207,167,True
9,13,40,207,167,True
11,18,40,207,167,True
15,13,40,207,167,True
17,10,40,207,167,True
19,14,40,207,167,True
23,19,40,207,167,True
24,17,40,207,167,True
29,15,40,207,167,True
32,12,40,207,167,True
33,17,40,207,167,True
34,16,40,207,167,True
36,13,40,207,167,True
40,22,40,207,167,True
42,19,40,207,167,True
47,24,40,207,167,True
49,20,40,207,167,True
52,11,40,110,70,True
53,16,40,206,166,True
54,16,40,110,70,True
56,20,40,206,166,True
60,18,40,206,166,True
62,12,40,95,55,True
63,18,40,206,166,True
66,16,40,110,70,True
69,13,40,206,166,True
70,18,40,206,166,True
72,10,40,206,166,True
77,16,40,206,166,True
83,17,40,206,166,True
85,13,40,206,166,True
89,19,40,206,166,True
90,14,40,206,166,True
93,21,40,206,166,True
0,21,41,207,166,True
2,23,41,207,166,True
5,19,41,207,166,True
7,17,41,207,166,True
9,14,41,207,166,True
10,14,41,207,166,True
16,18,41,207,166,True
20,17,41,207,166,True
23,20,41,207,166,True
27,20,41,207,166,True
28,17,41,207,166,True
30,17,41,207,166,True
31,17,41,207,166,True
32,13,41,207,166,True
33,18,41,207,166,True
36,14,41,207,166,True
42,20,41,207,166,True
43,20,41,207,166,True
44,15,41,207,166,True
45,18,41,207,166,True
47,25,41,207,166,True
48,18,41,207,166,True
49,21,41,207,166,True
53,17,41,206,165,True
54,17,41,206,165,True
57,20,41,206,165,True
58,22,41,206,165,True
59,14,41,206,165,True
60,19,41,206,165,True
65,12,41,206,165,True
70,19,41,206,165,True
71,17,41,206,165,True
72,11,41,206,165,True
73,19,41,110,69,True
74,10,41,206,165,True
75,14,41,206,165,True
77,17,41,206,165,True
80,20,41,110,69,True
81,18,41,206,165,True
82,22,41,206,165,True
84,14,41,110,69,True
85,14,41,206,165,True
94,19,41,206,165,True
96,16,41,206,165,True
1,17,42,207,165,True
2,24,42,207,165,True
3,19,42,207,165,True
4,15,42,207,165,True
5,20,42,207,165,True
8,17,42,207,165,True
11,19,42,207,165,True
12,13,42,207,165,True
13,15,42,207,165,True
16,19,42,207,165,True
20,18,42,207,165,True
23,21,42,207,165,True
24,18,42,207,165,True
25,17,42,207,165,True
28,18,42,207,165,True
29,16,42,207,165,True
30,18,42,207,165,True
33,19,42,207,165,True
40,23,42,207,165,True
46,14,42,207,165,True
48,19,42,207,165,True
49,22,42,207,165,True
50,22,42,206,164,True
53,18,42,206,164,True
55,16,42,206,164,True
62,13,42,95,53,True
63,19,42,206,164,True
65,13,42,206,164,True
66,17,42,110,68,True
67,16,42,206,164,True
68,20,42,206,164,True
69,14,42,206,164,True
73,20,42,110,68,True
74,11,42,206,164,True
77,18,42,206,164,True
78,13,42,206,164,True
80,21,42,110,68,True
81,19,42,206,164,True
87,14,42,206,164,True
88,14,42,206,164,True
91,16,42,206,164,True
94,20,42,206,164,True
95,21,42,206,164,True
97,17,42,206,164,True
98,18,42,206,164,True
0,22,43,207,164,True
6,19,43,207,164,True
10,15,43,207,164,True
14,21,43,207,164,True
16,20,43,207,164,True
19,15,43,207,164,True
20,19,43,207,164,True
23,22,43,207,164,True
31,18,43,207,164,True
32,14,43,207,164,True
36,15,43,207,164,True
37,17,43,207,164,True
39,15,43,207,164,True
45,19,43,207,164,True
46,15,43,207,164,True
48,20,43,207,164,True
49,23,43,207,164,True
51,11,43,110,67,True
52,12,43,110,67,True
53,19,43,206,163,True
54,18,43,206,163,True
57,21,43,206,163,True
61,21,43,206,163,True
62,14,43,95,52,True
66,18,43,110,67,True
67,17,43,206,163,True
69,15,43,206,163,True
70,20,43,206,163,True
76,19,43,206,163,True
77,19,43,206,163,True
80,22,43,206,163,True
81,20,43,206,163,True
82,23,43,206,163,True
85,15,43,206,163,True
90,15,43,206,163,True
93,22,43,206,163,True
94,21,43,206,163,True
99,17,43,206,163,True
0,23,44,207,163,True
8,18,44,207,163,True
9,15,44,207,163,True
10,16,44,207,163,True
13,16,44,207,163,True
14,22,44,207,163,True
15,14,44,207,163,True
17,11,44,207,163,True
19,16,44,207,163,True
20,20,44,207,163,True
22,17,44,207,163,True
26,13,44,207,163,True
28,19,44,207,163,True
30,19,44,207,163,True
32,15,44,207,163,True
36,16,44,207,163,True
38,19,44,207,163,True
45,20,44,207,163,True
48,21,44,207,163,True
52,13,44,110,66,True
53,20,44,206,162,True
56,21,44,206,162,True
57,22,44,206,162,True
60,20,44,206,162,True
61,22,44,206,162,True
62,15,44,95,51,True
63,20,44,206,162,True
70,21,44,206,162,True
71,18,44,206,162,True
72,12,44,206,162,True
74,12,44,206,162,True
76,20,44,206,162,True
78,14,44,206,162,True
81,21,44,206,162,True
82,24,44,206,162,True
84,15,44,110,66,True
88,15,44,206,162,True
90,16,44,206,162,True
95,22,44,206,162,True
96,17,44,206,162,True
99,18,44,206,162,True
2,25,45,207,162,True
3,20,45,207,162,True
11,20,45,207,162,True
16,21,45,207,162,True
22,18,45,207,162,True
27,21,45,207,162,True
30,20,45,207,162,True
37,18,45,207,162,True
39,16,45,207,162,True
40,24,45,207,162,True
41,17,45,207,162,True
45,21,45,207,162,True
46,16,45,207,162,True
47,26,45,207,162,True
54,19,45,206,161,True
56,22,45,206,161,True
58,23,45,206,161,True
59,15,45,206,161,True
61,23,45,206,161,True
64,15,45,206,161,True
65,14,45,206,161,True
67,18,45,206,161,True
70,22,45,206,161,True
74,13,45,206,161,True
78,15,45,206,161,True
80,23,45,206,161,True
83,18,45,206,161,True
86,19,45,206,161,True
88,16,45,206,161,True
89,20,45,206,161,True
90,17,45,206,161,True
91,17,45,206,161,True
94,22,45,206,161,True
98,19,45,206,161,True
1,18,46,207,161,True
2,26,46,207,161,True
5,21,46,207,161,True
7,18,46,207,161,True
9,16,46,207,161,True
15,15,46,207,161,True
17,12,46,207,161,True
23,23,46,207,161,True
26,14,46,207,161,True
28,20,46,207,161,True
33,20,46,207,161,True
38,20,46,207,161,True
39,17,46,207,161,True
43,21,46,207,161,True
46,17,46,207,161,True
47,27,46,207,161,True
48,22,46,207,161,True
49,24,46,207,161,True
50,23,46,206,160,True
57,23,46,206,160,True
58,24,46,206,160,True
59,16,46,206,160,True
62,16,46,110,64,True
64,16,46,206,160,True
72,13,46,206,160,True
82,25,46,206,160,True
85,16,46,206,160,True
88,17,46,206,160,True
93,23,46,206,160,True
94,23,46,206,160,True
95,23,46,206,160,True
96,18,46,206,160,True
97,18,46,206,160,True
98,20,46,206,160,True
6,20,47,207,160,True
11,21,47,207,160,True
12,14,47,207,160,True
13,17,47,207,160,True
15,16,47,207,160,True
16,22,47,207,160,True
19,17,47,207,160,True
25,18,47,207,160,True
26,15,47,207,160,True
27,22,47,207,160,True
30,21,47,207,160,True
31,19,47,207,160,True
33,21,47,207,160,True
35,17,47,207,160,True
37,19,47,207,160,True
39,18,47,207,160,True
42,21,47,207,160,True
44,16,47,207,160,True
45,22,47,207,160,True
47,28,47,207,160,True
50,24,47,206,159,True
51,12,47,110,63,True
53,21,47,206,159,True
55,17,47,206,159,True
56,23,47,206,159,True
58,25,47,206,159,True
59,17,47,206,159,True
60,21,47,206,159,True
63,21,47,206,159,True
68,21,47,206,159,True
72,14,47,206,159,True
75,15,47,206,159,True
77,20,47,206,159,True
81,22,47,206,159,True
82,26,47,206,159,True
83,19,47,206,159,True
84,16,47,206,159,True
85,17,47,206,159,True
87,15,47,206,159,True
92,18,47,206,159,True
93,24,47,206,159,True
94,24,47,206,159,True
98,21,47,206,159,True
99,19,47,206,159,True
0,24,48,207,159,True
1,19,48,207,159,True
10,17,48,207,159,True
14,23,48,207,159,True
16,23,48,207,159,True
17,13,48,207,159,True
18,19,48,207,159,True
19,18,48,207,159,True
25,19,48,207,159,True
27,23,48,207,159,True
31,20,48,207,159,True
32,16,48,207,159,True
34,17,48,207,159,True
36,17,48,207,159,True
37,20,48,207,159,True
38,21,48,207,159,True
39,19,48,207,159,True
40,25,48,207,159,True
41,18,48,207,159,True
44,17,48,207,159,True
45,23,48,207,159,True
47,29,48,207,159,True
49,25,48,207,159,True
56,24,48,206,158,True
61,24,48,206,158,True
62,17,48,110,62,True
63,22,48,206,158,True
64,17,48,206,158,True
65,15,48,206,158,True
66,19,48,110,62,True
76,21,48,206,158,True
79,18,48,206,158,True
80,24,48,206,158,True
81,23,48,206,158,True
82,27,48,206,158,True
85,18,48,206,158,True
88,18,48,206,158,True
89,21,48,206,158,True
90,18,48,206,158,True
93,25,48,206,158,True
97,19,48,206,158,True
98,22,48,206,158,True
99,20,48,206,158,True
5,22,49,207,158,True
7,19,49,207,158,True
8,19,49,207,158,True
9,17,49,207,158,True
11,22,49,207,158,True
13,18,49,207,158,True
14,24,49,207,158,True
16,24,49,207,158,True
17,14,49,207,158,True
21,21,49,207,158,True
24,19,49,207,158,True
26,16,49,207,158,True
29,17,49,207,158,True
31,21,49,207,158,True
33,22,49,207,158,True
36,18,49,207,158,True
37,21,49,207,158,True
39,20,49,207,158,True
42,22,49,207,158,True
43,22,49,207,158,True
44,18,49,207,158,True
47,30,49,207,158,True
50,25,49,206,157,True
54,20,49,206,157,True
55,18,49,206,157,True
58,26,49,206,157,True
59,18,49,206,157,True
62,18,49,110,61,True
63,23,49,206,157,True
65,16,49,206,157,True
66,20,49,110,61,True
67,19,49,206,157,True
68,22,49,206,157,True
69,16,49,206,157,True
70,23,49,206,157,True
74,14,49,206,157,True
77,21,49,206,157,True
78,16,49,206,157,True
80,25,49,206,157,True
81,24,49,206,157,True
82,28,49,206,157,True
83,20,49,206,157,True
86,20,49,206,157,True
88,19,49,206,157,True
89,22,49,206,157,True
92,19,49,206,157,True
93,26,49,206,157,True
97,20,49,206,157,True
99,21,49,206,157,True
2,27,50,207,157,True
5,23,50,207,157,True
8,20,50,207,157,True
9,18,50,207,157,True
10,18,50,207,157,True
12,15,50,207,157,True
14,25,50,207,157,True
15,17,50,207,157,True
17,15,50,207,157,True
18,20,50,207,157,True
20,21,50,207,157,True
22,19,50,207,157,True
24,20,50,207,157,True
25,20,50,207,157,True
30,22,50,207,157,True
31,22,50,207,157,True
35,18,50,207,157,True
36,19,50,207,157,True
38,22,50,207,157,True
40,26,50,207,157,True
41,19,50,207,157,True
45,24,50,207,157,True
48,23,50,207,157,True
49,26,50,207,157,True
50,26,50,206,156,True
56,25,50,206,156,True
60,22,50,206,156,True
65,17,50,206,156,True
69,17,50,206,156,True
70,24,50,206,156,True
71,19,50,206,156,True
73,21,50,110,60,True
75,16,50,206,156,True
80,26,50,206,156,True
81,25,50,206,156,True
83,21,50,206,156,True
84,17,50,206,156,True
88,20,50,206,156,True
89,23,50,206,156,True
91,18,50,206,156,True
92,20,50,206,156,True
94,25,50,206,156,True
96,19,50,206,156,True
3,21,51,207,156,True
4,16,51,207,156,True
7,20,51,207,156,True
9,19,51,207,156,True
10,19,51,207,156,True
12,16,51,207,156,True
20,22,51,207,156,True
23,24,51,207,156,True
24,21,51,207,156,True
32,17,51,207,156,True
33,23,51,207,156,True
36,20,51,207,156,True
38,23,51,207,156,True
43,23,51,207,156,True
45,25,51,207,156,True
46,18,51,207,156,True
48,24,51,207,156,True
51,13,51,206,155,True
54,21,51,206,155,True
58,27,51,206,155,True
59,19,51,206,155,True
60,23,51,206,155,True
61,25,51,206,155,True
62,19,51,110,59,True
63,24,51,206,155,True
65,18,51,206,155,True
66,21,51,110,59,True
67,20,51,206,155,True
69,18,51,206,155,True
70,25,51,206,155,True
75,17,51,206,155,True
77,22,51,206,155,True
78,17,51,206,155,True
81,26,51,206,155,True
82,29,51,206,155,True
85,19,51,206,155,True
86,21,51,206,155,True
87,16,51,206,155,True
88,21,51,206,155,True
90,19,51,206,155,True
93,27,51,206,155,True
94,26,51,206,155,True
97,21,51,206,155,True
2,28,52,207,155,True
6,21,52,207,155,True
8,21,52,207,155,True
9,20,52,207,155,True
10,20,52,207,155,True
13,19,52,207,155,True
14,26,52,207,155,True
16,25,52,207,155,True
18,21,52,207,155,True
20,23,52,207,155,True
23,25,52,207,155,True
25,21,52,207,155,True
26,17,52,207,155,True
27,24,52,207,155,True
29,18,52,207,155,True
31,23,52,207,155,True
33,24,52,207,155,True
34,18,52,207,155,True
40,27,52,207,155,True
42,23,52,207,155,True
43,24,52,207,155,True
45,26,52,207,155,True
47,31,52,207,155,True
51,14,52,206,154,True
52,14,52,206,154,True
57,24,52,206,154,True
58,28,52,206,154,True
59,20,52,206,154,True
63,25,52,206,154,True
65,19,52,206,154,True
70,26,52,206,154,True
78,18,52,206,154,True
79,19,52,206,154,True
81,27,52,206,154,True
82,30,52,206,154,True
83,22,52,206,154,True
84,18,52,206,154,True
90,20,52,206,154,True
91,19,52,206,154,True
97,22,52,206,154,True
98,23,52,206,154,True
99,22,52,206,154,True
0,25,53,207,154,True
5,24,53,207,154,True
8,22,53,207,154,True
9,21,53,207,154,True
10,21,53,207,154,True
11,23,53,207,154,True
12,17,53,207,154,True
14,27,53,207,154,True
17,16,53,207,154,True
18,22,53,207,154,True
19,19,53,207,154,True
23,26,53,207,154,True
27,25,53,207,154,True
28,21,53,207,154,True
30,23,53,207,154,True
35,19,53,207,154,True
37,22,53,207,154,True
38,24,53,207,154,True
41,20,53,207,154,True
42,24,53,207,154,True
43,25,53,207,154,True
45,27,53,207,154,True
46,19,53,207,154,True
48,25,53,207,154,True
52,15,53,206,153,True
53,22,53,206,153,True
57,25,53,206,153,True
58,29,53,206,153,True
59,21,53,206,153,True
63,26,53,206,153,True
66,22,53,206,153,True
68,23,53,206,153,True
70,27,53,206,153,True
71,20,53,206,153,True
73,22,53,110,57,True
74,15,53,206,153,True
83,23,53,206,153,True
89,24,53,206,153,True
90,21,53,206,153,True
93,28,53,206,153,True
96,20,53,206,153,True
97,23,53,206,153,True
98,24,53,206,153,True
2,29,54,207,153,True
4,17,54,207,153,True
7,21,54,207,153,True
8,23,54,207,153,True
9,22,54,207,153,True
12,18,54,207,153,True
13,20,54,207,153,True
18,23,54,207,153,True
19,20,54,207,153,True
20,24,54,207,153,True
25,22,54,207,153,True
26,18,54,207,153,True
32,18,54,207,153,True
35,20,54,207,153,True
36,21,54,207,153,True
40,28,54,207,153,True
43,26,54,207,153,True
45,28,54,207,153,True
47,32,54,207,153,True
51,15,54,206,152,True
54,22,54,206,152,True
55,19,54,206,152,True
56,26,54,206,152,True
59,22,54,206,152,True
62,20,54,110,56,True
64,18,54,206,152,True
65,20,54,206,152,True
67,21,54,206,152,True
69,19,54,206,152,True
70,28,54,206,152,True
72,15,54,206,152,True
73,23,54,110,56,True
77,23,54,206,152,True
80,27,54,206,152,True
82,31,54,206,152,True
83,24,54,206,152,True
84,19,54,206,152,True
85,20,54,206,152,True
87,17,54,206,152,True
88,22,54,206,152,True
89,25,54,206,152,True
92,21,54,206,152,True
95,24,54,206,152,True
98,25,54,206,152,True
2,30,55,207,152,True
3,22,55,207,152,True
5,25,55,207,152,True
6,22,55,207,152,True
9,23,55,207,152,True
13,21,55,207,152,True
16,26,55,207,152,True
18,24,55,207,152,True
19,21,55,207,152,True
20,25,55,207,152,True
29,19,55,207,152,True
30,24,55,207,152,True
31,24,55,207,152,True
33,25,55,207,152,True
34,19,55,207,152,True
35,21,55,207,152,True
36,22,55,207,152,True
37,23,55,207,152,True
41,21,55,207,152,True
43,27,55,207,152,True
51,16,55,206,151,True
52,16,55,206,151,True
56,27,55,206,151,True
58,30,55,206,151,True
60,24,55,206,151,True
66,23,55,206,151,True
71,21,55,206,151,True
77,24,55,206,151,True
78,19,55,206,151,True
79,20,55,206,151,True
80,28,55,206,151,True
81,28,55,206,151,True
83,25,55,206,151,True
85,21,55,206,151,True
87,18,55,206,151,True
88,23,55,206,151,True
90,22,55,206,151,True
94,27,55,206,151,True
95,25,55,206,151,True
96,21,55,206,151,True
97,24,55,206,151,True
98,26,55,206,151,True
99,23,55,206,151,True
1,20,56,207,151,True
4,18,56,207,151,True
6,23,56,207,151,True
8,24,56,207,151,True
9,24,56,207,151,True
10,22,56,207,151,True
11,24,56,207,151,True
14,28,56,207,151,True
16,27,56,207,151,True
19,22,56,207,151,True
25,23,56,207,151,True
26,19,56,207,151,True
30,25,56,207,151,True
34,20,56,207,151,True
35,22,56,207,151,True
36,23,56,207,151,True
41,22,56,207,151,True
43,28,56,207,151,True
45,29,56,207,151,True
46,20,56,207,151,True
49,27,56,207,151,True
52,17,56,206,150,True
54,23,56,206,150,True
58,31,56,206,150,True
61,26,56,206,150,True
62,21,56,110,54,True
64,19,56,206,150,True
66,24,56,206,150,True
74,16,56,206,150,True
75,18,56,206,150,True
82,32,56,206,150,True
83,26,56,206,150,True
94,28,56,206,150,True
95,26,56,206,150,True
96,22,56,206,150,True
97,25,56,206,150,True
3,23,57,207,150,True
5,26,57,207,150,True
8,25,57,207,150,True
15,18,57,207,150,True
21,22,57,207,150,True
22,20,57,207,150,True
24,22,57,207,150,True
27,26,57,207,150,True
28,22,57,207,150,True
29,20,57,207,150,True
34,21,57,207,150,True
37,24,57,207,150,True
39,21,57,207,150,True
40,29,57,207,150,True
41,23,57,207,150,True
42,25,57,207,150,True
44,19,57,207,150,True
45,30,57,207,150,True
46,21,57,207,150,True
47,33,57,207,150,True
48,26,57,207,150,True
54,24,57,206,149,True
60,25,57,206,149,True
62,22,57,110,53,True
66,25,57,206,149,True
67,22,57,206,149,True
69,20,57,206,149,True
70,29,57,206,149,True
72,16,57,206,149,True
74,17,57,206,149,True
75,19,57,206,149,True
76,22,57,206,149,True
80,29,57,206,149,True
82,33,57,206,149,True
83,27,57,206,149,True
96,23,57,206,149,True
98,27,57,206,149,True
1,21,58,207,149,True
2,31,58,207,149,True
3,24,58,207,149,True
4,19,58,207,149,True
5,27,58,207,149,True
6,24,58,207,149,True
8,26,58,207,149,True
14,29,58,207,149,True
15,19,58,207,149,True
16,28,58,207,149,True
18,25,58,207,149,True
20,26,58,207,149,True
24,23,58,207,149,True
25,24,58,207,149,True
28,23,58,207,149,True
32,19,58,207,149,True
33,26,58,207,149,True
34,22,58,207,149,True
35,23,58,207,149,True
38,25,58,207,149,True
40,30,58,207,149,True
42,26,58,207,149,True
43,29,58,207,149,True
47,34,58,207,149,True
52,18,58,206,148,True
55,20,58,206,148,True
57,26,58,206,148,True
59,23,58,206,148,True
60,26,58,206,148,True
61,27,58,206,148,True
63,27,58,206,148,True
67,23,58,206,148,True
69,21,58,206,148,True
71,22,58,206,148,True
74,18,58,206,148,True
75,20,58,206,148,True
76,23,58,206,148,True
77,25,58,206,148,True
78,20,58,206,148,True
80,30,58,206,148,True
84,20,58,206,148,True
86,22,58,206,148,True
87,19,58,206,148,True
90,23,58,206,148,True
93,29,58,206,148,True
95,27,58,206,148,True
99,24,58,206,148,True
1,22,59,207,148,True
2,32,59,207,148,True
3,25,59,207,148,True
6,25,59,207,148,True
7,22,59,207,148,True
10,23,59,207,148,True
11,25,59,207,148,True
14,30,59,207,148,True
16,29,59,207,148,True
17,17,59,207,148,True
19,23,59,207,148,True
22,21,59,207,148,True
25,25,59,207,148,True
26,20,59,207,148,True
27,27,59,207,148,True
28,24,59,207,148,True
37,25,59,207,148,True
39,22,59,207,148,True
42,27,59,207,148,True
43,30,59,207,148,True
44,20,59,207,148,True
52,19,59,206,147,True
53,23,59,206,147,True
54,25,59,206,147,True
59,24,59,206,147,True
60,27,59,206,147,True
61,28,59,206,147,True
63,28,59,206,147,True
65,21,59,206,147,True
66,26,59,206,147,True
67,24,59,206,147,True
71,23,59,206,147,True
72,17,59,206,147,True
73,24,59,206,147,True
77,26,59,206,147,True
78,21,59,206,147,True
79,21,59,206,147,True
85,22,59,206,147,True
86,23,59,206,147,True
92,22,59,206,147,True
93,30,59,206,147,True
96,24,59,206,147,True
0,26,60,207,147,True
1,23,60,207,147,True
2,33,60,207,147,True
7,23,60,207,147,True
8,27,60,207,147,True
12,19,60,207,147,True
13,22,60,207,147,True
18,26,60,207,147,True
19,24,60,207,147,True
22,22,60,207,147,True
24,24,60,207,147,True
27,28,60,207,147,True
28,25,60,207,147,True
30,26,60,207,147,True
36,24,60,207,147,True
43,31,60,207,147,True
46,22,60,207,147,True
47,35,60,207,147,True
49,28,60,207,147,True
51,17,60,206,146,True
54,26,60,206,146,True
56,28,60,206,146,True
57,27,60,206,146,True
58,32,60,206,146,True
61,29,60,206,146,True
62,23,60,206,146,True
63,29,60,206,146,True
65,22,60,206,146,True
73,25,60,206,146,True
74,19,60,206,146,True
75,21,60,206,146,True
76,24,60,206,146,True
79,22,60,206,146,True
86,24,60,206,146,True
90,24,60,206,146,True
91,20,60,206,146,True
93,31,60,206,146,True
95,28,60,206,146,True
96,25,60,206,146,True
99,25,60,206,146,True
0,27,61,207,146,True
5,28,61,207,146,True
8,28,61,207,146,True
9,25,61,207,146,True
11,26,61,207,146,True
12,20,61,207,146,True
14,31,61,207,146,True
16,30,61,207,146,True
19,25,61,207,146,True
20,27,61,207,146,True
23,27,61,207,146,True
24,25,61,207,146,True
26,21,61,207,146,True
32,20,61,207,146,True
33,27,61,207,146,True
34,23,61,207,146,True
37,26,61,207,146,True
39,23,61,207,146,True
40,31,61,207,146,True
41,24,61,207,146,True
42,28,61,207,146,True
43,32,61,207,146,True
48,27,61,207,146,True
55,21,61,206,145,True
56,29,61,206,145,True
58,33,61,206,145,True
63,30,61,206,145,True
65,23,61,206,145,True
68,24,61,206,145,True
70,30,61,206,145,True
71,24,61,206,145,True
73,26,61,206,145,True
75,22,61,206,145,True
76,25,61,206,145,True
77,27,61,206,145,True
78,22,61,206,145,True
82,34,61,206,145,True
85,23,61,206,145,True
87,20,61,206,145,True
92,23,61,206,145,True
93,32,61,206,145,True
94,29,61,206,145,True
95,29,61,206,145,True
97,26,61,206,145,True
1,24,62,207,145,True
5,29,62,207,145,True
10,24,62,207,145,True
14,32,62,207,145,True
15,20,62,207,145,True
16,31,62,207,145,True
17,18,62,207,145,True
19,26,62,207,145,True
20,28,62,207,145,True
23,28,62,207,145,True
32,21,62,207,145,True
37,27,62,207,145,True
38,26,62,207,145,True
40,32,62,207,145,True
46,23,62,207,145,True
47,36,62,207,145,True
48,28,62,207,145,True
49,29,62,207,145,True
53,24,62,206,144,True
54,27,62,206,144,True
56,30,62,206,144,True
57,28,62,206,144,True
59,25,62,206,144,True
65,24,62,206,144,True
69,22,62,206,144,True
70,31,62,206,144,True
71,25,62,206,144,True
73,27,62,206,144,True
75,23,62,206,144,True
78,23,62,206,144,True
81,29,62,206,144,True
88,24,62,206,144,True
89,26,62,206,144,True
95,30,62,206,144,True
1,25,63,207,144,True
3,26,63,207,144,True
7,24,63,207,144,True
11,27,63,207,144,True
13,23,63,207,144,True
15,21,63,207,144,True
16,32,63,207,144,True
17,19,63,207,144,True
19,27,63,207,144,True
22,23,63,207,144,True
23,29,63,207,144,True
24,26,63,207,144,True
25,26,63,207,144,True
27,29,63,207,144,True
28,26,63,207,144,True
31,25,63,207,144,True
32,22,63,207,144,True
33,28,63,207,144,True
34,24,63,207,144,True
35,24,63,207,144,True
40,33,63,207,144,True
42,29,63,207,144,True
43,33,63,207,144,True
48,29,63,207,144,True
49,30,63,207,144,True
53,25,63,206,143,True
56,31,63,206,143,True
58,34,63,206,143,True
60,28,63,206,143,True
61,30,63,206,143,True
62,24,63,206,143,True
64,20,63,206,143,True
66,27,63,206,143,True
67,25,63,206,143,True
68,25,63,206,143,True
70,32,63,206,143,True
73,28,63,206,143,True
77,28,63,206,143,True
88,25,63,206,143,True
90,25,63,206,143,True
91,21,63,206,143,True
96,26,63,206,143,True
98,28,63,206,143,True
0,28,64,207,143,True
3,27,64,207,143,True
4,20,64,207,143,True
9,26,64,207,143,True
13,24,64,207,143,True
19,28,64,207,143,True
26,22,64,207,143,True
27,30,64,207,143,True
30,27,64,207,143,True
33,29,64,207,143,True
40,34,64,207,143,True
49,31,64,207,143,True
50,27,64,206,142,True
51,18,64,206,142,True
53,26,64,206,142,True
54,28,64,206,142,True
55,22,64,206,142,True
56,32,64,206,142,True
60,29,64,206,142,True
61,31,64,206,142,True
62,25,64,206,142,True
63,31,64,206,142,True
64,21,64,206,142,True
67,26,64,206,142,True
68,26,64,206,142,True
69,23,64,206,142,True
70,33,64,206,142,True
72,18,64,206,142,True
73,29,64,206,142,True
74,20,64,206,142,True
75,24,64,206,142,True
81,30,64,206,142,True
82,35,64,206,142,True
83,28,64,206,142,True
85,24,64,206,142,True
88,26,64,206,142,True
90,26,64,206,142,True
96,27,64,206,142,True
98,29,64,206,142,True
99,26,64,206,142,True
3,28,65,207,142,True
6,26,65,207,142,True
10,25,65,207,142,True
11,28,65,207,142,True
14,33,65,207,142,True
15,22,65,207,142,True
16,33,65,207,142,True
17,20,65,207,142,True
20,29,65,207,142,True
22,24,65,207,142,True
26,23,65,207,142,True
27,31,65,207,142,True
29,21,65,207,142,True
30,28,65,207,142,True
31,26,65,207,142,True
32,23,65,207,142,True
35,25,65,207,142,True
39,24,65,207,142,True
40,35,65,207,142,True
43,34,65,207,142,True
46,24,65,207,142,True
48,30,65,207,142,True
50,28,65,206,141,True
52,20,65,206,141,True
56,33,65,206,141,True
57,29,65,206,141,True
58,35,65,206,141,True
60,30,65,206,141,True
62,26,65,206,141,True
64,22,65,206,141,True
65,25,65,206,141,True
66,28,65,206,141,True
70,34,65,206,141,True
71,26,65,206,141,True
73,30,65,206,141,True
76,26,65,206,141,True
83,29,65,206,141,True
88,27,65,206,141,True
94,30,65,206,141,True
97,27,65,206,141,True
98,30,65,206,141,True
0,29,66,207,141,True
4,21,66,207,141,True
7,25,66,207,141,True
9,27,66,207,141,True
10,26,66,207,141,True
14,34,66,207,141,True
15,23,66,207,141,True
23,30,66,207,141,True
25,27,66,207,141,True
26,24,66,207,141,True
29,22,66,207,141,True
31,27,66,207,141,True
32,24,66,207,141,True
33,30,66,207,141,True
34,25,66,207,141,True
37,28,66,207,141,True
38,27,66,207,141,True
39,25,66,207,141,True
43,35,66,207,141,True
46,25,66,207,141,True
49,32,66,207,141,True
50,29,66,206,140,True
56,34,66,206,140,True
59,26,66,206,140,True
62,27,66,206,140,True
65,26,66,206,140,True
67,27,66,206,140,True
73,31,66,206,140,True
76,27,66,206,140,True
78,24,66,206,140,True
79,23,66,206,140,True
81,31,66,206,140,True
82,36,66,206,140,True
86,25,66,206,140,True
87,21,66,206,140,True
88,28,66,206,140,True
90,27,66,206,140,True
95,31,66,206,140,True
97,28,66,206,140,True
2,34,67,207,140,True
9,28,67,207,140,True
11,29,67,207,140,True
21,23,67,207,140,True
23,31,67,207,140,True
25,28,67,207,140,True
26,25,67,207,140,True
27,32,67,207,140,True
28,27,67,207,140,True
32,25,67,207,140,True
36,25,67,207,140,True
38,28,67,207,140,True
43,36,67,207,140,True
45,31,67,207,140,True
52,21,67,206,139,True
58,36,67,206,139,True
59,27,67,206,139,True
61,32,67,206,139,True
65,27,67,206,139,True
66,29,67,206,139,True
67,28,67,206,139,True
70,35,67,206,139,True
72,19,67,206,139,True
75,25,67,206,139,True
79,24,67,206,139,True
80,31,67,206,139,True
81,32,67,206,139,True
83,30,67,206,139,True
84,21,67,206,139,True
87,22,67,206,139,True
93,33,67,206,139,True
94,31,67,206,139,True
99,27,67,206,139,True
0,30,68,207,139,True
1,26,68,207,139,True
2,35,68,207,139,True
3,29,68,207,139,True
7,26,68,207,139,True
9,29,68,207,139,True
10,27,68,207,139,True
13,25,68,207,139,True
15,24,68,207,139,True
20,30,68,207,139,True
21,24,68,207,139,True
22,25,68,207,139,True
24,27,68,207,139,True
26,26,68,207,139,True
27,33,68,207,139,True
29,23,68,207,139,True
30,29,68,207,139,True
31,28,68,207,139,True
34,26,68,207,139,True
35,26,68,207,139,True
39,26,68,207,139,True
40,36,68,207,139,True
45,32,68,207,139,True
46,26,68,207,139,True
47,37,68,207,139,True
49,33,68,207,139,True
50,30,68,206,138,True
51,19,68,206,138,True
61,33,68,206,138,True
64,23,68,206,138,True
67,29,68,206,138,True
74,21,68,206,138,True
75,26,68,206,138,True
76,28,68,206,138,True
81,33,68,206,138,True
82,37,68,206,138,True
83,31,68,206,138,True
86,26,68,206,138,True
87,23,68,206,138,True
94,32,68,206,138,True
95,32,68,206,138,True
97,29,68,206,138,True
98,31,68,206,138,True
0,31,69,207,138,True
1,27,69,207,138,True
6,27,69,207,138,True
8,29,69,207,138,True
10,28,69,207,138,True
18,27,69,207,138,True
20,31,69,207,138,True
23,32,69,207,138,True
25,29,69,207,138,True
26,27,69,207,138,True
29,24,69,207,138,True
30,30,69,207,138,True
33,31,69,207,138,True
36,26,69,207,138,True
38,29,69,207,138,True
39,27,69,207,138,True
41,25,69,207,138,True
43,37,69,207,138,True
44,21,69,207,138,True
48,31,69,207,138,True
49,34,69,207,138,True
52,22,69,206,137,True
53,27,69,206,137,True
55,23,69,206,137,True
56,35,69,206,137,True
59,28,69,206,137,True
61,34,69,206,137,True
63,32,69,206,137,True
65,28,69,206,137,True
70,36,69,206,137,True
71,27,69,206,137,True
72,20,69,206,137,True
83,32,69,206,137,True
84,22,69,206,137,True
85,25,69,206,137,True
86,27,69,206,137,True
88,29,69,206,137,True
89,27,69,206,137,True
90,28,69,206,137,True
92,24,69,206,137,True
93,34,69,206,137,True
95,33,69,206,137,True
98,32,69,206,137,True
2,36,70,207,137,True
3,30,70,207,137,True
4,22,70,207,137,True
8,30,70,207,137,True
13,26,70,207,137,True
15,25,70,207,137,True
16,34,70,207,137,True
18,28,70,207,137,True
19,29,70,207,137,True
20,32,70,207,137,True
22,26,70,207,137,True
25,30,70,207,137,True
27,34,70,207,137,True
30,31,70,207,137,True
31,29,70,207,137,True
34,27,70,207,137,True
35,27,70,207,137,True
36,27,70,207,137,True
37,29,70,207,137,True
40,37,70,207,137,True
42,30,70,207,137,True
46,27,70,207,137,True
47,38,70,207,137,True
50,31,70,206,136,True
56,36,70,206,136,True
57,30,70,206,136,True
59,29,70,206,136,True
61,35,70,206,136,True
65,29,70,206,136,True
67,30,70,206,136,True
69,24,70,206,136,True
70,37,70,206,136,True
71,28,70,206,136,True
76,29,70,206,136,True
77,29,70,206,136,True
78,25,70,206,136,True
79,25,70,206,136,True
80,32,70,206,136,True
85,26,70,206,136,True
89,28,70,206,136,True
93,35,70,206,136,True
94,33,70,206,136,True
95,34,70,206,136,True
96,28,70,206,136,True
98,33,70,206,136,True
99,28,70,206,136,True
2,37,71,207,136,True
7,27,71,207,136,True
9,30,71,207,136,True
12,21,71,207,136,True
15,26,71,207,136,True
20,33,71,207,136,True
21,25,71,207,136,True
23,33,71,207,136,True
25,31,71,207,136,True
36,28,71,207,136,True
41,26,71,207,136,True
43,38,71,207,136,True
44,22,71,207,136,True
45,33,71,207,136,True
46,28,71,207,136,True
52,23,71,206,135,True
54,29,71,206,135,True
57,31,71,206,135,True
59,30,71,206,135,True
66,30,71,206,135,True
70,38,71,206,135,True
72,21,71,206,135,True
73,32,71,206,135,True
75,27,71,206,135,True
77,30,71,206,135,True
79,26,71,206,135,True
82,38,71,206,135,True
83,33,71,206,135,True
87,24,71,206,135,True
92,25,71,206,135,True
93,36,71,206,135,True
94,34,71,206,135,True
96,29,71,206,135,True
6,28,72,207,135,True
7,28,72,207,135,True
10,29,72,207,135,True
12,22,72,207,135,True
13,27,72,207,135,True
14,35,72,207,135,True
15,27,72,207,135,True
16,35,72,207,135,True
20,34,72,207,135,True
21,26,72,207,135,True
22,27,72,207,135,True
23,34,72,207,135,True
30,32,72,207,135,True
32,26,72,207,135,True
38,30,72,207,135,True
42,31,72,207,135,True
43,39,72,207,135,True
51,20,72,206,134,True
52,24,72,206,134,True
55,24,72,206,134,True
58,37,72,206,134,True
59,31,72,206,134,True
60,31,72,206,134,True
64,24,72,206,134,True
67,31,72,206,134,True
73,33,72,206,134,True
76,30,72,206,134,True
83,34,72,206,134,True
84,23,72,206,134,True
91,22,72,206,134,True
92,26,72,206,134,True
93,37,72,206,134,True
98,34,72,206,134,True
99,29,72,206,134,True
1,28,73,207,134,True
2,38,73,207,134,True
3,31,73,207,134,True
4,23,73,207,134,True
9,31,73,207,134,True
10,30,73,207,134,True
14,36,73,207,134,True
15,28,73,207,134,True
16,36,73,207,134,True
24,28,73,207,134,True
29,25,73,207,134,True
30,33,73,207,134,True
31,30,73,207,134,True
34,28,73,207,134,True
39,28,73,207,134,True
41,27,73,207,134,True
43,40,73,207,134,True
45,34,73,207,134,True
47,39,73,207,134,True
52,25,73,206,133,True
53,28,73,206,133,True
54,30,73,206,133,True
57,32,73,206,133,True
58,38,73,206,133,True
60,32,73,206,133,True
61,36,73,206,133,True
62,28,73,208,135,True
63,33,73,206,133,True
64,25,73,206,133,True
66,31,73,206,133,True
67,32,73,206,133,True
71,29,73,206,133,True
77,31,73,206,133,True
79,27,73,206,133,True
83,35,73,206,133,True
86,28,73,206,133,True
88,30,73,206,133,True
93,38,73,206,133,True
95,35,73,206,133,True
96,30,73,206,133,True
97,30,73,206,133,True
0,32,74,207,133,True
3,32,74,207,133,True
5,30,74,207,133,True
6,29,74,207,133,True
8,31,74,207,133,True
11,30,74,207,133,True
13,28,74,207,133,True
18,29,74,207,133,True
19,30,74,207,133,True
21,27,74,207,133,True
22,28,74,207,133,True
24,29,74,207,133,True
25,32,74,207,133,True
26,28,74,207,133,True
30,34,74,207,133,True
38,31,74,207,133,True
39,29,74,207,133,True
40,38,74,207,133,True
41,28,74,207,133,True
45,35,74,207,133,True
46,29,74,207,133,True
53,29,74,206,132,True
59,32,74,206,132,True
60,33,74,206,132,True
64,26,74,206,132,True
65,30,74,206,132,True
69,25,74,206,132,True
70,39,74,206,132,True
72,22,74,206,132,True
73,34,74,206,132,True
74,22,74,206,132,True
75,28,74,206,132,True
76,31,74,206,132,True
78,26,74,206,132,True
79,28,74,206,132,True
81,34,74,206,132,True
82,39,74,206,132,True
83,36,74,206,132,True
86,29,74,206,132,True
88,31,74,206,132,True
89,29,74,206,132,True
92,27,74,206,132,True
93,39,74,206,132,True
94,35,74,206,132,True
98,35,74,206,132,True
99,30,74,206,132,True
1,29,75,207,132,True
5,31,75,207,132,True
6,30,75,207,132,True
12,23,75,207,132,True
15,29,75,207,132,True
17,21,75,207,132,True
23,35,75,207,132,True
24,30,75,207,132,True
26,29,75,207,132,True
27,35,75,243,168,True
30,35,75,207,132,True
31,31,75,207,132,True
32,27,75,207,132,True
33,32,75,207,132,True
35,28,75,207,132,True
36,29,75,207,132,True
39,30,75,207,132,True
40,39,75,207,132,True
41,29,75,207,132,True
44,23,75,207,132,True
46,30,75,207,132,True
47,40,75,207,132,True
48,32,75,207,132,True
51,21,75,206,131,True
54,31,75,206,131,True
57,33,75,206,131,True
58,39,75,206,131,True
67,33,75,206,131,True
68,27,75,206,131,True
71,30,75,206,131,True
72,23,75,206,131,True
75,29,75,206,131,True
76,32,75,206,131,True
82,40,75,206,131,True
86,30,75,206,131,True
87,25,75,206,131,True
93,40,75,206,131,True
97,31,75,206,131,True
98,36,75,206,131,True
5,32,76,207,131,True
6,31,76,207,131,True
8,32,76,207,131,True
9,32,76,243,167,True
12,24,76,207,131,True
14,37,76,207,131,True
15,30,76,207,131,True
16,37,76,207,131,True
18,30,76,207,131,True
19,31,76,207,131,True
20,35,76,207,131,True
21,28,76,207,131,True
22,29,76,207,131,True
24,31,76,207,131,True
27,36,76,243,167,True
34,29,76,207,131,True
35,29,76,207,131,True
42,32,76,207,131,True
43,41,76,207,131,True
44,24,76,207,131,True
45,36,76,207,131,True
52,26,76,206,130,True
55,25,76,206,130,True
56,37,76,206,130,True
57,34,76,206,130,True
60,34,76,206,130,True
61,37,76,206,130,True
63,34,76,206,130,True
65,31,76,206,130,True
66,32,76,206,130,True
67,34,76,206,130,True
69,26,76,206,130,True
74,23,76,206,130,True
75,30,76,206,130,True
78,27,76,206,130,True
79,29,76,206,130,True
84,24,76,206,130,True
89,30,76,206,130,True
90,29,76,206,130,True
91,23,76,206,130,True
93,41,76,206,130,True
94,36,76,206,130,True
95,36,76,206,130,True
96,31,76,206,130,True
0,33,77,207,130,True
3,33,77,207,130,True
4,24,77,207,130,True
5,33,77,207,130,True
11,31,77,207,130,True
12,25,77,207,130,True
14,38,77,207,130,True
15,31,77,207,130,True
18,31,77,207,130,True
21,29,77,207,130,True
22,30,77,207,130,True
23,36,77,207,130,True
26,30,77,207,130,True
31,32,77,207,130,True
34,30,77,207,130,True
36,30,77,207,130,True
38,32,77,207,130,True
42,33,77,207,130,True
44,25,77,207,130,True
45,37,77,207,130,True
47,41,77,207,130,True
49,35,77,207,130,True
52,27,77,206,129,True
55,26,77,206,129,True
56,38,77,206,129,True
58,40,77,206,129,True
61,38,77,206,129,True
62,29,77,208,131,True
64,27,77,206,129,True
65,32,77,206,129,True
69,27,77,206,129,True
74,24,77,206,129,True
76,33,77,206,129,True
82,41,77,206,129,True
84,25,77,206,129,True
85,27,77,206,129,True
87,26,77,206,129,True
91,24,77,206,129,True
94,37,77,206,129,True
95,37,77,206,129,True
99,31,77,206,129,True
6,32,78,207,129,True
11,32,78,207,129,True
12,26,78,207,129,True
16,38,78,207,129,True
18,32,78,207,129,True
20,36,78,207,129,True
21,30,78,207,129,True
22,31,78,207,129,True
24,32,78,207,129,True
25,33,78,207,129,True
28,28,78,207,129,True
29,26,78,207,129,True
30,36,78,207,129,True
32,28,78,207,129,True
34,31,78,207,129,True
37,30,78,207,129,True
39,31,78,207,129,True
40,40,78,207,129,True
42,34,78,207,129,True
47,42,78,207,129,True
48,33,78,207,129,True
53,30,78,206,128,True
57,35,78,206,128,True
59,33,78,206,128,True
61,39,78,206,128,True
62,30,78,208,130,True
63,35,78,206,128,True
66,33,78,206,128,True
69,28,78,206,128,True
70,40,78,206,128,True
74,25,78,206,128,True
78,28,78,206,128,True
79,30,78,206,128,True
81,35,78,206,128,True
82,42,78,206,128,True
85,28,78,206,128,True
86,31,78,206,128,True
88,32,78,206,128,True
91,25,78,206,128,True
94,38,78,206,128,True
95,38,78,206,128,True
97,32,78,206,128,True
99,32,78,206,128,True
0,34,79,207,128,True
3,34,79,207,128,True
4,25,79,207,128,True
6,33,79,207,128,True
8,33,79,207,128,True
10,31,79,207,128,True
11,33,79,207,128,True
14,39,79,207,128,True
15,32,79,207,128,True
18,33,79,207,128,True
20,37,79,207,128,True
21,31,79,207,128,True
23,37,79,207,128,True
30,37,79,207,128,True
34,32,79,207,128,True
35,30,79,207,128,True
38,33,79,207,128,True
41,30,79,207,128,True
42,35,79,207,128,True
48,34,79,207,128,True
52,28,79,206,127,True
54,32,79,206,127,True
56,39,79,206,127,True
64,28,79,206,127,True
65,33,79,206,127,True
66,34,79,206,127,True
69,29,79,206,127,True
71,31,79,206,127,True
73,35,79,206,127,True
74,26,79,206,127,True
76,34,79,206,127,True
77,32,79,206,127,True
78,29,79,206,127,True
81,36,79,206,127,True
82,43,79,206,127,True
84,26,79,206,127,True
90,30,79,206,127,True
92,28,79,206,127,True
95,39,79,206,127,True
0,35,80,207,127,True
1,30,80,207,127,True
4,26,80,207,127,True
5,34,80,207,127,True
8,34,80,207,127,True
9,33,80,243,163,True
11,34,80,207,127,True
12,27,80,207,127,True
17,22,80,207,127,True
18,34,80,207,127,True
20,38,80,207,127,True
22,32,80,207,127,True
31,33,80,207,127,True
35,31,80,207,127,True
38,34,80,207,127,True
39,32,80,207,127,True
41,31,80,207,127,True
42,36,80,207,127,True
43,42,80,207,127,True
44,26,80,207,127,True
45,38,80,207,127,True
47,43,80,207,127,True
48,35,80,207,127,True
49,36,80,207,127,True
60,35,80,206,126,True
61,40,80,206,126,True
63,36,80,206,126,True
65,34,80,206,126,True
67,35,80,206,126,True
70,41,80,206,126,True
71,32,80,206,126,True
74,27,80,206,126,True
75,31,80,206,126,True
76,35,80,206,126,True
78,30,80,206,126,True
84,27,80,206,126,True
85,29,80,206,126,True
87,27,80,206,126,True
94,39,80,206,126,True
95,40,80,206,126,True
97,33,80,206,126,True
98,37,80,206,126,True
0,36,81,207,126,True
1,31,81,207,126,True
3,35,81,207,126,True
6,34,81,207,126,True
10,32,81,207,126,True
12,28,81,207,126,True
13,29,81,207,126,True
14,40,81,207,126,True
16,39,81,207,126,True
20,39,81,207,126,True
24,33,81,207,126,True
28,29,81,207,126,True
29,27,81,207,126,True
30,38,81,207,126,True
31,34,81,207,126,True
33,33,81,207,126,True
34,33,81,207,126,True
39,33,81,207,126,True
41,32,81,207,126,True
43,43,81,207,126,True
44,27,81,207,126,True
46,31,81,207,126,True
49,37,81,207,126,True
53,31,81,206,125,True
54,33,81,206,125,True
57,36,81,206,125,True
64,29,81,206,125,True
69,30,81,206,125,True
71,33,81,206,125,True
72,24,81,206,125,True
73,36,81,206,125,True
76,36,81,206,125,True
77,33,81,206,125,True
83,37,81,206,125,True
84,28,81,206,125,True
87,28,81,206,125,True
89,31,81,206,125,True
90,31,81,206,125,True
93,42,81,206,125,True
97,34,81,206,125,True
98,38,81,206,125,True
99,33,81,206,125,True
1,32,82,207,125,True
6,35,82,207,125,True
8,35,82,207,125,True
14,41,82,207,125,True
15,33,82,207,125,True
17,23,82,207,125,True
18,35,82,207,125,True
21,32,82,207,125,True
23,38,82,207,125,True
25,34,82,207,125,True
30,39,82,207,125,True
32,29,82,207,125,True
34,34,82,207,125,True
35,32,82,207,125,True
38,35,82,207,125,True
41,33,82,207,125,True
43,44,82,207,125,True
46,32,82,207,125,True
47,44,82,207,125,True
51,22,82,206,124,True
55,27,82,206,124,True
59,34,82,206,124,True
61,41,82,206,124,True
64,30,82,206,124,True
67,36,82,206,124,True
70,42,82,206,124,True
71,34,82,206,124,True
73,37,82,206,124,True
81,37,82,206,124,True
85,30,82,206,124,True
86,32,82,206,124,True
90,32,82,206,124,True
93,43,82,206,124,True
94,40,82,206,124,True
95,41,82,206,124,True
96,32,82,206,124,True
98,39,82,206,124,True
99,34,82,206,124,True
3,36,83,207,124,True
5,35,83,207,124,True
10,33,83,207,124,True
11,35,83,207,124,True
15,34,83,207,124,True
16,40,83,207,124,True
19,32,83,207,124,True
21,33,83,207,124,True
22,33,83,207,124,True
23,39,83,207,124,True
26,31,83,243,160,True
30,40,83,207,124,True
32,30,83,207,124,True
33,34,83,207,124,True
35,33,83,207,124,True
37,31,83,207,124,True
38,36,83,207,124,True
41,34,83,207,124,True
42,37,83,207,124,True
45,39,83,207,124,True
47,45,83,207,124,True
48,36,83,207,124,True
51,23,83,206,123,True
53,32,83,206,123,True
58,41,83,206,123,True
59,35,83,206,123,True
60,36,83,206,123,True
63,37,83,206,123,True
67,37,83,206,123,True
68,28,83,206,123,True
76,37,83,206,123,True
79,31,83,206,123,True
80,33,83,206,123,True
81,38,83,206,123,True
82,44,83,206,123,True
83,38,83,206,123,True
84,29,83,206,123,True
85,31,83,206,123,True
90,33,83,206,123,True
93,44,83,206,123,True
1,33,84,207,123,True
3,37,84,207,123,True
5,36,84,207,123,True
6,36,84,207,123,True
7,29,84,207,123,True
8,36,84,207,123,True
11,36,84,207,123,True
14,42,84,207,123,True
15,35,84,207,123,True
18,36,84,207,123,True
20,40,84,207,123,True
25,35,84,207,123,True
31,35,84,243,159,True
32,31,84,207,123,True
35,34,84,207,123,True
39,34,84,207,123,True
44,28,84,207,123,True
46,33,84,207,123,True
48,37,84,207,123,True
49,38,84,207,123,True
51,24,84,206,122,True
54,34,84,206,122,True
55,28,84,206,122,True
57,37,84,206,122,True
58,42,84,206,122,True
62,31,84,208,124,True
63,38,84,206,122,True
65,35,84,206,122,True
70,43,84,206,122,True
72,25,84,206,122,True
76,38,84,206,122,True
84,30,84,206,122,True
85,32,84,206,122,True
88,33,84,206,122,True
91,26,84,206,122,True
92,29,84,206,122,True
95,42,84,206,122,True
96,33,84,206,122,True
0,37,85,207,122,True
1,34,85,207,122,True
6,37,85,207,122,True
7,30,85,207,122,True
8,37,85,207,122,True
10,34,85,207,122,True
12,29,85,207,122,True
13,30,85,207,122,True
14,43,85,207,122,True
17,24,85,207,122,True
18,37,85,207,122,True
20,41,85,207,122,True
26,32,85,243,158,True
27,37,85,243,158,True
29,28,85,207,122,True
33,35,85,207,122,True
37,32,85,207,122,True
39,35,85,207,122,True
40,41,85,207,122,True
43,45,85,207,122,True
44,29,85,207,122,True
49,39,85,207,122,True
50,32,85,206,121,True
55,29,85,206,121,True
59,36,85,206,121,True
60,37,85,206,121,True
62,32,85,208,123,True
66,35,85,206,121,True
67,38,85,206,121,True
70,44,85,206,121,True
72,26,85,206,121,True
74,28,85,206,121,True
76,39,85,206,121,True
77,34,85,206,121,True
78,31,85,206,121,True
79,32,85,206,121,True
81,39,85,206,121,True
83,39,85,206,121,True
85,33,85,206,121,True
86,33,85,206,121,True
87,29,85,206,121,True
88,34,85,206,121,True
93,45,85,206,121,True
94,41,85,206,121,True
95,43,85,206,121,True
96,34,85,206,121,True
97,35,85,206,121,True
99,35,85,206,121,True
3,38,86,207,121,True
5,37,86,207,121,True
8,38,86,207,121,True
10,35,86,207,121,True
12,30,86,207,121,True
16,41,86,207,121,True
20,42,86,207,121,True
21,34,86,207,121,True
23,40,86,207,121,True
29,29,86,207,121,True
32,32,86,207,121,True
33,36,86,207,121,True
39,36,86,207,121,True
42,38,86,207,121,True
43,46,86,207,121,True
46,34,86,207,121,True
49,40,86,207,121,True
50,33,86,206,120,True
52,29,86,206,120,True
56,40,86,206,120,True
57,38,86,206,120,True
62,33,86,208,122,True
63,39,86,206,120,True
67,39,86,206,120,True
69,31,86,206,120,True
72,27,86,206,120,True
74,29,86,206,120,True
77,35,86,206,120,True
78,32,86,206,120,True
81,40,86,206,120,True
90,34,86,206,120,True
93,46,86,206,120,True
95,44,86,206,120,True
98,40,86,206,120,True
99,36,86,206,120,True
0,38,87,207,120,True
2,39,87,207,120,True
4,27,87,207,120,True
5,38,87,207,120,True
16,42,87,207,120,True
17,25,87,207,120,True
18,38,87,207,120,True
19,33,87,207,120,True
20,43,87,207,120,True
23,41,87,207,120,True
24,34,87,207,120,True
25,36,87,207,120,True
27,38,87,243,156,True
30,41,87,207,120,True
32,33,87,207,120,True
33,37,87,207,120,True
34,35,87,207,120,True
36,31,87,207,120,True
37,33,87,207,120,True
41,35,87,207,120,True
42,39,87,207,120,True
45,40,87,207,120,True
47,46,87,207,120,True
50,34,87,206,119,True
53,33,87,206,119,True
54,35,87,206,119,True
55,30,87,206,119,True
57,39,87,206,119,True
58,43,87,206,119,True
59,37,87,206,119,True
62,34,87,208,121,True
67,40,87,206,119,True
68,29,87,206,119,True
70,45,87,206,119,True
72,28,87,206,119,True
73,38,87,206,119,True
74,30,87,206,119,True
77,36,87,206,119,True
78,33,87,206,119,True
79,33,87,206,119,True
80,34,87,206,119,True
88,35,87,206,119,True
90,35,87,206,119,True
91,27,87,206,119,True
92,30,87,206,119,True
95,45,87,206,119,True
97,36,87,206,119,True
98,41,87,206,119,True
4,28,88,207,119,True
6,38,88,207,119,True
9,34,88,243,155,True
12,31,88,207,119,True
14,44,88,207,119,True
15,36,88,207,119,True
17,26,88,207,119,True
19,34,88,207,119,True
21,35,88,207,119,True
24,35,88,207,119,True
28,30,88,207,119,True
29,30,88,207,119,True
32,34,88,207,119,True
34,36,88,207,119,True
37,34,88,207,119,True
38,37,88,207,119,True
45,41,88,207,119,True
46,35,88,207,119,True
48,38,88,207,119,True
51,25,88,206,118,True
52,30,88,206,118,True
53,34,88,206,118,True
54,36,88,206,118,True
59,38,88,206,118,True
60,38,88,206,118,True
61,42,88,206,118,True
62,35,88,208,120,True
65,36,88,206,118,True
66,36,88,206,118,True
68,30,88,206,118,True
73,39,88,206,118,True
79,34,88,206,118,True
80,35,88,206,118,True
81,41,88,206,118,True
82,45,88,206,118,True
83,40,88,206,118,True
85,34,88,206,118,True
86,34,88,206,118,True
88,36,88,206,118,True
89,32,88,206,118,True
90,36,88,206,118,True
92,31,88,206,118,True
94,42,88,206,118,True
96,35,88,206,118,True
97,37,88,206,118,True
98,42,88,206,118,True
1,35,89,207,118,True
2,40,89,243,154,True
4,29,89,207,118,True
9,35,89,243,154,True
11,37,89,207,118,True
12,32,89,207,118,True
13,31,89,207,118,True
15,37,89,207,118,True
20,44,89,207,118,True
22,34,89,207,118,True
24,36,89,207,118,True
25,37,89,207,118,True
26,33,89,243,154,True
28,31,89,207,118,True
31,36,89,243,154,True
37,35,89,207,118,True
38,38,89,207,118,True
39,37,89,207,118,True
43,47,89,207,118,True
44,30,89,207,118,True
45,42,89,207,118,True
46,36,89,207,118,True
52,31,89,206,117,True
53,35,89,206,117,True
55,31,89,206,117,True
56,41,89,206,117,True
59,39,89,206,117,True
62,36,89,208,119,True
63,40,89,206,117,True
64,31,89,206,117,True
65,37,89,206,117,True
72,29,89,206,117,True
73,40,89,206,117,True
74,31,89,206,117,True
75,32,89,206,117,True
76,40,89,206,117,True
80,36,89,206,117,True
82,46,89,206,117,True
90,37,89,206,117,True
6,39,90,207,117,True
16,43,90,207,117,True
19,35,90,207,117,True
20,45,90,207,117,True
22,35,90,207,117,True
24,37,90,207,117,True
25,38,90,207,117,True
27,39,90,243,153,True
32,35,90,207,117,True
39,38,90,207,117,True
44,31,90,207,117,True
47,47,90,207,117,True
49,41,90,207,117,True
50,35,90,206,116,True
54,37,90,206,116,True
55,32,90,206,116,True
56,42,90,206,116,True
66,37,90,206,116,True
68,31,90,206,116,True
71,35,90,206,116,True
72,30,90,206,116,True
74,32,90,206,116,True
76,41,90,206,116,True
77,37,90,206,116,True
79,35,90,206,116,True
80,37,90,206,116,True
81,42,90,206,116,True
86,35,90,206,116,True
88,37,90,206,116,True
89,33,90,206,116,True
93,47,90,206,116,True
94,43,90,206,116,True
98,43,90,206,116,True
99,37,90,206,116,True
0,39,91,207,116,True
3,39,91,207,116,True
6,40,91,207,116,True
9,36,91,243,152,True
12,33,91,207,116,True
15,38,91,207,116,True
16,44,91,207,116,True
18,39,91,207,116,True
19,36,91,207,116,True
20,46,91,207,116,True
21,36,91,207,116,True
23,42,91,207,116,True
28,32,91,207,116,True
30,42,91,207,116,True
31,37,91,243,152,True
32,36,91,207,116,True
34,37,91,207,116,True
35,35,91,207,116,True
38,39,91,207,116,True
40,42,91,207,116,True
42,40,91,207,116,True
46,37,91,207,116,True
47,48,91,207,116,True
50,36,91,206,115,True
57,40,91,208,117,True
59,40,91,206,115,True
61,43,91,206,115,True
63,41,91,206,115,True
67,41,91,206,115,True
71,36,91,206,115,True
72,31,91,206,115,True
74,33,91,206,115,True
84,31,91,206,115,True
85,35,91,206,115,True
88,38,91,206,115,True
89,34,91,206,115,True
90,38,91,206,115,True
92,32,91,206,115,True
98,44,91,206,115,True
0,40,92,207,115,True
5,39,92,207,115,True
10,36,92,207,115,True
11,38,92,207,115,True
12,34,92,207,115,True
13,32,92,207,115,True
14,45,92,207,115,True
15,39,92,207,115,True
16,45,92,207,115,True
17,27,92,207,115,True
20,47,92,207,115,True
21,37,92,207,115,True
25,39,92,207,115,True
26,34,92,243,151,True
31,38,92,243,151,True
32,37,92,207,115,True
36,32,92,207,115,True
37,36,92,207,115,True
38,40,92,207,115,True
39,39,92,207,115,True
43,48,92,207,115,True
45,43,92,207,115,True
47,49,92,207,115,True
48,39,92,207,115,True
53,36,92,206,114,True
56,43,92,206,114,True
58,44,92,206,114,True
60,39,92,206,114,True
62,37,92,208,116,True
63,42,92,206,114,True
66,38,92,206,114,True
68,32,92,206,114,True
70,46,92,206,114,True
72,32,92,206,114,True
74,34,92,206,114,True
75,33,92,206,114,True
78,34,92,206,114,True
79,36,92,206,114,True
80,38,92,206,114,True
84,32,92,206,114,True
86,36,92,206,114,True
92,33,92,206,114,True
94,44,92,206,114,True
97,38,92,206,114,True
9,37,93,243,150,True
12,35,93,207,114,True
17,28,93,207,114,True
18,40,93,207,114,True
20,48,93,207,114,True
21,38,93,207,114,True
23,43,93,207,114,True
25,40,93,207,114,True
29,31,93,207,114,True
33,38,93,207,114,True
35,36,93,207,114,True
41,36,93,207,114,True
43,49,93,207,114,True
44,32,93,207,114,True
46,38,93,207,114,True
47,50,93,207,114,True
49,42,93,207,114,True
50,37,93,206,113,True
51,26,93,206,113,True
55,33,93,206,113,True
56,44,93,206,113,True
61,44,93,206,113,True
63,43,93,206,113,True
69,32,93,206,113,True
71,37,93,206,113,True
73,41,93,206,113,True
75,34,93,206,113,True
76,42,93,206,113,True
77,38,93,206,113,True
78,35,93,206,113,True
79,37,93,206,113,True
80,39,93,206,113,True
86,37,93,206,113,True
87,30,93,206,113,True
94,45,93,206,113,True
96,36,93,206,113,True
99,38,93,206,113,True
2,41,94,243,149,True
4,30,94,207,113,True
9,38,94,243,149,True
11,39,94,207,113,True
13,33,94,207,113,True
15,40,94,207,113,True
16,46,94,207,113,True
18,41,94,207,113,True
22,36,94,207,113,True
25,41,94,207,113,True
26,35,94,243,149,True
31,39,94,243,149,True
35,37,94,207,113,True
36,33,94,207,113,True
39,40,94,207,113,True
41,37,94,207,113,True
42,41,94,207,113,True
44,33,94,207,113,True
45,44,94,207,113,True
47,51,94,207,113,True
49,43,94,207,113,True
50,38,94,206,112,True
52,32,94,206,112,True
53,37,94,206,112,True
55,34,94,206,112,True
56,45,94,206,112,True
59,41,94,206,112,True
60,40,94,206,112,True
64,32,94,206,112,True
67,42,94,206,112,True
69,33,94,206,112,True
72,33,94,206,112,True
80,40,94,206,112,True
83,41,94,206,112,True
88,39,94,206,112,True
92,34,94,206,112,True
93,48,94,206,112,True
95,46,94,206,112,True
99,39,94,206,112,True
2,42,95,243,148,True
6,41,95,207,112,True
8,39,95,207,112,True
9,39,95,243,148,True
13,34,95,207,112,True
17,29,95,207,112,True
18,42,95,207,112,True
19,37,95,207,112,True
21,39,95,207,112,True
27,40,95,243,148,True
28,33,95,207,112,True
30,43,95,207,112,True
33,39,95,243,148,True
35,38,95,207,112,True
41,38,95,207,112,True
51,27,95,206,111,True
52,33,95,206,111,True
54,38,95,206,111,True
56,46,95,206,111,True
59,42,95,206,111,True
61,45,95,206,111,True
62,38,95,208,113,True
69,34,95,206,111,True
70,47,95,206,111,True
75,35,95,206,111,True
79,38,95,206,111,True
84,33,95,206,111,True
89,35,95,208,113,True
93,49,95,206,111,True
94,46,95,206,111,True
0,41,96,207,111,True
1,36,96,207,111,True
4,31,96,207,111,True
8,40,96,207,111,True
9,40,96,243,147,True
13,35,96,207,111,True
18,43,96,207,111,True
20,49,96,207,111,True
21,40,96,207,111,True
26,36,96,243,147,True
27,41,96,243,147,True
28,34,96,207,111,True
30,44,96,207,111,True
31,40,96,243,147,True
32,38,96,207,111,True
34,38,96,207,111,True
38,41,96,207,111,True
39,41,96,207,111,True
42,42,96,207,111,True
47,52,96,207,111,True
51,28,96,206,110,True
52,34,96,206,110,True
53,38,96,206,110,True
54,39,96,206,110,True
58,45,96,206,110,True
59,43,96,206,110,True
61,46,96,206,110,True
64,33,96,206,110,True
66,39,96,206,110,True
68,33,96,208,112,True
69,35,96,206,110,True
70,48,96,206,110,True
72,34,96,206,110,True
73,42,96,206,110,True
79,39,96,206,110,True
81,43,96,206,110,True
83,42,96,206,110,True
84,34,96,206,110,True
88,40,96,206,110,True
90,39,96,206,110,True
92,35,96,206,110,True
94,47,96,206,110,True
96,37,96,206,110,True
97,39,96,206,110,True
99,40,96,206,110,True
0,42,97,207,110,True
2,43,97,243,146,True
4,32,97,207,110,True
5,40,97,207,110,True
10,37,97,207,110,True
12,36,97,207,110,True
14,46,97,207,110,True
15,41,97,207,110,True
24,38,97,207,110,True
25,42,97,207,110,True
27,42,97,243,146,True
30,45,97,207,110,True
33,40,97,243,146,True
35,39,97,207,110,True
37,37,97,207,110,True
38,42,97,207,110,True
41,39,97,207,110,True
44,34,97,207,110,True
45,45,97,207,110,True
47,53,97,207,110,True
49,44,97,207,110,True
52,35,97,206,109,True
55,35,97,206,109,True
56,47,97,206,109,True
57,41,97,208,111,True
60,41,97,206,109,True
61,47,97,206,109,True
62,39,97,208,111,True
63,44,97,206,109,True
67,43,97,206,109,True
69,36,97,208,111,True
73,43,97,206,109,True
77,39,97,206,109,True
78,36,97,206,109,True
82,47,97,206,109,True
83,43,97,206,109,True
85,36,97,206,109,True
88,41,97,206,109,True
90,40,97,206,109,True
91,28,97,206,109,True
93,50,97,206,109,True
95,47,97,206,109,True
96,38,97,206,109,True
99,41,97,206,109,True
1,37,98,207,109,True
3,40,98,207,109,True
4,33,98,207,109,True
6,42,98,207,109,True
9,41,98,243,145,True
11,40,98,207,109,True
12,37,98,207,109,True
16,47,98,207,109,True
21,41,98,207,109,True
23,44,98,207,109,True
32,39,98,207,109,True
33,41,98,243,145,True
34,39,98,207,109,True
35,40,98,207,109,True
38,43,98,207,109,True
39,42,98,207,109,True
42,43,98,207,109,True
43,50,98,207,109,True
47,54,98,207,109,True
53,39,98,206,108,True
54,40,98,206,108,True
56,48,98,206,108,True
57,42,98,208,110,True
63,45,98,206,108,True
64,34,98,206,108,True
67,44,98,206,108,True
68,34,98,208,110,True
72,35,98,206,108,True
73,44,98,206,108,True
74,35,98,206,108,True
75,36,98,206,108,True
76,43,98,206,108,True
79,40,98,206,108,True
82,48,98,206,108,True
84,35,98,206,108,True
87,31,98,206,108,True
89,36,98,208,110,True
92,36,98,206,108,True
93,51,98,208,110,True
99,42,98,206,108,True
1,38,99,207,108,True
4,34,99,207,108,True
7,31,99,243,144,True
9,42,99,243,144,True
10,38,99,207,108,True
11,41,99,207,108,True
16,48,99,207,108,True
21,42,99,207,108,True
22,37,99,243,144,True
23,45,99,207,108,True
24,39,99,207,108,True
25,43,99,207,108,True
26,37,99,243,144,True
28,35,99,207,108,True
32,40,99,207,108,True
33,42,99,243,144,True
36,34,99,207,108,True
39,43,99,207,108,True
42,44,99,207,108,True
47,55,99,207,108,True
50,39,99,208,109,True
55,36,99,206,107,True
56,49,99,206,107,True
57,43,99,208,109,True
60,42,99,206,107,True
61,48,99,206,107,True
63,46,99,206,107,True
71,38,99,206,107,True
73,45,99,206,107,True
74,36,99,206,107,True
76,44,99,206,107,True
78,37,99,206,107,True
79,41,99,206,107,True
81,44,99,206,107,True
83,44,99,206,107,True
84,36,99,206,107,True
86,38,99,206,107,True
90,41,99,208,109,True
92,37,99,206,107,True
93,52,99,208,109,True
94,48,99,208,109,True
96,39,99,206,107,True
4,35,100,207,107,True
6,43,100,207,107,True
7,32,100,243,143,True
9,43,100,243,143,True
13,36,100,207,107,True
14,47,100,207,107,True
22,38,100,243,143,True
23,46,100,207,107,True
25,44,100,207,107,True
26,38,100,243,143,True
40,43,100,207,107,True
46,39,100,207,107,True
49,45,100,207,107,True
51,29,100,206,106,True
52,36,100,206,106,True
55,37,100,206,106,True
56,50,100,206,106,True
57,44,100,208,108,True
59,44,100,206,106,True
62,40,100,208,108,True
64,35,100,206,106,True
65,38,100,206,106,True
66,40,100,206,106,True
67,45,100,208,108,True
68,35,100,208,108,True
69,37,100,208,108,True
70,49,100,206,106,True
73,46,100,206,106,True
76,45,100,206,106,True
78,38,100,206,106,True
79,42,100,206,106,True
80,41,100,206,106,True
81,45,100,206,106,True
85,37,100,206,106,True
87,32,100,206,106,True
90,42,100,208,108,True
94,49,100,208,108,True
96,40,100,206,106,True
98,45,100,206,106,True
99,43,100,206,106,True
0,43,101,207,106,True
5,41,101,243,142,True
8,41,101,207,106,True
10,39,101,243,142,True
12,38,101,207,106,True
13,37,101,207,106,True
15,42,101,207,106,True
16,49,101,207,106,True
17,30,101,207,106,True
18,44,101,243,142,True
20,50,101,207,106,True
22,39,101,243,142,True
26,39,101,243,142,True
27,43,101,243,142,True
28,36,101,207,106,True
29,32,101,207,106,True
30,46,101,207,106,True
32,41,101,207,106,True
37,38,101,207,106,True
39,44,101,243,142,True
40,44,101,207,106,True
44,35,101,207,106,True
46,40,101,207,106,True
48,40,101,207,106,True
49,46,101,207,106,True
51,30,101,206,105,True
53,40,101,206,105,True
56,51,101,206,105,True
59,45,101,206,105,True
62,41,101,208,107,True
63,47,101,206,105,True
64,36,101,206,105,True
74,37,101,206,105,True
76,46,101,206,105,True
78,39,101,206,105,True
82,49,101,206,105,True
83,45,101,206,105,True
84,37,101,206,105,True
85,38,101,206,105,True
86,39,101,206,105,True
88,42,101,206,105,True
93,53,101,208,107,True
94,50,101,208,107,True
95,48,101,206,105,True
97,40,101,206,105,True
0,44,102,207,105,True
3,41,102,207,105,True
6,44,102,207,105,True
8,42,102,207,105,True
9,44,102,243,141,True
11,42,102,243,141,True
14,48,102,207,105,True
15,43,102,207,105,True
18,45,102,243,141,True
22,40,102,243,141,True
27,44,102,243,141,True
32,42,102,207,105,True
33,43,102,243,141,True
34,40,102,207,105,True
35,41,102,207,105,True
44,36,102,207,105,True
46,41,102,207,105,True
51,31,102,206,104,True
56,52,102,206,104,True
65,39,102,206,104,True
67,46,102,208,106,True
68,36,102,208,106,True
70,50,102,206,104,True
71,39,102,206,104,True
73,47,102,206,104,True
74,38,102,206,104,True
77,40,102,206,104,True
85,39,102,206,104,True
86,40,102,206,104,True
87,33,102,206,104,True
88,43,102,206,104,True
89,37,102,208,106,True
91,29,102,206,104,True
92,38,102,206,104,True
93,54,102,208,106,True
94,51,102,208,106,True
95,49,102,206,104,True
98,46,102,206,104,True
1,39,103,207,104,True
6,45,103,207,104,True
8,43,103,207,104,True
9,45,103,243,140,True
10,40,103,243,140,True
12,39,103,207,104,True
14,49,103,207,104,True
16,50,103,207,104,True
20,51,103,207,104,True
23,47,103,207,104,True
26,40,103,243,140,True
30,47,103,207,104,True
31,41,103,243,140,True
34,41,103,207,104,True
37,39,103,207,104,True
39,45,103,243,140,True
41,40,103,207,104,True
42,45,103,207,104,True
43,51,103,207,104,True
46,42,103,207,104,True
48,41,103,207,104,True
49,47,103,207,104,True
51,32,103,206,103,True
54,41,103,206,103,True
55,38,103,206,103,True
57,45,103,208,105,True
59,46,103,206,103,True
63,48,103,206,103,True
64,37,103,206,103,True
65,40,103,206,103,True
66,41,103,206,103,True
70,51,103,206,103,True
74,39,103,206,103,True
87,34,103,206,103,True
90,43,103,208,105,True
91,30,103,206,103,True
92,39,103,206,103,True
93,55,103,208,105,True
96,41,103,208,105,True
97,41,103,206,103,True
98,47,103,206,103,True
2,44,104,243,139,True
4,36,104,207,103,True
7,33,104,243,139,True
8,44,104,207,103,True
9,46,104,243,139,True
15,44,104,207,103,True
16,51,104,207,103,True
19,38,104,207,103,True
20,52,104,207,103,True
21,43,104,207,103,True
22,41,104,243,139,True
23,48,104,207,103,True
24,40,104,243,139,True
26,41,104,243,139,True
28,37,104,207,103,True
29,33,104,243,139,True
35,42,104,207,103,True
36,35,104,207,103,True
37,40,104,207,103,True
40,45,104,207,103,True
49,48,104,207,103,True
50,40,104,208,104,True
53,41,104,208,104,True
54,42,104,206,102,True
55,39,104,206,102,True
56,53,104,206,102,True
57,46,104,208,104,True
58,46,104,206,102,True
60,43,104,206,102,True
66,42,104,206,102,True
67,47,104,208,104,True
68,37,104,208,104,True
69,38,104,208,104,True
75,37,104,206,102,True
78,40,104,206,102,True
81,46,104,206,102,True
83,46,104,208,104,True
87,35,104,206,102,True
88,44,104,206,102,True
89,38,104,208,104,True
91,31,104,206,102,True
94,52,104,208,104,True
95,50,104,206,102,True
98,48,104,206,102,True
1,40,105,243,138,True
4,37,105,207,102,True
5,42,105,243,138,True
10,41,105,243,138,True
13,38,105,207,102,True
14,50,105,207,102,True
17,31,105,207,102,True
18,46,105,243,138,True
19,39,105,207,102,True
20,53,105,243,138,True
22,42,105,243,138,True
25,45,105,207,102,True
26,42,105,243,138,True
27,45,105,243,138,True
28,38,105,207,102,True
31,42,105,243,138,True
33,44,105,243,138,True
35,43,105,207,102,True
41,41,105,207,102,True
43,52,105,207,102,True
44,37,105,243,138,True
46,43,105,207,102,True
49,49,105,207,102,True
50,41,105,208,103,True
53,42,105,208,103,True
54,43,105,206,101,True
55,40,105,206,101,True
56,54,105,206,101,True
59,47,105,208,103,True
73,48,105,206,101,True
77,41,105,206,101,True
78,41,105,206,101,True
80,42,105,206,101,True
82,50,105,206,101,True
83,47,105,208,103,True
88,45,105,206,101,True
89,39,105,208,103,True
90,44,105,208,103,True
91,32,105,206,101,True
92,40,105,206,101,True
0,45,106,207,101,True
1,41,106,243,137,True
5,43,106,243,137,True
7,34,106,243,137,True
11,43,106,243,137,True
13,39,106,207,101,True
16,52,106,207,101,True
25,46,106,207,101,True
26,43,106,243,137,True
28,39,106,207,101,True
29,34,106,243,137,True
31,43,106,243,137,True
34,42,106,207,101,True
36,36,106,243,137,True
37,41,106,207,101,True
38,44,106,207,101,True
42,46,106,207,101,True
44,38,106,243,137,True
47,56,106,207,101,True
48,42,106,243,137,True
51,33,106,206,100,True
52,37,106,206,100,True
55,41,106,206,100,True
57,47,106,208,102,True
61,49,106,208,102,True
62,42,106,208,102,True
66,43,106,206,100,True
70,52,106,206,100,True
73,49,106,206,100,True
74,40,106,206,100,True
78,42,106,206,100,True
79,43,106,206,100,True
80,43,106,206,100,True
84,38,106,206,100,True
90,45,106,208,102,True
95,51,106,206,100,True
96,42,106,208,102,True
98,49,106,206,100,True
99,44,106,206,100,True
2,45,107,243,136,True
4,38,107,207,100,True
6,46,107,243,136,True
8,45,107,207,100,True
11,44,107,243,136,True
12,40,107,207,100,True
18,47,107,243,136,True
20,54,107,243,136,True
22,43,107,243,136,True
31,44,107,243,136,True
33,45,107,243,136,True
34,43,107,207,100,True
35,44,107,207,100,True
38,45,107,207,100,True
39,46,107,243,136,True
42,47,107,207,100,True
45,46,107,207,100,True
54,44,107,206,99,True
57,48,107,208,101,True
58,47,107,206,99,True
63,49,107,206,99,True
64,38,107,206,99,True
71,40,107,206,99,True
76,47,107,208,101,True
78,43,107,206,99,True
81,47,107,206,99,True
84,39,107,206,99,True
88,46,107,206,99,True
89,40,107,208,101,True
90,46,107,208,101,True
93,56,107,208,101,True
94,53,107,208,101,True
95,52,107,206,99,True
96,43,107,208,101,True
98,50,107,206,99,True
1,42,108,243,135,True
2,46,108,243,135,True
5,44,108,243,135,True
14,51,108,207,99,True
15,45,108,207,99,True
18,48,108,243,135,True
19,40,108,207,99,True
25,47,108,207,99,True
28,40,108,207,99,True
32,43,108,207,99,True
35,45,108,207,99,True
36,37,108,243,135,True
40,46,108,207,99,True
41,42,108,207,99,True
42,48,108,207,99,True
44,39,108,243,135,True
50,42,108,208,100,True
55,42,108,206,98,True
56,55,108,206,98,True
59,48,108,208,100,True
62,43,108,208,100,True
65,41,108,208,100,True
68,38,108,208,100,True
69,39,108,208,100,True
71,41,108,208,100,True
78,44,108,206,98,True
83,48,108,208,100,True
89,41,108,208,100,True
99,45,108,208,100,True
0,46,109,207,98,True
2,47,109,243,134,True
7,35,109,243,134,True
8,46,109,207,98,True
10,42,109,243,134,True
12,41,109,207,98,True
16,53,109,207,98,True
18,49,109,243,134,True
21,44,109,207,98,True
22,44,109,243,134,True
23,49,109,207,98,True
24,41,109,243,134,True
30,48,109,207,98,True
32,44,109,207,98,True
35,46,109,207,98,True
38,46,109,207,98,True
39,47,109,243,134,True
42,49,109,207,98,True
44,40,109,243,134,True
45,47,109,207,98,True
47,57,109,207,98,True
48,43,109,243,134,True
56,56,109,206,97,True
58,48,109,206,97,True
61,50,109,208,99,True
62,44,109,208,99,True
63,50,109,206,97,True
64,39,109,206,97,True
65,42,109,208,99,True
66,44,109,206,97,True
74,41,109,208,99,True
75,38,109,208,99,True
82,51,109,208,99,True
84,40,109,206,97,True
85,40,109,206,97,True
87,36,109,206,97,True
88,47,109,206,97,True
89,42,109,208,99,True
93,57,109,208,99,True
98,51,109,206,97,True
0,47,110,207,97,True
3,42,110,207,97,True
5,45,110,243,133,True
8,47,110,207,97,True
10,43,110,243,133,True
12,42,110,207,97,True
13,40,110,207,97,True
14,52,110,207,97,True
18,50,110,243,133,True
19,41,110,207,97,True
26,44,110,243,133,True
31,45,110,243,133,True
32,45,110,207,97,True
35,47,110,207,97,True
37,42,110,243,133,True
38,47,110,207,97,True
40,47,110,207,97,True
47,58,110,207,97,True
48,44,110,243,133,True
50,43,110,208,98,True
51,34,110,206,96,True
56,57,110,208,98,True
59,49,110,208,98,True
60,44,110,206,96,True
61,51,110,208,98,True
62,45,110,208,98,True
65,43,110,208,98,True
66,45,110,206,96,True
68,39,110,208,98,True
72,36,110,208,98,True
77,42,110,208,98,True
79,44,110,206,96,True
84,41,110,206,96,True
87,37,110,206,96,True
88,48,110,206,96,True
91,33,110,208,98,True
92,41,110,206,96,True
98,52,110,206,96,True
99,46,110,208,98,True
2,48,111,243,132,True
3,43,111,207,96,True
4,39,111,243,132,True
5,46,111,243,132,True
6,47,111,243,132,True
7,36,111,243,132,True
8,48,111,207,96,True
10,44,111,243,132,True
11,45,111,243,132,True
13,41,111,207,96,True
20,55,111,243,132,True
21,45,111,207,96,True
23,50,111,207,96,True
26,45,111,243,132,True
27,46,111,243,132,True
31,46,111,243,132,True
33,46,111,243,132,True
34,44,111,207,96,True
36,38,111,243,132,True
38,48,111,207,96,True
40,48,111,207,96,True
44,41,111,243,132,True
46,44,111,207,96,True
47,59,111,207,96,True
50,44,111,208,97,True
51,35,111,206,95,True
53,43,111,208,97,True
55,43,111,208,97,True
56,58,111,208,97,True
57,49,111,208,97,True
61,52,111,208,97,True
62,46,111,208,97,True
64,40,111,206,95,True
65,44,111,208,97,True
68,40,111,208,97,True
69,40,111,208,97,True
73,50,111,206,95,True
75,39,111,208,97,True
76,48,111,208,97,True
77,43,111,208,97,True
78,45,111,206,95,True
79,45,111,208,97,True
84,42,111,206,95,True
87,38,111,206,95,True
89,43,111,208,97,True
93,58,111,208,97,True
94,54,111,208,97,True
2,49,112,243,131,True
4,40,112,243,131,True
5,47,112,243,131,True
7,37,112,243,131,True
8,49,112,207,95,True
9,47,112,243,131,True
11,46,112,243,131,True
19,42,112,207,95,True
20,56,112,243,131,True
23,51,112,207,95,True
27,47,112,243,131,True
28,41,112,243,131,True
29,35,112,243,131,True
32,46,112,207,95,True
35,48,112,207,95,True
36,39,112,243,131,True
38,49,112,207,95,True
43,53,112,243,131,True
45,48,112,207,95,True
48,45,112,243,131,True
49,50,112,207,95,True
50,45,112,208,96,True
52,38,112,206,94,True
53,44,112,208,96,True
54,45,112,206,94,True
59,50,112,208,96,True
65,45,112,208,96,True
66,46,112,206,94,True
69,41,112,208,96,True
70,53,112,206,94,True
73,51,112,206,94,True
78,46,112,206,94,True
79,46,112,208,96,True
81,48,112,206,94,True
84,43,112,206,94,True
90,47,112,208,96,True
0,48,113,207,94,True
5,48,113,243,130,True
7,38,113,243,130,True
8,50,113,207,94,True
9,48,113,243,130,True
11,47,113,243,130,True
14,53,113,243,130,True
15,46,113,243,130,True
16,54,113,207,94,True
22,45,113,243,130,True
24,42,113,243,130,True
25,48,113,207,94,True
26,46,113,243,130,True
28,42,113,243,130,True
29,36,113,243,130,True
34,45,113,207,94,True
37,43,113,243,130,True
41,43,113,207,94,True
46,45,113,243,130,True
47,60,113,207,94,True
52,39,113,206,93,True
54,46,113,206,93,True
55,44,113,208,95,True
57,50,113,208,95,True
60,45,113,206,93,True
61,53,113,208,95,True
64,41,113,206,93,True
65,46,113,208,95,True
67,48,113,208,95,True
68,41,113,208,95,True
70,54,113,206,93,True
71,42,113,208,95,True
74,42,113,208,95,True
75,40,113,208,95,True
80,44,113,206,93,True
82,52,113,208,95,True
83,49,113,208,95,True
85,41,113,206,93,True
86,41,113,208,95,True
90,48,113,208,95,True
97,42,113,206,93,True
98,53,113,206,93,True
99,47,113,208,95,True
2,50,114,243,129,True
3,44,114,207,93,True
7,39,114,243,129,True
9,49,114,243,129,True
10,45,114,243,129,True
12,43,114,207,93,True
14,54,114,243,129,True
16,55,114,207,93,True
18,51,114,243,129,True
25,49,114,207,93,True
27,48,114,243,129,True
28,43,114,243,129,True
30,49,114,243,129,True
32,47,114,207,93,True
34,46,114,243,129,True
40,49,114,207,93,True
41,44,114,207,93,True
42,50,114,207,93,True
44,42,114,243,129,True
46,46,114,243,129,True
48,46,114,243,129,True
55,45,114,208,94,True
57,51,114,208,94,True
59,51,114,208,94,True
60,46,114,206,92,True
63,51,114,206,92,True
66,47,114,206,92,True
67,49,114,208,94,True
68,42,114,208,94,True
73,52,114,206,92,True
74,43,114,208,94,True
76,49,114,208,94,True
78,47,114,206,92,True
80,45,114,206,92,True
83,50,114,208,94,True
85,42,114,206,92,True
91,34,114,208,94,True
93,59,114,208,94,True
95,53,114,208,94,True
0,49,115,207,92,True
2,51,115,243,128,True
4,41,115,243,128,True
5,49,115,243,128,True
8,51,115,243,128,True
11,48,115,243,128,True
17,32,115,243,128,True
22,46,115,243,128,True
28,44,115,243,128,True
30,50,115,243,128,True
31,47,115,243,128,True
32,48,115,207,92,True
34,47,115,243,128,True
39,48,115,243,128,True
41,45,115,207,92,True
44,43,115,243,128,True
45,49,115,207,92,True
46,47,115,243,128,True
48,47,115,243,128,True
49,51,115,207,92,True
50,46,115,208,93,True
51,36,115,206,91,True
58,49,115,206,91,True
59,52,115,208,93,True
60,47,115,206,91,True
61,54,115,208,93,True
62,47,115,208,93,True
65,47,115,208,93,True
67,50,115,208,93,True
69,42,115,208,93,True
71,43,115,208,93,True
72,37,115,208,93,True
76,50,115,208,93,True
77,44,115,208,93,True
79,47,115,208,93,True
82,53,115,208,93,True
83,51,115,208,93,True
84,44,115,206,91,True
85,43,115,206,91,True
86,42,115,208,93,True
95,54,115,208,93,True
98,54,115,206,91,True
99,48,115,208,93,True
0,50,116,207,91,True
1,43,116,243,127,True
12,44,116,207,91,True
17,33,116,243,127,True
20,57,116,243,127,True
22,47,116,243,127,True
23,52,116,207,91,True
26,47,116,243,127,True
30,51,116,243,127,True
36,40,116,243,127,True
38,50,116,207,91,True
39,49,116,243,127,True
40,50,116,207,91,True
41,46,116,207,91,True
42,51,116,243,127,True
43,54,116,243,127,True
44,44,116,243,127,True
45,50,116,207,91,True
52,40,116,206,90,True
53,45,116,208,92,True
59,53,116,208,92,True
60,48,116,206,90,True
66,48,116,206,90,True
67,51,116,208,92,True
69,43,116,208,92,True
70,55,116,206,90,True
72,38,116,208,92,True
75,41,116,208,92,True
77,45,116,208,92,True
80,46,116,206,90,True
81,49,116,270,154,True
84,45,116,206,90,True
86,43,116,208,92,True
87,39,116,208,92,True
88,49,116,208,92,True
89,44,116,208,92,True
93,60,116,208,92,True
94,55,116,208,92,True
95,55,116,208,92,True
98,55,116,206,90,True
99,49,116,208,92,True
1,44,117,243,126,True
2,52,117,243,126,True
4,42,117,243,126,True
5,50,117,243,126,True
7,40,117,243,126,True
9,50,117,243,126,True
12,45,117,207,90,True
17,34,117,243,126,True
19,43,117,243,126,True
24,43,117,243,126,True
27,49,117,243,126,True
29,37,117,243,126,True
31,48,117,243,126,True
32,49,117,207,90,True
33,47,117,243,126,True
42,52,117,243,126,True
47,61,117,207,90,True
53,46,117,208,91,True
55,46,117,208,91,True
56,59,117,208,91,True
59,54,117,208,91,True
60,49,117,206,89,True
66,49,117,206,89,True
69,44,117,208,91,True
73,53,117,206,89,True
76,51,117,208,91,True
78,48,117,206,89,True
80,47,117,206,89,True
81,50,117,270,153,True
84,46,117,206,89,True
86,44,117,208,91,True
91,35,117,208,91,True
93,61,117,208,91,True
4,43,118,243,125,True
6,48,118,243,125,True
7,41,118,243,125,True
8,52,118,243,125,True
10,46,118,243,125,True
11,49,118,243,125,True
12,46,118,207,89,True
13,42,118,207,89,True
15,47,118,243,125,True
16,56,118,207,89,True
22,48,118,243,125,True
24,44,118,243,125,True
27,50,118,243,125,True
33,48,118,243,125,True
35,49,118,207,89,True
36,41,118,243,125,True
37,44,118,243,125,True
42,53,118,243,125,True
44,45,118,243,125,True
46,48,118,243,125,True
51,37,118,206,88,True
54,47,118,206,88,True
59,55,118,208,90,True
65,48,118,208,90,True
70,56,118,206,88,True
72,39,118,208,90,True
75,42,118,208,90,True
79,48,118,208,90,True
85,44,118,206,88,True
89,45,118,208,90,True
90,49,118,208,90,True
93,62,118,208,90,True
94,56,118,208,90,True
96,44,118,270,152,True
2,53,119,243,124,True
7,42,119,243,124,True
8,53,119,243,124,True
13,43,119,207,88,True
19,44,119,243,124,True
20,58,119,243,124,True
21,46,119,207,88,True
26,48,119,243,124,True
28,45,119,243,124,True
30,52,119,243,124,True
31,49,119,243,124,True
33,49,119,243,124,True
34,48,119,243,124,True
35,50,119,207,88,True
38,51,119,207,88,True
39,50,119,243,124,True
40,51,119,207,88,True
49,52,119,243,124,True
51,38,119,206,87,True
56,60,119,208,89,True
64,42,119,206,87,True
65,49,119,208,89,True
66,50,119,206,87,True
68,43,119,208,89,True
72,40,119,208,89,True
76,52,119,208,89,True
78,49,119,206,87,True
79,49,119,208,89,True
80,48,119,206,87,True
82,54,119,208,89,True
83,52,119,208,89,True
84,47,119,206,87,True
85,45,119,206,87,True
86,45,119,208,89,True
92,42,119,208,89,True
93,63,119,208,89,True
6,49,120,243,123,True
11,50,120,243,123,True
12,47,120,207,87,True
16,57,120,207,87,True
20,59,120,243,123,True
23,53,120,207,87,True
24,45,120,243,123,True
27,51,120,243,123,True
31,50,120,243,123,True
33,50,120,243,123,True
35,51,120,207,87,True
37,45,120,243,123,True
39,51,120,243,123,True
40,52,120,207,87,True
41,47,120,207,87,True
44,46,120,243,123,True
45,51,120,207,87,True
46,49,120,243,123,True
48,48,120,243,123,True
49,53,120,243,123,True
52,41,120,207,87,True
55,47,120,208,88,True
57,52,120,208,88,True
58,50,120,206,86,True
67,52,120,208,88,True
72,41,120,208,88,True
76,53,120,208,88,True
78,50,120,206,86,True
84,48,120,207,87,True
87,40,120,208,88,True
88,50,120,208,88,True
91,36,120,208,88,True
93,64,120,208,88,True
94,57,120,208,88,True
96,45,120,270,150,True
1,45,121,243,122,True
2,54,121,243,122,True
3,45,121,207,86,True
4,44,121,243,122,True
6,50,121,243,122,True
8,54,121,243,122,True
9,51,121,243,122,True
11,51,121,243,122,True
12,48,121,207,86,True
16,58,121,207,86,True
17,35,121,243,122,True
18,52,121,243,122,True
22,49,121,243,122,True
23,54,121,207,86,True
24,46,121,243,122,True
25,50,121,243,122,True
26,49,121,243,122,True
27,52,121,243,122,True
29,38,121,243,122,True
30,53,121,243,122,True
32,50,121,207,86,True
34,49,121,243,122,True
36,42,121,243,122,True
38,52,121,207,86,True
40,53,121,207,86,True
41,48,121,207,86,True
42,54,121,243,122,True
46,50,121,243,122,True
47,62,121,207,86,True
59,56,121,208,87,True
61,55,121,208,87,True
65,50,121,208,87,True
67,53,121,208,87,True
68,44,121,208,87,True
69,45,121,208,87,True
71,44,121,208,87,True
74,44,121,208,87,True
75,43,121,208,87,True
78,51,121,206,85,True
80,49,121,206,85,True
83,53,121,208,87,True
85,46,121,206,85,True
87,41,121,208,87,True
88,51,121,208,87,True
91,37,121,208,87,True
93,65,121,208,87,True
95,56,121,208,87,True
99,50,121,208,87,True
1,46,122,243,121,True
3,46,122,207,85,True
7,43,122,243,121,True
15,48,122,243,121,True
16,59,122,207,85,True
20,60,122,243,121,True
22,50,122,243,121,True
24,47,122,243,121,True
26,50,122,243,121,True
27,53,122,243,121,True
31,51,122,243,121,True
37,46,122,243,121,True
39,52,122,243,121,True
41,49,122,207,85,True
43,55,122,243,121,True
46,51,122,243,121,True
49,54,122,243,121,True
50,47,122,208,86,True
51,39,122,206,84,True
52,42,122,207,85,True
56,61,122,208,86,True
58,51,122,206,84,True
61,56,122,208,86,True
62,48,122,208,86,True
72,42,122,208,86,True
74,45,122,208,86,True
75,44,122,208,86,True
77,46,122,270,148,True
78,52,122,206,84,True
86,46,122,208,86,True
88,52,122,208,86,True
90,50,122,208,86,True
92,43,122,208,86,True
93,66,122,208,86,True
97,43,122,206,84,True
1,47,123,243,120,True
8,55,123,243,120,True
10,47,123,243,120,True
15,49,123,243,120,True
17,36,123,243,120,True
18,53,123,243,120,True
19,45,123,243,120,True
21,47,123,207,84,True
22,51,123,243,120,True
23,55,123,207,84,True
24,48,123,243,120,True
26,51,123,243,120,True
29,39,123,243,120,True
30,54,123,243,120,True
32,51,123,207,84,True
33,51,123,243,120,True
36,43,123,243,120,True
39,53,123,243,120,True
40,54,123,207,84,True
44,47,123,243,120,True
46,52,123,243,120,True
47,63,123,207,84,True
48,49,123,243,120,True
51,40,123,206,83,True
53,47,123,208,85,True
54,48,123,208,85,True
55,48,123,208,85,True
59,57,123,208,85,True
65,51,123,208,85,True
68,45,123,208,85,True
69,46,123,208,85,True
71,45,123,208,85,True
72,43,123,208,85,True
75,45,123,208,85,True
77,47,123,270,147,True
78,53,123,206,83,True
80,50,123,206,83,True
84,49,123,207,84,True
85,47,123,206,83,True
86,47,123,208,85,True
91,38,123,208,85,True
93,67,123,208,85,True
97,44,123,206,83,True
2,55,124,243,119,True
3,47,124,207,83,True
4,45,124,243,119,True
6,51,124,243,119,True
11,52,124,243,119,True
13,44,124,207,83,True
16,60,124,207,83,True
18,54,124,243,119,True
21,48,124,207,83,True
23,56,124,207,83,True
25,51,124,243,119,True
27,54,124,243,119,True
28,46,124,243,119,True
36,44,124,243,119,True
37,47,124,243,119,True
39,54,124,243,119,True
40,55,124,243,119,True
41,50,124,207,83,True
42,55,124,243,119,True
43,56,124,243,119,True
44,48,124,243,119,True
47,64,124,207,83,True
49,55,124,243,119,True
50,48,124,208,84,True
52,43,124,207,83,True
54,49,124,208,84,True
55,49,124,208,84,True
57,53,124,208,84,True
60,50,124,208,84,True
64,43,124,208,84,True
67,54,124,208,84,True
70,57,124,206,82,True
71,46,124,208,84,True
74,46,124,208,84,True
75,46,124,208,84,True
76,54,124,208,84,True
82,55,124,208,84,True
85,48,124,206,82,True
87,42,124,208,84,True
89,46,124,208,84,True
92,44,124,208,84,True
93,68,124,208,84,True
95,57,124,208,84,True
96,46,124,270,146,True
1,48,125,243,118,True
5,51,125,243,118,True
12,49,125,207,82,True
13,45,125,207,82,True
14,55,125,243,118,True
15,50,125,243,118,True
20,61,125,243,118,True
21,49,125,207,82,True
26,52,125,243,118,True
30,55,125,243,118,True
31,52,125,243,118,True
32,52,125,207,82,True
35,52,125,207,82,True
41,51,125,207,82,True
44,49,125,243,118,True
47,65,125,207,82,True
49,56,125,243,118,True
54,50,125,208,83,True
55,50,125,208,83,True
57,54,125,208,83,True
60,51,125,208,83,True
61,57,125,208,83,True
62,49,125,208,83,True
66,51,125,207,82,True
69,47,125,208,83,True
70,58,125,206,81,True
73,54,125,207,82,True
74,47,125,208,83,True
75,47,125,208,83,True
76,55,125,208,83,True
77,48,125,270,145,True
81,51,125,270,145,True
84,50,125,207,82,True
85,49,125,206,81,True
86,48,125,208,83,True
87,43,125,208,83,True
90,51,125,208,83,True
93,69,125,270,145,True
97,45,125,206,81,True
98,56,125,206,81,True
99,51,125,208,83,True
2,56,126,243,117,True
5,52,126,243,117,True
9,52,126,243,117,True
10,48,126,243,117,True
11,53,126,243,117,True
13,46,126,207,81,True
14,56,126,243,117,True
17,37,126,243,117,True
20,62,126,243,117,True
23,57,126,207,81,True
25,52,126,243,117,True
26,53,126,243,117,True
28,47,126,243,117,True
29,40,126,243,117,True
37,48,126,243,117,True
38,53,126,207,81,True
40,56,126,243,117,True
44,50,126,243,117,True
45,52,126,207,81,True
46,53,126,243,117,True
52,44,126,207,81,True
54,51,126,208,82,True
55,51,126,208,82,True
58,52,126,206,80,True
59,58,126,208,82,True
65,52,126,208,82,True
67,55,126,208,82,True
69,48,126,208,82,True
70,59,126,206,80,True
73,55,126,207,81,True
77,49,126,270,144,True
79,50,126,208,82,True
83,54,126,208,82,True
86,49,126,208,82,True
90,52,126,311,185,True
91,39,126,208,82,True
96,47,126,270,144,True
99,52,126,208,82,True
1,49,127,243,116,True
4,46,127,243,116,True
5,53,127,243,116,True
8,56,127,243,116,True
13,47,127,207,80,True
15,51,127,243,116,True
16,61,127,243,116,True
18,55,127,243,116,True
21,50,127,207,80,True
24,49,127,243,116,True
29,41,127,243,116,True
31,53,127,243,116,True
32,53,127,207,80,True
33,52,127,243,116,True
34,50,127,243,116,True
36,45,127,243,116,True
41,52,127,207,80,True
42,56,127,243,116,True
45,53,127,207,80,True
48,50,127,243,116,True
50,49,127,208,81,True
54,52,127,208,81,True
55,52,127,208,81,True
56,62,127,208,81,True
58,53,127,206,79,True
61,58,127,208,81,True
62,50,127,208,81,True
65,53,127,208,81,True
69,49,127,208,81,True
70,60,127,206,79,True
71,47,127,270,143,True
75,48,127,208,81,True
76,56,127,270,143,True
80,51,127,206,79,True
84,51,127,207,80,True
85,50,127,206,79,True
87,44,127,208,81,True
95,58,127,208,81,True
96,48,127,270,143,True
97,46,127,206,79,True
99,53,127,208,81,True
2,57,128,243,115,True
3,48,128,207,79,True
6,52,128,243,115,True
8,57,128,243,115,True
10,49,128,243,115,True
11,54,128,243,115,True
14,57,128,243,115,True
16,62,128,243,115,True
17,38,128,243,115,True
18,56,128,243,115,True
19,46,128,243,115,True
22,52,128,243,115,True
25,53,128,243,115,True
29,42,128,243,115,True
30,56,128,243,115,True
34,51,128,243,115,True
37,49,128,243,115,True
40,57,128,243,115,True
45,54,128,207,79,True
48,51,128,243,115,True
52,45,128,207,79,True
54,53,128,208,80,True
55,53,128,208,80,True
59,59,128,208,80,True
63,52,128,208,80,True
64,44,128,208,80,True
66,52,128,207,79,True
67,56,128,208,80,True
68,46,128,208,80,True
70,61,128,206,78,True
72,44,128,208,80,True
74,48,128,208,80,True
75,49,128,270,142,True
78,54,128,206,78,True
89,47,128,208,80,True
90,53,128,311,183,True
91,40,128,208,80,True
93,70,128,270,142,True
94,58,128,208,80,True
95,59,128,208,80,True
2,58,129,243,114,True
5,54,129,243,114,True
6,53,129,243,114,True
7,44,129,243,114,True
8,58,129,243,114,True
10,50,129,243,114,True
13,48,129,207,78,True
15,52,129,243,114,True
18,57,129,243,114,True
20,63,129,243,114,True
24,50,129,243,114,True
25,54,129,243,114,True
27,55,129,243,114,True
29,43,129,243,114,True
30,57,129,243,114,True
31,54,129,243,114,True
33,53,129,243,114,True
35,53,129,243,114,True
37,50,129,243,114,True
40,58,129,243,114,True
43,57,129,243,114,True
44,51,129,243,114,True
47,66,129,207,78,True
52,46,129,207,78,True
55,54,129,208,79,True
56,63,129,208,79,True
57,55,129,270,141,True
61,59,129,208,79,True
63,53,129,208,79,True
65,54,129,208,79,True
70,62,129,206,77,True
73,56,129,207,78,True
75,50,129,270,141,True
76,57,129,270,141,True
77,50,129,270,141,True
79,51,129,208,79,True
80,52,129,206,77,True
83,55,129,208,79,True
84,52,129,207,78,True
87,45,129,208,79,True
91,41,129,208,79,True
92,45,129,208,79,True
1,50,130,243,113,True
5,55,130,243,113,True
7,45,130,243,113,True
8,59,130,243,113,True
10,51,130,243,113,True
13,49,130,207,77,True
17,39,130,243,113,True
19,47,130,243,113,True
20,64,130,243,113,True
23,58,130,207,77,True
29,44,130,243,113,True
30,58,130,243,113,True
31,55,130,243,113,True
35,54,130,243,113,True
40,59,130,243,113,True
44,52,130,243,113,True
46,54,130,243,113,True
49,57,130,243,113,True
50,50,130,208,78,True
54,54,130,208,78,True
55,55,130,208,78,True
60,52,130,208,78,True
63,54,130,208,78,True
67,57,130,208,78,True
70,63,130,206,76,True
81,52,130,270,140,True
83,56,130,208,78,True
86,50,130,208,78,True
91,42,130,208,78,True
93,71,130,270,140,True
98,57,130,208,78,True
99,54,130,208,78,True
0,51,131,243,112,True
3,49,131,207,76,True
4,47,131,243,112,True
6,54,131,243,112,True
10,52,131,243,112,True
18,58,131,243,112,True
19,48,131,243,112,True
21,51,131,207,76,True
25,55,131,243,112,True
26,54,131,243,112,True
28,48,131,243,112,True
29,45,131,243,112,True
30,59,131,243,112,True
32,54,131,207,76,True
33,54,131,243,112,True
37,51,131,243,112,True
41,53,131,243,112,True
42,57,131,243,112,True
43,58,131,243,112,True
48,52,131,243,112,True
49,58,131,243,112,True
51,41,131,208,77,True
57,56,131,270,139,True
59,60,131,208,77,True
60,53,131,208,77,True
65,55,131,208,77,True
68,47,131,208,77,True
70,64,131,208,77,True
74,49,131,208,77,True
78,55,131,206,75,True
79,52,131,208,77,True
82,56,131,208,77,True
85,51,131,206,75,True
89,48,131,208,77,True
91,43,131,270,139,True
92,46,131,208,77,True
93,72,131,270,139,True
94,59,131,208,77,True
98,58,131,208,77,True
0,52,132,243,111,True
3,50,132,207,75,True
5,56,132,243,111,True
10,53,132,243,111,True
12,50,132,243,111,True
16,63,132,243,111,True
25,56,132,243,111,True
26,55,132,243,111,True
27,56,132,243,111,True
28,49,132,243,111,True
33,55,132,243,111,True
36,46,132,243,111,True
37,52,132,243,111,True
38,54,132,243,111,True
40,60,132,243,111,True
41,54,132,243,111,True
42,58,132,243,111,True
45,55,132,243,111,True
46,55,132,243,111,True
49,59,132,243,111,True
51,42,132,208,76,True
57,57,132,270,138,True
61,60,132,208,76,True
63,55,132,208,76,True
67,58,132,208,76,True
70,65,132,208,76,True
73,57,132,207,75,True
74,50,132,208,76,True
75,51,132,270,138,True
77,51,132,270,138,True
79,53,132,208,76,True
82,57,132,208,76,True
84,53,132,207,75,True
88,53,132,208,76,True
89,49,132,208,76,True
93,73,132,270,138,True
96,49,132,270,138,True
99,55,132,208,76,True
0,53,133,243,110,True
1,51,133,243,110,True
2,59,133,243,110,True
6,55,133,243,110,True
7,46,133,243,110,True
8,60,133,243,110,True
9,53,133,243,110,True
11,55,133,243,110,True
15,53,133,243,110,True
17,40,133,243,110,True
24,51,133,243,110,True
26,56,133,243,110,True
27,57,133,243,110,True
28,50,133,243,110,True
29,46,133,243,110,True
31,56,133,243,110,True
37,53,133,243,110,True
41,55,133,243,110,True
42,59,133,243,110,True
43,59,133,243,110,True
52,47,133,207,74,True
54,55,133,208,75,True
55,56,133,208,75,True
56,64,133,270,137,True
59,61,133,208,75,True
60,54,133,208,75,True
61,61,133,208,75,True
63,56,133,208,75,True
67,59,133,208,75,True
70,66,133,208,75,True
73,58,133,207,74,True
77,52,133,270,137,True
78,56,133,206,73,True
79,54,133,208,75,True
80,53,133,208,75,True
83,57,133,208,75,True
85,52,133,206,73,True
88,54,133,208,75,True
90,54,133,311,178,True
91,44,133,270,137,True
93,74,133,270,137,True
97,47,133,208,75,True
0,54,134,243,109,True
5,57,134,243,109,True
6,56,134,243,109,True
7,47,134,243,109,True
8,61,134,243,109,True
9,54,134,243,109,True
13,50,134,243,109,True
14,58,134,243,109,True
16,64,134,243,109,True
18,59,134,243,109,True
23,59,134,243,109,True
25,57,134,243,109,True
29,47,134,243,109,True
30,60,134,243,109,True
32,55,134,207,73,True
33,56,134,243,109,True
35,55,134,243,109,True
39,55,134,243,109,True
44,53,134,243,109,True
45,56,134,243,109,True
49,60,134,243,109,True
52,48,134,208,74,True
53,48,134,208,74,True
54,56,134,208,74,True
55,57,134,208,74,True
56,65,134,270,136,True
60,55,134,208,74,True
62,51,134,208,74,True
73,59,134,207,73,True
74,51,134,208,74,True
77,53,134,270,136,True
79,55,134,208,74,True
80,54,134,208,74,True
81,53,134,270,136,True
82,58,134,208,74,True
84,54,134,207,73,True
86,51,134,270,136,True
87,46,134,208,74,True
90,55,134,311,177,True
92,47,134,208,74,True
93,75,134,311,177,True
94,60,134,270,136,True
95,60,134,208,74,True
96,50,134,270,136,True
98,59,134,208,74,True
99,56,134,208,74,True
0,55,135,243,108,True
2,60,135,243,108,True
3,51,135,207,72,True
4,48,135,243,108,True
6,57,135,243,108,True
7,48,135,243,108,True
11,56,135,243,108,True
23,60,135,243,108,True
24,52,135,243,108,True
29,48,135,243,108,True
31,57,135,243,108,True
34,52,135,243,108,True
39,56,135,243,108,True
40,61,135,243,108,True
43,60,135,243,108,True
44,54,135,243,108,True
45,57,135,243,108,True
50,51,135,270,135,True
53,49,135,208,73,True
56,66,135,270,135,True
65,56,135,208,73,True
67,60,135,208,73,True
68,48,135,208,73,True
69,50,135,208,73,True
73,60,135,207,72,True
76,58,135,270,135,True
78,57,135,208,73,True
80,55,135,208,73,True
81,54,135,270,135,True
84,55,135,207,72,True
85,53,135,206,71,True
89,50,135,208,73,True
91,45,135,270,135,True
92,48,135,208,73,True
97,48,135,208,73,True
98,60,135,208,73,True
4,49,136,243,107,True
12,51,136,243,107,True
13,51,136,243,107,True
14,59,136,243,107,True
20,65,136,243,107,True
21,52,136,207,71,True
23,61,136,243,107,True
24,53,136,243,107,True
25,58,136,243,107,True
26,57,136,243,107,True
27,58,136,243,107,True
29,49,136,243,107,True
31,58,136,243,107,True
33,57,136,243,107,True
34,53,136,243,107,True
35,56,136,243,107,True
37,54,136,243,107,True
39,57,136,243,107,True
41,56,136,243,107,True
46,56,136,243,107,True
47,67,136,243,107,True
48,53,136,243,107,True
49,61,136,243,107,True
50,52,136,270,134,True
53,50,136,208,72,True
54,57,136,208,72,True
55,58,136,208,72,True
57,58,136,270,134,True
59,62,136,208,72,True
61,62,136,208,72,True
62,52,136,208,72,True
63,57,136,208,72,True
67,61,136,208,72,True
70,67,136,208,72,True
72,45,136,208,72,True
73,61,136,207,71,True
77,54,136,270,134,True
78,58,136,208,72,True
79,56,136,208,72,True
80,56,136,208,72,True
81,55,136,270,134,True
85,54,136,208,72,True
89,51,136,208,72,True
90,56,136,311,175,True
92,49,136,208,72,True
93,76,136,311,175,True
0,56,137,243,106,True
3,52,137,207,70,True
9,55,137,243,106,True
10,54,137,243,106,True
11,57,137,243,106,True
15,54,137,243,106,True
16,65,137,243,106,True
20,66,137,243,106,True
21,53,137,207,70,True
22,53,137,243,106,True
24,54,137,243,106,True
28,51,137,243,106,True
29,50,137,243,106,True
30,61,137,243,106,True
31,59,137,243,106,True
33,58,137,243,106,True
34,54,137,243,106,True
39,58,137,243,106,True
41,57,137,243,106,True
46,57,137,243,106,True
47,68,137,243,106,True
48,54,137,243,106,True
49,62,137,243,106,True
53,51,137,208,71,True
55,59,137,208,71,True
58,54,137,208,71,True
64,45,137,208,71,True
65,57,137,311,174,True
66,53,137,207,70,True
68,49,137,208,71,True
69,51,137,208,71,True
70,68,137,208,71,True
72,46,137,208,71,True
73,62,137,207,70,True
74,52,137,208,71,True
75,52,137,270,133,True
83,58,137,208,71,True
84,56,137,207,70,True
85,55,137,208,71,True
90,57,137,311,174,True
93,77,137,311,174,True
94,61,137,270,133,True
96,51,137,270,133,True
98,61,137,208,71,True
99,57,137,208,71,True
0,57,138,243,105,True
1,52,138,243,105,True
3,53,138,243,105,True
5,58,138,243,105,True
10,55,138,243,105,True
11,58,138,243,105,True
13,52,138,243,105,True
14,60,138,243,105,True
18,60,138,243,105,True
19,49,138,243,105,True
22,54,138,243,105,True
24,55,138,243,105,True
29,51,138,243,105,True
32,56,138,243,105,True
34,55,138,243,105,True
37,55,138,243,105,True
38,55,138,243,105,True
43,61,138,243,105,True
44,55,138,243,105,True
45,58,138,243,105,True
46,58,138,243,105,True
47,69,138,243,105,True
48,55,138,243,105,True
49,63,138,243,105,True
50,53,138,270,132,True
52,49,138,208,70,True
53,52,138,208,70,True
56,67,138,270,132,True
58,55,138,208,70,True
60,56,138,208,70,True
61,63,138,270,132,True
62,53,138,208,70,True
65,58,138,311,173,True
66,54,138,207,69,True
71,48,138,270,132,True
75,53,138,270,132,True
76,59,138,270,132,True
78,59,138,208,70,True
79,57,138,208,70,True
84,57,138,207,69,True
87,47,138,270,132,True
88,55,138,208,70,True
91,46,138,311,173,True
93,78,138,311,173,True
94,62,138,270,132,True
95,61,138,208,70,True
98,62,138,208,70,True
0,58,139,243,104,True
4,50,139,243,104,True
14,61,139,243,104,True
15,55,139,243,104,True
16,66,139,243,104,True
17,41,139,243,104,True
18,61,139,243,104,True
21,54,139,243,104,True
26,58,139,243,104,True
32,57,139,243,104,True
34,56,139,243,104,True
40,62,139,243,104,True
42,60,139,243,104,True
44,56,139,243,104,True
49,64,139,243,104,True
51,43,139,208,69,True
53,53,139,208,69,True
54,58,139,208,69,True
55,60,139,208,69,True
57,59,139,270,131,True
58,56,139,208,69,True
59,63,139,208,69,True
62,54,139,208,69,True
65,59,139,311,172,True
66,55,139,207,68,True
72,47,139,208,69,True
73,63,139,207,68,True
74,53,139,208,69,True
75,54,139,270,131,True
77,55,139,270,131,True
83,59,139,208,69,True
84,58,139,207,68,True
88,56,139,208,69,True
96,52,139,270,131,True
0,59,140,243,103,True
5,59,140,243,103,True
10,56,140,243,103,True
11,59,140,243,103,True
13,53,140,243,103,True
14,62,140,243,103,True
15,56,140,243,103,True
17,42,140,243,103,True
19,50,140,243,103,True
25,59,140,243,103,True
28,52,140,243,103,True
32,58,140,243,103,True
33,59,140,243,103,True
38,56,140,243,103,True
39,59,140,243,103,True
40,63,140,243,103,True
47,70,140,243,103,True
49,65,140,243,103,True
52,50,140,208,68,True
56,68,140,270,130,True
58,57,140,208,68,True
59,64,140,208,68,True
65,60,140,311,171,True
67,62,140,270,130,True
72,48,140,208,68,True
73,64,140,207,67,True
74,54,140,208,68,True
75,55,140,270,130,True
78,60,140,208,68,True
79,58,140,208,68,True
80,57,140,208,68,True
82,59,140,208,68,True
83,60,140,208,68,True
84,59,140,207,67,True
86,52,140,270,130,True
87,48,140,270,130,True
89,52,140,270,130,True
91,47,140,311,171,True
95,62,140,270,130,True
97,49,140,208,68,True
98,63,140,208,68,True
3,54,141,243,102,True
7,49,141,243,102,True
11,60,141,243,102,True
17,43,141,243,102,True
18,62,141,243,102,True
20,67,141,243,102,True
21,55,141,243,102,True
22,55,141,243,102,True
23,62,141,243,102,True
27,59,141,243,102,True
31,60,141,243,102,True
33,60,141,243,102,True
36,47,141,243,102,True
38,57,141,243,102,True
44,57,141,243,102,True
48,56,141,243,102,True
49,66,141,243,102,True
51,44,141,208,67,True
58,58,141,208,67,True
59,65,141,208,67,True
61,64,141,270,129,True
62,55,141,208,67,True
64,46,141,208,67,True
65,61,141,311,170,True
67,63,141,270,129,True
69,52,141,208,67,True
74,55,141,270,129,True
76,60,141,270,129,True
79,59,141,208,67,True
84,60,141,207,66,True
85,56,141,208,67,True
87,49,141,270,129,True
88,57,141,270,129,True
90,58,141,311,170,True
92,50,141,270,129,True
93,79,141,311,170,True
94,63,141,270,129,True
95,63,141,270,129,True
96,53,141,270,129,True
97,50,141,208,67,True
1,53,142,243,101,True
2,61,142,243,101,True
4,51,142,243,101,True
9,56,142,243,101,True
16,67,142,243,101,True
21,56,142,243,101,True
24,56,142,243,101,True
27,60,142,243,101,True
30,62,142,243,101,True
35,57,142,243,101,True
39,60,142,243,101,True
40,64,142,243,101,True
42,61,142,243,101,True
46,59,142,243,101,True
47,71,142,243,101,True
48,57,142,243,101,True
52,51,142,208,66,True
57,60,142,270,128,True
60,57,142,208,66,True
61,65,142,311,169,True
73,65,142,207,65,True
74,56,142,270,128,True
75,56,142,270,128,True
77,56,142,270,128,True
79,60,142,208,66,True
82,60,142,208,66,True
83,61,142,208,66,True
85,57,142,208,66,True
87,50,142,270,128,True
88,58,142,270,128,True
89,53,142,270,128,True
90,59,142,311,169,True
93,80,142,311,169,True
97,51,142,208,66,True
99,58,142,208,66,True
1,54,143,243,100,True
2,62,143,243,100,True
4,52,143,243,100,True
5,60,143,243,100,True
6,58,143,243,100,True
10,57,143,243,100,True
12,52,143,243,100,True
26,59,143,243,100,True
27,61,143,243,100,True
29,52,143,243,100,True
31,61,143,243,100,True
32,59,143,243,100,True
33,61,143,243,100,True
35,58,143,243,100,True
36,48,143,243,100,True
37,56,143,243,100,True
40,65,143,243,100,True
43,62,143,243,100,True
44,58,143,243,100,True
46,60,143,243,100,True
47,72,143,243,100,True
48,58,143,243,100,True
53,54,143,208,65,True
54,59,143,208,65,True
56,69,143,270,127,True
69,53,143,208,65,True
71,49,143,270,127,True
73,66,143,207,64,True
75,57,143,270,127,True
78,61,143,208,65,True
80,58,143,208,65,True
81,56,143,270,127,True
85,58,143,208,65,True
88,59,143,270,127,True
95,64,143,270,127,True
97,52,143,208,65,True
99,59,143,208,65,True
0,60,144,243,99,True
1,55,144,243,99,True
2,63,144,243,99,True
3,55,144,243,99,True
12,53,144,243,99,True
14,63,144,243,99,True
19,51,144,243,99,True
21,57,144,243,99,True
23,63,144,243,99,True
24,57,144,243,99,True
26,60,144,243,99,True
30,63,144,243,99,True
33,62,144,243,99,True
38,58,144,243,99,True
41,58,144,243,99,True
43,63,144,243,99,True
44,59,144,243,99,True
45,59,144,243,99,True
48,59,144,243,99,True
49,67,144,243,99,True
50,54,144,270,126,True
51,45,144,208,64,True
52,52,144,208,64,True
53,55,144,208,64,True
56,70,144,270,126,True
59,66,144,208,64,True
61,66,144,311,167,True
62,56,144,208,64,True
63,58,144,270,126,True
67,64,144,270,126,True
69,54,144,208,64,True
74,57,144,270,126,True
75,58,144,311,167,True
76,61,144,270,126,True
77,57,144,311,167,True
80,59,144,208,64,True
81,57,144,270,126,True
84,61,144,208,64,True
85,59,144,208,64,True
86,53,144,270,126,True
87,51,144,270,126,True
88,60,144,270,126,True
95,65,144,270,126,True
96,54,144,270,126,True
97,53,144,208,64,True
98,64,144,208,64,True
0,61,145,243,98,True
7,50,145,243,98,True
8,62,145,243,98,True
11,61,145,243,98,True
13,54,145,243,98,True
16,68,145,243,98,True
18,63,145,243,98,True
20,68,145,243,98,True
21,58,145,243,98,True
24,58,145,243,98,True
26,61,145,243,98,True
28,53,145,243,98,True
29,53,145,243,98,True
32,60,145,243,98,True
35,59,145,243,98,True
37,57,145,243,98,True
38,59,145,243,98,True
39,61,145,243,98,True
40,66,145,243,98,True
43,64,145,243,98,True
44,60,145,243,98,True
45,60,145,243,98,True
48,60,145,243,98,True
56,71,145,270,125,True
58,59,145,208,63,True
59,67,145,208,63,True
64,47,145,208,63,True
65,62,145,311,166,True
66,56,145,208,63,True
67,65,145,270,125,True
68,50,145,311,166,True
69,55,145,208,63,True
71,50,145,270,125,True
73,67,145,208,63,True
81,58,145,270,125,True
82,61,145,208,63,True
85,60,145,208,63,True
88,61,145,270,125,True
89,54,145,270,125,True
90,60,145,311,166,True
93,81,145,311,166,True
94,64,145,311,166,True
95,66,145,270,125,True
6,59,146,243,97,True
12,54,146,243,97,True
16,69,146,243,97,True
18,64,146,243,97,True
22,56,146,243,97,True
23,64,146,243,97,True
26,62,146,243,97,True
34,57,146,301,155,True
36,49,146,243,97,True
39,62,146,243,97,True
40,67,146,243,97,True
45,61,146,243,97,True
46,61,146,243,97,True
52,53,146,208,62,True
55,61,146,311,165,True
63,59,146,270,124,True
66,57,146,208,62,True
71,51,146,270,124,True
75,59,146,311,165,True
78,62,146,208,62,True
80,60,146,208,62,True
83,62,146,208,62,True
85,61,146,208,62,True
86,54,146,270,124,True
89,55,146,270,124,True
91,48,146,311,165,True
92,51,146,270,124,True
94,65,146,311,165,True
95,67,146,270,124,True
97,54,146,208,62,True
98,65,146,208,62,True
1,56,147,243,96,True
4,53,147,243,96,True
5,61,147,243,96,True
6,60,147,243,96,True
9,57,147,243,96,True
11,62,147,243,96,True
12,55,147,243,96,True
13,55,147,243,96,True
15,57,147,243,96,True
25,60,147,243,96,True
26,63,147,243,96,True
32,61,147,243,96,True
34,58,147,301,154,True
36,50,147,243,96,True
38,60,147,243,96,True
43,65,147,243,96,True
44,61,147,243,96,True
45,62,147,243,96,True
48,61,147,243,96,True
50,55,147,311,164,True
53,56,147,270,123,True
56,72,147,270,123,True
58,60,147,208,61,True
61,67,147,311,164,True
67,66,147,270,123,True
68,51,147,311,164,True
69,56,147,208,61,True
70,69,147,208,61,True
73,68,147,208,61,True
74,58,147,270,123,True
75,60,147,311,164,True
76,62,147,270,123,True
77,58,147,311,164,True
78,63,147,208,61,True
80,61,147,208,61,True
82,62,147,208,61,True
88,62,147,270,123,True
89,56,147,270,123,True
90,61,147,311,164,True
91,49,147,311,164,True
92,52,147,270,123,True
96,55,147,270,123,True
99,60,147,208,61,True
0,62,148,243,95,True
2,64,148,243,95,True
4,54,148,243,95,True
9,58,148,243,95,True
26,64,148,243,95,True
29,54,148,243,95,True
30,64,148,243,95,True
31,62,148,243,95,True
32,62,148,243,95,True
33,63,148,243,95,True
37,58,148,243,95,True
44,62,148,243,95,True
47,73,148,243,95,True
51,46,148,208,60,True
60,58,148,208,60,True
61,68,148,311,163,True
63,60,148,270,122,True
64,48,148,208,60,True
65,63,148,311,163,True
69,57,148,208,60,True
70,70,148,208,60,True
74,59,148,270,122,True
78,64,148,208,60,True
84,62,148,208,60,True
85,62,148,208,60,True
88,63,148,270,122,True
89,57,148,270,122,True
90,62,148,311,163,True
93,82,148,311,163,True
96,56,148,311,163,True
99,61,148,208,60,True
2,65,149,243,94,True
5,62,149,243,94,True
6,61,149,243,94,True
8,63,149,243,94,True
10,58,149,243,94,True
11,63,149,243,94,True
12,56,149,243,94,True
13,56,149,243,94,True
15,58,149,243,94,True
16,70,149,243,94,True
22,57,149,243,94,True
24,59,149,243,94,True
25,61,149,243,94,True
29,55,149,243,94,True
31,63,149,243,94,True
33,64,149,243,94,True
35,60,149,243,94,True
40,68,149,243,94,True
44,63,149,243,94,True
49,68,149,243,94,True
52,54,149,208,59,True
55,62,149,311,162,True
60,59,149,208,59,True
62,57,149,208,59,True
63,61,149,270,121,True
66,58,149,208,59,True
67,67,149,270,121,True
69,58,149,208,59,True
75,61,149,311,162,True
80,62,149,208,59,True
82,63,149,208,59,True
83,63,149,208,59,True
84,63,149,208,59,True
87,52,149,270,121,True
89,58,149,270,121,True
92,53,149,270,121,True
98,66,149,208,59,True
1,57,150,243,93,True
4,55,150,243,93,True
7,51,150,243,93,True
8,64,150,243,93,True
9,59,150,243,93,True
10,59,150,243,93,True
11,64,150,243,93,True
13,57,150,243,93,True
14,64,150,243,93,True
15,59,150,243,93,True
16,71,150,243,93,True
17,44,150,243,93,True
18,65,150,243,93,True
20,69,150,243,93,True
26,65,150,243,93,True
27,62,150,243,93,True
29,56,150,243,93,True
30,65,150,243,93,True
36,51,150,243,93,True
37,59,150,243,93,True
38,61,150,243,93,True
39,63,150,243,93,True
42,62,150,243,93,True
44,64,150,243,93,True
48,62,150,243,93,True
50,56,150,311,161,True
55,63,150,311,161,True
57,61,150,311,161,True
59,68,150,208,58,True
60,60,150,208,58,True
63,62,150,270,120,True
67,68,150,270,120,True
68,52,150,311,161,True
72,49,150,208,58,True
73,69,150,208,58,True
76,63,150,270,120,True
80,63,150,208,58,True
82,64,150,208,58,True
90,63,150,311,161,True
92,54,150,270,120,True
94,66,150,311,161,True
96,57,150,311,161,True
98,67,150,208,58,True
99,62,150,208,58,True
2,66,151,243,92,True
3,56,151,301,150,True
13,58,151,243,92,True
16,72,151,243,92,True
17,45,151,243,92,True
19,52,151,243,92,True
21,59,151,243,92,True
26,66,151,243,92,True
28,54,151,243,92,True
33,65,151,243,92,True
34,59,151,301,150,True
39,64,151,243,92,True
42,63,151,243,92,True
43,66,151,243,92,True
46,62,151,243,92,True
47,74,151,243,92,True
48,63,151,243,92,True
54,60,151,208,57,True
56,73,151,270,119,True
58,61,151,208,57,True
61,69,151,311,160,True
63,63,151,270,119,True
65,64,151,311,160,True
68,53,151,311,160,True
75,62,151,311,160,True
76,64,151,270,119,True
79,61,151,208,57,True
82,65,151,208,57,True
86,55,151,311,160,True
93,83,151,311,160,True
96,58,151,311,160,True
98,68,151,208,57,True
3,57,152,301,149,True
5,63,152,243,91,True
6,62,152,243,91,True
8,65,152,243,91,True
12,57,152,243,91,True
14,65,152,243,91,True
18,66,152,243,91,True
21,60,152,243,91,True
23,65,152,301,149,True
24,60,152,243,91,True
25,62,152,243,91,True
28,55,152,243,91,True
33,66,152,243,91,True
37,60,152,243,91,True
38,62,152,243,91,True
42,64,152,243,91,True
44,65,152,243,91,True
49,69,152,243,91,True
51,47,152,208,56,True
53,57,152,270,118,True
58,62,152,208,56,True
62,58,152,208,56,True
63,64,152,270,118,True
64,49,152,208,56,True
66,59,152,208,56,True
67,69,152,270,118,True
68,54,152,311,159,True
71,52,152,270,118,True
72,50,152,208,56,True
78,65,152,208,56,True
79,62,152,208,56,True
80,64,152,208,56,True
82,66,152,208,56,True
84,64,152,208,56,True
85,63,152,208,56,True
86,56,152,311,159,True
87,53,152,270,118,True
89,59,152,311,159,True
92,55,152,270,118,True
93,84,152,311,159,True
94,67,152,311,159,True
95,68,152,270,118,True
99,63,152,208,56,True
1,58,153,243,90,True
3,58,153,301,148,True
5,64,153,243,90,True
6,63,153,243,90,True
8,66,153,243,90,True
10,60,153,243,90,True
11,65,153,243,90,True
15,60,153,243,90,True
17,46,153,243,90,True
18,67,153,243,90,True
25,63,153,243,90,True
36,52,153,243,90,True
37,61,153,243,90,True
38,63,153,243,90,True
40,69,153,243,90,True
41,59,153,243,90,True
47,75,153,243,90,True
49,70,153,243,90,True
51,48,153,208,55,True
52,55,153,208,55,True
53,58,153,270,117,True
55,64,153,311,158,True
56,74,153,311,158,True
60,61,153,208,55,True
61,70,153,311,158,True
63,65,153,270,117,True
66,60,153,208,55,True
75,63,153,311,158,True
77,59,153,311,158,True
78,66,153,208,55,True
79,63,153,208,55,True
80,65,153,208,55,True
83,64,153,311,158,True
84,65,153,208,55,True
86,57,153,311,158,True
89,60,153,311,158,True
93,85,153,311,158,True
94,68,153,311,158,True
97,55,153,208,55,True
99,64,153,208,55,True
7,52,154,243,89,True
8,67,154,243,89,True
11,66,154,243,89,True
13,59,154,243,89,True
15,61,154,243,89,True
17,47,154,243,89,True
21,61,154,243,89,True
23,66,154,301,147,True
27,63,154,243,89,True
29,57,154,243,89,True
30,66,154,243,89,True
33,67,154,243,89,True
34,60,154,301,147,True
38,64,154,243,89,True
40,70,154,243,89,True
41,60,154,243,89,True
43,67,154,243,89,True
44,66,154,243,89,True
45,63,154,243,89,True
46,63,154,243,89,True
47,76,154,243,89,True
52,56,154,208,54,True
60,62,154,208,54,True
63,66,154,270,116,True
65,65,154,311,157,True
66,61,154,208,54,True
68,55,154,311,157,True
69,59,154,208,54,True
71,53,154,270,116,True
74,60,154,311,157,True
79,64,154,208,54,True
83,65,154,311,157,True
87,54,154,311,157,True
90,64,154,311,157,True
91,50,154,311,157,True
92,56,154,270,116,True
96,59,154,311,157,True
1,59,155,243,88,True
3,59,155,301,146,True
4,56,155,243,88,True
5,65,155,243,88,True
9,60,155,243,88,True
10,61,155,243,88,True
15,62,155,243,88,True
18,68,155,243,88,True
19,53,155,243,88,True
20,70,155,243,88,True
22,58,155,243,88,True
24,61,155,243,88,True
28,56,155,243,88,True
29,58,155,243,88,True
33,68,155,243,88,True
35,61,155,243,88,True
36,53,155,243,88,True
37,62,155,243,88,True
38,65,155,243,88,True
39,65,155,243,88,True
40,71,155,243,88,True
44,67,155,243,88,True
46,64,155,243,88,True
48,64,155,243,88,True
51,49,155,208,53,True
58,63,155,208,53,True
59,69,155,208,53,True
62,59,155,208,53,True
72,51,155,270,115,True
75,64,155,311,156,True
77,60,155,311,156,True
79,65,155,208,53,True
89,61,155,311,156,True
93,86,155,311,156,True
97,56,155,208,53,True
99,65,155,208,53,True
3,60,156,301,145,True
9,61,156,243,87,True
12,58,156,243,87,True
16,73,156,243,87,True
17,48,156,243,87,True
18,69,156,243,87,True
20,71,156,243,87,True
23,67,156,301,145,True
26,67,156,243,87,True
27,64,156,243,87,True
30,67,156,243,87,True
31,64,156,243,87,True
33,69,156,243,87,True
36,54,156,243,87,True
37,63,156,243,87,True
38,66,156,243,87,True
47,77,156,243,87,True
52,57,156,208,52,True
54,61,156,208,52,True
56,75,156,311,155,True
59,70,156,208,52,True
64,50,156,208,52,True
67,70,156,270,114,True
73,70,156,208,52,True
77,61,156,311,155,True
79,66,156,208,52,True
82,67,156,208,52,True
83,66,156,311,155,True
86,58,156,311,155,True
87,55,156,311,155,True
88,64,156,270,114,True
91,51,156,311,155,True
92,57,156,270,114,True
94,69,156,311,155,True
95,69,156,270,114,True
98,69,156,208,52,True
99,66,156,208,52,True
0,63,157,243,86,True
1,60,157,243,86,True
3,61,157,301,144,True
4,57,157,243,86,True
6,64,157,243,86,True
8,68,157,243,86,True
9,62,157,243,86,True
11,67,157,243,86,True
13,60,157,243,86,True
14,66,157,243,86,True
16,74,157,243,86,True
20,72,157,243,86,True
30,68,157,243,86,True
32,63,157,243,86,True
33,70,157,243,86,True
35,62,157,243,86,True
38,67,157,243,86,True
39,66,157,243,86,True
41,61,157,243,86,True
43,68,157,243,86,True
50,57,157,311,154,True
51,50,157,208,51,True
60,63,157,270,113,True
65,66,157,311,154,True
69,60,157,208,51,True
72,52,157,270,113,True
77,62,157,311,154,True
78,67,157,208,51,True
79,67,157,208,51,True
81,59,157,311,154,True
83,67,157,311,154,True
84,66,157,208,51,True
86,59,157,311,154,True
93,87,157,311,154,True
98,70,157,208,51,True
0,64,158,243,85,True
2,67,158,243,85,True
3,62,158,301,143,True
5,66,158,243,85,True
8,69,158,243,85,True
10,62,158,243,85,True
14,67,158,243,85,True
17,49,158,243,85,True
20,73,158,243,85,True
28,57,158,243,85,True
29,59,158,243,85,True
30,69,158,243,85,True
31,65,158,243,85,True
32,64,158,243,85,True
33,71,158,243,85,True
36,55,158,243,85,True
38,68,158,243,85,True
42,65,158,243,85,True
43,69,158,243,85,True
44,68,158,243,85,True
45,64,158,243,85,True
49,71,158,243,85,True
51,51,158,208,50,True
55,65,158,311,153,True
58,64,158,208,50,True
60,64,158,270,112,True
62,60,158,208,50,True
65,67,158,311,153,True
67,71,158,270,112,True
69,61,158,208,50,True
75,65,158,311,153,True
76,65,158,311,153,True
81,60,158,311,153,True
83,68,158,311,153,True
89,62,158,311,153,True
91,52,158,311,153,True
94,70,158,311,153,True
95,70,158,270,112,True
0,65,159,243,84,True
5,67,159,243,84,True
12,59,159,243,84,True
15,63,159,243,84,True
18,70,159,243,84,True
22,59,159,243,84,True
25,64,159,243,84,True
28,58,159,243,84,True
30,70,159,243,84,True
31,66,159,243,84,True
32,65,159,243,84,True
33,72,159,243,84,True
37,64,159,243,84,True
40,72,159,243,84,True
42,66,159,243,84,True
43,70,159,243,84,True
44,69,159,243,84,True
46,65,159,243,84,True
53,59,159,270,111,True
57,62,159,311,152,True
58,65,159,208,49,True
59,71,159,208,49,True
62,61,159,208,49,True
63,67,159,270,111,True
64,51,159,208,49,True
67,72,159,311,152,True
68,56,159,311,152,True
71,54,159,311,152,True
73,71,159,208,49,True
77,63,159,311,152,True
78,68,159,208,49,True
81,61,159,311,152,True
83,69,159,311,152,True
85,64,159,208,49,True
87,56,159,311,152,True
91,53,159,311,152,True
92,58,159,270,111,True
99,67,159,208,49,True
2,68,160,243,83,True
7,53,160,243,83,True
12,60,160,243,83,True
14,68,160,243,83,True
16,75,160,243,83,True
25,65,160,243,83,True
28,59,160,243,83,True
29,60,160,243,83,True
32,66,160,243,83,True
35,63,160,243,83,True
37,65,160,243,83,True
47,78,160,243,83,True
54,62,160,208,48,True
56,76,160,311,151,True
62,62,160,208,48,True
63,68,160,270,110,True
64,52,160,208,48,True
67,73,160,311,151,True
70,71,160,311,151,True
78,69,160,270,110,True
81,62,160,311,151,True
82,68,160,208,48,True
91,54,160,311,151,True
98,71,160,208,48,True
1,61,161,243,82,True
2,69,161,243,82,True
5,68,161,243,82,True
8,70,161,243,82,True
11,68,161,243,82,True
12,61,161,243,82,True
13,61,161,301,140,True
16,76,161,243,82,True
18,71,161,243,82,True
21,62,161,301,140,True
23,68,161,301,140,True
24,62,161,243,82,True
27,65,161,243,82,True
29,61,161,243,82,True
30,71,161,243,82,True
31,67,161,243,82,True
33,73,161,243,82,True
34,61,161,301,140,True
35,64,161,243,82,True
36,56,161,243,82,True
39,67,161,243,82,True
42,67,161,243,82,True
45,65,161,243,82,True
46,66,161,243,82,True
48,65,161,243,82,True
52,58,161,208,47,True
56,77,161,311,150,True
57,63,161,311,150,True
59,72,161,208,47,True
60,65,161,270,109,True
63,69,161,270,109,True
66,62,161,208,47,True
67,74,161,311,150,True
68,57,161,311,150,True
69,62,161,208,47,True
70,72,161,311,150,True
73,72,161,208,47,True
78,70,161,270,109,True
79,68,161,208,47,True
80,66,161,208,47,True
84,67,161,208,47,True
85,65,161,270,109,True
86,60,161,311,150,True
89,63,161,311,150,True
90,65,161,311,150,True
96,60,161,311,150,True
97,57,161,270,109,True
98,72,161,208,47,True
0,66,162,243,81,True
1,62,162,243,81,True
7,54,162,243,81,True
8,71,162,243,81,True
9,63,162,243,81,True
10,63,162,243,81,True
14,69,162,243,81,True
15,64,162,243,81,True
17,50,162,243,81,True
20,74,162,243,81,True
27,66,162,243,81,True
29,62,162,243,81,True
38,69,162,243,81,True
39,68,162,243,81,True
41,62,162,243,81,True
42,68,162,243,81,True
44,70,162,243,81,True
45,66,162,243,81,True
46,67,162,243,81,True
47,79,162,243,81,True
48,66,162,243,81,True
55,66,162,311,149,True
57,64,162,311,149,True
61,71,162,311,149,True
65,68,162,311,149,True
66,63,162,208,46,True
74,61,162,311,149,True
76,66,162,311,149,True
77,64,162,311,149,True
78,71,162,270,108,True
92,59,162,311,149,True
94,71,162,311,149,True
3,63,163,301,138,True
10,64,163,243,80,True
11,69,163,243,80,True
12,62,163,243,80,True
13,62,163,301,138,True
18,72,163,243,80,True
19,54,163,335,172,True
21,63,163,301,138,True
25,66,163,243,80,True
26,68,163,243,80,True
32,67,163,243,80,True
38,70,163,243,80,True
39,69,163,243,80,True
40,73,163,243,80,True
41,63,163,243,80,True
45,67,163,243,80,True
61,72,163,311,148,True
63,70,163,270,107,True
66,64,163,208,45,True
67,75,163,311,148,True
70,73,163,311,148,True
71,55,163,311,148,True
74,62,163,311,148,True
76,67,163,311,148,True
77,65,163,311,148,True
78,72,163,270,107,True
79,69,163,208,45,True
80,67,163,208,45,True
81,63,163,311,148,True
83,70,163,311,148,True
85,66,163,270,107,True
89,64,163,311,148,True
90,66,163,311,148,True
93,88,163,311,148,True
97,58,163,270,107,True
98,73,163,208,45,True
0,67,164,243,79,True
4,58,164,243,79,True
5,69,164,243,79,True
6,65,164,243,79,True
9,64,164,243,79,True
10,65,164,243,79,True
13,63,164,301,137,True
14,70,164,243,79,True
17,51,164,243,79,True
22,60,164,243,79,True
27,67,164,243,79,True
29,63,164,243,79,True
30,72,164,243,79,True
31,68,164,243,79,True
32,68,164,243,79,True
36,57,164,243,79,True
39,70,164,243,79,True
40,74,164,243,79,True
41,64,164,243,79,True
44,71,164,243,79,True
45,68,164,243,79,True
52,59,164,208,44,True
53,60,164,311,147,True
54,63,164,270,106,True
55,67,164,311,147,True
56,78,164,311,147,True
58,66,164,208,44,True
59,73,164,208,44,True
64,53,164,270,106,True
66,65,164,208,44,True
69,63,164,311,147,True
71,56,164,311,147,True
73,73,164,208,44,True
77,66,164,311,147,True
82,69,164,208,44,True
85,67,164,270,106,True
91,55,164,311,147,True
0,68,165,243,78,True
9,65,165,243,78,True
12,63,165,243,78,True
14,71,165,243,78,True
16,77,165,243,78,True
17,52,165,243,78,True
20,75,165,243,78,True
29,64,165,243,78,True
35,65,165,243,78,True
38,71,165,243,78,True
39,71,165,243,78,True
41,65,165,243,78,True
43,71,165,243,78,True
44,72,165,243,78,True
45,69,165,243,78,True
47,80,165,243,78,True
48,67,165,243,78,True
52,60,165,208,43,True
54,64,165,270,105,True
55,68,165,311,146,True
56,79,165,311,146,True
61,73,165,311,146,True
66,66,165,208,43,True
71,57,165,311,146,True
73,74,165,208,43,True
76,68,165,311,146,True
78,73,165,270,105,True
79,70,165,208,43,True
82,70,165,311,146,True
83,71,165,311,146,True
85,68,165,270,105,True
86,61,165,311,146,True
88,65,165,311,146,True
89,65,165,311,146,True
90,67,165,311,146,True
92,60,165,311,146,True
94,72,165,311,146,True
95,71,165,311,146,True
96,61,165,311,146,True
0,69,166,243,77,True
4,59,166,243,77,True
7,55,166,243,77,True
9,66,166,243,77,True
16,78,166,243,77,True
17,53,166,243,77,True
18,73,166,243,77,True
19,55,166,335,169,True
20,76,166,243,77,True
22,61,166,243,77,True
23,69,166,301,135,True
27,68,166,243,77,True
29,65,166,243,77,True
33,74,166,243,77,True
35,66,166,243,77,True
40,75,166,243,77,True
43,72,166,243,77,True
47,81,166,301,135,True
49,72,166,243,77,True
51,52,166,208,42,True
55,69,166,311,145,True
58,67,166,208,42,True
61,74,166,311,145,True
65,69,166,311,145,True
67,76,166,311,145,True
68,58,166,311,145,True
70,74,166,311,145,True
75,66,166,311,145,True
76,69,166,311,145,True
77,67,166,311,145,True
79,71,166,208,42,True
82,71,166,311,145,True
83,72,166,311,145,True
86,62,166,311,145,True
88,66,166,311,145,True
93,89,166,311,145,True
94,73,166,311,145,True
95,72,166,311,145,True
97,59,166,270,104,True
99,68,166,311,145,True
3,64,167,301,134,True
6,66,167,243,76,True
7,56,167,243,76,True
9,67,167,243,76,True
13,64,167,301,134,True
15,65,167,243,76,True
19,56,167,335,168,True
24,63,167,243,76,True
27,69,167,243,76,True
28,60,167,243,76,True
29,66,167,243,76,True
32,69,167,301,134,True
43,73,167,243,76,True
55,70,167,311,144,True
56,80,167,311,144,True
57,65,167,311,144,True
58,68,167,208,41,True
60,66,167,270,103,True
61,75,167,311,144,True
65,70,167,311,144,True
66,67,167,208,41,True
68,59,167,311,144,True
70,75,167,311,144,True
71,58,167,311,144,True
76,70,167,311,144,True
77,68,167,311,144,True
80,68,167,270,103,True
84,68,167,208,41,True
85,69,167,270,103,True
86,63,167,311,144,True
89,66,167,311,144,True
90,68,167,311,144,True
94,74,167,311,144,True
98,74,167,311,144,True
2,70,168,243,75,True
4,60,168,243,75,True
9,68,168,243,75,True
10,66,168,243,75,True
12,64,168,243,75,True
13,65,168,301,133,True
14,72,168,243,75,True
15,66,168,243,75,True
17,54,168,243,75,True
20,77,168,243,75,True
21,64,168,301,133,True
22,62,168,243,75,True
23,70,168,301,133,True
28,61,168,243,75,True
32,70,168,301,133,True
33,75,168,243,75,True
34,62,168,301,133,True
38,72,168,243,75,True
39,72,168,243,75,True
44,73,168,243,75,True
46,68,168,243,75,True
49,73,168,243,75,True
51,53,168,208,40,True
56,81,168,311,143,True
58,69,168,270,102,True
64,54,168,270,102,True
66,68,168,208,40,True
67,77,168,311,143,True
70,76,168,311,143,True
71,59,168,311,143,True
72,53,168,311,143,True
74,63,168,311,143,True
75,67,168,311,143,True
76,71,168,311,143,True
78,74,168,311,143,True
81,64,168,311,143,True
83,73,168,311,143,True
86,64,168,311,143,True
87,57,168,311,143,True
88,67,168,311,143,True
90,69,168,311,143,True
93,90,168,311,143,True
94,75,168,311,143,True
96,62,168,311,143,True
97,60,168,270,102,True
98,75,168,311,143,True
0,70,169,243,74,True
6,67,169,243,74,True
7,57,169,243,74,True
8,72,169,243,74,True
11,70,169,243,74,True
14,73,169,243,74,True
16,79,169,243,74,True
19,57,169,335,166,True
21,65,169,301,132,True
25,67,169,301,132,True
27,70,169,243,74,True
28,62,169,243,74,True
34,63,169,301,132,True
35,67,169,243,74,True
36,58,169,243,74,True
44,74,169,243,74,True
45,70,169,243,74,True
47,82,169,301,132,True
48,68,169,243,74,True
49,74,169,243,74,True
51,54,169,208,39,True
53,61,169,311,142,True
55,71,169,311,142,True
60,67,169,311,142,True
61,76,169,311,142,True
64,55,169,311,142,True
66,69,169,208,39,True
69,64,169,311,142,True
75,68,169,311,142,True
77,69,169,311,142,True
78,75,169,311,142,True
79,72,169,311,142,True
82,72,169,311,142,True
84,69,169,208,39,True
85,70,169,270,101,True
88,68,169,311,142,True
89,67,169,311,142,True
90,70,169,311,142,True
92,61,169,311,142,True
93,91,169,311,142,True
94,76,169,311,142,True
96,63,169,311,142,True
4,61,170,243,73,True
5,70,170,243,73,True
6,68,170,243,73,True
9,69,170,243,73,True
10,67,170,243,73,True
11,71,170,243,73,True
12,65,170,243,73,True
13,66,170,301,131,True
14,74,170,243,73,True
15,67,170,243,73,True
18,74,170,243,73,True
19,58,170,335,165,True
23,71,170,301,131,True
25,68,170,301,131,True
26,69,170,243,73,True
27,71,170,243,73,True
28,63,170,243,73,True
30,73,170,243,73,True
41,66,170,243,73,True
42,69,170,243,73,True
43,74,170,243,73,True
44,75,170,243,73,True
47,83,170,301,131,True
51,55,170,208,38,True
54,65,170,311,141,True
56,82,170,311,141,True
57,66,170,311,141,True
58,70,170,270,100,True
60,68,170,311,141,True
61,77,170,311,141,True
62,63,170,208,38,True
65,71,170,311,141,True
67,78,170,311,141,True
68,60,170,311,141,True
72,54,170,311,141,True
73,75,170,208,38,True
76,72,170,311,141,True
77,70,170,311,141,True
78,76,170,311,141,True
80,69,170,270,100,True
83,74,170,311,141,True
87,58,170,311,141,True
89,68,170,311,141,True
94,77,170,311,141,True
95,73,170,311,141,True
0,71,171,243,72,True
2,71,171,243,72,True
3,65,171,301,130,True
7,58,171,243,72,True
12,66,171,243,72,True
13,67,171,301,130,True
17,55,171,243,72,True
19,59,171,335,164,True
21,66,171,301,130,True
22,63,171,243,72,True
29,67,171,243,72,True
33,76,171,243,72,True
34,64,171,301,130,True
38,73,171,243,72,True
44,76,171,243,72,True
46,69,171,243,72,True
47,84,171,301,130,True
48,69,171,243,72,True
50,58,171,311,140,True
51,56,171,208,37,True
52,61,171,208,37,True
53,62,171,311,140,True
61,78,171,311,140,True
62,64,171,208,37,True
64,56,171,311,140,True
68,61,171,311,140,True
69,65,171,311,140,True
71,60,171,311,140,True
76,73,171,311,140,True
83,75,171,311,140,True
84,70,171,208,37,True
88,69,171,311,140,True
90,71,171,311,140,True
94,78,171,311,140,True
95,74,171,311,140,True
98,76,171,311,140,True
99,69,171,311,140,True
0,72,172,301,129,True
4,62,172,243,71,True
12,67,172,243,71,True
15,68,172,243,71,True
17,56,172,243,71,True
23,72,172,301,129,True
25,69,172,301,129,True
27,72,172,243,71,True
29,68,172,243,71,True
33,77,172,243,71,True
34,65,172,301,129,True
35,68,172,243,71,True
43,75,172,243,71,True
44,77,172,243,71,True
45,71,172,243,71,True
47,85,172,301,129,True
48,70,172,243,71,True
49,75,172,243,71,True
52,62,172,208,36,True
53,63,172,311,139,True
54,66,172,311,139,True
56,83,172,311,139,True
61,79,172,311,139,True
64,57,172,311,139,True
65,72,172,311,139,True
66,70,172,208,36,True
68,62,172,311,139,True
74,64,172,311,139,True
80,70,172,270,98,True
83,76,172,311,139,True
84,71,172,208,36,True
87,59,172,311,139,True
88,70,172,311,139,True
90,72,172,311,139,True
92,62,172,311,139,True
97,61,172,311,139,True
98,77,172,311,139,True
1,63,173,243,70,True
3,66,173,301,128,True
5,71,173,243,70,True
8,73,173,243,70,True
10,68,173,243,70,True
14,75,173,243,70,True
19,60,173,335,162,True
20,78,173,243,70,True
21,67,173,301,128,True
30,74,173,243,70,True
32,71,173,301,128,True
35,69,173,243,70,True
38,74,173,243,70,True
39,73,173,243,70,True
48,71,173,243,70,True
52,63,173,208,35,True
55,72,173,311,138,True
57,67,173,311,138,True
60,69,173,311,138,True
62,65,173,224,51,True
68,63,173,311,138,True
69,66,173,311,138,True
72,55,173,311,138,True
73,76,173,270,97,True
75,69,173,319,146,True
77,71,173,311,138,True
78,77,173,311,138,True
79,73,173,311,138,True
80,71,173,270,97,True
90,73,173,311,138,True
91,56,173,311,138,True
93,92,173,311,138,True
94,79,173,311,138,True
96,64,173,311,138,True
97,62,173,311,138,True
98,78,173,311,138,True
0,73,174,301,127,True
1,64,174,243,69,True
3,67,174,301,127,True
4,63,174,243,69,True
6,69,174,243,69,True
9,70,174,243,69,True
11,72,174,243,69,True
13,68,174,301,127,True
14,76,174,243,69,True
15,69,174,243,69,True
18,75,174,243,69,True
21,68,174,301,127,True
23,73,174,301,127,True
25,70,174,301,127,True
30,75,174,243,69,True
31,69,174,243,69,True
33,78,174,335,161,True
34,66,174,301,127,True
37,66,174,243,69,True
41,67,174,243,69,True
43,76,174,243,69,True
46,70,174,243,69,True
47,86,174,301,127,True
48,72,174,243,69,True
50,59,174,311,137,True
52,64,174,208,34,True
56,84,174,311,137,True
61,80,174,311,137,True
65,73,174,311,137,True
66,71,174,311,137,True
69,67,174,311,137,True
70,77,174,311,137,True
71,61,174,311,137,True
76,74,174,311,137,True
78,78,174,311,137,True
79,74,174,311,137,True
81,65,174,311,137,True
83,77,174,311,137,True
85,71,174,311,137,True
86,65,174,311,137,True
89,69,174,311,137,True
93,93,174,311,137,True
94,80,174,311,137,True
99,70,174,311,137,True
0,74,175,301,126,True
1,65,175,243,68,True
2,72,175,243,68,True
3,68,175,301,126,True
4,64,175,243,68,True
11,73,175,243,68,True
14,77,175,301,126,True
15,70,175,243,68,True
16,80,175,243,68,True
24,64,175,243,68,True
27,73,175,243,68,True
30,76,175,243,68,True
34,67,175,301,126,True
36,59,175,243,68,True
37,67,175,243,68,True
40,76,175,243,68,True
45,72,175,243,68,True
48,73,175,243,68,True
52,65,175,311,136,True
53,64,175,311,136,True
55,73,175,311,136,True
57,68,175,311,136,True
64,58,175,311,136,True
78,79,175,311,136,True
80,72,175,270,95,True
81,66,175,311,136,True
82,73,175,311,136,True
83,78,175,311,136,True
84,72,175,208,33,True
87,60,175,311,136,True
89,70,175,311,136,True
90,74,175,311,136,True
91,57,175,311,136,True
93,94,175,311,136,True
97,63,175,311,136,True
0,75,176,301,125,True
4,65,176,243,67,True
5,72,176,243,67,True
8,74,176,301,125,True
11,74,176,243,67,True
13,69,176,301,125,True
15,71,176,243,67,True
17,57,176,243,67,True
18,76,176,243,67,True
25,71,176,301,125,True
26,70,176,252,76,True
28,64,176,243,67,True
30,77,176,243,67,True
31,70,176,243,67,True
32,72,176,301,125,True
38,75,176,243,67,True
39,74,176,243,67,True
40,77,176,243,67,True
42,70,176,301,125,True
43,77,176,243,67,True
44,78,176,243,67,True
45,73,176,243,67,True
46,71,176,243,67,True
47,87,176,301,125,True
48,74,176,243,67,True
52,66,176,311,135,True
57,69,176,311,135,True
58,71,176,270,94,True
61,81,176,311,135,True
62,66,176,224,48,True
64,59,176,311,135,True
67,79,176,311,135,True
69,68,176,311,135,True
70,78,176,311,135,True
71,62,176,311,135,True
74,65,176,311,135,True
75,70,176,319,143,True
79,75,176,311,135,True
85,72,176,311,135,True
87,61,176,311,135,True
88,71,176,311,135,True
89,71,176,311,135,True
1,66,177,243,66,True
5,73,177,243,66,True
7,59,177,243,66,True
11,75,177,243,66,True
12,68,177,243,66,True
13,70,177,301,124,True
16,81,177,243,66,True
21,69,177,301,124,True
28,65,177,243,66,True
30,78,177,243,66,True
31,71,177,243,66,True
32,73,177,301,124,True
33,79,177,335,158,True
34,68,177,301,124,True
38,76,177,301,124,True
40,78,177,243,66,True
41,68,177,335,158,True
42,71,177,301,124,True
48,75,177,243,66,True
49,76,177,301,124,True
50,60,177,311,134,True
53,65,177,311,134,True
57,70,177,311,134,True
59,74,177,311,134,True
60,70,177,311,134,True
63,71,177,311,134,True
65,74,177,311,134,True
72,56,177,311,134,True
76,75,177,311,134,True
79,76,177,311,134,True
83,79,177,311,134,True
87,62,177,311,134,True
90,75,177,311,134,True
92,63,177,311,134,True
95,75,177,311,134,True
96,65,177,311,134,True
97,64,177,311,134,True
1,67,178,243,65,True
3,69,178,301,123,True
4,66,178,243,65,True
5,74,178,243,65,True
9,71,178,243,65,True
12,69,178,243,65,True
17,58,178,243,65,True
22,64,178,243,65,True
25,72,178,301,123,True
26,71,178,252,74,True
28,66,178,243,65,True
29,69,178,243,65,True
31,72,178,335,157,True
34,69,178,301,123,True
36,60,178,243,65,True
40,79,178,243,65,True
42,72,178,301,123,True
43,78,178,243,65,True
44,79,178,243,65,True
49,77,178,301,123,True
50,61,178,311,133,True
51,57,178,311,133,True
53,66,178,311,133,True
54,67,178,311,133,True
57,71,178,311,133,True
61,82,178,311,133,True
65,75,178,311,133,True
67,80,178,311,133,True
68,64,178,311,133,True
69,69,178,311,133,True
70,79,178,311,133,True
76,76,178,311,133,True
78,80,178,311,133,True
84,73,178,311,133,True
85,73,178,311,133,True
88,72,178,311,133,True
90,76,178,311,133,True
93,95,178,319,141,True
0,76,179,301,122,True
1,68,179,243,64,True
2,73,179,243,64,True
4,67,179,243,64,True
5,75,179,243,64,True
6,70,179,243,64,True
12,70,179,243,64,True
19,61,179,335,156,True
21,70,179,301,122,True
23,74,179,301,122,True
24,65,179,243,64,True
26,72,179,252,73,True
27,74,179,243,64,True
28,67,179,243,64,True
29,70,179,243,64,True
31,73,179,335,156,True
35,70,179,243,64,True
37,68,179,243,64,True
38,77,179,301,122,True
39,75,179,243,64,True
40,80,179,301,122,True
41,69,179,335,156,True
42,73,179,301,122,True
43,79,179,243,64,True
46,72,179,243,64,True
47,88,179,301,122,True
49,78,179,301,122,True
51,58,179,311,132,True
52,67,179,311,132,True
54,68,179,311,132,True
55,74,179,311,132,True
61,83,179,311,132,True
63,72,179,311,132,True
64,60,179,311,132,True
65,76,179,311,132,True
67,81,179,311,132,True
70,80,179,311,132,True
71,63,179,311,132,True
75,71,179,319,140,True
82,74,179,311,132,True
83,80,179,311,132,True
84,74,179,311,132,True
87,63,179,311,132,True
89,72,179,311,132,True
90,77,179,311,132,True
91,58,179,311,132,True
93,96,179,319,140,True
96,66,179,311,132,True
2,74,180,243,63,True
6,71,180,335,155,True
7,60,180,243,63,True
11,76,180,243,63,True
12,71,180,243,63,True
14,78,180,301,121,True
18,77,180,243,63,True
19,62,180,335,155,True
24,66,180,243,63,True
26,73,180,252,72,True
30,79,180,243,63,True
33,80,180,335,155,True
35,71,180,243,63,True
39,76,180,243,63,True
41,70,180,335,155,True
44,80,180,243,63,True
48,76,180,243,63,True
50,62,180,311,131,True
52,68,180,311,131,True
53,67,180,311,131,True
55,75,180,311,131,True
58,72,180,311,131,True
63,73,180,311,131,True
64,61,180,311,131,True
65,77,180,311,131,True
66,72,180,311,131,True
67,82,180,311,131,True
68,65,180,311,131,True
69,70,180,311,131,True
73,77,180,270,90,True
77,72,180,311,131,True
79,77,180,311,131,True
80,73,180,311,131,True
81,67,180,311,131,True
87,64,180,311,131,True
88,73,180,311,131,True
90,78,180,311,131,True
94,81,180,311,131,True
97,65,180,319,139,True
3,70,181,301,120,True
8,75,181,301,120,True
9,72,181,243,62,True
11,77,181,243,62,True
12,72,181,243,62,True
13,71,181,301,120,True
15,72,181,301,120,True
16,82,181,301,120,True
18,78,181,243,62,True
21,71,181,301,120,True
24,67,181,243,62,True
35,72,181,243,62,True
37,69,181,243,62,True
40,81,181,301,120,True
41,71,181,335,154,True
43,80,181,243,62,True
44,81,181,243,62,True
45,74,181,243,62,True
48,77,181,243,62,True
49,79,181,301,120,True
50,63,181,311,130,True
51,59,181,311,130,True
53,68,181,311,130,True
55,76,181,311,130,True
56,85,181,311,130,True
58,73,181,311,130,True
60,71,181,311,130,True
64,62,181,311,130,True
66,73,181,311,130,True
69,71,181,311,130,True
70,81,181,311,130,True
71,64,181,311,130,True
73,78,181,311,130,True
75,72,181,319,138,True
78,81,181,311,130,True
80,74,181,311,130,True
82,75,181,311,130,True
83,81,181,311,130,True
84,75,181,311,130,True
86,66,181,311,130,True
87,65,181,311,130,True
88,74,181,311,130,True
91,59,181,311,130,True
92,64,181,311,130,True
93,97,181,319,138,True
94,82,181,311,130,True
95,76,181,311,130,True
98,79,181,311,130,True
4,68,182,243,61,True
5,76,182,243,61,True
6,72,182,335,153,True
7,61,182,243,61,True
8,76,182,301,119,True
9,73,182,243,61,True
11,78,182,243,61,True
15,73,182,301,119,True
19,63,182,335,153,True
23,75,182,301,119,True
24,68,182,243,61,True
25,73,182,301,119,True
26,74,182,252,70,True
28,68,182,243,61,True
33,81,182,335,153,True
37,70,182,335,153,True
39,77,182,243,61,True
40,82,182,301,119,True
42,74,182,301,119,True
45,75,182,243,61,True
46,73,182,243,61,True
47,89,182,301,119,True
48,78,182,243,61,True
51,60,182,311,129,True
53,69,182,311,129,True
54,69,182,311,129,True
55,77,182,311,129,True
56,86,182,311,129,True
62,67,182,270,88,True
64,63,182,311,129,True
68,66,182,311,129,True
71,65,182,311,129,True
76,77,182,311,129,True
79,78,182,311,129,True
80,75,182,311,129,True
81,68,182,311,129,True
84,76,182,311,129,True
85,74,182,311,129,True
87,66,182,311,129,True
90,79,182,311,129,True
92,65,182,311,129,True
93,98,182,319,137,True
94,83,182,311,129,True
96,67,182,311,129,True
1,69,183,243,60,True
2,75,183,243,60,True
3,71,183,301,118,True
4,69,183,243,60,True
5,77,183,243,60,True
7,62,183,243,60,True
9,74,183,243,60,True
12,73,183,243,60,True
14,79,183,335,152,True
20,79,183,335,152,True
23,76,183,301,118,True
25,74,183,301,118,True
29,71,183,243,60,True
30,80,183,243,60,True
31,74,183,335,152,True
38,78,183,301,118,True
39,78,183,243,60,True
41,72,183,335,152,True
44,82,183,243,60,True
46,74,183,243,60,True
48,79,183,243,60,True
49,80,183,301,118,True
50,64,183,311,128,True
51,61,183,311,128,True
52,69,183,311,128,True
57,72,183,319,136,True
63,74,183,311,128,True
64,64,183,311,128,True
67,83,183,311,128,True
70,82,183,311,128,True
72,57,183,311,128,True
74,66,183,311,128,True
76,78,183,311,128,True
78,82,183,311,128,True
83,82,183,311,128,True
87,67,183,311,128,True
90,80,183,311,128,True
91,60,183,311,128,True
94,84,183,311,128,True
96,68,183,311,128,True
98,80,183,311,128,True
0,77,184,301,117,True
1,70,184,243,59,True
3,72,184,301,117,True
6,73,184,335,151,True
8,77,184,301,117,True
9,75,184,335,151,True
10,69,184,335,151,True
14,80,184,335,151,True
18,79,184,243,59,True
19,64,184,335,151,True
20,80,184,335,151,True
21,72,184,301,117,True
22,65,184,243,59,True
25,75,184,301,117,True
28,69,184,243,59,True
31,75,184,335,151,True
33,82,184,335,151,True
36,61,184,335,151,True
38,79,184,301,117,True
39,79,184,243,59,True
43,81,184,335,151,True
45,76,184,243,59,True
47,90,184,301,117,True
51,62,184,311,127,True
52,70,184,311,127,True
53,70,184,311,127,True
55,78,184,311,127,True
56,87,184,311,127,True
57,73,184,319,135,True
60,72,184,311,127,True
61,84,184,311,127,True
63,75,184,311,127,True
64,65,184,311,127,True
65,78,184,311,127,True
69,72,184,311,127,True
70,83,184,311,127,True
71,66,184,311,127,True
72,58,184,311,127,True
73,79,184,311,127,True
74,67,184,311,127,True
76,79,184,311,127,True
78,83,184,311,127,True
84,77,184,311,127,True
88,75,184,311,127,True
91,61,184,311,127,True
92,66,184,311,127,True
93,99,184,319,135,True
96,69,184,311,127,True
0,78,185,301,116,True
3,73,185,301,116,True
5,78,185,243,58,True
6,74,185,335,150,True
7,63,185,243,58,True
9,76,185,335,150,True
13,72,185,301,116,True
14,81,185,335,150,True
15,74,185,301,116,True
16,83,185,301,116,True
18,80,185,243,58,True
19,65,185,335,150,True
21,73,185,301,116,True
23,77,185,301,116,True
26,75,185,252,67,True
32,74,185,301,116,True
34,70,185,301,116,True
35,73,185,301,116,True
36,62,185,335,150,True
39,80,185,243,58,True
43,82,185,335,150,True
44,83,185,243,58,True
50,65,185,311,126,True
51,63,185,311,126,True
53,71,185,311,126,True
54,70,185,311,126,True
61,85,185,311,126,True
63,76,185,311,126,True
66,74,185,311,126,True
68,67,185,311,126,True
74,68,185,311,126,True
81,69,185,311,126,True
86,67,185,311,126,True
87,68,185,311,126,True
88,76,185,311,126,True
89,73,185,319,134,True
90,81,185,311,126,True
96,70,185,311,126,True
0,79,186,301,115,True
8,78,186,301,115,True
9,77,186,335,149,True
10,70,186,335,149,True
12,74,186,243,57,True
15,75,186,301,115,True
16,84,186,301,115,True
18,81,186,243,57,True
19,66,186,335,149,True
22,66,186,243,57,True
24,69,186,243,57,True
28,70,186,243,57,True
29,72,186,243,57,True
33,83,186,335,149,True
38,80,186,301,115,True
40,83,186,301,115,True
42,75,186,301,115,True
44,84,186,243,57,True
48,80,186,243,57,True
50,66,186,311,125,True
54,71,186,311,125,True
56,88,186,311,125,True
57,74,186,319,133,True
60,73,186,311,125,True
61,86,186,311,125,True
62,68,186,311,125,True
67,84,186,319,133,True
68,68,186,311,125,True
69,73,186,311,125,True
75,73,186,319,133,True
76,80,186,311,125,True
80,76,186,311,125,True
83,83,186,311,125,True
85,75,186,311,125,True
87,69,186,311,125,True
90,82,186,311,125,True
94,85,186,311,125,True
98,81,186,311,125,True
0,80,187,301,114,True
6,75,187,335,148,True
7,64,187,243,56,True
8,79,187,301,114,True
10,71,187,335,148,True
17,59,187,335,148,True
20,81,187,335,148,True
22,67,187,335,148,True
26,76,187,252,65,True
27,75,187,335,148,True
28,71,187,243,56,True
31,76,187,335,148,True
32,75,187,301,114,True
33,84,187,335,148,True
38,81,187,301,114,True
41,73,187,335,148,True
43,83,187,335,148,True
48,81,187,243,56,True
49,81,187,301,114,True
50,67,187,311,124,True
51,64,187,311,124,True
53,72,187,311,124,True
54,72,187,311,124,True
57,75,187,319,132,True
59,75,187,311,124,True
60,74,187,311,124,True
61,87,187,311,124,True
63,77,187,311,124,True
71,67,187,311,124,True
73,80,187,311,124,True
76,81,187,311,124,True
77,73,187,311,124,True
81,70,187,311,124,True
82,76,187,311,124,True
84,78,187,311,124,True
90,83,187,311,124,True
92,67,187,311,124,True
93,100,187,319,132,True
95,77,187,311,124,True
97,66,187,319,132,True
0,81,188,301,113,True
5,79,188,252,64,True
6,76,188,335,147,True
7,65,188,243,55,True
10,72,188,335,147,True
12,75,188,301,113,True
15,76,188,335,147,True
18,82,188,243,55,True
20,82,188,335,147,True
23,78,188,301,113,True
24,70,188,243,55,True
27,76,188,335,147,True
29,73,188,243,55,True
32,76,188,301,113,True
42,76,188,301,113,True
44,85,188,243,55,True
46,75,188,335,147,True
47,91,188,301,113,True
49,82,188,301,113,True
50,68,188,311,123,True
52,71,188,311,123,True
56,89,188,311,123,True
59,76,188,311,123,True
62,69,188,311,123,True
64,66,188,311,123,True
65,79,188,311,123,True
67,85,188,319,131,True
73,81,188,311,123,True
75,74,188,319,131,True
76,82,188,311,123,True
80,77,188,311,123,True
85,76,188,311,123,True
88,77,188,311,123,True
90,84,188,311,123,True
94,86,188,311,123,True
95,78,188,311,123,True
96,71,188,319,131,True
97,67,188,319,131,True
3,74,189,301,112,True
5,80,189,252,63,True
6,77,189,335,146,True
7,66,189,243,54,True
8,80,189,301,112,True
9,78,189,335,146,True
11,79,189,243,54,True
12,76,189,301,112,True
18,83,189,243,54,True
20,83,189,335,146,True
22,68,189,335,146,True
23,79,189,301,112,True
24,71,189,243,54,True
25,76,189,301,112,True
26,77,189,252,63,True
27,77,189,335,146,True
31,77,189,335,146,True
32,77,189,335,146,True
43,84,189,335,146,True
45,77,189,301,112,True
46,76,189,335,146,True
49,83,189,301,112,True
50,69,189,311,122,True
51,65,189,311,122,True
52,72,189,311,122,True
54,73,189,311,122,True
56,90,189,311,122,True
59,77,189,311,122,True
61,88,189,311,122,True
64,67,189,311,122,True
67,86,189,319,130,True
68,69,189,311,122,True
69,74,189,311,122,True
70,84,189,311,122,True
71,68,189,311,122,True
73,82,189,311,122,True
74,69,189,311,122,True
77,74,189,311,122,True
79,79,189,311,122,True
81,71,189,311,122,True
84,79,189,311,122,True
87,70,189,311,122,True
90,85,189,311,122,True
91,62,189,319,130,True
96,72,189,319,130,True
98,82,189,311,122,True
0,82,190,301,111,True
1,71,190,243,53,True
10,73,190,335,145,True
17,60,190,335,145,True
23,80,190,301,111,True
25,77,190,301,111,True
27,78,190,335,145,True
33,85,190,335,145,True
35,74,190,335,145,True
36,63,190,335,145,True
37,71,190,335,145,True
38,82,190,301,111,True
39,81,190,243,53,True
43,85,190,335,145,True
47,92,190,301,111,True
48,82,190,243,53,True
49,84,190,335,145,True
51,66,190,311,121,True
52,73,190,311,121,True
54,74,190,311,121,True
56,91,190,311,121,True
58,74,190,311,121,True
60,75,190,311,121,True
64,68,190,311,121,True
67,87,190,319,129,True
68,70,190,311,121,True
69,75,190,311,121,True
71,69,190,311,121,True
72,59,190,311,121,True
74,70,190,311,121,True
75,75,190,319,129,True
77,75,190,311,121,True
79,80,190,311,121,True
80,78,190,311,121,True
82,77,190,311,121,True
88,78,190,311,121,True
96,73,190,319,129,True
99,71,190,311,121,True
6,78,191,335,144,True
8,81,191,301,110,True
10,74,191,335,144,True
16,85,191,301,110,True
17,61,191,335,144,True
28,72,191,243,52,True
29,74,191,243,52,True
38,83,191,301,110,True
43,86,191,335,144,True
44,86,191,243,52,True
45,78,191,301,110,True
46,77,191,335,144,True
49,85,191,335,144,True
54,75,191,311,120,True
57,76,191,319,128,True
62,70,191,311,120,True
66,75,191,311,120,True
68,71,191,311,120,True
69,76,191,311,120,True
70,85,191,311,120,True
74,71,191,311,120,True
75,76,191,319,128,True
77,76,191,319,128,True
79,81,191,311,120,True
82,78,191,311,120,True
84,80,191,311,120,True
86,68,191,311,120,True
87,71,191,311,120,True
94,87,191,311,120,True
99,72,191,311,120,True
1,72,192,243,51,True
2,76,192,243,51,True
4,70,192,335,143,True
7,67,192,243,51,True
10,75,192,335,143,True
13,73,192,301,109,True
15,77,192,335,143,True
16,86,192,301,109,True
17,62,192,335,143,True
18,84,192,243,51,True
20,84,192,335,143,True
21,74,192,301,109,True
22,69,192,335,143,True
24,72,192,243,51,True
28,73,192,243,51,True
31,78,192,335,143,True
32,78,192,335,143,True
35,75,192,335,143,True
37,72,192,335,143,True
38,84,192,301,109,True
39,82,192,335,143,True
41,74,192,335,143,True
44,87,192,243,51,True
45,79,192,301,109,True
46,78,192,335,143,True
48,83,192,335,143,True
52,74,192,311,119,True
53,73,192,311,119,True
55,79,192,319,127,True
57,77,192,319,127,True
59,78,192,311,119,True
63,78,192,311,119,True
64,69,192,311,119,True
65,80,192,311,119,True
68,72,192,311,119,True
71,70,192,311,119,True
74,72,192,311,119,True
76,83,192,319,127,True
79,82,192,311,119,True
80,79,192,311,119,True
81,72,192,311,119,True
82,79,192,311,119,True
84,81,192,311,119,True
86,69,192,311,119,True
87,72,192,311,119,True
88,79,192,311,119,True
89,74,192,319,127,True
90,86,192,311,119,True
92,68,192,311,119,True
93,101,192,319,127,True
94,88,192,311,119,True
96,74,192,319,127,True
97,68,192,319,127,True
98,83,192,311,119,True
0,83,193,301,108,True
1,73,193,243,50,True
6,79,193,335,142,True
10,76,193,335,142,True
13,74,193,301,108,True
16,87,193,301,108,True
17,63,193,335,142,True
20,85,193,335,142,True
21,75,193,301,108,True
24,73,193,243,50,True
25,78,193,335,142,True
29,75,193,243,50,True
31,79,193,335,142,True
36,64,193,335,142,True
39,83,193,335,142,True
41,75,193,335,142,True
42,77,193,335,142,True
44,88,193,243,50,True
45,80,193,301,108,True
46,79,193,335,142,True
47,93,193,301,108,True
48,84,193,335,142,True
54,76,193,319,126,True
57,78,193,319,126,True
60,76,193,319,126,True
62,71,193,311,118,True
64,70,193,311,118,True
69,77,193,311,118,True
71,71,193,311,118,True
75,77,193,319,126,True
76,84,193,319,126,True
77,77,193,319,126,True
81,73,193,311,118,True
82,80,193,311,118,True
83,84,193,311,118,True
85,77,193,311,118,True
86,70,193,311,118,True
88,80,193,311,118,True
92,69,193,311,118,True
93,102,193,319,126,True
97,69,193,319,126,True
99,73,193,311,118,True
3,75,194,301,107,True
4,71,194,335,141,True
5,81,194,252,58,True
6,80,194,335,141,True
7,68,194,243,49,True
11,80,194,243,49,True
14,82,194,335,141,True
16,88,194,301,107,True
17,64,194,335,141,True
18,85,194,366,172,True
20,86,194,335,141,True
21,76,194,301,107,True
22,70,194,335,141,True
25,79,194,335,141,True
26,78,194,252,58,True
28,74,194,243,49,True
29,76,194,243,49,True
30,81,194,335,141,True
34,71,194,335,141,True
35,76,194,335,141,True
36,65,194,335,141,True
38,85,194,301,107,True
39,84,194,335,141,True
41,76,194,335,141,True
42,78,194,335,141,True
43,87,194,335,141,True
44,89,194,243,49,True
45,81,194,301,107,True
46,80,194,335,141,True
49,86,194,335,141,True
53,74,194,311,117,True
54,77,194,319,125,True
55,80,194,319,125,True
56,92,194,319,125,True
58,75,194,311,117,True
60,77,194,319,125,True
66,76,194,311,117,True
69,78,194,311,117,True
70,86,194,311,117,True
72,60,194,311,117,True
74,73,194,311,117,True
78,84,194,311,117,True
81,74,194,311,117,True
82,81,194,311,117,True
88,81,194,311,117,True
90,87,194,311,117,True
94,89,194,311,117,True
96,75,194,319,125,True
98,84,194,311,117,True
1,74,195,252,57,True
6,81,195,335,140,True
7,69,195,243,48,True
8,82,195,335,140,True
10,77,195,335,140,True
13,75,195,301,106,True
14,83,195,335,140,True
16,89,195,301,106,True
17,65,195,335,140,True
18,86,195,366,171,True
19,67,195,335,140,True
20,87,195,335,140,True
21,77,195,301,106,True
24,74,195,243,48,True
26,79,195,252,57,True
29,77,195,243,48,True
30,82,195,335,140,True
31,80,195,335,140,True
35,77,195,335,140,True
41,77,195,335,140,True
44,90,195,252,57,True
47,94,195,301,106,True
51,67,195,311,116,True
53,75,195,311,116,True
56,93,195,319,124,True
57,79,195,319,124,True
58,76,195,311,116,True
60,78,195,319,124,True
72,61,195,311,116,True
76,85,195,319,124,True
78,85,195,311,116,True
79,83,195,311,116,True
80,80,195,311,116,True
83,85,195,311,116,True
84,82,195,311,116,True
85,78,195,311,116,True
86,71,195,311,116,True
88,82,195,311,116,True
89,75,195,319,124,True
93,103,195,319,124,True
95,79,195,311,116,True
96,76,195,319,124,True
1,75,196,252,56,True
3,76,196,301,105,True
5,82,196,252,56,True
6,82,196,335,139,True
9,79,196,335,139,True
15,78,196,335,139,True
18,87,196,366,170,True
19,68,196,335,139,True
27,79,196,335,139,True
28,75,196,243,47,True
29,78,196,252,56,True
31,81,196,335,139,True
35,78,196,335,139,True
37,73,196,335,139,True
41,78,196,335,139,True
43,88,196,335,139,True
47,95,196,301,105,True
48,85,196,335,139,True
49,87,196,335,139,True
50,70,196,319,123,True
52,75,196,311,115,True
55,81,196,319,123,True
56,94,196,319,123,True
57,80,196,319,123,True
61,89,196,319,123,True
62,72,196,311,115,True
63,79,196,311,115,True
65,81,196,319,123,True
66,77,196,311,115,True
67,88,196,319,123,True
68,73,196,311,115,True
70,87,196,311,115,True
71,72,196,311,115,True
78,86,196,311,115,True
80,81,196,311,115,True
81,75,196,311,115,True
82,82,196,311,115,True
85,79,196,311,115,True
88,83,196,311,115,True
89,76,196,319,123,True
90,88,196,311,115,True
93,104,196,319,123,True
94,90,196,311,115,True
97,70,196,319,123,True
99,74,196,311,115,True
1,76,197,252,55,True
2,77,197,243,46,True
3,77,197,301,104,True
10,78,197,335,138,True
11,81,197,243,46,True
17,66,197,335,138,True
18,88,197,366,169,True
20,88,197,335,138,True
21,78,197,301,104,True
24,75,197,243,46,True
30,83,197,335,138,True
33,86,197,335,138,True
34,72,197,335,138,True
37,74,197,335,138,True
39,85,197,335,138,True
41,79,197,335,138,True
48,86,197,335,138,True
49,88,197,335,138,True
53,76,197,319,122,True
54,78,197,319,122,True
56,95,197,319,122,True
57,81,197,319,122,True
59,79,197,311,114,True
60,79,197,319,122,True
61,90,197,319,122,True
63,80,197,311,114,True
64,71,197,311,114,True
65,82,197,319,122,True
66,78,197,311,114,True
69,79,197,311,114,True
72,62,197,311,114,True
73,83,197,311,114,True
75,78,197,319,122,True
76,86,197,319,122,True
78,87,197,311,114,True
82,83,197,311,114,True
83,86,197,311,114,True
87,73,197,311,114,True
89,77,197,319,122,True
90,89,197,311,114,True
93,105,197,319,122,True
96,77,197,319,122,True
98,85,197,311,114,True
99,75,197,311,114,True
3,78,198,301,103,True
5,83,198,252,54,True
7,70,198,335,137,True
9,80,198,335,137,True
13,76,198,301,103,True
16,90,198,301,103,True
17,67,198,335,137,True
18,89,198,366,168,True
21,79,198,301,103,True
22,71,198,335,137,True
27,80,198,335,137,True
29,79,198,252,54,True
30,84,198,335,137,True
33,87,198,335,137,True
34,73,198,335,137,True
37,75,198,335,137,True
42,79,198,335,137,True
43,89,198,335,137,True
44,91,198,252,54,True
45,82,198,301,103,True
48,87,198,335,137,True
49,89,198,335,137,True
53,77,198,319,121,True
54,79,198,319,121,True
59,80,198,311,113,True
60,80,198,319,121,True
66,79,198,311,113,True
69,80,198,311,113,True
70,88,198,311,113,True
73,84,198,311,113,True
75,79,198,319,121,True
76,87,198,319,121,True
77,78,198,319,121,True
79,84,198,311,113,True
80,82,198,311,113,True
81,76,198,311,113,True
82,84,198,311,113,True
84,83,198,311,113,True
87,74,198,311,113,True
90,90,198,311,113,True
92,70,198,319,121,True
94,91,198,319,121,True
96,78,198,319,121,True
97,71,198,319,121,True
98,86,198,311,113,True
99,76,198,311,113,True
1,77,199,252,53,True
2,78,199,243,44,True
4,72,199,335,136,True
5,84,199,252,53,True
8,83,199,335,136,True
9,81,199,335,136,True
13,77,199,335,136,True
15,79,199,335,136,True
16,91,199,335,136,True
17,68,199,335,136,True
18,90,199,366,167,True
20,89,199,335,136,True
21,80,199,301,102,True
22,72,199,335,136,True
28,76,199,243,44,True
31,82,199,335,136,True
32,79,199,335,136,True
35,79,199,335,136,True
37,76,199,335,136,True
39,86,199,335,136,True
44,92,199,252,53,True
49,90,199,335,136,True
52,76,199,311,112,True
55,82,199,319,120,True
58,77,199,311,112,True
59,81,199,311,112,True
61,91,199,319,120,True
62,73,199,311,112,True
63,81,199,311,112,True
65,83,199,319,120,True
66,80,199,311,112,True
75,80,199,319,120,True
77,79,199,319,120,True
79,85,199,311,112,True
85,80,199,311,112,True
86,72,199,311,112,True
89,78,199,319,120,True
91,63,199,319,120,True
92,71,199,319,120,True
93,106,199,319,120,True
97,72,199,319,120,True
98,87,199,311,112,True
99,77,199,311,112,True
0,84,200,301,101,True
1,78,200,252,52,True
2,79,200,243,43,True
3,79,200,301,101,True
4,73,200,335,135,True
9,82,200,335,135,True
11,82,200,335,135,True
12,77,200,301,101,True
13,78,200,335,135,True
16,92,200,335,135,True
20,90,200,335,135,True
21,81,200,301,101,True
23,81,200,301,101,True
24,76,200,335,135,True
26,80,200,252,52,True
30,85,200,335,135,True
31,83,200,335,135,True
32,80,200,335,135,True
33,88,200,335,135,True
36,66,200,335,135,True
42,80,200,335,135,True
43,90,200,335,135,True
46,81,200,335,135,True
49,91,200,335,135,True
51,68,200,311,111,True
54,80,200,319,119,True
56,96,200,319,119,True
57,82,200,319,119,True
58,78,200,311,111,True
60,81,200,319,119,True
64,72,200,319,119,True
66,81,200,311,111,True
67,89,200,319,119,True
69,81,200,311,111,True
74,74,200,319,119,True
78,88,200,311,111,True
79,86,200,311,111,True
82,85,200,311,111,True
84,84,200,311,111,True
85,81,200,311,111,True
90,91,200,311,111,True
91,64,200,319,119,True
98,88,200,311,111,True
99,78,200,311,111,True
1,79,201,252,51,True
2,80,201,366,165,True
3,80,201,301,100,True
4,74,201,335,134,True
5,85,201,252,51,True
7,71,201,335,134,True
14,84,201,335,134,True
16,93,201,335,134,True
18,91,201,366,165,True
19,69,201,335,134,True
22,73,201,335,134,True
23,82,201,301,100,True
25,80,201,335,134,True
26,81,201,252,51,True
28,77,201,243,42,True
33,89,201,335,134,True
41,80,201,335,134,True
44,93,201,252,51,True
48,88,201,335,134,True
49,92,201,335,134,True
50,71,201,319,118,True
52,77,201,311,110,True
53,78,201,319,118,True
55,83,201,319,118,True
56,97,201,319,118,True
60,82,201,319,118,True
63,82,201,311,110,True
64,73,201,319,118,True
68,74,201,319,118,True
69,82,201,311,110,True
70,89,201,311,110,True
73,85,201,311,110,True
74,75,201,319,118,True
75,81,201,319,118,True
78,89,201,311,110,True
79,87,201,311,110,True
84,85,201,311,110,True
89,79,201,319,118,True
92,72,201,319,118,True
93,107,201,319,118,True
94,92,201,319,118,True
97,73,201,319,118,True
99,79,201,311,110,True
0,85,202,335,133,True
2,81,202,366,164,True
5,86,202,252,50,True
11,83,202,335,133,True
14,85,202,335,133,True
15,80,202,335,133,True
16,94,202,335,133,True
18,92,202,366,164,True
19,70,202,335,133,True
24,77,202,335,133,True
25,81,202,335,133,True
28,78,202,335,133,True
31,84,202,335,133,True
32,81,202,335,133,True
33,90,202,335,133,True
38,86,202,301,99,True
41,81,202,335,133,True
44,94,202,252,50,True
46,82,202,335,133,True
52,78,202,311,109,True
53,79,202,319,117,True
55,84,202,319,117,True
57,83,202,319,117,True
59,82,202,311,109,True
60,83,202,319,117,True
61,92,202,319,117,True
62,74,202,311,109,True
63,83,202,311,109,True
68,75,202,319,117,True
70,90,202,311,109,True
75,82,202,319,117,True
76,88,202,319,117,True
77,80,202,319,117,True
78,90,202,311,109,True
80,83,202,311,109,True
83,87,202,311,109,True
87,75,202,311,109,True
92,73,202,319,117,True
97,74,202,319,117,True
99,80,202,311,109,True
2,82,203,366,163,True
3,81,203,301,98,True
7,72,203,335,132,True
14,86,203,335,132,True
16,95,203,335,132,True
21,82,203,301,98,True
22,74,203,335,132,True
29,80,203,252,49,True
30,86,203,335,132,True
31,85,203,335,132,True
35,80,203,335,132,True
36,67,203,335,132,True
40,84,203,335,132,True
41,82,203,335,132,True
44,95,203,252,49,True
46,83,203,335,132,True
47,96,203,301,98,True
49,93,203,335,132,True
51,69,203,311,108,True
55,85,203,319,116,True
57,84,203,319,116,True
59,83,203,311,108,True
64,74,203,319,116,True
66,82,203,311,108,True
70,91,203,311,108,True
71,73,203,319,116,True
72,63,203,319,116,True
74,76,203,319,116,True
76,89,203,319,116,True
79,88,203,311,108,True
84,86,203,311,108,True
86,73,203,319,116,True
91,65,203,319,116,True
92,74,203,319,116,True
93,108,203,319,116,True
94,93,203,319,116,True
98,89,203,311,108,True
99,81,203,311,108,True
0,86,204,335,131,True
3,82,204,301,97,True
4,75,204,335,131,True
13,79,204,335,131,True
14,87,204,335,131,True
15,81,204,335,131,True
18,93,204,366,162,True
22,75,204,335,131,True
24,78,204,335,131,True
30,87,204,335,131,True
35,81,204,335,131,True
37,77,204,335,131,True
40,85,204,335,131,True
41,83,204,335,131,True
44,96,204,252,48,True
46,84,204,335,131,True
49,94,204,335,131,True
51,70,204,311,107,True
52,79,204,311,107,True
54,81,204,319,115,True
55,86,204,319,115,True
56,98,204,319,115,True
58,79,204,311,107,True
62,75,204,311,107,True
66,83,204,311,107,True
68,76,204,319,115,True
69,83,204,311,107,True
72,64,204,319,115,True
73,86,204,311,107,True
74,77,204,319,115,True
78,91,204,311,107,True
84,87,204,311,107,True
85,82,204,311,107,True
89,80,204,319,115,True
90,92,204,311,107,True
94,94,204,319,115,True
96,79,204,319,115,True
97,75,204,319,115,True
99,82,204,311,107,True
0,87,205,335,130,True
5,87,205,252,47,True
7,73,205,335,130,True
8,84,205,335,130,True
10,79,205,335,130,True
11,84,205,335,130,True
13,80,205,335,130,True
15,82,205,335,130,True
16,96,205,335,130,True
18,94,205,366,161,True
19,71,205,335,130,True
20,91,205,335,130,True
21,83,205,301,96,True
25,82,205,335,130,True
26,82,205,278,73,True
28,79,205,335,130,True
30,88,205,335,130,True
31,86,205,335,130,True
33,91,205,335,130,True
36,68,205,335,130,True
38,87,205,301,96,True
39,87,205,335,130,True
41,84,205,335,130,True
44,97,205,252,47,True
45,83,205,301,96,True
46,85,205,335,130,True
47,97,205,301,96,True
51,71,205,311,106,True
53,80,205,319,114,True
56,99,205,319,114,True
61,93,205,319,114,True
62,76,205,311,106,True
63,84,205,311,106,True
64,75,205,319,114,True
70,92,205,311,106,True
72,65,205,319,114,True
73,87,205,311,106,True
75,83,205,319,114,True
77,81,205,319,114,True
81,77,205,319,114,True
92,75,205,319,114,True
93,109,205,319,114,True
94,95,205,319,114,True
95,80,205,319,114,True
96,80,205,319,114,True
97,76,205,319,114,True
0,88,206,335,129,True
1,80,206,252,46,True
2,83,206,366,160,True
3,83,206,301,95,True
8,85,206,335,129,True
11,85,206,335,129,True
12,78,206,301,95,True
13,81,206,335,129,True
14,88,206,335,129,True
16,97,206,335,129,True
18,95,206,366,160,True
19,72,206,335,129,True
20,92,206,335,129,True
21,84,206,301,95,True
28,80,206,335,129,True
36,69,206,335,129,True
37,78,206,335,129,True
41,85,206,335,129,True
42,81,206,335,129,True
43,91,206,335,129,True
46,86,206,335,129,True
47,98,206,301,95,True
52,80,206,311,105,True
53,81,206,319,113,True
55,87,206,319,113,True
56,100,206,319,113,True
57,85,206,319,113,True
59,84,206,311,105,True
61,94,206,319,113,True
62,77,206,311,105,True
64,76,206,319,113,True
66,84,206,311,105,True
69,84,206,311,105,True
70,93,206,311,105,True
71,74,206,319,113,True
73,88,206,311,105,True
75,84,206,319,113,True
76,90,206,319,113,True
80,84,206,311,105,True
83,88,206,311,105,True
86,74,206,319,113,True
87,76,206,319,113,True
88,84,206,311,105,True
89,81,206,319,113,True
94,96,206,319,113,True
99,83,206,311,105,True
0,89,207,335,128,True
2,84,207,366,159,True
5,88,207,335,128,True
10,80,207,335,128,True
11,86,207,335,128,True
13,82,207,335,128,True
17,69,207,366,159,True
18,96,207,366,159,True
21,85,207,301,94,True
22,76,207,335,128,True
26,83,207,278,71,True
28,81,207,335,128,True
31,87,207,335,128,True
32,82,207,335,128,True
34,74,207,335,128,True
37,79,207,335,128,True
38,88,207,335,128,True
39,88,207,335,128,True
45,84,207,301,94,True
48,89,207,335,128,True
49,95,207,335,128,True
50,72,207,319,112,True
56,101,207,319,112,True
62,78,207,311,104,True
68,77,207,319,112,True
70,94,207,311,104,True
73,89,207,311,104,True
75,85,207,319,112,True
79,89,207,311,104,True
80,85,207,311,104,True
81,78,207,319,112,True
83,89,207,311,104,True
89,82,207,319,112,True
92,76,207,319,112,True
93,110,207,319,112,True
96,81,207,319,112,True
97,77,207,319,112,True
99,84,207,311,104,True
1,81,208,335,127,True
2,85,208,366,158,True
7,74,208,335,127,True
12,79,208,301,93,True
14,89,208,335,127,True
19,73,208,335,127,True
22,77,208,335,127,True
25,83,208,335,127,True
28,82,208,335,127,True
30,89,208,335,127,True
32,83,208,335,127,True
33,92,208,335,127,True
34,75,208,335,127,True
37,80,208,335,127,True
41,86,208,335,127,True
44,98,208,252,44,True
45,85,208,301,93,True
47,99,208,301,93,True
48,90,208,335,127,True
53,82,208,319,111,True
56,102,208,319,111,True
57,86,208,319,111,True
58,80,208,311,103,True
60,84,208,319,111,True
62,79,208,311,103,True
65,84,208,319,111,True
67,90,208,319,111,True
70,95,208,311,103,True
71,75,208,319,111,True
72,66,208,319,111,True
74,78,208,319,111,True
75,86,208,319,111,True
76,91,208,319,111,True
77,82,208,319,111,True
79,90,208,311,103,True
81,79,208,319,111,True
84,88,208,311,103,True
85,83,208,311,103,True
88,85,208,319,111,True
89,83,208,319,111,True
90,93,208,319,111,True
92,77,208,319,111,True
94,97,208,319,111,True
95,81,208,319,111,True
96,82,208,319,111,True
0,90,209,335,126,True
1,82,209,335,126,True
3,84,209,301,92,True
6,83,209,335,126,True
9,83,209,366,157,True
11,87,209,335,126,True
14,90,209,335,126,True
22,78,209,335,126,True
25,84,209,335,126,True
27,81,209,366,157,True
31,88,209,335,126,True
33,93,209,335,126,True
35,82,209,335,126,True
36,70,209,335,126,True
39,89,209,335,126,True
41,87,209,335,126,True
42,82,209,335,126,True
45,86,209,335,126,True
46,87,209,335,126,True
47,100,209,301,92,True
49,96,209,335,126,True
51,72,209,311,102,True
52,81,209,311,102,True
63,85,209,319,110,True
64,77,209,319,110,True
69,85,209,319,110,True
73,90,209,311,102,True
74,79,209,319,110,True
75,87,209,319,110,True
79,91,209,311,102,True
82,86,209,319,110,True
87,77,209,319,110,True
93,111,209,319,110,True
94,98,209,382,173,True
95,82,209,319,110,True
1,83,210,335,125,True
6,84,210,335,125,True
7,75,210,335,125,True
8,86,210,335,125,True
9,84,210,366,156,True
10,81,210,335,125,True
11,88,210,335,125,True
14,91,210,335,125,True
16,98,210,335,125,True
17,70,210,366,156,True
19,74,210,335,125,True
22,79,210,335,125,True
24,79,210,335,125,True
32,84,210,335,125,True
36,71,210,335,125,True
37,81,210,335,125,True
39,90,210,335,125,True
41,88,210,335,125,True
43,92,210,335,125,True
45,87,210,335,125,True
46,88,210,335,125,True
47,101,210,301,91,True
48,91,210,335,125,True
50,73,210,319,109,True
52,82,210,311,101,True
55,88,210,319,109,True
56,103,210,319,109,True
58,81,210,311,101,True
63,86,210,319,109,True
65,85,210,319,109,True
66,85,210,311,101,True
67,91,210,319,109,True
68,78,210,319,109,True
71,76,210,319,109,True
72,67,210,319,109,True
74,80,210,319,109,True
83,90,210,311,101,True
87,78,210,319,109,True
89,84,210,319,109,True
90,94,210,319,109,True
94,99,210,382,172,True
96,83,210,319,109,True
0,91,211,335,124,True
3,85,211,301,90,True
4,76,211,335,124,True
5,89,211,335,124,True
6,85,211,335,124,True
10,82,211,335,124,True
16,99,211,335,124,True
17,71,211,366,155,True
20,93,211,335,124,True
22,80,211,335,124,True
23,83,211,301,90,True
30,90,211,366,155,True
34,76,211,335,124,True
36,72,211,335,124,True
37,82,211,366,155,True
41,89,211,335,124,True
42,83,211,335,124,True
45,88,211,335,124,True
46,89,211,335,124,True
53,83,211,319,108,True
54,82,211,319,108,True
56,104,211,319,108,True
57,87,211,319,108,True
58,82,211,311,100,True
59,85,211,311,100,True
71,77,211,319,108,True
73,91,211,311,100,True
75,88,211,319,108,True
77,83,211,319,108,True
80,86,211,311,100,True
82,87,211,319,108,True
83,91,211,311,100,True
85,84,211,311,100,True
88,86,211,319,108,True
90,95,211,319,108,True
91,66,211,319,108,True
93,112,211,319,108,True
94,100,211,382,171,True
95,83,211,319,108,True
97,78,211,319,108,True
98,90,211,311,100,True
99,85,211,311,100,True
0,92,212,335,123,True
8,87,212,335,123,True
13,83,212,335,123,True
14,92,212,335,123,True
15,83,212,335,123,True
16,100,212,335,123,True
21,86,212,301,89,True
24,80,212,335,123,True
26,84,212,278,66,True
27,82,212,366,154,True
29,81,212,335,123,True
33,94,212,366,154,True
34,77,212,335,123,True
35,83,212,335,123,True
37,83,212,366,154,True
41,90,212,335,123,True
43,93,212,335,123,True
44,99,212,366,154,True
45,89,212,335,123,True
46,90,212,335,123,True
50,74,212,319,107,True
55,89,212,319,107,True
56,105,212,319,107,True
65,86,212,319,107,True
66,86,212,311,99,True
67,92,212,319,107,True
68,79,212,319,107,True
70,96,212,311,99,True
72,68,212,319,107,True
73,92,212,311,99,True
77,84,212,319,107,True
79,92,212,311,99,True
83,92,212,311,99,True
85,85,212,311,99,True
86,75,212,319,107,True
91,67,212,319,107,True
93,113,212,319,107,True
94,101,212,382,170,True
96,84,212,319,107,True
98,91,212,311,99,True
99,86,212,311,99,True
0,93,213,335,122,True
1,84,213,335,122,True
2,86,213,366,153,True
6,86,213,335,122,True
7,76,213,335,122,True
8,88,213,335,122,True
10,83,213,335,122,True
11,89,213,335,122,True
13,84,213,335,122,True
15,84,213,335,122,True
16,101,213,335,122,True
18,97,213,366,153,True
21,87,213,301,88,True
23,84,213,301,88,True
25,85,213,335,122,True
26,85,213,366,153,True
28,83,213,335,122,True
32,85,213,335,122,True
33,95,213,366,153,True
36,73,213,335,122,True
40,86,213,335,122,True
44,100,213,366,153,True
46,91,213,335,122,True
50,75,213,319,106,True
51,73,213,311,98,True
53,84,213,319,106,True
56,106,213,319,106,True
58,83,213,311,98,True
59,86,213,311,98,True
62,80,213,311,98,True
63,87,213,319,106,True
64,78,213,319,106,True
66,87,213,311,98,True
68,80,213,319,106,True
70,97,213,311,98,True
72,69,213,319,106,True
74,81,213,319,106,True
76,92,213,319,106,True
78,92,213,319,106,True
79,93,213,311,98,True
80,87,213,311,98,True
81,80,213,319,106,True
85,86,213,311,98,True
86,76,213,319,106,True
87,79,213,319,106,True
88,87,213,319,106,True
93,114,213,319,106,True
94,102,213,382,169,True
95,84,213,319,106,True
97,79,213,319,106,True
98,92,213,311,98,True
0,94,214,335,121,True
1,85,214,335,121,True
3,86,214,301,87,True
5,90,214,335,121,True
6,87,214,335,121,True
7,77,214,335,121,True
8,89,214,335,121,True
9,85,214,366,152,True
10,84,214,335,121,True
12,80,214,335,121,True
13,85,214,335,121,True
14,93,214,335,121,True
15,85,214,335,121,True
16,102,214,335,121,True
18,98,214,366,152,True
19,75,214,335,121,True
22,81,214,366,152,True
34,78,214,335,121,True
35,84,214,335,121,True
36,74,214,335,121,True
37,84,214,366,152,True
38,89,214,335,121,True
39,91,214,335,121,True
42,84,214,335,121,True
43,94,214,335,121,True
45,90,214,335,121,True
47,102,214,301,87,True
51,74,214,311,97,True
52,83,214,311,97,True
54,83,214,319,105,True
55,90,214,319,105,True
58,84,214,311,97,True
59,87,214,311,97,True
61,95,214,319,105,True
62,81,214,311,97,True
63,88,214,319,105,True
65,87,214,319,105,True
66,88,214,311,97,True
69,86,214,319,105,True
72,70,214,319,105,True
75,89,214,319,105,True
76,93,214,319,105,True
77,85,214,319,105,True
78,93,214,319,105,True
82,88,214,319,105,True
83,93,214,319,105,True
85,87,214,311,97,True
86,77,214,319,105,True
90,96,214,319,105,True
91,68,214,319,105,True
99,87,214,311,97,True
2,87,215,366,151,True
4,77,215,335,120,True
6,88,215,366,151,True
9,86,215,366,151,True
10,85,215,335,120,True
11,90,215,335,120,True
12,81,215,335,120,True
13,86,215,335,120,True
17,72,215,366,151,True
19,76,215,335,120,True
20,94,215,335,120,True
22,82,215,366,151,True
34,79,215,335,120,True
36,75,215,335,120,True
39,92,215,335,120,True
42,85,215,335,120,True
43,95,215,335,120,True
45,91,215,335,120,True
50,76,215,319,104,True
52,84,215,311,96,True
53,85,215,319,104,True
60,85,215,319,104,True
64,79,215,319,104,True
65,88,215,319,104,True
68,81,215,319,104,True
70,98,215,311,96,True
73,93,215,311,96,True
74,82,215,319,104,True
75,90,215,319,104,True
78,94,215,319,104,True
82,89,215,319,104,True
83,94,215,319,104,True
87,80,215,319,104,True
88,88,215,319,104,True
90,97,215,319,104,True
92,78,215,319,104,True
93,115,215,319,104,True
94,103,215,382,167,True
95,85,215,319,104,True
96,85,215,319,104,True
98,93,215,319,104,True
0,95,216,335,119,True
3,87,216,301,85,True
7,78,216,335,119,True
12,82,216,335,119,True
14,94,216,335,119,True
19,77,216,335,119,True
25,86,216,335,119,True
28,84,216,335,119,True
30,91,216,366,150,True
31,89,216,366,150,True
32,86,216,335,119,True
33,96,216,366,150,True
38,90,216,335,119,True
39,93,216,335,119,True
40,87,216,335,119,True
41,91,216,335,119,True
47,103,216,301,85,True
48,92,216,335,119,True
50,77,216,319,103,True
51,75,216,311,95,True
59,88,216,319,103,True
62,82,216,311,95,True
63,89,216,319,103,True
66,89,216,311,95,True
67,93,216,319,103,True
68,82,216,319,103,True
69,87,216,319,103,True
73,94,216,311,95,True
74,83,216,319,103,True
77,86,216,319,103,True
79,94,216,311,95,True
80,88,216,319,103,True
83,95,216,319,103,True
84,89,216,311,95,True
87,81,216,319,103,True
91,69,216,319,103,True
97,80,216,319,103,True
3,88,217,301,84,True
5,91,217,335,118,True
7,79,217,335,118,True
8,90,217,335,118,True
9,87,217,366,149,True
10,86,217,335,118,True
16,103,217,335,118,True
17,73,217,366,149,True
25,87,217,335,118,True
28,85,217,366,149,True
31,90,217,366,149,True
34,80,217,335,118,True
38,91,217,335,118,True
40,88,217,335,118,True
43,96,217,335,118,True
45,92,217,335,118,True
48,93,217,335,118,True
49,97,217,335,118,True
53,86,217,319,102,True
54,84,217,319,102,True
57,88,217,319,102,True
61,96,217,319,102,True
64,80,217,319,102,True
66,90,217,311,94,True
68,83,217,319,102,True
78,95,217,319,102,True
79,95,217,311,94,True
81,81,217,319,102,True
83,96,217,319,102,True
84,90,217,311,94,True
87,82,217,319,102,True
89,85,217,319,102,True
91,70,217,319,102,True
93,116,217,319,102,True
95,86,217,319,102,True
96,86,217,319,102,True
97,81,217,319,102,True
98,94,217,319,102,True
2,88,218,366,148,True
3,89,218,301,83,True
6,89,218,366,148,True
8,91,218,335,117,True
10,87,218,335,117,True
11,91,218,366,148,True
12,83,218,335,117,True
16,104,218,335,117,True
19,78,218,366,148,True
20,95,218,335,117,True
21,88,218,301,83,True
22,83,218,366,148,True
23,85,218,301,83,True
25,88,218,335,117,True
28,86,218,366,148,True
30,92,218,366,148,True
40,89,218,335,117,True
43,97,218,335,117,True
49,98,218,335,117,True
52,85,218,311,93,True
54,85,218,319,101,True
57,89,218,319,101,True
58,85,218,311,93,True
59,89,218,319,101,True
61,97,218,319,101,True
62,83,218,311,93,True
63,90,218,319,101,True
64,81,218,319,101,True
66,91,218,311,93,True
68,84,218,319,101,True
72,71,218,319,101,True
73,95,218,311,93,True
79,96,218,311,93,True
80,89,218,319,101,True
81,82,218,319,101,True
84,91,218,311,93,True
86,78,218,319,101,True
91,71,218,319,101,True
95,87,218,319,101,True
96,87,218,319,101,True
99,88,218,311,93,True
0,96,219,335,116,True
1,86,219,366,147,True
2,89,219,366,147,True
4,78,219,335,116,True
6,90,219,366,147,True
9,88,219,366,147,True
10,88,219,335,116,True
14,95,219,335,116,True
16,105,219,335,116,True
17,74,219,366,147,True
20,96,219,335,116,True
21,89,219,301,82,True
24,81,219,335,116,True
33,97,219,366,147,True
34,81,219,335,116,True
35,85,219,335,116,True
37,85,219,366,147,True
40,90,219,335,116,True
46,92,219,366,147,True
47,104,219,335,116,True
51,76,219,311,92,True
55,91,219,319,100,True
57,90,219,319,100,True
58,86,219,319,100,True
61,98,219,319,100,True
63,91,219,319,100,True
64,82,219,319,100,True
65,89,219,319,100,True
66,92,219,311,92,True
69,88,219,319,100,True
70,99,219,319,100,True
71,78,219,319,100,True
73,96,219,311,92,True
76,94,219,319,100,True
81,83,219,319,100,True
83,97,219,319,100,True
84,92,219,311,92,True
87,83,219,319,100,True
88,89,219,319,100,True
89,86,219,319,100,True
91,72,219,319,100,True
93,117,219,382,163,True
94,104,219,382,163,True
96,88,219,319,100,True
98,95,219,319,100,True
99,89,219,311,92,True
0,97,220,335,115,True
2,90,220,366,146,True
3,90,220,335,115,True
5,92,220,335,115,True
7,80,220,366,146,True
9,89,220,366,146,True
11,92,220,366,146,True
14,96,220,335,115,True
21,90,220,301,81,True
25,89,220,335,115,True
30,93,220,366,146,True
31,91,220,366,146,True
35,86,220,335,115,True
36,76,220,335,115,True
37,86,220,366,146,True
38,92,220,335,115,True
39,94,220,335,115,True
40,91,220,335,115,True
42,86,220,366,146,True
43,98,220,366,146,True
44,101,220,366,146,True
45,93,220,335,115,True
50,78,220,319,99,True
54,86,220,319,99,True
55,92,220,319,99,True
59,90,220,319,99,True
60,86,220,319,99,True
61,99,220,319,99,True
62,84,220,311,91,True
63,92,220,319,99,True
81,84,220,319,99,True
83,98,220,319,99,True
85,88,220,319,99,True
86,79,220,319,99,True
90,98,220,319,99,True
91,73,220,319,99,True
93,118,220,382,162,True
94,105,220,382,162,True
95,88,220,319,99,True
2,91,221,366,145,True
4,79,221,335,114,True
5,93,221,366,145,True
8,92,221,335,114,True
10,89,221,335,114,True
12,84,221,335,114,True
13,87,221,335,114,True
14,97,221,335,114,True
17,75,221,366,145,True
21,91,221,335,114,True
24,82,221,366,145,True
25,90,221,335,114,True
26,86,221,366,145,True
27,83,221,366,145,True
28,87,221,366,145,True
30,94,221,366,145,True
31,92,221,366,145,True
32,87,221,335,114,True
33,98,221,366,145,True
34,82,221,335,114,True
35,87,221,335,114,True
37,87,221,366,145,True
42,87,221,366,145,True
43,99,221,366,145,True
46,93,221,366,145,True
49,99,221,335,114,True
50,79,221,319,98,True
55,93,221,319,98,True
57,91,221,319,98,True
58,87,221,319,98,True
59,91,221,319,98,True
60,87,221,319,98,True
61,100,221,319,98,True
63,93,221,319,98,True
64,83,221,319,98,True
66,93,221,311,90,True
68,85,221,319,98,True
69,89,221,319,98,True
72,72,221,319,98,True
74,84,221,319,98,True
75,91,221,319,98,True
76,95,221,319,98,True
84,93,221,311,90,True
86,80,221,319,98,True
87,84,221,319,98,True
88,90,221,319,98,True
89,87,221,319,98,True
91,74,221,319,98,True
95,89,221,319,98,True
97,82,221,319,98,True
98,96,221,319,98,True
0,98,222,335,113,True
2,92,222,366,144,True
12,85,222,335,113,True
20,97,222,335,113,True
23,86,222,335,113,True
24,83,222,366,144,True
29,82,222,366,144,True
31,93,222,366,144,True
33,99,222,366,144,True
34,83,222,366,144,True
35,88,222,335,113,True
36,77,222,335,113,True
37,88,222,366,144,True
38,93,222,335,113,True
39,95,222,366,144,True
40,92,222,335,113,True
44,102,222,366,144,True
45,94,222,335,113,True
46,94,222,366,144,True
47,105,222,335,113,True
53,87,222,319,97,True
55,94,222,319,97,True
60,88,222,319,97,True
61,101,222,319,97,True
64,84,222,319,97,True
67,94,222,319,97,True
71,79,222,319,97,True
73,97,222,311,89,True
77,87,222,319,97,True
78,96,222,319,97,True
79,97,222,319,97,True
80,90,222,319,97,True
85,89,222,319,97,True
86,81,222,319,97,True
88,91,222,319,97,True
90,99,222,319,97,True
92,79,222,319,97,True
94,106,222,382,160,True
96,89,222,319,97,True
99,90,222,319,97,True
1,87,223,366,143,True
5,94,223,366,143,True
7,81,223,366,143,True
9,90,223,366,143,True
10,90,223,335,112,True
15,86,223,335,112,True
16,106,223,335,112,True
21,92,223,335,112,True
23,87,223,335,112,True
29,83,223,366,143,True
30,95,223,366,143,True
33,100,223,366,143,True
35,89,223,335,112,True
37,89,223,366,143,True
38,94,223,335,112,True
39,96,223,366,143,True
40,93,223,335,112,True
42,88,223,366,143,True
44,103,223,366,143,True
49,100,223,335,112,True
54,87,223,319,96,True
57,92,223,319,96,True
62,85,223,311,88,True
68,86,223,319,96,True
69,90,223,319,96,True
71,80,223,319,96,True
73,98,223,311,88,True
74,85,223,319,96,True
76,96,223,319,96,True
80,91,223,319,96,True
82,90,223,319,96,True
84,94,223,311,88,True
86,82,223,319,96,True
88,92,223,319,96,True
89,88,223,319,96,True
91,75,223,319,96,True
92,80,223,319,96,True
93,119,223,382,159,True
94,107,223,382,159,True
99,91,223,319,96,True
0,99,224,335,111,True
3,91,224,335,111,True
4,80,224,335,111,True
5,95,224,366,142,True
11,93,224,366,142,True
17,76,224,366,142,True
22,84,224,366,142,True
26,87,224,366,142,True
27,84,224,366,142,True
32,88,224,335,111,True
33,101,224,366,142,True
34,84,224,366,142,True
36,78,224,335,111,True
37,90,224,366,142,True
44,104,224,366,142,True
46,95,224,366,142,True
49,101,224,335,111,True
51,77,224,311,87,True
55,95,224,319,95,True
59,92,224,319,95,True
63,94,224,319,95,True
64,85,224,319,95,True
65,90,224,319,95,True
67,95,224,319,95,True
68,87,224,319,95,True
69,91,224,319,95,True
70,100,224,319,95,True
72,73,224,319,95,True
73,99,224,311,87,True
75,92,224,319,95,True
82,91,224,319,95,True
83,99,224,319,95,True
84,95,224,311,87,True
88,93,224,319,95,True
89,89,224,319,95,True
92,81,224,319,95,True
95,90,224,319,95,True
97,83,224,319,95,True
1,88,225,366,141,True
2,93,225,366,141,True
4,81,225,335,110,True
5,96,225,366,141,True
6,91,225,366,141,True
9,91,225,366,141,True
10,91,225,366,141,True
15,87,225,335,110,True
16,107,225,335,110,True
17,77,225,366,141,True
18,99,225,366,141,True
20,98,225,366,141,True
23,88,225,335,110,True
25,91,225,335,110,True
32,89,225,335,110,True
33,102,225,366,141,True
35,90,225,335,110,True
36,79,225,335,110,True
38,95,225,335,110,True
39,97,225,366,141,True
45,95,225,335,110,True
49,102,225,335,110,True
52,86,225,311,86,True
54,88,225,319,94,True
56,107,225,382,157,True
58,88,225,319,94,True
63,95,225,319,94,True
65,91,225,319,94,True
70,101,225,319,94,True
75,93,225,319,94,True
76,97,225,319,94,True
79,98,225,319,94,True
82,92,225,319,94,True
87,85,225,319,94,True
94,108,225,382,157,True
95,91,225,319,94,True
96,90,225,319,94,True
99,92,225,319,94,True
2,94,226,366,140,True
4,82,226,335,109,True
7,82,226,366,140,True
9,92,226,366,140,True
12,86,226,335,109,True
15,88,226,335,109,True
18,100,226,366,140,True
22,85,226,366,140,True
23,89,226,335,109,True
27,85,226,366,140,True
29,84,226,366,140,True
30,96,226,366,140,True
32,90,226,335,109,True
33,103,226,366,140,True
37,91,226,366,140,True
38,96,226,335,109,True
41,92,226,335,109,True
42,89,226,366,140,True
44,105,226,366,140,True
45,96,226,335,109,True
46,96,226,366,140,True
47,106,226,335,109,True
48,94,226,366,140,True
49,103,226,335,109,True
56,108,226,382,156,True
58,89,226,319,93,True
63,96,226,319,93,True
68,88,226,319,93,True
69,92,226,319,93,True
70,102,226,319,93,True
73,100,226,311,85,True
76,98,226,319,93,True
78,97,226,319,93,True
79,99,226,319,93,True
86,83,226,319,93,True
89,90,226,319,93,True
93,120,226,382,156,True
96,91,226,319,93,True
1,89,227,366,139,True
3,92,227,335,108,True
5,97,227,366,139,True
6,92,227,366,139,True
7,83,227,366,139,True
8,93,227,335,108,True
10,92,227,366,139,True
13,88,227,335,108,True
15,89,227,335,108,True
17,78,227,366,139,True
19,79,227,366,139,True
20,99,227,366,139,True
24,84,227,366,139,True
30,97,227,366,139,True
32,91,227,335,108,True
33,104,227,366,139,True
36,80,227,335,108,True
37,92,227,366,139,True
44,106,227,366,139,True
46,97,227,366,139,True
48,95,227,366,139,True
49,104,227,335,108,True
55,96,227,319,92,True
57,93,227,319,92,True
60,89,227,319,92,True
61,102,227,319,92,True
63,97,227,319,92,True
67,96,227,319,92,True
69,93,227,319,92,True
74,86,227,319,92,True
78,98,227,319,92,True
81,85,227,382,155,True
90,100,227,319,92,True
94,109,227,382,155,True
95,92,227,319,92,True
96,92,227,319,92,True
3,93,228,366,138,True
5,98,228,366,138,True
8,94,228,335,107,True
9,93,228,366,138,True
12,87,228,335,107,True
14,98,228,366,138,True
17,79,228,366,138,True
19,80,228,366,138,True
23,90,228,335,107,True
30,98,228,366,138,True
31,94,228,366,138,True
37,93,228,366,138,True
38,97,228,335,107,True
41,93,228,335,107,True
44,107,228,366,138,True
45,97,228,335,107,True
46,98,228,366,138,True
47,107,228,335,107,True
49,105,228,335,107,True
53,88,228,319,91,True
55,97,228,319,91,True
56,109,228,382,154,True
58,90,228,319,91,True
59,93,228,319,91,True
60,90,228,319,91,True
61,103,228,319,91,True
62,86,228,311,83,True
67,97,228,319,91,True
68,89,228,319,91,True
69,94,228,319,91,True
70,103,228,319,91,True
71,81,228,319,91,True
72,74,228,319,91,True
75,94,228,319,91,True
80,92,228,319,91,True
81,86,228,382,154,True
82,93,228,319,91,True
83,100,228,319,91,True
84,96,228,311,83,True
86,84,228,319,91,True
91,76,228,382,154,True
92,82,228,319,91,True
99,93,228,319,91,True
1,90,229,366,137,True
3,94,229,366,137,True
4,83,229,366,137,True
5,99,229,366,137,True
6,93,229,366,137,True
8,95,229,335,106,True
10,93,229,366,137,True
13,89,229,335,106,True
14,99,229,366,137,True
16,108,229,335,106,True
19,81,229,366,137,True
20,100,229,366,137,True
23,91,229,335,106,True
24,85,229,366,137,True
32,92,229,335,106,True
33,105,229,366,137,True
34,85,229,366,137,True
36,81,229,366,137,True
38,98,229,335,106,True
45,98,229,335,106,True
47,108,229,335,106,True
49,106,229,335,106,True
50,80,229,319,90,True
55,98,229,319,90,True
57,94,229,319,90,True
58,91,229,319,90,True
60,91,229,319,90,True
62,87,229,311,82,True
64,86,229,319,90,True
67,98,229,319,90,True
69,95,229,319,90,True
71,82,229,319,90,True
74,87,229,319,90,True
77,88,229,319,90,True
79,100,229,319,90,True
88,94,229,319,90,True
89,91,229,319,90,True
91,77,229,382,153,True
93,121,229,382,153,True
94,110,229,382,153,True
95,93,229,319,90,True
96,93,229,319,90,True
98,97,229,319,90,True
99,94,229,319,90,True
12,88,230,335,105,True
13,90,230,335,105,True
16,109,230,335,105,True
18,101,230,366,136,True
19,82,230,366,136,True
20,101,230,366,136,True
21,93,230,335,105,True
22,86,230,366,136,True
24,86,230,366,136,True
25,92,230,366,136,True
30,99,230,366,136,True
35,91,230,335,105,True
40,94,230,335,105,True
46,99,230,366,136,True
48,96,230,366,136,True
51,78,230,311,81,True
55,99,230,319,89,True
56,110,230,382,152,True
58,92,230,319,89,True
59,94,230,319,89,True
61,104,230,319,89,True
66,94,230,311,81,True
69,96,230,319,89,True
71,83,230,319,89,True
72,75,230,319,89,True
73,101,230,311,81,True
76,99,230,319,89,True
78,99,230,319,89,True
83,101,230,319,89,True
84,97,230,311,81,True
95,94,230,319,89,True
96,94,230,319,89,True
0,100,231,335,104,True
7,84,231,366,135,True
14,100,231,366,135,True
17,80,231,366,135,True
20,102,231,366,135,True
25,93,231,366,135,True
27,86,231,366,135,True
29,85,231,366,135,True
32,93,231,335,104,True
36,82,231,366,135,True
37,94,231,366,135,True
38,99,231,335,104,True
42,90,231,366,135,True
43,100,231,366,135,True
45,99,231,335,104,True
48,97,231,366,135,True
49,107,231,335,104,True
51,79,231,311,80,True
52,87,231,311,80,True
53,89,231,319,88,True
56,111,231,382,151,True
60,92,231,319,88,True
63,98,231,319,88,True
64,87,231,319,88,True
65,92,231,319,88,True
68,90,231,319,88,True
69,97,231,319,88,True
71,84,231,319,88,True
72,76,231,319,88,True
76,100,231,319,88,True
80,93,231,319,88,True
81,87,231,382,151,True
84,98,231,311,80,True
86,85,231,319,88,True
88,95,231,319,88,True
89,92,231,319,88,True
90,101,231,319,88,True
93,122,231,382,151,True
94,111,231,382,151,True
99,95,231,319,88,True
2,95,232,366,134,True
3,95,232,366,134,True
6,94,232,366,134,True
10,94,232,366,134,True
13,91,232,335,103,True
15,90,232,335,103,True
16,110,232,335,103,True
17,81,232,366,134,True
18,102,232,366,134,True
19,83,232,366,134,True
21,94,232,335,103,True
23,92,232,335,103,True
25,94,232,366,134,True
27,87,232,366,134,True
29,86,232,366,134,True
31,95,232,366,134,True
32,94,232,335,103,True
35,92,232,335,103,True
36,83,232,366,134,True
40,95,232,366,134,True
45,100,232,335,103,True
48,98,232,366,134,True
51,80,232,311,79,True
52,88,232,311,79,True
54,89,232,319,87,True
55,100,232,319,87,True
57,95,232,382,150,True
59,95,232,319,87,True
60,93,232,319,87,True
61,105,232,319,87,True
63,99,232,319,87,True
65,93,232,319,87,True
74,88,232,319,87,True
80,94,232,319,87,True
81,88,232,382,150,True
85,90,232,319,87,True
86,86,232,319,87,True
87,86,232,319,87,True
88,96,232,382,150,True
90,102,232,319,87,True
96,95,232,319,87,True
98,98,232,319,87,True
2,96,233,366,133,True
3,96,233,366,133,True
13,92,233,366,133,True
14,101,233,366,133,True
15,91,233,335,102,True
18,103,233,366,133,True
23,93,233,335,102,True
27,88,233,366,133,True
28,88,233,366,133,True
29,87,233,366,133,True
30,100,233,366,133,True
33,106,233,366,133,True
36,84,233,366,133,True
37,95,233,366,133,True
38,100,233,335,102,True
41,94,233,335,102,True
44,108,233,366,133,True
48,99,233,366,133,True
49,108,233,335,102,True
50,81,233,319,86,True
53,90,233,319,86,True
56,112,233,382,149,True
59,96,233,319,86,True
63,100,233,319,86,True
64,88,233,319,86,True
65,94,233,319,86,True
67,99,233,319,86,True
76,101,233,319,86,True
83,102,233,319,86,True
84,99,233,311,78,True
85,91,233,319,86,True
86,87,233,319,86,True
87,87,233,319,86,True
90,103,233,319,86,True
92,83,233,319,86,True
95,95,233,319,86,True
0,101,234,335,101,True
1,91,234,366,132,True
3,97,234,366,132,True
4,84,234,366,132,True
7,85,234,366,132,True
10,95,234,366,132,True
13,93,234,366,132,True
17,82,234,366,132,True
18,104,234,366,132,True
19,84,234,366,132,True
20,103,234,366,132,True
22,87,234,366,132,True
23,94,234,335,101,True
25,95,234,366,132,True
26,88,234,366,132,True
31,96,234,366,132,True
33,107,234,366,132,True
37,96,234,366,132,True
40,96,234,366,132,True
43,101,234,366,132,True
44,109,234,366,132,True
45,101,234,335,101,True
48,100,234,366,132,True
49,109,234,335,101,True
50,82,234,319,85,True
55,101,234,319,85,True
56,113,234,382,148,True
57,96,234,382,148,True
59,97,234,319,85,True
60,94,234,319,85,True
62,88,234,311,77,True
68,91,234,319,85,True
70,104,234,319,85,True
76,102,234,319,85,True
77,89,234,382,148,True
79,101,234,319,85,True
80,95,234,319,85,True
81,89,234,382,148,True
82,94,234,319,85,True
83,103,234,319,85,True
84,100,234,311,77,True
85,92,234,319,85,True
90,104,234,319,85,True
91,78,234,382,148,True
93,123,234,382,148,True
95,96,234,319,85,True
6,95,235,366,131,True
8,96,235,335,100,True
9,94,235,366,131,True
16,111,235,335,100,True
17,83,235,366,131,True
20,104,235,366,131,True
21,95,235,335,100,True
24,87,235,366,131,True
26,89,235,366,131,True
28,89,235,366,131,True
29,88,235,366,131,True
30,101,235,366,131,True
31,97,235,366,131,True
35,93,235,335,100,True
40,97,235,366,131,True
41,95,235,335,100,True
44,110,235,366,131,True
45,102,235,335,100,True
47,109,235,335,100,True
49,110,235,335,100,True
50,83,235,319,84,True
51,81,235,311,76,True
52,89,235,311,76,True
53,91,235,319,84,True
55,102,235,319,84,True
61,106,235,319,84,True
65,95,235,319,84,True
66,95,235,311,76,True
67,100,235,319,84,True
70,105,235,319,84,True
71,85,235,382,147,True
72,77,235,319,84,True
77,90,235,382,147,True
90,105,235,319,84,True
93,124,235,382,147,True
94,112,235,382,147,True
96,96,235,319,84,True
97,84,235,319,84,True
98,99,235,319,84,True
99,96,235,319,84,True
0,102,236,335,99,True
2,97,236,366,130,True
5,100,236,366,130,True
6,96,236,366,130,True
11,94,236,366,130,True
13,94,236,366,130,True
15,92,236,366,130,True
16,112,236,335,99,True
20,105,236,366,130,True
21,96,236,335,99,True
22,88,236,366,130,True
25,96,236,366,130,True
26,90,236,366,130,True
27,89,236,366,130,True
31,98,236,366,130,True
32,95,236,335,99,True
33,108,236,366,130,True
35,94,236,335,99,True
39,98,236,366,130,True
41,96,236,335,99,True
46,100,236,366,130,True
49,111,236,335,99,True
50,84,236,319,83,True
52,90,236,311,75,True
56,114,236,382,146,True
60,95,236,319,83,True
64,89,236,319,83,True
65,96,236,319,83,True
68,92,236,382,146,True
72,78,236,319,83,True
80,96,236,319,83,True
81,90,236,382,146,True
82,95,236,319,83,True
94,113,236,382,146,True
95,97,236,319,83,True
99,97,236,319,83,True
3,98,237,366,129,True
4,85,237,366,129,True
5,101,237,366,129,True
12,89,237,335,98,True
14,102,237,366,129,True
16,113,237,335,98,True
18,105,237,366,129,True
22,89,237,366,129,True
25,97,237,366,129,True
29,89,237,366,129,True
31,99,237,366,129,True
32,96,237,335,98,True
33,109,237,366,129,True
35,95,237,335,98,True
36,85,237,366,129,True
43,102,237,366,129,True
46,101,237,366,129,True
50,85,237,319,82,True
56,115,237,382,145,True
57,97,237,382,145,True
58,93,237,319,82,True
64,90,237,319,82,True
68,93,237,382,145,True
70,106,237,319,82,True
71,86,237,382,145,True
72,79,237,319,82,True
75,95,237,382,145,True
76,103,237,319,82,True
77,91,237,382,145,True
80,97,237,319,82,True
84,101,237,311,74,True
85,93,237,319,82,True
86,88,237,382,145,True
87,88,237,382,145,True
88,97,237,382,145,True
89,93,237,319,82,True
90,106,237,319,82,True
91,79,237,382,145,True
92,84,237,319,82,True
93,125,237,382,145,True
1,92,238,366,128,True
2,98,238,366,128,True
10,96,238,366,128,True
14,103,238,366,128,True
17,84,238,366,128,True
21,97,238,335,97,True
23,95,238,335,97,True
32,97,238,335,97,True
33,110,238,366,128,True
35,96,238,335,97,True
36,86,238,366,128,True
37,97,238,366,128,True
38,101,238,335,97,True
39,99,238,366,128,True
42,91,238,366,128,True
45,103,238,335,97,True
46,102,238,366,128,True
54,90,238,319,81,True
58,94,238,319,81,True
60,96,238,319,81,True
61,107,238,319,81,True
63,101,238,319,81,True
66,96,238,311,73,True
68,94,238,382,144,True
70,107,238,319,81,True
73,102,238,311,73,True
75,96,238,382,144,True
78,100,238,382,144,True
79,102,238,319,81,True
85,94,238,319,81,True
86,89,238,382,144,True
88,98,238,382,144,True
89,94,238,319,81,True
90,107,238,319,81,True
91,80,238,382,144,True
92,85,238,319,81,True
96,97,238,319,81,True
98,100,238,319,81,True
1,93,239,366,127,True
4,86,239,366,127,True
6,97,239,366,127,True
7,86,239,366,127,True
9,95,239,366,127,True
10,97,239,366,127,True
19,85,239,366,127,True
22,90,239,366,127,True
24,88,239,366,127,True
26,91,239,366,127,True
29,90,239,366,127,True
31,100,239,366,127,True
33,111,239,366,127,True
36,87,239,366,127,True
38,102,239,335,96,True
40,98,239,366,127,True
41,97,239,335,96,True
43,103,239,366,127,True
44,111,239,366,127,True
45,104,239,335,96,True
46,103,239,366,127,True
47,110,239,335,96,True
48,101,239,366,127,True
49,112,239,335,96,True
50,86,239,319,80,True
53,92,239,319,80,True
56,116,239,382,143,True
59,98,239,382,143,True
60,97,239,319,80,True
61,108,239,319,80,True
63,102,239,319,80,True
64,91,239,319,80,True
65,97,239,319,80,True
70,108,239,319,80,True
73,103,239,311,72,True
80,98,239,319,80,True
82,96,239,319,80,True
84,102,239,311,72,True
88,99,239,382,143,True
91,81,239,382,143,True
92,86,239,319,80,True
93,126,239,382,143,True
0,103,240,366,126,True
1,94,240,366,126,True
3,99,240,366,126,True
5,102,240,366,126,True
8,97,240,335,95,True
11,95,240,366,126,True
16,114,240,335,95,True
17,85,240,366,126,True
19,86,240,366,126,True
20,106,240,366,126,True
24,89,240,366,126,True
26,92,240,366,126,True
27,90,240,366,126,True
28,90,240,366,126,True
32,98,240,335,95,True
34,86,240,366,126,True
35,97,240,335,95,True
36,88,240,366,126,True
37,98,240,366,126,True
42,92,240,366,126,True
44,112,240,366,126,True
46,104,240,366,126,True
47,111,240,335,95,True
48,102,240,366,126,True
49,113,240,335,95,True
50,87,240,319,79,True
52,91,240,311,71,True
53,93,240,319,79,True
57,98,240,382,142,True
59,99,240,382,142,True
66,97,240,311,71,True
69,98,240,319,79,True
70,109,240,319,79,True
71,87,240,382,142,True
74,89,240,319,79,True
80,99,240,319,79,True
81,91,240,382,142,True
82,97,240,319,79,True
84,103,240,311,71,True
85,95,240,319,79,True
86,90,240,382,142,True
88,100,240,382,142,True
96,98,240,319,79,True
98,101,240,319,79,True
3,100,241,366,125,True
5,103,241,366,125,True
9,96,241,366,125,True
12,90,241,335,94,True
13,95,241,366,125,True
16,115,241,335,94,True
18,106,241,366,125,True
25,98,241,366,125,True
28,91,241,366,125,True
29,91,241,366,125,True
30,102,241,366,125,True
32,99,241,335,94,True
36,89,241,366,125,True
39,100,241,366,125,True
40,99,241,366,125,True
41,98,241,366,125,True
42,93,241,366,125,True
44,113,241,366,125,True
45,105,241,335,94,True
47,112,241,335,94,True
48,103,241,366,125,True
52,92,241,311,70,True
53,94,241,319,78,True
56,117,241,382,141,True
57,99,241,382,141,True
60,98,241,319,78,True
61,109,241,319,78,True
65,98,241,319,78,True
66,98,241,311,70,True
67,101,241,319,78,True
75,97,241,382,141,True
76,104,241,319,78,True
77,92,241,382,141,True
81,92,241,382,141,True
82,98,241,319,78,True
87,89,241,382,141,True
89,95,241,319,78,True
90,108,241,319,78,True
91,82,241,382,141,True
98,102,241,319,78,True
1,95,242,366,124,True
2,99,242,366,124,True
3,101,242,366,124,True
4,87,242,366,124,True
7,87,242,366,124,True
8,98,242,335,93,True
9,97,242,366,124,True
10,98,242,366,124,True
12,91,242,335,93,True
14,104,242,366,124,True
15,93,242,366,124,True
20,107,242,366,124,True
21,98,242,335,93,True
23,96,242,335,93,True
27,91,242,366,124,True
29,92,242,366,124,True
33,112,242,366,124,True
38,103,242,335,93,True
40,100,242,366,124,True
41,99,242,366,124,True
43,104,242,366,124,True
47,113,242,335,93,True
49,114,242,335,93,True
54,91,242,382,140,True
57,100,242,382,140,True
58,95,242,319,77,True
59,100,242,382,140,True
60,99,242,319,77,True
61,110,242,319,77,True
62,89,242,311,69,True
63,103,242,319,77,True
64,92,242,319,77,True
67,102,242,319,77,True
68,95,242,382,140,True
69,99,242,319,77,True
70,110,242,319,77,True
71,88,242,382,140,True
75,98,242,382,140,True
81,93,242,382,140,True
82,99,242,319,77,True
83,104,242,382,140,True
84,104,242,311,69,True
87,90,242,382,140,True
91,83,242,382,140,True
97,85,242,319,77,True
98,103,242,319,77,True
99,98,242,319,77,True
1,96,243,366,123,True
2,100,243,366,123,True
4,88,243,366,123,True
6,98,243,366,123,True
13,96,243,366,123,True
17,86,243,366,123,True
21,99,243,335,92,True
23,97,243,335,92,True
24,90,243,366,123,True
29,93,243,366,123,True
30,103,243,366,123,True
31,101,243,366,123,True
32,100,243,335,92,True
35,98,243,335,92,True
56,118,243,382,139,True
58,96,243,319,76,True
61,111,243,319,76,True
62,90,243,311,68,True
66,99,243,319,76,True
70,111,243,319,76,True
71,89,243,382,139,True
73,104,243,319,76,True
74,90,243,319,76,True
77,93,243,382,139,True
84,105,243,319,76,True
86,91,243,382,139,True
88,101,243,382,139,True
90,109,243,382,139,True
93,127,243,382,139,True
96,99,243,319,76,True
97,86,243,319,76,True
99,99,243,319,76,True
4,89,244,366,122,True
5,104,244,366,122,True
6,99,244,366,122,True
7,88,244,366,122,True
8,99,244,366,122,True
10,99,244,366,122,True
11,96,244,366,122,True
12,92,244,335,91,True
13,97,244,366,122,True
14,105,244,366,122,True
15,94,244,366,122,True
17,87,244,366,122,True
20,108,244,366,122,True
23,98,244,335,91,True
27,92,244,366,122,True
28,92,244,366,122,True
29,94,244,366,122,True
30,104,244,366,122,True
33,113,244,366,122,True
35,99,244,335,91,True
36,90,244,366,122,True
38,104,244,335,91,True
39,101,244,366,122,True
42,94,244,366,122,True
43,105,244,366,122,True
46,105,244,366,122,True
48,104,244,366,122,True
50,88,244,319,75,True
52,93,244,311,67,True
55,103,244,382,138,True
60,100,244,319,75,True
62,91,244,311,67,True
63,104,244,319,75,True
68,96,244,382,138,True
70,112,244,319,75,True
72,80,244,319,75,True
74,91,244,319,75,True
78,101,244,382,138,True
79,103,244,319,75,True
83,105,244,382,138,True
85,96,244,319,75,True
86,92,244,382,138,True
87,91,244,382,138,True
91,84,244,382,138,True
93,128,244,382,138,True
94,114,244,382,138,True
96,100,244,319,75,True
97,87,244,319,75,True
1,97,245,366,121,True
4,90,245,366,121,True
5,105,245,366,121,True
6,100,245,366,121,True
7,89,245,366,121,True
9,98,245,366,121,True
10,100,245,366,121,True
12,93,245,335,90,True
13,98,245,366,121,True
14,106,245,366,121,True
18,107,245,366,121,True
19,87,245,366,121,True
26,93,245,366,121,True
27,93,245,366,121,True
28,93,245,366,121,True
32,101,245,335,90,True
39,102,245,366,121,True
43,106,245,366,121,True
44,114,245,366,121,True
48,105,245,366,121,True
53,95,245,319,74,True
55,104,245,382,137,True
59,101,245,382,137,True
60,101,245,319,74,True
61,112,245,319,74,True
62,92,245,311,66,True
65,99,245,319,74,True
66,100,245,319,74,True
67,103,245,319,74,True
68,97,245,382,137,True
69,100,245,319,74,True
71,90,245,382,137,True
73,105,245,319,74,True
74,92,245,319,74,True
75,99,245,382,137,True
76,105,245,382,137,True
77,94,245,382,137,True
82,100,245,319,74,True
83,106,245,382,137,True
89,96,245,319,74,True
90,110,245,382,137,True
92,87,245,319,74,True
95,98,245,319,74,True
1,98,246,366,120,True
6,101,246,366,120,True
8,100,246,366,120,True
14,107,246,366,120,True
15,95,246,366,120,True
21,100,246,335,89,True
25,99,246,366,120,True
27,94,246,366,120,True
31,102,246,366,120,True
32,102,246,335,89,True
33,114,246,366,120,True
34,87,246,366,120,True
36,91,246,366,120,True
37,99,246,366,120,True
38,105,246,335,89,True
40,101,246,366,120,True
41,100,246,366,120,True
43,107,246,366,120,True
45,106,246,335,89,True
46,106,246,366,120,True
48,106,246,366,120,True
52,94,246,311,65,True
57,101,246,382,136,True
60,102,246,319,73,True
62,93,246,311,65,True
63,105,246,319,73,True
65,100,246,319,73,True
68,98,246,382,136,True
71,91,246,382,136,True
72,81,246,319,73,True
73,106,246,319,73,True
82,101,246,382,136,True
85,97,246,319,73,True
90,111,246,382,136,True
91,85,246,382,136,True
94,115,246,382,136,True
1,99,247,366,119,True
5,106,247,366,119,True
9,99,247,366,119,True
10,101,247,366,119,True
15,96,247,366,119,True
16,116,247,366,119,True
17,88,247,366,119,True
18,108,247,366,119,True
19,88,247,366,119,True
21,101,247,335,88,True
23,99,247,335,88,True
28,94,247,366,119,True
32,103,247,335,88,True
33,115,247,366,119,True
37,100,247,366,119,True
44,115,247,366,119,True
45,107,247,335,88,True
47,114,247,335,88,True
50,89,247,319,72,True
52,95,247,311,64,True
54,92,247,382,135,True
57,102,247,382,135,True
60,103,247,319,72,True
62,94,247,311,64,True
64,93,247,382,135,True
65,101,247,319,72,True
66,101,247,319,72,True
68,99,247,382,135,True
69,101,247,319,72,True
70,113,247,319,72,True
71,92,247,382,135,True
73,107,247,319,72,True
79,104,247,319,72,True
80,100,247,319,72,True
81,94,247,382,135,True
82,102,247,382,135,True
92,88,247,319,72,True
93,129,247,382,135,True
94,116,247,382,135,True
96,101,247,319,72,True
2,101,248,366,118,True
6,102,248,366,118,True
8,101,248,366,118,True
9,100,248,366,118,True
12,94,248,335,87,True
13,99,248,366,118,True
14,108,248,366,118,True
16,117,248,366,118,True
18,109,248,366,118,True
23,100,248,335,87,True
26,94,248,366,118,True
27,95,248,366,118,True
28,95,248,366,118,True
32,104,248,335,87,True
37,101,248,366,118,True
39,103,248,366,118,True
42,95,248,366,118,True
46,107,248,366,118,True
49,115,248,366,118,True
51,82,248,319,71,True
53,96,248,319,71,True
54,93,248,382,134,True
55,105,248,382,134,True
56,119,248,382,134,True
66,102,248,319,71,True
67,104,248,382,134,True
69,102,248,319,71,True
70,114,248,319,71,True
77,95,248,382,134,True
80,101,248,319,71,True
81,95,248,382,134,True
82,103,248,382,134,True
84,106,248,319,71,True
85,98,248,319,71,True
89,97,248,319,71,True
91,86,248,382,134,True
92,89,248,319,71,True
98,104,248,382,134,True
99,100,248,319,71,True
8,102,249,366,117,True
9,101,249,366,117,True
11,97,249,366,117,True
18,110,249,366,117,True
20,109,249,366,117,True
21,102,249,335,86,True
25,100,249,366,117,True
28,96,249,366,117,True
32,105,249,366,117,True
35,100,249,335,86,True
38,106,249,366,117,True
40,102,249,366,117,True
41,101,249,366,117,True
43,108,249,366,117,True
45,108,249,335,86,True
46,108,249,366,117,True
47,115,249,335,86,True
48,107,249,366,117,True
58,97,249,319,70,True
60,104,249,382,133,True
62,95,249,311,62,True
66,103,249,335,86,True
67,105,249,382,133,True
69,103,249,319,70,True
73,108,249,319,70,True
75,100,249,382,133,True
77,96,249,382,133,True
78,102,249,382,133,True
79,105,249,319,70,True
82,104,249,382,133,True
83,107,249,382,133,True
86,93,249,382,133,True
93,130,249,382,133,True
99,101,249,319,70,True
2,102,250,366,116,True
3,102,250,366,116,True
5,107,250,366,116,True
7,90,250,366,116,True
8,103,250,366,116,True
11,98,250,366,116,True
12,95,250,335,85,True
15,97,250,366,116,True
16,118,250,366,116,True
20,110,250,366,116,True
23,101,250,335,85,True
25,101,250,366,116,True
28,97,250,366,116,True
30,105,250,366,116,True
31,103,250,366,116,True
32,106,250,366,116,True
34,88,250,366,116,True
35,101,250,335,85,True
36,92,250,366,116,True
37,102,250,366,116,True
40,103,250,366,116,True
45,109,250,335,85,True
53,97,250,319,69,True
55,106,250,382,132,True
56,120,250,382,132,True
57,103,250,382,132,True
59,102,250,382,132,True
60,105,250,382,132,True
63,106,250,382,132,True
64,94,250,382,132,True
66,104,250,335,85,True
67,106,250,382,132,True
68,100,250,382,132,True
73,109,250,319,69,True
76,106,250,382,132,True
77,97,250,382,132,True
80,102,250,319,69,True
83,108,250,382,132,True
84,107,250,319,69,True
87,92,250,382,132,True
94,117,250,382,132,True
95,99,250,382,132,True
97,88,250,319,69,True
98,105,250,382,132,True
1,100,251,366,115,True
2,103,251,366,115,True
5,108,251,366,115,True
8,104,251,366,115,True
9,102,251,366,115,True
11,99,251,366,115,True
12,96,251,335,84,True
14,109,251,366,115,True
16,119,251,366,115,True
18,111,251,366,115,True
19,89,251,366,115,True
20,111,251,366,115,True
21,103,251,335,84,True
28,98,251,366,115,True
31,104,251,366,115,True
37,103,251,366,115,True
39,104,251,366,115,True
41,102,251,366,115,True
43,109,251,366,115,True
44,116,251,366,115,True
46,109,251,366,115,True
49,116,251,366,115,True
51,83,251,319,68,True
53,98,251,319,68,True
55,107,251,382,131,True
56,121,251,382,131,True
60,106,251,382,131,True
63,107,251,382,131,True
68,101,251,382,131,True
69,104,251,382,131,True
75,101,251,382,131,True
76,107,251,382,131,True
77,98,251,382,131,True
78,103,251,382,131,True
79,106,251,319,68,True
81,96,251,382,131,True
86,94,251,382,131,True
87,93,251,382,131,True
88,102,251,382,131,True
92,90,251,382,131,True
94,118,251,382,131,True
95,100,251,382,131,True
97,89,251,319,68,True
1,101,252,366,114,True
4,91,252,366,114,True
5,109,252,366,114,True
9,103,252,366,114,True
11,100,252,366,114,True
14,110,252,366,114,True
16,120,252,366,114,True
17,89,252,366,114,True
21,104,252,335,83,True
27,96,252,366,114,True
28,99,252,366,114,True
29,95,252,366,114,True
30,106,252,366,114,True
33,116,252,366,114,True
34,89,252,366,114,True
37,104,252,366,114,True
39,105,252,366,114,True
42,96,252,366,114,True
43,110,252,366,114,True
50,90,252,382,130,True
52,96,252,319,67,True
53,99,252,319,67,True
55,108,252,382,130,True
59,103,252,382,130,True
66,105,252,335,83,True
68,102,252,382,130,True
72,82,252,319,67,True
74,93,252,319,67,True
75,102,252,382,130,True
79,107,252,319,67,True
87,94,252,382,130,True
89,98,252,382,130,True
91,87,252,382,130,True
92,91,252,382,130,True
93,131,252,382,130,True
97,90,252,319,67,True
0,104,253,366,113,True
1,102,253,366,113,True
2,104,253,366,113,True
5,110,253,366,113,True
6,103,253,366,113,True
7,91,253,366,113,True
8,105,253,366,113,True
12,97,253,335,82,True
15,98,253,366,113,True
18,112,253,366,113,True
20,112,253,366,113,True
24,91,253,366,113,True
25,102,253,366,113,True
28,100,253,366,113,True
31,105,253,366,113,True
33,117,253,366,113,True
34,90,253,366,113,True
37,105,253,366,113,True
40,104,253,366,113,True
41,103,253,366,113,True
45,110,253,335,82,True
47,116,253,366,113,True
49,117,253,366,113,True
52,97,253,319,66,True
53,100,253,319,66,True
55,109,253,382,129,True
58,98,253,319,66,True
61,113,253,382,129,True
62,96,253,335,82,True
65,102,253,382,129,True
67,107,253,382,129,True
70,115,253,382,129,True
76,108,253,382,129,True
77,99,253,382,129,True
78,104,253,382,129,True
80,103,253,319,66,True
81,97,253,382,129,True
83,109,253,382,129,True
85,99,253,319,66,True
87,95,253,382,129,True
88,103,253,382,129,True
91,88,253,382,129,True
95,101,253,382,129,True
97,91,253,319,66,True
98,106,253,382,129,True
99,102,253,382,129,True
11,101,254,366,112,True
13,100,254,366,112,True
16,121,254,366,112,True
18,113,254,366,112,True
19,90,254,366,112,True
22,91,254,366,112,True
26,95,254,366,112,True
27,97,254,366,112,True
30,107,254,366,112,True
37,106,254,366,112,True
39,106,254,366,112,True
40,105,254,366,112,True
44,117,254,366,112,True
48,108,254,366,112,True
51,84,254,319,65,True
52,98,254,319,65,True
53,101,254,319,65,True
54,94,254,382,128,True
59,104,254,382,128,True
62,97,254,335,81,True
64,95,254,382,128,True
69,105,254,382,128,True
72,83,254,319,65,True
78,105,254,382,128,True
81,98,254,382,128,True
85,100,254,319,65,True
90,112,254,382,128,True
93,132,254,382,128,True
94,119,254,382,128,True
95,102,254,382,128,True
96,102,254,382,128,True
0,105,255,366,111,True
3,103,255,366,111,True
5,111,255,366,111,True
9,104,255,366,111,True
13,101,255,366,111,True
14,111,255,366,111,True
15,99,255,366,111,True
16,122,255,366,111,True
18,114,255,366,111,True
20,113,255,366,111,True
22,92,255,366,111,True
26,96,255,366,111,True
33,118,255,366,111,True
36,93,255,366,111,True
39,107,255,366,111,True
40,106,255,366,111,True
41,104,255,366,111,True
44,118,255,366,111,True
48,109,255,366,111,True
49,118,255,366,111,True
50,91,255,382,127,True
51,85,255,319,64,True
57,104,255,382,127,True
58,99,255,319,64,True
60,107,255,382,127,True
62,98,255,335,80,True
63,108,255,382,127,True
65,103,255,382,127,True
67,108,255,382,127,True
70,116,255,382,127,True
72,84,255,319,64,True
75,103,255,382,127,True
76,109,255,382,127,True
80,104,255,319,64,True
81,99,255,382,127,True
84,108,255,319,64,True
86,95,255,382,127,True
87,96,255,382,127,True
94,120,255,382,127,True
95,103,255,382,127,True
96,103,255,382,127,True
4,92,256,366,110,True
5,112,256,366,110,True
7,92,256,366,110,True
9,105,256,366,110,True
10,102,256,366,110,True
14,112,256,366,110,True
19,91,256,366,110,True
21,105,256,335,79,True
24,92,256,366,110,True
33,119,256,366,110,True
34,91,256,366,110,True
35,102,256,335,79,True
42,97,256,366,110,True
44,119,256,366,110,True
48,110,256,366,110,True
51,86,256,319,63,True
54,95,256,382,126,True
55,110,256,382,126,True
60,108,256,382,126,True
65,104,256,382,126,True
67,109,256,382,126,True
68,103,256,382,126,True
70,117,256,382,126,True
71,93,256,382,126,True
73,110,256,319,63,True
76,110,256,382,126,True
78,106,256,382,126,True
80,105,256,319,63,True
81,100,256,382,126,True
83,110,256,382,126,True
84,109,256,319,63,True
87,97,256,382,126,True
88,104,256,382,126,True
90,113,256,382,126,True
91,89,256,382,126,True
92,92,256,382,126,True
93,133,256,382,126,True
98,107,256,382,126,True
1,103,257,366,109,True
3,104,257,366,109,True
5,113,257,366,109,True
6,104,257,366,109,True
7,93,257,366,109,True
10,103,257,366,109,True
14,113,257,366,109,True
16,123,257,366,109,True
18,115,257,366,109,True
20,114,257,366,109,True
22,93,257,366,109,True
23,102,257,366,109,True
27,98,257,366,109,True
29,96,257,366,109,True
31,106,257,366,109,True
32,107,257,366,109,True
33,120,257,366,109,True
41,105,257,366,109,True
42,98,257,366,109,True
44,120,257,366,109,True
45,111,257,335,78,True
47,117,257,366,109,True
48,111,257,366,109,True
49,119,257,366,109,True
50,92,257,382,125,True
52,99,257,319,62,True
62,99,257,335,78,True
63,109,257,382,125,True
71,94,257,382,125,True
73,111,257,319,62,True
75,104,257,382,125,True
78,107,257,382,125,True
80,106,257,319,62,True
81,101,257,382,125,True
83,111,257,382,125,True
84,110,257,319,62,True
85,101,257,319,62,True
93,134,257,382,125,True
95,104,257,382,125,True
97,92,257,319,62,True
0,106,258,366,108,True
4,93,258,366,108,True
7,94,258,366,108,True
12,98,258,366,108,True
13,102,258,366,108,True
14,114,258,366,108,True
15,100,258,366,108,True
17,90,258,366,108,True
18,116,258,366,108,True
22,94,258,366,108,True
23,103,258,366,108,True
25,103,258,366,108,True
31,107,258,366,108,True
33,121,258,366,108,True
35,103,258,366,108,True
36,94,258,366,108,True
38,107,258,366,108,True
43,111,258,366,108,True
45,112,258,335,77,True
49,120,258,366,108,True
50,93,258,382,124,True
51,87,258,319,61,True
54,96,258,382,124,True
55,111,258,382,124,True
56,122,258,382,124,True
60,109,258,382,124,True
62,100,258,335,77,True
64,96,258,382,124,True
68,104,258,382,124,True
70,118,258,382,124,True
74,94,258,382,124,True
77,100,258,382,124,True
79,108,258,382,124,True
89,99,258,382,124,True
97,93,258,319,61,True
99,103,258,382,124,True
0,107,259,366,107,True
4,94,259,366,107,True
6,105,259,366,107,True
9,106,259,366,107,True
12,99,259,366,107,True
18,117,259,366,107,True
19,92,259,366,107,True
20,115,259,366,107,True
22,95,259,366,107,True
23,104,259,366,107,True
24,93,259,366,107,True
25,104,259,366,107,True
26,97,259,366,107,True
28,101,259,366,107,True
29,97,259,366,107,True
33,122,259,366,107,True
34,92,259,366,107,True
37,107,259,366,107,True
40,107,259,366,107,True
42,99,259,366,107,True
43,112,259,366,107,True
44,121,259,366,107,True
45,113,259,335,76,True
46,110,259,366,107,True
49,121,259,366,107,True
54,97,259,382,123,True
55,112,259,382,123,True
58,100,259,382,123,True
59,105,259,382,123,True
61,114,259,382,123,True
62,101,259,335,76,True
66,106,259,335,76,True
70,119,259,382,123,True
71,95,259,382,123,True
72,85,259,319,60,True
73,112,259,319,60,True
76,111,259,382,123,True
77,101,259,382,123,True
79,109,259,382,123,True
81,102,259,382,123,True
82,105,259,382,123,True
83,112,259,382,123,True
84,111,259,319,60,True
85,102,259,319,60,True
86,96,259,382,123,True
88,105,259,382,123,True
90,114,259,382,123,True
91,90,259,382,123,True
92,93,259,382,123,True
95,105,259,382,123,True
99,104,259,382,123,True
0,108,260,366,106,True
2,105,260,366,106,True
5,114,260,366,106,True
6,106,260,366,106,True
10,104,260,366,106,True
11,102,260,366,106,True
13,103,260,366,106,True
17,91,260,366,106,True
19,93,260,366,106,True
20,116,260,366,106,True
25,105,260,366,106,True
27,99,260,366,106,True
28,102,260,366,106,True
30,108,260,366,106,True
39,108,260,366,106,True
44,122,260,366,106,True
48,112,260,366,106,True
51,88,260,382,122,True
52,100,260,319,59,True
54,98,260,382,122,True
55,113,260,382,122,True
56,123,260,382,122,True
58,101,260,382,122,True
59,106,260,382,122,True
60,110,260,382,122,True
61,115,260,382,122,True
63,110,260,382,122,True
64,97,260,382,122,True
67,110,260,382,122,True
72,86,260,319,59,True
75,105,260,382,122,True
76,112,260,382,122,True
79,110,260,382,122,True
80,107,260,319,59,True
81,103,260,382,122,True
84,112,260,319,59,True
86,97,260,382,122,True
87,98,260,382,122,True
93,135,260,382,122,True
96,104,260,382,122,True
99,105,260,382,122,True
7,95,261,366,105,True
15,101,261,366,105,True
17,92,261,366,105,True
18,118,261,366,105,True
19,94,261,366,105,True
20,117,261,366,105,True
22,96,261,366,105,True
25,106,261,366,105,True
27,100,261,366,105,True
35,104,261,366,105,True
40,108,261,366,105,True
44,123,261,366,105,True
51,89,261,382,121,True
52,101,261,319,58,True
55,114,261,382,121,True
56,124,261,382,121,True
60,111,261,382,121,True
62,102,261,335,74,True
63,111,261,382,121,True
66,107,261,335,74,True
68,105,261,382,121,True
69,106,261,382,121,True
70,120,261,382,121,True
74,95,261,382,121,True
76,113,261,382,121,True
83,113,261,382,121,True
85,103,261,382,121,True
87,99,261,382,121,True
88,106,261,382,121,True
93,136,261,382,121,True
94,121,261,382,121,True
95,106,261,382,121,True
0,109,262,366,104,True
3,105,262,366,104,True
6,107,262,366,104,True
8,106,262,366,104,True
9,107,262,366,104,True
11,103,262,366,104,True
13,104,262,366,104,True
14,115,262,366,104,True
15,102,262,366,104,True
16,124,262,366,104,True
20,118,262,366,104,True
23,105,262,366,104,True
27,101,262,366,104,True
29,98,262,366,104,True
35,105,262,366,104,True
36,95,262,366,104,True
38,108,262,366,104,True
40,109,262,366,104,True
43,113,262,366,104,True
44,124,262,366,104,True
49,122,262,366,104,True
51,90,262,382,120,True
58,102,262,382,120,True
59,107,262,382,120,True
62,103,262,335,73,True
63,112,262,382,120,True
64,98,262,382,120,True
68,106,262,382,120,True
69,107,262,382,120,True
74,96,262,382,120,True
76,114,262,382,120,True
81,104,262,382,120,True
83,114,262,382,120,True
84,113,262,319,57,True
87,100,262,382,120,True
88,107,262,382,120,True
90,115,262,382,120,True
94,122,262,382,120,True
1,104,263,366,103,True
4,95,263,366,103,True
5,115,263,366,103,True
6,108,263,366,103,True
9,108,263,366,103,True
12,100,263,366,103,True
13,105,263,366,103,True
19,95,263,366,103,True
20,119,263,366,103,True
22,97,263,366,103,True
23,106,263,366,103,True
24,94,263,366,103,True
25,107,263,366,103,True
27,102,263,366,103,True
28,103,263,366,103,True
29,99,263,366,103,True
34,93,263,366,103,True
36,96,263,366,103,True
37,108,263,366,103,True
38,109,263,366,103,True
40,110,263,366,103,True
41,106,263,366,103,True
43,114,263,366,103,True
45,114,263,366,103,True
47,118,263,366,103,True
51,91,263,382,119,True
52,102,263,319,56,True
59,108,263,382,119,True
60,112,263,382,119,True
61,116,263,382,119,True
67,111,263,382,119,True
68,107,263,382,119,True
69,108,263,382,119,True
70,121,263,382,119,True
71,96,263,382,119,True
72,87,263,382,119,True
74,97,263,382,119,True
78,108,263,382,119,True
79,111,263,382,119,True
82,106,263,382,119,True
86,98,263,382,119,True
87,101,263,382,119,True
90,116,263,382,119,True
91,91,263,382,119,True
92,94,263,382,119,True
98,108,263,382,119,True
1,105,264,366,102,True
7,96,264,366,102,True
9,109,264,366,102,True
10,105,264,366,102,True
12,101,264,366,102,True
14,116,264,366,102,True
18,119,264,366,102,True
19,96,264,366,102,True
20,120,264,366,102,True
25,108,264,366,102,True
28,104,264,366,102,True
29,100,264,366,102,True
31,108,264,366,102,True
32,108,264,366,102,True
34,94,264,366,102,True
35,106,264,366,102,True
36,97,264,366,102,True
45,115,264,366,102,True
47,119,264,366,102,True
49,123,264,366,102,True
51,92,264,382,118,True
53,102,264,382,118,True
54,99,264,382,118,True
55,115,264,382,118,True
60,113,264,382,118,True
61,117,264,382,118,True
66,108,264,335,71,True
67,112,264,382,118,True
68,108,264,382,118,True
71,97,264,382,118,True
76,115,264,382,118,True
78,109,264,382,118,True
80,108,264,382,118,True
81,105,264,382,118,True
83,115,264,382,118,True
84,114,264,319,55,True
88,108,264,382,118,True
89,100,264,382,118,True
94,123,264,382,118,True
95,107,264,382,118,True
96,105,264,382,118,True
98,109,264,382,118,True
99,106,264,382,118,True
2,106,265,366,101,True
9,110,265,366,101,True
11,104,265,366,101,True
19,97,265,366,101,True
20,121,265,366,101,True
21,106,265,366,101,True
22,98,265,366,101,True
25,109,265,366,101,True
29,101,265,366,101,True
31,109,265,366,101,True
34,95,265,366,101,True
38,110,265,366,101,True
39,109,265,366,101,True
41,107,265,366,101,True
44,125,265,366,101,True
48,113,265,366,101,True
53,103,265,382,117,True
56,125,265,382,117,True
59,109,265,382,117,True
62,104,265,335,70,True
63,113,265,382,117,True
64,99,265,382,117,True
67,113,265,382,117,True
72,88,265,382,117,True
75,106,265,382,117,True
76,116,265,382,117,True
78,110,265,382,117,True
80,109,265,382,117,True
81,106,265,382,117,True
82,107,265,382,117,True
83,116,265,382,117,True
91,92,265,382,117,True
92,95,265,382,117,True
97,94,265,382,117,True
1,106,266,366,100,True
3,106,266,366,100,True
11,105,266,366,100,True
13,106,266,366,100,True
16,125,266,366,100,True
18,120,266,366,100,True
20,122,266,366,100,True
22,99,266,366,100,True
24,95,266,366,100,True
28,105,266,366,100,True
30,109,266,366,100,True
32,109,266,366,100,True
36,98,266,366,100,True
37,109,266,366,100,True
42,100,266,366,100,True
48,114,266,366,100,True
54,100,266,382,116,True
57,105,266,382,116,True
59,110,266,382,116,True
64,100,266,382,116,True
68,109,266,382,116,True
69,109,266,382,116,True
75,107,266,382,116,True
79,112,266,382,116,True
81,107,266,382,116,True
83,117,266,382,116,True
85,104,266,382,116,True
93,137,266,382,116,True
95,108,266,382,116,True
97,95,266,382,116,True
99,107,266,382,116,True
4,96,267,366,99,True
9,111,267,366,99,True
10,106,267,366,99,True
12,102,267,366,99,True
13,107,267,366,99,True
14,117,267,366,99,True
17,93,267,366,99,True
20,123,267,366,99,True
26,98,267,442,175,True
31,110,267,366,99,True
37,110,267,366,99,True
38,111,267,366,99,True
40,111,267,366,99,True
47,120,267,366,99,True
48,115,267,366,99,True
49,124,267,366,99,True
50,94,267,382,115,True
54,101,267,382,115,True
55,116,267,382,115,True
56,126,267,382,115,True
57,106,267,382,115,True
62,105,267,335,68,True
63,114,267,382,115,True
66,109,267,335,68,True
67,114,267,382,115,True
68,110,267,382,115,True
69,110,267,382,115,True
71,98,267,382,115,True
72,89,267,382,115,True
76,117,267,382,115,True
77,102,267,382,115,True
78,111,267,382,115,True
82,108,267,382,115,True
84,115,267,319,52,True
88,109,267,382,115,True
89,101,267,382,115,True
91,93,267,382,115,True
92,96,267,382,115,True
95,109,267,382,115,True
98,110,267,382,115,True
99,108,267,382,115,True
1,107,268,366,98,True
3,107,268,366,98,True
5,116,268,366,98,True
6,109,268,366,98,True
8,107,268,366,98,True
13,108,268,366,98,True
14,118,268,366,98,True
15,103,268,366,98,True
16,126,268,366,98,True
18,121,268,366,98,True
21,107,268,366,98,True
22,100,268,366,98,True
23,107,268,366,98,True
25,110,268,366,98,True
29,102,268,366,98,True
30,110,268,366,98,True
34,96,268,366,98,True
36,99,268,366,98,True
37,111,268,366,98,True
41,108,268,366,98,True
42,101,268,366,98,True
43,115,268,366,98,True
47,121,268,366,98,True
50,95,268,382,114,True
54,102,268,382,114,True
57,107,268,382,114,True
58,103,268,382,114,True
60,114,268,382,114,True
62,106,268,335,67,True
70,122,268,382,114,True
73,113,268,319,51,True
76,118,268,382,114,True
77,103,268,382,114,True
79,113,268,382,114,True
81,108,268,382,114,True
86,99,268,382,114,True
89,102,268,382,114,True
91,94,268,382,114,True
93,138,268,382,114,True
94,124,268,382,114,True
98,111,268,382,114,True
12,103,269,366,97,True
16,127,269,366,97,True
18,122,269,366,97,True
19,98,269,366,97,True
22,101,269,366,97,True
23,108,269,366,97,True
24,96,269,366,97,True
25,111,269,366,97,True
27,103,269,366,97,True
31,111,269,366,97,True
35,107,269,366,97,True
36,100,269,366,97,True
37,112,269,366,97,True
39,110,269,366,97,True
42,102,269,366,97,True
43,116,269,366,97,True
44,126,269,366,97,True
46,111,269,366,97,True
50,96,269,382,113,True
51,93,269,382,113,True
53,104,269,382,113,True
55,117,269,382,113,True
57,108,269,382,113,True
63,115,269,382,113,True
66,110,269,335,66,True
67,115,269,382,113,True
69,111,269,382,113,True
73,114,269,319,50,True
76,119,269,382,113,True
80,110,269,382,113,True
81,109,269,382,113,True
84,116,269,319,50,True
86,100,269,382,113,True
88,110,269,382,113,True
91,95,269,382,113,True
97,96,269,382,113,True
99,109,269,382,113,True
2,107,270,366,96,True
6,110,270,366,96,True
9,112,270,366,96,True
10,107,270,366,96,True
11,106,270,366,96,True
13,109,270,366,96,True
14,119,270,366,96,True
18,123,270,366,96,True
19,99,270,366,96,True
20,124,270,366,96,True
21,108,270,366,96,True
23,109,270,366,96,True
25,112,270,366,96,True
29,103,270,366,96,True
32,110,270,366,96,True
35,108,270,366,96,True
36,101,270,366,96,True
37,113,270,366,96,True
38,112,270,366,96,True
39,111,270,366,96,True
43,117,270,366,96,True
44,127,270,366,96,True
45,116,270,366,96,True
47,122,270,366,96,True
49,125,270,366,96,True
52,103,270,319,49,True
53,105,270,382,112,True
62,107,270,335,65,True
63,116,270,382,112,True
64,101,270,382,112,True
66,111,270,335,65,True
68,111,270,382,112,True
74,98,270,382,112,True
77,104,270,382,112,True
83,118,270,382,112,True
84,117,270,319,49,True
86,101,270,382,112,True
87,102,270,382,112,True
88,111,270,382,112,True
89,103,270,382,112,True
93,139,270,382,112,True
96,106,270,382,112,True
1,108,271,366,95,True
2,108,271,366,95,True
5,117,271,366,95,True
6,111,271,366,95,True
7,97,271,366,95,True
9,113,271,366,95,True
12,104,271,366,95,True
13,110,271,366,95,True
14,120,271,366,95,True
17,94,271,366,95,True
18,124,271,366,95,True
19,100,271,366,95,True
20,125,271,366,95,True
23,110,271,366,95,True
28,106,271,366,95,True
32,111,271,366,95,True
33,123,271,366,95,True
37,114,271,366,95,True
38,113,271,366,95,True
41,109,271,366,95,True
43,118,271,366,95,True
50,97,271,382,111,True
51,94,271,382,111,True
56,127,271,382,111,True
62,108,271,335,64,True
63,117,271,382,111,True
65,105,271,382,111,True
66,112,271,335,64,True
69,112,271,382,111,True
70,123,271,382,111,True
71,99,271,382,111,True
82,109,271,382,111,True
84,118,271,319,48,True
86,102,271,382,111,True
87,103,271,382,111,True
88,112,271,382,111,True
89,104,271,382,111,True
91,96,271,382,111,True
95,110,271,382,111,True
98,112,271,382,111,True
0,110,272,366,94,True
2,109,272,366,94,True
4,97,272,366,94,True
6,112,272,366,94,True
9,114,272,366,94,True
10,108,272,366,94,True
12,105,272,366,94,True
14,121,272,366,94,True
17,95,272,366,94,True
18,125,272,366,94,True
22,102,272,366,94,True
23,111,272,366,94,True
25,113,272,366,94,True
29,104,272,366,94,True
34,97,272,366,94,True
35,109,272,366,94,True
39,112,272,366,94,True
40,112,272,366,94,True
44,128,272,366,94,True
48,116,272,366,94,True
49,126,272,366,94,True
50,98,272,382,110,True
51,95,272,382,110,True
52,104,272,319,47,True
53,106,272,382,110,True
57,109,272,382,110,True
58,104,272,382,110,True
59,111,272,382,110,True
60,115,272,382,110,True
67,116,272,382,110,True
68,112,272,382,110,True
75,108,272,382,110,True
78,112,272,382,110,True
80,111,272,382,110,True
87,104,272,382,110,True
90,117,272,382,110,True
91,97,272,382,110,True
92,97,272,382,110,True
93,140,272,382,110,True
94,125,272,382,110,True
96,107,272,382,110,True
98,113,272,382,110,True
99,110,272,382,110,True
8,108,273,366,93,True
10,109,273,366,93,True
12,106,273,366,93,True
14,122,273,366,93,True
18,126,273,366,93,True
20,126,273,366,93,True
22,103,273,366,93,True
23,112,273,366,93,True
24,97,273,366,93,True
27,104,273,366,93,True
29,105,273,366,93,True
34,98,273,366,93,True
35,110,273,366,93,True
37,115,273,366,93,True
38,114,273,366,93,True
39,113,273,366,93,True
41,110,273,366,93,True
42,103,273,366,93,True
45,117,273,366,93,True
46,112,273,366,93,True
49,127,273,366,93,True
50,99,273,382,109,True
52,105,273,319,46,True
54,103,273,382,109,True
55,118,273,382,109,True
56,128,273,382,109,True
57,110,273,382,109,True
66,113,273,335,62,True
70,124,273,382,109,True
76,120,273,382,109,True
80,112,273,382,109,True
82,110,273,382,109,True
86,103,273,382,109,True
89,105,273,382,109,True
91,98,273,382,109,True
93,141,273,382,109,True
99,111,273,382,109,True
0,111,274,366,92,True
2,110,274,366,92,True
3,108,274,366,92,True
4,98,274,366,92,True
5,118,274,366,92,True
6,113,274,366,92,True
8,109,274,366,92,True
10,110,274,366,92,True
14,123,274,366,92,True
15,104,274,366,92,True
16,128,274,366,92,True
18,127,274,366,92,True
19,101,274,366,92,True
22,104,274,366,92,True
24,98,274,366,92,True
25,114,274,366,92,True
28,107,274,366,92,True
29,106,274,366,92,True
32,112,274,366,92,True
34,99,274,366,92,True
35,111,274,366,92,True
36,102,274,366,92,True
40,113,274,366,92,True
43,119,274,366,92,True
44,129,274,366,92,True
45,118,274,366,92,True
47,123,274,366,92,True
49,128,274,366,92,True
55,119,274,382,108,True
57,111,274,382,108,True
58,105,274,382,108,True
60,116,274,382,108,True
63,118,274,382,108,True
64,102,274,382,108,True
65,106,274,382,108,True
68,113,274,382,108,True
73,115,274,335,61,True
74,99,274,382,108,True
75,109,274,382,108,True
77,105,274,382,108,True
78,113,274,382,108,True
86,104,274,382,108,True
95,111,274,382,108,True
97,97,274,382,108,True
1,109,275,366,91,True
3,109,275,366,91,True
4,99,275,366,91,True
5,119,275,366,91,True
7,98,275,366,91,True
8,110,275,366,91,True
9,115,275,366,91,True
14,124,275,366,91,True
15,105,275,366,91,True
17,96,275,366,91,True
18,128,275,366,91,True
22,105,275,366,91,True
25,115,275,366,91,True
27,105,275,366,91,True
28,108,275,366,91,True
30,111,275,366,91,True
32,113,275,366,91,True
34,100,275,366,91,True
35,112,275,366,91,True
37,116,275,366,91,True
40,114,275,366,91,True
47,124,275,366,91,True
48,117,275,366,91,True
49,129,275,366,91,True
50,100,275,382,107,True
52,106,275,382,107,True
55,120,275,382,107,True
56,129,275,382,107,True
58,106,275,382,107,True
63,119,275,382,107,True
66,114,275,335,60,True
68,114,275,382,107,True
70,125,275,382,107,True
73,116,275,335,60,True
76,121,275,382,107,True
77,106,275,382,107,True
80,113,275,382,107,True
82,111,275,382,107,True
83,119,275,382,107,True
87,105,275,382,107,True
92,98,275,382,107,True
93,142,275,467,192,True
94,126,275,382,107,True
98,114,275,382,107,True
99,112,275,382,107,True
0,112,276,366,90,True
8,111,276,366,90,True
11,107,276,366,90,True
12,107,276,366,90,True
16,129,276,366,90,True
17,97,276,366,90,True
20,127,276,366,90,True
21,109,276,366,90,True
24,99,276,366,90,True
27,106,276,366,90,True
29,107,276,366,90,True
31,112,276,366,90,True
32,114,276,366,90,True
34,101,276,366,90,True
35,113,276,366,90,True
38,115,276,366,90,True
43,120,276,366,90,True
44,130,276,366,90,True
46,113,276,366,90,True
50,101,276,382,106,True
52,107,276,382,106,True
57,112,276,382,106,True
59,112,276,382,106,True
67,117,276,382,106,True
68,115,276,382,106,True
70,126,276,382,106,True
71,100,276,382,106,True
72,90,276,382,106,True
73,117,276,335,59,True
74,100,276,382,106,True
75,110,276,382,106,True
79,114,276,382,106,True
80,114,276,382,106,True
81,110,276,382,106,True
85,105,276,382,106,True
89,106,276,382,106,True
94,127,276,382,106,True
97,98,276,382,106,True
98,115,276,382,106,True
99,113,276,382,106,True
0,113,277,366,89,True
2,111,277,366,89,True
9,116,277,366,89,True
12,108,277,366,89,True
14,125,277,366,89,True
20,128,277,366,89,True
23,113,277,366,89,True
24,100,277,366,89,True
25,116,277,366,89,True
26,99,277,442,165,True
29,108,277,366,89,True
31,113,277,366,89,True
32,115,277,366,89,True
33,124,277,366,89,True
34,102,277,366,89,True
36,103,277,366,89,True
37,117,277,366,89,True
40,115,277,366,89,True
41,111,277,366,89,True
42,104,277,366,89,True
44,131,277,366,89,True
51,96,277,382,105,True
53,107,277,382,105,True
55,121,277,382,105,True
56,130,277,382,105,True
58,107,277,382,105,True
59,113,277,382,105,True
60,117,277,382,105,True
63,120,277,382,105,True
66,115,277,335,58,True
67,118,277,382,105,True
70,127,277,382,105,True
71,101,277,382,105,True
72,91,277,382,105,True
73,118,277,335,58,True
74,101,277,382,105,True
76,122,277,382,105,True
78,114,277,382,105,True
79,115,277,382,105,True
80,115,277,382,105,True
82,112,277,382,105,True
83,120,277,382,105,True
86,105,277,382,105,True
92,99,277,382,105,True
95,112,277,382,105,True
96,108,277,382,105,True
98,116,277,382,105,True
99,114,277,382,105,True
0,114,278,366,88,True
1,110,278,366,88,True
5,120,278,366,88,True
6,114,278,366,88,True
8,112,278,366,88,True
14,126,278,366,88,True
15,106,278,366,88,True
16,130,278,366,88,True
17,98,278,366,88,True
19,102,278,366,88,True
22,106,278,366,88,True
25,117,278,366,88,True
28,109,278,366,88,True
29,109,278,366,88,True
30,112,278,366,88,True
32,116,278,366,88,True
33,125,278,366,88,True
35,114,278,366,88,True
36,104,278,366,88,True
37,118,278,366,88,True
45,119,278,366,88,True
51,97,278,382,104,True
53,108,278,382,104,True
58,108,278,382,104,True
62,109,278,366,88,True
63,121,278,382,104,True
65,107,278,382,104,True
67,119,278,382,104,True
68,116,278,382,104,True
71,102,278,382,104,True
72,92,278,382,104,True
74,102,278,382,104,True
75,111,278,382,104,True
76,123,278,382,104,True
84,119,278,335,57,True
85,106,278,382,104,True
86,106,278,382,104,True
88,113,278,382,104,True
90,118,278,382,104,True
92,100,278,382,104,True
95,113,278,382,104,True
97,99,278,382,104,True
98,117,278,382,104,True
0,115,279,366,87,True
5,121,279,366,87,True
7,99,279,366,87,True
15,107,279,366,87,True
18,129,279,366,87,True
32,117,279,366,87,True
33,126,279,366,87,True
34,103,279,366,87,True
35,115,279,366,87,True
40,116,279,366,87,True
44,132,279,366,87,True
45,120,279,366,87,True
47,125,279,366,87,True
48,118,279,366,87,True
50,102,279,382,103,True
53,109,279,382,103,True
56,131,279,382,103,True
57,113,279,382,103,True
58,109,279,382,103,True
59,114,279,382,103,True
60,118,279,382,103,True
63,122,279,382,103,True
64,103,279,382,103,True
65,108,279,382,103,True
67,120,279,382,103,True
68,117,279,382,103,True
69,113,279,382,103,True
70,128,279,382,103,True
71,103,279,382,103,True
73,119,279,335,56,True
75,112,279,382,103,True
76,124,279,382,103,True
77,107,279,382,103,True
81,111,279,382,103,True
82,113,279,382,103,True
85,107,279,382,103,True
89,107,279,382,103,True
91,99,279,382,103,True
92,101,279,382,103,True
99,115,279,382,103,True
0,116,280,366,86,True
2,112,280,366,86,True
4,100,280,366,86,True
5,122,280,366,86,True
6,115,280,366,86,True
10,111,280,366,86,True
11,108,280,366,86,True
13,111,280,366,86,True
14,127,280,366,86,True
16,131,280,366,86,True
17,99,280,366,86,True
19,103,280,366,86,True
21,110,280,366,86,True
32,118,280,366,86,True
42,105,280,366,86,True
43,121,280,366,86,True
44,133,280,366,86,True
53,110,280,382,102,True
55,122,280,382,102,True
58,110,280,382,102,True
61,118,280,382,102,True
62,110,280,366,86,True
65,109,280,382,102,True
69,114,280,382,102,True
76,125,280,382,102,True
77,108,280,382,102,True
78,115,280,382,102,True
81,112,280,382,102,True
83,121,280,382,102,True
85,108,280,382,102,True
91,100,280,382,102,True
93,143,280,467,187,True
96,109,280,382,102,True
99,116,280,382,102,True
1,111,281,366,85,True
3,110,281,366,85,True
7,100,281,366,85,True
8,113,281,366,85,True
9,117,281,366,85,True
14,128,281,366,85,True
15,108,281,366,85,True
21,111,281,366,85,True
22,107,281,366,85,True
24,101,281,366,85,True
28,110,281,366,85,True
29,110,281,366,85,True
32,119,281,366,85,True
33,127,281,366,85,True
35,116,281,366,85,True
39,114,281,366,85,True
40,117,281,366,85,True
41,112,281,366,85,True
55,123,281,382,101,True
61,119,281,382,101,True
63,123,281,382,101,True
64,104,281,382,101,True
68,118,281,382,101,True
70,129,281,382,101,True
72,93,281,382,101,True
73,120,281,382,101,True
74,103,281,382,101,True
76,126,281,382,101,True
78,116,281,382,101,True
80,116,281,382,101,True
81,113,281,382,101,True
82,114,281,382,101,True
85,109,281,382,101,True
86,107,281,382,101,True
88,114,281,382,101,True
94,128,281,382,101,True
95,114,281,382,101,True
98,118,281,382,101,True
0,117,282,366,84,True
5,123,282,366,84,True
6,116,282,366,84,True
8,114,282,366,84,True
9,118,282,366,84,True
11,109,282,366,84,True
12,109,282,366,84,True
16,132,282,366,84,True
20,129,282,366,84,True
21,112,282,366,84,True
23,114,282,366,84,True
25,118,282,366,84,True
26,100,282,442,160,True
34,104,282,366,84,True
39,115,282,366,84,True
40,118,282,366,84,True
41,113,282,366,84,True
44,134,282,366,84,True
46,114,282,366,84,True
51,98,282,382,100,True
54,104,282,382,100,True
56,132,282,382,100,True
57,114,282,382,100,True
59,115,282,382,100,True
67,121,282,382,100,True
69,115,282,382,100,True
73,121,282,382,100,True
76,127,282,382,100,True
77,109,282,382,100,True
78,117,282,382,100,True
79,116,282,382,100,True
80,117,282,382,100,True
81,114,282,382,100,True
83,122,282,382,100,True
84,120,282,382,100,True
90,119,282,382,100,True
91,101,282,382,100,True
93,144,282,467,185,True
94,129,282,382,100,True
95,115,282,382,100,True
98,119,282,382,100,True
0,118,283,366,83,True
1,112,283,366,83,True
6,117,283,366,83,True
9,119,283,366,83,True
11,110,283,366,83,True
13,112,283,366,83,True
15,109,283,366,83,True
17,100,283,366,83,True
19,104,283,366,83,True
21,113,283,366,83,True
22,108,283,366,83,True
29,111,283,366,83,True
30,113,283,366,83,True
31,114,283,366,83,True
32,120,283,366,83,True
33,128,283,366,83,True
38,116,283,366,83,True
39,116,283,366,83,True
43,122,283,366,83,True
44,135,283,366,83,True
45,121,283,366,83,True
46,115,283,366,83,True
47,126,283,366,83,True
48,119,283,366,83,True
52,108,283,382,99,True
53,111,283,382,99,True
55,124,283,382,99,True
58,111,283,382,99,True
60,119,283,382,99,True
63,124,283,382,99,True
69,116,283,382,99,True
70,130,283,382,99,True
72,94,283,382,99,True
79,117,283,382,99,True
80,118,283,382,99,True
81,115,283,382,99,True
85,110,283,382,99,True
86,108,283,382,99,True
87,106,283,382,99,True
89,108,283,382,99,True
93,145,283,467,184,True
95,116,283,382,99,True
96,110,283,382,99,True
99,117,283,382,99,True
1,113,284,366,82,True
8,115,284,366,82,True
9,120,284,366,82,True
10,112,284,366,82,True
12,110,284,366,82,True
14,129,284,366,82,True
21,114,284,366,82,True
25,119,284,366,82,True
26,101,284,442,158,True
27,107,284,366,82,True
28,111,284,366,82,True
30,114,284,366,82,True
31,115,284,366,82,True
33,129,284,366,82,True
37,119,284,366,82,True
38,117,284,366,82,True
39,117,284,366,82,True
40,119,284,366,82,True
41,114,284,366,82,True
46,116,284,366,82,True
48,120,284,366,82,True
50,103,284,382,98,True
53,112,284,382,98,True
57,115,284,382,98,True
58,112,284,382,98,True
59,116,284,382,98,True
60,120,284,382,98,True
63,125,284,382,98,True
69,117,284,382,98,True
71,104,284,382,98,True
72,95,284,382,98,True
73,122,284,382,98,True
75,113,284,382,98,True
80,119,284,382,98,True
83,123,284,382,98,True
88,115,284,382,98,True
91,102,284,382,98,True
92,102,284,382,98,True
95,117,284,382,98,True
97,100,284,382,98,True
99,118,284,382,98,True
4,101,285,366,81,True
5,124,285,366,81,True
6,118,285,366,81,True
8,116,285,366,81,True
9,121,285,366,81,True
14,130,285,366,81,True
22,109,285,366,81,True
26,102,285,442,157,True
28,112,285,366,81,True
29,112,285,366,81,True
31,116,285,366,81,True
32,121,285,366,81,True
34,105,285,366,81,True
35,117,285,366,81,True
37,120,285,366,81,True
39,118,285,366,81,True
40,120,285,366,81,True
42,106,285,366,81,True
44,136,285,366,81,True
45,122,285,366,81,True
46,117,285,366,81,True
47,127,285,366,81,True
48,121,285,366,81,True
50,104,285,382,97,True
54,105,285,382,97,True
58,113,285,382,97,True
62,111,285,382,97,True
65,110,285,382,97,True
66,116,285,382,97,True
76,128,285,382,97,True
84,121,285,382,97,True
85,111,285,382,97,True
86,109,285,382,97,True
91,103,285,382,97,True
92,103,285,382,97,True
93,146,285,467,182,True
95,118,285,382,97,True
96,111,285,382,97,True
97,101,285,382,97,True
99,119,285,382,97,True
3,111,286,366,80,True
5,125,286,366,80,True
6,119,286,366,80,True
8,117,286,366,80,True
9,122,286,366,80,True
11,111,286,366,80,True
12,111,286,366,80,True
15,110,286,366,80,True
17,101,286,366,80,True
20,130,286,366,80,True
27,108,286,366,80,True
32,122,286,366,80,True
33,130,286,366,80,True
34,106,286,366,80,True
37,121,286,366,80,True
38,118,286,366,80,True
39,119,286,366,80,True
40,121,286,366,80,True
41,115,286,366,80,True
42,107,286,366,80,True
43,123,286,366,80,True
44,137,286,366,80,True
45,123,286,366,80,True
47,128,286,366,80,True
50,105,286,382,96,True
53,113,286,382,96,True
56,133,286,382,96,True
57,116,286,382,96,True
58,114,286,382,96,True
61,120,286,382,96,True
63,126,286,382,96,True
66,117,286,382,96,True
69,118,286,382,96,True
70,131,286,382,96,True
72,96,286,382,96,True
73,123,286,382,96,True
76,129,286,382,96,True
78,118,286,382,96,True
79,118,286,382,96,True
81,116,286,382,96,True
85,112,286,382,96,True
89,109,286,382,96,True
91,104,286,382,96,True
92,104,286,382,96,True
94,130,286,382,96,True
96,112,286,382,96,True
97,102,286,382,96,True
1,114,287,366,79,True
3,112,287,366,79,True
8,118,287,366,79,True
9,123,287,366,79,True
12,112,287,366,79,True
13,113,287,366,79,True
18,130,287,366,79,True
20,131,287,366,79,True
22,110,287,366,79,True
24,102,287,366,79,True
25,120,287,366,79,True
26,103,287,442,155,True
27,109,287,366,79,True
29,113,287,366,79,True
34,107,287,366,79,True
35,118,287,366,79,True
41,116,287,366,79,True
44,138,287,366,79,True
46,118,287,366,79,True
48,122,287,366,79,True
50,106,287,382,95,True
52,109,287,382,95,True
57,117,287,382,95,True
60,121,287,382,95,True
62,112,287,382,95,True
63,127,287,382,95,True
66,118,287,382,95,True
67,122,287,382,95,True
68,119,287,382,95,True
70,132,287,382,95,True
72,97,287,382,95,True
75,114,287,382,95,True
76,130,287,382,95,True
79,119,287,382,95,True
81,117,287,382,95,True
82,115,287,382,95,True
83,124,287,382,95,True
85,113,287,382,95,True
87,107,287,382,95,True
91,105,287,382,95,True
95,119,287,382,95,True
96,113,287,382,95,True
97,103,287,382,95,True
98,120,287,382,95,True
0,119,288,366,78,True
6,120,288,366,78,True
8,119,288,366,78,True
11,112,288,366,78,True
12,113,288,366,78,True
13,114,288,366,78,True
14,131,288,366,78,True
16,133,288,366,78,True
18,131,288,366,78,True
20,132,288,442,154,True
24,103,288,366,78,True
27,110,288,366,78,True
35,119,288,366,78,True
40,122,288,366,78,True
44,139,288,366,78,True
47,129,288,366,78,True
58,115,288,382,94,True
63,128,288,382,94,True
65,111,288,382,94,True
67,123,288,382,94,True
70,133,288,382,94,True
75,115,288,382,94,True
80,120,288,382,94,True
83,125,288,382,94,True
84,122,288,382,94,True
85,114,288,382,94,True
86,110,288,382,94,True
87,108,288,382,94,True
88,116,288,382,94,True
93,147,288,467,179,True
94,131,288,382,94,True
95,120,288,382,94,True
96,114,288,382,94,True
1,115,289,366,77,True
4,102,289,366,77,True
5,126,289,366,77,True
8,120,289,366,77,True
9,124,289,366,77,True
10,113,289,366,77,True
12,114,289,366,77,True
13,115,289,366,77,True
15,111,289,366,77,True
16,134,289,366,77,True
17,102,289,366,77,True
19,105,289,366,77,True
20,133,289,442,153,True
22,111,289,366,77,True
23,115,289,366,77,True
26,104,289,442,153,True
31,117,289,366,77,True
33,131,289,366,77,True
34,108,289,366,77,True
39,120,289,366,77,True
40,123,289,366,77,True
43,124,289,366,77,True
54,106,289,382,93,True
55,125,289,382,93,True
56,134,289,382,93,True
58,116,289,382,93,True
64,105,289,382,93,True
66,119,289,382,93,True
73,124,289,382,93,True
75,116,289,382,93,True
77,110,289,382,93,True
81,118,289,382,93,True
82,116,289,382,93,True
84,123,289,382,93,True
86,111,289,382,93,True
88,117,289,382,93,True
90,120,289,382,93,True
91,106,289,382,93,True
92,105,289,382,93,True
96,115,289,382,93,True
98,121,289,382,93,True
0,120,290,366,76,True
4,103,290,366,76,True
9,125,290,366,76,True
11,113,290,366,76,True
12,115,290,366,76,True
13,116,290,366,76,True
14,132,290,366,76,True
16,135,290,366,76,True
19,106,290,366,76,True
20,134,290,442,152,True
26,105,290,442,152,True
28,113,290,366,76,True
36,105,290,366,76,True
39,121,290,366,76,True
46,119,290,366,76,True
47,130,290,366,76,True
48,123,290,366,76,True
49,130,290,366,76,True
51,99,290,382,92,True
52,110,290,382,92,True
54,107,290,382,92,True
55,126,290,382,92,True
57,118,290,382,92,True
61,121,290,382,92,True
62,113,290,382,92,True
63,129,290,382,92,True
64,106,290,382,92,True
65,112,290,382,92,True
67,124,290,382,92,True
68,120,290,382,92,True
71,105,290,382,92,True
72,98,290,382,92,True
73,125,290,382,92,True
75,117,290,382,92,True
77,111,290,382,92,True
80,121,290,382,92,True
81,119,290,382,92,True
83,126,290,382,92,True
84,124,290,382,92,True
87,109,290,382,92,True
94,132,290,382,92,True
96,116,290,382,92,True
99,120,290,382,92,True
1,116,291,366,75,True
2,113,291,366,75,True
3,113,291,366,75,True
9,126,291,366,75,True
11,114,291,366,75,True
12,116,291,366,75,True
25,121,291,366,75,True
27,111,291,366,75,True
29,114,291,366,75,True
30,115,291,366,75,True
36,106,291,366,75,True
37,122,291,366,75,True
43,125,291,366,75,True
44,140,291,366,75,True
46,120,291,366,75,True
50,107,291,382,91,True
51,100,291,382,91,True
53,114,291,382,91,True
55,127,291,382,91,True
56,135,291,382,91,True
59,117,291,382,91,True
61,122,291,382,91,True
62,114,291,382,91,True
65,113,291,382,91,True
68,121,291,382,91,True
71,106,291,382,91,True
76,131,291,382,91,True
77,112,291,467,176,True
84,125,291,382,91,True
85,115,291,382,91,True
86,112,291,382,91,True
88,118,291,382,91,True
89,110,291,382,91,True
91,107,291,382,91,True
92,106,291,382,91,True
95,121,291,382,91,True
3,114,292,366,74,True
14,133,292,366,74,True
24,104,292,366,74,True
25,122,292,366,74,True
26,106,292,442,150,True
28,114,292,366,74,True
33,132,292,366,74,True
35,120,292,366,74,True
38,119,292,366,74,True
41,117,292,366,74,True
43,126,292,366,74,True
44,141,292,366,74,True
45,124,292,366,74,True
48,124,292,366,74,True
49,131,292,366,74,True
54,108,292,382,90,True
59,118,292,382,90,True
60,122,292,382,90,True
64,107,292,382,90,True
65,114,292,382,90,True
66,120,292,382,90,True
67,125,292,382,90,True
70,134,292,382,90,True
73,126,292,382,90,True
74,104,292,382,90,True
76,132,292,382,90,True
77,113,292,467,175,True
78,119,292,382,90,True
79,120,292,382,90,True
86,113,292,382,90,True
87,110,292,382,90,True
89,111,292,382,90,True
90,121,292,382,90,True
92,107,292,382,90,True
93,148,292,467,175,True
95,122,292,382,90,True
4,104,293,366,73,True
6,121,293,442,149,True
8,121,293,366,73,True
9,127,293,366,73,True
10,114,293,366,73,True
11,115,293,366,73,True
14,134,293,366,73,True
15,112,293,366,73,True
16,136,293,366,73,True
17,103,293,366,73,True
18,132,293,366,73,True
24,105,293,366,73,True
26,107,293,442,149,True
27,112,293,366,73,True
28,115,293,366,73,True
31,118,293,366,73,True
32,123,293,366,73,True
35,121,293,366,73,True
36,107,293,366,73,True
39,122,293,366,73,True
42,108,293,366,73,True
46,121,293,366,73,True
47,131,293,366,73,True
48,125,293,366,73,True
49,132,293,366,73,True
57,119,293,382,89,True
58,117,293,382,89,True
61,123,293,382,89,True
62,115,293,382,89,True
63,130,293,382,89,True
65,115,293,382,89,True
67,126,293,382,89,True
68,122,293,382,89,True
70,135,293,382,89,True
79,121,293,382,89,True
80,122,293,382,89,True
82,117,293,382,89,True
83,127,293,382,89,True
91,108,293,382,89,True
92,108,293,382,89,True
95,123,293,382,89,True
96,117,293,382,89,True
99,121,293,382,89,True
4,105,294,366,72,True
7,101,294,366,72,True
10,115,294,366,72,True
15,113,294,366,72,True
16,137,294,366,72,True
18,133,294,366,72,True
20,135,294,442,148,True
22,112,294,366,72,True
24,106,294,366,72,True
25,123,294,366,72,True
27,113,294,366,72,True
28,116,294,366,72,True
29,115,294,366,72,True
30,116,294,366,72,True
31,119,294,366,72,True
32,124,294,366,72,True
34,109,294,366,72,True
35,122,294,366,72,True
37,123,294,442,148,True
43,127,294,366,72,True
47,132,294,366,72,True
48,126,294,366,72,True
52,111,294,382,88,True
59,119,294,382,88,True
62,116,294,382,88,True
63,131,294,382,88,True
64,108,294,382,88,True
65,116,294,382,88,True
66,121,294,382,88,True
70,136,294,382,88,True
73,127,294,382,88,True
77,114,294,467,173,True
78,120,294,382,88,True
80,123,294,382,88,True
81,120,294,382,88,True
82,118,294,382,88,True
84,126,294,382,88,True
90,122,294,382,88,True
91,109,294,382,88,True
93,149,294,467,173,True
96,118,294,382,88,True
99,122,294,382,88,True
4,106,295,366,71,True
5,127,295,366,71,True
6,122,295,442,147,True
7,102,295,366,71,True
8,122,295,366,71,True
12,117,295,366,71,True
14,135,295,366,71,True
18,134,295,366,71,True
19,107,295,366,71,True
22,113,295,366,71,True
24,107,295,366,71,True
27,114,295,366,71,True
29,116,295,366,71,True
30,117,295,366,71,True
33,133,295,366,71,True
36,108,295,366,71,True
43,128,295,366,71,True
46,122,295,442,147,True
48,127,295,366,71,True
51,101,295,382,87,True
55,128,295,382,87,True
58,118,295,382,87,True
59,120,295,382,87,True
61,124,295,382,87,True
66,122,295,382,87,True
68,123,295,382,87,True
69,119,295,382,87,True
70,137,295,382,87,True
71,107,295,382,87,True
74,105,295,382,87,True
79,122,295,382,87,True
80,124,295,382,87,True
83,128,295,382,87,True
85,116,295,382,87,True
87,111,295,382,87,True
89,112,295,382,87,True
90,123,295,382,87,True
91,110,295,382,87,True
92,109,295,382,87,True
95,124,295,382,87,True
0,121,296,366,70,True
3,115,296,366,70,True
6,123,296,442,146,True
7,103,296,366,70,True
9,128,296,366,70,True
11,116,296,366,70,True
18,135,296,366,70,True
20,136,296,442,146,True
21,115,296,366,70,True
26,108,296,442,146,True
30,118,296,366,70,True
36,109,296,366,70,True
38,120,296,366,70,True
45,125,296,366,70,True
50,108,296,382,86,True
53,115,296,382,86,True
54,109,296,382,86,True
55,129,296,382,86,True
63,132,296,401,105,True
65,117,296,382,86,True
66,123,296,382,86,True
75,118,296,467,171,True
76,133,296,467,171,True
78,121,296,382,86,True
81,121,296,382,86,True
83,129,296,382,86,True
84,127,296,382,86,True
86,114,296,382,86,True
89,113,296,382,86,True
90,124,296,382,86,True
92,110,296,382,86,True
96,119,296,382,86,True
0,122,297,366,69,True
1,117,297,366,69,True
4,107,297,366,69,True
5,128,297,366,69,True
6,124,297,442,145,True
8,123,297,366,69,True
10,116,297,366,69,True
11,117,297,366,69,True
15,114,297,366,69,True
16,138,297,366,69,True
17,104,297,366,69,True
21,116,297,366,69,True
23,116,297,366,69,True
27,115,297,366,69,True
30,119,297,366,69,True
35,123,297,366,69,True
40,124,297,366,69,True
41,118,297,366,69,True
43,129,297,366,69,True
52,112,297,382,85,True
53,116,297,382,85,True
54,110,297,382,85,True
55,130,297,382,85,True
57,120,297,467,170,True
58,119,297,382,85,True
60,123,297,382,85,True
62,117,297,382,85,True
65,118,297,382,85,True
66,124,297,382,85,True
74,106,297,382,85,True
77,115,297,467,170,True
79,123,297,382,85,True
84,128,297,382,85,True
99,123,297,382,85,True
1,118,298,366,68,True
3,116,298,366,68,True
4,108,298,366,68,True
7,104,298,366,68,True
11,118,298,366,68,True
17,105,298,366,68,True
18,136,298,366,68,True
19,108,298,366,68,True
21,117,298,366,68,True
24,108,298,366,68,True
26,109,298,442,144,True
29,117,298,366,68,True
31,120,298,442,144,True
35,124,298,366,68,True
37,124,298,442,144,True
39,123,298,366,68,True
40,125,298,366,68,True
42,109,298,366,68,True
43,130,298,366,68,True
45,126,298,366,68,True
51,102,298,382,84,True
54,111,298,382,84,True
55,131,298,382,84,True
57,121,298,467,169,True
62,118,298,382,84,True
63,133,298,401,103,True
66,125,298,382,84,True
69,120,298,382,84,True
70,138,298,382,84,True
71,108,298,467,169,True
75,119,298,467,169,True
76,134,298,467,169,True
77,116,298,467,169,True
80,125,298,382,84,True
81,122,298,382,84,True
82,119,298,382,84,True
88,119,298,467,169,True
89,114,298,382,84,True
90,125,298,382,84,True
92,111,298,382,84,True
93,150,298,467,169,True
95,125,298,382,84,True
98,122,298,382,84,True
9,129,299,442,143,True
10,117,299,366,67,True
11,119,299,366,67,True
12,118,299,366,67,True
15,115,299,366,67,True
16,139,299,366,67,True
17,106,299,366,67,True
25,124,299,366,67,True
27,116,299,366,67,True
30,120,299,366,67,True
33,134,299,442,143,True
39,124,299,366,67,True
44,142,299,366,67,True
46,123,299,442,143,True
47,133,299,366,67,True
55,132,299,382,83,True
56,136,299,467,168,True
57,122,299,467,168,True
59,121,299,382,83,True
64,109,299,382,83,True
66,126,299,382,83,True
67,127,299,467,168,True
70,139,299,382,83,True
72,99,299,382,83,True
74,107,299,382,83,True
75,120,299,467,168,True
78,122,299,382,83,True
82,120,299,382,83,True
83,130,299,382,83,True
84,129,299,382,83,True
87,112,299,467,168,True
88,120,299,467,168,True
90,126,299,382,83,True
91,111,299,467,168,True
94,133,299,382,83,True
98,123,299,382,83,True
6,125,300,442,142,True
10,118,300,366,66,True
12,119,300,366,66,True
14,136,300,366,66,True
15,116,300,366,66,True
16,140,300,366,66,True
19,109,300,366,66,True
23,117,300,366,66,True
24,109,300,366,66,True
28,117,300,366,66,True
30,121,300,366,66,True
34,110,300,366,66,True
37,125,300,442,142,True
38,121,300,366,66,True
40,126,300,366,66,True
42,110,300,366,66,True
43,131,300,442,142,True
45,127,300,366,66,True
48,128,300,442,142,True
53,117,300,382,82,True
59,122,300,382,82,True
62,119,300,382,82,True
64,110,300,382,82,True
73,128,300,382,82,True
77,117,300,467,167,True
82,121,300,382,82,True
84,130,300,382,82,True
86,115,300,467,167,True
89,115,300,382,82,True
90,127,300,382,82,True
97,104,300,382,82,True
99,124,300,382,82,True
0,123,301,366,65,True
2,114,301,366,65,True
8,124,301,366,65,True
12,120,301,366,65,True
13,117,301,366,65,True
15,117,301,366,65,True
18,137,301,366,65,True
19,110,301,366,65,True
20,137,301,442,141,True
21,118,301,366,65,True
22,114,301,366,65,True
28,118,301,366,65,True
33,135,301,442,141,True
35,125,301,366,65,True
41,119,301,366,65,True
44,143,301,366,65,True
46,124,301,442,141,True
47,134,301,366,65,True
52,113,301,382,81,True
56,137,301,467,166,True
61,125,301,467,166,True
65,119,301,467,166,True
67,128,301,467,166,True
70,140,301,382,81,True
73,129,301,382,81,True
74,108,301,382,81,True
75,121,301,467,166,True
78,123,301,382,81,True
82,122,301,382,81,True
83,131,301,382,81,True
84,131,301,382,81,True
85,117,301,382,81,True
86,116,301,467,166,True
93,151,301,467,166,True
94,134,301,382,81,True
98,124,301,382,81,True
2,115,302,366,64,True
8,125,302,366,64,True
11,120,302,366,64,True
12,121,302,366,64,True
13,118,302,366,64,True
19,111,302,366,64,True
22,115,302,442,140,True
24,110,302,442,140,True
27,117,302,366,64,True
28,119,302,366,64,True
30,122,302,366,64,True
37,126,302,442,140,True
39,125,302,366,64,True
43,132,302,442,140,True
45,128,302,382,80,True
46,125,302,442,140,True
50,109,302,382,80,True
51,103,302,382,80,True
55,133,302,382,80,True
57,123,302,467,165,True
58,120,302,382,80,True
68,124,302,382,80,True
71,109,302,467,165,True
75,122,302,467,165,True
79,124,302,382,80,True
86,117,302,467,165,True
88,121,302,467,165,True
89,116,302,382,80,True
90,128,302,382,80,True
95,126,302,382,80,True
96,120,302,467,165,True
97,105,302,382,80,True
2,116,303,366,63,True
3,117,303,366,63,True
5,129,303,366,63,True
8,126,303,366,63,True
10,119,303,442,139,True
11,121,303,366,63,True
15,118,303,366,63,True
19,112,303,366,63,True
21,119,303,382,79,True
23,118,303,366,63,True
24,111,303,442,139,True
29,118,303,366,63,True
30,123,303,366,63,True
31,121,303,442,139,True
33,136,303,442,139,True
36,110,303,442,139,True
39,126,303,366,63,True
43,133,303,442,139,True
48,129,303,442,139,True
53,118,303,382,79,True
58,121,303,382,79,True
59,123,303,382,79,True
60,124,303,382,79,True
64,111,303,382,79,True
66,127,303,382,79,True
69,121,303,382,79,True
70,141,303,382,79,True
73,130,303,382,79,True
82,123,303,382,79,True
83,132,303,382,79,True
87,113,303,467,164,True
89,117,303,382,79,True
90,129,303,382,79,True
92,112,303,382,79,True
93,152,303,467,164,True
96,121,303,467,164,True
97,106,303,382,79,True
98,125,303,382,79,True
99,125,303,382,79,True
1,119,304,366,62,True
2,117,304,366,62,True
4,109,304,442,138,True
8,127,304,366,62,True
9,130,304,442,138,True
12,122,304,366,62,True
13,119,304,366,62,True
14,137,304,366,62,True
15,119,304,366,62,True
16,141,304,366,62,True
17,107,304,442,138,True
18,138,304,366,62,True
19,113,304,366,62,True
22,116,304,442,138,True
24,112,304,442,138,True
25,125,304,366,62,True
27,118,304,366,62,True
30,124,304,366,62,True
33,137,304,442,138,True
37,127,304,442,138,True
43,134,304,442,138,True
44,144,304,366,62,True
49,133,304,366,62,True
53,119,304,382,78,True
55,134,304,382,78,True
56,138,304,467,163,True
57,124,304,467,163,True
58,122,304,382,78,True
61,126,304,467,163,True
62,120,304,382,78,True
67,129,304,467,163,True
69,122,304,382,78,True
71,110,304,467,163,True
72,100,304,382,78,True
77,118,304,467,163,True
78,124,304,382,78,True
79,125,304,382,78,True
80,126,304,382,78,True
87,114,304,467,163,True
88,122,304,467,163,True
90,130,304,382,78,True
91,112,304,467,163,True
96,122,304,467,163,True
97,107,304,382,78,True
98,126,304,382,78,True
1,120,305,366,61,True
5,130,305,366,61,True
6,126,305,442,137,True
7,105,305,442,137,True
11,122,305,366,61,True
14,138,305,366,61,True
16,142,305,366,61,True
17,108,305,442,137,True
18,139,305,366,61,True
19,114,305,366,61,True
22,117,305,442,137,True
24,113,305,442,137,True
26,110,305,442,137,True
27,119,305,366,61,True
30,125,305,366,61,True
34,111,305,442,137,True
36,111,305,442,137,True
37,128,305,442,137,True
41,120,305,366,61,True
43,135,305,442,137,True
45,129,305,382,77,True
51,104,305,382,77,True
55,135,305,382,77,True
57,125,305,467,162,True
60,125,305,382,77,True
62,121,305,382,77,True
68,125,305,382,77,True
76,135,305,467,162,True
79,126,305,382,77,True
80,127,305,382,77,True
82,124,305,382,77,True
83,133,305,382,77,True
84,132,305,382,77,True
88,123,305,467,162,True
90,131,305,382,77,True
91,113,305,467,162,True
94,135,305,382,77,True
95,127,305,382,77,True
1,121,306,366,60,True
4,110,306,442,136,True
8,128,306,366,60,True
9,131,306,442,136,True
10,120,306,442,136,True
11,123,306,442,136,True
15,120,306,366,60,True
16,143,306,366,60,True
18,140,306,366,60,True
20,138,306,442,136,True
21,120,306,382,76,True
26,111,306,442,136,True
31,122,306,442,136,True
34,112,306,442,136,True
38,122,306,366,60,True
41,121,306,366,60,True
42,111,306,366,60,True
47,135,306,366,60,True
55,136,306,382,76,True
56,139,306,467,161,True
61,127,306,467,161,True
63,134,306,401,95,True
67,130,306,467,161,True
68,126,306,382,76,True
70,142,306,401,95,True
72,101,306,382,76,True
73,131,306,382,76,True
78,125,306,382,76,True
80,128,306,382,76,True
86,118,306,467,161,True
87,115,306,467,161,True
89,118,306,467,161,True
91,114,306,467,161,True
96,123,306,467,161,True
98,127,306,382,76,True
99,126,306,382,76,True
1,122,307,366,59,True
2,118,307,366,59,True
8,129,307,366,59,True
9,132,307,442,135,True
17,109,307,442,135,True
19,115,307,366,59,True
21,121,307,382,75,True
29,119,307,366,59,True
31,123,307,442,135,True
35,126,307,366,59,True
36,112,307,442,135,True
39,127,307,366,59,True
43,136,307,442,135,True
44,145,307,366,59,True
46,126,307,442,135,True
47,136,307,366,59,True
53,120,307,382,75,True
54,112,307,382,75,True
57,126,307,467,160,True
59,124,307,382,75,True
61,128,307,467,160,True
65,120,307,467,160,True
72,102,307,382,75,True
75,123,307,467,160,True
77,119,307,467,160,True
79,127,307,382,75,True
80,129,307,382,75,True
81,123,307,467,160,True
87,116,307,467,160,True
88,124,307,467,160,True
93,153,307,467,160,True
94,136,307,467,160,True
97,108,307,382,75,True
1,123,308,366,58,True
4,111,308,442,134,True
5,131,308,366,58,True
7,106,308,442,134,True
8,130,308,366,58,True
10,121,308,442,134,True
15,121,308,366,58,True
20,139,308,442,134,True
22,118,308,442,134,True
24,114,308,442,134,True
27,120,308,442,134,True
33,138,308,442,134,True
35,127,308,366,58,True
37,129,308,442,134,True
38,123,308,366,58,True
42,112,308,366,58,True
44,146,308,366,58,True
47,137,308,366,58,True
51,105,308,382,74,True
55,137,308,467,159,True
56,140,308,467,159,True
57,127,308,467,159,True
63,135,308,401,93,True
67,131,308,467,159,True
71,111,308,467,159,True
80,130,308,382,74,True
84,133,308,382,74,True
85,118,308,382,74,True
86,119,308,467,159,True
90,132,308,382,74,True
91,115,308,467,159,True
93,154,308,467,159,True
99,127,308,382,74,True
4,112,309,442,133,True
5,132,309,366,57,True
6,127,309,442,133,True
9,133,309,442,133,True
10,122,309,442,133,True
13,120,309,366,57,True
14,139,309,366,57,True
18,141,309,366,57,True
20,140,309,442,133,True
27,121,309,442,133,True
28,120,309,366,57,True
33,139,309,442,133,True
35,128,309,366,57,True
39,128,309,366,57,True
40,127,309,366,57,True
43,137,309,442,133,True
45,130,309,382,73,True
46,127,309,442,133,True
52,114,309,382,73,True
55,138,309,467,158,True
58,123,309,382,73,True
60,126,309,382,73,True
61,129,309,467,158,True
62,122,309,382,73,True
63,136,309,401,92,True
66,128,309,382,73,True
76,136,309,467,158,True
77,120,309,467,158,True
79,128,309,382,73,True
80,131,309,382,73,True
81,124,309,467,158,True
84,134,309,382,73,True
89,119,309,467,158,True
90,133,309,382,73,True
92,113,309,382,73,True
2,119,310,366,56,True
3,118,310,366,56,True
5,133,310,366,56,True
13,121,310,366,56,True
14,140,310,366,56,True
16,144,310,366,56,True
20,141,310,442,132,True
23,119,310,382,72,True
25,126,310,366,56,True
27,122,310,442,132,True
28,121,310,366,56,True
32,125,310,382,72,True
34,113,310,442,132,True
35,129,310,366,56,True
39,129,310,366,56,True
55,139,310,467,157,True
56,141,310,467,157,True
61,130,310,467,157,True
62,123,310,382,72,True
64,112,310,382,72,True
65,121,310,467,157,True
66,129,310,382,72,True
70,143,310,401,91,True
73,132,310,382,72,True
74,109,310,467,157,True
75,124,310,467,157,True
78,126,310,467,157,True
80,132,310,382,72,True
86,120,310,467,157,True
90,134,310,382,72,True
92,114,310,382,72,True
95,128,310,467,157,True
98,128,310,382,72,True
4,113,311,442,131,True
6,128,311,442,131,True
7,107,311,442,131,True
9,134,311,442,131,True
14,141,311,442,131,True
18,142,311,366,55,True
21,122,311,382,71,True
22,119,311,442,131,True
27,123,311,442,131,True
30,126,311,366,55,True
33,140,311,442,131,True
36,113,311,442,131,True
38,124,311,366,55,True
41,122,311,366,55,True
46,128,311,442,131,True
49,134,311,366,55,True
50,110,311,467,156,True
51,106,311,382,71,True
52,115,311,382,71,True
55,140,311,467,156,True
56,142,311,467,156,True
57,128,311,467,156,True
58,124,311,382,71,True
59,125,311,382,71,True
61,131,311,467,156,True
64,113,311,382,71,True
67,132,311,467,156,True
68,127,311,382,71,True
72,103,311,382,71,True
80,133,311,382,71,True
84,135,311,382,71,True
85,119,311,382,71,True
87,117,311,467,156,True
91,116,311,467,156,True
94,137,311,467,156,True
97,109,311,382,71,True
99,128,311,382,71,True
5,134,312,366,54,True
8,131,312,366,54,True
12,123,312,382,70,True
16,145,312,366,54,True
17,110,312,442,130,True
20,142,312,442,130,True
21,123,312,382,70,True
25,127,312,366,54,True
26,112,312,442,130,True
28,122,312,366,54,True
29,120,312,442,130,True
31,124,312,442,130,True
33,141,312,442,130,True
34,114,312,442,130,True
37,130,312,442,130,True
38,125,312,366,54,True
39,130,312,366,54,True
42,113,312,366,54,True
50,111,312,467,155,True
55,141,312,467,155,True
59,126,312,382,70,True
60,127,312,382,70,True
64,114,312,382,70,True
67,133,312,467,155,True
69,123,312,382,70,True
74,110,312,467,155,True
76,137,312,467,155,True
78,127,312,467,155,True
80,134,312,382,70,True
84,136,312,382,70,True
92,115,312,467,155,True
93,155,312,467,155,True
95,129,312,467,155,True
99,129,312,382,70,True
6,129,313,442,129,True
7,108,313,442,129,True
11,124,313,442,129,True
12,124,313,382,69,True
13,122,313,366,53,True
14,142,313,442,129,True
18,143,313,366,53,True
19,116,313,442,129,True
20,143,313,442,129,True
21,124,313,382,69,True
22,120,313,442,129,True
23,120,313,382,69,True
24,115,313,442,129,True
27,124,313,442,129,True
28,123,313,366,53,True
30,127,313,366,53,True
32,126,313,382,69,True
33,142,313,442,129,True
37,131,313,442,129,True
38,126,313,366,53,True
42,114,313,366,53,True
45,131,313,382,69,True
50,112,313,467,154,True
51,107,313,382,69,True
52,116,313,382,69,True
54,113,313,401,88,True
56,143,313,467,154,True
62,124,313,382,69,True
64,115,313,382,69,True
65,122,313,467,154,True
66,130,313,382,69,True
67,134,313,467,154,True
68,128,313,382,69,True
69,124,313,382,69,True
74,111,313,467,154,True
75,125,313,467,154,True
77,121,313,467,154,True
78,128,313,467,154,True
83,134,313,382,69,True
87,118,313,467,154,True
91,117,313,467,154,True
92,116,313,467,154,True
95,130,313,467,154,True
2,120,314,366,52,True
4,114,314,442,128,True
7,109,314,442,128,True
9,135,314,442,128,True
10,123,314,442,128,True
15,122,314,366,52,True
17,111,314,442,128,True
18,144,314,366,52,True
19,117,314,442,128,True
20,144,314,442,128,True
21,125,314,382,68,True
27,125,314,442,128,True
29,121,314,442,128,True
30,128,314,366,52,True
31,125,314,442,128,True
33,143,314,442,128,True
34,115,314,442,128,True
35,130,314,366,52,True
36,114,314,442,128,True
38,127,314,366,52,True
43,138,314,442,128,True
44,147,314,366,52,True
46,129,314,442,128,True
47,138,314,442,128,True
49,135,314,366,52,True
55,142,314,467,153,True
56,144,314,467,153,True
60,128,314,382,68,True
63,137,314,401,87,True
70,144,314,401,87,True
71,112,314,467,153,True
72,104,314,467,153,True
74,112,314,467,153,True
75,126,314,467,153,True
78,129,314,467,153,True
79,129,314,382,68,True
81,125,314,467,153,True
83,135,314,382,68,True
85,120,314,382,68,True
87,119,314,467,153,True
90,135,314,382,68,True
92,117,314,467,153,True
94,138,314,467,153,True
3,119,315,366,51,True
5,135,315,366,51,True
7,110,315,442,127,True
9,136,315,442,127,True
11,125,315,442,127,True
13,123,315,366,51,True
14,143,315,442,127,True
15,123,315,366,51,True
16,146,315,366,51,True
17,112,315,442,127,True
18,145,315,366,51,True
19,118,315,442,127,True
20,145,315,442,127,True
21,126,315,382,67,True
22,121,315,442,127,True
26,113,315,442,127,True
29,122,315,442,127,True
38,128,315,366,51,True
40,128,315,366,51,True
42,115,315,366,51,True
45,132,315,382,67,True
48,130,315,442,127,True
51,108,315,382,67,True
54,114,315,401,86,True
61,132,315,467,152,True
63,138,315,401,86,True
66,131,315,382,67,True
68,129,315,382,67,True
70,145,315,401,86,True
72,105,315,467,152,True
73,133,315,401,86,True
75,127,315,467,152,True
76,138,315,467,152,True
77,122,315,467,152,True
78,130,315,467,152,True
81,126,315,467,152,True
83,136,315,382,67,True
84,137,315,382,67,True
88,125,315,467,152,True
89,120,315,467,152,True
91,118,315,467,152,True
92,118,315,467,152,True
94,139,315,467,152,True
95,131,315,467,152,True
96,124,315,467,152,True
98,129,315,382,67,True
99,130,315,382,67,True
1,124,316,366,50,True
5,136,316,366,50,True
6,130,316,442,126,True
8,132,316,366,50,True
11,126,316,442,126,True
13,124,316,366,50,True
16,147,316,442,126,True
17,113,316,442,126,True
21,127,316,382,66,True
34,116,316,442,126,True
36,115,316,442,126,True
37,132,316,442,126,True
40,129,316,366,50,True
42,116,316,366,50,True
44,148,316,366,50,True
51,109,316,382,66,True
52,117,316,382,66,True
54,115,316,401,85,True
56,145,316,467,151,True
58,125,316,382,66,True
63,139,316,401,85,True
66,132,316,382,66,True
68,130,316,382,66,True
70,146,316,401,85,True
78,131,316,467,151,True
79,130,316,382,66,True
81,127,316,467,151,True
82,125,316,382,66,True
84,138,316,382,66,True
87,120,316,467,151,True
89,121,316,467,151,True
91,119,316,467,151,True
92,119,316,467,151,True
94,140,316,467,151,True
96,125,316,467,151,True
99,131,316,382,66,True
2,121,317,366,49,True
3,120,317,366,49,True
4,115,317,442,125,True
5,137,317,366,49,True
6,131,317,442,125,True
10,124,317,442,125,True
12,125,317,382,65,True
15,124,317,366,49,True
20,146,317,442,125,True
21,128,317,382,65,True
23,121,317,382,65,True
29,123,317,442,125,True
36,116,317,442,125,True
40,130,317,366,49,True
42,117,317,366,49,True
45,133,317,382,65,True
55,143,317,467,150,True
58,126,317,382,65,True
60,129,317,382,65,True
63,140,317,401,84,True
67,135,317,467,150,True
69,125,317,382,65,True
72,106,317,467,150,True
76,139,317,467,150,True
78,132,317,467,150,True
79,131,317,382,65,True
80,135,317,401,84,True
81,128,317,467,150,True
84,139,317,382,65,True
86,121,317,467,150,True
87,121,317,467,150,True
88,126,317,467,150,True
92,120,317,467,150,True
93,156,317,467,150,True
95,132,317,467,150,True
97,110,317,382,65,True
98,130,317,467,150,True
4,116,318,442,124,True
5,138,318,366,48,True
8,133,318,442,124,True
10,125,318,442,124,True
11,127,318,442,124,True
12,126,318,382,64,True
13,125,318,366,48,True
19,119,318,442,124,True
20,147,318,442,124,True
24,116,318,442,124,True
30,129,318,366,48,True
34,117,318,442,124,True
39,131,318,366,48,True
52,118,318,382,64,True
59,127,318,382,64,True
60,130,318,382,64,True
62,125,318,382,64,True
63,141,318,401,83,True
64,116,318,467,149,True
66,133,318,382,64,True
69,126,318,382,64,True
70,147,318,401,83,True
71,113,318,467,149,True
73,134,318,401,83,True
76,140,318,467,149,True
77,123,318,467,149,True
78,133,318,467,149,True
79,132,318,382,64,True
81,129,318,467,149,True
82,126,318,382,64,True
84,140,318,382,64,True
85,121,318,401,83,True
88,127,318,467,149,True
91,120,318,467,149,True
92,121,318,467,149,True
93,157,318,467,149,True
94,141,318,467,149,True
95,133,318,467,149,True
98,131,318,467,149,True
0,124,319,366,47,True
1,125,319,366,47,True
2,122,319,366,47,True
5,139,319,366,47,True
6,132,319,442,123,True
9,137,319,442,123,True
11,128,319,442,123,True
12,127,319,382,63,True
15,125,319,366,47,True
16,148,319,442,123,True
17,114,319,442,123,True
19,120,319,442,123,True
21,129,319,382,63,True
23,122,319,382,63,True
25,128,319,442,123,True
27,126,319,442,123,True
29,124,319,442,123,True
30,130,319,366,47,True
34,118,319,442,123,True
38,129,319,366,47,True
39,132,319,442,123,True
43,139,319,442,123,True
44,149,319,366,47,True
45,134,319,382,63,True
47,139,319,442,123,True
55,144,319,467,148,True
57,129,319,467,148,True
58,127,319,382,63,True
60,131,319,382,63,True
61,133,319,467,148,True
62,126,319,382,63,True
64,117,319,467,148,True
65,123,319,467,148,True
68,131,319,382,63,True
70,148,319,401,82,True
71,114,319,467,148,True
74,113,319,467,148,True
77,124,319,467,148,True
78,134,319,467,148,True
79,133,319,382,63,True
82,127,319,382,63,True
84,141,319,382,63,True
86,122,319,467,148,True
88,128,319,467,148,True
89,122,319,467,148,True
90,136,319,382,63,True
95,134,319,467,148,True
97,111,319,401,82,True
1,126,320,366,46,True
3,121,320,382,62,True
6,133,320,442,122,True
8,134,320,442,122,True
15,126,320,366,46,True
17,115,320,442,122,True
19,121,320,442,122,True
22,122,320,442,122,True
23,123,320,382,62,True
25,129,320,442,122,True
27,127,320,442,122,True
31,126,320,442,122,True
32,127,320,382,62,True
34,119,320,442,122,True
43,140,320,442,122,True
44,150,320,366,46,True
45,135,320,382,62,True
46,130,320,442,122,True
47,140,320,442,122,True
50,113,320,467,147,True
54,116,320,401,81,True
58,128,320,382,62,True
60,132,320,401,81,True
61,134,320,467,147,True
62,127,320,382,62,True
63,142,320,401,81,True
65,124,320,467,147,True
69,127,320,467,147,True
74,114,320,467,147,True
77,125,320,467,147,True
81,130,320,467,147,True
85,122,320,401,81,True
91,121,320,467,147,True
93,158,320,467,147,True
95,135,320,467,147,True
96,126,320,467,147,True
99,132,320,382,62,True
0,125,321,366,45,True
5,140,321,366,45,True
9,138,321,442,121,True
10,126,321,442,121,True
11,129,321,442,121,True
12,128,321,382,61,True
14,144,321,442,121,True
20,148,321,442,121,True
21,130,321,382,61,True
25,130,321,442,121,True
28,124,321,366,45,True
32,128,321,382,61,True
35,131,321,442,121,True
40,131,321,366,45,True
41,123,321,366,45,True
42,118,321,442,121,True
44,151,321,366,45,True
46,131,321,442,121,True
49,136,321,442,121,True
51,110,321,382,61,True
54,117,321,401,80,True
56,146,321,467,146,True
57,130,321,467,146,True
63,143,321,401,80,True
64,118,321,467,146,True
65,125,321,467,146,True
67,136,321,467,146,True
71,115,321,467,146,True
72,107,321,467,146,True
78,135,321,467,146,True
80,136,321,401,80,True
81,131,321,467,146,True
83,137,321,382,61,True
85,123,321,401,80,True
87,122,321,467,146,True
91,122,321,467,146,True
93,159,321,467,146,True
94,142,321,467,146,True
97,112,321,401,80,True
4,117,322,442,120,True
6,134,322,442,120,True
7,111,322,442,120,True
8,135,322,442,120,True
9,139,322,442,120,True
11,130,322,442,120,True
13,126,322,366,44,True
14,145,322,442,120,True
19,122,322,442,120,True
20,149,322,442,120,True
23,124,322,382,60,True
24,117,322,442,120,True
26,114,322,442,120,True
28,125,322,366,44,True
31,127,322,442,120,True
33,144,322,442,120,True
34,120,322,442,120,True
35,132,322,442,120,True
37,133,322,442,120,True
41,124,322,366,44,True
45,136,322,382,60,True
46,132,322,442,120,True
49,137,322,442,120,True
53,121,322,467,145,True
54,118,322,401,79,True
58,129,322,401,79,True
60,133,322,401,79,True
61,135,322,467,145,True
63,144,322,401,79,True
65,126,322,467,145,True
68,132,322,467,145,True
69,128,322,467,145,True
75,128,322,467,145,True
78,136,322,467,145,True
80,137,322,401,79,True
82,128,322,382,60,True
84,142,322,382,60,True
86,123,322,467,145,True
95,136,322,467,145,True
96,127,322,467,145,True
98,132,322,467,145,True
99,133,322,382,60,True
0,126,323,366,43,True
2,123,323,366,43,True
6,135,323,442,119,True
7,112,323,442,119,True
8,136,323,442,119,True
11,131,323,442,119,True
16,149,323,442,119,True
17,116,323,442,119,True
19,123,323,442,119,True
32,129,323,382,59,True
33,145,323,442,119,True
35,133,323,442,119,True
36,117,323,442,119,True
38,130,323,366,43,True
41,125,323,366,43,True
42,119,323,442,119,True
46,133,323,442,119,True
49,138,323,442,119,True
51,111,323,382,59,True
54,119,323,401,78,True
60,134,323,401,78,True
63,145,323,467,144,True
67,137,323,467,144,True
71,116,323,467,144,True
72,108,323,467,144,True
74,115,323,467,144,True
79,134,323,382,59,True
84,143,323,382,59,True
85,124,323,401,78,True
87,123,323,467,144,True
88,129,323,467,144,True
90,137,323,382,59,True
91,123,323,467,144,True
92,122,323,467,144,True
93,160,323,467,144,True
94,143,323,467,144,True
97,113,323,401,78,True
98,133,323,467,144,True
3,122,324,382,58,True
4,118,324,442,118,True
5,141,324,366,42,True
6,136,324,442,118,True
7,113,324,442,118,True
9,140,324,442,118,True
10,127,324,442,118,True
11,132,324,442,118,True
12,129,324,382,58,True
18,146,324,442,118,True
20,150,324,442,118,True
21,131,324,382,58,True
23,125,324,382,58,True
24,118,324,442,118,True
25,131,324,442,118,True
28,126,324,366,42,True
33,146,324,442,118,True
35,134,324,442,118,True
38,131,324,366,42,True
42,120,324,442,118,True
43,141,324,442,118,True
44,152,324,442,118,True
45,137,324,382,58,True
46,134,324,442,118,True
52,119,324,382,58,True
54,120,324,401,77,True
55,145,324,467,143,True
56,147,324,467,143,True
57,131,324,467,143,True
58,130,324,401,77,True
59,128,324,467,143,True
60,135,324,401,77,True
65,127,324,467,143,True
66,134,324,382,58,True
71,117,324,467,143,True
72,109,324,467,143,True
80,138,324,401,77,True
81,132,324,467,143,True
83,138,324,467,143,True
84,144,324,382,58,True
85,125,324,401,77,True
87,124,324,467,143,True
89,123,324,467,143,True
91,124,324,467,143,True
93,161,324,467,143,True
94,144,324,467,143,True
97,114,324,401,77,True
4,119,325,442,117,True
5,142,325,366,41,True
10,128,325,442,117,True
14,146,325,442,117,True
22,123,325,442,117,True
23,126,325,382,57,True
25,132,325,442,117,True
27,128,325,442,117,True
28,127,325,366,41,True
30,131,325,366,41,True
31,128,325,442,117,True
32,130,325,442,117,True
33,147,325,442,117,True
36,118,325,442,117,True
38,132,325,366,41,True
39,133,325,442,117,True
40,132,325,366,41,True
44,153,325,442,117,True
54,121,325,401,76,True
64,119,325,467,142,True
68,133,325,467,142,True
70,149,325,401,76,True
73,135,325,401,76,True
75,129,325,467,142,True
79,135,325,382,57,True
84,145,325,382,57,True
86,124,325,467,142,True
89,124,325,467,142,True
93,162,325,467,142,True
94,145,325,467,142,True
98,134,325,467,142,True
6,137,326,442,116,True
7,114,326,442,116,True
8,137,326,442,116,True
9,141,326,442,116,True
13,127,326,442,116,True
14,147,326,442,116,True
17,117,326,442,116,True
18,147,326,442,116,True
21,132,326,382,56,True
22,124,326,442,116,True
25,133,326,442,116,True
26,115,326,442,116,True
28,128,326,366,40,True
30,132,326,366,40,True
32,131,326,442,116,True
34,121,326,442,116,True
41,126,326,366,40,True
44,154,326,442,116,True
48,131,326,442,116,True
49,139,326,442,116,True
50,114,326,467,141,True
52,120,326,382,56,True
53,122,326,467,141,True
58,131,326,401,75,True
61,136,326,467,141,True
63,146,326,467,141,True
65,128,326,467,141,True
68,134,326,467,141,True
73,136,326,401,75,True
80,139,326,401,75,True
89,125,326,467,141,True
91,125,326,467,141,True
92,123,326,467,141,True
97,115,326,401,75,True
98,135,326,467,141,True
99,134,326,467,141,True
6,138,327,442,115,True
13,128,327,442,115,True
14,148,327,442,115,True
15,127,327,442,115,True
17,118,327,442,115,True
18,148,327,442,115,True
19,124,327,442,115,True
22,125,327,442,115,True
24,119,327,442,115,True
25,134,327,442,115,True
26,116,327,442,115,True
27,129,327,442,115,True
28,129,327,366,39,True
31,129,327,442,115,True
33,148,327,442,115,True
35,135,327,442,115,True
39,134,327,442,115,True
40,133,327,442,115,True
41,127,327,442,115,True
42,121,327,442,115,True
44,155,327,442,115,True
50,115,327,467,140,True
51,112,327,382,55,True
52,121,327,382,55,True
54,122,327,467,140,True
62,128,327,382,55,True
67,138,327,467,140,True
69,129,327,467,140,True
73,137,327,401,74,True
76,141,327,467,140,True
80,140,327,401,74,True
81,133,327,467,140,True
83,139,327,467,140,True
84,146,327,382,55,True
85,126,327,401,74,True
86,125,327,467,140,True
87,125,327,467,140,True
90,138,327,467,140,True
93,163,327,467,140,True
96,128,327,467,140,True
97,116,327,401,74,True
98,136,327,467,140,True
99,135,327,467,140,True
0,127,328,442,114,True
11,133,328,442,114,True
16,150,328,442,114,True
20,151,328,442,114,True
23,127,328,442,114,True
24,120,328,442,114,True
26,117,328,442,114,True
27,130,328,442,114,True
28,130,328,366,38,True
32,132,328,442,114,True
33,149,328,442,114,True
34,122,328,442,114,True
36,119,328,442,114,True
37,134,328,442,114,True
39,135,328,442,114,True
40,134,328,442,114,True
42,122,328,442,114,True
48,132,328,442,114,True
51,113,328,382,54,True
54,123,328,467,139,True
61,137,328,467,139,True
63,147,328,467,139,True
64,120,328,467,139,True
70,150,328,401,73,True
72,110,328,467,139,True
80,141,328,401,73,True
84,147,328,382,54,True
85,127,328,401,73,True
87,126,328,467,139,True
88,130,328,467,139,True
89,126,328,467,139,True
96,129,328,467,139,True
97,117,328,401,73,True
6,139,329,442,113,True
7,115,329,442,113,True
8,138,329,442,113,True
11,134,329,442,113,True
13,129,329,442,113,True
14,149,329,442,113,True
15,128,329,442,113,True
19,125,329,442,113,True
23,128,329,442,113,True
24,121,329,442,113,True
26,118,329,442,113,True
30,133,329,366,37,True
39,136,329,442,113,True
40,135,329,442,113,True
41,128,329,442,113,True
42,123,329,442,113,True
44,156,329,442,113,True
49,140,329,442,113,True
51,114,329,382,53,True
55,146,329,467,138,True
60,136,329,401,72,True
61,138,329,467,138,True
77,126,329,467,138,True
78,137,329,467,138,True
80,142,329,401,72,True
81,134,329,467,138,True
82,129,329,467,138,True
84,148,329,382,53,True
88,131,329,467,138,True
89,127,329,467,138,True
94,146,329,467,138,True
96,130,329,467,138,True
97,118,329,401,72,True
98,137,329,467,138,True
99,136,329,467,138,True
3,123,330,382,52,True
6,140,330,442,112,True
8,139,330,442,112,True
12,130,330,442,112,True
13,130,330,442,112,True
14,150,330,442,112,True
15,129,330,442,112,True
16,151,330,442,112,True
21,133,330,382,52,True
23,129,330,442,112,True
24,122,330,442,112,True
25,135,330,442,112,True
26,119,330,442,112,True
27,131,330,442,112,True
29,125,330,442,112,True
30,134,330,366,36,True
31,130,330,442,112,True
33,150,330,442,112,True
34,123,330,442,112,True
35,136,330,442,112,True
40,136,330,442,112,True
42,124,330,442,112,True
43,142,330,442,112,True
45,138,330,382,52,True
48,133,330,442,112,True
50,116,330,467,137,True
51,115,330,382,52,True
55,147,330,467,137,True
58,132,330,401,71,True
59,129,330,467,137,True
61,139,330,467,137,True
70,151,330,401,71,True
71,118,330,467,137,True
72,111,330,467,137,True
75,130,330,467,137,True
77,127,330,467,137,True
79,136,330,467,137,True
80,143,330,401,71,True
81,135,330,467,137,True
85,128,330,401,71,True
89,128,330,467,137,True
90,139,330,467,137,True
96,131,330,467,137,True
0,128,331,442,111,True
5,143,331,442,111,True
6,141,331,442,111,True
8,140,331,442,111,True
10,129,331,442,111,True
11,135,331,442,111,True
13,131,331,442,111,True
14,151,331,442,111,True
15,130,331,442,111,True
16,152,331,442,111,True
17,119,331,442,111,True
18,149,331,442,111,True
23,130,331,442,111,True
28,131,331,442,111,True
40,137,331,442,111,True
42,125,331,442,111,True
43,143,331,442,111,True
44,157,331,442,111,True
54,124,331,467,136,True
58,133,331,401,70,True
59,130,331,467,136,True
60,137,331,467,136,True
62,129,331,382,51,True
65,129,331,467,136,True
66,135,331,401,70,True
68,135,331,467,136,True
70,152,331,401,70,True
71,119,331,467,136,True
73,138,331,401,70,True
81,136,331,467,136,True
84,149,331,382,51,True
90,140,331,467,136,True
91,126,331,467,136,True
92,124,331,467,136,True
99,137,331,467,136,True
1,127,332,442,110,True
2,124,332,442,110,True
5,144,332,442,110,True
8,141,332,442,110,True
9,142,332,442,110,True
12,131,332,442,110,True
13,132,332,442,110,True
14,152,332,442,110,True
15,131,332,442,110,True
16,153,332,442,110,True
21,134,332,382,50,True
22,126,332,442,110,True
23,131,332,442,110,True
24,123,332,442,110,True
25,136,332,442,110,True
29,126,332,442,110,True
30,135,332,442,110,True
32,133,332,442,110,True
33,151,332,442,110,True
39,137,332,442,110,True
42,126,332,442,110,True
44,158,332,442,110,True
47,141,332,442,110,True
53,123,332,467,135,True
56,148,332,467,135,True
58,134,332,401,69,True
59,131,332,467,135,True
60,138,332,467,135,True
66,136,332,401,69,True
68,136,332,467,135,True
70,153,332,467,135,True
71,120,332,467,135,True
74,116,332,467,135,True
78,138,332,467,135,True
80,144,332,401,69,True
82,130,332,467,135,True
84,150,332,382,50,True
86,126,332,467,135,True
88,132,332,467,135,True
92,125,332,467,135,True
97,119,332,467,135,True
99,138,332,467,135,True
1,128,333,442,109,True
3,124,333,442,109,True
4,120,333,442,109,True
6,142,333,442,109,True
8,142,333,442,109,True
16,154,333,442,109,True
17,120,333,442,109,True
18,150,333,442,109,True
21,135,333,382,49,True
22,127,333,442,109,True
23,132,333,442,109,True
25,137,333,442,109,True
26,120,333,442,109,True
29,127,333,442,109,True
31,131,333,442,109,True
32,134,333,442,109,True
33,152,333,442,109,True
35,137,333,442,109,True
37,135,333,442,109,True
41,129,333,442,109,True
44,159,333,442,109,True
45,139,333,442,109,True
46,135,333,442,109,True
48,134,333,442,109,True
51,116,333,401,68,True
52,122,333,382,49,True
53,124,333,467,134,True
55,148,333,467,134,True
56,149,333,467,134,True
57,132,333,467,134,True
58,135,333,401,68,True
59,132,333,467,134,True
62,130,333,382,49,True
66,137,333,401,68,True
71,121,333,467,134,True
74,117,333,467,134,True
75,131,333,467,134,True
79,137,333,467,134,True
80,145,333,401,68,True
81,137,333,467,134,True
84,151,333,382,49,True
87,127,333,467,134,True
88,133,333,467,134,True
90,141,333,467,134,True
92,126,333,467,134,True
94,147,333,467,134,True
96,132,333,467,134,True
97,120,333,467,134,True
99,139,333,467,134,True
2,125,334,442,108,True
3,125,334,442,108,True
4,121,334,442,108,True
5,145,334,442,108,True
13,133,334,442,108,True
16,155,334,442,108,True
19,126,334,442,108,True
28,132,334,442,108,True
31,132,334,442,108,True
32,135,334,442,108,True
33,153,334,442,108,True
35,138,334,442,108,True
38,133,334,442,108,True
39,138,334,442,108,True
40,138,334,442,108,True
41,130,334,442,108,True
44,160,334,442,108,True
45,140,334,442,108,True
47,142,334,442,108,True
49,141,334,442,108,True
50,117,334,467,133,True
51,117,334,401,67,True
58,136,334,401,67,True
59,133,334,467,133,True
60,139,334,467,133,True
62,131,334,382,48,True
63,148,334,467,133,True
65,130,334,467,133,True
68,137,334,467,133,True
70,154,334,467,133,True
76,142,334,467,133,True
78,139,334,467,133,True
80,146,334,401,67,True
81,138,334,467,133,True
87,128,334,467,133,True
90,142,334,467,133,True
92,127,334,467,133,True
94,148,334,467,133,True
97,121,334,467,133,True
99,140,334,467,133,True
2,126,335,442,107,True
3,126,335,442,107,True
5,146,335,442,107,True
8,143,335,442,107,True
10,130,335,442,107,True
12,132,335,442,107,True
15,132,335,442,107,True
16,156,335,442,107,True
20,152,335,442,107,True
26,121,335,442,107,True
31,133,335,442,107,True
34,124,335,442,107,True
35,139,335,442,107,True
37,136,335,442,107,True
40,139,335,442,107,True
41,131,335,442,107,True
44,161,335,442,107,True
47,143,335,442,107,True
48,135,335,442,107,True
50,118,335,467,132,True
52,123,335,401,66,True
53,125,335,467,132,True
55,149,335,467,132,True
61,140,335,467,132,True
62,132,335,382,47,True
63,149,335,467,132,True
65,131,335,467,132,True
66,138,335,401,66,True
72,112,335,467,132,True
74,118,335,467,132,True
75,132,335,467,132,True
83,140,335,467,132,True
85,129,335,401,66,True
88,134,335,467,132,True
92,128,335,467,132,True
96,133,335,467,132,True
0,129,336,442,106,True
2,127,336,442,106,True
4,122,336,442,106,True
8,144,336,442,106,True
10,131,336,442,106,True
14,153,336,442,106,True
19,127,336,442,106,True
21,136,336,442,106,True
26,122,336,442,106,True
34,125,336,442,106,True
35,140,336,442,106,True
36,120,336,442,106,True
38,134,336,442,106,True
43,144,336,442,106,True
47,144,336,442,106,True
49,142,336,442,106,True
50,119,336,467,131,True
51,118,336,401,65,True
55,150,336,467,131,True
58,137,336,401,65,True
63,150,336,467,131,True
65,132,336,467,131,True
66,139,336,401,65,True
71,122,336,467,131,True
72,113,336,467,131,True
76,143,336,467,131,True
79,138,336,467,131,True
80,147,336,401,65,True
82,131,336,467,131,True
89,129,336,467,131,True
94,149,336,467,131,True
95,137,336,467,131,True
96,134,336,467,131,True
98,138,336,467,131,True
0,130,337,442,105,True
4,123,337,442,105,True
6,143,337,442,105,True
9,143,337,442,105,True
10,132,337,442,105,True
14,154,337,442,105,True
15,133,337,442,105,True
16,157,337,442,105,True
19,128,337,442,105,True
20,153,337,442,105,True
23,133,337,442,105,True
27,132,337,442,105,True
28,133,337,442,105,True
29,128,337,442,105,True
30,136,337,442,105,True
31,134,337,442,105,True
35,141,337,442,105,True
37,137,337,442,105,True
39,139,337,442,105,True
43,145,337,442,105,True
49,143,337,442,105,True
51,119,337,467,130,True
52,124,337,401,64,True
53,126,337,467,130,True
58,138,337,467,130,True
60,140,337,467,130,True
63,151,337,467,130,True
64,121,337,467,130,True
67,139,337,467,130,True
69,130,337,467,130,True
72,114,337,467,130,True
73,139,337,401,64,True
75,133,337,467,130,True
80,148,337,401,64,True
81,139,337,467,130,True
82,132,337,467,130,True
85,130,337,401,64,True
93,164,337,467,130,True
95,138,337,467,130,True
1,129,338,442,104,True
2,128,338,442,104,True
3,127,338,442,104,True
6,144,338,442,104,True
7,116,338,442,104,True
11,136,338,442,104,True
12,133,338,442,104,True
15,134,338,442,104,True
16,158,338,442,104,True
17,121,338,442,104,True
18,151,338,442,104,True
20,154,338,442,104,True
24,124,338,442,104,True
29,129,338,442,104,True
33,154,338,442,104,True
37,138,338,442,104,True
38,135,338,442,104,True
40,140,338,442,104,True
43,146,338,442,104,True
46,136,338,442,104,True
48,136,338,442,104,True
50,120,338,467,129,True
51,120,338,467,129,True
53,127,338,467,129,True
54,125,338,467,129,True
58,139,338,467,129,True
60,141,338,467,129,True
62,133,338,382,44,True
63,152,338,467,129,True
64,122,338,467,129,True
67,140,338,467,129,True
70,155,338,467,129,True
72,115,338,467,129,True
79,139,338,467,129,True
80,149,338,401,63,True
82,133,338,467,129,True
84,152,338,467,129,True
88,135,338,467,129,True
92,129,338,467,129,True
94,150,338,467,129,True
95,139,338,467,129,True
99,141,338,467,129,True
4,124,339,442,103,True
5,147,339,442,103,True
8,145,339,442,103,True
9,144,339,442,103,True
12,134,339,442,103,True
17,122,339,442,103,True
18,152,339,442,103,True
19,129,339,442,103,True
20,155,339,442,103,True
21,137,339,442,103,True
22,128,339,442,103,True
26,123,339,442,103,True
27,133,339,442,103,True
30,137,339,442,103,True
31,135,339,442,103,True
32,136,339,442,103,True
34,126,339,442,103,True
35,142,339,442,103,True
37,139,339,442,103,True
39,140,339,442,103,True
40,141,339,442,103,True
43,147,339,442,103,True
45,141,339,442,103,True
47,145,339,442,103,True
50,121,339,467,128,True
53,128,339,467,128,True
58,140,339,467,128,True
59,134,339,467,128,True
61,141,339,467,128,True
62,134,339,382,43,True
65,133,339,467,128,True
66,140,339,401,62,True
68,138,339,467,128,True
70,156,339,467,128,True
71,123,339,467,128,True
73,140,339,401,62,True
74,119,339,467,128,True
76,144,339,467,128,True
78,140,339,467,128,True
83,141,339,467,128,True
89,130,339,467,128,True
93,165,339,467,128,True
95,140,339,467,128,True
96,135,339,467,128,True
97,122,339,467,128,True
99,142,339,467,128,True
1,130,340,442,102,True
2,129,340,442,102,True
4,125,340,442,102,True
5,148,340,442,102,True
7,117,340,442,102,True
8,146,340,442,102,True
9,145,340,442,102,True
12,135,340,442,102,True
14,155,340,442,102,True
21,138,340,442,102,True
22,129,340,442,102,True
23,134,340,442,102,True
24,125,340,442,102,True
30,138,340,442,102,True
31,136,340,442,102,True
36,121,340,442,102,True
37,140,340,442,102,True
38,136,340,442,102,True
39,141,340,442,102,True
40,142,340,442,102,True
41,132,340,442,102,True
44,162,340,442,102,True
49,144,340,442,102,True
57,133,340,467,127,True
60,142,340,467,127,True
64,123,340,467,127,True
65,134,340,467,127,True
66,141,340,401,61,True
68,139,340,467,127,True
72,116,340,467,127,True
73,141,340,401,61,True
75,134,340,467,127,True
76,145,340,467,127,True
77,128,340,467,127,True
80,150,340,467,127,True
81,140,340,467,127,True
84,153,340,467,127,True
85,131,340,467,127,True
88,136,340,467,127,True
89,131,340,467,127,True
92,130,340,467,127,True
94,151,340,467,127,True
96,136,340,467,127,True
98,139,340,467,127,True
99,143,340,467,127,True
0,131,341,442,101,True
1,131,341,442,101,True
2,130,341,442,101,True
3,128,341,442,101,True
5,149,341,442,101,True
7,118,341,442,101,True
14,156,341,442,101,True
16,159,341,442,101,True
20,156,341,442,101,True
26,124,341,442,101,True
30,139,341,442,101,True
33,155,341,442,101,True
36,122,341,442,101,True
38,137,341,442,101,True
42,127,341,442,101,True
46,137,341,442,101,True
50,122,341,467,126,True
55,151,341,467,126,True
58,141,341,467,126,True
60,143,341,467,126,True
66,142,341,401,60,True
70,157,341,467,126,True
73,142,341,401,60,True
74,120,341,467,126,True
75,135,341,467,126,True
76,146,341,467,126,True
78,141,341,467,126,True
80,151,341,467,126,True
82,134,341,467,126,True
85,132,341,467,126,True
86,127,341,467,126,True
88,137,341,467,126,True
90,143,341,467,126,True
95,141,341,467,126,True
1,132,342,442,100,True
2,131,342,442,100,True
3,129,342,442,100,True
4,126,342,442,100,True
5,150,342,442,100,True
7,119,342,442,100,True
9,146,342,442,100,True
10,133,342,442,100,True
11,137,342,442,100,True
13,134,342,442,100,True
16,160,342,442,100,True
17,123,342,442,100,True
18,153,342,442,100,True
19,130,342,442,100,True
21,139,342,442,100,True
24,126,342,442,100,True
30,140,342,442,100,True
32,137,342,442,100,True
33,156,342,442,100,True
34,127,342,442,100,True
36,123,342,442,100,True
37,141,342,442,100,True
38,138,342,442,100,True
41,133,342,442,100,True
51,121,342,467,125,True
55,152,342,467,125,True
56,150,342,467,125,True
57,134,342,467,125,True
58,142,342,467,125,True
64,124,342,467,125,True
65,135,342,467,125,True
71,124,342,467,125,True
74,121,342,467,125,True
77,129,342,467,125,True
80,152,342,467,125,True
82,135,342,467,125,True
84,154,342,467,125,True
97,123,342,467,125,True
99,144,342,467,125,True
0,132,343,442,99,True
5,151,343,442,99,True
9,147,343,442,99,True
10,134,343,442,99,True
16,161,343,442,99,True
23,135,343,442,99,True
27,134,343,442,99,True
28,134,343,442,99,True
29,130,343,442,99,True
33,157,343,442,99,True
38,139,343,442,99,True
39,142,343,442,99,True
40,143,343,442,99,True
45,142,343,442,99,True
49,145,343,442,99,True
52,125,343,467,124,True
54,126,343,467,124,True
57,135,343,467,124,True
59,135,343,467,124,True
62,135,343,467,124,True
63,153,343,467,124,True
65,136,343,467,124,True
67,141,343,467,124,True
70,158,343,467,124,True
72,117,343,467,124,True
73,143,343,401,58,True
81,141,343,467,124,True
83,142,343,467,124,True
85,133,343,467,124,True
89,132,343,467,124,True
94,152,343,467,124,True
99,145,343,467,124,True
5,152,344,442,98,True
9,148,344,442,98,True
13,135,344,442,98,True
14,157,344,442,98,True
15,135,344,442,98,True
19,131,344,442,98,True
25,138,344,461,117,True
26,125,344,442,98,True
27,135,344,442,98,True
28,135,344,442,98,True
32,138,344,442,98,True
33,158,344,442,98,True
34,128,344,442,98,True
35,143,344,442,98,True
36,124,344,442,98,True
37,142,344,442,98,True
38,140,344,442,98,True
42,128,344,442,98,True
43,148,344,442,98,True
45,143,344,442,98,True
48,137,344,442,98,True
51,122,344,467,123,True
53,129,344,467,123,True
57,136,344,467,123,True
65,137,344,467,123,True
68,140,344,467,123,True
70,159,344,467,123,True
71,125,344,467,123,True
76,147,344,467,123,True
80,153,344,467,123,True
85,134,344,467,123,True
94,153,344,467,123,True
1,133,345,442,97,True
4,127,345,442,97,True
10,135,345,442,97,True
14,158,345,442,97,True
18,154,345,442,97,True
19,132,345,442,97,True
21,140,345,442,97,True
22,130,345,442,97,True
25,139,345,461,116,True
27,136,345,442,97,True
33,159,345,442,97,True
34,129,345,442,97,True
38,141,345,442,97,True
40,144,345,442,97,True
44,163,345,442,97,True
45,144,345,442,97,True
52,126,345,467,122,True
53,130,345,467,122,True
56,151,345,467,122,True
58,143,345,467,122,True
59,136,345,467,122,True
60,144,345,467,122,True
62,136,345,467,122,True
63,154,345,467,122,True
64,125,345,467,122,True
65,138,345,467,122,True
68,141,345,467,122,True
70,160,345,467,122,True
74,122,345,467,122,True
77,130,345,467,122,True
81,142,345,467,122,True
83,143,345,467,122,True
84,155,345,467,122,True
86,128,345,467,122,True
87,129,345,467,122,True
90,144,345,467,122,True
94,154,345,467,122,True
98,140,345,467,122,True
1,134,346,442,96,True
2,132,346,442,96,True
4,128,346,442,96,True
7,120,346,442,96,True
10,136,346,442,96,True
13,136,346,442,96,True
14,159,346,442,96,True
16,162,346,442,96,True
17,124,346,442,96,True
20,157,346,442,96,True
21,141,346,442,96,True
22,131,346,442,96,True
23,136,346,442,96,True
27,137,346,442,96,True
28,136,346,442,96,True
30,141,346,442,96,True
31,137,346,442,96,True
33,160,346,442,96,True
36,125,346,442,96,True
37,143,346,442,96,True
39,143,346,442,96,True
40,145,346,442,96,True
45,145,346,442,96,True
47,146,346,442,96,True
48,138,346,442,96,True
56,152,346,467,121,True
63,155,346,467,121,True
65,139,346,467,121,True
69,131,346,467,121,True
72,118,346,467,121,True
77,131,346,467,121,True
78,142,346,467,121,True
79,140,346,467,121,True
81,143,346,467,121,True
83,144,346,467,121,True
86,129,346,467,121,True
89,133,346,467,121,True
91,127,346,467,121,True
93,166,346,467,121,True
96,137,346,467,121,True
97,124,346,467,121,True
99,146,346,467,121,True
3,130,347,442,95,True
6,145,347,442,95,True
7,121,347,442,95,True
10,137,347,442,95,True
11,138,347,442,95,True
13,137,347,442,95,True
15,136,347,442,95,True
16,163,347,442,95,True
19,133,347,442,95,True
20,158,347,442,95,True
21,142,347,442,95,True
23,137,347,442,95,True
27,138,347,442,95,True
30,142,347,442,95,True
31,138,347,442,95,True
32,139,347,442,95,True
33,161,347,442,95,True
34,130,347,442,95,True
35,144,347,442,95,True
36,126,347,442,95,True
38,142,347,442,95,True
43,149,347,442,95,True
50,123,347,467,120,True
51,123,347,467,120,True
52,127,347,467,120,True
53,131,347,467,120,True
56,153,347,467,120,True
64,126,347,467,120,True
68,142,347,467,120,True
69,132,347,467,120,True
72,119,347,467,120,True
74,123,347,467,120,True
75,136,347,467,120,True
81,144,347,467,120,True
82,136,347,467,120,True
83,145,347,467,120,True
84,156,347,467,120,True
86,130,347,467,120,True
88,138,347,467,120,True
89,134,347,467,120,True
94,155,347,467,120,True
95,142,347,467,120,True
97,125,347,467,120,True
1,135,348,442,94,True
2,133,348,442,94,True
3,131,348,442,94,True
4,129,348,442,94,True
5,153,348,442,94,True
6,146,348,442,94,True
7,122,348,442,94,True
8,147,348,442,94,True
13,138,348,442,94,True
15,137,348,442,94,True
16,164,348,442,94,True
17,125,348,442,94,True
19,134,348,442,94,True
20,159,348,442,94,True
22,132,348,442,94,True
24,127,348,442,94,True
25,140,348,461,113,True
26,126,348,442,94,True
32,140,348,442,94,True
35,145,348,442,94,True
36,127,348,442,94,True
38,143,348,442,94,True
39,144,348,442,94,True
40,146,348,442,94,True
41,134,348,442,94,True
42,129,348,442,94,True
43,150,348,442,94,True
44,164,348,442,94,True
47,147,348,442,94,True
53,132,348,467,119,True
56,154,348,467,119,True
60,145,348,467,119,True
61,142,348,467,119,True
62,137,348,467,119,True
68,143,348,467,119,True
70,161,348,467,119,True
74,124,348,467,119,True
75,137,348,467,119,True
78,143,348,467,119,True
81,145,348,467,119,True
82,137,348,467,119,True
83,146,348,467,119,True
86,131,348,467,119,True
88,139,348,467,119,True
89,135,348,467,119,True
92,131,348,467,119,True
93,167,348,467,119,True
96,138,348,467,119,True
2,134,349,442,93,True
4,130,349,442,93,True
6,147,349,442,93,True
7,123,349,442,93,True
9,149,349,442,93,True
10,138,349,442,93,True
13,139,349,442,93,True
14,160,349,442,93,True
17,126,349,442,93,True
18,155,349,442,93,True
19,135,349,442,93,True
22,133,349,442,93,True
25,141,349,461,112,True
27,139,349,442,93,True
32,141,349,442,93,True
36,128,349,442,93,True
39,145,349,442,93,True
42,130,349,442,93,True
46,138,349,442,93,True
48,139,349,442,93,True
49,146,349,442,93,True
53,133,349,467,118,True
54,127,349,467,118,True
55,153,349,467,118,True
56,155,349,467,118,True
59,137,349,467,118,True
61,143,349,467,118,True
63,156,349,467,118,True
64,127,349,467,118,True
65,140,349,467,118,True
66,143,349,467,118,True
67,142,349,467,118,True
70,162,349,467,118,True
72,120,349,467,118,True
73,144,349,467,118,True
74,125,349,467,118,True
80,154,349,467,118,True
81,146,349,467,118,True
82,138,349,467,118,True
84,157,349,467,118,True
86,132,349,467,118,True
92,132,349,467,118,True
93,168,349,467,118,True
97,126,349,467,118,True
5,154,350,442,92,True
6,148,350,442,92,True
7,124,350,442,92,True
9,150,350,442,92,True
12,136,350,442,92,True
14,161,350,442,92,True
15,138,350,442,92,True
25,142,350,461,111,True
28,137,350,442,92,True
29,131,350,442,92,True
43,151,350,442,92,True
47,148,350,442,92,True
52,128,350,467,117,True
54,128,350,467,117,True
56,156,350,467,117,True
60,146,350,467,117,True
63,157,350,467,117,True
64,128,350,467,117,True
68,144,350,467,117,True
71,126,350,467,117,True
73,145,350,467,117,True
74,126,350,467,117,True
79,141,350,467,117,True
80,155,350,467,117,True
82,139,350,467,117,True
83,147,350,467,117,True
84,158,350,467,117,True
89,136,350,467,117,True
95,143,350,467,117,True
98,141,350,467,117,True
99,147,350,467,117,True
0,133,351,442,91,True
1,136,351,442,91,True
8,148,351,442,91,True
9,151,351,442,91,True
10,139,351,442,91,True
11,139,351,442,91,True
14,162,351,442,91,True
20,160,351,442,91,True
22,134,351,442,91,True
23,138,351,442,91,True
26,127,351,442,91,True
27,140,351,442,91,True
28,138,351,442,91,True
34,131,351,442,91,True
35,146,351,442,91,True
36,129,351,442,91,True
37,144,351,442,91,True
38,144,351,442,91,True
40,147,351,442,91,True
41,135,351,442,91,True
44,165,351,442,91,True
48,140,351,442,91,True
52,129,351,467,116,True
54,129,351,467,116,True
58,144,351,467,116,True
59,138,351,467,116,True
60,147,351,467,116,True
61,144,351,467,116,True
62,138,351,467,116,True
66,144,351,467,116,True
69,133,351,467,116,True
70,163,351,467,116,True
71,127,351,467,116,True
73,146,351,467,116,True
74,127,351,467,116,True
75,138,351,467,116,True
76,148,351,467,116,True
78,144,351,467,116,True
79,142,351,467,116,True
81,147,351,467,116,True
86,133,351,467,116,True
87,130,351,467,116,True
89,137,351,467,116,True
91,128,351,467,116,True
92,133,351,467,116,True
93,169,351,467,116,True
94,156,351,467,116,True
95,144,351,467,116,True
96,139,351,467,116,True
97,127,351,467,116,True
2,135,352,442,90,True
8,149,352,442,90,True
9,152,352,442,90,True
16,165,352,442,90,True
18,156,352,442,90,True
20,161,352,442,90,True
21,143,352,442,90,True
25,143,352,461,109,True
27,141,352,442,90,True
31,139,352,442,90,True
32,142,352,442,90,True
36,130,352,442,90,True
40,148,352,442,90,True
42,131,352,442,90,True
46,139,352,442,90,True
47,149,352,442,90,True
54,130,352,467,115,True
55,154,352,467,115,True
56,157,352,467,115,True
59,139,352,467,115,True
60,148,352,467,115,True
61,145,352,467,115,True
68,145,352,467,115,True
69,134,352,467,115,True
71,128,352,467,115,True
76,149,352,467,115,True
78,145,352,467,115,True
81,148,352,467,115,True
84,159,352,467,115,True
85,135,352,467,115,True
86,134,352,467,115,True
92,134,352,467,115,True
96,140,352,467,115,True
97,128,352,467,115,True
98,142,352,467,115,True
99,148,352,467,115,True
1,137,353,442,89,True
6,149,353,442,89,True
7,125,353,442,89,True
9,153,353,442,89,True
10,140,353,442,89,True
12,137,353,442,89,True
14,163,353,442,89,True
18,157,353,442,89,True
19,136,353,442,89,True
21,144,353,442,89,True
24,128,353,442,89,True
25,144,353,461,108,True
26,128,353,442,89,True
27,142,353,442,89,True
28,139,353,442,89,True
29,132,353,442,89,True
36,131,353,442,89,True
37,145,353,442,89,True
38,145,353,442,89,True
39,146,353,442,89,True
44,166,353,442,89,True
53,134,353,467,114,True
54,131,353,467,114,True
55,155,353,467,114,True
56,158,353,467,114,True
57,137,353,467,114,True
59,140,353,467,114,True
60,149,353,467,114,True
62,139,353,467,114,True
63,158,353,467,114,True
64,129,353,467,114,True
66,145,353,467,114,True
67,143,353,467,114,True
72,121,353,467,114,True
80,156,353,467,114,True
82,140,353,467,114,True
86,135,353,467,114,True
87,131,353,467,114,True
88,140,353,467,114,True
91,129,353,467,114,True
92,135,353,467,114,True
94,157,353,467,114,True
97,129,353,467,114,True
98,143,353,467,114,True
99,149,353,467,114,True
1,138,354,442,88,True
3,132,354,442,88,True
6,150,354,442,88,True
9,154,354,442,88,True
11,140,354,442,88,True
15,139,354,442,88,True
16,166,354,442,88,True
19,137,354,442,88,True
22,135,354,442,88,True
25,145,354,461,107,True
31,140,354,442,88,True
35,147,354,442,88,True
40,149,354,442,88,True
41,136,354,442,88,True
43,152,354,442,88,True
48,141,354,442,88,True
50,124,354,467,113,True
51,124,354,467,113,True
52,130,354,467,113,True
53,135,354,467,113,True
55,156,354,467,113,True
57,138,354,467,113,True
68,146,354,467,113,True
69,135,354,467,113,True
70,164,354,467,113,True
74,128,354,467,113,True
75,139,354,467,113,True
77,132,354,467,113,True
78,146,354,467,113,True
81,149,354,467,113,True
83,148,354,467,113,True
85,136,354,467,113,True
90,145,354,467,113,True
91,130,354,467,113,True
92,136,354,467,113,True
94,158,354,467,113,True
97,130,354,467,113,True
98,144,354,467,113,True
0,134,355,442,87,True
1,139,355,442,87,True
3,133,355,442,87,True
12,138,355,442,87,True
13,140,355,442,87,True
15,140,355,442,87,True
16,167,355,442,87,True
19,138,355,442,87,True
27,143,355,442,87,True
29,133,355,442,87,True
33,162,355,442,87,True
35,148,355,442,87,True
38,146,355,442,87,True
41,137,355,442,87,True
42,132,355,442,87,True
43,153,355,442,87,True
46,140,355,442,87,True
49,147,355,442,87,True
51,125,355,467,112,True
56,159,355,467,112,True
57,139,355,467,112,True
58,145,355,467,112,True
63,159,355,467,112,True
66,146,355,467,112,True
69,136,355,467,112,True
71,129,355,467,112,True
72,122,355,467,112,True
75,140,355,467,112,True
76,150,355,467,112,True
77,133,355,467,112,True
79,143,355,467,112,True
84,160,355,467,112,True
88,141,355,467,112,True
90,146,355,467,112,True
91,131,355,467,112,True
92,137,355,467,112,True
93,170,355,467,112,True
97,131,355,467,112,True
99,150,355,467,112,True
4,131,356,442,86,True
5,155,356,442,86,True
7,126,356,442,86,True
10,141,356,442,86,True
12,139,356,442,86,True
19,139,356,442,86,True
20,162,356,442,86,True
22,136,356,442,86,True
23,139,356,442,86,True
25,146,356,461,105,True
26,129,356,442,86,True
29,134,356,442,86,True
31,141,356,442,86,True
36,132,356,442,86,True
39,147,356,442,86,True
43,154,356,442,86,True
49,148,356,442,86,True
53,136,356,467,111,True
54,132,356,467,111,True
55,157,356,467,111,True
56,160,356,467,111,True
58,146,356,467,111,True
60,150,356,467,111,True
61,146,356,467,111,True
63,160,356,467,111,True
64,130,356,467,111,True
65,141,356,467,111,True
68,147,356,467,111,True
69,137,356,467,111,True
70,165,356,467,111,True
73,147,356,467,111,True
74,129,356,467,111,True
79,144,356,467,111,True
80,157,356,467,111,True
81,150,356,467,111,True
84,161,356,467,111,True
85,137,356,467,111,True
86,136,356,467,111,True
88,142,356,467,111,True
92,138,356,467,111,True
93,171,356,467,111,True
94,159,356,467,111,True
98,145,356,467,111,True
0,135,357,442,85,True
2,136,357,442,85,True
5,156,357,442,85,True
6,151,357,442,85,True
7,127,357,442,85,True
8,150,357,442,85,True
12,140,357,442,85,True
13,141,357,442,85,True
14,164,357,442,85,True
25,147,357,461,104,True
27,144,357,442,85,True
31,142,357,442,85,True
32,143,357,442,85,True
33,163,357,442,85,True
34,132,357,442,85,True
35,149,357,442,85,True
44,167,357,442,85,True
47,150,357,442,85,True
48,142,357,442,85,True
49,149,357,442,85,True
54,133,357,467,110,True
56,161,357,467,110,True
60,151,357,467,110,True
65,142,357,467,110,True
67,144,357,467,110,True
68,148,357,467,110,True
70,166,357,467,110,True
71,130,357,467,110,True
74,130,357,467,110,True
79,145,357,467,110,True
80,158,357,467,110,True
84,162,357,467,110,True
88,143,357,467,110,True
89,138,357,467,110,True
90,147,357,467,110,True
91,132,357,467,110,True
94,160,357,467,110,True
97,132,357,467,110,True
3,134,358,442,84,True
4,132,358,442,84,True
7,128,358,442,84,True
8,151,358,442,84,True
11,141,358,442,84,True
13,142,358,442,84,True
17,127,358,442,84,True
23,140,358,442,84,True
26,130,358,442,84,True
27,145,358,442,84,True
35,150,358,442,84,True
36,133,358,442,84,True
39,148,358,442,84,True
46,141,358,442,84,True
49,150,358,461,103,True
50,125,358,467,109,True
51,126,358,467,109,True
52,131,358,467,109,True
58,147,358,467,109,True
61,147,358,467,109,True
62,140,358,467,109,True
68,149,358,467,109,True
69,138,358,467,109,True
70,167,358,467,109,True
71,131,358,467,109,True
72,123,358,467,109,True
73,148,358,467,109,True
74,131,358,467,109,True
78,147,358,467,109,True
82,141,358,467,109,True
83,149,358,467,109,True
85,138,358,467,109,True
87,132,358,467,109,True
88,144,358,467,109,True
96,141,358,467,109,True
2,137,359,442,83,True
7,129,359,442,83,True
9,155,359,442,83,True
10,142,359,442,83,True
11,142,359,442,83,True
14,165,359,442,83,True
16,168,359,442,83,True
23,141,359,442,83,True
24,129,359,442,83,True
31,143,359,442,83,True
32,144,359,442,83,True
37,146,359,442,83,True
38,147,359,442,83,True
40,150,359,442,83,True
46,142,359,442,83,True
50,126,359,467,108,True
53,137,359,467,108,True
56,162,359,467,108,True
58,148,359,467,108,True
67,145,359,467,108,True
70,168,359,467,108,True
73,149,359,467,108,True
78,148,359,467,108,True
79,146,359,467,108,True
80,159,359,467,108,True
81,151,359,467,108,True
84,163,359,467,108,True
85,139,359,467,108,True
89,139,359,467,108,True
90,148,359,467,108,True
94,161,359,467,108,True
97,133,359,467,108,True
0,136,360,442,82,True
2,138,360,442,82,True
6,152,360,442,82,True
7,130,360,442,82,True
8,152,360,461,101,True
10,143,360,442,82,True
12,141,360,442,82,True
13,143,360,442,82,True
14,166,360,442,82,True
19,140,360,442,82,True
21,145,360,442,82,True
23,142,360,442,82,True
26,131,360,442,82,True
30,143,360,442,82,True
31,144,360,442,82,True
33,164,360,442,82,True
36,134,360,442,82,True
37,147,360,442,82,True
40,151,360,442,82,True
42,133,360,461,101,True
44,168,360,442,82,True
46,143,360,442,82,True
47,151,360,442,82,True
48,143,360,442,82,True
53,138,360,467,107,True
54,134,360,467,107,True
55,158,360,467,107,True
56,163,360,467,107,True
57,140,360,467,107,True
58,149,360,467,107,True
59,141,360,467,107,True
60,152,360,467,107,True
62,141,360,467,107,True
64,131,360,467,107,True
65,143,360,467,107,True
66,147,360,467,107,True
67,146,360,467,107,True
72,124,360,467,107,True
73,150,360,467,107,True
74,132,360,467,107,True
76,151,360,467,107,True
78,149,360,467,107,True
82,142,360,467,107,True
84,164,360,467,107,True
86,137,360,467,107,True
87,133,360,467,107,True
88,145,360,467,107,True
94,162,360,467,107,True
95,145,360,467,107,True
97,134,360,467,107,True
98,146,360,467,107,True
3,135,361,442,81,True
6,153,361,442,81,True
9,156,361,442,81,True
11,143,361,442,81,True
13,144,361,442,81,True
15,141,361,461,100,True
16,169,361,442,81,True
20,163,361,442,81,True
22,137,361,442,81,True
23,143,361,442,81,True
24,130,361,442,81,True
25,148,361,461,100,True
27,146,361,442,81,True
30,144,361,442,81,True
33,165,361,442,81,True
34,133,361,442,81,True
35,151,361,442,81,True
36,135,361,442,81,True
37,148,361,442,81,True
42,134,361,461,100,True
44,169,361,442,81,True
47,152,361,442,81,True
50,127,361,467,106,True
52,132,361,467,106,True
55,159,361,467,106,True
56,164,361,467,106,True
62,142,361,467,106,True
66,148,361,467,106,True
69,139,361,467,106,True
70,169,361,467,106,True
73,151,361,467,106,True
76,152,361,467,106,True
77,134,361,467,106,True
78,150,361,467,106,True
82,143,361,467,106,True
87,134,361,467,106,True
88,146,361,467,106,True
89,140,361,467,106,True
90,149,361,467,106,True
91,133,361,467,106,True
92,139,361,467,106,True
93,172,361,467,106,True
96,142,361,467,106,True
99,151,361,467,106,True
2,139,362,442,80,True
3,136,362,442,80,True
4,133,362,442,80,True
6,154,362,442,80,True
7,131,362,442,80,True
9,157,362,442,80,True
11,144,362,442,80,True
12,142,362,442,80,True
13,145,362,442,80,True
20,164,362,442,80,True
21,146,362,442,80,True
22,138,362,442,80,True
23,144,362,442,80,True
24,131,362,442,80,True
27,147,362,442,80,True
29,135,362,442,80,True
30,145,362,442,80,True
31,145,362,442,80,True
37,149,362,442,80,True
42,135,362,461,99,True
44,170,362,442,80,True
50,128,362,467,105,True
51,127,362,467,105,True
54,135,362,467,105,True
56,165,362,467,105,True
57,141,362,467,105,True
58,150,362,467,105,True
63,161,362,467,105,True
64,132,362,467,105,True
68,150,362,467,105,True
69,140,362,467,105,True
70,170,362,467,105,True
75,141,362,467,105,True
76,153,362,467,105,True
81,152,362,467,105,True
82,144,362,467,105,True
85,140,362,467,105,True
88,147,362,467,105,True
89,141,362,467,105,True
90,150,362,467,105,True
98,147,362,467,105,True
99,152,362,467,105,True
1,140,363,442,79,True
2,140,363,442,79,True
3,137,363,442,79,True
6,155,363,442,79,True
8,153,363,461,98,True
12,143,363,442,79,True
13,146,363,461,98,True
14,167,363,461,98,True
16,170,363,442,79,True
18,158,363,442,79,True
22,139,363,442,79,True
24,132,363,442,79,True
26,132,363,442,79,True
27,148,363,442,79,True
37,150,363,442,79,True
38,148,363,442,79,True
41,138,363,442,79,True
42,136,363,461,98,True
43,155,363,442,79,True
49,151,363,461,98,True
60,153,363,467,104,True
63,162,363,467,104,True
64,133,363,467,104,True
67,147,363,467,104,True
68,151,363,467,104,True
69,141,363,467,104,True
70,171,363,467,104,True
71,132,363,467,104,True
74,133,363,467,104,True
75,142,363,467,104,True
77,135,363,467,104,True
78,151,363,467,104,True
79,147,363,467,104,True
82,145,363,467,104,True
83,150,363,467,104,True
85,141,363,467,104,True
86,138,363,467,104,True
87,135,363,467,104,True
89,142,363,467,104,True
91,134,363,467,104,True
93,173,363,467,104,True
94,163,363,467,104,True
97,135,363,467,104,True
98,148,363,467,104,True
99,153,363,467,104,True
0,137,364,461,97,True
3,138,364,442,78,True
5,157,364,442,78,True
8,154,364,461,97,True
9,158,364,442,78,True
14,168,364,461,97,True
15,142,364,461,97,True
17,128,364,442,78,True
26,133,364,442,78,True
27,149,364,442,78,True
29,136,364,442,78,True
36,136,364,442,78,True
37,151,364,442,78,True
38,149,364,461,97,True
39,149,364,442,78,True
40,152,364,442,78,True
46,144,364,442,78,True
48,144,364,442,78,True
49,152,364,461,97,True
52,133,364,467,103,True
56,166,364,467,103,True
58,151,364,467,103,True
65,144,364,467,103,True
66,149,364,467,103,True
68,152,364,467,103,True
72,125,364,467,103,True
73,152,364,467,103,True
75,143,364,467,103,True
76,154,364,467,103,True
77,136,364,467,103,True
83,151,364,467,103,True
86,139,364,467,103,True
89,143,364,467,103,True
93,174,364,467,103,True
94,164,364,467,103,True
96,143,364,467,103,True
0,138,365,461,96,True
1,141,365,442,77,True
3,139,365,442,77,True
8,155,365,461,96,True
9,159,365,442,77,True
10,144,365,442,77,True
12,144,365,442,77,True
17,129,365,442,77,True
24,133,365,442,77,True
25,149,365,461,96,True
29,137,365,442,77,True
31,146,365,442,77,True
32,145,365,461,96,True
39,150,365,442,77,True
41,139,365,442,77,True
47,153,365,442,77,True
48,145,365,442,77,True
49,153,365,461,96,True
51,128,365,467,102,True
53,139,365,467,102,True
56,167,365,467,102,True
60,154,365,467,102,True
62,143,365,467,102,True
64,134,365,467,102,True
69,142,365,467,102,True
71,133,365,467,102,True
72,126,365,467,102,True
78,152,365,467,102,True
80,160,365,467,102,True
81,153,365,467,102,True
86,140,365,467,102,True
87,136,365,467,102,True
90,151,365,467,102,True
91,135,365,467,102,True
94,165,365,467,102,True
95,146,365,467,102,True
96,144,365,467,102,True
0,139,366,461,95,True
4,134,366,442,76,True
8,156,366,461,95,True
10,145,366,442,76,True
16,171,366,442,76,True
18,159,366,442,76,True
20,165,366,442,76,True
22,140,366,442,76,True
24,134,366,442,76,True
26,134,366,442,76,True
27,150,366,442,76,True
36,137,366,442,76,True
39,151,366,442,76,True
40,153,366,442,76,True
43,156,366,442,76,True
44,171,366,442,76,True
50,129,366,467,101,True
53,140,366,467,101,True
54,136,366,467,101,True
55,160,366,467,101,True
56,168,366,467,101,True
58,152,366,467,101,True
59,142,366,467,101,True
61,148,366,467,101,True
63,163,366,467,101,True
65,145,366,467,101,True
67,148,366,467,101,True
68,153,366,467,101,True
69,143,366,467,101,True
75,144,366,467,101,True
76,155,366,467,101,True
77,137,366,467,101,True
82,146,366,467,101,True
83,152,366,467,101,True
84,165,366,467,101,True
86,141,366,467,101,True
90,152,366,467,101,True
91,136,366,467,101,True
93,175,366,467,101,True
95,147,366,467,101,True
0,140,367,461,94,True
1,142,367,442,75,True
2,141,367,442,75,True
3,140,367,442,75,True
4,135,367,442,75,True
5,158,367,442,75,True
8,157,367,461,94,True
11,145,367,442,75,True
15,143,367,461,94,True
17,130,367,442,75,True
18,160,367,442,75,True
19,141,367,442,75,True
21,147,367,442,75,True
25,150,367,461,94,True
27,151,367,442,75,True
28,140,367,442,75,True
29,138,367,442,75,True
31,147,367,442,75,True
32,146,367,461,94,True
33,166,367,442,75,True
34,134,367,442,75,True
38,150,367,461,94,True
40,154,367,442,75,True
41,140,367,461,94,True
45,146,367,442,75,True
49,154,367,461,94,True
50,130,367,467,100,True
51,129,367,467,100,True
58,153,367,467,100,True
63,164,367,467,100,True
69,144,367,467,100,True
73,153,367,467,100,True
74,134,367,467,100,True
77,138,367,467,100,True
80,161,367,467,100,True
82,147,367,467,100,True
84,166,367,467,100,True
88,148,367,467,100,True
90,153,367,467,100,True
91,137,367,467,100,True
93,176,367,467,100,True
97,136,367,467,100,True
98,149,367,467,100,True
11,146,368,442,74,True
12,145,368,442,74,True
13,147,368,461,93,True
17,131,368,442,74,True
18,161,368,442,74,True
21,148,368,442,74,True
26,135,368,442,74,True
29,139,368,442,74,True
31,148,368,442,74,True
32,147,368,461,93,True
33,167,368,442,74,True
35,152,368,442,74,True
38,151,368,461,93,True
41,141,368,461,93,True
46,145,368,442,74,True
48,146,368,442,74,True
52,134,368,467,99,True
56,169,368,467,99,True
59,143,368,467,99,True
62,144,368,467,99,True
64,135,368,467,99,True
66,150,368,467,99,True
68,154,368,467,99,True
71,134,368,467,99,True
72,127,368,467,99,True
73,154,368,467,99,True
81,154,368,467,99,True
84,167,368,467,99,True
85,142,368,467,99,True
87,137,368,467,99,True
92,140,368,467,99,True
95,148,368,467,99,True
98,150,368,467,99,True
99,154,368,467,99,True
0,141,369,461,92,True
2,142,369,442,73,True
4,136,369,442,73,True
5,159,369,442,73,True
6,156,369,503,134,True
7,132,369,442,73,True
10,146,369,442,73,True
21,149,369,442,73,True
23,145,369,442,73,True
28,141,369,442,73,True
29,140,369,442,73,True
30,146,369,442,73,True
31,149,369,442,73,True
33,168,369,442,73,True
34,135,369,442,73,True
37,152,369,442,73,True
39,152,369,442,73,True
40,155,369,442,73,True
41,142,369,461,92,True
42,137,369,461,92,True
43,157,369,442,73,True
45,147,369,442,73,True
48,147,369,442,73,True
53,141,369,467,98,True
55,161,369,467,98,True
56,170,369,467,98,True
57,142,369,467,98,True
61,149,369,467,98,True
65,146,369,467,98,True
66,151,369,467,98,True
68,155,369,467,98,True
70,172,369,467,98,True
71,135,369,467,98,True
73,155,369,467,98,True
74,135,369,467,98,True
75,145,369,467,98,True
77,139,369,467,98,True
79,148,369,467,98,True
84,168,369,467,98,True
85,143,369,467,98,True
87,138,369,467,98,True
89,144,369,467,98,True
95,149,369,467,98,True
97,137,369,467,98,True
98,151,369,467,98,True
0,142,370,461,91,True
3,141,370,442,72,True
5,160,370,442,72,True
8,158,370,461,91,True
10,147,370,442,72,True
12,146,370,442,72,True
17,132,370,442,72,True
18,162,370,442,72,True
19,142,370,442,72,True
22,141,370,442,72,True
24,135,370,442,72,True
25,151,370,461,91,True
27,152,370,442,72,True
29,141,370,442,72,True
31,150,370,442,72,True
32,148,370,461,91,True
34,136,370,461,91,True
38,152,370,461,91,True
39,153,370,442,72,True
40,156,370,442,72,True
42,138,370,461,91,True
45,148,370,442,72,True
48,148,370,442,72,True
50,131,370,467,97,True
53,142,370,467,97,True
58,154,370,467,97,True
64,136,370,467,97,True
65,147,370,467,97,True
68,156,370,467,97,True
70,173,370,467,97,True
72,128,370,467,97,True
75,146,370,542,172,True
80,162,370,467,97,True
81,155,370,467,97,True
85,144,370,467,97,True
86,142,370,467,97,True
87,139,370,467,97,True
88,149,370,467,97,True
91,138,370,467,97,True
93,177,370,467,97,True
96,145,370,467,97,True
97,138,370,467,97,True
98,152,370,467,97,True
99,155,370,467,97,True
0,143,371,461,90,True
2,143,371,442,71,True
13,148,371,461,90,True
14,169,371,461,90,True
15,144,371,461,90,True
22,142,371,442,71,True
27,153,371,442,71,True
29,142,371,442,71,True
30,147,371,442,71,True
31,151,371,442,71,True
32,149,371,461,90,True
33,169,371,442,71,True
36,138,371,442,71,True
39,154,371,442,71,True
40,157,371,442,71,True
41,143,371,461,90,True
42,139,371,461,90,True
43,158,371,503,132,True
46,146,371,442,71,True
48,149,371,442,71,True
49,155,371,461,90,True
53,143,371,467,96,True
61,150,371,467,96,True
64,137,371,467,96,True
65,148,371,467,96,True
72,129,371,467,96,True
73,156,371,467,96,True
74,136,371,467,96,True
76,156,371,467,96,True
77,140,371,467,96,True
81,156,371,467,96,True
82,148,371,467,96,True
83,153,371,467,96,True
84,169,371,467,96,True
85,145,371,467,96,True
87,140,371,467,96,True
88,150,371,467,96,True
93,178,371,467,96,True
96,146,371,467,96,True
99,156,371,467,96,True
0,144,372,461,89,True
2,144,372,442,70,True
3,142,372,442,70,True
6,157,372,503,131,True
7,133,372,442,70,True
10,148,372,442,70,True
11,147,372,442,70,True
12,147,372,442,70,True
14,170,372,461,89,True
16,172,372,461,89,True
17,133,372,503,131,True
20,166,372,442,70,True
22,143,372,442,70,True
24,136,372,442,70,True
28,142,372,442,70,True
30,148,372,442,70,True
31,152,372,503,131,True
34,137,372,461,89,True
35,153,372,442,70,True
36,139,372,442,70,True
39,155,372,442,70,True
44,172,372,442,70,True
46,147,372,442,70,True
47,154,372,461,89,True
52,135,372,467,95,True
53,144,372,467,95,True
56,171,372,467,95,True
59,144,372,467,95,True
60,155,372,467,95,True
61,151,372,467,95,True
63,165,372,467,95,True
64,138,372,467,95,True
67,149,372,467,95,True
70,174,372,467,95,True
74,137,372,467,95,True
76,157,372,467,95,True
77,141,372,467,95,True
78,153,372,467,95,True
87,141,372,467,95,True
88,151,372,467,95,True
92,141,372,467,95,True
94,166,372,467,95,True
95,150,372,467,95,True
97,139,372,467,95,True
98,153,372,467,95,True
99,157,372,467,95,True
5,161,373,442,69,True
10,149,373,442,69,True
13,149,373,461,88,True
14,171,373,461,88,True
27,154,373,570,197,True
31,153,373,503,130,True
33,170,373,442,69,True
40,158,373,442,69,True
41,144,373,461,88,True
42,140,373,461,88,True
45,149,373,442,69,True
49,156,373,461,88,True
51,130,373,467,94,True
55,162,373,467,94,True
59,145,373,467,94,True
60,156,373,467,94,True
61,152,373,467,94,True
63,166,373,467,94,True
65,149,373,467,94,True
68,157,373,467,94,True
70,175,373,467,94,True
71,136,373,467,94,True
85,146,373,467,94,True
86,143,373,467,94,True
89,145,373,467,94,True
92,142,373,467,94,True
93,179,373,467,94,True
94,167,373,467,94,True
96,147,373,467,94,True
0,145,374,461,87,True
1,143,374,442,68,True
2,145,374,442,68,True
3,143,374,442,68,True
7,134,374,442,68,True
8,159,374,461,87,True
9,160,374,442,68,True
10,150,374,442,68,True
11,148,374,442,68,True
12,148,374,442,68,True
18,163,374,442,68,True
19,143,374,503,129,True
20,167,374,442,68,True
22,144,374,442,68,True
23,146,374,461,87,True
24,137,374,503,129,True
25,152,374,461,87,True
26,136,374,442,68,True
28,143,374,442,68,True
29,143,374,442,68,True
34,138,374,461,87,True
36,140,374,461,87,True
40,159,374,442,68,True
43,159,374,503,129,True
48,150,374,442,68,True
53,145,374,467,93,True
54,137,374,467,93,True
57,143,374,467,93,True
60,157,374,467,93,True
62,145,374,467,93,True
63,167,374,467,93,True
66,152,374,467,93,True
68,158,374,467,93,True
70,176,374,467,93,True
73,157,374,467,93,True
76,158,374,467,93,True
78,154,374,467,93,True
86,144,374,467,93,True
87,142,374,467,93,True
90,154,374,467,93,True
93,180,374,467,93,True
94,168,374,467,93,True
97,140,374,467,93,True
99,158,374,467,93,True
1,144,375,442,67,True
2,146,375,442,67,True
3,144,375,461,86,True
10,151,375,442,67,True
11,149,375,442,67,True
13,150,375,461,86,True
16,173,375,461,86,True
19,144,375,503,128,True
26,137,375,442,67,True
27,155,375,570,195,True
33,171,375,503,128,True
34,139,375,461,86,True
38,153,375,461,86,True
39,156,375,442,67,True
40,160,375,442,67,True
41,145,375,461,86,True
42,141,375,461,86,True
45,150,375,442,67,True
49,157,375,461,86,True
50,132,375,467,92,True
51,131,375,467,92,True
55,163,375,467,92,True
56,172,375,467,92,True
57,144,375,467,92,True
59,146,375,467,92,True
61,153,375,467,92,True
62,146,375,467,92,True
69,145,375,467,92,True
71,137,375,467,92,True
72,130,375,467,92,True
74,138,375,467,92,True
75,147,375,542,167,True
76,159,375,467,92,True
78,155,375,467,92,True
80,163,375,467,92,True
84,170,375,467,92,True
85,147,375,467,92,True
86,145,375,467,92,True
88,152,375,467,92,True
89,146,375,467,92,True
91,139,375,467,92,True
92,143,375,467,92,True
93,181,375,467,92,True
96,148,375,467,92,True
0,146,376,461,85,True
2,147,376,442,66,True
4,137,376,461,85,True
5,162,376,442,66,True
9,161,376,442,66,True
14,172,376,461,85,True
15,145,376,461,85,True
16,174,376,461,85,True
18,164,376,442,66,True
19,145,376,503,127,True
21,150,376,442,66,True
23,147,376,461,85,True
25,153,376,461,85,True
27,156,376,570,194,True
28,144,376,442,66,True
31,154,376,503,127,True
32,150,376,461,85,True
33,172,376,503,127,True
40,161,376,442,66,True
41,146,376,461,85,True
44,173,376,442,66,True
45,151,376,442,66,True
47,155,376,461,85,True
48,151,376,442,66,True
50,133,376,467,91,True
51,132,376,467,91,True
55,164,376,467,91,True
57,145,376,467,91,True
58,155,376,467,91,True
59,147,376,467,91,True
60,158,376,467,91,True
61,154,376,467,91,True
63,168,376,467,91,True
66,153,376,467,91,True
69,146,376,467,91,True
72,131,376,467,91,True
73,158,376,467,91,True
75,148,376,542,166,True
76,160,376,467,91,True
77,142,376,467,91,True
79,149,376,467,91,True
81,157,376,467,91,True
83,154,376,467,91,True
85,148,376,467,91,True
91,140,376,467,91,True
92,144,376,467,91,True
94,169,376,467,91,True
97,141,376,467,91,True
0,147,377,461,84,True
3,145,377,461,84,True
4,138,377,461,84,True
5,163,377,442,65,True
7,135,377,442,65,True
8,160,377,461,84,True
11,150,377,442,65,True
13,151,377,461,84,True
15,146,377,461,84,True
17,134,377,503,126,True
19,146,377,503,126,True
20,168,377,442,65,True
27,157,377,570,193,True
28,145,377,442,65,True
29,144,377,442,65,True
30,149,377,442,65,True
31,155,377,503,126,True
34,140,377,461,84,True
45,152,377,442,65,True
47,156,377,461,84,True
48,152,377,442,65,True
49,158,377,461,84,True
53,146,377,467,90,True
54,138,377,467,90,True
57,146,377,467,90,True
58,156,377,467,90,True
61,155,377,467,90,True
63,169,377,467,90,True
69,147,377,467,90,True
71,138,377,467,90,True
74,139,377,467,90,True
77,143,377,467,90,True
78,156,377,467,90,True
81,158,377,467,90,True
82,149,377,467,90,True
83,155,377,467,90,True
84,171,377,467,90,True
87,143,377,467,90,True
93,182,377,467,90,True
96,149,377,467,90,True
97,142,377,467,90,True
0,148,378,461,83,True
4,139,378,461,83,True
6,158,378,503,125,True
7,136,378,442,64,True
11,151,378,442,64,True
12,149,378,442,64,True
13,152,378,461,83,True
28,146,378,442,64,True
29,145,378,442,64,True
30,150,378,442,64,True
32,151,378,461,83,True
33,173,378,503,125,True
34,141,378,461,83,True
39,157,378,442,64,True
40,162,378,461,83,True
41,147,378,461,83,True
44,174,378,442,64,True
45,153,378,442,64,True
46,148,378,503,125,True
49,159,378,461,83,True
55,165,378,467,89,True
57,147,378,467,89,True
63,170,378,467,89,True
70,177,378,467,89,True
71,139,378,467,89,True
74,140,378,467,89,True
78,157,378,467,89,True
79,150,378,467,89,True
81,159,378,467,89,True
89,147,378,467,89,True
90,155,378,467,89,True
93,183,378,542,164,True
96,150,378,467,89,True
2,148,379,442,63,True
3,146,379,461,82,True
4,140,379,503,124,True
5,164,379,442,63,True
7,137,379,503,124,True
8,161,379,461,82,True
9,162,379,442,63,True
15,147,379,461,82,True
18,165,379,442,63,True
23,148,379,461,82,True
24,138,379,503,124,True
25,154,379,461,82,True
28,147,379,442,63,True
31,156,379,503,124,True
32,152,379,461,82,True
35,154,379,442,63,True
37,153,379,503,124,True
47,157,379,461,82,True
48,153,379,503,124,True
55,166,379,467,88,True
61,156,379,467,88,True
66,154,379,467,88,True
67,150,379,467,88,True
68,159,379,467,88,True
71,140,379,467,88,True
73,159,379,467,88,True
74,141,379,467,88,True
76,161,379,467,88,True
78,158,379,467,88,True
80,164,379,467,88,True
82,150,379,467,88,True
84,172,379,467,88,True
86,146,379,467,88,True
87,144,379,467,88,True
90,156,379,467,88,True
91,141,379,467,88,True
92,145,379,467,88,True
93,184,379,542,163,True
94,170,379,467,88,True
1,145,380,442,62,True
3,147,380,461,81,True
9,163,380,570,190,True
12,150,380,442,62,True
15,148,380,461,81,True
16,175,380,461,81,True
18,166,380,442,62,True
20,169,380,442,62,True
22,145,380,503,123,True
26,138,380,442,62,True
28,148,380,442,62,True
29,146,380,442,62,True
32,153,380,461,81,True
33,174,380,503,123,True
38,154,380,461,81,True
39,158,380,442,62,True
40,163,380,461,81,True
41,148,380,461,81,True
43,160,380,503,123,True
44,175,380,442,62,True
46,149,380,503,123,True
47,158,380,461,81,True
49,160,380,461,81,True
50,134,380,467,87,True
51,133,380,467,87,True
53,147,380,467,87,True
55,167,380,467,87,True
58,157,380,467,87,True
60,159,380,467,87,True
61,157,380,467,87,True
63,171,380,467,87,True
65,150,380,467,87,True
67,151,380,467,87,True
69,148,380,467,87,True
72,132,380,467,87,True
75,149,380,542,162,True
76,162,380,467,87,True
78,159,380,467,87,True
80,165,380,467,87,True
81,160,380,467,87,True
83,156,380,467,87,True
86,147,380,467,87,True
87,145,380,467,87,True
92,146,380,467,87,True
93,185,380,542,162,True
97,143,380,467,87,True
4,141,381,503,122,True
5,165,381,442,61,True
6,159,381,503,122,True
7,138,381,503,122,True
8,162,381,461,80,True
10,152,381,442,61,True
11,152,381,503,122,True
12,151,381,442,61,True
15,149,381,461,80,True
18,167,381,442,61,True
19,147,381,503,122,True
21,151,381,442,61,True
22,146,381,503,122,True
24,139,381,503,122,True
26,139,381,442,61,True
29,147,381,442,61,True
30,151,381,442,61,True
31,157,381,503,122,True
32,154,381,461,80,True
33,175,381,503,122,True
36,141,381,461,80,True
37,154,381,570,189,True
38,155,381,461,80,True
39,159,381,442,61,True
40,164,381,461,80,True
47,159,381,461,80,True
48,154,381,503,122,True
50,135,381,467,86,True
54,139,381,467,86,True
56,173,381,467,86,True
60,160,381,467,86,True
61,158,381,467,86,True
62,147,381,467,86,True
68,160,381,467,86,True
70,178,381,467,86,True
75,150,381,542,161,True
77,144,381,467,86,True
78,160,381,467,86,True
79,151,381,467,86,True
83,157,381,467,86,True
84,173,381,467,86,True
87,146,381,467,86,True
92,147,381,467,86,True
95,151,381,467,86,True
3,148,382,461,79,True
4,142,382,503,121,True
7,139,382,503,121,True
8,163,382,461,79,True
13,153,382,461,79,True
15,150,382,461,79,True
18,168,382,442,60,True
19,148,382,503,121,True
20,170,382,503,121,True
21,152,382,442,60,True
24,140,382,503,121,True
30,152,382,442,60,True
32,155,382,461,79,True
33,176,382,503,121,True
36,142,382,503,121,True
38,156,382,461,79,True
41,149,382,461,79,True
43,161,382,503,121,True
47,160,382,461,79,True
49,161,382,461,79,True
57,148,382,467,85,True
58,158,382,467,85,True
60,161,382,467,85,True
61,159,382,467,85,True
63,172,382,467,85,True
68,161,382,467,85,True
69,149,382,467,85,True
71,141,382,467,85,True
74,142,382,467,85,True
79,152,382,467,85,True
82,151,382,467,85,True
83,158,382,467,85,True
84,174,382,467,85,True
85,149,382,467,85,True
89,148,382,467,85,True
92,148,382,467,85,True
94,171,382,467,85,True
95,152,382,467,85,True
0,149,383,461,78,True
4,143,383,503,120,True
8,164,383,461,78,True
20,171,383,503,120,True
21,153,383,442,59,True
23,149,383,461,78,True
25,155,383,503,120,True
26,140,383,442,59,True
27,158,383,570,187,True
28,149,383,442,59,True
34,142,383,503,120,True
37,155,383,570,187,True
39,160,383,442,59,True
44,176,383,442,59,True
45,154,383,442,59,True
47,161,383,461,78,True
50,136,383,467,84,True
52,136,383,467,84,True
53,148,383,467,84,True
55,168,383,467,84,True
59,148,383,467,84,True
60,162,383,467,84,True
61,160,383,467,84,True
62,148,383,467,84,True
63,173,383,467,84,True
64,139,383,467,84,True
68,162,383,467,84,True
72,133,383,467,84,True
73,160,383,467,84,True
76,163,383,467,84,True
77,145,383,467,84,True
79,153,383,467,84,True
81,161,383,467,84,True
83,159,383,467,84,True
84,175,383,467,84,True
85,150,383,467,84,True
87,147,383,467,84,True
89,149,383,467,84,True
90,157,383,467,84,True
91,142,383,467,84,True
97,144,383,467,84,True
98,154,383,467,84,True
1,146,384,442,58,True
6,160,384,503,119,True
7,140,384,503,119,True
9,164,384,570,186,True
13,154,384,461,77,True
14,173,384,461,77,True
15,151,384,461,77,True
20,172,384,503,119,True
21,154,384,442,58,True
23,150,384,461,77,True
28,150,384,442,58,True
30,153,384,442,58,True
31,158,384,503,119,True
32,156,384,461,77,True
35,155,384,442,58,True
36,143,384,503,119,True
38,157,384,461,77,True
40,165,384,461,77,True
43,162,384,503,119,True
45,155,384,442,58,True
46,150,384,503,119,True
47,162,384,461,77,True
49,162,384,461,77,True
50,137,384,467,83,True
51,134,384,467,83,True
52,137,384,467,83,True
54,140,384,467,83,True
57,149,384,542,158,True
58,159,384,467,83,True
60,163,384,467,83,True
63,174,384,467,83,True
66,155,384,467,83,True
71,142,384,467,83,True
73,161,384,467,83,True
75,151,384,542,158,True
76,164,384,467,83,True
80,166,384,467,83,True
84,176,384,467,83,True
89,150,384,467,83,True
90,158,384,467,83,True
91,143,384,467,83,True
96,151,384,467,83,True
99,159,384,467,83,True
0,150,385,461,76,True
2,149,385,442,57,True
3,149,385,461,76,True
7,141,385,503,118,True
9,165,385,570,185,True
11,153,385,503,118,True
12,152,385,442,57,True
13,155,385,461,76,True
14,174,385,461,76,True
18,169,385,442,57,True
19,149,385,503,118,True
20,173,385,503,118,True
24,141,385,503,118,True
25,156,385,503,118,True
30,154,385,570,185,True
32,157,385,461,76,True
33,177,385,503,118,True
35,156,385,461,76,True
37,156,385,570,185,True
39,161,385,442,57,True
40,166,385,461,76,True
41,150,385,461,76,True
44,177,385,442,57,True
51,135,385,467,82,True
52,138,385,467,82,True
57,150,385,542,157,True
59,149,385,467,82,True
60,164,385,467,82,True
61,161,385,467,82,True
62,149,385,467,82,True
68,163,385,467,82,True
73,162,385,467,82,True
74,143,385,467,82,True
75,152,385,542,157,True
76,165,385,467,82,True
78,161,385,467,82,True
81,162,385,467,82,True
83,160,385,467,82,True
90,159,385,467,82,True
92,149,385,467,82,True
93,186,385,542,157,True
96,152,385,467,82,True
97,145,385,467,82,True
99,160,385,467,82,True
0,151,386,461,75,True
2,150,386,442,56,True
3,150,386,461,75,True
4,144,386,503,117,True
8,165,386,461,75,True
9,166,386,570,184,True
11,154,386,503,117,True
12,153,386,442,56,True
16,176,386,461,75,True
18,170,386,442,56,True
19,150,386,503,117,True
20,174,386,503,117,True
21,155,386,442,56,True
26,141,386,442,56,True
27,159,386,570,184,True
28,151,386,442,56,True
30,155,386,570,184,True
34,143,386,503,117,True
37,157,386,570,184,True
38,158,386,461,75,True
39,162,386,442,56,True
40,167,386,461,75,True
41,151,386,461,75,True
44,178,386,442,56,True
45,156,386,442,56,True
52,139,386,467,81,True
53,149,386,467,81,True
57,151,386,542,156,True
58,160,386,467,81,True
59,150,386,467,81,True
60,165,386,467,81,True
63,175,386,467,81,True
65,151,386,467,81,True
66,156,386,467,81,True
67,152,386,467,81,True
68,164,386,467,81,True
72,134,386,467,81,True
73,163,386,467,81,True
78,162,386,467,81,True
79,154,386,467,81,True
80,167,386,467,81,True
85,151,386,467,81,True
90,160,386,467,81,True
2,151,387,442,55,True
3,151,387,461,74,True
4,145,387,503,116,True
5,166,387,442,55,True
6,161,387,503,116,True
7,142,387,503,116,True
11,155,387,503,116,True
12,154,387,442,55,True
14,175,387,461,74,True
15,152,387,461,74,True
18,171,387,442,55,True
20,175,387,503,116,True
25,157,387,503,116,True
26,142,387,442,55,True
28,152,387,442,55,True
29,148,387,442,55,True
36,144,387,503,116,True
37,158,387,570,183,True
38,159,387,461,74,True
41,152,387,461,74,True
42,142,387,503,116,True
48,155,387,503,116,True
50,138,387,467,80,True
53,150,387,467,80,True
56,174,387,467,80,True
58,161,387,467,80,True
59,151,387,467,80,True
60,166,387,467,80,True
61,162,387,467,80,True
64,140,387,467,80,True
66,157,387,467,80,True
67,153,387,467,80,True
71,143,387,467,80,True
72,135,387,467,80,True
74,144,387,467,80,True
76,166,387,467,80,True
78,163,387,467,80,True
79,155,387,467,80,True
82,152,387,467,80,True
84,177,387,467,80,True
88,153,387,467,80,True
91,144,387,467,80,True
92,150,387,467,80,True
93,187,387,542,155,True
97,146,387,467,80,True
98,155,387,467,80,True
99,161,387,467,80,True
3,152,388,461,73,True
5,167,388,442,54,True
7,143,388,503,115,True
8,166,388,461,73,True
10,153,388,503,115,True
14,176,388,461,73,True
17,135,388,503,115,True
19,151,388,503,115,True
20,176,388,503,115,True
21,156,388,442,54,True
22,147,388,503,115,True
27,160,388,570,182,True
30,156,388,570,182,True
32,158,388,461,73,True
34,144,388,503,115,True
35,157,388,461,73,True
41,153,388,461,73,True
43,163,388,503,115,True
44,179,388,442,54,True
45,157,388,442,54,True
47,163,388,461,73,True
49,163,388,461,73,True
54,141,388,467,79,True
55,169,388,467,79,True
58,162,388,467,79,True
64,141,388,467,79,True
70,179,388,534,146,True
71,144,388,467,79,True
72,136,388,467,79,True
74,145,388,467,79,True
79,156,388,467,79,True
83,161,388,467,79,True
89,151,388,467,79,True
96,153,388,534,146,True
1,147,389,442,53,True
2,152,389,442,53,True
4,146,389,503,114,True
7,144,389,503,114,True
12,155,389,442,53,True
13,156,389,461,72,True
15,153,389,461,72,True
16,177,389,461,72,True
17,136,389,503,114,True
19,152,389,503,114,True
20,177,389,503,114,True
23,151,389,461,72,True
27,161,389,570,181,True
29,149,389,442,53,True
32,159,389,461,72,True
40,168,389,461,72,True
43,164,389,503,114,True
44,180,389,442,53,True
46,151,389,503,114,True
47,164,389,461,72,True
48,156,389,503,114,True
58,163,389,467,78,True
60,167,389,467,78,True
63,176,389,467,78,True
66,158,389,467,78,True
72,137,389,467,78,True
73,164,389,467,78,True
74,146,389,467,78,True
75,153,389,542,153,True
76,167,389,467,78,True
77,146,389,467,78,True
80,168,389,467,78,True
84,178,389,467,78,True
86,148,389,467,78,True
87,148,389,467,78,True
88,154,389,467,78,True
89,152,389,467,78,True
91,145,389,467,78,True
92,151,389,467,78,True
93,188,389,542,153,True
97,147,389,467,78,True
6,162,390,503,113,True
7,145,390,503,113,True
8,167,390,461,71,True
9,167,390,570,180,True
12,156,390,442,52,True
14,177,390,503,113,True
15,154,390,461,71,True
16,178,390,461,71,True
17,137,390,503,113,True
18,172,390,442,52,True
19,153,390,503,113,True
22,148,390,503,113,True
23,152,390,461,71,True
25,158,390,503,113,True
27,162,390,570,180,True
32,160,390,461,71,True
33,178,390,503,113,True
34,145,390,503,113,True
41,154,390,461,71,True
45,158,390,442,52,True
48,157,390,503,113,True
49,164,390,461,71,True
52,140,390,467,77,True
53,151,390,534,144,True
55,170,390,467,77,True
56,175,390,467,77,True
61,163,390,534,144,True
62,150,390,467,77,True
63,177,390,467,77,True
64,142,390,467,77,True
66,159,390,467,77,True
68,165,390,467,77,True
72,138,390,467,77,True
74,147,390,467,77,True
76,168,390,467,77,True
78,164,390,467,77,True
79,157,390,467,77,True
80,169,390,467,77,True
86,149,390,467,77,True
89,153,390,467,77,True
90,161,390,467,77,True
92,152,390,467,77,True
94,172,390,467,77,True
95,153,390,467,77,True
97,148,390,467,77,True
99,162,390,467,77,True
1,148,391,442,51,True
7,146,391,503,112,True
9,168,391,570,179,True
11,156,391,503,112,True
12,157,391,442,51,True
13,157,391,461,70,True
14,178,391,503,112,True
19,154,391,503,112,True
22,149,391,503,112,True
25,159,391,503,112,True
30,157,391,570,179,True
32,161,391,461,70,True
37,159,391,570,179,True
38,160,391,461,70,True
39,163,391,442,51,True
40,169,391,461,70,True
41,155,391,461,70,True
47,165,391,461,70,True
48,158,391,503,112,True
49,165,391,461,70,True
57,152,391,542,151,True
61,164,391,534,143,True
73,165,391,467,76,True
74,148,391,467,76,True
76,169,391,467,76,True
77,147,391,467,76,True
79,158,391,467,76,True
80,170,391,467,76,True
82,153,391,467,76,True
84,179,391,467,76,True
85,152,391,467,76,True
86,150,391,467,76,True
89,154,391,467,76,True
92,153,391,467,76,True
99,163,391,542,151,True
0,152,392,461,69,True
1,149,392,442,50,True
2,153,392,442,50,True
4,147,392,503,111,True
7,147,392,570,178,True
10,154,392,503,111,True
13,158,392,461,69,True
18,173,392,442,50,True
22,150,392,503,111,True
23,153,392,461,69,True
27,163,392,570,178,True
30,158,392,570,178,True
32,162,392,461,69,True
33,179,392,503,111,True
34,146,392,503,111,True
39,164,392,442,50,True
40,170,392,461,69,True
44,181,392,442,50,True
49,166,392,461,69,True
50,139,392,534,142,True
51,136,392,467,75,True
53,152,392,534,142,True
54,142,392,467,75,True
59,152,392,467,75,True
62,151,392,467,75,True
65,152,392,534,142,True
70,180,392,534,142,True
72,139,392,467,75,True
78,165,392,467,75,True
85,153,392,467,75,True
86,151,392,467,75,True
88,155,392,467,75,True
89,155,392,467,75,True
92,154,392,467,75,True
94,173,392,542,150,True
95,154,392,467,75,True
97,149,392,467,75,True
98,156,392,467,75,True
1,150,393,442,49,True
6,163,393,503,110,True
7,148,393,570,177,True
8,168,393,461,68,True
9,169,393,570,177,True
10,155,393,503,110,True
12,158,393,442,49,True
14,179,393,503,110,True
15,155,393,461,68,True
17,138,393,503,110,True
20,178,393,503,110,True
21,157,393,442,49,True
22,151,393,503,110,True
24,142,393,570,177,True
26,143,393,442,49,True
27,164,393,570,177,True
28,153,393,442,49,True
29,150,393,442,49,True
32,163,393,461,68,True
34,147,393,503,110,True
36,145,393,503,110,True
37,160,393,570,177,True
40,171,393,461,68,True
43,165,393,503,110,True
50,140,393,534,141,True
52,141,393,467,74,True
54,143,393,467,74,True
55,171,393,467,74,True
56,176,393,467,74,True
59,153,393,467,74,True
64,143,393,467,74,True
66,160,393,467,74,True
68,166,393,467,74,True
70,181,393,534,141,True
71,145,393,467,74,True
72,140,393,467,74,True
78,166,393,467,74,True
79,159,393,467,74,True
81,163,393,467,74,True
83,162,393,542,149,True
89,156,393,467,74,True
96,154,393,534,141,True
97,150,393,467,74,True
0,153,394,503,109,True
1,151,394,442,48,True
2,154,394,442,48,True
4,148,394,503,109,True
7,149,394,570,176,True
14,180,394,503,109,True
22,152,394,503,109,True
24,143,394,570,176,True
27,165,394,570,176,True
31,159,394,503,109,True
33,180,394,503,109,True
37,161,394,570,176,True
38,161,394,461,67,True
39,165,394,442,48,True
44,182,394,442,48,True
48,159,394,503,109,True
56,177,394,542,148,True
58,164,394,467,73,True
59,154,394,467,73,True
65,153,394,534,140,True
69,150,394,542,148,True
71,146,394,467,73,True
73,166,394,467,73,True
75,154,394,542,148,True
80,171,394,467,73,True
81,164,394,467,73,True
82,154,394,542,148,True
86,152,394,467,73,True
2,155,395,442,47,True
4,149,395,503,108,True
6,164,395,503,108,True
7,150,395,570,175,True
9,170,395,570,175,True
10,156,395,503,108,True
11,157,395,503,108,True
13,159,395,503,108,True
17,139,395,503,108,True
21,158,395,442,47,True
22,153,395,503,108,True
28,154,395,442,47,True
31,160,395,503,108,True
36,146,395,503,108,True
42,143,395,503,108,True
43,166,395,503,108,True
46,152,395,570,175,True
53,153,395,534,139,True
57,153,395,542,147,True
60,168,395,467,72,True
65,154,395,534,139,True
71,147,395,467,72,True
73,167,395,467,72,True
76,170,395,467,72,True
79,160,395,467,72,True
81,165,395,467,72,True
82,155,395,542,147,True
85,154,395,467,72,True
86,153,395,467,72,True
92,155,395,534,139,True
93,189,395,542,147,True
94,174,395,542,147,True
96,155,395,534,139,True
98,157,395,467,72,True
99,164,395,542,147,True
0,154,396,503,107,True
2,156,396,442,46,True
3,153,396,461,65,True
6,165,396,503,107,True
7,151,396,570,174,True
8,169,396,461,65,True
12,159,396,461,65,True
23,154,396,461,65,True
26,144,396,442,46,True
30,159,396,570,174,True
40,172,396,461,65,True
47,166,396,461,65,True
48,160,396,503,107,True
49,167,396,503,107,True
50,141,396,534,138,True
55,172,396,534,138,True
56,178,396,542,146,True
61,165,396,534,138,True
63,178,396,467,71,True
65,155,396,534,138,True
66,161,396,467,71,True
67,154,396,534,138,True
68,167,396,542,146,True
71,148,396,467,71,True
72,141,396,467,71,True
73,168,396,467,71,True
74,149,396,467,71,True
77,148,396,467,71,True
85,155,396,467,71,True
86,154,396,467,71,True
90,162,396,467,71,True
96,156,396,534,138,True
1,152,397,442,45,True
3,154,397,461,64,True
4,150,397,503,106,True
7,152,397,570,173,True
8,170,397,461,64,True
9,171,397,570,173,True
13,160,397,503,106,True
20,179,397,503,106,True
22,154,397,503,106,True
23,155,397,461,64,True
24,144,397,570,173,True
25,160,397,503,106,True
26,145,397,442,45,True
32,164,397,461,64,True
34,148,397,503,106,True
37,162,397,570,173,True
42,144,397,503,106,True
49,168,397,503,106,True
53,154,397,534,137,True
58,165,397,467,70,True
59,155,397,467,70,True
61,166,397,534,137,True
63,179,397,467,70,True
66,162,397,467,70,True
67,155,397,534,137,True
68,168,397,542,145,True
72,142,397,467,70,True
74,150,397,467,70,True
75,155,397,542,145,True
77,149,397,467,70,True
78,167,397,467,70,True
81,166,397,542,145,True
82,156,397,542,145,True
86,155,397,467,70,True
87,149,397,467,70,True
92,156,397,534,137,True
93,190,397,542,145,True
95,155,397,534,137,True
96,157,397,534,137,True
97,151,397,467,70,True
0,155,398,503,105,True
1,153,398,442,44,True
3,155,398,461,63,True
8,171,398,461,63,True
10,157,398,570,172,True
13,161,398,503,105,True
17,140,398,503,105,True
20,180,398,503,105,True
22,155,398,503,105,True
23,156,398,461,63,True
24,145,398,570,172,True
25,161,398,503,105,True
26,146,398,442,44,True
27,166,398,570,172,True
29,151,398,442,44,True
37,163,398,570,172,True
39,166,398,442,44,True
40,173,398,461,63,True
41,156,398,503,105,True
42,145,398,503,105,True
43,167,398,503,105,True
50,142,398,534,136,True
53,155,398,534,136,True
57,154,398,542,144,True
59,156,398,467,69,True
64,144,398,534,136,True
65,156,398,534,136,True
68,169,398,542,144,True
75,156,398,542,144,True
77,150,398,542,144,True
78,168,398,467,69,True
79,161,398,467,69,True
80,172,398,467,69,True
83,163,398,542,144,True
88,156,398,467,69,True
90,163,398,542,144,True
91,146,398,542,144,True
92,157,398,534,136,True
1,154,399,442,43,True
4,151,399,503,104,True
7,153,399,570,171,True
10,158,399,570,171,True
12,160,399,461,62,True
17,141,399,503,104,True
19,155,399,503,104,True
22,156,399,503,104,True
23,157,399,461,62,True
24,146,399,570,171,True
25,162,399,503,104,True
29,152,399,442,43,True
31,161,399,503,104,True
32,165,399,461,62,True
33,181,399,503,104,True
34,149,399,570,171,True
39,167,399,442,43,True
43,168,399,503,104,True
44,183,399,442,43,True
49,169,399,503,104,True
50,143,399,534,135,True
51,137,399,467,68,True
52,142,399,467,68,True
54,144,399,467,68,True
56,179,399,542,143,True
61,167,399,534,135,True
62,152,399,467,68,True
66,163,399,467,68,True
70,182,399,534,135,True
76,171,399,542,143,True
78,169,399,467,68,True
80,173,399,467,68,True
82,157,399,542,143,True
83,164,399,542,143,True
90,164,399,542,143,True
92,158,399,534,135,True
97,152,399,467,68,True
99,165,399,542,143,True
0,156,400,503,103,True
3,156,400,461,61,True
4,152,400,503,103,True
5,168,400,442,42,True
6,166,400,503,103,True
8,172,400,503,103,True
10,159,400,570,170,True
11,158,400,570,170,True
12,161,400,461,61,True
15,156,400,503,103,True
16,179,400,503,103,True
17,142,400,503,103,True
21,159,400,461,61,True
22,157,400,503,103,True
23,158,400,461,61,True
25,163,400,503,103,True
26,147,400,442,42,True
27,167,400,570,170,True
35,158,400,461,61,True
36,147,400,503,103,True
39,168,400,442,42,True
46,153,400,570,170,True
53,156,400,534,134,True
58,166,400,467,67,True
59,157,400,467,67,True
65,157,400,534,134,True
67,156,400,534,134,True
68,170,400,542,142,True
73,169,400,467,67,True
76,172,400,542,142,True
80,174,400,467,67,True
81,167,400,542,142,True
82,158,400,542,142,True
84,180,400,467,67,True
85,156,400,467,67,True
87,150,400,467,67,True
88,157,400,467,67,True
89,157,400,534,134,True
90,165,400,542,142,True
91,147,400,542,142,True
92,159,400,534,134,True
99,166,400,542,142,True
2,157,401,442,41,True
4,153,401,503,102,True
6,167,401,503,102,True
7,154,401,570,169,True
11,159,401,570,169,True
16,180,401,503,102,True
17,143,401,503,102,True
18,174,401,442,41,True
26,148,401,442,41,True
27,168,401,570,169,True
31,162,401,503,102,True
34,150,401,570,169,True
38,162,401,503,102,True
41,157,401,503,102,True
43,169,401,503,102,True
47,167,401,461,60,True
48,161,401,503,102,True
51,138,401,467,66,True
55,173,401,534,133,True
57,155,401,542,141,True
58,167,401,467,66,True
65,158,401,534,133,True
68,171,401,542,141,True
70,183,401,534,133,True
74,151,401,534,133,True
75,157,401,542,141,True
77,151,401,542,141,True
81,168,401,542,141,True
82,159,401,542,141,True
83,165,401,542,141,True
85,157,401,467,66,True
86,156,401,542,141,True
90,166,401,542,141,True
92,160,401,534,133,True
94,175,401,542,141,True
98,158,401,467,66,True
99,167,401,542,141,True
3,157,402,461,59,True
9,172,402,570,168,True
10,160,402,570,168,True
11,160,402,570,168,True
12,162,402,461,59,True
14,181,402,503,101,True
15,157,402,503,101,True
21,160,402,461,59,True
22,158,402,503,101,True
27,169,402,570,168,True
29,153,402,570,168,True
32,166,402,461,59,True
33,182,402,570,168,True
34,151,402,570,168,True
36,148,402,503,101,True
38,163,402,503,101,True
41,158,402,503,101,True
43,170,402,503,101,True
47,168,402,503,101,True
53,157,402,534,132,True
56,180,402,542,140,True
57,156,402,542,140,True
62,153,402,467,65,True
66,164,402,467,65,True
75,158,402,542,140,True
79,162,402,542,140,True
85,158,402,467,65,True
88,158,402,467,65,True
90,167,402,542,140,True
91,148,402,542,140,True
94,176,402,542,140,True
95,156,402,534,132,True
99,168,402,542,140,True
6,168,403,570,167,True
7,155,403,570,167,True
9,173,403,570,167,True
12,163,403,461,58,True
16,181,403,503,100,True
17,144,403,570,167,True
18,175,403,570,167,True
22,159,403,503,100,True
23,159,403,461,58,True
24,147,403,570,167,True
29,154,403,570,167,True
30,160,403,570,167,True
32,167,403,461,58,True
35,159,403,461,58,True
36,149,403,503,100,True
38,164,403,503,100,True
40,174,403,503,100,True
43,171,403,570,167,True
44,184,403,442,39,True
45,159,403,461,58,True
49,170,403,503,100,True
57,157,403,542,139,True
64,145,403,534,131,True
68,172,403,542,139,True
70,184,403,534,131,True
74,152,403,534,131,True
75,159,403,542,139,True
76,173,403,542,139,True
77,152,403,542,139,True
79,163,403,542,139,True
82,160,403,542,139,True
85,159,403,467,64,True
90,168,403,542,139,True
95,157,403,534,131,True
96,158,403,534,131,True
97,153,403,467,64,True
99,169,403,542,139,True
0,157,404,503,99,True
6,169,404,570,166,True
7,156,404,570,166,True
8,173,404,503,99,True
9,174,404,570,166,True
12,164,404,461,57,True
15,158,404,503,99,True
17,145,404,570,166,True
23,160,404,461,57,True
24,148,404,570,166,True
27,170,404,570,166,True
28,155,404,442,38,True
29,155,404,570,166,True
30,161,404,570,166,True
31,163,404,570,166,True
35,160,404,461,57,True
36,150,404,503,99,True
40,175,404,503,99,True
41,159,404,503,99,True
42,146,404,503,99,True
44,185,404,442,38,True
46,154,404,570,166,True
49,171,404,503,99,True
53,158,404,534,130,True
56,181,404,542,138,True
58,168,404,467,63,True
61,168,404,534,130,True
63,180,404,467,63,True
64,146,404,534,130,True
65,159,404,534,130,True
68,173,404,542,138,True
72,143,404,542,138,True
76,174,404,542,138,True
80,175,404,467,63,True
82,161,404,542,138,True
90,169,404,542,138,True
91,149,404,542,138,True
93,191,404,542,138,True
95,158,404,534,130,True
98,159,404,467,63,True
0,158,405,503,98,True
1,155,405,442,37,True
2,158,405,442,37,True
6,170,405,570,165,True
10,161,405,570,165,True
15,159,405,503,98,True
16,182,405,503,98,True
21,161,405,461,56,True
23,161,405,461,56,True
24,149,405,570,165,True
25,164,405,570,165,True
32,168,405,461,56,True
35,161,405,461,56,True
39,169,405,570,165,True
41,160,405,503,98,True
42,147,405,503,98,True
44,186,405,442,37,True
47,169,405,503,98,True
50,144,405,534,129,True
53,159,405,534,129,True
57,158,405,542,137,True
58,169,405,467,62,True
59,158,405,542,137,True
70,185,405,534,129,True
71,149,405,542,137,True
77,153,405,542,137,True
80,176,405,467,62,True
81,169,405,542,137,True
83,166,405,542,137,True
86,157,405,542,137,True
90,170,405,542,137,True
92,161,405,534,129,True
94,177,405,542,137,True
96,159,405,534,129,True
5,169,406,442,36,True
8,174,406,503,97,True
9,175,406,570,164,True
11,161,406,570,164,True
12,165,406,461,55,True
15,160,406,503,97,True
16,183,406,503,97,True
17,146,406,570,164,True
20,181,406,503,97,True
23,162,406,461,55,True
24,150,406,570,164,True
27,171,406,570,164,True
31,164,406,570,164,True
33,183,406,570,164,True
37,164,406,570,164,True
40,176,406,503,97,True
43,172,406,570,164,True
45,160,406,461,55,True
49,172,406,503,97,True
50,145,406,534,128,True
52,143,406,467,61,True
55,174,406,534,128,True
56,182,406,542,136,True
59,159,406,542,136,True
61,169,406,534,128,True
63,181,406,467,61,True
64,147,406,534,128,True
65,160,406,534,128,True
70,186,406,534,128,True
72,144,406,542,136,True
73,170,406,467,61,True
74,153,406,534,128,True
75,160,406,542,136,True
76,175,406,542,136,True
77,154,406,542,136,True
78,170,406,534,128,True
79,164,406,542,136,True
80,177,406,467,61,True
83,167,406,542,136,True
84,181,406,467,61,True
88,159,406,467,61,True
89,158,406,534,128,True
92,162,406,534,128,True
96,160,406,534,128,True
97,154,406,467,61,True
99,170,406,542,136,True
2,159,407,570,163,True
3,158,407,461,54,True
7,157,407,570,163,True
9,176,407,570,163,True
12,166,407,461,54,True
17,147,407,570,163,True
18,176,407,570,163,True
21,162,407,461,54,True
22,160,407,570,163,True
24,151,407,570,163,True
26,149,407,442,35,True
30,162,407,570,163,True
34,152,407,570,163,True
38,165,407,503,96,True
40,177,407,503,96,True
44,187,407,442,35,True
47,170,407,503,96,True
48,162,407,503,96,True
50,146,407,534,127,True
51,139,407,467,60,True
52,144,407,467,60,True
53,160,407,534,127,True
56,183,407,542,135,True
57,159,407,542,135,True
58,170,407,467,60,True
59,160,407,542,135,True
60,169,407,534,127,True
63,182,407,467,60,True
65,161,407,534,127,True
66,165,407,467,60,True
67,157,407,534,127,True
70,187,407,534,127,True
72,145,407,542,135,True
73,171,407,467,60,True
78,171,407,534,127,True
84,182,407,467,60,True
87,151,407,542,135,True
88,160,407,542,135,True
89,159,407,534,127,True
90,171,407,542,135,True
93,192,407,542,135,True
94,178,407,542,135,True
97,155,407,467,60,True
99,171,407,542,135,True
3,159,408,461,53,True
9,177,408,570,162,True
10,162,408,570,162,True
12,167,408,461,53,True
13,162,408,503,95,True
18,177,408,570,162,True
19,156,408,570,162,True
20,182,408,503,95,True
21,163,408,461,53,True
22,161,408,570,162,True
23,163,408,503,95,True
26,150,408,442,34,True
27,172,408,570,162,True
28,156,408,570,162,True
29,156,408,570,162,True
30,163,408,570,162,True
32,169,408,503,95,True
33,184,408,570,162,True
34,153,408,570,162,True
35,162,408,503,95,True
36,151,408,503,95,True
38,166,408,503,95,True
41,161,408,503,95,True
48,163,408,503,95,True
51,140,408,467,59,True
52,145,408,467,59,True
53,161,408,534,126,True
55,175,408,534,126,True
56,184,408,542,134,True
58,171,408,467,59,True
61,170,408,534,126,True
63,183,408,534,126,True
68,174,408,542,134,True
71,150,408,542,134,True
72,146,408,542,134,True
73,172,408,467,59,True
75,161,408,542,134,True
76,176,408,542,134,True
78,172,408,534,126,True
79,165,408,542,134,True
81,170,408,542,134,True
83,168,408,542,134,True
88,161,408,542,134,True
89,160,408,534,126,True
93,193,408,542,134,True
94,179,408,542,134,True
96,161,408,534,126,True
1,156,409,570,161,True
3,160,409,461,52,True
7,158,409,570,161,True
8,175,409,503,94,True
9,178,409,570,161,True
13,163,409,503,94,True
17,148,409,570,161,True
18,178,409,570,161,True
27,173,409,570,161,True
29,157,409,570,161,True
33,185,409,570,161,True
36,152,409,503,94,True
42,148,409,503,94,True
44,188,409,442,33,True
46,155,409,570,161,True
47,171,409,503,94,True
56,185,409,542,133,True
61,171,409,534,125,True
62,154,409,467,58,True
68,175,409,542,133,True
70,188,409,534,125,True
74,154,409,534,125,True
78,173,409,534,125,True
80,178,409,467,58,True
81,171,409,542,133,True
84,183,409,467,58,True
85,160,409,534,125,True
87,152,409,542,133,True
89,161,409,534,125,True
92,163,409,534,125,True
4,154,410,570,160,True
9,179,410,570,160,True
12,168,410,503,93,True
15,161,410,503,93,True
19,157,410,570,160,True
22,162,410,570,160,True
23,164,410,503,93,True
27,174,410,570,160,True
31,165,410,570,160,True
37,165,410,570,160,True
40,178,410,503,93,True
41,162,410,570,160,True
44,189,410,442,32,True
46,156,410,570,160,True
50,147,410,534,124,True
55,176,410,534,124,True
58,172,410,467,57,True
59,161,410,542,132,True
64,148,410,534,124,True
66,166,410,467,57,True
68,176,410,542,132,True
69,151,410,542,132,True
70,189,410,534,124,True
71,151,410,542,132,True
72,147,410,542,132,True
75,162,410,570,160,True
76,177,410,542,132,True
77,155,410,542,132,True
80,179,410,467,57,True
82,162,410,542,132,True
84,184,410,467,57,True
85,161,410,534,124,True
89,162,410,534,124,True
93,194,410,542,132,True
95,159,410,534,124,True
99,172,410,542,132,True
0,159,411,503,92,True
14,182,411,570,159,True
15,162,411,503,92,True
16,184,411,503,92,True
19,158,411,570,159,True
21,164,411,461,50,True
22,163,411,570,159,True
27,175,411,570,159,True
32,170,411,503,92,True
36,153,411,503,92,True
37,166,411,570,159,True
41,163,411,570,159,True
43,173,411,570,159,True
44,190,411,570,159,True
49,173,411,503,92,True
52,146,411,467,56,True
54,145,411,467,56,True
55,177,411,534,123,True
56,186,411,542,131,True
57,160,411,542,131,True
61,172,411,534,123,True
62,155,411,467,56,True
63,184,411,534,123,True
66,167,411,467,56,True
68,177,411,542,131,True
69,152,411,542,131,True
80,180,411,467,56,True
81,172,411,542,131,True
82,163,411,542,131,True
85,162,411,534,123,True
86,158,411,542,131,True
87,153,411,542,131,True
88,162,411,542,131,True
89,163,411,534,123,True
98,160,411,534,123,True
1,157,412,570,158,True
2,160,412,570,158,True
3,161,412,503,91,True
12,169,412,503,91,True
15,163,412,570,158,True
18,179,412,570,158,True
23,165,412,503,91,True
25,165,412,570,158,True
33,186,412,570,158,True
34,154,412,570,158,True
38,167,412,503,91,True
40,179,412,503,91,True
42,149,412,570,158,True
43,174,412,570,158,True
45,161,412,503,91,True
47,172,412,570,158,True
48,164,412,503,91,True
53,162,412,534,122,True
55,178,412,534,122,True
57,161,412,542,130,True
59,162,412,542,130,True
61,173,412,534,122,True
63,185,412,534,122,True
64,149,412,534,122,True
65,162,412,534,122,True
66,168,412,467,55,True
72,148,412,542,130,True
73,173,412,467,55,True
75,163,412,570,158,True
80,181,412,467,55,True
81,173,412,542,130,True
82,164,412,542,130,True
85,163,412,534,122,True
87,154,412,542,130,True
88,163,412,542,130,True
90,172,412,542,130,True
91,150,412,542,130,True
94,180,412,542,130,True
97,156,412,542,130,True
2,161,413,570,157,True
4,155,413,570,157,True
5,170,413,570,157,True
8,176,413,570,157,True
10,163,413,570,157,True
11,162,413,570,157,True
15,164,413,570,157,True
16,185,413,503,90,True
17,149,413,570,157,True
20,183,413,570,157,True
22,164,413,570,157,True
23,166,413,503,90,True
24,152,413,570,157,True
29,158,413,570,157,True
33,187,413,570,157,True
34,155,413,570,157,True
35,163,413,503,90,True
36,154,413,503,90,True
37,167,413,570,157,True
40,180,413,503,90,True
46,157,413,570,157,True
47,173,413,570,157,True
48,165,413,570,157,True
49,174,413,570,157,True
50,148,413,534,121,True
53,163,413,534,121,True
56,187,413,542,129,True
57,162,413,542,129,True
58,173,413,534,121,True
61,174,413,534,121,True
62,156,413,467,54,True
65,163,413,534,121,True
67,158,413,542,129,True
68,178,413,542,129,True
69,153,413,542,129,True
71,152,413,542,129,True
78,174,413,534,121,True
80,182,413,467,54,True
81,174,413,542,129,True
86,159,413,542,129,True
89,164,413,534,121,True
90,173,413,542,129,True
93,195,413,542,129,True
0,160,414,503,89,True
3,162,414,503,89,True
8,177,414,570,156,True
9,180,414,570,156,True
12,170,414,503,89,True
13,164,414,570,156,True
14,183,414,570,156,True
20,184,414,570,156,True
21,165,414,503,89,True
22,165,414,570,156,True
25,166,414,570,156,True
29,159,414,570,156,True
31,166,414,570,156,True
33,188,414,570,156,True
35,164,414,503,89,True
36,155,414,570,156,True
40,181,414,503,89,True
41,164,414,570,156,True
44,191,414,570,156,True
46,158,414,570,156,True
47,174,414,570,156,True
52,147,414,467,53,True
53,164,414,534,120,True
56,188,414,542,128,True
58,174,414,534,120,True
60,170,414,534,120,True
63,186,414,542,128,True
64,150,414,534,120,True
65,164,414,534,120,True
70,190,414,534,120,True
72,149,414,542,128,True
74,155,414,534,120,True
75,164,414,570,156,True
76,178,414,542,128,True
77,156,414,570,156,True
78,175,414,534,120,True
79,166,414,542,128,True
85,164,414,534,120,True
89,165,414,570,156,True
92,164,414,534,120,True
98,161,414,534,120,True
0,161,415,503,88,True
2,162,415,570,155,True
4,156,415,570,155,True
9,181,415,570,155,True
13,165,415,570,155,True
16,186,415,503,88,True
21,166,415,503,88,True
24,153,415,570,155,True
25,167,415,570,155,True
28,157,415,570,155,True
29,160,415,570,155,True
34,156,415,570,155,True
35,165,415,503,88,True
37,168,415,570,155,True
39,170,415,570,155,True
40,182,415,503,88,True
44,192,415,570,155,True
47,175,415,570,155,True
51,141,415,534,119,True
52,148,415,467,52,True
54,146,415,534,119,True
55,179,415,534,119,True
56,189,415,542,127,True
58,175,415,534,119,True
59,163,415,542,127,True
60,171,415,534,119,True
61,175,415,534,119,True
68,179,415,542,127,True
72,150,415,542,127,True
74,156,415,534,119,True
77,157,415,570,155,True
80,183,415,534,119,True
86,160,415,542,127,True
94,181,415,542,127,True
95,160,415,534,119,True
96,162,415,534,119,True
99,173,415,542,127,True
0,162,416,570,154,True
2,163,416,570,154,True
4,157,416,570,154,True
5,171,416,570,154,True
8,178,416,570,154,True
9,182,416,570,154,True
14,184,416,570,154,True
19,159,416,570,154,True
20,185,416,570,154,True
21,167,416,503,87,True
22,166,416,570,154,True
23,167,416,503,87,True
24,154,416,570,154,True
25,168,416,570,154,True
26,151,416,570,154,True
29,161,416,570,154,True
30,164,416,570,154,True
32,171,416,570,154,True
33,189,416,570,154,True
34,157,416,570,154,True
36,156,416,570,154,True
37,169,416,570,154,True
38,168,416,503,87,True
45,162,416,503,87,True
48,166,416,570,154,True
49,175,416,570,154,True
52,149,416,467,51,True
53,165,416,534,118,True
60,172,416,534,118,True
61,176,416,534,118,True
64,151,416,534,118,True
65,165,416,534,118,True
70,191,416,534,118,True
88,164,416,542,126,True
89,166,416,570,154,True
90,174,416,542,126,True
91,151,416,542,126,True
92,165,416,534,118,True
93,196,416,570,154,True
94,182,416,542,126,True
96,163,416,534,118,True
0,163,417,570,153,True
4,158,417,570,153,True
6,171,417,570,153,True
10,164,417,570,153,True
17,150,417,570,153,True
18,180,417,570,153,True
21,168,417,503,86,True
24,155,417,570,153,True
26,152,417,570,153,True
30,165,417,570,153,True
39,171,417,570,153,True
44,193,417,570,153,True
50,149,417,534,117,True
56,190,417,542,125,True
57,163,417,542,125,True
64,152,417,534,117,True
68,180,417,542,125,True
74,157,417,534,117,True
77,158,417,570,153,True
79,167,417,542,125,True
80,184,417,534,117,True
82,165,417,542,125,True
83,169,417,542,125,True
87,155,417,542,125,True
88,165,417,542,125,True
89,167,417,570,153,True
90,175,417,542,125,True
95,161,417,542,125,True
98,162,417,534,117,True
0,164,418,570,152,True
1,158,418,570,152,True
3,163,418,503,85,True
6,172,418,570,152,True
15,165,418,570,152,True
16,187,418,503,85,True
17,151,418,570,152,True
18,181,418,570,152,True
19,160,418,570,152,True
21,169,418,503,85,True
25,169,418,570,152,True
26,153,418,570,152,True
27,176,418,570,152,True
32,172,418,570,152,True
35,166,418,570,152,True
38,169,418,503,85,True
39,172,418,570,152,True
40,183,418,570,152,True
41,165,418,570,152,True
43,175,418,570,152,True
48,167,418,570,152,True
49,176,418,570,152,True
51,142,418,534,116,True
53,166,418,542,124,True
54,147,418,534,116,True
58,176,418,534,116,True
65,166,418,534,116,True
66,169,418,534,116,True
69,154,418,542,124,True
70,192,418,534,116,True
71,153,418,542,124,True
73,174,418,534,116,True
74,158,418,534,116,True
75,165,418,570,152,True
77,159,418,570,152,True
80,185,418,534,116,True
83,170,418,542,124,True
84,185,418,467,49,True
86,161,418,542,124,True
87,156,418,542,124,True
92,166,418,534,116,True
94,183,418,542,124,True
97,157,418,542,124,True
2,164,419,570,151,True
3,164,419,503,84,True
4,159,419,570,151,True
6,173,419,570,151,True
8,179,419,570,151,True
11,163,419,570,151,True
13,166,419,570,151,True
17,152,419,570,151,True
23,168,419,570,151,True
24,156,419,570,151,True
26,154,419,570,151,True
28,158,419,570,151,True
29,162,419,570,151,True
30,166,419,570,151,True
31,167,419,570,151,True
32,173,419,570,151,True
33,190,419,570,151,True
34,158,419,570,151,True
37,170,419,570,151,True
38,170,419,503,84,True
39,173,419,570,151,True
40,184,419,570,151,True
41,166,419,570,151,True
42,150,419,570,151,True
43,176,419,570,151,True
45,163,419,570,151,True
52,150,419,467,48,True
53,167,419,542,123,True
54,148,419,534,115,True
56,191,419,542,123,True
57,164,419,542,123,True
58,177,419,534,115,True
63,187,419,542,123,True
64,153,419,534,115,True
67,159,419,542,123,True
69,155,419,542,123,True
72,151,419,542,123,True
73,175,419,534,115,True
76,179,419,570,151,True
77,160,419,570,151,True
79,168,419,542,123,True
82,166,419,542,123,True
83,171,419,542,123,True
84,186,419,467,48,True
86,162,419,542,123,True
95,162,419,542,123,True
97,158,419,542,123,True
99,174,419,542,123,True
0,165,420,570,150,True
2,165,420,570,150,True
3,165,420,503,83,True
6,174,420,570,150,True
9,183,420,570,150,True
11,164,420,570,150,True
12,171,420,503,83,True
13,167,420,570,150,True
18,182,420,570,150,True
20,186,420,570,150,True
21,170,420,503,83,True
23,169,420,570,150,True
25,170,420,570,150,True
26,155,420,570,150,True
27,177,420,570,150,True
28,159,420,570,150,True
31,168,420,570,150,True
34,159,420,570,150,True
37,171,420,570,150,True
38,171,420,570,150,True
39,174,420,570,150,True
41,167,420,570,150,True
43,177,420,570,150,True
44,194,420,570,150,True
45,164,420,570,150,True
47,176,420,570,150,True
50,150,420,534,114,True
51,143,420,534,114,True
52,151,420,467,47,True
53,168,420,542,122,True
56,192,420,542,122,True
59,164,420,542,122,True
62,157,420,467,47,True
63,188,420,542,122,True
64,154,420,534,114,True
68,181,420,542,122,True
73,176,420,534,114,True
76,180,420,570,150,True
78,176,420,534,114,True
82,167,420,542,122,True
84,187,420,467,47,True
85,165,420,534,114,True
88,166,420,542,122,True
89,168,420,570,150,True
91,152,420,542,122,True
96,164,420,570,150,True
99,175,420,542,122,True
1,159,421,570,149,True
2,166,421,570,149,True
6,175,421,570,149,True
7,159,421,570,149,True
12,172,421,503,82,True
22,167,421,570,149,True
23,170,421,570,149,True
24,157,421,570,149,True
26,156,421,570,149,True
27,178,421,570,149,True
29,163,421,570,149,True
34,160,421,570,149,True
35,167,421,570,149,True
55,180,421,534,113,True
57,165,421,542,121,True
58,178,421,542,121,True
62,158,421,467,46,True
65,167,421,534,113,True
67,160,421,542,121,True
73,177,421,534,113,True
78,177,421,534,113,True
79,169,421,542,121,True
86,163,421,542,121,True
87,157,421,542,121,True
94,184,421,542,121,True
99,176,421,542,121,True
0,166,422,570,148,True
1,160,422,570,148,True
2,167,422,570,148,True
7,160,422,570,148,True
8,180,422,570,148,True
9,184,422,570,148,True
11,165,422,570,148,True
13,168,422,570,148,True
16,188,422,570,148,True
17,153,422,570,148,True
19,161,422,570,148,True
20,187,422,570,148,True
22,168,422,570,148,True
31,169,422,570,148,True
33,191,422,570,148,True
36,157,422,570,148,True
45,165,422,570,148,True
47,177,422,570,148,True
50,151,422,534,112,True
51,144,422,534,112,True
53,169,422,542,120,True
54,149,422,534,112,True
56,193,422,542,120,True
61,177,422,534,112,True
62,159,422,467,45,True
63,189,422,542,120,True
64,155,422,534,112,True
66,170,422,534,112,True
72,152,422,542,120,True
80,186,422,534,112,True
81,175,422,542,120,True
86,164,422,542,120,True
87,158,422,542,120,True
88,167,422,542,120,True
90,176,422,542,120,True
91,153,422,542,120,True
92,167,422,542,120,True
98,163,422,534,112,True
4,160,423,570,147,True
8,181,423,570,147,True
12,173,423,503,80,True
14,185,423,570,147,True
15,166,423,570,147,True
16,189,423,570,147,True
17,154,423,570,147,True
20,188,423,570,147,True
27,179,423,570,147,True
28,160,423,570,147,True
29,164,423,570,147,True
30,167,423,570,147,True
31,170,423,570,147,True
32,174,423,570,147,True
34,161,423,570,147,True
41,168,423,570,147,True
42,151,423,570,147,True
53,170,423,542,119,True
56,194,423,542,119,True
59,165,423,542,119,True
61,178,423,534,111,True
62,160,423,467,44,True
63,190,423,542,119,True
71,154,423,542,119,True
73,178,423,534,111,True
76,181,423,570,147,True
80,187,423,534,111,True
82,168,423,542,119,True
83,172,423,542,119,True
87,159,423,570,147,True
88,168,423,542,119,True
92,168,423,542,119,True
94,185,423,542,119,True
0,167,424,570,146,True
1,161,424,570,146,True
8,182,424,570,146,True
14,186,424,570,146,True
15,167,424,570,146,True
17,155,424,570,146,True
18,183,424,570,146,True
21,171,424,503,79,True
25,171,424,570,146,True
28,161,424,570,146,True
30,168,424,570,146,True
32,175,424,570,146,True
33,192,424,570,146,True
36,158,424,570,146,True
38,172,424,570,146,True
44,195,424,570,146,True
51,145,424,534,110,True
54,150,424,534,110,True
55,181,424,534,110,True
66,171,424,534,110,True
70,193,424,534,110,True
81,176,424,570,146,True
82,169,424,542,118,True
84,188,424,534,110,True
86,165,424,542,118,True
90,177,424,542,118,True
91,154,424,542,118,True
93,197,424,570,146,True
94,186,424,542,118,True
95,163,424,542,118,True
96,165,424,570,146,True
98,164,424,534,110,True
99,177,424,542,118,True
1,162,425,570,145,True
6,176,425,570,145,True
8,183,425,570,145,True
11,166,425,570,145,True
13,169,425,570,145,True
14,187,425,570,145,True
18,184,425,570,145,True
23,171,425,570,145,True
24,158,425,570,145,True
25,172,425,570,145,True
33,193,425,570,145,True
35,168,425,570,145,True
36,159,425,570,145,True
38,173,425,570,145,True
41,169,425,570,145,True
42,152,425,570,145,True
44,196,425,570,145,True
45,166,425,570,145,True
46,159,425,570,145,True
51,146,425,534,109,True
53,171,425,542,117,True
62,161,425,467,42,True
63,191,425,570,145,True
64,156,425,534,109,True
65,168,425,534,109,True
67,161,425,570,145,True
68,182,425,542,117,True
70,194,425,542,117,True
73,179,425,534,109,True
76,182,425,570,145,True
77,161,425,570,145,True
78,178,425,534,109,True
79,170,425,542,117,True
85,166,425,534,109,True
86,166,425,542,117,True
88,169,425,542,117,True
92,169,425,570,145,True
94,187,425,542,117,True
95,164,425,542,117,True
97,159,425,542,117,True
98,165,425,534,109,True
0,168,426,570,144,True
1,163,426,570,144,True
2,168,426,570,144,True
4,161,426,570,144,True
8,184,426,570,144,True
9,185,426,570,144,True
17,156,426,570,144,True
18,185,426,570,144,True
19,162,426,570,144,True
20,189,426,570,144,True
27,180,426,570,144,True
28,162,426,570,144,True
30,169,426,570,144,True
32,176,426,570,144,True
33,194,426,570,144,True
41,170,426,570,144,True
42,153,426,570,144,True
44,197,426,570,144,True
46,160,426,570,144,True
47,178,426,570,144,True
48,168,426,570,144,True
49,177,426,570,144,True
53,172,426,542,116,True
55,182,426,534,108,True
56,195,426,570,144,True
59,166,426,542,116,True
60,173,426,534,108,True
61,179,426,534,108,True
62,162,426,467,41,True
64,157,426,534,108,True
66,172,426,534,108,True
68,183,426,542,116,True
71,155,426,542,116,True
72,153,426,542,116,True
73,180,426,534,108,True
75,166,426,570,144,True
80,188,426,534,108,True
82,170,426,542,116,True
83,173,426,542,116,True
84,189,426,534,108,True
87,160,426,570,144,True
89,169,426,570,144,True
90,178,426,542,116,True
91,155,426,542,116,True
93,198,426,570,144,True
95,165,426,542,116,True
2,169,427,570,143,True
4,162,427,570,143,True
5,172,427,570,143,True
11,167,427,570,143,True
18,186,427,570,143,True
19,163,427,570,143,True
21,172,427,534,107,True
23,172,427,570,143,True
27,181,427,570,143,True
28,163,427,570,143,True
29,165,427,570,143,True
31,171,427,570,143,True
32,177,427,570,143,True
35,169,427,570,143,True
37,172,427,570,143,True
38,174,427,570,143,True
42,154,427,570,143,True
43,178,427,570,143,True
45,167,427,570,143,True
46,161,427,570,143,True
47,179,427,570,143,True
48,169,427,570,143,True
49,178,427,570,143,True
50,152,427,542,115,True
52,152,427,534,107,True
53,173,427,542,115,True
55,183,427,534,107,True
56,196,427,570,143,True
57,166,427,570,143,True
58,179,427,542,115,True
59,167,427,542,115,True
62,163,427,534,107,True
63,192,427,570,143,True
64,158,427,534,107,True
65,169,427,534,107,True
67,162,427,570,143,True
68,184,427,542,115,True
72,154,427,542,115,True
73,181,427,534,107,True
74,159,427,542,115,True
76,183,427,570,143,True
79,171,427,542,115,True
82,171,427,542,115,True
84,190,427,534,107,True
87,161,427,570,143,True
91,156,427,542,115,True
92,170,427,570,143,True
96,166,427,570,143,True
98,166,427,534,107,True
0,169,428,570,142,True
3,166,428,570,142,True
4,163,428,570,142,True
5,173,428,570,142,True
6,177,428,570,142,True
8,185,428,570,142,True
10,165,428,570,142,True
11,168,428,570,142,True
12,174,428,503,75,True
13,170,428,570,142,True
15,168,428,570,142,True
17,157,428,570,142,True
20,190,428,570,142,True
21,173,428,534,106,True
26,157,428,570,142,True
28,164,428,570,142,True
29,166,428,570,142,True
30,170,428,570,142,True
31,172,428,570,142,True
33,195,428,570,142,True
38,175,428,570,142,True
39,175,428,570,142,True
41,171,428,570,142,True
43,179,428,570,142,True
44,198,428,570,142,True
45,168,428,570,142,True
47,180,428,570,142,True
49,179,428,570,142,True
55,184,428,534,106,True
58,180,428,542,114,True
60,174,428,534,106,True
64,159,428,534,106,True
65,170,428,534,106,True
68,185,428,542,114,True
72,155,428,542,114,True
74,160,428,542,114,True
75,167,428,570,142,True
77,162,428,570,142,True
82,172,428,542,114,True
85,167,428,534,106,True
86,167,428,542,114,True
94,188,428,542,114,True
98,167,428,534,106,True
0,170,429,570,141,True
6,178,429,570,141,True
9,186,429,570,141,True
17,158,429,570,141,True
19,164,429,570,141,True
22,169,429,570,141,True
23,173,429,570,141,True
24,159,429,570,141,True
27,182,429,570,141,True
30,171,429,570,141,True
32,178,429,570,141,True
38,176,429,570,141,True
39,176,429,570,141,True
43,180,429,570,141,True
44,199,429,570,141,True
45,169,429,570,141,True
49,180,429,570,141,True
52,153,429,534,105,True
55,185,429,534,105,True
63,193,429,570,141,True
67,163,429,570,141,True
68,186,429,542,113,True
73,182,429,534,105,True
74,161,429,542,113,True
81,177,429,570,141,True
85,168,429,534,105,True
88,170,429,542,113,True
91,157,429,570,141,True
92,171,429,570,141,True
93,199,429,570,141,True
95,166,429,570,141,True
3,167,430,570,140,True
5,174,430,570,140,True
9,187,430,570,140,True
13,171,430,570,140,True
14,188,430,570,140,True
17,159,430,570,140,True
19,165,430,570,140,True
20,191,430,570,140,True
21,174,430,534,104,True
26,158,430,570,140,True
30,172,430,570,140,True
33,196,430,570,140,True
35,170,430,570,140,True
37,173,430,570,140,True
38,177,430,570,140,True
39,177,430,570,140,True
40,185,430,570,140,True
41,172,430,570,140,True
42,155,430,570,140,True
44,200,430,570,140,True
51,147,430,534,104,True
52,154,430,534,104,True
53,174,430,570,140,True
58,181,430,542,112,True
60,175,430,534,104,True
62,164,430,534,104,True
64,160,430,534,104,True
65,171,430,570,140,True
67,164,430,570,140,True
68,187,430,542,112,True
70,195,430,542,112,True
71,156,430,570,140,True
72,156,430,542,112,True
73,183,430,534,104,True
74,162,430,570,140,True
76,184,430,570,140,True
77,163,430,570,140,True
81,178,430,570,140,True
87,162,430,570,140,True
88,171,430,542,112,True
89,170,430,570,140,True
90,179,430,542,112,True
91,158,430,570,140,True
92,172,430,570,140,True
96,167,430,570,140,True
97,160,430,542,112,True
2,170,431,570,139,True
3,168,431,570,139,True
8,186,431,570,139,True
9,188,431,570,139,True
15,169,431,570,139,True
19,166,431,570,139,True
20,192,431,570,139,True
21,175,431,534,103,True
23,174,431,570,139,True
27,183,431,570,139,True
29,167,431,570,139,True
30,173,431,570,139,True
34,162,431,570,139,True
35,171,431,570,139,True
38,178,431,570,139,True
39,178,431,570,139,True
43,181,431,570,139,True
46,162,431,570,139,True
49,181,431,570,139,True
50,153,431,570,139,True
54,151,431,542,111,True
56,197,431,570,139,True
61,180,431,570,139,True
62,165,431,534,103,True
63,194,431,570,139,True
68,188,431,542,111,True
69,156,431,542,111,True
73,184,431,534,103,True
75,168,431,570,139,True
76,185,431,570,139,True
77,164,431,570,139,True
79,172,431,542,111,True
81,179,431,570,139,True
84,191,431,534,103,True
85,169,431,534,103,True
86,168,431,570,139,True
87,163,431,570,139,True
92,173,431,570,139,True
94,189,431,542,111,True
96,168,431,570,139,True
98,168,431,542,111,True
0,171,432,570,138,True
5,175,432,570,138,True
9,189,432,570,138,True
13,172,432,570,138,True
14,189,432,570,138,True
20,193,432,570,138,True
25,173,432,570,138,True
26,159,432,570,138,True
27,184,432,570,138,True
28,165,432,570,138,True
29,168,432,570,138,True
33,197,432,570,138,True
34,163,432,570,138,True
35,172,432,570,138,True
36,160,432,570,138,True
39,179,432,570,138,True
40,186,432,570,138,True
44,201,432,570,138,True
49,182,432,570,138,True
51,148,432,534,102,True
52,155,432,534,102,True
53,175,432,570,138,True
56,198,432,570,138,True
59,168,432,542,110,True
61,181,432,570,138,True
64,161,432,534,102,True
65,172,432,570,138,True
66,173,432,534,102,True
68,189,432,542,110,True
69,157,432,542,110,True
72,157,432,570,138,True
73,185,432,534,102,True
74,163,432,570,138,True
78,179,432,542,110,True
80,189,432,534,102,True
85,170,432,534,102,True
86,169,432,570,138,True
90,180,432,542,110,True
91,159,432,570,138,True
92,174,432,570,138,True
94,190,432,542,110,True
99,178,432,542,110,True
0,172,433,570,137,True
2,171,433,570,137,True
3,169,433,570,137,True
6,179,433,570,137,True
9,190,433,570,137,True
12,175,433,503,70,True
16,190,433,570,137,True
19,167,433,570,137,True
25,174,433,570,137,True
27,185,433,570,137,True
29,169,433,570,137,True
30,174,433,570,137,True
32,179,433,570,137,True
33,198,433,570,137,True
36,161,433,570,137,True
40,187,433,570,137,True
42,156,433,570,137,True
46,163,433,570,137,True
48,170,433,570,137,True
49,183,433,570,137,True
50,154,433,570,137,True
56,199,433,570,137,True
62,166,433,534,101,True
66,174,433,534,101,True
67,165,433,570,137,True
68,190,433,542,109,True
69,158,433,542,109,True
70,196,433,542,109,True
72,158,433,570,137,True
73,186,433,534,101,True
74,164,433,570,137,True
82,173,433,542,109,True
83,174,433,542,109,True
85,171,433,534,101,True
88,172,433,542,109,True
89,171,433,570,137,True
95,167,433,570,137,True
97,161,433,542,109,True
0,173,434,570,136,True
3,170,434,570,136,True
4,164,434,570,136,True
8,187,434,570,136,True
10,166,434,570,136,True
12,176,434,570,136,True
16,191,434,570,136,True
22,170,434,570,136,True
26,160,434,570,136,True
27,186,434,570,136,True
29,170,434,570,136,True
45,170,434,570,136,True
46,164,434,570,136,True
49,184,434,570,136,True
50,155,434,570,136,True
53,176,434,570,136,True
54,152,434,542,108,True
55,186,434,542,108,True
56,200,434,570,136,True
61,182,434,570,136,True
62,167,434,534,100,True
68,191,434,542,108,True
69,159,434,542,108,True
70,197,434,542,108,True
74,165,434,570,136,True
76,186,434,570,136,True
78,180,434,542,108,True
79,173,434,542,108,True
81,180,434,570,136,True
83,175,434,542,108,True
84,192,434,534,100,True
86,170,434,570,136,True
89,172,434,570,136,True
90,181,434,542,108,True
91,160,434,570,136,True
93,200,434,570,136,True
95,168,434,570,136,True
96,169,434,570,136,True
0,174,435,570,135,True
4,165,435,570,135,True
5,176,435,570,135,True
6,180,435,570,135,True
10,167,435,570,135,True
13,173,435,570,135,True
16,192,435,570,135,True
17,160,435,570,135,True
18,187,435,570,135,True
21,176,435,570,135,True
23,175,435,570,135,True
28,166,435,570,135,True
32,180,435,570,135,True
33,199,435,570,135,True
35,173,435,570,135,True
36,162,435,570,135,True
37,174,435,570,135,True
38,179,435,570,135,True
39,180,435,570,135,True
46,165,435,570,135,True
48,171,435,570,135,True
49,185,435,570,135,True
51,149,435,534,99,True
52,156,435,534,99,True
57,167,435,570,135,True
62,168,435,534,99,True
63,195,435,570,135,True
64,162,435,542,107,True
65,173,435,570,135,True
67,166,435,570,135,True
73,187,435,534,99,True
77,165,435,570,135,True
79,174,435,542,107,True
82,174,435,542,107,True
88,173,435,542,107,True
90,182,435,542,107,True
91,161,435,570,135,True
92,175,435,570,135,True
95,169,435,570,135,True
0,175,436,570,134,True
4,166,436,570,134,True
5,177,436,570,134,True
6,181,436,570,134,True
12,177,436,570,134,True
13,174,436,570,134,True
14,190,436,570,134,True
16,193,436,570,134,True
17,161,436,570,134,True
18,188,436,570,134,True
19,168,436,570,134,True
22,171,436,570,134,True
25,175,436,570,134,True
26,161,436,570,134,True
27,187,436,570,134,True
28,167,436,570,134,True
31,173,436,570,134,True
33,200,436,570,134,True
35,174,436,570,134,True
37,175,436,570,134,True
43,182,436,570,134,True
46,166,436,570,134,True
51,150,436,534,98,True
53,177,436,570,134,True
57,168,436,570,134,True
60,176,436,542,106,True
64,163,436,542,106,True
67,167,436,570,134,True
68,192,436,542,106,True
71,157,436,570,134,True
72,159,436,570,134,True
73,188,436,534,98,True
76,187,436,570,134,True
77,166,436,570,134,True
82,175,436,542,106,True
90,183,436,542,106,True
93,201,436,570,134,True
94,191,436,542,106,True
95,170,436,570,134,True
99,179,436,542,106,True
0,176,437,570,133,True
4,167,437,570,133,True
6,182,437,570,133,True
8,188,437,570,133,True
9,191,437,570,133,True
11,169,437,570,133,True
24,160,437,570,133,True
26,162,437,570,133,True
28,168,437,570,133,True
29,171,437,570,133,True
30,175,437,570,133,True
31,174,437,570,133,True
32,181,437,570,133,True
37,176,437,570,133,True
38,180,437,570,133,True
42,157,437,570,133,True
44,202,437,570,133,True
48,172,437,570,133,True
53,178,437,570,133,True
54,153,437,542,105,True
55,187,437,570,133,True
59,169,437,542,105,True
62,169,437,534,97,True
66,175,437,534,97,True
67,168,437,570,133,True
68,193,437,542,105,True
72,160,437,570,133,True
74,166,437,570,133,True
75,169,437,570,133,True
76,188,437,570,133,True
77,167,437,570,133,True
82,176,437,542,105,True
83,176,437,542,105,True
84,193,437,534,97,True
86,171,437,570,133,True
88,174,437,570,133,True
94,192,437,542,105,True
99,180,437,542,105,True
1,164,438,570,132,True
2,172,438,570,132,True
3,171,438,570,132,True
4,168,438,570,132,True
7,161,438,570,132,True
9,192,438,570,132,True
10,168,438,570,132,True
13,175,438,570,132,True
15,170,438,570,132,True
20,194,438,570,132,True
23,176,438,570,132,True
24,161,438,570,132,True
25,176,438,570,132,True
26,163,438,570,132,True
27,188,438,570,132,True
29,172,438,570,132,True
31,175,438,570,132,True
32,182,438,570,132,True
33,201,438,570,132,True
35,175,438,570,132,True
36,163,438,570,132,True
37,177,438,570,132,True
38,181,438,570,132,True
39,181,438,570,132,True
41,173,438,570,132,True
42,158,438,570,132,True
45,171,438,570,132,True
48,173,438,570,132,True
50,156,438,570,132,True
52,157,438,534,96,True
55,188,438,570,132,True
57,169,438,570,132,True
58,182,438,542,104,True
59,170,438,542,104,True
61,183,438,570,132,True
62,170,438,534,96,True
66,176,438,534,96,True
69,160,438,542,104,True
71,158,438,570,132,True
74,167,438,570,132,True
76,189,438,570,132,True
79,175,438,542,104,True
83,177,438,542,104,True
89,173,438,570,132,True
93,202,438,570,132,True
96,170,438,570,132,True
0,177,439,570,131,True
1,165,439,570,131,True
3,172,439,570,131,True
4,169,439,570,131,True
13,176,439,570,131,True
14,191,439,570,131,True
16,194,439,570,131,True
17,162,439,570,131,True
18,189,439,570,131,True
20,195,439,570,131,True
21,177,439,570,131,True
26,164,439,570,131,True
28,169,439,570,131,True
33,202,439,570,131,True
35,176,439,570,131,True
36,164,439,570,131,True
37,178,439,570,131,True
40,188,439,570,131,True
50,157,439,570,131,True
51,151,439,542,103,True
54,154,439,542,103,True
58,183,439,542,103,True
60,177,439,542,103,True
61,184,439,570,131,True
63,196,439,570,131,True
65,174,439,570,131,True
72,161,439,570,131,True
74,168,439,570,131,True
75,170,439,570,131,True
78,181,439,542,103,True
79,176,439,542,103,True
81,181,439,570,131,True
82,177,439,542,103,True
83,178,439,542,103,True
84,194,439,534,95,True
86,172,439,570,131,True
87,164,439,570,131,True
88,175,439,570,131,True
89,174,439,570,131,True
95,171,439,570,131,True
97,162,439,542,103,True
98,169,439,542,103,True
1,166,440,570,130,True
2,173,440,570,130,True
5,178,440,570,130,True
6,183,440,570,130,True
9,193,440,570,130,True
13,177,440,570,130,True
14,192,440,570,130,True
19,169,440,570,130,True
21,178,440,570,130,True
23,177,440,570,130,True
27,189,440,570,130,True
29,173,440,570,130,True
31,176,440,570,130,True
32,183,440,570,130,True
38,182,440,570,130,True
40,189,440,570,130,True
41,174,440,570,130,True
42,159,440,570,130,True
46,167,440,570,130,True
48,174,440,570,130,True
50,158,440,570,130,True
51,152,440,542,102,True
52,158,440,534,94,True
53,179,440,570,130,True
58,184,440,542,102,True
59,171,440,542,102,True
62,171,440,534,94,True
63,197,440,570,130,True
65,175,440,570,130,True
66,177,440,534,94,True
71,159,440,570,130,True
72,162,440,570,130,True
73,189,440,534,94,True
76,190,440,570,130,True
77,168,440,570,130,True
78,182,440,542,102,True
79,177,440,542,102,True
81,182,440,570,130,True
83,179,440,542,102,True
84,195,440,534,94,True
87,165,440,570,130,True
89,175,440,570,130,True
90,184,440,542,102,True
92,176,440,570,130,True
93,203,440,570,130,True
95,172,440,570,130,True
96,171,440,570,130,True
97,163,440,542,102,True
4,170,441,570,129,True
7,162,441,570,129,True
8,189,441,570,129,True
9,194,441,570,129,True
10,169,441,570,129,True
12,178,441,570,129,True
13,178,441,570,129,True
17,163,441,570,129,True
19,170,441,570,129,True
21,179,441,570,129,True
22,172,441,570,129,True
23,178,441,570,129,True
24,162,441,570,129,True
25,177,441,570,129,True
29,174,441,570,129,True
31,177,441,570,129,True
32,184,441,570,129,True
35,177,441,570,129,True
36,165,441,570,129,True
37,179,441,570,129,True
38,183,441,570,129,True
39,182,441,570,129,True
41,175,441,570,129,True
43,183,441,570,129,True
48,175,441,570,129,True
49,186,441,570,129,True
53,180,441,570,129,True
60,178,441,542,101,True
61,185,441,570,129,True
63,198,441,570,129,True
65,176,441,570,129,True
66,178,441,534,93,True
72,163,441,570,129,True
74,169,441,570,129,True
75,171,441,570,129,True
76,191,441,570,129,True
78,183,441,570,129,True
80,190,441,542,101,True
81,183,441,570,129,True
82,178,441,542,101,True
86,173,441,570,129,True
92,177,441,570,129,True
93,204,441,570,129,True
94,193,441,570,129,True
0,178,442,570,128,True
1,167,442,570,128,True
3,173,442,570,128,True
6,184,442,570,128,True
7,163,442,570,128,True
11,170,442,570,128,True
12,179,442,570,128,True
16,195,442,570,128,True
18,190,442,570,128,True
19,171,442,570,128,True
27,190,442,570,128,True
29,175,442,570,128,True
30,176,442,570,128,True
34,164,442,570,128,True
37,180,442,570,128,True
42,160,442,570,128,True
51,153,442,542,100,True
54,155,442,542,100,True
57,170,442,570,128,True
59,172,442,542,100,True
61,186,442,570,128,True
64,164,442,542,100,True
65,177,442,570,128,True
73,190,442,534,92,True
74,170,442,570,128,True
75,172,442,570,128,True
76,192,442,570,128,True
80,191,442,542,100,True
84,196,442,534,92,True
86,174,442,570,128,True
91,162,442,570,128,True
93,205,442,570,128,True
95,173,442,570,128,True
97,164,442,570,128,True
4,171,443,570,127,True
6,185,443,570,127,True
7,164,443,570,127,True
9,195,443,570,127,True
12,180,443,570,127,True
17,164,443,570,127,True
22,173,443,570,127,True
23,179,443,570,127,True
24,163,443,570,127,True
26,165,443,570,127,True
29,176,443,570,127,True
30,177,443,570,127,True
33,203,443,570,127,True
36,166,443,570,127,True
39,183,443,570,127,True
40,190,443,570,127,True
42,161,443,570,127,True
43,184,443,570,127,True
45,172,443,570,127,True
47,181,443,570,127,True
49,187,443,570,127,True
50,159,443,570,127,True
52,159,443,534,91,True
55,189,443,570,127,True
56,201,443,570,127,True
59,173,443,542,99,True
61,187,443,570,127,True
65,178,443,570,127,True
68,194,443,542,99,True
70,198,443,542,99,True
74,171,443,570,127,True
76,193,443,570,127,True
80,192,443,542,99,True
81,184,443,570,127,True
82,179,443,542,99,True
83,180,443,542,99,True
84,197,443,534,91,True
87,166,443,570,127,True
88,176,443,570,127,True
89,176,443,570,127,True
93,206,443,570,127,True
96,172,443,570,127,True
99,181,443,542,99,True
3,174,444,570,126,True
4,172,444,570,126,True
7,165,444,570,126,True
8,190,444,570,126,True
10,170,444,570,126,True
16,196,444,570,126,True
17,165,444,570,126,True
20,196,444,570,126,True
21,180,444,570,126,True
23,180,444,570,126,True
25,178,444,570,126,True
26,166,444,570,126,True
28,170,444,570,126,True
29,177,444,570,126,True
31,178,444,570,126,True
35,178,444,570,126,True
36,167,444,570,126,True
37,181,444,570,126,True
38,184,444,570,126,True
39,184,444,570,126,True
40,191,444,570,126,True
46,168,444,570,126,True
47,182,444,570,126,True
48,176,444,570,126,True
49,188,444,570,126,True
50,160,444,570,126,True
51,154,444,542,98,True
54,156,444,570,126,True
57,171,444,570,126,True
58,185,444,542,98,True
59,174,444,542,98,True
61,188,444,570,126,True
65,179,444,570,126,True
68,195,444,542,98,True
70,199,444,542,98,True
74,172,444,570,126,True
78,184,444,570,126,True
79,178,444,542,98,True
82,180,444,542,98,True
83,181,444,542,98,True
85,172,444,542,98,True
87,167,444,570,126,True
96,173,444,570,126,True
97,165,444,570,126,True
99,182,444,542,98,True
0,179,445,570,125,True
6,186,445,570,125,True
7,166,445,570,125,True
8,191,445,570,125,True
11,171,445,570,125,True
14,193,445,570,125,True
17,166,445,570,125,True
18,191,445,570,125,True
19,172,445,570,125,True
21,181,445,570,125,True
24,164,445,570,125,True
25,179,445,570,125,True
29,178,445,570,125,True
30,178,445,570,125,True
31,179,445,570,125,True
32,185,445,570,125,True
33,204,445,570,125,True
40,192,445,570,125,True
50,161,445,570,125,True
55,190,445,570,125,True
60,179,445,570,125,True
66,179,445,534,89,True
67,169,445,570,125,True
72,164,445,570,125,True
74,173,445,570,125,True
78,185,445,570,125,True
80,193,445,542,97,True
82,181,445,570,125,True
83,182,445,542,97,True
86,175,445,570,125,True
87,168,445,570,125,True
88,177,445,570,125,True
95,174,445,570,125,True
96,174,445,570,125,True
98,170,445,542,97,True
0,180,446,570,124,True
4,173,446,570,124,True
9,196,446,570,124,True
10,171,446,570,124,True
11,172,446,570,124,True
13,179,446,570,124,True
15,171,446,570,124,True
16,197,446,570,124,True
20,197,446,570,124,True
22,174,446,570,124,True
23,181,446,570,124,True
24,165,446,570,124,True
25,180,446,570,124,True
27,191,446,570,124,True
28,171,446,570,124,True
29,179,446,570,124,True
30,179,446,570,124,True
32,186,446,570,124,True
33,205,446,570,124,True
34,165,446,570,124,True
35,179,446,570,124,True
37,182,446,570,124,True
41,176,446,570,124,True
43,185,446,570,124,True
44,203,446,570,124,True
48,177,446,570,124,True
53,181,446,570,124,True
54,157,446,570,124,True
56,202,446,570,124,True
57,172,446,570,124,True
58,186,446,542,96,True
62,172,446,534,88,True
63,199,446,570,124,True
66,180,446,534,88,True
67,170,446,570,124,True
70,200,446,542,96,True
72,165,446,570,124,True
76,194,446,570,124,True
82,182,446,570,124,True
84,198,446,534,88,True
85,173,446,542,96,True
88,178,446,570,124,True
89,177,446,570,124,True
91,163,446,570,124,True
92,178,446,570,124,True
96,175,446,570,124,True
97,166,446,570,124,True
99,183,446,542,96,True
4,174,447,570,123,True
5,179,447,570,123,True
6,187,447,570,123,True
7,167,447,570,123,True
8,192,447,570,123,True
18,192,447,570,123,True
20,198,447,570,123,True
21,182,447,570,123,True
23,182,447,570,123,True
26,167,447,570,123,True
27,192,447,570,123,True
28,172,447,570,123,True
31,180,447,570,123,True
34,166,447,570,123,True
36,168,447,570,123,True
42,162,447,570,123,True
46,169,447,570,123,True
47,183,447,570,123,True
51,155,447,542,95,True
53,182,447,570,123,True
56,203,447,570,123,True
57,173,447,570,123,True
58,187,447,542,95,True
60,180,447,570,123,True
62,173,447,534,87,True
68,196,447,542,95,True
70,201,447,542,95,True
73,191,447,534,87,True
77,169,447,570,123,True
79,179,447,542,95,True
80,194,447,542,95,True
81,185,447,570,123,True
84,199,447,534,87,True
90,185,447,542,95,True
94,194,447,570,123,True
2,174,448,570,122,True
5,180,448,570,122,True
8,193,448,570,122,True
9,197,448,570,122,True
10,172,448,570,122,True
11,173,448,570,122,True
12,181,448,570,122,True
13,180,448,570,122,True
15,172,448,570,122,True
16,198,448,570,122,True
18,193,448,570,122,True
22,175,448,570,122,True
24,166,448,570,122,True
25,181,448,570,122,True
30,180,448,570,122,True
32,187,448,570,122,True
33,206,448,570,122,True
36,169,448,570,122,True
37,183,448,570,122,True
41,177,448,570,122,True
42,163,448,570,122,True
44,204,448,570,122,True
46,170,448,570,122,True
49,189,448,570,122,True
52,160,448,534,86,True
53,183,448,570,122,True
54,158,448,570,122,True
57,174,448,570,122,True
58,188,448,542,94,True
60,181,448,570,122,True
63,200,448,570,122,True
64,165,448,570,122,True
65,180,448,570,122,True
66,181,448,534,86,True
68,197,448,542,94,True
69,161,448,542,94,True
75,173,448,570,122,True
77,170,448,570,122,True
78,186,448,570,122,True
79,180,448,542,94,True
81,186,448,570,122,True
83,183,448,542,94,True
84,200,448,534,86,True
88,179,448,570,122,True
91,164,448,570,122,True
94,195,448,570,122,True
97,167,448,570,122,True
3,175,449,570,121,True
11,174,449,570,121,True
12,182,449,570,121,True
13,181,449,570,121,True
14,194,449,570,121,True
15,173,449,570,121,True
20,199,449,570,121,True
23,183,449,570,121,True
24,167,449,570,121,True
26,168,449,570,121,True
27,193,449,570,121,True
30,181,449,570,121,True
33,207,449,570,121,True
36,170,449,570,121,True
38,185,449,570,121,True
39,185,449,570,121,True
40,193,449,570,121,True
45,173,449,570,121,True
50,162,449,570,121,True
53,184,449,570,121,True
55,191,449,570,121,True
56,204,449,570,121,True
59,175,449,542,93,True
60,182,449,570,121,True
62,174,449,534,85,True
65,181,449,570,121,True
69,162,449,570,121,True
75,174,449,570,121,True
79,181,449,542,93,True
81,187,449,570,121,True
84,201,449,534,85,True
85,174,449,542,93,True
91,165,449,570,121,True
92,179,449,570,121,True
94,196,449,570,121,True
95,175,449,570,121,True
97,168,449,570,121,True
98,171,449,542,93,True
99,184,449,542,93,True
0,181,450,570,120,True
3,176,450,570,120,True
5,181,450,570,120,True
7,168,450,570,120,True
10,173,450,570,120,True
19,173,450,570,120,True
21,183,450,570,120,True
22,176,450,570,120,True
25,182,450,570,120,True
38,186,450,570,120,True
39,186,450,570,120,True
41,178,450,570,120,True
43,186,450,570,120,True
44,205,450,570,120,True
51,156,450,542,92,True
53,185,450,570,120,True
55,192,450,570,120,True
59,176,450,542,92,True
62,175,450,534,84,True
65,182,450,570,120,True
66,182,450,570,120,True
69,163,450,570,120,True
71,160,450,570,120,True
72,166,450,570,120,True
73,192,450,534,84,True
75,175,450,570,120,True
76,195,450,570,120,True
77,171,450,570,120,True
78,187,450,570,120,True
81,188,450,570,120,True
82,183,450,570,120,True
83,184,450,542,92,True
84,202,450,534,84,True
85,175,450,570,120,True
87,169,450,570,120,True
91,166,450,570,120,True
95,176,450,570,120,True
99,185,450,542,92,True
2,175,451,570,119,True
3,177,451,570,119,True
4,175,451,570,119,True
6,188,451,570,119,True
17,167,451,570,119,True
21,184,451,570,119,True
23,184,451,570,119,True
25,183,451,570,119,True
26,169,451,570,119,True
29,180,451,570,119,True
30,182,451,570,119,True
34,167,451,570,119,True
41,179,451,570,119,True
43,187,451,570,119,True
48,178,451,570,119,True
55,193,451,570,119,True
56,205,451,570,119,True
60,183,451,570,119,True
61,189,451,570,119,True
73,193,451,534,83,True
75,176,451,570,119,True
76,196,451,570,119,True
77,172,451,570,119,True
81,189,451,570,119,True
90,186,451,542,91,True
92,180,451,570,119,True
93,207,451,570,119,True
94,197,451,570,119,True
96,176,451,570,119,True
1,168,452,570,118,True
8,194,452,570,118,True
9,198,452,570,118,True
11,175,452,570,118,True
12,183,452,570,118,True
14,195,452,570,118,True
15,174,452,570,118,True
16,199,452,570,118,True
18,194,452,570,118,True
21,185,452,570,118,True
22,177,452,570,118,True
23,185,452,570,118,True
26,170,452,570,118,True
27,194,452,570,118,True
28,173,452,570,118,True
29,181,452,570,118,True
30,183,452,570,118,True
38,187,452,570,118,True
40,194,452,570,118,True
43,188,452,570,118,True
44,206,452,570,118,True
47,184,452,570,118,True
48,179,452,570,118,True
49,190,452,570,118,True
51,157,452,542,90,True
53,186,452,570,118,True
54,159,452,570,118,True
56,206,452,570,118,True
60,184,452,570,118,True
64,166,452,570,118,True
65,183,452,570,118,True
67,171,452,570,118,True
68,198,452,570,118,True
69,164,452,570,118,True
70,202,452,542,90,True
76,197,452,570,118,True
77,173,452,570,118,True
78,188,452,570,118,True
80,195,452,542,90,True
85,176,452,570,118,True
87,170,452,570,118,True
88,180,452,570,118,True
89,178,452,570,118,True
90,187,452,542,90,True
92,181,452,570,118,True
94,198,452,570,118,True
99,186,452,542,90,True
5,182,453,570,117,True
6,189,453,570,117,True
7,169,453,570,117,True
11,176,453,570,117,True
12,184,453,570,117,True
13,182,453,570,117,True
16,200,453,570,117,True
18,195,453,570,117,True
20,200,453,570,117,True
22,178,453,570,117,True
26,171,453,570,117,True
28,174,453,570,117,True
31,181,453,570,117,True
32,188,453,570,117,True
34,168,453,570,117,True
36,171,453,570,117,True
43,189,453,570,117,True
48,180,453,570,117,True
50,163,453,570,117,True
51,158,453,542,89,True
58,189,453,542,89,True
60,185,453,570,117,True
61,190,453,570,117,True
66,183,453,570,117,True
75,177,453,570,117,True
78,189,453,570,117,True
81,190,453,570,117,True
82,184,453,570,117,True
83,185,453,542,89,True
85,177,453,570,117,True
90,188,453,542,89,True
91,167,453,570,117,True
92,182,453,570,117,True
94,199,453,650,197,True
96,177,453,570,117,True
97,169,453,570,117,True
98,172,453,570,117,True
99,187,453,542,89,True
0,182,454,570,116,True
5,183,454,570,116,True
6,190,454,570,116,True
11,177,454,570,116,True
12,185,454,570,116,True
13,183,454,570,116,True
16,201,454,570,116,True
17,168,454,570,116,True
22,179,454,570,116,True
23,186,454,570,116,True
24,168,454,570,116,True
27,195,454,570,116,True
28,175,454,570,116,True
29,182,454,570,116,True
31,182,454,570,116,True
34,169,454,570,116,True
36,172,454,570,116,True
43,190,454,570,116,True
48,181,454,570,116,True
53,187,454,570,116,True
55,194,454,570,116,True
56,207,454,570,116,True
57,175,454,570,116,True
66,184,454,570,116,True
68,199,454,570,116,True
69,165,454,570,116,True
70,203,454,570,116,True
80,196,454,542,88,True
84,203,454,542,88,True
89,179,454,570,116,True
90,189,454,542,88,True
91,168,454,570,116,True
92,183,454,570,116,True
97,170,454,570,116,True
98,173,454,570,116,True
1,169,455,570,115,True
4,176,455,570,115,True
5,184,455,570,115,True
6,191,455,570,115,True
7,170,455,570,115,True
8,195,455,570,115,True
11,178,455,570,115,True
12,186,455,570,115,True
15,175,455,570,115,True
17,169,455,570,115,True
19,174,455,570,115,True
21,186,455,570,115,True
23,187,455,570,115,True
24,169,455,570,115,True
25,184,455,570,115,True
29,183,455,570,115,True
37,184,455,570,115,True
39,187,455,570,115,True
41,180,455,570,115,True
42,164,455,570,115,True
43,191,455,570,115,True
44,207,455,570,115,True
45,174,455,570,115,True
47,185,455,570,115,True
48,182,455,570,115,True
49,191,455,570,115,True
51,159,455,542,87,True
55,195,455,570,115,True
59,177,455,542,87,True
60,186,455,570,115,True
62,176,455,534,79,True
67,172,455,570,115,True
69,166,455,570,115,True
78,190,455,570,115,True
81,191,455,570,115,True
82,185,455,570,115,True
87,171,455,570,115,True
88,181,455,570,115,True
93,208,455,570,115,True
94,200,455,650,195,True
97,171,455,570,115,True
99,188,455,542,87,True
0,183,456,570,114,True
3,178,456,570,114,True
5,185,456,570,114,True
7,171,456,570,114,True
9,199,456,570,114,True
13,184,456,570,114,True
15,176,456,570,114,True
16,202,456,570,114,True
17,170,456,570,114,True
20,201,456,570,114,True
28,176,456,570,114,True
32,189,456,570,114,True
33,208,456,696,240,True
36,173,456,570,114,True
38,188,456,570,114,True
41,181,456,570,114,True
43,192,456,570,114,True
48,183,456,570,114,True
49,192,456,570,114,True
55,196,456,570,114,True
56,208,456,570,114,True
57,176,456,650,194,True
62,177,456,534,78,True
63,201,456,570,114,True
66,185,456,570,114,True
76,198,456,570,114,True
79,182,456,570,114,True
81,192,456,570,114,True
82,186,456,570,114,True
87,172,456,570,114,True
93,209,456,570,114,True
94,201,456,650,194,True
99,189,456,542,86,True
2,176,457,570,113,True
3,179,457,570,113,True
5,186,457,570,113,True
6,192,457,570,113,True
7,172,457,570,113,True
10,174,457,570,113,True
12,187,457,570,113,True
14,196,457,570,113,True
17,171,457,570,113,True
18,196,457,570,113,True
20,202,457,570,113,True
26,172,457,570,113,True
28,177,457,570,113,True
30,184,457,570,113,True
36,174,457,570,113,True
40,195,457,570,113,True
41,182,457,570,113,True
43,193,457,570,113,True
46,171,457,570,113,True
47,186,457,570,113,True
48,184,457,570,113,True
49,193,457,570,113,True
53,188,457,570,113,True
54,160,457,570,113,True
56,209,457,570,113,True
57,177,457,650,193,True
59,178,457,542,85,True
60,187,457,570,113,True
65,184,457,570,113,True
66,186,457,570,113,True
67,173,457,570,113,True
68,200,457,570,113,True
69,167,457,570,113,True
70,204,457,570,113,True
75,178,457,650,193,True
76,199,457,570,113,True
82,187,457,570,113,True
83,186,457,542,85,True
85,178,457,570,113,True
87,173,457,570,113,True
88,182,457,570,113,True
89,180,457,570,113,True
90,190,457,542,85,True
92,184,457,570,113,True
95,177,457,570,113,True
99,190,457,542,85,True
6,193,458,570,112,True
10,175,458,570,112,True
14,197,458,570,112,True
16,203,458,570,112,True
17,172,458,570,112,True
18,197,458,570,112,True
21,187,458,570,112,True
25,185,458,570,112,True
27,196,458,570,112,True
32,190,458,570,112,True
34,170,458,570,112,True
36,175,458,570,112,True
44,208,458,570,112,True
47,187,458,570,112,True
49,194,458,570,112,True
54,161,458,570,112,True
55,197,458,570,112,True
56,210,458,570,112,True
57,178,458,650,192,True
58,190,458,570,112,True
60,188,458,570,112,True
62,178,458,534,76,True
63,202,458,570,112,True
64,167,458,570,112,True
67,174,458,570,112,True
69,168,458,570,112,True
70,205,458,570,112,True
72,167,458,570,112,True
73,194,458,570,112,True
75,179,458,650,192,True
77,174,458,570,112,True
79,183,458,570,112,True
81,193,458,570,112,True
84,204,458,542,84,True
85,179,458,570,112,True
86,176,458,570,112,True
88,183,458,570,112,True
91,169,458,570,112,True
93,210,458,570,112,True
94,202,458,650,192,True
96,178,458,570,112,True
97,172,458,570,112,True
1,170,459,570,111,True
3,180,459,570,111,True
5,187,459,570,111,True
7,173,459,570,111,True
11,179,459,570,111,True
13,185,459,570,111,True
15,177,459,570,111,True
16,204,459,570,111,True
17,173,459,570,111,True
22,180,459,570,111,True
24,170,459,570,111,True
26,173,459,570,111,True
27,197,459,570,111,True
28,178,459,570,111,True
33,209,459,696,237,True
34,171,459,570,111,True
35,180,459,570,111,True
36,176,459,570,111,True
38,189,459,570,111,True
39,188,459,570,111,True
40,196,459,570,111,True
41,183,459,570,111,True
42,165,459,570,111,True
43,194,459,570,111,True
45,175,459,570,111,True
47,188,459,570,111,True
48,185,459,570,111,True
49,195,459,570,111,True
51,160,459,542,83,True
53,189,459,570,111,True
57,179,459,650,191,True
58,191,459,570,111,True
62,179,459,542,83,True
70,206,459,570,111,True
71,161,459,570,111,True
75,180,459,650,191,True
84,205,459,542,83,True
85,180,459,570,111,True
87,174,459,570,111,True
89,181,459,570,111,True
90,191,459,570,111,True
92,185,459,570,111,True
94,203,459,650,191,True
0,184,460,570,110,True
3,181,460,570,110,True
6,194,460,570,110,True
7,174,460,570,110,True
11,180,460,570,110,True
13,186,460,570,110,True
14,198,460,570,110,True
17,174,460,570,110,True
18,198,460,570,110,True
19,175,460,570,110,True
21,188,460,570,110,True
23,188,460,570,110,True
29,184,460,570,110,True
34,172,460,570,110,True
42,166,460,570,110,True
47,189,460,570,110,True
49,196,460,570,110,True
53,190,460,570,110,True
54,162,460,570,110,True
55,198,460,570,110,True
57,180,460,650,190,True
58,192,460,570,110,True
61,191,460,570,110,True
64,168,460,570,110,True
69,169,460,570,110,True
73,195,460,570,110,True
75,181,460,650,190,True
78,191,460,570,110,True
80,197,460,570,110,True
82,188,460,570,110,True
85,181,460,570,110,True
87,175,460,570,110,True
88,184,460,570,110,True
91,170,460,570,110,True
97,173,460,570,110,True
98,174,460,570,110,True
1,171,461,570,109,True
4,177,461,570,109,True
5,188,461,570,109,True
8,196,461,570,109,True
9,200,461,570,109,True
13,187,461,570,109,True
19,176,461,570,109,True
29,185,461,570,109,True
31,183,461,570,109,True
32,191,461,570,109,True
34,173,461,570,109,True
36,177,461,570,109,True
40,197,461,570,109,True
43,195,461,570,109,True
44,209,461,570,109,True
45,176,461,570,109,True
48,186,461,570,109,True
57,181,461,650,189,True
59,179,461,542,81,True
62,180,461,542,81,True
64,169,461,570,109,True
65,185,461,570,109,True
71,162,461,570,109,True
75,182,461,650,189,True
78,192,461,570,109,True
79,184,461,570,109,True
82,189,461,570,109,True
88,185,461,570,109,True
89,182,461,570,109,True
92,186,461,570,109,True
95,178,461,570,109,True
97,174,461,570,109,True
98,175,461,570,109,True
3,182,462,570,108,True
5,189,462,570,108,True
8,197,462,570,108,True
13,188,462,570,108,True
16,205,462,570,108,True
17,175,462,570,108,True
24,171,462,570,108,True
26,174,462,570,108,True
28,179,462,570,108,True
29,186,462,570,108,True
30,185,462,570,108,True
32,192,462,570,108,True
33,210,462,696,234,True
41,184,462,570,108,True
42,167,462,570,108,True
43,196,462,570,108,True
48,187,462,570,108,True
50,164,462,570,108,True
51,161,462,570,108,True
53,191,462,570,108,True
55,199,462,570,108,True
56,211,462,650,188,True
59,180,462,542,80,True
65,186,462,570,108,True
69,170,462,570,108,True
70,207,462,570,108,True
71,163,462,570,108,True
73,196,462,570,108,True
76,200,462,570,108,True
77,175,462,570,108,True
80,198,462,570,108,True
81,194,462,570,108,True
82,190,462,570,108,True
87,176,462,570,108,True
88,186,462,570,108,True
90,192,462,570,108,True
92,187,462,570,108,True
99,191,462,570,108,True
2,177,463,570,107,True
4,178,463,570,107,True
5,190,463,570,107,True
6,195,463,570,107,True
7,175,463,696,233,True
10,176,463,570,107,True
12,188,463,570,107,True
13,189,463,570,107,True
15,178,463,570,107,True
20,203,463,570,107,True
21,189,463,570,107,True
23,189,463,570,107,True
24,172,463,570,107,True
26,175,463,570,107,True
29,187,463,570,107,True
30,186,463,570,107,True
38,190,463,570,107,True
39,189,463,570,107,True
42,168,463,570,107,True
44,210,463,570,107,True
45,177,463,570,107,True
46,172,463,570,107,True
48,188,463,570,107,True
49,197,463,570,107,True
52,161,463,542,79,True
53,192,463,570,107,True
57,182,463,650,187,True
58,193,463,570,107,True
59,181,463,542,79,True
65,187,463,570,107,True
72,168,463,570,107,True
75,183,463,650,187,True
76,201,463,570,107,True
77,176,463,650,187,True
81,195,463,570,107,True
82,191,463,570,107,True
84,206,463,542,79,True
87,177,463,570,107,True
88,187,463,570,107,True
90,193,463,570,107,True
92,188,463,570,107,True
8,198,464,570,106,True
13,190,464,570,106,True
25,186,464,570,106,True
33,211,464,696,232,True
34,174,464,570,106,True
36,178,464,570,106,True
38,191,464,570,106,True
42,169,464,570,106,True
44,211,464,570,106,True
46,173,464,570,106,True
47,190,464,570,106,True
49,198,464,570,106,True
50,165,464,570,106,True
52,162,464,542,78,True
53,193,464,570,106,True
59,182,464,542,78,True
61,192,464,570,106,True
63,203,464,570,106,True
67,175,464,570,106,True
69,171,464,570,106,True
74,174,464,570,106,True
75,184,464,650,186,True
77,177,464,650,186,True
78,193,464,570,106,True
79,185,464,570,106,True
80,199,464,570,106,True
84,207,464,542,78,True
90,194,464,570,106,True
91,171,464,650,186,True
92,189,464,570,106,True
94,204,464,650,186,True
96,179,464,570,106,True
97,175,464,570,106,True
98,176,464,570,106,True
99,192,464,650,186,True
1,172,465,570,105,True
2,178,465,570,105,True
3,183,465,570,105,True
5,191,465,570,105,True
9,201,465,570,105,True
10,177,465,570,105,True
12,189,465,570,105,True
15,179,465,570,105,True
19,177,465,570,105,True
20,204,465,570,105,True
21,190,465,570,105,True
23,190,465,570,105,True
28,180,465,570,105,True
34,175,465,570,105,True
35,181,465,570,105,True
36,179,465,570,105,True
37,185,465,570,105,True
43,197,465,570,105,True
44,212,465,570,105,True
46,174,465,570,105,True
48,189,465,570,105,True
51,162,465,570,105,True
54,163,465,570,105,True
56,212,465,650,185,True
57,183,465,650,185,True
58,194,465,570,105,True
67,176,465,570,105,True
76,202,465,570,105,True
80,200,465,570,105,True
81,196,465,570,105,True
88,188,465,570,105,True
95,179,465,570,105,True
96,180,465,570,105,True
97,176,465,570,105,True
4,179,466,570,104,True
5,192,466,570,104,True
7,176,466,696,230,True
12,190,466,570,104,True
16,206,466,570,104,True
19,178,466,570,104,True
25,187,466,570,104,True
26,176,466,570,104,True
29,188,466,570,104,True
35,182,466,570,104,True
37,186,466,570,104,True
42,170,466,570,104,True
45,178,466,570,104,True
46,175,466,570,104,True
51,163,466,570,104,True
52,163,466,542,76,True
53,194,466,570,104,True
55,200,466,570,104,True
56,213,466,650,184,True
57,184,466,650,184,True
58,195,466,570,104,True
59,183,466,542,76,True
60,189,466,570,104,True
61,193,466,570,104,True
66,187,466,570,104,True
68,201,466,570,104,True
72,169,466,570,104,True
73,197,466,570,104,True
74,175,466,570,104,True
75,185,466,650,184,True
76,203,466,570,104,True
77,178,466,650,184,True
84,208,466,542,76,True
85,182,466,570,104,True
86,177,466,650,184,True
89,183,466,570,104,True
91,172,466,650,184,True
94,205,466,650,184,True
98,177,466,570,104,True
2,179,467,570,103,True
3,184,467,570,103,True
4,180,467,570,103,True
9,202,467,570,103,True
10,178,467,570,103,True
12,191,467,570,103,True
17,176,467,570,103,True
18,199,467,570,103,True
23,191,467,570,103,True
24,173,467,570,103,True
28,181,467,570,103,True
30,187,467,570,103,True
32,193,467,570,103,True
35,183,467,570,103,True
36,180,467,570,103,True
37,187,467,570,103,True
38,192,467,570,103,True
39,190,467,570,103,True
40,198,467,570,103,True
46,176,467,570,103,True
47,191,467,570,103,True
48,190,467,570,103,True
51,164,467,570,103,True
52,164,467,542,75,True
53,195,467,570,103,True
54,164,467,570,103,True
55,201,467,570,103,True
56,214,467,650,183,True
57,185,467,650,183,True
58,196,467,570,103,True
65,188,467,570,103,True
66,188,467,570,103,True
67,177,467,570,103,True
69,172,467,570,103,True
70,208,467,570,103,True
71,164,467,570,103,True
72,170,467,570,103,True
74,176,467,570,103,True
78,194,467,570,103,True
79,186,467,570,103,True
82,192,467,570,103,True
85,183,467,570,103,True
91,173,467,650,183,True
93,211,467,650,183,True
97,177,467,570,103,True
1,173,468,570,102,True
4,181,468,570,102,True
5,193,468,570,102,True
7,177,468,696,228,True
11,181,468,570,102,True
14,199,468,570,102,True
15,180,468,570,102,True
16,207,468,570,102,True
17,177,468,570,102,True
23,192,468,570,102,True
25,188,468,570,102,True
26,177,468,570,102,True
27,198,468,570,102,True
29,189,468,570,102,True
37,188,468,570,102,True
38,193,468,570,102,True
45,179,468,570,102,True
46,177,468,570,102,True
47,192,468,570,102,True
50,166,468,570,102,True
52,165,468,542,74,True
53,196,468,570,102,True
54,165,468,570,102,True
57,186,468,650,182,True
62,181,468,570,102,True
63,204,468,570,102,True
64,170,468,570,102,True
65,189,468,570,102,True
67,178,468,570,102,True
70,209,468,570,102,True
71,165,468,570,102,True
79,187,468,570,102,True
87,178,468,570,102,True
5,194,469,570,101,True
7,178,469,696,227,True
8,199,469,570,101,True
11,182,469,570,101,True
12,192,469,570,101,True
22,181,469,570,101,True
23,193,469,570,101,True
24,174,469,570,101,True
26,178,469,570,101,True
28,182,469,570,101,True
29,190,469,570,101,True
30,188,469,570,101,True
35,184,469,570,101,True
36,181,469,570,101,True
38,194,469,570,101,True
39,191,469,570,101,True
41,185,469,570,101,True
44,213,469,570,101,True
45,180,469,570,101,True
46,178,469,570,101,True
50,167,469,570,101,True
52,166,469,542,73,True
54,166,469,570,101,True
57,187,469,650,181,True
61,194,469,570,101,True
62,182,469,570,101,True
69,173,469,570,101,True
72,171,469,570,101,True
74,177,469,570,101,True
79,188,469,570,101,True
81,197,469,650,181,True
84,209,469,542,73,True
86,178,469,650,181,True
87,179,469,570,101,True
89,184,469,650,181,True
90,195,469,570,101,True
93,212,469,650,181,True
95,180,469,570,101,True
96,181,469,570,101,True
97,178,469,570,101,True
1,174,470,570,100,True
2,180,470,570,100,True
4,182,470,570,100,True
6,196,470,570,100,True
10,179,470,570,100,True
12,193,470,570,100,True
13,191,470,570,100,True
16,208,470,570,100,True
18,200,470,570,100,True
22,182,470,570,100,True
23,194,470,570,100,True
24,175,470,570,100,True
27,199,470,570,100,True
31,184,470,570,100,True
32,194,470,570,100,True
35,185,470,570,100,True
36,182,470,570,100,True
41,186,470,570,100,True
44,214,470,570,100,True
45,181,470,570,100,True
49,199,470,570,100,True
51,165,470,570,100,True
52,167,470,542,72,True
53,197,470,570,100,True
55,202,470,570,100,True
56,215,470,650,180,True
58,197,470,570,100,True
59,184,470,570,100,True
64,171,470,570,100,True
65,190,470,570,100,True
67,179,470,650,180,True
69,174,470,570,100,True
70,210,470,570,100,True
73,198,470,570,100,True
74,178,470,570,100,True
76,204,470,650,180,True
82,193,470,570,100,True
83,187,470,570,100,True
88,189,470,650,180,True
92,190,470,570,100,True
95,181,470,570,100,True
99,193,470,650,180,True
2,181,471,570,99,True
4,183,471,570,99,True
6,197,471,570,99,True
12,194,471,570,99,True
16,209,471,570,99,True
19,179,471,570,99,True
23,195,471,570,99,True
24,176,471,570,99,True
25,189,471,570,99,True
33,212,471,696,225,True
40,199,471,570,99,True
41,187,471,570,99,True
47,193,471,570,99,True
50,168,471,570,99,True
51,166,471,570,99,True
53,198,471,570,99,True
54,167,471,570,99,True
56,216,471,650,179,True
60,190,471,570,99,True
63,205,471,570,99,True
65,191,471,570,99,True
66,189,471,570,99,True
68,202,471,570,99,True
69,175,471,570,99,True
70,211,471,570,99,True
73,199,471,570,99,True
74,179,471,570,99,True
75,186,471,650,179,True
76,205,471,650,179,True
78,195,471,570,99,True
79,189,471,570,99,True
82,194,471,570,99,True
83,188,471,570,99,True
86,179,471,650,179,True
89,185,471,650,179,True
90,196,471,570,99,True
91,174,471,650,179,True
94,206,471,650,179,True
95,182,471,570,99,True
97,179,471,570,99,True
99,194,471,650,179,True
1,175,472,570,98,True
4,184,472,570,98,True
7,179,472,696,224,True
11,183,472,570,98,True
14,200,472,570,98,True
15,181,472,570,98,True
16,210,472,570,98,True
17,178,472,570,98,True
18,201,472,570,98,True
19,180,472,570,98,True
24,177,472,570,98,True
28,183,472,570,98,True
29,191,472,570,98,True
33,213,472,696,224,True
34,176,472,570,98,True
38,195,472,570,98,True
39,192,472,570,98,True
45,182,472,570,98,True
46,179,472,570,98,True
49,200,472,570,98,True
58,198,472,570,98,True
59,185,472,570,98,True
60,191,472,570,98,True
62,183,472,570,98,True
64,172,472,570,98,True
65,192,472,570,98,True
67,180,472,650,178,True
68,203,472,570,98,True
70,212,472,570,98,True
72,172,472,570,98,True
74,180,472,570,98,True
76,206,472,650,178,True
82,195,472,650,178,True
83,189,472,570,98,True
84,210,472,542,70,True
87,180,472,570,98,True
90,197,472,650,178,True
93,213,472,650,178,True
98,178,472,570,98,True
99,195,472,650,178,True
2,182,473,570,97,True
3,185,473,570,97,True
4,185,473,570,97,True
5,195,473,570,97,True
9,203,473,570,97,True
10,180,473,570,97,True
13,192,473,570,97,True
20,205,473,570,97,True
24,178,473,570,97,True
25,190,473,570,97,True
26,179,473,570,97,True
29,192,473,570,97,True
35,186,473,570,97,True
38,196,473,570,97,True
42,171,473,570,97,True
45,183,473,570,97,True
47,194,473,570,97,True
48,191,473,570,97,True
54,168,473,570,97,True
55,203,473,570,97,True
60,192,473,570,97,True
61,195,473,570,97,True
62,184,473,570,97,True
65,193,473,570,97,True
68,204,473,570,97,True
69,176,473,570,97,True
72,173,473,570,97,True
73,200,473,570,97,True
74,181,473,570,97,True
75,187,473,650,177,True
76,207,473,650,177,True
78,196,473,570,97,True
87,181,473,650,177,True
88,190,473,650,177,True
90,198,473,650,177,True
94,207,473,650,177,True
98,179,473,570,97,True
0,185,474,570,96,True
2,183,474,570,96,True
4,186,474,570,96,True
5,196,474,570,96,True
9,204,474,570,96,True
17,179,474,570,96,True
18,202,474,570,96,True
24,179,474,570,96,True
25,191,474,570,96,True
29,193,474,570,96,True
31,185,474,570,96,True
40,200,474,570,96,True
42,172,474,570,96,True
44,215,474,570,96,True
49,201,474,570,96,True
50,169,474,570,96,True
51,167,474,570,96,True
54,169,474,570,96,True
57,188,474,650,176,True
60,193,474,570,96,True
61,196,474,570,96,True
65,194,474,570,96,True
67,181,474,650,176,True
70,213,474,570,96,True
71,166,474,570,96,True
73,201,474,570,96,True
75,188,474,650,176,True
76,208,474,650,176,True
77,179,474,650,176,True
78,197,474,570,96,True
80,201,474,570,96,True
83,190,474,650,176,True
87,182,474,650,176,True
88,191,474,650,176,True
90,199,474,650,176,True
93,214,474,650,176,True
96,182,474,570,96,True
1,176,475,570,95,True
3,186,475,570,95,True
7,180,475,696,221,True
13,193,475,570,95,True
14,201,475,570,95,True
20,206,475,570,95,True
23,196,475,570,95,True
24,180,475,570,95,True
25,192,475,570,95,True
26,180,475,570,95,True
27,200,475,570,95,True
28,184,475,570,95,True
29,194,475,570,95,True
30,189,475,570,95,True
33,214,475,696,221,True
35,187,475,570,95,True
36,183,475,570,95,True
38,197,475,570,95,True
43,198,475,570,95,True
45,184,475,570,95,True
47,195,475,570,95,True
48,192,475,570,95,True
50,170,475,570,95,True
51,168,475,570,95,True
53,199,475,570,95,True
54,170,475,570,95,True
55,204,475,570,95,True
56,217,475,650,175,True
57,189,475,650,175,True
59,186,475,570,95,True
63,206,475,570,95,True
64,173,475,570,95,True
68,205,475,570,95,True
70,214,475,570,95,True
71,167,475,570,95,True
74,182,475,570,95,True
77,180,475,650,175,True
82,196,475,650,175,True
83,191,475,650,175,True
90,200,475,650,175,True
97,180,475,570,95,True
98,180,475,570,95,True
7,181,476,696,220,True
8,200,476,570,94,True
9,205,476,570,94,True
13,194,476,570,94,True
14,202,476,570,94,True
16,211,476,570,94,True
18,203,476,570,94,True
22,183,476,570,94,True
26,181,476,570,94,True
28,185,476,570,94,True
31,186,476,570,94,True
37,189,476,696,220,True
38,198,476,570,94,True
39,193,476,570,94,True
40,201,476,570,94,True
43,199,476,570,94,True
45,185,476,570,94,True
47,196,476,570,94,True
48,193,476,570,94,True
51,169,476,570,94,True
53,200,476,570,94,True
55,205,476,570,94,True
56,218,476,650,174,True
57,190,476,650,174,True
58,199,476,570,94,True
59,187,476,570,94,True
61,197,476,570,94,True
65,195,476,570,94,True
68,206,476,570,94,True
75,189,476,650,174,True
76,209,476,650,174,True
87,183,476,650,174,True
94,208,476,650,174,True
96,183,476,570,94,True
0,186,477,570,93,True
1,177,477,570,93,True
3,187,477,570,93,True
7,182,477,696,219,True
11,184,477,570,93,True
16,212,477,570,93,True
17,180,477,570,93,True
19,181,477,570,93,True
21,191,477,570,93,True
23,197,477,570,93,True
25,193,477,570,93,True
30,190,477,570,93,True
31,187,477,570,93,True
36,184,477,570,93,True
38,199,477,570,93,True
41,188,477,570,93,True
42,173,477,570,93,True
43,200,477,570,93,True
46,180,477,570,93,True
48,194,477,570,93,True
50,171,477,570,93,True
54,171,477,570,93,True
57,191,477,650,173,True
60,194,477,570,93,True
62,185,477,570,93,True
63,207,477,570,93,True
64,174,477,570,93,True
65,196,477,570,93,True
68,207,477,570,93,True
75,190,477,650,173,True
76,210,477,650,173,True
78,198,477,570,93,True
80,202,477,570,93,True
99,196,477,650,173,True
1,178,478,570,92,True
2,184,478,570,92,True
4,187,478,570,92,True
7,183,478,696,218,True
8,201,478,570,92,True
9,206,478,696,218,True
23,198,478,570,92,True
24,181,478,570,92,True
25,194,478,570,92,True
26,182,478,570,92,True
27,201,478,570,92,True
31,188,478,570,92,True
34,177,478,570,92,True
36,185,478,570,92,True
39,194,478,570,92,True
42,174,478,570,92,True
46,181,478,570,92,True
47,197,478,570,92,True
48,195,478,570,92,True
51,170,478,570,92,True
52,168,478,570,92,True
57,192,478,650,172,True
58,200,478,570,92,True
61,198,478,570,92,True
65,197,478,570,92,True
67,182,478,650,172,True
71,168,478,650,172,True
78,199,478,570,92,True
95,183,478,570,92,True
0,187,479,570,91,True
1,179,479,570,91,True
8,202,479,570,91,True
9,207,479,696,217,True
14,203,479,570,91,True
16,213,479,570,91,True
20,207,479,570,91,True
21,192,479,570,91,True
24,182,479,570,91,True
26,183,479,570,91,True
27,202,479,570,91,True
30,191,479,570,91,True
38,200,479,570,91,True
40,202,479,570,91,True
41,189,479,570,91,True
43,201,479,570,91,True
44,216,479,570,91,True
47,198,479,570,91,True
48,196,479,570,91,True
49,202,479,570,91,True
50,172,479,650,171,True
54,172,479,570,91,True
56,219,479,650,171,True
57,193,479,650,171,True
61,199,479,650,171,True
64,175,479,570,91,True
65,198,479,570,91,True
68,208,479,570,91,True
71,169,479,650,171,True
74,183,479,570,91,True
77,181,479,650,171,True
78,200,479,570,91,True
79,190,479,570,91,True
88,192,479,650,171,True
90,201,479,650,171,True
91,175,479,650,171,True
95,184,479,570,91,True
96,184,479,650,171,True
99,197,479,650,171,True
0,188,480,570,90,True
2,185,480,570,90,True
3,188,480,570,90,True
5,197,480,570,90,True
6,198,480,696,216,True
7,184,480,696,216,True
13,195,480,570,90,True
14,204,480,570,90,True
15,182,480,570,90,True
16,214,480,570,90,True
19,182,480,570,90,True
23,199,480,570,90,True
25,195,480,570,90,True
28,186,480,570,90,True
31,189,480,570,90,True
34,178,480,570,90,True
39,195,480,570,90,True
41,190,480,570,90,True
44,217,480,570,90,True
46,182,480,570,90,True
47,199,480,570,90,True
50,173,480,650,170,True
51,171,480,570,90,True
54,173,480,570,90,True
55,206,480,570,90,True
61,200,480,650,170,True
65,199,480,570,90,True
68,209,480,650,170,True
72,174,480,570,90,True
75,191,480,650,170,True
76,211,480,650,170,True
81,198,480,650,170,True
82,197,480,650,170,True
85,184,480,570,90,True
86,180,480,650,170,True
87,184,480,650,170,True
91,176,480,650,170,True
98,181,480,650,170,True
99,198,480,650,170,True
0,189,481,570,89,True
1,180,481,570,89,True
4,188,481,570,89,True
5,198,481,570,89,True
6,199,481,696,215,True
7,185,481,696,215,True
10,181,481,570,89,True
16,215,481,570,89,True
21,193,481,570,89,True
23,200,481,570,89,True
28,187,481,570,89,True
29,195,481,570,89,True
33,215,481,696,215,True
38,201,481,570,89,True
42,175,481,570,89,True
47,200,481,570,89,True
49,203,481,570,89,True
52,169,481,570,89,True
53,201,481,650,169,True
54,174,481,570,89,True
56,220,481,650,169,True
58,201,481,570,89,True
59,188,481,650,169,True
61,201,481,650,169,True
63,208,481,570,89,True
65,200,481,570,89,True
67,183,481,650,169,True
73,202,481,570,89,True
75,192,481,650,169,True
78,201,481,570,89,True
83,192,481,650,169,True
88,193,481,650,169,True
89,186,481,650,169,True
90,202,481,650,169,True
91,177,481,650,169,True
92,191,481,570,89,True
93,215,481,650,169,True
95,185,481,570,89,True
98,182,481,650,169,True
0,190,482,570,88,True
4,189,482,570,88,True
5,199,482,570,88,True
6,200,482,696,214,True
9,208,482,696,214,True
10,182,482,570,88,True
16,216,482,570,88,True
18,204,482,570,88,True
22,184,482,696,214,True
29,196,482,570,88,True
36,186,482,570,88,True
37,190,482,696,214,True
38,202,482,570,88,True
40,203,482,570,88,True
52,170,482,570,88,True
57,194,482,650,168,True
58,202,482,570,88,True
59,189,482,650,168,True
60,195,482,570,88,True
62,186,482,570,88,True
67,184,482,650,168,True
70,215,482,570,88,True
77,182,482,650,168,True
78,202,482,570,88,True
79,191,482,650,168,True
82,198,482,650,168,True
85,185,482,570,88,True
87,185,482,650,168,True
89,187,482,650,168,True
90,203,482,650,168,True
91,178,482,650,168,True
94,209,482,650,168,True
2,186,483,570,87,True
6,201,483,696,213,True
8,203,483,570,87,True
10,183,483,570,87,True
11,185,483,570,87,True
13,196,483,570,87,True
17,181,483,696,213,True
18,205,483,570,87,True
19,183,483,570,87,True
23,201,483,570,87,True
24,183,483,570,87,True
26,184,483,696,213,True
28,188,483,570,87,True
33,216,483,696,213,True
39,196,483,570,87,True
40,204,483,570,87,True
42,176,483,570,87,True
47,201,483,570,87,True
49,204,483,570,87,True
53,202,483,650,167,True
56,221,483,650,167,True
60,196,483,570,87,True
62,187,483,570,87,True
64,176,483,570,87,True
74,184,483,570,87,True
77,183,483,650,167,True
84,211,483,570,87,True
85,186,483,570,87,True
91,179,483,650,167,True
92,192,483,570,87,True
94,210,483,650,167,True
95,186,483,570,87,True
0,191,484,570,86,True
2,187,484,570,86,True
3,189,484,570,86,True
5,200,484,570,86,True
6,202,484,696,212,True
8,204,484,570,86,True
16,217,484,570,86,True
17,182,484,696,212,True
23,202,484,570,86,True
26,185,484,696,212,True
29,197,484,570,86,True
30,192,484,570,86,True
32,195,484,570,86,True
33,217,484,696,212,True
34,179,484,570,86,True
36,187,484,570,86,True
37,191,484,696,212,True
41,191,484,570,86,True
42,177,484,570,86,True
49,205,484,570,86,True
50,174,484,650,166,True
54,175,484,570,86,True
60,197,484,570,86,True
61,202,484,650,166,True
62,188,484,570,86,True
64,177,484,570,86,True
65,201,484,570,86,True
69,177,484,650,166,True
71,170,484,650,166,True
72,175,484,570,86,True
73,203,484,570,86,True
77,184,484,650,166,True
78,203,484,570,86,True
84,212,484,570,86,True
85,187,484,570,86,True
89,188,484,650,166,True
92,193,484,570,86,True
94,211,484,650,166,True
96,185,484,650,166,True
97,181,484,570,86,True
98,183,484,650,166,True
0,192,485,570,85,True
4,190,485,570,85,True
5,201,485,570,85,True
9,209,485,696,211,True
10,184,485,570,85,True
12,195,485,570,85,True
13,197,485,570,85,True
14,205,485,570,85,True
15,183,485,570,85,True
17,183,485,696,211,True
19,184,485,570,85,True
24,184,485,696,211,True
25,196,485,570,85,True
32,196,485,570,85,True
34,180,485,570,85,True
35,188,485,570,85,True
36,188,485,570,85,True
37,192,485,696,211,True
38,203,485,570,85,True
41,192,485,570,85,True
47,202,485,570,85,True
48,197,485,570,85,True
54,176,485,570,85,True
60,198,485,570,85,True
62,189,485,570,85,True
66,190,485,570,85,True
67,185,485,650,165,True
69,178,485,650,165,True
72,176,485,570,85,True
73,204,485,570,85,True
77,185,485,650,165,True
78,204,485,570,85,True
79,192,485,650,165,True
83,193,485,650,165,True
86,181,485,650,165,True
92,194,485,570,85,True
94,212,485,650,165,True
95,187,485,650,165,True
96,186,485,650,165,True
4,191,486,696,210,True
6,203,486,696,210,True
9,210,486,696,210,True
15,184,486,570,84,True
18,206,486,570,84,True
21,194,486,570,84,True
25,197,486,570,84,True
28,189,486,570,84,True
32,197,486,570,84,True
36,189,486,570,84,True
38,204,486,570,84,True
39,197,486,570,84,True
42,178,486,570,84,True
43,202,486,696,210,True
47,203,486,570,84,True
48,198,486,570,84,True
50,175,486,650,164,True
52,171,486,570,84,True
55,207,486,650,164,True
60,199,486,570,84,True
62,190,486,570,84,True
63,209,486,570,84,True
66,191,486,570,84,True
67,186,486,650,164,True
69,179,486,650,164,True
70,216,486,570,84,True
72,177,486,570,84,True
75,193,486,650,164,True
76,212,486,650,164,True
77,186,486,650,164,True
78,205,486,570,84,True
81,199,486,650,164,True
83,194,486,650,164,True
86,182,486,650,164,True
88,194,486,650,164,True
93,216,486,650,164,True
1,181,487,570,83,True
6,204,487,696,209,True
14,206,487,570,83,True
17,184,487,696,209,True
18,207,487,696,209,True
19,185,487,570,83,True
20,208,487,570,83,True
22,185,487,696,209,True
31,190,487,696,209,True
33,218,487,696,209,True
35,189,487,570,83,True
39,198,487,570,83,True
40,205,487,570,83,True
41,193,487,570,83,True
42,179,487,570,83,True
43,203,487,696,209,True
47,204,487,570,83,True
51,172,487,570,83,True
55,208,487,650,163,True
56,222,487,650,163,True
57,195,487,650,163,True
58,203,487,570,83,True
60,200,487,570,83,True
61,203,487,650,163,True
62,191,487,570,83,True
63,210,487,570,83,True
64,178,487,570,83,True
65,202,487,650,163,True
67,187,487,650,163,True
69,180,487,650,163,True
71,171,487,650,163,True
86,183,487,650,163,True
89,189,487,650,163,True
90,204,487,650,163,True
93,217,487,650,163,True
94,213,487,650,163,True
96,187,487,650,163,True
97,182,487,570,83,True
0,193,488,570,82,True
3,190,488,570,82,True
5,202,488,570,82,True
6,205,488,696,208,True
8,205,488,570,82,True
10,185,488,570,82,True
13,198,488,570,82,True
17,185,488,696,208,True
19,186,488,696,208,True
25,198,488,570,82,True
27,203,488,696,208,True
29,198,488,570,82,True
34,181,488,570,82,True
37,193,488,696,208,True
40,206,488,570,82,True
41,194,488,570,82,True
44,218,488,570,82,True
45,186,488,570,82,True
48,199,488,696,208,True
52,172,488,570,82,True
54,177,488,570,82,True
59,190,488,650,162,True
65,203,488,650,162,True
67,188,488,650,162,True
68,210,488,650,162,True
71,172,488,650,162,True
73,205,488,570,82,True
76,213,488,650,162,True
78,206,488,570,82,True
79,193,488,650,162,True
80,203,488,570,82,True
83,195,488,650,162,True
85,188,488,570,82,True
88,195,488,650,162,True
91,180,488,650,162,True
96,188,488,650,162,True
97,183,488,570,82,True
0,194,489,570,81,True
1,182,489,570,81,True
2,188,489,696,207,True
6,206,489,696,207,True
8,206,489,570,81,True
12,196,489,570,81,True
17,186,489,696,207,True
18,208,489,696,207,True
20,209,489,696,207,True
26,186,489,696,207,True
28,190,489,570,81,True
34,182,489,570,81,True
35,190,489,570,81,True
36,190,489,696,207,True
37,194,489,696,207,True
38,205,489,570,81,True
40,207,489,570,81,True
41,195,489,570,81,True
44,219,489,570,81,True
45,187,489,570,81,True
46,183,489,696,207,True
54,178,489,570,81,True
56,223,489,650,161,True
63,211,489,570,81,True
64,179,489,570,81,True
66,192,489,570,81,True
67,189,489,650,161,True
68,211,489,650,161,True
70,217,489,570,81,True
72,178,489,570,81,True
74,185,489,650,161,True
75,194,489,650,161,True
82,199,489,650,161,True
83,196,489,650,161,True
84,213,489,570,81,True
85,189,489,570,81,True
89,190,489,650,161,True
92,195,489,650,161,True
93,218,489,650,161,True
94,214,489,650,161,True
95,188,489,650,161,True
96,189,489,650,161,True
97,184,489,570,81,True
98,184,489,650,161,True
99,199,489,650,161,True
0,195,490,570,80,True
2,189,490,696,206,True
3,191,490,570,80,True
5,203,490,570,80,True
7,186,490,696,206,True
9,211,490,696,206,True
12,197,490,570,80,True
15,185,490,570,80,True
16,218,490,696,206,True
17,187,490,696,206,True
18,209,490,696,206,True
20,210,490,696,206,True
22,186,490,696,206,True
23,203,490,570,80,True
24,185,490,696,206,True
26,187,490,696,206,True
27,204,490,696,206,True
32,198,490,570,80,True
35,191,490,570,80,True
36,191,490,696,206,True
41,196,490,570,80,True
43,204,490,696,206,True
46,184,490,696,206,True
47,205,490,570,80,True
49,206,490,570,80,True
50,176,490,650,160,True
54,179,490,650,160,True
55,209,490,650,160,True
56,224,490,650,160,True
58,204,490,570,80,True
59,191,490,650,160,True
61,204,490,650,160,True
63,212,490,570,80,True
65,204,490,650,160,True
68,212,490,650,160,True
70,218,490,570,80,True
71,173,490,650,160,True
72,179,490,650,160,True
73,206,490,570,80,True
75,195,490,650,160,True
77,187,490,650,160,True
78,207,490,650,160,True
80,204,490,570,80,True
84,214,490,570,80,True
85,190,490,570,80,True
86,184,490,650,160,True
87,186,490,650,160,True
88,196,490,650,160,True
92,196,490,650,160,True
93,219,490,650,160,True
95,189,490,650,160,True
96,190,490,650,160,True
99,200,490,650,160,True
1,183,491,570,79,True
4,192,491,696,205,True
5,204,491,570,79,True
7,187,491,696,205,True
13,199,491,570,79,True
14,207,491,570,79,True
19,187,491,696,205,True
31,191,491,696,205,True
37,195,491,696,205,True
38,206,491,570,79,True
41,197,491,570,79,True
42,180,491,570,79,True
46,185,491,696,205,True
48,200,491,696,205,True
50,177,491,650,159,True
51,173,491,570,79,True
52,173,491,570,79,True
53,203,491,650,159,True
56,225,491,650,159,True
61,205,491,650,159,True
62,192,491,570,79,True
63,213,491,570,79,True
66,193,491,570,79,True
67,190,491,650,159,True
70,219,491,570,79,True
74,186,491,650,159,True
75,196,491,650,159,True
76,214,491,650,159,True
77,188,491,650,159,True
79,194,491,650,159,True
80,205,491,570,79,True
81,200,491,650,159,True
82,200,491,650,159,True
83,197,491,650,159,True
85,191,491,570,79,True
87,187,491,650,159,True
91,181,491,650,159,True
93,220,491,650,159,True
94,215,491,650,159,True
95,190,491,650,159,True
96,191,491,650,159,True
4,193,492,696,204,True
5,205,492,570,78,True
6,207,492,696,204,True
7,188,492,696,204,True
9,212,492,696,204,True
10,186,492,570,78,True
11,186,492,570,78,True
12,198,492,570,78,True
15,186,492,570,78,True
16,219,492,696,204,True
19,188,492,696,204,True
21,195,492,570,78,True
26,188,492,696,204,True
32,199,492,570,78,True
36,192,492,696,204,True
38,207,492,570,78,True
40,208,492,570,78,True
41,198,492,570,78,True
42,181,492,570,78,True
44,220,492,570,78,True
45,188,492,570,78,True
46,186,492,696,204,True
49,207,492,570,78,True
51,174,492,570,78,True
53,204,492,650,158,True
55,210,492,650,158,True
60,201,492,650,158,True
61,206,492,650,158,True
66,194,492,570,78,True
68,213,492,650,158,True
71,174,492,650,158,True
72,180,492,650,158,True
74,187,492,650,158,True
75,197,492,650,158,True
77,189,492,650,158,True
79,195,492,650,158,True
80,206,492,570,78,True
85,192,492,570,78,True
86,185,492,650,158,True
88,197,492,650,158,True
89,191,492,650,158,True
90,205,492,650,158,True
92,197,492,650,158,True
94,216,492,650,158,True
95,191,492,650,158,True
98,185,492,650,158,True
2,190,493,696,203,True
5,206,493,570,77,True
10,187,493,570,77,True
12,199,493,570,77,True
13,200,493,570,77,True
15,187,493,570,77,True
16,220,493,696,203,True
17,188,493,696,203,True
18,210,493,696,203,True
20,211,493,696,203,True
21,196,493,570,77,True
23,204,493,570,77,True
26,189,493,696,203,True
29,199,493,570,77,True
30,193,493,570,77,True
33,219,493,696,203,True
40,209,493,570,77,True
49,208,493,570,77,True
50,178,493,650,157,True
52,174,493,570,77,True
53,205,493,650,157,True
55,211,493,650,157,True
56,226,493,650,157,True
59,192,493,650,157,True
60,202,493,650,157,True
67,191,493,650,157,True
70,220,493,570,77,True
78,208,493,650,157,True
82,201,493,650,157,True
86,186,493,650,157,True
87,188,493,650,157,True
88,198,493,650,157,True
90,206,493,650,157,True
92,198,493,650,157,True
94,217,493,650,157,True
95,192,493,650,157,True
96,192,493,650,157,True
2,191,494,696,202,True
5,207,494,570,76,True
7,189,494,696,202,True
8,207,494,570,76,True
11,187,494,570,76,True
12,200,494,570,76,True
15,188,494,570,76,True
17,189,494,696,202,True
19,189,494,696,202,True
21,197,494,570,76,True
23,205,494,570,76,True
25,199,494,570,76,True
27,205,494,696,202,True
30,194,494,570,76,True
31,192,494,696,202,True
37,196,494,696,202,True
38,208,494,570,76,True
42,182,494,570,76,True
45,189,494,570,76,True
47,206,494,570,76,True
49,209,494,570,76,True
50,179,494,650,156,True
51,175,494,570,76,True
55,212,494,650,156,True
58,205,494,570,76,True
60,203,494,650,156,True
61,207,494,650,156,True
62,193,494,570,76,True
63,214,494,650,156,True
64,180,494,650,156,True
65,205,494,650,156,True
67,192,494,650,156,True
70,221,494,570,76,True
72,181,494,650,156,True
75,198,494,650,156,True
78,209,494,650,156,True
79,196,494,650,156,True
80,207,494,570,76,True
86,187,494,650,156,True
88,199,494,650,156,True
89,192,494,650,156,True
90,207,494,650,156,True
91,182,494,650,156,True
92,199,494,650,156,True
94,218,494,650,156,True
95,193,494,650,156,True
96,193,494,650,156,True
97,185,494,570,76,True
0,196,495,570,75,True
7,190,495,696,201,True
9,213,495,696,201,True
11,188,495,696,201,True
13,201,495,570,75,True
15,189,495,570,75,True
18,211,495,696,201,True
20,212,495,696,201,True
23,206,495,570,75,True
26,190,495,696,201,True
27,206,495,696,201,True
30,195,495,570,75,True
31,193,495,696,201,True
34,183,495,696,201,True
40,210,495,570,75,True
42,183,495,570,75,True
44,221,495,696,201,True
45,190,495,570,75,True
48,201,495,696,201,True
49,210,495,570,75,True
51,176,495,570,75,True
52,175,495,570,75,True
53,206,495,650,155,True
54,180,495,650,155,True
57,196,495,650,155,True
59,193,495,650,155,True
60,204,495,650,155,True
65,206,495,650,155,True
67,193,495,650,155,True
69,181,495,650,155,True
70,222,495,570,75,True
75,199,495,650,155,True
76,215,495,650,155,True
87,189,495,650,155,True
89,193,495,650,155,True
95,194,495,650,155,True
96,194,495,650,155,True
99,201,495,650,155,True
0,197,496,570,74,True
2,192,496,696,200,True
4,194,496,696,200,True
9,214,496,696,200,True
10,188,496,696,200,True
12,201,496,570,74,True
14,208,496,696,200,True
19,190,496,696,200,True
22,187,496,696,200,True
24,186,496,696,200,True
26,191,496,696,200,True
32,200,496,570,74,True
33,220,496,696,200,True
37,197,496,696,200,True
39,199,496,570,74,True
40,211,496,570,74,True
43,205,496,696,200,True
45,191,496,570,74,True
46,187,496,696,200,True
48,202,496,696,200,True
55,213,496,650,154,True
59,194,496,650,154,True
61,208,496,650,154,True
62,194,496,570,74,True
65,207,496,650,154,True
68,214,496,650,154,True
71,175,496,650,154,True
80,208,496,570,74,True
82,202,496,650,154,True
85,193,496,570,74,True
86,188,496,650,154,True
93,221,496,650,154,True
94,219,496,650,154,True
96,195,496,650,154,True
99,202,496,650,154,True
1,184,497,570,73,True
7,191,497,696,199,True
9,215,497,696,199,True
10,189,497,696,199,True
14,209,497,696,199,True
15,190,497,570,73,True
17,190,497,696,199,True
18,212,497,696,199,True
19,191,497,696,199,True
21,198,497,570,73,True
23,207,497,570,73,True
30,196,497,570,73,True
32,201,497,570,73,True
34,184,497,696,199,True
35,192,497,570,73,True
37,198,497,696,199,True
38,209,497,570,73,True
42,184,497,696,199,True
43,206,497,696,199,True
44,222,497,696,199,True
45,192,497,570,73,True
51,177,497,570,73,True
52,176,497,570,73,True
53,207,497,650,153,True
55,214,497,650,153,True
56,227,497,650,153,True
58,206,497,570,73,True
60,205,497,650,153,True
62,195,497,570,73,True
65,208,497,650,153,True
70,223,497,570,73,True
71,176,497,650,153,True
72,182,497,650,153,True
73,207,497,570,73,True
74,188,497,650,153,True
77,190,497,650,153,True
81,201,497,650,153,True
82,203,497,650,153,True
86,189,497,650,153,True
87,190,497,650,153,True
89,194,497,650,153,True
91,183,497,650,153,True
92,200,497,650,153,True
93,222,497,650,153,True
94,220,497,650,153,True
97,186,497,650,153,True
98,186,497,650,153,True
99,203,497,650,153,True
0,198,498,570,72,True
2,193,498,696,198,True
6,208,498,696,198,True
7,192,498,696,198,True
8,208,498,570,72,True
14,210,498,696,198,True
15,191,498,570,72,True
16,221,498,696,198,True
17,191,498,696,198,True
18,213,498,696,198,True
22,188,498,696,198,True
24,187,498,696,198,True
25,200,498,570,72,True
30,197,498,570,72,True
31,194,498,696,198,True
32,202,498,570,72,True
44,223,498,696,198,True
51,178,498,570,72,True
52,177,498,570,72,True
57,197,498,650,152,True
61,209,498,650,152,True
62,196,498,570,72,True
64,181,498,650,152,True
74,189,498,650,152,True
75,200,498,650,152,True
76,216,498,650,152,True
77,191,498,650,152,True
78,210,498,650,152,True
79,197,498,650,152,True
81,202,498,650,152,True
83,198,498,650,152,True
84,215,498,570,72,True
86,190,498,650,152,True
87,191,498,650,152,True
89,195,498,650,152,True
91,184,498,650,152,True
92,201,498,650,152,True
94,221,498,650,152,True
95,195,498,650,152,True
0,199,499,570,71,True
1,185,499,570,71,True
3,192,499,570,71,True
9,216,499,696,197,True
11,189,499,696,197,True
13,202,499,696,197,True
18,214,499,696,197,True
24,188,499,696,197,True
25,201,499,696,197,True
27,207,499,696,197,True
29,200,499,570,71,True
30,198,499,570,71,True
35,193,499,570,71,True
36,193,499,696,197,True
38,210,499,570,71,True
44,224,499,696,197,True
47,207,499,570,71,True
51,179,499,570,71,True
52,178,499,570,71,True
55,215,499,650,151,True
56,228,499,650,151,True
57,198,499,650,151,True
60,206,499,650,151,True
69,182,499,650,151,True
73,208,499,570,71,True
74,190,499,650,151,True
78,211,499,650,151,True
79,198,499,650,151,True
85,194,499,650,151,True
86,191,499,650,151,True
87,192,499,650,151,True
88,200,499,650,151,True
90,208,499,650,151,True
94,222,499,650,151,True
95,196,499,650,151,True
0,200,500,570,70,True
3,193,500,570,70,True
5,208,500,570,70,True
10,190,500,696,196,True
11,190,500,696,196,True
12,202,500,570,70,True
17,192,500,696,196,True
18,215,500,696,196,True
21,199,500,570,70,True
22,189,500,696,196,True
23,208,500,570,70,True
25,202,500,696,196,True
28,191,500,570,70,True
31,195,500,696,196,True
35,194,500,570,70,True
36,194,500,696,196,True
37,199,500,696,196,True
38,211,500,570,70,True
41,199,500,570,70,True
42,185,500,696,196,True
45,193,500,570,70,True
47,208,500,570,70,True
50,180,500,650,150,True
52,179,500,570,70,True
54,181,500,650,150,True
56,229,500,650,150,True
57,199,500,650,150,True
59,195,500,650,150,True
61,210,500,650,150,True
62,197,500,570,70,True
63,215,500,650,150,True
64,182,500,650,150,True
65,209,500,650,150,True
68,215,500,650,150,True
71,177,500,650,150,True
73,209,500,570,70,True
77,192,500,650,150,True
79,199,500,650,150,True
81,203,500,650,150,True
85,195,500,650,150,True
89,196,500,650,150,True
92,202,500,650,150,True
93,223,500,650,150,True
96,196,500,650,150,True
99,204,500,650,150,True
0,201,501,570,69,True
5,209,501,696,195,True
8,209,501,696,195,True
12,203,501,570,69,True
15,192,501,696,195,True
16,222,501,696,195,True
20,213,501,696,195,True
21,200,501,570,69,True
24,189,501,696,195,True
25,203,501,696,195,True
26,192,501,696,195,True
28,192,501,570,69,True
29,201,501,570,69,True
35,195,501,570,69,True
37,200,501,696,195,True
40,212,501,570,69,True
41,200,501,570,69,True
42,186,501,696,195,True
44,225,501,696,195,True
45,194,501,570,69,True
48,203,501,696,195,True
49,211,501,696,195,True
50,181,501,650,149,True
51,180,501,570,69,True
55,216,501,650,149,True
56,230,501,650,149,True
62,198,501,570,69,True
63,216,501,650,149,True
65,210,501,650,149,True
66,195,501,570,69,True
68,216,501,650,149,True
72,183,501,650,149,True
73,210,501,570,69,True
76,217,501,650,149,True
83,199,501,650,149,True
85,196,501,650,149,True
88,201,501,650,149,True
0,202,502,570,68,True
1,186,502,570,68,True
2,194,502,696,194,True
6,209,502,696,194,True
13,203,502,696,194,True
15,193,502,696,194,True
19,192,502,696,194,True
34,185,502,696,194,True
36,195,502,696,194,True
38,212,502,570,68,True
39,200,502,570,68,True
43,207,502,696,194,True
44,226,502,696,194,True
45,195,502,570,68,True
46,188,502,696,194,True
51,181,502,650,148,True
52,180,502,570,68,True
54,182,502,650,148,True
55,217,502,650,148,True
56,231,502,650,148,True
58,207,502,650,148,True
60,207,502,650,148,True
61,211,502,650,148,True
62,199,502,570,68,True
64,183,502,650,148,True
66,196,502,570,68,True
68,217,502,650,148,True
69,183,502,650,148,True
71,178,502,650,148,True
77,193,502,650,148,True
79,200,502,650,148,True
80,209,502,650,148,True
82,204,502,650,148,True
83,200,502,650,148,True
84,216,502,570,68,True
85,197,502,650,148,True
87,193,502,650,148,True
90,209,502,650,148,True
91,185,502,650,148,True
93,224,502,650,148,True
95,197,502,650,148,True
99,205,502,650,148,True
0,203,503,570,67,True
1,187,503,570,67,True
3,194,503,570,67,True
4,195,503,696,193,True
11,191,503,696,193,True
12,204,503,570,67,True
16,223,503,696,193,True
18,216,503,696,193,True
20,214,503,696,193,True
23,209,503,570,67,True
25,204,503,696,193,True
26,193,503,696,193,True
30,199,503,570,67,True
35,196,503,570,67,True
37,201,503,696,193,True
40,213,503,696,193,True
41,201,503,570,67,True
44,227,503,696,193,True
46,189,503,696,193,True
50,182,503,650,147,True
51,182,503,650,147,True
52,181,503,570,67,True
54,183,503,650,147,True
55,218,503,650,147,True
56,232,503,650,147,True
58,208,503,650,147,True
60,208,503,650,147,True
65,211,503,650,147,True
66,197,503,650,147,True
68,218,503,650,147,True
70,224,503,650,147,True
71,179,503,650,147,True
72,184,503,650,147,True
73,211,503,570,67,True
75,201,503,650,147,True
76,218,503,650,147,True
82,205,503,650,147,True
85,198,503,650,147,True
90,210,503,650,147,True
91,186,503,650,147,True
99,206,503,650,147,True
0,204,504,696,192,True
3,195,504,570,66,True
4,196,504,696,192,True
6,210,504,696,192,True
15,194,504,696,192,True
17,193,504,696,192,True
19,193,504,696,192,True
25,205,504,696,192,True
29,202,504,696,192,True
31,196,504,696,192,True
32,203,504,696,192,True
33,221,504,696,192,True
35,197,504,570,66,True
40,214,504,696,192,True
44,228,504,696,192,True
47,209,504,570,66,True
48,204,504,696,192,True
49,212,504,696,192,True
50,183,504,650,146,True
51,183,504,650,146,True
52,182,504,570,66,True
55,219,504,650,146,True
61,212,504,650,146,True
62,200,504,570,66,True
66,198,504,650,146,True
67,194,504,650,146,True
69,184,504,650,146,True
70,225,504,650,146,True
72,185,504,650,146,True
74,191,504,650,146,True
75,202,504,650,146,True
76,219,504,650,146,True
77,194,504,650,146,True
80,210,504,650,146,True
81,204,504,650,146,True
83,201,504,650,146,True
84,217,504,570,66,True
85,199,504,650,146,True
91,187,504,650,146,True
92,203,504,650,146,True
96,197,504,650,146,True
99,207,504,650,146,True
1,188,505,696,191,True
7,193,505,696,191,True
9,217,505,696,191,True
10,191,505,696,191,True
15,195,505,696,191,True
16,224,505,696,191,True
23,210,505,570,65,True
25,206,505,696,191,True
26,194,505,696,191,True
32,204,505,696,191,True
33,222,505,696,191,True
34,186,505,696,191,True
35,198,505,570,65,True
36,196,505,696,191,True
42,187,505,696,191,True
45,196,505,570,65,True
46,190,505,696,191,True
48,205,505,696,191,True
54,184,505,650,145,True
59,196,505,650,145,True
61,213,505,650,145,True
65,212,505,650,145,True
67,195,505,650,145,True
68,219,505,650,145,True
69,185,505,650,145,True
71,180,505,650,145,True
72,186,505,650,145,True
77,195,505,650,145,True
78,212,505,650,145,True
87,194,505,650,145,True
90,211,505,650,145,True
91,188,505,650,145,True
92,204,505,650,145,True
93,225,505,650,145,True
94,223,505,650,145,True
95,198,505,650,145,True
96,198,505,650,145,True
97,187,505,650,145,True
98,187,505,650,145,True
99,208,505,650,145,True
1,189,506,696,190,True
11,192,506,696,190,True
14,211,506,696,190,True
15,196,506,696,190,True
16,225,506,696,190,True
19,194,506,696,190,True
21,201,506,570,64,True
23,211,506,570,64,True
25,207,506,696,190,True
28,193,506,570,64,True
29,203,506,696,190,True
30,200,506,570,64,True
31,197,506,696,190,True
35,199,506,570,64,True
36,197,506,696,190,True
39,201,506,696,190,True
40,215,506,696,190,True
43,208,506,696,190,True
47,210,506,570,64,True
48,206,506,696,190,True
50,184,506,650,144,True
52,183,506,650,144,True
54,185,506,650,144,True
58,209,506,650,144,True
65,213,506,650,144,True
66,199,506,650,144,True
68,220,506,650,144,True
69,186,506,650,144,True
70,226,506,650,144,True
74,192,506,650,144,True
75,203,506,650,144,True
77,196,506,650,144,True
79,201,506,650,144,True
82,206,506,650,144,True
87,195,506,650,144,True
94,224,506,650,144,True
95,199,506,650,144,True
98,188,506,650,144,True
99,209,506,650,144,True
2,195,507,696,189,True
3,196,507,570,63,True
4,197,507,696,189,True
5,210,507,696,189,True
6,211,507,696,189,True
8,210,507,696,189,True
9,218,507,696,189,True
11,193,507,696,189,True
15,197,507,696,189,True
18,217,507,696,189,True
20,215,507,696,189,True
21,202,507,570,63,True
22,190,507,696,189,True
24,190,507,696,189,True
48,207,507,696,189,True
49,213,507,696,189,True
54,186,507,650,143,True
57,200,507,650,143,True
62,201,507,570,63,True
66,200,507,650,143,True
70,227,507,650,143,True
71,181,507,650,143,True
76,220,507,650,143,True
78,213,507,650,143,True
81,205,507,650,143,True
87,196,507,650,143,True
89,197,507,650,143,True
90,212,507,650,143,True
92,205,507,650,143,True
93,226,507,650,143,True
94,225,507,650,143,True
95,200,507,650,143,True
96,199,507,650,143,True
97,188,507,650,143,True
98,189,507,650,143,True
99,210,507,650,143,True
0,205,508,696,188,True
2,196,508,696,188,True
3,197,508,570,62,True
4,198,508,696,188,True
12,205,508,570,62,True
14,212,508,696,188,True
17,194,508,696,188,True
18,218,508,696,188,True
25,208,508,696,188,True
29,204,508,696,188,True
31,198,508,696,188,True
32,205,508,696,188,True
34,187,508,696,188,True
35,200,508,570,62,True
39,202,508,696,188,True
40,216,508,696,188,True
42,188,508,696,188,True
43,209,508,696,188,True
46,191,508,696,188,True
48,208,508,696,188,True
49,214,508,696,188,True
52,184,508,650,142,True
54,187,508,650,142,True
57,201,508,650,142,True
59,197,508,650,142,True
65,214,508,650,142,True
70,228,508,650,142,True
71,182,508,650,142,True
72,187,508,650,142,True
73,212,508,650,142,True
77,197,508,650,142,True
80,211,508,650,142,True
83,202,508,650,142,True
84,218,508,570,62,True
90,213,508,650,142,True
99,211,508,650,142,True
0,206,509,696,187,True
1,190,509,696,187,True
2,197,509,696,187,True
3,198,509,570,61,True
7,194,509,696,187,True
8,211,509,696,187,True
12,206,509,570,61,True
13,204,509,696,187,True
14,213,509,696,187,True
16,226,509,696,187,True
20,216,509,696,187,True
21,203,509,570,61,True
26,195,509,696,187,True
27,208,509,696,187,True
28,194,509,696,187,True
29,205,509,696,187,True
30,201,509,570,61,True
31,199,509,696,187,True
33,223,509,696,187,True
34,188,509,696,187,True
35,201,509,570,61,True
38,213,509,570,61,True
40,217,509,696,187,True
43,210,509,696,187,True
44,229,509,696,187,True
49,215,509,696,187,True
52,185,509,650,141,True
62,202,509,570,61,True
63,217,509,650,141,True
70,229,509,650,141,True
75,204,509,650,141,True
78,214,509,650,141,True
83,203,509,650,141,True
87,197,509,650,141,True
91,189,509,650,141,True
93,227,509,650,141,True
94,226,509,650,141,True
98,190,509,650,141,True
1,191,510,696,186,True
9,219,510,696,186,True
11,194,510,696,186,True
14,214,510,696,186,True
19,195,510,696,186,True
24,191,510,696,186,True
25,209,510,696,186,True
29,206,510,696,186,True
31,200,510,696,186,True
34,189,510,696,186,True
37,202,510,696,186,True
38,214,510,570,60,True
39,203,510,696,186,True
41,202,510,570,60,True
45,197,510,570,60,True
49,216,510,696,186,True
52,186,510,650,140,True
54,188,510,650,140,True
56,233,510,650,140,True
61,214,510,650,140,True
62,203,510,570,60,True
66,201,510,650,140,True
68,221,510,650,140,True
72,188,510,650,140,True
76,221,510,650,140,True
77,198,510,650,140,True
82,207,510,650,140,True
83,204,510,650,140,True
84,219,510,570,60,True
85,200,510,650,140,True
86,192,510,650,140,True
89,198,510,650,140,True
90,214,510,650,140,True
92,206,510,650,140,True
93,228,510,650,140,True
94,227,510,650,140,True
96,200,510,650,140,True
97,189,510,650,140,True
0,207,511,696,185,True
6,212,511,696,185,True
8,212,511,696,185,True
10,192,511,696,185,True
11,195,511,696,185,True
13,205,511,696,185,True
14,215,511,696,185,True
15,198,511,696,185,True
17,195,511,696,185,True
18,219,511,696,185,True
21,204,511,570,59,True
22,191,511,696,185,True
24,192,511,696,185,True
26,196,511,696,185,True
34,190,511,696,185,True
36,198,511,696,185,True
38,215,511,696,185,True
42,189,511,696,185,True
46,192,511,696,185,True
47,211,511,696,185,True
52,187,511,650,139,True
55,220,511,650,139,True
56,234,511,650,139,True
58,210,511,650,139,True
63,218,511,650,139,True
65,215,511,650,139,True
66,202,511,650,139,True
69,187,511,650,139,True
72,189,511,650,139,True
73,213,511,650,139,True
74,193,511,650,139,True
77,199,511,650,139,True
78,215,511,650,139,True
81,206,511,650,139,True
84,220,511,650,139,True
89,199,511,650,139,True
90,215,511,650,139,True
94,228,511,650,139,True
97,190,511,650,139,True
1,192,512,696,184,True
2,198,512,696,184,True
3,199,512,570,58,True
4,199,512,696,184,True
5,211,512,696,184,True
6,213,512,696,184,True
10,193,512,696,184,True
13,206,512,696,184,True
14,216,512,696,184,True
15,199,512,696,184,True
17,196,512,696,184,True
19,196,512,696,184,True
20,217,512,696,184,True
21,205,512,570,58,True
30,202,512,570,58,True
31,201,512,696,184,True
33,224,512,696,184,True
35,202,512,570,58,True
42,190,512,696,184,True
50,185,512,650,138,True
53,208,512,650,138,True
55,221,512,650,138,True
59,198,512,650,138,True
62,204,512,570,58,True
72,190,512,650,138,True
73,214,512,650,138,True
76,222,512,650,138,True
79,202,512,650,138,True
80,212,512,650,138,True
86,193,512,650,138,True
92,207,512,650,138,True
96,201,512,650,138,True
97,191,512,650,138,True
98,191,512,650,138,True
99,212,512,650,138,True
0,208,513,696,183,True
1,193,513,696,183,True
5,212,513,696,183,True
9,220,513,696,183,True
11,196,513,696,183,True
12,207,513,570,57,True
17,197,513,696,183,True
18,220,513,696,183,True
19,197,513,696,183,True
26,197,513,696,183,True
28,195,513,696,183,True
29,207,513,696,183,True
33,225,513,696,183,True
34,191,513,696,183,True
37,203,513,696,183,True
38,216,513,696,183,True
43,211,513,696,183,True
44,230,513,696,183,True
45,198,513,570,57,True
47,212,513,696,183,True
48,209,513,696,183,True
49,217,513,696,183,True
50,186,513,650,137,True
51,184,513,650,137,True
53,209,513,650,137,True
55,222,513,650,137,True
65,216,513,650,137,True
67,196,513,650,137,True
71,183,513,650,137,True
72,191,513,650,137,True
75,205,513,650,137,True
80,213,513,650,137,True
83,205,513,650,137,True
84,221,513,650,137,True
90,216,513,650,137,True
91,190,513,650,137,True
92,208,513,650,137,True
95,201,513,650,137,True
96,202,513,650,137,True
99,213,513,650,137,True
3,200,514,570,56,True
4,200,514,696,182,True
5,213,514,696,182,True
7,195,514,696,182,True
10,194,514,696,182,True
11,197,514,696,182,True
13,207,514,696,182,True
14,217,514,696,182,True
20,218,514,696,182,True
21,206,514,570,56,True
22,192,514,696,182,True
24,193,514,696,182,True
25,210,514,696,182,True
28,196,514,696,182,True
31,202,514,696,182,True
32,206,514,696,182,True
34,192,514,696,182,True
39,204,514,696,182,True
40,218,514,696,182,True
42,191,514,696,182,True
47,213,514,696,182,True
48,210,514,696,182,True
53,210,514,650,136,True
54,189,514,650,136,True
63,219,514,650,136,True
67,197,514,650,136,True
71,184,514,650,136,True
73,215,514,650,136,True
74,194,514,650,136,True
76,223,514,650,136,True
77,200,514,650,136,True
79,203,514,650,136,True
81,207,514,650,136,True
82,208,514,650,136,True
88,202,514,650,136,True
91,191,514,650,136,True
93,229,514,650,136,True
94,229,514,650,136,True
98,192,514,650,136,True
5,214,515,696,181,True
6,214,515,696,181,True
7,196,515,696,181,True
8,213,515,696,181,True
9,221,515,696,181,True
12,208,515,570,55,True
18,221,515,696,181,True
24,194,515,696,181,True
26,198,515,696,181,True
27,209,515,696,181,True
29,208,515,696,181,True
31,203,515,696,181,True
33,226,515,696,181,True
35,203,515,570,55,True
37,204,515,696,181,True
40,219,515,696,181,True
41,203,515,696,181,True
49,218,515,696,181,True
52,188,515,650,135,True
53,211,515,650,135,True
55,223,515,650,135,True
56,235,515,650,135,True
58,211,515,650,135,True
61,215,515,650,135,True
63,220,515,650,135,True
64,184,515,650,135,True
68,222,515,650,135,True
72,192,515,650,135,True
75,206,515,650,135,True
78,216,515,650,135,True
79,204,515,650,135,True
80,214,515,650,135,True
82,209,515,650,135,True
88,203,515,650,135,True
91,192,515,650,135,True
92,209,515,650,135,True
96,203,515,650,135,True
97,192,515,650,135,True
2,199,516,696,180,True
3,201,516,570,54,True
7,197,516,696,180,True
10,195,516,696,180,True
11,198,516,696,180,True
17,198,516,696,180,True
19,198,516,696,180,True
20,219,516,696,180,True
24,195,516,696,180,True
26,199,516,696,180,True
29,209,516,696,180,True
33,227,516,696,180,True
34,193,516,696,180,True
37,205,516,696,180,True
39,205,516,696,180,True
40,220,516,696,180,True
41,204,516,696,180,True
42,192,516,696,180,True
43,212,516,696,180,True
45,199,516,570,54,True
49,219,516,696,180,True
51,185,516,650,134,True
53,212,516,650,134,True
54,190,516,650,134,True
56,236,516,650,134,True
57,202,516,650,134,True
64,185,516,650,134,True
66,203,516,650,134,True
70,230,516,650,134,True
73,216,516,650,134,True
76,224,516,650,134,True
78,217,516,650,134,True
79,205,516,650,134,True
80,215,516,650,134,True
85,201,516,650,134,True
86,194,516,650,134,True
88,204,516,650,134,True
89,200,516,650,134,True
92,210,516,650,134,True
94,230,516,650,134,True
96,204,516,650,134,True
97,193,516,650,134,True
99,214,516,650,134,True
0,209,517,696,179,True
6,215,517,696,179,True
11,199,517,696,179,True
15,200,517,696,179,True
22,193,517,696,179,True
24,196,517,696,179,True
25,211,517,696,179,True
26,200,517,696,179,True
27,210,517,696,179,True
28,197,517,696,179,True
31,204,517,696,179,True
33,228,517,696,179,True
34,194,517,696,179,True
35,204,517,696,179,True
39,206,517,696,179,True
40,221,517,696,179,True
41,205,517,696,179,True
44,231,517,696,179,True
47,214,517,696,179,True
49,220,517,696,179,True
50,187,517,650,133,True
52,189,517,650,133,True
57,203,517,650,133,True
58,212,517,650,133,True
59,199,517,650,133,True
65,217,517,650,133,True
69,188,517,650,133,True
75,207,517,650,133,True
76,225,517,650,133,True
78,218,517,650,133,True
79,206,517,650,133,True
82,210,517,650,133,True
89,201,517,650,133,True
90,217,517,650,133,True
95,202,517,650,133,True
97,194,517,650,133,True
99,215,517,650,133,True
0,210,518,696,178,True
1,194,518,696,178,True
9,222,518,696,178,True
10,196,518,696,178,True
13,208,518,696,178,True
15,201,518,696,178,True
21,207,518,570,52,True
22,194,518,696,178,True
26,201,518,696,178,True
30,203,518,696,178,True
32,207,518,696,178,True
33,229,518,696,178,True
34,195,518,696,178,True
38,217,518,696,178,True
43,213,518,696,178,True
45,200,518,570,52,True
50,188,518,650,132,True
53,213,518,650,132,True
55,224,518,650,132,True
56,237,518,650,132,True
57,204,518,650,132,True
61,216,518,650,132,True
63,221,518,650,132,True
65,218,518,650,132,True
66,204,518,650,132,True
67,198,518,650,132,True
69,189,518,650,132,True
74,195,518,650,132,True
75,208,518,650,132,True
76,226,518,650,132,True
78,219,518,650,132,True
81,208,518,650,132,True
86,195,518,650,132,True
87,198,518,650,132,True
88,205,518,650,132,True
90,218,518,650,132,True
91,193,518,650,132,True
95,203,518,650,132,True
97,195,518,650,132,True
99,216,518,650,132,True
1,195,519,696,177,True
4,201,519,696,177,True
6,216,519,696,177,True
8,214,519,696,177,True
9,223,519,696,177,True
10,197,519,696,177,True
11,200,519,696,177,True
15,202,519,696,177,True
18,222,519,696,177,True
25,212,519,696,177,True
26,202,519,696,177,True
28,198,519,696,177,True
29,210,519,696,177,True
30,204,519,696,177,True
32,208,519,696,177,True
35,205,519,696,177,True
38,218,519,696,177,True
39,207,519,696,177,True
41,206,519,696,177,True
42,193,519,696,177,True
43,214,519,696,177,True
45,201,519,570,51,True
47,215,519,696,177,True
51,186,519,650,131,True
52,190,519,650,131,True
53,214,519,650,131,True
58,213,519,650,131,True
59,200,519,650,131,True
60,209,519,650,131,True
61,217,519,650,131,True
62,205,519,650,131,True
63,222,519,650,131,True
64,186,519,650,131,True
65,219,519,650,131,True
69,190,519,650,131,True
72,193,519,650,131,True
74,196,519,650,131,True
75,209,519,650,131,True
81,209,519,650,131,True
82,211,519,650,131,True
83,206,519,650,131,True
84,222,519,650,131,True
86,196,519,650,131,True
90,219,519,650,131,True
91,194,519,650,131,True
92,211,519,650,131,True
94,231,519,650,131,True
2,200,520,696,176,True
3,202,520,696,176,True
5,215,520,696,176,True
6,217,520,696,176,True
8,215,520,696,176,True
12,209,520,570,50,True
14,218,520,696,176,True
15,203,520,696,176,True
19,199,520,696,176,True
21,208,520,570,50,True
25,213,520,696,176,True
34,196,520,696,176,True
36,199,520,696,176,True
39,208,520,696,176,True
40,222,520,696,176,True
41,207,520,696,176,True
42,194,520,696,176,True
43,215,520,696,176,True
47,216,520,696,176,True
49,221,520,696,176,True
52,191,520,650,130,True
55,225,520,650,130,True
57,205,520,650,130,True
60,210,520,650,130,True
64,187,520,650,130,True
71,185,520,650,130,True
73,217,520,650,130,True
74,197,520,650,130,True
75,210,520,650,130,True
77,201,520,650,130,True
88,206,520,650,130,True
92,212,520,650,130,True
93,230,520,650,130,True
94,232,520,650,130,True
0,211,521,696,175,True
4,202,521,696,175,True
7,198,521,696,175,True
10,198,521,696,175,True
13,209,521,696,175,True
14,219,521,696,175,True
16,227,521,696,175,True
18,223,521,696,175,True
20,220,521,696,175,True
21,209,521,576,55,True
24,197,521,696,175,True
26,203,521,696,175,True
30,205,521,696,175,True
32,209,521,696,175,True
33,230,521,696,175,True
34,197,521,696,175,True
35,206,521,696,175,True
38,219,521,696,175,True
40,223,521,696,175,True
43,216,521,696,175,True
52,192,521,650,129,True
56,238,521,650,129,True
62,206,521,650,129,True
66,205,521,650,129,True
68,223,521,650,129,True
72,194,521,650,129,True
73,218,521,650,129,True
74,198,521,650,129,True
80,216,521,650,129,True
83,207,521,650,129,True
85,202,521,650,129,True
87,199,521,650,129,True
90,220,521,650,129,True
91,195,521,650,129,True
94,233,521,650,129,True
99,217,521,650,129,True
1,196,522,696,174,True
2,201,522,696,174,True
3,203,522,696,174,True
11,201,522,696,174,True
12,210,522,570,48,True
13,210,522,696,174,True
18,224,522,696,174,True
20,221,522,696,174,True
30,206,522,696,174,True
34,198,522,696,174,True
36,200,522,696,174,True
37,206,522,696,174,True
39,209,522,696,174,True
42,195,522,696,174,True
44,232,522,696,174,True
47,217,522,696,174,True
48,211,522,696,174,True
49,222,522,696,174,True
51,187,522,650,128,True
52,193,522,650,128,True
54,191,522,650,128,True
57,206,522,650,128,True
68,224,522,650,128,True
69,191,522,650,128,True
70,231,522,650,128,True
72,195,522,650,128,True
78,220,522,694,172,True
82,212,522,650,128,True
85,203,522,650,128,True
88,207,522,650,128,True
89,202,522,650,128,True
94,234,522,650,128,True
97,196,522,650,128,True
98,193,522,650,128,True
99,218,522,650,128,True
1,197,523,696,173,True
6,218,523,696,173,True
10,199,523,696,173,True
12,211,523,570,47,True
16,228,523,696,173,True
20,222,523,696,173,True
21,210,523,576,53,True
28,199,523,696,173,True
30,207,523,696,173,True
34,199,523,696,173,True
35,207,523,696,173,True
39,210,523,696,173,True
40,224,523,696,173,True
41,208,523,696,173,True
42,196,523,696,173,True
46,193,523,696,173,True
47,218,523,696,173,True
49,223,523,696,173,True
51,188,523,650,127,True
53,215,523,694,171,True
55,226,523,650,127,True
57,207,523,650,127,True
65,220,523,650,127,True
68,225,523,650,127,True
69,192,523,650,127,True
72,196,523,650,127,True
73,219,523,650,127,True
74,199,523,650,127,True
78,221,523,694,171,True
80,217,523,650,127,True
82,213,523,650,127,True
83,208,523,650,127,True
85,204,523,650,127,True
87,200,523,650,127,True
88,208,523,650,127,True
93,231,523,650,127,True
94,235,523,650,127,True
95,204,523,650,127,True
2,202,524,696,172,True
5,216,524,696,172,True
7,199,524,696,172,True
10,200,524,696,172,True
13,211,524,696,172,True
16,229,524,696,172,True
17,199,524,696,172,True
21,211,524,576,52,True
29,211,524,696,172,True
31,205,524,696,172,True
35,208,524,696,172,True
38,220,524,696,172,True
39,211,524,696,172,True
41,209,524,696,172,True
44,233,524,696,172,True
47,219,524,696,172,True
48,212,524,696,172,True
49,224,524,696,172,True
51,189,524,650,126,True
53,216,524,694,170,True
54,192,524,650,126,True
55,227,524,650,126,True
59,201,524,650,126,True
63,223,524,650,126,True
65,221,524,650,126,True
70,232,524,650,126,True
71,186,524,650,126,True
72,197,524,650,126,True
76,227,524,650,126,True
79,207,524,650,126,True
80,218,524,650,126,True
88,209,524,650,126,True
91,196,524,650,126,True
94,236,524,650,126,True
98,194,524,650,126,True
1,198,525,696,171,True
9,224,525,696,171,True
11,202,525,696,171,True
14,220,525,696,171,True
16,230,525,696,171,True
21,212,525,576,51,True
22,195,525,696,171,True
26,204,525,696,171,True
27,211,525,696,171,True
29,212,525,696,171,True
31,206,525,696,171,True
34,200,525,696,171,True
36,201,525,696,171,True
37,207,525,696,171,True
42,197,525,696,171,True
43,217,525,696,171,True
44,234,525,696,171,True
45,202,525,570,45,True
47,220,525,696,171,True
51,190,525,650,125,True
53,217,525,694,169,True
54,193,525,650,125,True
55,228,525,650,125,True
58,214,525,650,125,True
59,202,525,650,125,True
60,211,525,650,125,True
61,218,525,694,169,True
67,199,525,650,125,True
68,226,525,650,125,True
72,198,525,650,125,True
74,200,525,650,125,True
76,228,525,650,125,True
79,208,525,650,125,True
85,205,525,650,125,True
87,201,525,650,125,True
88,210,525,650,125,True
90,221,525,650,125,True
91,197,525,650,125,True
93,232,525,650,125,True
94,237,525,650,125,True
95,205,525,650,125,True
97,197,525,650,125,True
98,195,525,650,125,True
1,199,526,696,170,True
2,203,526,696,170,True
3,204,526,696,170,True
5,217,526,696,170,True
8,216,526,696,170,True
12,212,526,696,170,True
13,212,526,696,170,True
14,221,526,696,170,True
16,231,526,696,170,True
17,200,526,696,170,True
19,200,526,696,170,True
20,223,526,696,170,True
22,196,526,696,170,True
23,212,526,696,170,True
25,214,526,696,170,True
26,205,526,696,170,True
30,208,526,696,170,True
31,207,526,696,170,True
32,210,526,696,170,True
34,201,526,696,170,True
35,209,526,696,170,True
36,202,526,696,170,True
38,221,526,696,170,True
40,225,526,696,170,True
41,210,526,696,170,True
49,225,526,696,170,True
51,191,526,650,124,True
54,194,526,650,124,True
55,229,526,650,124,True
56,239,526,650,124,True
59,203,526,650,124,True
61,219,526,694,168,True
65,222,526,694,168,True
67,200,526,650,124,True
68,227,526,650,124,True
71,187,526,650,124,True
78,222,526,694,168,True
81,210,526,650,124,True
82,214,526,650,124,True
84,223,526,650,124,True
89,203,526,650,124,True
93,233,526,694,168,True
96,205,526,650,124,True
97,198,526,650,124,True
99,219,526,650,124,True
1,200,527,696,169,True
3,205,527,696,169,True
5,218,527,696,169,True
9,225,527,696,169,True
14,222,527,696,169,True
15,204,527,696,169,True
16,232,527,696,169,True
17,201,527,696,169,True
18,225,527,696,169,True
26,206,527,696,169,True
27,212,527,696,169,True
28,200,527,696,169,True
29,213,527,696,169,True
31,208,527,696,169,True
32,211,527,696,169,True
33,231,527,696,169,True
34,202,527,696,169,True
35,210,527,696,169,True
36,203,527,696,169,True
37,208,527,696,169,True
38,222,527,696,169,True
39,212,527,696,169,True
40,226,527,696,169,True
41,211,527,696,169,True
45,203,527,696,169,True
47,221,527,696,169,True
50,189,527,650,123,True
53,218,527,694,167,True
57,208,527,650,123,True
58,215,527,650,123,True
63,224,527,650,123,True
64,188,527,650,123,True
67,201,527,650,123,True
68,228,527,650,123,True
69,193,527,650,123,True
70,233,527,650,123,True
71,188,527,650,123,True
77,202,527,650,123,True
79,209,527,650,123,True
84,224,527,650,123,True
85,206,527,650,123,True
89,204,527,650,123,True
91,198,527,650,123,True
93,234,527,694,167,True
95,206,527,694,167,True
97,199,527,650,123,True
98,196,527,650,123,True
2,204,528,696,168,True
6,219,528,696,168,True
8,217,528,696,168,True
9,226,528,696,168,True
11,203,528,696,168,True
14,223,528,696,168,True
17,202,528,696,168,True
18,226,528,696,168,True
19,201,528,696,168,True
20,224,528,696,168,True
21,213,528,696,168,True
23,213,528,696,168,True
24,198,528,696,168,True
26,207,528,696,168,True
29,214,528,696,168,True
31,209,528,696,168,True
33,232,528,696,168,True
34,203,528,696,168,True
39,213,528,696,168,True
40,227,528,696,168,True
43,218,528,696,168,True
47,222,528,696,168,True
51,192,528,650,122,True
53,219,528,694,166,True
55,230,528,650,122,True
61,220,528,694,166,True
63,225,528,650,122,True
64,189,528,694,166,True
66,206,528,650,122,True
68,229,528,650,122,True
72,199,528,650,122,True
73,220,528,650,122,True
76,229,528,650,122,True
80,219,528,650,122,True
82,215,528,650,122,True
84,225,528,650,122,True
86,197,528,650,122,True
87,202,528,650,122,True
88,211,528,650,122,True
90,222,528,650,122,True
95,207,528,694,166,True
96,206,528,650,122,True
97,200,528,650,122,True
4,203,529,696,167,True
5,219,529,696,167,True
6,220,529,696,167,True
14,224,529,696,167,True
15,205,529,696,167,True
16,233,529,696,167,True
17,203,529,696,167,True
18,227,529,696,167,True
22,197,529,696,167,True
29,215,529,696,167,True
30,209,529,696,167,True
33,233,529,696,167,True
34,204,529,696,167,True
35,211,529,696,167,True
39,214,529,696,167,True
40,228,529,696,167,True
42,198,529,696,167,True
44,235,529,696,167,True
45,204,529,696,167,True
46,194,529,696,167,True
47,223,529,696,167,True
49,226,529,696,167,True
51,193,529,650,121,True
56,240,529,650,121,True
57,209,529,650,121,True
58,216,529,650,121,True
61,221,529,694,165,True
62,207,529,650,121,True
68,230,529,650,121,True
75,211,529,694,165,True
76,230,529,694,165,True
84,226,529,650,121,True
89,205,529,650,121,True
92,213,529,650,121,True
93,235,529,694,165,True
94,238,529,650,121,True
97,201,529,650,121,True
99,220,529,650,121,True
1,201,530,696,166,True
2,205,530,696,166,True
3,206,530,696,166,True
5,220,530,696,166,True
6,221,530,696,166,True
9,227,530,696,166,True
13,213,530,696,166,True
17,204,530,696,166,True
18,228,530,696,166,True
21,214,530,696,166,True
22,198,530,696,166,True
23,214,530,696,166,True
26,208,530,696,166,True
30,210,530,696,166,True
31,210,530,696,166,True
32,212,530,696,166,True
36,204,530,696,166,True
37,209,530,696,166,True
40,229,530,696,166,True
42,199,530,696,166,True
44,236,530,696,166,True
46,195,530,696,166,True
47,224,530,696,166,True
48,213,530,696,166,True
51,194,530,650,120,True
52,194,530,650,120,True
53,220,530,694,164,True
55,231,530,650,120,True
57,210,530,650,120,True
58,217,530,650,120,True
59,204,530,650,120,True
61,222,530,694,164,True
64,190,530,694,164,True
65,223,530,694,164,True
67,202,530,650,120,True
69,194,530,650,120,True
72,200,530,650,120,True
73,221,530,650,120,True
75,212,530,694,164,True
76,231,530,694,164,True
78,223,530,694,164,True
79,210,530,650,120,True
80,220,530,650,120,True
83,209,530,650,120,True
84,227,530,650,120,True
99,221,530,650,120,True
1,202,531,696,165,True
2,206,531,696,165,True
11,204,531,696,165,True
13,214,531,696,165,True
15,206,531,696,165,True
19,202,531,696,165,True
20,225,531,696,165,True
22,199,531,696,165,True
26,209,531,696,165,True
28,201,531,696,165,True
30,211,531,696,165,True
31,211,531,696,165,True
32,213,531,696,165,True
34,205,531,696,165,True
35,212,531,696,165,True
36,205,531,696,165,True
37,210,531,696,165,True
41,212,531,696,165,True
43,219,531,696,165,True
45,205,531,696,165,True
46,196,531,696,165,True
48,214,531,696,165,True
52,195,531,650,119,True
54,195,531,650,119,True
55,232,531,650,119,True
59,205,531,650,119,True
62,208,531,650,119,True
68,231,531,650,119,True
71,189,531,650,119,True
72,201,531,650,119,True
73,222,531,650,119,True
77,203,531,650,119,True
78,224,531,694,163,True
79,211,531,650,119,True
80,221,531,650,119,True
81,211,531,650,119,True
82,216,531,650,119,True
83,210,531,650,119,True
86,198,531,650,119,True
88,212,531,650,119,True
92,214,531,650,119,True
94,239,531,650,119,True
96,207,531,694,163,True
98,197,531,650,119,True
0,212,532,696,164,True
3,207,532,696,164,True
5,221,532,696,164,True
8,218,532,696,164,True
11,205,532,696,164,True
12,213,532,696,164,True
15,207,532,696,164,True
18,229,532,696,164,True
21,215,532,696,164,True
25,215,532,696,164,True
28,202,532,696,164,True
31,212,532,696,164,True
35,213,532,696,164,True
39,215,532,696,164,True
40,230,532,696,164,True
43,220,532,696,164,True
48,215,532,696,164,True
49,227,532,696,164,True
50,190,532,650,118,True
52,196,532,650,118,True
58,218,532,650,118,True
59,206,532,650,118,True
65,224,532,694,162,True
69,195,532,650,118,True
75,213,532,694,162,True
83,211,532,650,118,True
86,199,532,650,118,True
90,223,532,650,118,True
91,199,532,694,162,True
93,236,532,694,162,True
94,240,532,650,118,True
95,208,532,694,162,True
97,202,532,650,118,True
0,213,533,696,163,True
6,222,533,696,163,True
7,200,533,696,163,True
8,219,533,696,163,True
9,228,533,696,163,True
10,201,533,696,163,True
11,206,533,696,163,True
12,214,533,696,163,True
14,225,533,696,163,True
16,234,533,696,163,True
25,216,533,696,163,True
28,203,533,696,163,True
31,213,533,696,163,True
32,214,533,696,163,True
33,234,533,696,163,True
34,206,533,696,163,True
36,206,533,696,163,True
37,211,533,696,163,True
41,213,533,696,163,True
42,200,533,696,163,True
43,221,533,696,163,True
47,225,533,696,163,True
49,228,533,696,163,True
51,195,533,650,117,True
52,197,533,650,117,True
56,241,533,694,161,True
58,219,533,650,117,True
59,207,533,650,117,True
62,209,533,650,117,True
63,226,533,650,117,True
64,191,533,694,161,True
66,207,533,650,117,True
70,234,533,650,117,True
72,202,533,650,117,True
73,223,533,650,117,True
74,201,533,694,161,True
76,232,533,694,161,True
80,222,533,650,117,True
82,217,533,650,117,True
83,212,533,650,117,True
84,228,533,650,117,True
85,207,533,650,117,True
86,200,533,650,117,True
87,203,533,650,117,True
89,206,533,650,117,True
90,224,533,650,117,True
93,237,533,694,161,True
94,241,533,650,117,True
95,209,533,694,161,True
96,208,533,694,161,True
97,203,533,650,117,True
98,198,533,650,117,True
0,214,534,696,162,True
1,203,534,696,162,True
2,207,534,696,162,True
4,204,534,696,162,True
5,222,534,696,162,True
7,201,534,696,162,True
14,226,534,696,162,True
15,208,534,696,162,True
16,235,534,696,162,True
18,230,534,696,162,True
25,217,534,696,162,True
29,216,534,696,162,True
32,215,534,696,162,True
33,235,534,696,162,True
34,207,534,696,162,True
36,207,534,696,162,True
38,223,534,696,162,True
42,201,534,696,162,True
43,222,534,696,162,True
44,237,534,696,162,True
48,216,534,696,162,True
51,196,534,650,116,True
52,198,534,650,116,True
55,233,534,650,116,True
58,220,534,650,116,True
60,212,534,650,116,True
61,223,534,694,160,True
64,192,534,694,160,True
68,232,534,650,116,True
70,235,534,650,116,True
75,214,534,694,160,True
76,233,534,694,160,True
78,225,534,694,160,True
79,212,534,650,116,True
82,218,534,650,116,True
83,213,534,650,116,True
85,208,534,650,116,True
88,213,534,650,116,True
89,207,534,650,116,True
92,215,534,694,160,True
93,238,534,694,160,True
97,204,534,650,116,True
98,199,534,650,116,True
1,204,535,696,161,True
3,208,535,696,161,True
5,223,535,696,161,True
6,223,535,696,161,True
12,215,535,696,161,True
17,205,535,696,161,True
18,231,535,696,161,True
21,216,535,696,161,True
22,200,535,696,161,True
23,215,535,696,161,True
26,210,535,696,161,True
30,212,535,696,161,True
31,214,535,696,161,True
32,216,535,696,161,True
34,208,535,696,161,True
36,208,535,696,161,True
37,212,535,696,161,True
39,216,535,696,161,True
40,231,535,696,161,True
41,214,535,696,161,True
42,202,535,696,161,True
43,223,535,696,161,True
47,226,535,696,161,True
53,221,535,694,159,True
56,242,535,694,159,True
57,211,535,694,159,True
62,210,535,650,115,True
65,225,535,694,159,True
66,208,535,650,115,True
69,196,535,650,115,True
70,236,535,650,115,True
71,190,535,650,115,True
74,202,535,694,159,True
78,226,535,694,159,True
80,223,535,650,115,True
92,216,535,694,159,True
96,209,535,694,159,True
98,200,535,650,115,True
99,222,535,650,115,True
3,209,536,696,160,True
6,224,536,696,160,True
7,202,536,696,160,True
10,202,536,696,160,True
12,216,536,696,160,True
13,215,536,696,160,True
16,236,536,696,160,True
18,232,536,696,160,True
20,226,536,696,160,True
21,217,536,696,160,True
23,216,536,696,160,True
24,199,536,696,160,True
25,218,536,696,160,True
29,217,536,696,160,True
30,213,536,696,160,True
33,236,536,696,160,True
35,214,536,696,160,True
36,209,536,696,160,True
40,232,536,696,160,True
41,215,536,696,160,True
43,224,536,696,160,True
46,197,536,696,160,True
48,217,536,696,160,True
49,229,536,696,160,True
53,222,536,694,158,True
55,234,536,650,114,True
59,208,536,650,114,True
60,213,536,650,114,True
62,211,536,650,114,True
63,227,536,650,114,True
68,233,536,650,114,True
70,237,536,650,114,True
71,191,536,650,114,True
72,203,536,650,114,True
73,224,536,650,114,True
75,215,536,694,158,True
82,219,536,650,114,True
83,214,536,650,114,True
86,201,536,650,114,True
89,208,536,650,114,True
94,242,536,650,114,True
95,210,536,694,158,True
98,201,536,650,114,True
3,210,537,696,159,True
5,224,537,696,159,True
7,203,537,696,159,True
8,220,537,696,159,True
10,203,537,696,159,True
11,207,537,696,159,True
13,216,537,696,159,True
15,209,537,696,159,True
16,237,537,696,159,True
17,206,537,696,159,True
20,227,537,696,159,True
21,218,537,696,159,True
27,213,537,696,159,True
30,214,537,696,159,True
31,215,537,696,159,True
36,210,537,696,159,True
40,233,537,696,159,True
43,225,537,696,159,True
44,238,537,696,159,True
45,206,537,696,159,True
46,198,537,696,159,True
47,227,537,696,159,True
48,218,537,696,159,True
52,199,537,650,113,True
58,221,537,650,113,True
59,209,537,650,113,True
60,214,537,650,113,True
68,234,537,650,113,True
69,197,537,650,113,True
73,225,537,650,113,True
74,203,537,694,157,True
77,204,537,694,157,True
81,212,537,650,113,True
84,229,537,650,113,True
85,209,537,650,113,True
86,202,537,650,113,True
89,209,537,694,157,True
90,225,537,650,113,True
94,243,537,650,113,True
96,210,537,694,157,True
99,223,537,650,113,True
2,208,538,696,158,True
4,205,538,696,158,True
5,225,538,696,158,True
6,225,538,696,158,True
9,229,538,696,158,True
10,204,538,696,158,True
11,208,538,696,158,True
12,217,538,696,158,True
16,238,538,696,158,True
17,207,538,696,158,True
18,233,538,696,158,True
19,203,538,696,158,True
21,219,538,696,158,True
25,219,538,696,158,True
29,218,538,696,158,True
31,216,538,696,158,True
32,217,538,696,158,True
34,209,538,696,158,True
36,211,538,696,158,True
37,213,538,696,158,True
40,234,538,696,158,True
42,203,538,696,158,True
43,226,538,696,158,True
45,207,538,696,158,True
47,228,538,696,158,True
48,219,538,696,158,True
59,210,538,650,112,True
65,226,538,694,156,True
66,209,538,650,112,True
67,203,538,694,156,True
70,238,538,650,112,True
71,192,538,650,112,True
74,204,538,694,156,True
77,205,538,694,156,True
79,213,538,650,112,True
81,213,538,650,112,True
84,230,538,650,112,True
85,210,538,650,112,True
92,217,538,694,156,True
94,244,538,650,112,True
99,224,538,650,112,True
0,215,539,696,157,True
2,209,539,696,157,True
7,204,539,696,157,True
8,221,539,696,157,True
10,205,539,696,157,True
14,227,539,696,157,True
15,210,539,696,157,True
29,219,539,696,157,True
32,218,539,696,157,True
33,237,539,696,157,True
40,235,539,696,157,True
41,216,539,696,157,True
42,204,539,696,157,True
46,199,539,696,157,True
48,220,539,696,157,True
49,230,539,696,157,True
51,197,539,650,111,True
52,200,539,650,111,True
53,223,539,694,155,True
58,222,539,650,111,True
61,224,539,694,155,True
63,228,539,650,111,True
69,198,539,650,111,True
70,239,539,650,111,True
72,204,539,650,111,True
73,226,539,650,111,True
76,234,539,694,155,True
77,206,539,694,155,True
78,227,539,694,155,True
79,214,539,650,111,True
81,214,539,650,111,True
82,220,539,650,111,True
87,204,539,650,111,True
88,214,539,650,111,True
89,210,539,694,155,True
91,200,539,694,155,True
92,218,539,694,155,True
93,239,539,694,155,True
94,245,539,650,111,True
95,211,539,694,155,True
0,216,540,696,156,True
5,226,540,696,156,True
6,226,540,696,156,True
14,228,540,696,156,True
15,211,540,696,156,True
18,234,540,696,156,True
19,204,540,696,156,True
22,201,540,696,156,True
23,217,540,696,156,True
26,211,540,696,156,True
30,215,540,696,156,True
32,219,540,696,156,True
34,210,540,696,156,True
39,217,540,696,156,True
40,236,540,696,156,True
42,205,540,696,156,True
43,227,540,696,156,True
44,239,540,696,156,True
49,231,540,696,156,True
50,191,540,694,154,True
51,198,540,650,110,True
52,201,540,650,110,True
53,224,540,694,154,True
54,196,540,650,110,True
55,235,540,650,110,True
57,212,540,694,154,True
59,211,540,650,110,True
62,212,540,650,110,True
64,193,540,694,154,True
65,227,540,694,154,True
74,205,540,694,154,True
76,235,540,694,154,True
79,215,540,650,110,True
82,221,540,650,110,True
84,231,540,650,110,True
88,215,540,650,110,True
92,219,540,694,154,True
95,212,540,694,154,True
98,202,540,650,110,True
3,211,541,696,155,True
8,222,541,696,155,True
9,230,541,696,155,True
10,206,541,696,155,True
11,209,541,696,155,True
12,218,541,696,155,True
15,212,541,696,155,True
19,205,541,696,155,True
20,228,541,696,155,True
21,220,541,696,155,True
22,202,541,696,155,True
24,200,541,696,155,True
31,217,541,696,155,True
33,238,541,696,155,True
34,211,541,696,155,True
35,215,541,696,155,True
36,212,541,696,155,True
37,214,541,696,155,True
38,224,541,696,155,True
39,218,541,696,155,True
43,228,541,696,155,True
44,240,541,696,155,True
45,208,541,696,155,True
46,200,541,696,155,True
47,229,541,696,155,True
49,232,541,696,155,True
50,192,541,694,153,True
52,202,541,650,109,True
53,225,541,694,153,True
55,236,541,650,109,True
63,229,541,694,153,True
64,194,541,694,153,True
66,210,541,650,109,True
68,235,541,650,109,True
69,199,541,650,109,True
70,240,541,650,109,True
71,193,541,694,153,True
72,205,541,650,109,True
74,206,541,694,153,True
76,236,541,694,153,True
78,228,541,694,153,True
79,216,541,650,109,True
80,224,541,650,109,True
83,215,541,650,109,True
86,203,541,650,109,True
87,205,541,694,153,True
93,240,541,694,153,True
96,211,541,694,153,True
97,205,541,650,109,True
98,203,541,650,109,True
99,225,541,650,109,True
0,217,542,696,154,True
3,212,542,696,154,True
5,227,542,696,154,True
7,205,542,696,154,True
12,219,542,696,154,True
13,217,542,696,154,True
14,229,542,696,154,True
15,213,542,696,154,True
18,235,542,696,154,True
23,218,542,696,154,True
24,201,542,696,154,True
25,220,542,696,154,True
33,239,542,696,154,True
39,219,542,696,154,True
42,206,542,696,154,True
43,229,542,696,154,True
46,201,542,696,154,True
47,230,542,696,154,True
48,221,542,696,154,True
49,233,542,696,154,True
51,199,542,650,108,True
52,203,542,650,108,True
53,226,542,694,152,True
54,197,542,650,108,True
59,212,542,650,108,True
61,225,542,694,152,True
62,213,542,650,108,True
63,230,542,694,152,True
64,195,542,694,152,True
66,211,542,650,108,True
69,200,542,650,108,True
72,206,542,650,108,True
78,229,542,694,152,True
79,217,542,650,108,True
80,225,542,650,108,True
84,232,542,650,108,True
85,211,542,650,108,True
87,206,542,694,152,True
89,211,542,694,152,True
90,226,542,650,108,True
91,201,542,694,152,True
93,241,542,694,152,True
94,246,542,650,108,True
95,213,542,694,152,True
97,206,542,650,108,True
99,226,542,650,108,True
8,223,543,696,153,True
9,231,543,696,153,True
10,207,543,696,153,True
16,239,543,696,153,True
19,206,543,696,153,True
25,221,543,696,153,True
27,214,543,696,153,True
30,216,543,696,153,True
32,220,543,696,153,True
34,212,543,696,153,True
35,216,543,696,153,True
40,237,543,696,153,True
41,217,543,696,153,True
44,241,543,696,153,True
46,202,543,696,153,True
47,231,543,696,153,True
49,234,543,696,153,True
50,193,543,694,151,True
51,200,543,650,107,True
52,204,543,650,107,True
53,227,543,694,151,True
59,213,543,650,107,True
68,236,543,650,107,True
70,241,543,650,107,True
71,194,543,694,151,True
74,207,543,694,151,True
76,237,543,694,151,True
77,207,543,694,151,True
81,215,543,650,107,True
82,222,543,650,107,True
84,233,543,650,107,True
89,212,543,694,151,True
91,202,543,694,151,True
94,247,543,650,107,True
96,212,543,694,151,True
98,204,543,650,107,True
2,210,544,696,152,True
4,206,544,696,152,True
7,206,544,696,152,True
9,232,544,696,152,True
10,208,544,696,152,True
12,220,544,696,152,True
13,218,544,696,152,True
15,214,544,696,152,True
20,229,544,696,152,True
23,219,544,696,152,True
27,215,544,696,152,True
30,217,544,696,152,True
31,218,544,696,152,True
33,240,544,696,152,True
36,213,544,696,152,True
37,215,544,696,152,True
39,220,544,696,152,True
41,218,544,696,152,True
43,230,544,696,152,True
48,222,544,696,152,True
50,194,544,694,150,True
52,205,544,650,106,True
53,228,544,694,150,True
56,243,544,694,150,True
62,214,544,650,106,True
64,196,544,694,150,True
72,207,544,694,150,True
81,216,544,694,150,True
83,216,544,650,106,True
88,216,544,650,106,True
90,227,544,650,106,True
91,203,544,694,150,True
95,214,544,694,150,True
96,213,544,694,150,True
3,213,545,696,151,True
8,224,545,696,151,True
9,233,545,696,151,True
12,221,545,696,151,True
13,219,545,696,151,True
18,236,545,696,151,True
23,220,545,696,151,True
25,222,545,696,151,True
29,220,545,696,151,True
35,217,545,696,151,True
37,216,545,696,151,True
38,225,545,696,151,True
39,221,545,696,151,True
50,195,545,694,149,True
52,206,545,650,105,True
53,229,545,694,149,True
55,237,545,694,149,True
58,223,545,650,105,True
60,215,545,650,105,True
66,212,545,650,105,True
75,216,545,694,149,True
77,208,545,694,149,True
79,218,545,650,105,True
82,223,545,650,105,True
83,217,545,650,105,True
84,234,545,650,105,True
86,204,545,694,149,True
87,207,545,694,149,True
88,217,545,694,149,True
92,220,545,694,149,True
93,242,545,694,149,True
95,215,545,694,149,True
96,214,545,694,149,True
99,227,545,650,105,True
3,214,546,696,150,True
10,209,546,696,150,True
12,222,546,696,150,True
13,220,546,696,150,True
22,203,546,696,150,True
27,216,546,696,150,True
30,218,546,696,150,True
31,219,546,696,150,True
34,213,546,696,150,True
36,214,546,696,150,True
42,207,546,696,150,True
45,209,546,696,150,True
46,203,546,696,150,True
55,238,546,694,148,True
56,244,546,694,148,True
58,224,546,650,104,True
59,214,546,650,104,True
60,216,546,650,104,True
65,228,546,694,148,True
66,213,546,650,104,True
70,242,546,650,104,True
72,208,546,694,148,True
73,227,546,650,104,True
75,217,546,694,148,True
76,238,546,694,148,True
79,219,546,650,104,True
81,217,546,694,148,True
83,218,546,650,104,True
86,205,546,694,148,True
87,208,546,694,148,True
88,218,546,694,148,True
91,204,546,694,148,True
92,221,546,694,148,True
94,248,546,650,104,True
97,207,546,650,104,True
99,228,546,650,104,True
0,218,547,696,149,True
1,205,547,696,149,True
6,227,547,696,149,True
8,225,547,696,149,True
12,223,547,696,149,True
14,230,547,696,149,True
15,215,547,696,149,True
20,230,547,696,149,True
25,223,547,696,149,True
43,231,547,696,149,True
44,242,547,696,149,True
45,210,547,696,149,True
49,235,547,696,149,True
51,201,547,650,103,True
56,245,547,694,147,True
57,213,547,694,147,True
59,215,547,650,103,True
61,226,547,694,147,True
66,214,547,650,103,True
69,201,547,650,103,True
70,243,547,650,103,True
72,209,547,694,147,True
73,228,547,650,103,True
76,239,547,694,147,True
77,209,547,694,147,True
83,219,547,650,103,True
86,206,547,694,147,True
87,209,547,694,147,True
92,222,547,694,147,True
93,243,547,694,147,True
95,216,547,694,147,True
96,215,547,694,147,True
99,229,547,650,103,True
1,206,548,696,148,True
2,211,548,696,148,True
7,207,548,696,148,True
9,234,548,696,148,True
13,221,548,696,148,True
14,231,548,696,148,True
15,216,548,696,148,True
19,207,548,696,148,True
20,231,548,696,148,True
22,204,548,696,148,True
28,204,548,696,148,True
29,221,548,696,148,True
30,219,548,696,148,True
31,220,548,696,148,True
36,215,548,696,148,True
38,226,548,696,148,True
39,222,548,696,148,True
41,219,548,696,148,True
43,232,548,696,148,True
46,204,548,696,148,True
47,232,548,696,148,True
50,196,548,694,146,True
52,207,548,650,102,True
61,227,548,694,146,True
63,231,548,694,146,True
65,229,548,694,146,True
66,215,548,650,102,True
70,244,548,650,102,True
71,195,548,694,146,True
75,218,548,694,146,True
76,240,548,694,146,True
77,210,548,694,146,True
83,220,548,650,102,True
85,212,548,650,102,True
87,210,548,694,146,True
91,205,548,694,146,True
93,244,548,694,146,True
94,249,548,694,146,True
98,205,548,650,102,True
99,230,548,650,102,True
1,207,549,696,147,True
2,212,549,696,147,True
3,215,549,696,147,True
7,208,549,696,147,True
8,226,549,696,147,True
11,210,549,696,147,True
13,222,549,696,147,True
18,237,549,696,147,True
21,221,549,696,147,True
23,221,549,696,147,True
24,202,549,696,147,True
29,222,549,696,147,True
30,220,549,696,147,True
31,221,549,696,147,True
33,241,549,696,147,True
34,214,549,696,147,True
35,218,549,696,147,True
36,216,549,696,147,True
37,217,549,696,147,True
38,227,549,696,147,True
40,238,549,696,147,True
42,208,549,696,147,True
43,233,549,696,147,True
45,211,549,696,147,True
46,205,549,696,147,True
47,233,549,696,147,True
48,223,549,696,147,True
49,236,549,696,147,True
50,197,549,694,145,True
52,208,549,650,101,True
54,198,549,650,101,True
56,246,549,694,145,True
58,225,549,650,101,True
59,216,549,650,101,True
61,228,549,694,145,True
63,232,549,694,145,True
65,230,549,694,145,True
66,216,549,650,101,True
72,210,549,694,145,True
75,219,549,694,145,True
77,211,549,694,145,True
78,230,549,694,145,True
84,235,549,650,101,True
86,207,549,694,145,True
96,216,549,694,145,True
98,206,549,650,101,True
0,219,550,696,146,True
1,208,550,696,146,True
5,228,550,696,146,True
8,227,550,696,146,True
12,224,550,696,146,True
14,232,550,696,146,True
16,240,550,696,146,True
17,208,550,696,146,True
28,205,550,696,146,True
32,221,550,696,146,True
36,217,550,696,146,True
39,223,550,696,146,True
41,220,550,696,146,True
49,237,550,696,146,True
51,202,550,650,100,True
52,209,550,650,100,True
53,230,550,694,144,True
57,214,550,694,144,True
63,233,550,694,144,True
64,197,550,694,144,True
71,196,550,694,144,True
74,208,550,694,144,True
77,212,550,694,144,True
83,221,550,650,100,True
84,236,550,650,100,True
85,213,550,650,100,True
87,211,550,694,144,True
88,219,550,694,144,True
89,213,550,694,144,True
91,206,550,694,144,True
92,223,550,694,144,True
93,245,550,694,144,True
95,217,550,694,144,True
96,217,550,694,144,True
1,209,551,696,145,True
5,229,551,696,145,True
7,209,551,696,145,True
9,235,551,696,145,True
17,209,551,696,145,True
18,238,551,696,145,True
19,208,551,696,145,True
20,232,551,696,145,True
23,222,551,696,145,True
28,206,551,696,145,True
31,222,551,696,145,True
38,228,551,696,145,True
40,239,551,696,145,True
47,234,551,696,145,True
48,224,551,696,145,True
49,238,551,696,145,True
50,198,551,694,143,True
53,231,551,694,143,True
56,247,551,694,143,True
65,231,551,694,143,True
71,197,551,694,143,True
75,220,551,694,143,True
84,237,551,650,99,True
98,207,551,650,99,True
2,213,552,696,144,True
3,216,552,696,144,True
5,230,552,696,144,True
6,228,552,696,144,True
9,236,552,696,144,True
10,210,552,696,144,True
13,223,552,696,144,True
16,241,552,696,144,True
18,239,552,696,144,True
19,209,552,696,144,True
22,205,552,696,144,True
24,203,552,696,144,True
25,224,552,696,144,True
28,207,552,696,144,True
31,223,552,696,144,True
33,242,552,696,144,True
34,215,552,696,144,True
36,218,552,696,144,True
39,224,552,696,144,True
41,221,552,696,144,True
42,209,552,696,144,True
46,206,552,696,144,True
65,232,552,694,142,True
74,209,552,694,142,True
75,221,552,694,142,True
76,241,552,694,142,True
77,213,552,694,142,True
80,226,552,650,98,True
82,224,552,650,98,True
86,208,552,694,142,True
88,220,552,694,142,True
91,207,552,694,142,True
93,246,552,694,142,True
96,218,552,694,142,True
3,217,553,696,143,True
6,229,553,696,143,True
12,225,553,696,143,True
17,210,553,696,143,True
19,210,553,696,143,True
21,222,553,696,143,True
24,204,553,696,143,True
27,217,553,696,143,True
28,208,553,696,143,True
29,223,553,696,143,True
31,224,553,696,143,True
33,243,553,696,143,True
35,219,553,696,143,True
36,219,553,696,143,True
37,218,553,696,143,True
41,222,553,696,143,True
43,234,553,696,143,True
45,212,553,696,143,True
46,207,553,696,143,True
48,225,553,696,143,True
50,199,553,694,141,True
52,210,553,650,97,True
56,248,553,694,141,True
58,226,553,650,97,True
61,229,553,694,141,True
62,215,553,696,143,True
70,245,553,650,97,True
71,198,553,694,141,True
72,211,553,694,141,True
75,222,553,694,141,True
77,214,553,694,141,True
78,231,553,694,141,True
79,220,553,650,97,True
81,218,553,694,141,True
82,225,553,650,97,True
84,238,553,650,97,True
85,214,553,650,97,True
87,212,553,694,141,True
88,221,553,694,141,True
89,214,553,694,141,True
91,208,553,694,141,True
92,224,553,694,141,True
93,247,553,694,141,True
94,250,553,694,141,True
95,218,553,694,141,True
1,210,554,696,142,True
3,218,554,696,142,True
4,207,554,696,142,True
7,210,554,696,142,True
8,228,554,696,142,True
14,233,554,696,142,True
16,242,554,696,142,True
18,240,554,696,142,True
21,223,554,696,142,True
27,218,554,696,142,True
31,225,554,696,142,True
32,222,554,696,142,True
34,216,554,696,142,True
39,225,554,696,142,True
45,213,554,696,142,True
47,235,554,696,142,True
48,226,554,696,142,True
54,199,554,650,96,True
59,217,554,650,96,True
61,230,554,694,140,True
65,233,554,694,140,True
66,217,554,650,96,True
67,204,554,694,140,True
69,202,554,694,140,True
72,212,554,694,140,True
76,242,554,694,140,True
77,215,554,694,140,True
78,232,554,694,140,True
81,219,554,694,140,True
82,226,554,650,96,True
84,239,554,650,96,True
86,209,554,694,140,True
92,225,554,694,140,True
93,248,554,694,140,True
95,219,554,694,140,True
96,219,554,694,140,True
0,220,555,696,141,True
1,211,555,696,141,True
2,214,555,696,141,True
5,231,555,696,141,True
7,211,555,696,141,True
12,226,555,696,141,True
13,224,555,696,141,True
16,243,555,696,141,True
17,211,555,696,141,True
19,211,555,696,141,True
21,224,555,696,141,True
22,206,555,696,141,True
33,244,555,696,141,True
35,220,555,696,141,True
44,243,555,696,141,True
48,227,555,696,141,True
49,239,555,696,141,True
51,203,555,650,95,True
54,200,555,694,139,True
56,249,555,694,139,True
58,227,555,650,95,True
60,217,555,694,139,True
61,231,555,694,139,True
62,216,555,696,141,True
64,198,555,694,139,True
65,234,555,694,139,True
67,205,555,694,139,True
69,203,555,694,139,True
70,246,555,650,95,True
73,229,555,650,95,True
79,221,555,650,95,True
80,227,555,650,95,True
81,220,555,694,139,True
82,227,555,650,95,True
85,215,555,650,95,True
90,228,555,650,95,True
94,251,555,694,139,True
98,208,555,650,95,True
99,231,555,694,139,True
9,237,556,696,140,True
10,211,556,696,140,True
13,225,556,696,140,True
14,234,556,696,140,True
19,212,556,696,140,True
21,225,556,696,140,True
25,225,556,696,140,True
28,209,556,696,140,True
30,221,556,696,140,True
33,245,556,696,140,True
35,221,556,696,140,True
37,219,556,696,140,True
38,229,556,696,140,True
39,226,556,696,140,True
40,240,556,696,140,True
41,223,556,696,140,True
43,235,556,696,140,True
44,244,556,696,140,True
45,214,556,696,140,True
47,236,556,696,140,True
49,240,556,696,140,True
51,204,556,650,94,True
52,211,556,650,94,True
54,201,556,694,138,True
56,250,556,694,138,True
58,228,556,650,94,True
59,218,556,694,138,True
61,232,556,694,138,True
63,234,556,694,138,True
70,247,556,650,94,True
72,213,556,694,138,True
73,230,556,650,94,True
74,210,556,694,138,True
84,240,556,650,94,True
85,216,556,650,94,True
86,210,556,694,138,True
87,213,556,694,138,True
88,222,556,694,138,True
89,215,556,694,138,True
90,229,556,650,94,True
94,252,556,694,138,True
96,220,556,694,138,True
97,208,556,650,94,True
98,209,556,650,94,True
99,232,556,694,138,True
2,215,557,696,139,True
5,232,557,696,139,True
7,212,557,696,139,True
8,229,557,696,139,True
12,227,557,696,139,True
14,235,557,696,139,True
15,217,557,696,139,True
17,212,557,696,139,True
22,207,557,696,139,True
26,212,557,696,139,True
27,219,557,696,139,True
29,224,557,696,139,True
30,222,557,696,139,True
31,226,557,696,139,True
33,246,557,696,139,True
35,222,557,696,139,True
37,220,557,696,139,True
38,230,557,696,139,True
39,227,557,696,139,True
40,241,557,696,139,True
44,245,557,696,139,True
45,215,557,696,139,True
48,228,557,696,139,True
54,202,557,694,137,True
55,239,557,694,137,True
63,235,557,694,137,True
66,218,557,650,93,True
68,237,557,694,137,True
71,199,557,694,137,True
72,214,557,694,137,True
73,231,557,650,93,True
77,216,557,694,137,True
78,233,557,694,137,True
86,211,557,694,137,True
98,210,557,650,93,True
99,233,557,694,137,True
0,221,558,696,138,True
6,230,558,696,138,True
8,230,558,696,138,True
11,211,558,696,138,True
12,228,558,696,138,True
18,241,558,696,138,True
19,213,558,696,138,True
20,233,558,696,138,True
21,226,558,696,138,True
22,208,558,696,138,True
24,205,558,696,138,True
25,226,558,696,138,True
26,213,558,696,138,True
27,220,558,696,138,True
28,210,558,696,138,True
30,223,558,696,138,True
31,227,558,696,138,True
32,223,558,696,138,True
33,247,558,696,138,True
34,217,558,696,138,True
35,223,558,696,138,True
37,221,558,696,138,True
38,231,558,696,138,True
40,242,558,696,138,True
41,224,558,696,138,True
42,210,558,696,138,True
43,236,558,696,138,True
45,216,558,696,138,True
46,208,558,696,138,True
47,237,558,696,138,True
49,241,558,696,138,True
50,200,558,694,136,True
51,205,558,650,92,True
52,212,558,650,92,True
53,232,558,694,136,True
56,251,558,694,136,True
58,229,558,650,92,True
59,219,558,694,136,True
62,217,558,696,138,True
65,235,558,694,136,True
66,219,558,650,92,True
68,238,558,694,136,True
69,204,558,694,136,True
71,200,558,694,136,True
73,232,558,650,92,True
75,223,558,694,136,True
76,243,558,694,136,True
77,217,558,694,136,True
83,222,558,694,136,True
84,241,558,650,92,True
85,217,558,650,92,True
86,212,558,694,136,True
92,226,558,694,136,True
93,249,558,694,136,True
98,211,558,650,92,True
99,234,558,694,136,True
2,216,559,696,137,True
4,208,559,696,137,True
8,231,559,696,137,True
10,212,559,696,137,True
11,212,559,696,137,True
13,226,559,696,137,True
14,236,559,696,137,True
15,218,559,696,137,True
19,214,559,696,137,True
20,234,559,696,137,True
22,209,559,696,137,True
26,214,559,696,137,True
27,221,559,696,137,True
29,225,559,696,137,True
30,224,559,696,137,True
31,228,559,696,137,True
32,224,559,696,137,True
33,248,559,696,137,True
34,218,559,696,137,True
36,220,559,696,137,True
38,232,559,696,137,True
39,228,559,696,137,True
40,243,559,696,137,True
42,211,559,696,137,True
43,237,559,696,137,True
44,246,559,696,137,True
49,242,559,696,137,True
51,206,559,650,91,True
52,213,559,650,91,True
53,233,559,694,135,True
56,252,559,694,135,True
57,215,559,694,135,True
58,230,559,650,91,True
59,220,559,694,135,True
62,218,559,696,137,True
63,236,559,694,135,True
66,220,559,650,91,True
69,205,559,694,135,True
72,215,559,694,135,True
73,233,559,650,91,True
84,242,559,650,91,True
85,218,559,650,91,True
86,213,559,694,135,True
88,223,559,694,135,True
93,250,559,694,135,True
95,220,559,694,135,True
98,212,559,694,135,True
1,212,560,696,136,True
2,217,560,696,136,True
3,219,560,696,136,True
4,209,560,696,136,True
6,231,560,696,136,True
9,238,560,696,136,True
10,213,560,696,136,True
11,213,560,696,136,True
12,229,560,696,136,True
15,219,560,696,136,True
18,242,560,696,136,True
20,235,560,696,136,True
22,210,560,696,136,True
23,223,560,696,136,True
36,221,560,696,136,True
38,233,560,696,136,True
40,244,560,696,136,True
41,225,560,696,136,True
43,238,560,696,136,True
49,243,560,696,136,True
50,201,560,694,134,True
54,203,560,694,134,True
55,240,560,694,134,True
56,253,560,694,134,True
59,221,560,694,134,True
61,233,560,694,134,True
64,199,560,694,134,True
65,236,560,694,134,True
67,206,560,694,134,True
68,239,560,694,134,True
69,206,560,694,134,True
71,201,560,694,134,True
72,216,560,694,134,True
74,211,560,694,134,True
77,218,560,694,134,True
79,222,560,650,90,True
81,221,560,694,134,True
84,243,560,650,90,True
85,219,560,650,90,True
86,214,560,694,134,True
90,230,560,650,90,True
91,209,560,694,134,True
92,227,560,694,134,True
93,251,560,694,134,True
96,221,560,694,134,True
98,213,560,694,134,True
0,222,561,696,135,True
1,213,561,696,135,True
3,220,561,696,135,True
6,232,561,696,135,True
7,213,561,696,135,True
11,214,561,696,135,True
12,230,561,696,135,True
14,237,561,696,135,True
15,220,561,696,135,True
16,244,561,696,135,True
21,227,561,696,135,True
22,211,561,696,135,True
25,227,561,696,135,True
26,215,561,696,135,True
27,222,561,696,135,True
28,211,561,696,135,True
30,225,561,696,135,True
31,229,561,696,135,True
32,225,561,696,135,True
33,249,561,696,135,True
44,247,561,696,135,True
45,217,561,696,135,True
46,209,561,696,135,True
51,207,561,650,89,True
52,214,561,650,89,True
54,204,561,694,133,True
57,216,561,694,133,True
58,231,561,694,133,True
61,234,561,694,133,True
62,219,561,696,135,True
63,237,561,694,133,True
64,200,561,694,133,True
67,207,561,694,133,True
69,207,561,694,133,True
73,234,561,650,89,True
74,212,561,694,133,True
76,244,561,694,133,True
81,222,561,694,133,True
85,220,561,650,89,True
89,216,561,694,133,True
91,210,561,694,133,True
92,228,561,694,133,True
99,235,561,694,133,True
0,223,562,696,134,True
2,218,562,696,134,True
5,233,562,696,134,True
7,214,562,696,134,True
10,214,562,696,134,True
13,227,562,696,134,True
14,238,562,696,134,True
15,221,562,696,134,True
16,245,562,696,134,True
17,213,562,696,134,True
18,243,562,696,134,True
19,215,562,696,134,True
23,224,562,696,134,True
25,228,562,696,134,True
27,223,562,696,134,True
29,226,562,696,134,True
31,230,562,696,134,True
32,226,562,696,134,True
33,250,562,696,134,True
34,219,562,696,134,True
36,222,562,696,134,True
39,229,562,696,134,True
41,226,562,696,134,True
44,248,562,696,134,True
45,218,562,696,134,True
46,210,562,696,134,True
47,238,562,696,134,True
48,229,562,696,134,True
51,208,562,650,88,True
52,215,562,650,88,True
54,205,562,694,132,True
57,217,562,694,132,True
58,232,562,694,132,True
59,222,562,694,132,True
60,218,562,694,132,True
62,220,562,696,134,True
65,237,562,694,132,True
67,208,562,694,132,True
69,208,562,694,132,True
70,248,562,694,132,True
72,217,562,694,132,True
74,213,562,694,132,True
76,245,562,694,132,True
80,228,562,650,88,True
85,221,562,694,132,True
88,224,562,694,132,True
90,231,562,650,88,True
93,252,562,694,132,True
94,253,562,694,132,True
97,209,562,694,132,True
2,219,563,696,133,True
4,210,563,696,133,True
5,234,563,696,133,True
8,232,563,696,133,True
11,215,563,696,133,True
15,222,563,696,133,True
17,214,563,696,133,True
19,216,563,696,133,True
25,229,563,696,133,True
26,216,563,696,133,True
29,227,563,696,133,True
30,226,563,696,133,True
37,222,563,696,133,True
38,234,563,696,133,True
41,227,563,696,133,True
43,239,563,696,133,True
47,239,563,696,133,True
48,230,563,696,133,True
49,244,563,696,133,True
50,202,563,694,131,True
61,235,563,694,131,True
63,238,563,694,131,True
65,238,563,694,131,True
67,209,563,694,131,True
69,209,563,694,131,True
73,235,563,650,87,True
75,224,563,694,131,True
76,246,563,694,131,True
77,219,563,694,131,True
82,228,563,694,131,True
85,222,563,694,131,True
89,217,563,694,131,True
91,211,563,694,131,True
93,253,563,694,131,True
94,254,563,694,131,True
96,222,563,694,131,True
97,210,563,694,131,True
99,236,563,694,131,True
4,211,564,696,132,True
5,235,564,696,132,True
6,233,564,696,132,True
8,233,564,696,132,True
9,239,564,696,132,True
12,231,564,696,132,True
14,239,564,696,132,True
17,215,564,696,132,True
20,236,564,696,132,True
21,228,564,696,132,True
22,212,564,696,132,True
23,225,564,696,132,True
28,212,564,696,132,True
29,228,564,696,132,True
31,231,564,696,132,True
35,224,564,696,132,True
38,235,564,696,132,True
40,245,564,696,132,True
42,212,564,696,132,True
45,219,564,696,132,True
46,211,564,696,132,True
49,245,564,696,132,True
50,203,564,694,130,True
53,234,564,694,130,True
54,206,564,694,130,True
55,241,564,694,130,True
57,218,564,694,130,True
58,233,564,694,130,True
59,223,564,694,130,True
63,239,564,694,130,True
64,201,564,694,130,True
65,239,564,694,130,True
66,221,564,650,86,True
69,210,564,694,130,True
72,218,564,694,130,True
73,236,564,650,86,True
75,225,564,694,130,True
79,223,564,650,86,True
80,229,564,694,130,True
82,229,564,694,130,True
85,223,564,694,130,True
89,218,564,694,130,True
90,232,564,694,130,True
93,254,564,694,130,True
94,255,564,694,130,True
98,214,564,694,130,True
99,237,564,694,130,True
0,224,565,696,131,True
2,220,565,696,131,True
5,236,565,696,131,True
6,234,565,696,131,True
7,215,565,696,131,True
8,234,565,696,131,True
10,215,565,696,131,True
14,240,565,696,131,True
17,216,565,696,131,True
19,217,565,696,131,True
23,226,565,696,131,True
24,206,565,696,131,True
27,224,565,696,131,True
31,232,565,696,131,True
33,251,565,696,131,True
37,223,565,696,131,True
38,236,565,696,131,True
44,249,565,696,131,True
45,220,565,696,131,True
47,240,565,696,131,True
49,246,565,696,131,True
50,204,565,694,129,True
51,209,565,650,85,True
52,216,565,650,85,True
53,235,565,694,129,True
61,236,565,694,129,True
64,202,565,694,129,True
70,249,565,694,129,True
73,237,565,694,129,True
75,226,565,694,129,True
79,224,565,650,85,True
80,230,565,694,129,True
81,223,565,694,129,True
82,230,565,694,129,True
86,215,565,694,129,True
90,233,565,694,129,True
91,212,565,694,129,True
92,229,565,694,129,True
7,216,566,696,130,True
8,235,566,696,130,True
11,216,566,696,130,True
14,241,566,696,130,True
15,223,566,696,130,True
17,217,566,696,130,True
32,227,566,696,130,True
33,252,566,696,130,True
34,220,566,696,130,True
35,225,566,696,130,True
36,223,566,696,130,True
38,237,566,696,130,True
39,230,566,696,130,True
44,250,566,696,130,True
50,205,566,694,128,True
51,210,566,650,84,True
55,242,566,694,128,True
57,219,566,694,128,True
58,234,566,694,128,True
60,219,566,694,128,True
70,250,566,694,128,True
71,202,566,694,128,True
74,214,566,694,128,True
75,227,566,694,128,True
79,225,566,650,84,True
81,224,566,694,128,True
83,223,566,694,128,True
84,244,566,650,84,True
89,219,566,694,128,True
95,221,566,694,128,True
96,223,566,694,128,True
97,211,566,694,128,True
0,225,567,696,129,True
2,221,567,696,129,True
3,221,567,696,129,True
5,237,567,696,129,True
8,236,567,696,129,True
9,240,567,696,129,True
14,242,567,696,129,True
19,218,567,696,129,True
21,229,567,696,129,True
27,225,567,696,129,True
28,213,567,696,129,True
32,228,567,696,129,True
43,240,567,696,129,True
46,212,567,696,129,True
47,241,567,696,129,True
48,231,567,696,129,True
51,211,567,650,83,True
53,236,567,694,127,True
55,243,567,694,127,True
59,224,567,694,127,True
62,221,567,696,129,True
67,210,567,694,127,True
71,203,567,694,127,True
72,219,567,694,127,True
74,215,567,694,127,True
76,247,567,694,127,True
77,220,567,694,127,True
79,226,567,694,127,True
80,231,567,694,127,True
81,225,567,694,127,True
86,216,567,694,127,True
89,220,567,694,127,True
91,213,567,694,127,True
92,230,567,694,127,True
99,238,567,694,127,True
0,226,568,696,128,True
1,214,568,696,128,True
2,222,568,696,128,True
8,237,568,696,128,True
12,232,568,696,128,True
16,246,568,696,128,True
19,219,568,696,128,True
20,237,568,696,128,True
23,227,568,696,128,True
25,230,568,696,128,True
27,226,568,696,128,True
28,214,568,696,128,True
29,229,568,696,128,True
31,233,568,696,128,True
34,221,568,696,128,True
36,224,568,696,128,True
37,224,568,696,128,True
39,231,568,696,128,True
40,246,568,696,128,True
42,213,568,696,128,True
46,213,568,696,128,True
47,242,568,696,128,True
48,232,568,696,128,True
51,212,568,650,82,True
52,217,568,650,82,True
55,244,568,694,126,True
58,235,568,694,126,True
60,220,568,694,126,True
66,222,568,694,126,True
67,211,568,694,126,True
69,211,568,694,126,True
70,251,568,694,126,True
71,204,568,694,126,True
76,248,568,694,126,True
80,232,568,694,126,True
83,224,568,694,126,True
85,224,568,694,126,True
86,217,568,694,126,True
88,225,568,694,126,True
89,221,568,694,126,True
90,234,568,694,126,True
91,214,568,694,126,True
94,256,568,694,126,True
96,224,568,694,126,True
98,215,568,694,126,True
99,239,568,694,126,True
7,217,569,696,127,True
13,228,569,696,127,True
14,243,569,696,127,True
15,224,569,696,127,True
16,247,569,696,127,True
25,231,569,696,127,True
27,227,569,696,127,True
28,215,569,696,127,True
31,234,569,696,127,True
33,253,569,696,127,True
34,222,569,696,127,True
36,225,569,696,127,True
38,238,569,696,127,True
39,232,569,696,127,True
41,228,569,696,127,True
45,221,569,696,127,True
46,214,569,696,127,True
47,243,569,696,127,True
52,218,569,650,81,True
55,245,569,694,125,True
58,236,569,694,125,True
59,225,569,694,125,True
63,240,569,694,125,True
64,203,569,694,125,True
69,212,569,694,125,True
72,220,569,694,125,True
73,238,569,694,125,True
75,228,569,694,125,True
80,233,569,694,125,True
81,226,569,694,125,True
82,231,569,694,125,True
85,225,569,694,125,True
88,226,569,694,125,True
90,235,569,694,125,True
97,212,569,694,125,True
99,240,569,694,125,True
0,227,570,696,126,True
1,215,570,696,126,True
4,212,570,696,126,True
6,235,570,696,126,True
7,218,570,696,126,True
8,238,570,696,126,True
10,216,570,696,126,True
12,233,570,696,126,True
14,244,570,696,126,True
15,225,570,696,126,True
17,218,570,696,126,True
18,244,570,696,126,True
20,238,570,696,126,True
21,230,570,696,126,True
26,217,570,696,126,True
27,228,570,696,126,True
31,235,570,696,126,True
32,229,570,696,126,True
36,226,570,696,126,True
37,225,570,696,126,True
40,247,570,696,126,True
41,229,570,696,126,True
45,222,570,696,126,True
51,213,570,694,124,True
52,219,570,650,80,True
61,237,570,694,124,True
62,222,570,696,126,True
63,241,570,694,124,True
64,204,570,694,124,True
65,240,570,694,124,True
66,223,570,694,124,True
71,205,570,694,124,True
72,221,570,694,124,True
76,249,570,694,124,True
77,221,570,694,124,True
79,227,570,694,124,True
82,232,570,694,124,True
83,225,570,694,124,True
93,255,570,694,124,True
95,222,570,694,124,True
97,213,570,694,124,True
98,216,570,694,124,True
0,228,571,696,125,True
3,222,571,696,125,True
4,213,571,696,125,True
5,238,571,696,125,True
6,236,571,696,125,True
7,219,571,696,125,True
8,239,571,696,125,True
9,241,571,702,131,True
10,217,571,696,125,True
11,217,571,696,125,True
14,245,571,696,125,True
15,226,571,696,125,True
17,219,571,696,125,True
18,245,571,696,125,True
21,231,571,696,125,True
27,229,571,696,125,True
28,216,571,696,125,True
29,230,571,696,125,True
30,227,571,696,125,True
33,254,571,696,125,True
34,223,571,696,125,True
36,227,571,696,125,True
37,226,571,696,125,True
39,233,571,696,125,True
43,241,571,696,125,True
45,223,571,696,125,True
47,244,571,696,125,True
51,214,571,694,123,True
52,220,571,650,79,True
54,207,571,694,123,True
57,220,571,694,123,True
58,237,571,694,123,True
60,221,571,694,123,True
61,238,571,694,123,True
65,241,571,694,123,True
68,240,571,694,123,True
69,213,571,694,123,True
70,252,571,694,123,True
74,216,571,694,123,True
76,250,571,694,123,True
80,234,571,694,123,True
82,233,571,694,123,True
83,226,571,694,123,True
86,218,571,694,123,True
87,214,571,694,123,True
89,222,571,694,123,True
90,236,571,694,123,True
91,215,571,694,123,True
97,214,571,694,123,True
0,229,572,696,124,True
4,214,572,696,124,True
5,239,572,696,124,True
7,220,572,696,124,True
9,242,572,702,130,True
10,218,572,696,124,True
11,218,572,696,124,True
12,234,572,696,124,True
14,246,572,696,124,True
15,227,572,696,124,True
16,248,572,696,124,True
21,232,572,696,124,True
23,228,572,696,124,True
24,207,572,696,124,True
31,236,572,696,124,True
35,226,572,696,124,True
40,248,572,696,124,True
42,214,572,696,124,True
46,215,572,696,124,True
47,245,572,696,124,True
51,215,572,694,122,True
54,208,572,694,122,True
56,254,572,694,122,True
58,238,572,694,122,True
61,239,572,694,122,True
64,205,572,694,122,True
65,242,572,694,122,True
68,241,572,694,122,True
71,206,572,694,122,True
76,251,572,694,122,True
80,235,572,694,122,True
81,227,572,694,122,True
82,234,572,694,122,True
87,215,572,694,122,True
88,227,572,694,122,True
89,223,572,694,122,True
90,237,572,694,122,True
92,231,572,694,122,True
94,257,572,694,122,True
95,223,572,694,122,True
98,217,572,694,122,True
99,241,572,694,122,True
1,216,573,696,123,True
8,240,573,696,123,True
10,219,573,696,123,True
12,235,573,696,123,True
13,229,573,696,123,True
15,228,573,696,123,True
18,246,573,696,123,True
19,220,573,696,123,True
20,239,573,696,123,True
21,233,573,696,123,True
22,213,573,696,123,True
24,208,573,696,123,True
30,228,573,696,123,True
33,255,573,696,123,True
34,224,573,696,123,True
35,227,573,696,123,True
38,239,573,696,123,True
45,224,573,696,123,True
47,246,573,696,123,True
49,247,573,696,123,True
50,206,573,694,121,True
52,221,573,694,121,True
69,214,573,694,121,True
74,217,573,694,121,True
77,222,573,694,121,True
81,228,573,694,121,True
82,235,573,694,121,True
83,227,573,694,121,True
87,216,573,694,121,True
88,228,573,694,121,True
89,224,573,694,121,True
90,238,573,694,121,True
91,216,573,694,121,True
94,258,573,694,121,True
96,225,573,694,121,True
99,242,573,694,121,True
4,215,574,696,122,True
6,237,574,696,122,True
11,219,574,696,122,True
14,247,574,696,122,True
16,249,574,696,122,True
20,240,574,696,122,True
24,209,574,696,122,True
28,217,574,696,122,True
29,231,574,696,122,True
39,234,574,696,122,True
40,249,574,696,122,True
45,225,574,696,122,True
47,247,574,696,122,True
49,248,574,696,122,True
50,207,574,694,120,True
51,216,574,694,120,True
55,246,574,694,120,True
58,239,574,694,120,True
60,222,574,694,120,True
62,223,574,696,122,True
63,242,574,694,120,True
64,206,574,694,120,True
65,243,574,694,120,True
67,212,574,694,120,True
68,242,574,694,120,True
69,215,574,694,120,True
72,222,574,694,120,True
77,223,574,694,120,True
78,234,574,694,120,True
81,229,574,694,120,True
87,217,574,694,120,True
88,229,574,694,120,True
89,225,574,694,120,True
90,239,574,694,120,True
91,217,574,694,120,True
92,232,574,694,120,True
94,259,574,694,120,True
96,226,574,694,120,True
97,215,574,694,120,True
98,218,574,694,120,True
99,243,574,694,120,True
0,230,575,696,121,True
1,217,575,696,121,True
5,240,575,696,121,True
8,241,575,696,121,True
9,243,575,702,127,True
10,220,575,696,121,True
12,236,575,696,121,True
18,247,575,696,121,True
21,234,575,696,121,True
23,229,575,696,121,True
24,210,575,696,121,True
26,218,575,696,121,True
27,230,575,696,121,True
34,225,575,696,121,True
36,228,575,696,121,True
37,227,575,696,121,True
40,250,575,696,121,True
42,215,575,696,121,True
44,251,575,696,121,True
47,248,575,696,121,True
50,208,575,694,119,True
51,217,575,694,119,True
53,237,575,694,119,True
57,221,575,694,119,True
59,226,575,694,119,True
61,240,575,694,119,True
62,224,575,696,121,True
63,243,575,694,119,True
67,213,575,694,119,True
70,253,575,694,119,True
72,223,575,694,119,True
74,218,575,694,119,True
76,252,575,694,119,True
77,224,575,694,119,True
79,228,575,694,119,True
89,226,575,694,119,True
90,240,575,694,119,True
94,260,575,694,119,True
97,216,575,694,119,True
99,244,575,694,119,True
6,238,576,696,120,True
8,242,576,696,120,True
11,220,576,696,120,True
13,230,576,702,126,True
14,248,576,696,120,True
19,221,576,696,120,True
24,211,576,696,120,True
29,232,576,696,120,True
30,229,576,696,120,True
31,237,576,696,120,True
32,230,576,696,120,True
36,229,576,696,120,True
37,228,576,696,120,True
38,240,576,696,120,True
42,216,576,696,120,True
43,242,576,696,120,True
46,216,576,696,120,True
57,222,576,694,118,True
62,225,576,696,120,True
64,207,576,694,118,True
67,214,576,694,118,True
71,207,576,694,118,True
75,229,576,694,118,True
80,236,576,694,118,True
81,230,576,694,118,True
85,226,576,694,118,True
86,219,576,694,118,True
88,230,576,694,118,True
90,241,576,694,118,True
92,233,576,694,118,True
93,256,576,694,118,True
94,261,576,694,118,True
95,224,576,694,118,True
98,219,576,694,118,True
4,216,577,696,119,True
11,221,577,696,119,True
15,229,577,696,119,True
22,214,577,696,119,True
24,212,577,696,119,True
25,232,577,696,119,True
28,218,577,696,119,True
29,233,577,696,119,True
33,256,577,696,119,True
36,230,577,696,119,True
38,241,577,696,119,True
42,217,577,696,119,True
44,252,577,696,119,True
50,209,577,694,117,True
54,209,577,694,117,True
56,255,577,694,117,True
57,223,577,694,117,True
59,227,577,694,117,True
61,241,577,694,117,True
63,244,577,694,117,True
68,243,577,694,117,True
69,216,577,694,117,True
71,208,577,694,117,True
73,239,577,694,117,True
74,219,577,694,117,True
76,253,577,694,117,True
77,225,577,694,117,True
80,237,577,694,117,True
83,228,577,694,117,True
86,220,577,694,117,True
87,218,577,694,117,True
91,218,577,694,117,True
98,220,577,694,117,True
3,223,578,696,118,True
7,221,578,696,118,True
9,244,578,702,124,True
12,237,578,696,118,True
13,231,578,702,124,True
17,220,578,696,118,True
18,248,578,696,118,True
20,241,578,696,118,True
23,230,578,696,118,True
24,213,578,696,118,True
25,233,578,702,124,True
26,219,578,696,118,True
29,234,578,696,118,True
30,230,578,696,118,True
35,228,578,696,118,True
36,231,578,696,118,True
39,235,578,696,118,True
41,230,578,696,118,True
43,243,578,696,118,True
46,217,578,696,118,True
49,249,578,696,118,True
50,210,578,694,116,True
54,210,578,694,116,True
60,223,578,694,116,True
61,242,578,694,116,True
62,226,578,696,118,True
63,245,578,694,116,True
64,208,578,694,116,True
65,244,578,694,116,True
67,215,578,694,116,True
69,217,578,694,116,True
73,240,578,694,116,True
75,230,578,694,116,True
77,226,578,694,116,True
78,235,578,694,116,True
79,229,578,694,116,True
80,238,578,694,116,True
81,231,578,694,116,True
83,229,578,694,116,True
84,245,578,694,116,True
86,221,578,694,116,True
88,231,578,694,116,True
89,227,578,694,116,True
91,219,578,694,116,True
94,262,578,694,116,True
5,241,579,696,117,True
8,243,579,696,117,True
10,221,579,696,117,True
11,222,579,696,117,True
16,250,579,696,117,True
19,222,579,696,117,True
22,215,579,696,117,True
26,220,579,696,117,True
27,231,579,696,117,True
39,236,579,696,117,True
40,251,579,696,117,True
43,244,579,696,117,True
44,253,579,696,117,True
47,249,579,696,117,True
52,222,579,694,115,True
56,256,579,694,115,True
57,224,579,694,115,True
63,246,579,694,115,True
64,209,579,694,115,True
65,245,579,694,115,True
66,224,579,694,115,True
68,244,579,694,115,True
69,218,579,694,115,True
72,224,579,694,115,True
74,220,579,694,115,True
75,231,579,694,115,True
82,236,579,694,115,True
83,230,579,694,115,True
84,246,579,694,115,True
85,227,579,694,115,True
89,228,579,694,115,True
95,225,579,694,115,True
97,217,579,694,115,True
99,245,579,694,115,True
8,244,580,696,116,True
10,222,580,696,116,True
11,223,580,696,116,True
12,238,580,696,116,True
13,232,580,702,122,True
16,251,580,696,116,True
21,235,580,696,116,True
22,216,580,696,116,True
23,231,580,696,116,True
24,214,580,696,116,True
25,234,580,702,122,True
27,232,580,696,116,True
29,235,580,696,116,True
37,229,580,696,116,True
40,252,580,696,116,True
44,254,580,696,116,True
53,238,580,694,114,True
55,247,580,694,114,True
56,257,580,694,114,True
59,228,580,694,114,True
60,224,580,694,114,True
61,243,580,694,114,True
62,227,580,696,116,True
63,247,580,694,114,True
64,210,580,694,114,True
65,246,580,694,114,True
67,216,580,694,114,True
68,245,580,694,114,True
70,254,580,694,114,True
71,209,580,694,114,True
73,241,580,694,114,True
79,230,580,694,114,True
82,237,580,694,114,True
85,228,580,694,114,True
92,234,580,694,114,True
97,218,580,694,114,True
98,221,580,694,114,True
2,223,581,696,115,True
3,224,581,696,115,True
5,242,581,696,115,True
7,222,581,696,115,True
12,239,581,696,115,True
13,233,581,702,121,True
14,249,581,696,115,True
16,252,581,696,115,True
21,236,581,696,115,True
24,215,581,696,115,True
25,235,581,702,121,True
27,233,581,696,115,True
30,231,581,696,115,True
31,238,581,696,115,True
32,231,581,696,115,True
33,257,581,696,115,True
34,226,581,696,115,True
39,237,581,696,115,True
40,253,581,696,115,True
41,231,581,696,115,True
42,218,581,696,115,True
43,245,581,696,115,True
50,211,581,694,113,True
51,218,581,694,113,True
52,223,581,694,113,True
53,239,581,694,113,True
54,211,581,694,113,True
59,229,581,694,113,True
64,211,581,694,113,True
79,231,581,694,113,True
80,239,581,694,113,True
81,232,581,694,113,True
83,231,581,694,113,True
84,247,581,694,113,True
86,222,581,694,113,True
88,232,581,694,113,True
89,229,581,694,113,True
91,220,581,694,113,True
96,227,581,694,113,True
0,231,582,696,114,True
1,218,582,696,114,True
4,217,582,696,114,True
8,245,582,696,114,True
11,224,582,696,114,True
14,250,582,696,114,True
18,249,582,696,114,True
20,242,582,696,114,True
23,232,582,696,114,True
24,216,582,696,114,True
26,221,582,696,114,True
28,219,582,696,114,True
29,236,582,696,114,True
31,239,582,696,114,True
32,232,582,696,114,True
33,258,582,696,114,True
34,227,582,696,114,True
36,232,582,696,114,True
41,232,582,696,114,True
45,226,582,696,114,True
46,218,582,696,114,True
47,250,582,696,114,True
48,233,582,696,114,True
49,250,582,696,114,True
52,224,582,694,112,True
53,240,582,694,112,True
54,212,582,694,112,True
58,240,582,694,112,True
61,244,582,694,112,True
64,212,582,694,112,True
65,247,582,694,112,True
68,246,582,694,112,True
69,219,582,694,112,True
74,221,582,694,112,True
77,227,582,694,112,True
80,240,582,694,112,True
81,233,582,694,112,True
82,238,582,694,112,True
87,219,582,694,112,True
93,257,582,694,112,True
95,226,582,694,112,True
99,246,582,781,199,True
0,232,583,696,113,True
2,224,583,696,113,True
6,239,583,696,113,True
9,245,583,702,119,True
11,225,583,696,113,True
12,240,583,696,113,True
15,230,583,696,113,True
16,253,583,696,113,True
17,221,583,696,113,True
19,223,583,696,113,True
21,237,583,696,113,True
22,217,583,696,113,True
23,233,583,696,113,True
29,237,583,696,113,True
31,240,583,696,113,True
36,233,583,696,113,True
37,230,583,696,113,True
42,219,583,696,113,True
43,246,583,696,113,True
44,255,583,696,113,True
45,227,583,696,113,True
46,219,583,696,113,True
47,251,583,696,113,True
49,251,583,696,113,True
54,213,583,694,111,True
55,248,583,694,111,True
57,225,583,694,111,True
60,225,583,694,111,True
61,245,583,694,111,True
65,248,583,694,111,True
68,247,583,694,111,True
71,210,583,694,111,True
72,225,583,694,111,True
75,232,583,694,111,True
76,254,583,694,111,True
79,232,583,694,111,True
80,241,583,694,111,True
82,239,583,694,111,True
86,223,583,694,111,True
88,233,583,694,111,True
91,221,583,694,111,True
92,235,583,694,111,True
93,258,583,694,111,True
94,263,583,694,111,True
95,227,583,694,111,True
97,219,583,694,111,True
99,247,583,781,198,True
1,219,584,696,112,True
2,225,584,696,112,True
4,218,584,696,112,True
5,243,584,696,112,True
6,240,584,696,112,True
9,246,584,702,118,True
10,223,584,696,112,True
14,251,584,696,112,True
16,254,584,696,112,True
18,250,584,696,112,True
24,217,584,696,112,True
28,220,584,696,112,True
29,238,584,696,112,True
30,232,584,696,112,True
36,234,584,696,112,True
37,231,584,696,112,True
39,238,584,696,112,True
40,254,584,696,112,True
42,220,584,696,112,True
43,247,584,696,112,True
47,252,584,696,112,True
48,234,584,696,112,True
51,219,584,694,110,True
53,241,584,694,110,True
54,214,584,694,110,True
62,228,584,696,112,True
63,248,584,694,110,True
68,248,584,694,110,True
70,255,584,694,110,True
71,211,584,694,110,True
72,226,584,694,110,True
75,233,584,694,110,True
76,255,584,694,110,True
79,233,584,694,110,True
81,234,584,694,110,True
83,232,584,694,110,True
85,229,584,694,110,True
87,220,584,694,110,True
88,234,584,694,110,True
89,230,584,749,165,True
91,222,584,694,110,True
92,236,584,694,110,True
96,228,584,694,110,True
98,222,584,694,110,True
0,233,585,696,111,True
3,225,585,696,111,True
6,241,585,696,111,True
8,246,585,696,111,True
11,226,585,696,111,True
13,234,585,702,117,True
14,252,585,696,111,True
19,224,585,696,111,True
21,238,585,696,111,True
28,221,585,696,111,True
29,239,585,696,111,True
32,233,585,696,111,True
34,228,585,696,111,True
40,255,585,696,111,True
42,221,585,696,111,True
43,248,585,696,111,True
51,220,585,694,109,True
54,215,585,694,109,True
56,258,585,694,109,True
57,226,585,694,109,True
58,241,585,694,109,True
59,230,585,781,196,True
60,226,585,694,109,True
62,229,585,696,111,True
64,213,585,694,109,True
66,225,585,694,109,True
68,249,585,694,109,True
73,242,585,694,109,True
74,222,585,694,109,True
76,256,585,694,109,True
82,240,585,694,109,True
87,221,585,694,109,True
88,235,585,694,109,True
91,223,585,694,109,True
94,264,585,694,109,True
96,229,585,694,109,True
97,220,585,694,109,True
99,248,585,781,196,True
1,220,586,696,110,True
2,226,586,696,110,True
3,226,586,696,110,True
6,242,586,696,110,True
7,223,586,696,110,True
8,247,586,696,110,True
10,224,586,696,110,True
12,241,586,696,110,True
14,253,586,696,110,True
15,231,586,696,110,True
17,222,586,696,110,True
18,251,586,696,110,True
20,243,586,696,110,True
26,222,586,696,110,True
27,234,586,696,110,True
28,222,586,696,110,True
31,241,586,696,110,True
32,234,586,696,110,True
35,229,586,696,110,True
36,235,586,696,110,True
40,256,586,696,110,True
42,222,586,696,110,True
43,249,586,696,110,True
45,228,586,696,110,True
51,221,586,694,108,True
53,242,586,694,108,True
54,216,586,694,108,True
55,249,586,694,108,True
57,227,586,694,108,True
59,231,586,781,195,True
60,227,586,694,108,True
61,246,586,694,108,True
64,214,586,694,108,True
68,250,586,694,108,True
73,243,586,694,108,True
74,223,586,694,108,True
75,234,586,694,108,True
80,242,586,694,108,True
82,241,586,694,108,True
84,248,586,694,108,True
85,230,586,694,108,True
86,224,586,694,108,True
88,236,586,694,108,True
91,224,586,694,108,True
92,237,586,694,108,True
93,259,586,694,108,True
98,223,586,694,108,True
0,234,587,696,109,True
1,221,587,696,109,True
2,227,587,696,109,True
3,227,587,696,109,True
4,219,587,696,109,True
6,243,587,696,109,True
7,224,587,696,109,True
8,248,587,696,109,True
11,227,587,696,109,True
12,242,587,696,109,True
13,235,587,702,115,True
14,254,587,696,109,True
16,255,587,696,109,True
20,244,587,696,109,True
23,234,587,696,109,True
24,218,587,696,109,True
30,233,587,696,109,True
32,235,587,696,109,True
33,259,587,696,109,True
36,236,587,696,109,True
38,242,587,696,109,True
43,250,587,696,109,True
45,229,587,696,109,True
46,220,587,696,109,True
49,252,587,696,109,True
50,212,587,694,107,True
56,259,587,694,107,True
57,228,587,694,107,True
63,249,587,694,107,True
64,215,587,694,107,True
65,249,587,694,107,True
66,226,587,694,107,True
67,217,587,694,107,True
72,227,587,694,107,True
75,235,587,694,107,True
78,236,587,694,107,True
83,233,587,694,107,True
84,249,587,694,107,True
85,231,587,694,107,True
89,231,587,749,162,True
95,228,587,694,107,True
99,249,587,781,194,True
0,235,588,696,108,True
3,228,588,696,108,True
5,244,588,696,108,True
6,244,588,696,108,True
8,249,588,696,108,True
11,228,588,696,108,True
12,243,588,696,108,True
14,255,588,696,108,True
15,232,588,696,108,True
16,256,588,696,108,True
20,245,588,696,108,True
22,218,588,696,108,True
25,236,588,702,114,True
28,223,588,696,108,True
29,240,588,696,108,True
32,236,588,696,108,True
33,260,588,696,108,True
36,237,588,696,108,True
37,232,588,696,108,True
40,257,588,696,108,True
41,233,588,696,108,True
42,223,588,696,108,True
47,253,588,696,108,True
48,235,588,696,108,True
50,213,588,694,106,True
52,225,588,694,106,True
53,243,588,694,106,True
54,217,588,694,106,True
59,232,588,781,193,True
60,228,588,694,106,True
62,230,588,696,108,True
65,250,588,694,106,True
71,212,588,694,106,True
84,250,588,694,106,True
89,232,588,749,161,True
92,238,588,694,106,True
4,220,589,696,107,True
10,225,589,696,107,True
13,236,589,702,113,True
16,257,589,696,107,True
17,223,589,696,107,True
22,219,589,696,107,True
23,235,589,696,107,True
26,223,589,696,107,True
29,241,589,696,107,True
32,237,589,696,107,True
37,233,589,696,107,True
38,243,589,696,107,True
43,251,589,696,107,True
49,253,589,696,107,True
53,244,589,694,105,True
55,250,589,694,105,True
60,229,589,694,105,True
61,247,589,694,105,True
64,216,589,694,105,True
66,227,589,694,105,True
69,220,589,694,105,True
71,213,589,694,105,True
72,228,589,694,105,True
73,244,589,694,105,True
74,224,589,694,105,True
75,236,589,694,105,True
78,237,589,694,105,True
80,243,589,694,105,True
83,234,589,781,192,True
85,232,589,694,105,True
88,237,589,694,105,True
91,225,589,694,105,True
94,265,589,694,105,True
95,229,589,694,105,True
3,229,590,696,106,True
6,245,590,696,106,True
7,225,590,696,106,True
8,250,590,696,106,True
11,229,590,696,106,True
15,233,590,696,106,True
20,246,590,696,106,True
21,239,590,696,106,True
23,236,590,696,106,True
25,237,590,702,112,True
31,242,590,696,106,True
32,238,590,696,106,True
35,230,590,696,106,True
36,238,590,696,106,True
37,234,590,696,106,True
38,244,590,696,106,True
40,258,590,696,106,True
47,254,590,696,106,True
55,251,590,694,104,True
57,229,590,694,104,True
60,230,590,694,104,True
61,248,590,694,104,True
62,231,590,696,106,True
66,228,590,694,104,True
67,218,590,694,104,True
68,251,590,694,104,True
72,229,590,694,104,True
76,257,590,694,104,True
77,228,590,694,104,True
79,234,590,694,104,True
80,244,590,694,104,True
81,235,590,694,104,True
83,235,590,781,191,True
93,260,590,694,104,True
94,266,590,694,104,True
97,221,590,694,104,True
5,245,591,696,105,True
7,226,591,696,105,True
9,247,591,702,111,True
10,226,591,696,105,True
12,244,591,696,105,True
13,237,591,702,111,True
15,234,591,696,105,True
17,224,591,696,105,True
19,225,591,696,105,True
24,219,591,696,105,True
26,224,591,696,105,True
29,242,591,696,105,True
31,243,591,696,105,True
33,261,591,696,105,True
35,231,591,696,105,True
37,235,591,696,105,True
39,239,591,696,105,True
41,234,591,696,105,True
45,230,591,696,105,True
46,221,591,696,105,True
51,222,591,694,103,True
56,260,591,694,103,True
57,230,591,694,103,True
59,233,591,781,190,True
62,232,591,696,105,True
66,229,591,694,103,True
67,219,591,694,103,True
73,245,591,694,103,True
74,225,591,694,103,True
78,238,591,694,103,True
80,245,591,694,103,True
84,251,591,694,103,True
88,238,591,694,103,True
93,261,591,694,103,True
94,267,591,694,103,True
95,230,591,694,103,True
5,246,592,696,104,True
8,251,592,696,104,True
9,248,592,702,110,True
10,227,592,696,104,True
11,230,592,696,104,True
13,238,592,702,110,True
15,235,592,696,104,True
17,225,592,696,104,True
20,247,592,696,104,True
21,240,592,696,104,True
22,220,592,696,104,True
23,237,592,696,104,True
26,225,592,696,104,True
30,234,592,696,104,True
32,239,592,696,104,True
34,229,592,702,110,True
36,239,592,696,104,True
42,224,592,696,104,True
46,222,592,696,104,True
48,236,592,696,104,True
58,242,592,694,102,True
59,234,592,781,189,True
60,231,592,694,102,True
62,233,592,696,104,True
66,230,592,694,102,True
68,252,592,694,102,True
71,214,592,694,102,True
73,246,592,694,102,True
75,237,592,694,102,True
77,229,592,694,102,True
78,239,592,694,102,True
81,236,592,694,102,True
84,252,592,694,102,True
92,239,592,694,102,True
98,224,592,694,102,True
1,222,593,696,103,True
2,228,593,696,103,True
7,227,593,696,103,True
9,249,593,702,109,True
14,256,593,702,109,True
16,258,593,696,103,True
18,252,593,696,103,True
21,241,593,696,103,True
22,221,593,696,103,True
23,238,593,696,103,True
28,224,593,696,103,True
30,235,593,696,103,True
35,232,593,696,103,True
36,240,593,696,103,True
38,245,593,696,103,True
43,252,593,696,103,True
46,223,593,696,103,True
47,255,593,696,103,True
48,237,593,696,103,True
49,254,593,696,103,True
50,214,593,694,101,True
52,226,593,694,101,True
56,261,593,694,101,True
60,232,593,694,101,True
61,249,593,749,156,True
62,234,593,696,103,True
63,250,593,694,101,True
65,251,593,694,101,True
67,220,593,694,101,True
68,253,593,694,101,True
70,256,593,694,101,True
73,247,593,694,101,True
74,226,593,694,101,True
75,238,593,694,101,True
77,230,593,694,101,True
80,246,593,694,101,True
82,242,593,781,188,True
83,236,593,781,188,True
85,233,593,694,101,True
88,239,593,694,101,True
89,233,593,749,156,True
92,240,593,694,101,True
96,230,593,694,101,True
99,250,593,781,188,True
1,223,594,696,102,True
10,228,594,696,102,True
11,231,594,696,102,True
12,245,594,696,102,True
13,239,594,702,108,True
16,259,594,696,102,True
17,226,594,696,102,True
18,253,594,696,102,True
19,226,594,702,108,True
20,248,594,696,102,True
27,235,594,696,102,True
29,243,594,696,102,True
30,236,594,696,102,True
33,262,594,696,102,True
37,236,594,696,102,True
38,246,594,696,102,True
41,235,594,696,102,True
43,253,594,696,102,True
44,256,594,696,102,True
50,215,594,694,100,True
53,245,594,694,100,True
54,218,594,694,100,True
55,252,594,694,100,True
57,231,594,694,100,True
58,243,594,694,100,True
62,235,594,696,102,True
63,251,594,694,100,True
64,217,594,694,100,True
65,252,594,694,100,True
68,254,594,694,100,True
71,215,594,694,100,True
74,227,594,694,100,True
75,239,594,694,100,True
76,258,594,694,100,True
79,235,594,694,100,True
83,237,594,781,187,True
85,234,594,694,100,True
86,225,594,694,100,True
89,234,594,749,155,True
91,226,594,694,100,True
93,262,594,694,100,True
94,268,594,694,100,True
96,231,594,694,100,True
97,222,594,694,100,True
99,251,594,781,187,True
2,229,595,696,101,True
3,230,595,696,101,True
4,221,595,696,101,True
6,246,595,696,101,True
8,252,595,696,101,True
9,250,595,702,107,True
14,257,595,702,107,True
16,260,595,696,101,True
19,227,595,702,107,True
20,249,595,696,101,True
21,242,595,696,101,True
25,238,595,702,107,True
28,225,595,696,101,True
34,230,595,702,107,True
36,241,595,696,101,True
38,247,595,696,101,True
42,225,595,696,101,True
43,254,595,696,101,True
46,224,595,696,101,True
48,238,595,696,101,True
49,255,595,696,101,True
51,223,595,694,99,True
52,227,595,694,99,True
54,219,595,694,99,True
55,253,595,694,99,True
59,235,595,781,186,True
60,233,595,694,99,True
62,236,595,696,101,True
64,218,595,694,99,True
66,231,595,694,99,True
67,221,595,694,99,True
69,221,595,781,186,True
70,257,595,694,99,True
74,228,595,694,99,True
83,238,595,781,186,True
87,222,595,694,99,True
91,227,595,694,99,True
93,263,595,694,99,True
94,269,595,694,99,True
96,232,595,694,99,True
0,236,596,696,100,True
3,231,596,696,100,True
7,228,596,696,100,True
9,251,596,702,106,True
11,232,596,696,100,True
12,246,596,696,100,True
14,258,596,702,106,True
20,250,596,696,100,True
25,239,596,702,106,True
27,236,596,696,100,True
30,237,596,696,100,True
35,233,596,696,100,True
37,237,596,696,100,True
40,259,596,696,100,True
48,239,596,696,100,True
49,256,596,696,100,True
57,232,596,694,98,True
59,236,596,781,185,True
62,237,596,696,100,True
64,219,596,694,98,True
65,253,596,694,98,True
71,216,596,694,98,True
75,240,596,694,98,True
79,236,596,781,185,True
83,239,596,781,185,True
84,253,596,694,98,True
90,242,596,781,185,True
92,241,596,694,98,True
93,264,596,694,98,True
95,231,596,694,98,True
98,225,596,694,98,True
3,232,597,696,99,True
4,222,597,696,99,True
6,247,597,696,99,True
7,229,597,696,99,True
8,253,597,696,99,True
9,252,597,702,105,True
10,229,597,696,99,True
15,236,597,696,99,True
17,227,597,696,99,True
25,240,597,702,105,True
26,226,597,702,105,True
29,244,597,696,99,True
38,248,597,696,99,True
40,260,597,696,99,True
41,236,597,702,105,True
42,226,597,702,105,True
43,255,597,696,99,True
45,231,597,696,99,True
47,256,597,696,99,True
49,257,597,696,99,True
50,216,597,694,97,True
53,246,597,694,97,True
56,262,597,694,97,True
58,244,597,694,97,True
61,250,597,749,152,True
62,238,597,696,99,True
63,252,597,694,97,True
64,220,597,694,97,True
66,232,597,694,97,True
70,258,597,694,97,True
72,230,597,694,97,True
73,248,597,694,97,True
74,229,597,694,97,True
76,259,597,749,152,True
77,231,597,694,97,True
78,240,597,694,97,True
82,243,597,781,184,True
1,224,598,696,98,True
5,247,598,696,98,True
6,248,598,696,98,True
8,254,598,696,98,True
10,230,598,696,98,True
12,247,598,696,98,True
14,259,598,702,104,True
15,237,598,696,98,True
16,261,598,696,98,True
17,228,598,696,98,True
21,243,598,696,98,True
25,241,598,702,104,True
27,237,598,696,98,True
30,238,598,696,98,True
32,240,598,696,98,True
39,240,598,696,98,True
45,232,598,696,98,True
46,225,598,696,98,True
47,257,598,702,104,True
50,217,598,694,96,True
53,247,598,694,96,True
54,220,598,694,96,True
55,254,598,694,96,True
58,245,598,694,96,True
59,237,598,781,183,True
60,234,598,694,96,True
61,251,598,749,151,True
62,239,598,696,98,True
63,253,598,694,96,True
65,254,598,694,96,True
67,222,598,694,96,True
70,259,598,694,96,True
73,249,598,694,96,True
76,260,598,749,151,True
77,232,598,694,96,True
79,237,598,781,183,True
83,240,598,781,183,True
86,226,598,694,96,True
91,228,598,694,96,True
93,265,598,694,96,True
94,270,598,694,96,True
97,223,598,694,96,True
99,252,598,781,183,True
2,230,599,696,97,True
6,249,599,696,97,True
8,255,599,696,97,True
10,231,599,696,97,True
12,248,599,696,97,True
16,262,599,696,97,True
20,251,599,696,97,True
22,222,599,696,97,True
24,220,599,696,97,True
25,242,599,702,103,True
27,238,599,696,97,True
29,245,599,696,97,True
33,263,599,696,97,True
35,234,599,696,97,True
37,238,599,696,97,True
39,241,599,696,97,True
41,237,599,702,103,True
42,227,599,702,103,True
45,233,599,696,97,True
52,228,599,694,95,True
53,248,599,694,95,True
57,233,599,694,95,True
59,238,599,781,182,True
60,235,599,694,95,True
61,252,599,749,150,True
67,223,599,694,95,True
69,222,599,781,182,True
72,231,599,694,95,True
76,261,599,749,150,True
80,247,599,694,95,True
82,244,599,781,182,True
83,241,599,781,182,True
84,254,599,694,95,True
85,235,599,694,95,True
86,227,599,694,95,True
87,223,599,694,95,True
88,240,599,694,95,True
91,229,599,694,95,True
94,271,599,694,95,True
95,232,599,694,95,True
96,233,599,694,95,True
97,224,599,694,95,True
99,253,599,781,182,True
9,253,600,702,102,True
11,233,600,696,96,True
13,240,600,702,102,True
15,238,600,696,96,True
18,254,600,696,96,True
19,228,600,702,102,True
20,252,600,696,96,True
21,244,600,696,96,True
22,223,600,696,96,True
25,243,600,702,102,True
26,227,600,702,102,True
30,239,600,696,96,True
34,231,600,702,102,True
35,235,600,696,96,True
36,242,600,696,96,True
41,238,600,702,102,True
44,257,600,696,96,True
48,240,600,696,96,True
51,224,600,694,94,True
53,249,600,694,94,True
56,263,600,694,94,True
58,246,600,694,94,True
63,254,600,694,94,True
68,255,600,781,181,True
69,223,600,781,181,True
70,260,600,694,94,True
75,241,600,694,94,True
76,262,600,749,149,True
77,233,600,694,94,True
78,241,600,694,94,True
79,238,600,781,181,True
80,248,600,694,94,True
82,245,600,781,181,True
83,242,600,781,181,True
84,255,600,694,94,True
91,230,600,749,149,True
92,242,600,694,94,True
96,234,600,694,94,True
97,225,600,694,94,True
98,226,600,694,94,True
99,254,600,781,181,True
1,225,601,696,95,True
3,233,601,702,101,True
5,248,601,696,95,True
7,230,601,696,95,True
9,254,601,702,101,True
10,232,601,696,95,True
11,234,601,696,95,True
12,249,601,696,95,True
13,241,601,702,101,True
21,245,601,696,95,True
23,239,601,702,101,True
26,228,601,702,101,True
27,239,601,696,95,True
30,240,601,696,95,True
32,241,601,702,101,True
33,264,601,696,95,True
39,242,601,696,95,True
47,258,601,702,101,True
52,229,601,694,93,True
54,221,601,694,93,True
57,234,601,694,93,True
63,255,601,694,93,True
67,224,601,694,93,True
68,256,601,781,180,True
69,224,601,781,180,True
70,261,601,694,93,True
73,250,601,694,93,True
75,242,601,694,93,True
76,263,601,749,148,True
79,239,601,781,180,True
80,249,601,694,93,True
81,237,601,694,93,True
82,246,601,781,180,True
84,256,601,694,93,True
85,236,601,694,93,True
86,228,601,694,93,True
87,224,601,749,148,True
88,241,601,694,93,True
91,231,601,749,148,True
92,243,601,694,93,True
95,233,601,749,148,True
96,235,601,694,93,True
97,226,601,694,93,True
98,227,601,694,93,True
1,226,602,696,94,True
6,250,602,696,94,True
7,231,602,696,94,True
13,242,602,702,100,True
15,239,602,696,94,True
17,229,602,696,94,True
18,255,602,696,94,True
21,246,602,696,94,True
32,242,602,702,100,True
33,265,602,696,94,True
36,243,602,696,94,True
37,239,602,696,94,True
40,261,602,696,94,True
42,228,602,702,100,True
46,226,602,696,94,True
53,250,602,694,92,True
57,235,602,694,92,True
59,239,602,781,179,True
62,240,602,696,94,True
63,256,602,694,92,True
66,233,602,694,92,True
70,262,602,694,92,True
72,232,602,694,92,True
75,243,602,694,92,True
78,242,602,694,92,True
79,240,602,781,179,True
82,247,602,781,179,True
86,229,602,694,92,True
88,242,602,694,92,True
91,232,602,749,147,True
96,236,602,749,147,True
97,227,602,694,92,True
0,237,603,702,99,True
2,231,603,696,93,True
6,251,603,696,93,True
7,232,603,696,93,True
8,256,603,696,93,True
9,255,603,702,99,True
10,233,603,696,93,True
11,235,603,696,93,True
13,243,603,702,99,True
15,240,603,696,93,True
16,263,603,696,93,True
18,256,603,696,93,True
19,229,603,702,99,True
21,247,603,696,93,True
22,224,603,696,93,True
26,229,603,702,99,True
27,240,603,696,93,True
28,226,603,696,93,True
29,246,603,696,93,True
30,241,603,696,93,True
31,244,603,696,93,True
32,243,603,702,99,True
34,232,603,702,99,True
38,249,603,696,93,True
41,239,603,702,99,True
42,229,603,702,99,True
43,256,603,702,99,True
44,258,603,696,93,True
45,234,603,696,93,True
49,258,603,696,93,True
50,218,603,749,146,True
51,225,603,694,91,True
55,255,603,694,91,True
57,236,603,694,91,True
58,247,603,694,91,True
59,240,603,781,178,True
64,221,603,694,91,True
65,255,603,749,146,True
69,225,603,781,178,True
71,217,603,694,91,True
75,244,603,694,91,True
80,250,603,694,91,True
81,238,603,694,91,True
82,248,603,781,178,True
87,225,603,749,146,True
88,243,603,694,91,True
90,243,603,781,178,True
91,233,603,749,146,True
94,272,603,694,91,True
1,227,604,696,92,True
2,232,604,696,92,True
3,234,604,702,98,True
4,223,604,696,92,True
5,249,604,696,92,True
8,257,604,696,92,True
9,256,604,702,98,True
12,250,604,696,92,True
14,260,604,702,98,True
15,241,604,696,92,True
16,264,604,696,92,True
17,230,604,696,92,True
18,257,604,696,92,True
19,230,604,702,98,True
22,225,604,696,92,True
24,221,604,696,92,True
26,230,604,702,98,True
27,241,604,696,92,True
28,227,604,696,92,True
32,244,604,702,98,True
41,240,604,702,98,True
44,259,604,696,92,True
45,235,604,696,92,True
52,230,604,694,90,True
53,251,604,694,90,True
56,264,604,694,90,True
57,237,604,694,90,True
59,241,604,781,177,True
60,236,604,694,90,True
67,225,604,749,145,True
70,263,604,694,90,True
71,218,604,694,90,True
72,233,604,694,90,True
74,230,604,749,145,True
76,264,604,749,145,True
79,241,604,781,177,True
80,251,604,694,90,True
81,239,604,694,90,True
85,237,604,694,90,True
88,244,604,694,90,True
89,235,604,749,145,True
91,234,604,749,145,True
94,273,604,694,90,True
95,234,604,749,145,True
96,237,604,749,145,True
97,228,604,694,90,True
0,238,605,702,97,True
3,235,605,702,97,True
4,224,605,696,91,True
7,233,605,696,91,True
8,258,605,696,91,True
9,257,605,702,97,True
13,244,605,702,97,True
14,261,605,702,97,True
16,265,605,696,91,True
17,231,605,696,91,True
20,253,605,696,91,True
24,222,605,696,91,True
25,244,605,702,97,True
26,231,605,702,97,True
32,245,605,702,97,True
44,260,605,696,91,True
45,236,605,696,91,True
46,227,605,696,91,True
47,259,605,702,97,True
48,241,605,696,91,True
50,219,605,749,144,True
51,226,605,694,89,True
55,256,605,694,89,True
56,265,605,694,89,True
58,248,605,694,89,True
63,257,605,694,89,True
69,226,605,781,176,True
70,264,605,694,89,True
71,219,605,749,144,True
75,245,605,749,144,True
77,234,605,694,89,True
81,240,605,694,89,True
87,226,605,749,144,True
94,274,605,694,89,True
95,235,605,749,144,True
96,238,605,749,144,True
97,229,605,694,89,True
0,239,606,702,96,True
1,228,606,696,90,True
5,250,606,696,90,True
9,258,606,702,96,True
21,248,606,696,90,True
27,242,606,696,90,True
29,247,606,696,90,True
30,242,606,696,90,True
31,245,606,702,96,True
34,233,606,702,96,True
36,244,606,696,90,True
40,262,606,696,90,True
43,257,606,702,96,True
44,261,606,696,90,True
45,237,606,696,90,True
48,242,606,696,90,True
57,238,606,694,88,True
58,249,606,694,88,True
68,257,606,781,175,True
70,265,606,694,88,True
71,220,606,749,143,True
76,265,606,749,143,True
78,243,606,694,88,True
79,242,606,781,175,True
91,235,606,749,143,True
92,244,606,749,143,True
96,239,606,749,143,True
97,230,606,694,88,True
1,229,607,696,89,True
2,233,607,696,89,True
5,251,607,696,89,True
6,252,607,702,95,True
7,234,607,696,89,True
9,259,607,702,95,True
11,236,607,696,89,True
12,251,607,696,89,True
13,245,607,702,95,True
15,242,607,696,89,True
17,232,607,696,89,True
20,254,607,696,89,True
23,240,607,702,95,True
24,223,607,696,89,True
25,245,607,702,95,True
29,248,607,696,89,True
31,246,607,702,95,True
38,250,607,696,89,True
41,241,607,702,95,True
46,228,607,696,89,True
47,260,607,702,95,True
52,231,607,694,87,True
53,252,607,694,87,True
54,222,607,694,87,True
56,266,607,694,87,True
57,239,607,694,87,True
66,234,607,694,87,True
72,234,607,694,87,True
75,246,607,749,142,True
76,266,607,749,142,True
85,238,607,694,87,True
86,230,607,694,87,True
88,245,607,749,142,True
91,236,607,749,142,True
96,240,607,749,142,True
99,255,607,781,174,True
3,236,608,702,94,True
5,252,608,696,88,True
7,235,608,696,88,True
9,260,608,702,94,True
11,237,608,696,88,True
15,243,608,702,94,True
18,258,608,696,88,True
24,224,608,696,88,True
33,266,608,696,88,True
34,234,608,702,94,True
38,251,608,696,88,True
40,263,608,702,94,True
43,258,608,702,94,True
46,229,608,696,88,True
50,220,608,749,141,True
59,242,608,781,173,True
62,241,608,696,88,True
65,256,608,749,141,True
66,235,608,694,86,True
67,226,608,749,141,True
70,266,608,694,86,True
71,221,608,749,141,True
72,235,608,694,86,True
75,247,608,749,141,True
77,235,608,749,141,True
78,244,608,694,86,True
81,241,608,694,86,True
82,249,608,781,173,True
84,257,608,694,86,True
85,239,608,694,86,True
86,231,608,694,86,True
88,246,608,749,141,True
91,237,608,749,141,True
92,245,608,749,141,True
96,241,608,749,141,True
97,231,608,694,86,True
99,256,608,781,173,True
0,240,609,702,93,True
1,230,609,696,87,True
3,237,609,702,93,True
6,253,609,702,93,True
7,236,609,696,87,True
8,259,609,696,87,True
10,234,609,696,87,True
12,252,609,696,87,True
16,266,609,696,87,True
17,233,609,696,87,True
21,249,609,696,87,True
22,226,609,696,87,True
24,225,609,696,87,True
25,246,609,702,93,True
28,228,609,696,87,True
31,247,609,702,93,True
33,267,609,696,87,True
35,236,609,696,87,True
39,243,609,696,87,True
40,264,609,702,93,True
42,230,609,702,93,True
43,259,609,702,93,True
45,238,609,696,87,True
46,230,609,696,87,True
48,243,609,696,87,True
49,259,609,696,87,True
52,232,609,694,85,True
56,267,609,694,85,True
60,237,609,694,85,True
61,253,609,749,140,True
62,242,609,696,87,True
63,258,609,694,85,True
64,222,609,749,140,True
67,227,609,749,140,True
71,222,609,749,140,True
77,236,609,749,140,True
78,245,609,694,85,True
81,242,609,694,85,True
82,250,609,781,172,True
83,243,609,781,172,True
85,240,609,694,85,True
92,246,609,749,140,True
93,266,609,749,140,True
94,275,609,694,85,True
96,242,609,749,140,True
98,228,609,694,85,True
1,231,610,696,86,True
4,225,610,702,92,True
6,254,610,702,92,True
7,237,610,696,86,True
13,246,610,702,92,True
14,262,610,702,92,True
15,244,610,702,92,True
17,234,610,696,86,True
21,250,610,696,86,True
29,249,610,696,86,True
32,246,610,702,92,True
34,235,610,702,92,True
36,245,610,696,86,True
37,240,610,702,92,True
39,244,610,696,86,True
43,260,610,702,92,True
46,231,610,696,86,True
51,227,610,694,84,True
55,257,610,694,84,True
56,268,610,694,84,True
58,250,610,694,84,True
59,243,610,781,171,True
60,238,610,694,84,True
64,223,610,749,139,True
65,257,610,749,139,True
67,228,610,749,139,True
68,258,610,781,171,True
71,223,610,749,139,True
75,248,610,749,139,True
77,237,610,749,139,True
82,251,610,781,171,True
83,244,610,781,171,True
84,258,610,694,84,True
86,232,610,749,139,True
88,247,610,749,139,True
89,236,610,749,139,True
93,267,610,749,139,True
95,236,610,749,139,True
97,232,610,694,84,True
1,232,611,696,85,True
5,253,611,696,85,True
9,261,611,702,91,True
10,235,611,696,85,True
20,255,611,696,85,True
22,227,611,696,85,True
23,241,611,702,91,True
24,226,611,696,85,True
29,250,611,696,85,True
33,268,611,696,85,True
34,236,611,702,91,True
35,237,611,696,85,True
36,246,611,696,85,True
38,252,611,696,85,True
39,245,611,696,85,True
40,265,611,702,91,True
41,242,611,702,91,True
42,231,611,702,91,True
43,261,611,702,91,True
44,262,611,696,85,True
46,232,611,696,85,True
47,261,611,702,91,True
50,221,611,749,138,True
51,228,611,694,83,True
56,269,611,694,83,True
57,240,611,749,138,True
61,254,611,749,138,True
63,259,611,694,83,True
64,224,611,749,138,True
66,236,611,694,83,True
69,227,611,781,170,True
79,243,611,781,170,True
81,243,611,694,83,True
83,245,611,781,170,True
85,241,611,694,83,True
86,233,611,749,138,True
87,227,611,749,138,True
88,248,611,749,138,True
90,244,611,781,170,True
91,238,611,749,138,True
92,247,611,749,138,True
95,237,611,749,138,True
96,243,611,749,138,True
1,233,612,696,84,True
4,226,612,702,90,True
5,254,612,696,84,True
9,262,612,702,90,True
15,245,612,702,90,True
16,267,612,696,84,True
18,259,612,696,84,True
19,231,612,702,90,True
22,228,612,696,84,True
30,243,612,696,84,True
32,247,612,702,90,True
34,237,612,702,90,True
37,241,612,702,90,True
43,262,612,702,90,True
45,239,612,696,84,True
47,262,612,702,90,True
54,223,612,694,82,True
56,270,612,749,137,True
61,255,612,749,137,True
62,243,612,696,84,True
63,260,612,694,82,True
73,251,612,694,82,True
75,249,612,749,137,True
80,252,612,694,82,True
81,244,612,694,82,True
83,246,612,781,169,True
85,242,612,694,82,True
86,234,612,749,137,True
90,245,612,781,169,True
95,238,612,749,137,True
98,229,612,694,82,True
2,234,613,696,83,True
3,238,613,702,89,True
9,263,613,702,89,True
10,236,613,696,83,True
11,238,613,696,83,True
12,253,613,696,83,True
14,263,613,702,89,True
15,246,613,702,89,True
16,268,613,696,83,True
17,235,613,696,83,True
19,232,613,702,89,True
21,251,613,696,83,True
25,247,613,702,89,True
27,243,613,702,89,True
28,229,613,696,83,True
32,248,613,702,89,True
35,238,613,696,83,True
36,247,613,702,89,True
37,242,613,702,89,True
38,253,613,696,83,True
39,246,613,696,83,True
42,232,613,702,89,True
43,263,613,702,89,True
45,240,613,696,83,True
47,263,613,702,89,True
51,229,613,694,81,True
53,253,613,694,81,True
55,258,613,694,81,True
62,244,613,696,83,True
63,261,613,694,81,True
64,225,613,749,136,True
66,237,613,694,81,True
67,229,613,749,136,True
72,236,613,694,81,True
75,250,613,749,136,True
76,267,613,749,136,True
84,259,613,694,81,True
85,243,613,694,81,True
88,249,613,749,136,True
89,237,613,749,136,True
92,248,613,749,136,True
95,239,613,749,136,True
97,233,613,694,81,True
0,241,614,702,88,True
4,227,614,702,88,True
5,255,614,696,82,True
10,237,614,696,82,True
11,239,614,696,82,True
12,254,614,696,82,True
13,247,614,702,88,True
14,264,614,702,88,True
21,252,614,696,82,True
23,242,614,702,88,True
27,244,614,702,88,True
28,230,614,696,82,True
31,248,614,702,88,True
33,269,614,702,88,True
36,248,614,702,88,True
37,243,614,702,88,True
40,266,614,702,88,True
41,243,614,702,88,True
42,233,614,702,88,True
44,263,614,696,82,True
46,233,614,702,88,True
48,244,614,696,82,True
49,260,614,702,88,True
50,222,614,749,135,True
51,230,614,694,80,True
52,233,614,694,80,True
53,254,614,694,80,True
54,224,614,694,80,True
56,271,614,749,135,True
58,251,614,694,80,True
59,244,614,781,167,True
60,239,614,749,135,True
62,245,614,696,82,True
65,258,614,749,135,True
66,238,614,694,80,True
68,259,614,781,167,True
70,267,614,694,80,True
75,251,614,749,135,True
76,268,614,749,135,True
80,253,614,694,80,True
81,245,614,749,135,True
84,260,614,694,80,True
86,235,614,749,135,True
89,238,614,749,135,True
91,239,614,749,135,True
93,268,614,749,135,True
94,276,614,749,135,True
95,240,614,749,135,True
96,244,614,749,135,True
5,256,615,696,81,True
7,238,615,696,81,True
14,265,615,702,87,True
15,247,615,702,87,True
17,236,615,696,81,True
18,260,615,696,81,True
21,253,615,696,81,True
22,229,615,696,81,True
23,243,615,702,87,True
26,232,615,702,87,True
27,245,615,702,87,True
29,251,615,696,81,True
34,238,615,702,87,True
35,239,615,696,81,True
43,264,615,702,87,True
44,264,615,696,81,True
48,245,615,696,81,True
49,261,615,702,87,True
51,231,615,694,79,True
53,255,615,749,134,True
54,225,615,694,79,True
59,245,615,781,166,True
60,240,615,749,134,True
61,256,615,749,134,True
63,262,615,694,79,True
69,228,615,781,166,True
70,268,615,694,79,True
73,252,615,694,79,True
75,252,615,749,134,True
76,269,615,749,134,True
82,252,615,781,166,True
83,247,615,781,166,True
84,261,615,694,79,True
85,244,615,749,134,True
88,250,615,749,134,True
90,246,615,781,166,True
92,249,615,749,134,True
95,241,615,749,134,True
96,245,615,749,134,True
97,234,615,694,79,True
98,230,615,694,79,True
2,235,616,696,80,True
3,239,616,702,86,True
4,228,616,702,86,True
6,255,616,702,86,True
7,239,616,696,80,True
8,260,616,702,86,True
10,238,616,702,86,True
12,255,616,696,80,True
13,248,616,702,86,True
14,266,616,702,86,True
16,269,616,702,86,True
33,270,616,702,86,True
35,240,616,696,80,True
38,254,616,696,80,True
40,267,616,702,86,True
41,244,616,702,86,True
43,265,616,702,86,True
44,265,616,696,80,True
46,234,616,702,86,True
47,264,616,702,86,True
49,262,616,702,86,True
50,223,616,749,133,True
53,256,616,749,133,True
59,246,616,781,165,True
61,257,616,749,133,True
63,263,616,694,78,True
70,269,616,694,78,True
75,253,616,749,133,True
77,238,616,749,133,True
85,245,616,749,133,True
87,228,616,749,133,True
90,247,616,781,165,True
91,240,616,749,133,True
97,235,616,694,78,True
98,231,616,694,78,True
99,257,616,781,165,True
6,256,617,702,85,True
7,240,617,702,85,True
15,248,617,702,85,True
16,270,617,702,85,True
19,233,617,702,85,True
22,230,617,696,79,True
26,233,617,702,85,True
28,231,617,696,79,True
30,244,617,696,79,True
35,241,617,696,79,True
40,268,617,702,85,True
41,245,617,702,85,True
43,266,617,702,85,True
45,241,617,696,79,True
51,232,617,694,77,True
53,257,617,749,132,True
55,259,617,749,132,True
61,258,617,749,132,True
69,229,617,781,164,True
70,270,617,694,77,True
72,237,617,694,77,True
74,231,617,749,132,True
76,270,617,749,132,True
78,246,617,749,132,True
80,254,617,694,77,True
91,241,617,749,132,True
94,277,617,749,132,True
98,232,617,694,77,True
99,258,617,781,164,True
7,241,618,702,84,True
9,264,618,702,84,True
14,267,618,702,84,True
15,249,618,702,84,True
18,261,618,696,78,True
23,244,618,702,84,True
24,227,618,702,84,True
25,248,618,702,84,True
30,245,618,696,78,True
33,271,618,702,84,True
34,239,618,702,84,True
35,242,618,696,78,True
36,249,618,702,84,True
37,244,618,702,84,True
38,255,618,702,84,True
40,269,618,702,84,True
41,246,618,702,84,True
43,267,618,702,84,True
44,266,618,696,78,True
46,235,618,702,84,True
47,265,618,702,84,True
52,234,618,694,76,True
54,226,618,694,76,True
55,260,618,749,131,True
56,272,618,749,131,True
57,241,618,749,131,True
58,252,618,694,76,True
59,247,618,781,163,True
60,241,618,749,131,True
67,230,618,749,131,True
69,230,618,781,163,True
70,271,618,694,76,True
76,271,618,749,131,True
77,239,618,749,131,True
80,255,618,694,76,True
81,246,618,749,131,True
83,248,618,781,163,True
85,246,618,749,131,True
87,229,618,749,131,True
88,251,618,749,131,True
89,239,618,749,131,True
91,242,618,749,131,True
97,236,618,694,76,True
98,233,618,694,76,True
99,259,618,781,163,True
5,257,619,696,77,True
7,242,619,702,83,True
8,261,619,702,83,True
10,239,619,702,83,True
12,256,619,696,77,True
23,245,619,702,83,True
24,228,619,702,83,True
27,246,619,702,83,True
31,249,619,702,83,True
32,249,619,702,83,True
33,272,619,702,83,True
35,243,619,696,77,True
38,256,619,702,83,True
41,247,619,702,83,True
43,268,619,702,83,True
51,233,619,694,75,True
55,261,619,749,130,True
57,242,619,749,130,True
61,259,619,749,130,True
63,264,619,749,130,True
64,226,619,749,130,True
65,259,619,749,130,True
66,239,619,694,75,True
69,231,619,781,162,True
70,272,619,694,75,True
75,254,619,749,130,True
81,247,619,749,130,True
82,253,619,781,162,True
84,262,619,694,75,True
86,236,619,749,130,True
96,246,619,749,130,True
7,243,620,702,82,True
11,240,620,702,82,True
12,257,620,696,76,True
15,250,620,702,82,True
19,234,620,702,82,True
21,254,620,696,76,True
24,229,620,702,82,True
25,249,620,702,82,True
26,234,620,702,82,True
28,232,620,696,76,True
31,250,620,702,82,True
33,273,620,702,82,True
43,269,620,702,82,True
46,236,620,702,82,True
49,263,620,702,82,True
53,258,620,749,129,True
56,273,620,749,129,True
57,243,620,749,129,True
59,248,620,781,161,True
65,260,620,749,129,True
67,231,620,749,129,True
69,232,620,781,161,True
71,224,620,749,129,True
72,238,620,749,129,True
75,255,620,749,129,True
77,240,620,749,129,True
79,244,620,781,161,True
81,248,620,749,129,True
82,254,620,781,161,True
83,249,620,781,161,True
84,263,620,694,74,True
95,242,620,749,129,True
96,247,620,749,129,True
0,242,621,702,81,True
1,234,621,696,75,True
2,236,621,702,81,True
3,240,621,702,81,True
10,240,621,702,81,True
12,258,621,696,75,True
14,268,621,702,81,True
17,237,621,702,81,True
19,235,621,702,81,True
20,256,621,702,81,True
21,255,621,696,75,True
26,235,621,702,81,True
31,251,621,702,81,True
36,250,621,702,81,True
38,257,621,702,81,True
42,234,621,702,81,True
44,267,621,696,75,True
47,266,621,702,81,True
48,246,621,702,81,True
49,264,621,702,81,True
50,224,621,749,128,True
52,235,621,694,73,True
53,259,621,749,128,True
54,227,621,694,73,True
56,274,621,749,128,True
60,242,621,749,128,True
63,265,621,749,128,True
64,227,621,749,128,True
70,273,621,694,73,True
73,253,621,694,73,True
75,256,621,749,128,True
78,247,621,749,128,True
79,245,621,781,160,True
80,256,621,694,73,True
83,250,621,781,160,True
84,264,621,694,73,True
85,247,621,749,128,True
90,248,621,781,160,True
92,250,621,749,128,True
96,248,621,749,128,True
98,234,621,749,128,True
99,260,621,781,160,True
1,235,622,696,74,True
5,258,622,696,74,True
7,244,622,702,80,True
8,262,622,702,80,True
13,249,622,702,80,True
16,271,622,702,80,True
22,231,622,702,80,True
23,246,622,702,80,True
24,230,622,702,80,True
31,252,622,702,80,True
32,250,622,702,80,True
33,274,622,702,80,True
34,240,622,702,80,True
35,244,622,702,80,True
39,247,622,702,80,True
40,270,622,702,80,True
42,235,622,702,80,True
48,247,622,702,80,True
54,228,622,694,72,True
55,262,622,749,127,True
56,275,622,749,127,True
57,244,622,749,127,True
60,243,622,749,127,True
62,246,622,696,74,True
63,266,622,749,127,True
64,228,622,749,127,True
66,240,622,694,72,True
68,260,622,781,159,True
69,233,622,781,159,True
70,274,622,694,72,True
76,272,622,749,127,True
78,248,622,749,127,True
79,246,622,781,159,True
80,257,622,694,72,True
82,255,622,781,159,True
89,240,622,749,127,True
90,249,622,781,159,True
92,251,622,749,127,True
94,278,622,749,127,True
95,243,622,749,127,True
97,237,622,694,72,True
98,235,622,749,127,True
1,236,623,696,73,True
4,229,623,702,79,True
5,259,623,696,73,True
8,263,623,702,79,True
12,259,623,696,73,True
14,269,623,702,79,True
18,262,623,702,79,True
24,231,623,702,79,True
25,250,623,702,79,True
27,247,623,702,79,True
30,246,623,696,73,True
32,251,623,702,79,True
37,245,623,702,79,True
39,248,623,702,79,True
41,248,623,702,79,True
43,270,623,702,79,True
45,242,623,696,73,True
60,244,623,749,126,True
62,247,623,696,73,True
63,267,623,749,126,True
71,225,623,749,126,True
74,232,623,749,126,True
75,257,623,749,126,True
76,273,623,749,126,True
79,247,623,781,158,True
80,258,623,694,71,True
82,256,623,781,158,True
83,251,623,781,158,True
84,265,623,696,73,True
89,241,623,749,126,True
90,250,623,781,158,True
92,252,623,749,126,True
93,269,623,749,126,True
0,243,624,702,78,True
1,237,624,696,72,True
2,237,624,702,78,True
3,241,624,702,78,True
6,257,624,702,78,True
7,245,624,702,78,True
9,265,624,702,78,True
10,241,624,702,78,True
12,260,624,696,72,True
15,251,624,702,78,True
20,257,624,702,78,True
27,248,624,702,78,True
29,252,624,696,72,True
31,253,624,702,78,True
32,252,624,702,78,True
34,241,624,702,78,True
39,249,624,702,78,True
43,271,624,702,78,True
47,267,624,702,78,True
49,265,624,702,78,True
50,225,624,749,125,True
55,263,624,749,125,True
57,245,624,749,125,True
59,249,624,781,157,True
60,245,624,749,125,True
62,248,624,696,72,True
63,268,624,749,125,True
67,232,624,749,125,True
69,234,624,781,157,True
73,254,624,694,70,True
75,258,624,749,125,True
77,241,624,749,125,True
82,257,624,781,157,True
84,266,624,696,72,True
85,248,624,749,125,True
88,252,624,749,125,True
89,242,624,749,125,True
91,243,624,749,125,True
92,253,624,749,125,True
96,249,624,749,125,True
97,238,624,694,70,True
1,238,625,696,71,True
7,246,625,702,77,True
8,264,625,702,77,True
11,241,625,702,77,True
13,250,625,702,77,True
22,232,625,702,77,True
24,232,625,702,77,True
25,251,625,702,77,True
26,236,625,702,77,True
27,249,625,702,77,True
29,253,625,696,71,True
30,247,625,696,71,True
31,254,625,702,77,True
36,251,625,702,77,True
37,246,625,702,77,True
39,250,625,702,77,True
40,271,625,702,77,True
42,236,625,702,77,True
43,272,625,702,77,True
45,243,625,696,71,True
51,234,625,694,69,True
52,236,625,694,69,True
53,260,625,749,124,True
54,229,625,694,69,True
58,253,625,694,69,True
61,260,625,749,124,True
63,269,625,749,124,True
65,261,625,749,124,True
66,241,625,694,69,True
68,261,625,781,156,True
70,275,625,694,69,True
73,255,625,694,69,True
74,233,625,749,124,True
79,248,625,781,156,True
80,259,625,694,69,True
87,230,625,749,124,True
89,243,625,749,124,True
90,251,625,781,156,True
94,279,625,749,124,True
98,236,625,749,124,True
3,242,626,702,76,True
4,230,626,702,76,True
9,266,626,702,76,True
12,261,626,696,70,True
13,251,626,702,76,True
15,252,626,702,76,True
16,272,626,702,76,True
17,238,626,702,76,True
27,250,626,702,76,True
28,233,626,696,70,True
29,254,626,696,70,True
33,275,626,702,76,True
39,251,626,702,76,True
41,249,626,702,76,True
42,237,626,702,76,True
44,268,626,696,70,True
45,244,626,696,70,True
46,237,626,702,76,True
47,268,626,702,76,True
48,248,626,702,76,True
49,266,626,702,76,True
50,226,626,749,123,True
52,237,626,694,68,True
57,246,626,749,123,True
58,254,626,694,68,True
59,250,626,781,155,True
62,249,626,696,70,True
63,270,626,749,123,True
65,262,626,749,123,True
69,235,626,781,155,True
71,226,626,749,123,True
72,239,626,749,123,True
73,256,626,694,68,True
74,234,626,749,123,True
76,274,626,749,123,True
79,249,626,781,155,True
80,260,626,694,68,True
81,249,626,749,123,True
89,244,626,749,123,True
95,244,626,749,123,True
97,239,626,694,68,True
0,244,627,702,75,True
3,243,627,702,75,True
4,231,627,702,75,True
6,258,627,702,75,True
7,247,627,702,75,True
10,242,627,702,75,True
11,242,627,702,75,True
12,262,627,696,69,True
13,252,627,702,75,True
14,270,627,702,75,True
15,253,627,702,75,True
23,247,627,702,75,True
24,233,627,702,75,True
25,252,627,702,75,True
26,237,627,702,75,True
28,234,627,702,75,True
30,248,627,696,69,True
32,253,627,702,75,True
33,276,627,702,75,True
34,242,627,702,75,True
38,258,627,702,75,True
40,272,627,702,75,True
42,238,627,702,75,True
46,238,627,702,75,True
48,249,627,702,75,True
50,227,627,749,122,True
51,235,627,749,122,True
52,238,627,694,67,True
61,261,627,749,122,True
73,257,627,694,67,True
77,242,627,749,122,True
81,250,627,749,122,True
87,231,627,749,122,True
89,245,627,749,122,True
90,252,627,781,154,True
92,254,627,749,122,True
93,270,627,749,122,True
98,237,627,749,122,True
2,238,628,702,74,True
3,244,628,702,74,True
4,232,628,702,74,True
6,259,628,702,74,True
9,267,628,702,74,True
11,243,628,702,74,True
13,253,628,702,74,True
14,271,628,702,74,True
15,254,628,702,74,True
19,236,628,702,74,True
22,233,628,702,74,True
23,248,628,702,74,True
24,234,628,702,74,True
25,253,628,702,74,True
27,251,628,702,74,True
28,235,628,702,74,True
30,249,628,696,68,True
31,255,628,702,74,True
33,277,628,702,74,True
34,243,628,702,74,True
35,245,628,702,74,True
45,245,628,696,68,True
50,228,628,749,121,True
51,236,628,749,121,True
52,239,628,694,66,True
53,261,628,749,121,True
55,264,628,749,121,True
56,276,628,749,121,True
59,251,628,781,153,True
61,262,628,749,121,True
65,263,628,749,121,True
66,242,628,694,66,True
67,233,628,749,121,True
71,227,628,749,121,True
73,258,628,694,66,True
76,275,628,749,121,True
78,249,628,749,121,True
79,250,628,781,153,True
81,251,628,749,121,True
83,252,628,781,153,True
85,249,628,749,121,True
96,250,628,749,121,True
0,245,629,702,73,True
2,239,629,702,73,True
3,245,629,702,73,True
4,233,629,702,73,True
6,260,629,702,73,True
8,265,629,702,73,True
20,258,629,702,73,True
23,249,629,702,73,True
30,250,629,696,67,True
31,256,629,702,73,True
32,254,629,702,73,True
33,278,629,702,73,True
35,246,629,702,73,True
37,247,629,702,73,True
38,259,629,702,73,True
40,273,629,702,73,True
42,239,629,702,73,True
43,273,629,702,73,True
45,246,629,696,67,True
46,239,629,702,73,True
48,250,629,702,73,True
49,267,629,702,73,True
50,229,629,749,120,True
53,262,629,749,120,True
54,230,629,749,120,True
55,265,629,749,120,True
58,255,629,694,65,True
63,271,629,749,120,True
64,229,629,749,120,True
66,243,629,694,65,True
67,234,629,749,120,True
68,262,629,781,152,True
72,240,629,749,120,True
73,259,629,694,65,True
82,258,629,781,152,True
84,267,629,696,67,True
86,237,629,749,120,True
90,253,629,781,152,True
93,271,629,749,120,True
95,245,629,749,120,True
97,240,629,749,120,True
98,238,629,749,120,True
1,239,630,696,66,True
3,246,630,702,72,True
5,260,630,702,72,True
8,266,630,702,72,True
13,254,630,702,72,True
14,272,630,702,72,True
16,273,630,702,72,True
19,237,630,702,72,True
21,256,630,696,66,True
23,250,630,702,72,True
24,235,630,702,72,True
27,252,630,702,72,True
28,236,630,702,72,True
29,255,630,702,72,True
35,247,630,702,72,True
36,252,630,702,72,True
37,248,630,733,103,True
39,252,630,702,72,True
40,274,630,702,72,True
43,274,630,702,72,True
44,269,630,702,72,True
45,247,630,696,66,True
46,240,630,702,72,True
50,230,630,749,119,True
53,263,630,749,119,True
57,247,630,749,119,True
58,256,630,694,64,True
60,246,630,749,119,True
62,250,630,696,66,True
64,230,630,749,119,True
67,235,630,749,119,True
79,251,630,781,151,True
80,261,630,694,64,True
83,253,630,781,151,True
86,238,630,749,119,True
91,244,630,749,119,True
92,255,630,749,119,True
93,272,630,749,119,True
94,280,630,749,119,True
98,239,630,749,119,True
0,246,631,702,71,True
2,240,631,702,71,True
3,247,631,702,71,True
4,234,631,702,71,True
5,261,631,702,71,True
6,261,631,702,71,True
12,263,631,696,65,True
14,273,631,702,71,True
15,255,631,702,71,True
18,263,631,702,71,True
19,238,631,702,71,True
21,257,631,696,65,True
23,251,631,702,71,True
24,236,631,702,71,True
25,254,631,702,71,True
26,238,631,702,71,True
28,237,631,702,71,True
30,251,631,696,65,True
32,255,631,702,71,True
34,244,631,702,71,True
36,253,631,702,71,True
38,260,631,702,71,True
39,253,631,702,71,True
40,275,631,702,71,True
42,240,631,702,71,True
44,270,631,702,71,True
46,241,631,702,71,True
47,269,631,702,71,True
48,251,631,702,71,True
52,240,631,694,63,True
54,231,631,749,118,True
55,266,631,749,118,True
57,248,631,749,118,True
59,252,631,781,150,True
64,231,631,749,118,True
66,244,631,694,63,True
71,228,631,749,118,True
72,241,631,749,118,True
79,252,631,781,150,True
80,262,631,694,63,True
81,252,631,749,118,True
84,268,631,696,65,True
85,250,631,749,118,True
87,232,631,749,118,True
89,246,631,749,118,True
90,254,631,781,150,True
92,256,631,749,118,True
93,273,631,749,118,True
98,240,631,749,118,True
99,261,631,781,150,True
0,247,632,702,70,True
4,235,632,702,70,True
8,267,632,702,70,True
9,268,632,702,70,True
13,255,632,702,70,True
18,264,632,702,70,True
19,239,632,702,70,True
21,258,632,696,64,True
24,237,632,702,70,True
25,255,632,702,70,True
26,239,632,702,70,True
32,256,632,702,70,True
33,279,632,702,70,True
37,249,632,733,101,True
38,261,632,702,70,True
41,250,632,702,70,True
42,241,632,702,70,True
45,248,632,696,64,True
49,268,632,702,70,True
50,231,632,749,117,True
51,237,632,749,117,True
52,241,632,694,62,True
54,232,632,749,117,True
55,267,632,749,117,True
61,263,632,749,117,True
62,251,632,696,64,True
64,232,632,749,117,True
66,245,632,694,62,True
69,236,632,781,149,True
74,235,632,749,117,True
75,259,632,749,117,True
78,250,632,749,117,True
79,253,632,781,149,True
81,253,632,749,117,True
85,251,632,749,117,True
88,253,632,749,117,True
89,247,632,749,117,True
92,257,632,749,117,True
97,241,632,749,117,True
99,262,632,781,149,True
2,241,633,702,69,True
4,236,633,702,69,True
5,262,633,702,69,True
7,248,633,702,69,True
8,268,633,702,69,True
19,240,633,702,69,True
20,259,633,702,69,True
21,259,633,696,63,True
23,252,633,702,69,True
24,238,633,702,69,True
25,256,633,702,69,True
26,240,633,702,69,True
27,253,633,702,69,True
33,280,633,702,69,True
36,254,633,702,69,True
42,242,633,702,69,True
43,275,633,702,69,True
49,269,633,702,69,True
50,232,633,749,116,True
51,238,633,749,116,True
54,233,633,749,116,True
55,268,633,749,116,True
58,257,633,694,61,True
62,252,633,696,63,True
66,246,633,694,61,True
71,229,633,749,116,True
72,242,633,749,116,True
74,236,633,749,116,True
75,260,633,749,116,True
81,254,633,749,116,True
84,269,633,696,63,True
86,239,633,749,116,True
88,254,633,749,116,True
92,258,633,749,116,True
94,281,633,749,116,True
95,246,633,749,116,True
97,242,633,749,116,True
99,263,633,781,148,True
0,248,634,702,68,True
2,242,634,702,68,True
3,248,634,702,68,True
4,237,634,702,68,True
5,263,634,702,68,True
12,264,634,696,62,True
13,256,634,702,68,True
14,274,634,733,99,True
22,234,634,702,68,True
23,253,634,702,68,True
26,241,634,702,68,True
32,257,634,702,68,True
33,281,634,702,68,True
36,255,634,702,68,True
39,254,634,702,68,True
46,242,634,702,68,True
47,270,634,702,68,True
48,252,634,702,68,True
51,239,634,749,115,True
52,242,634,749,115,True
53,264,634,749,115,True
54,234,634,749,115,True
55,269,634,749,115,True
56,277,634,749,115,True
57,249,634,749,115,True
60,247,634,749,115,True
63,272,634,749,115,True
65,264,634,749,115,True
66,247,634,694,60,True
67,236,634,749,115,True
68,263,634,781,147,True
70,276,634,749,115,True
73,260,634,694,60,True
75,261,634,749,115,True
77,243,634,749,115,True
81,255,634,749,115,True
82,259,634,781,147,True
84,270,634,696,62,True
85,252,634,749,115,True
87,233,634,749,115,True
88,255,634,749,115,True
89,248,634,749,115,True
90,255,634,781,147,True
91,245,634,749,115,True
93,274,634,749,115,True
94,282,634,749,115,True
95,247,634,749,115,True
99,264,634,781,147,True
0,249,635,702,67,True
3,249,635,702,67,True
7,249,635,733,98,True
12,265,635,696,61,True
13,257,635,702,67,True
14,275,635,733,98,True
15,256,635,702,67,True
18,265,635,702,67,True
21,260,635,696,61,True
22,235,635,702,67,True
26,242,635,702,67,True
29,256,635,702,67,True
31,257,635,733,98,True
32,258,635,702,67,True
34,245,635,702,67,True
38,262,635,702,67,True
39,255,635,702,67,True
40,276,635,702,67,True
42,243,635,702,67,True
43,276,635,702,67,True
53,265,635,749,114,True
55,270,635,749,114,True
56,278,635,749,114,True
58,258,635,749,114,True
60,248,635,749,114,True
61,264,635,749,114,True
62,253,635,696,61,True
63,273,635,749,114,True
66,248,635,694,59,True
70,277,635,749,114,True
71,230,635,749,114,True
75,262,635,749,114,True
76,276,635,749,114,True
78,251,635,749,114,True
79,254,635,781,146,True
81,256,635,749,114,True
82,260,635,781,146,True
83,254,635,781,146,True
85,253,635,749,114,True
88,256,635,749,114,True
99,265,635,781,146,True
0,250,636,702,66,True
2,243,636,702,66,True
3,250,636,702,66,True
5,264,636,702,66,True
9,269,636,702,66,True
11,244,636,702,66,True
19,241,636,702,66,True
21,261,636,696,60,True
22,236,636,702,66,True
37,250,636,733,97,True
38,263,636,702,66,True
39,256,636,702,66,True
42,244,636,702,66,True
48,253,636,702,66,True
54,235,636,749,113,True
56,279,636,749,113,True
59,253,636,781,145,True
60,249,636,749,113,True
61,265,636,749,113,True
66,249,636,694,58,True
71,231,636,749,113,True
75,263,636,749,113,True
76,277,636,749,113,True
79,255,636,781,145,True
80,263,636,749,113,True
81,257,636,749,113,True
85,254,636,749,113,True
87,234,636,749,113,True
88,257,636,749,113,True
91,246,636,749,113,True
93,275,636,749,113,True
97,243,636,749,113,True
2,244,637,702,65,True
3,251,637,702,65,True
12,266,637,696,59,True
13,258,637,702,65,True
19,242,637,702,65,True
21,262,637,696,59,True
22,237,637,702,65,True
24,239,637,702,65,True
28,238,637,702,65,True
31,258,637,733,96,True
34,246,637,702,65,True
35,248,637,702,65,True
37,251,637,733,96,True
43,277,637,702,65,True
50,233,637,749,112,True
59,254,637,781,144,True
60,250,637,749,112,True
63,274,637,749,112,True
68,264,637,781,144,True
70,278,637,749,112,True
73,261,637,694,57,True
74,237,637,749,112,True
75,264,637,749,112,True
77,244,637,749,112,True
78,252,637,749,112,True
79,256,637,781,144,True
84,271,637,696,59,True
86,240,637,749,112,True
92,259,637,749,112,True
94,283,637,749,112,True
95,248,637,749,112,True
0,251,638,702,64,True
4,238,638,702,64,True
5,265,638,702,64,True
10,243,638,702,64,True
12,267,638,696,58,True
16,274,638,702,64,True
18,266,638,702,64,True
19,243,638,702,64,True
27,254,638,702,64,True
30,252,638,702,64,True
32,259,638,702,64,True
33,282,638,733,95,True
34,247,638,702,64,True
36,256,638,702,64,True
38,264,638,702,64,True
39,257,638,702,64,True
40,277,638,702,64,True
41,251,638,702,64,True
42,245,638,702,64,True
44,271,638,702,64,True
47,271,638,702,64,True
51,240,638,749,111,True
53,266,638,749,111,True
54,236,638,749,111,True
57,250,638,749,111,True
58,259,638,749,111,True
62,254,638,696,58,True
70,279,638,749,111,True
75,265,638,749,111,True
76,278,638,749,111,True
78,253,638,749,111,True
79,257,638,781,143,True
81,258,638,749,111,True
82,261,638,781,143,True
92,260,638,749,111,True
93,276,638,749,111,True
96,251,638,749,111,True
97,244,638,749,111,True
98,241,638,749,111,True
1,240,639,702,63,True
4,239,639,702,63,True
11,245,639,702,63,True
13,259,639,702,63,True
16,275,639,702,63,True
18,267,639,702,63,True
27,255,639,702,63,True
28,239,639,702,63,True
29,257,639,702,63,True
30,253,639,702,63,True
31,259,639,733,94,True
34,248,639,702,63,True
36,257,639,702,63,True
38,265,639,702,63,True
40,278,639,702,63,True
42,246,639,702,63,True
43,278,639,733,94,True
44,272,639,702,63,True
45,249,639,696,57,True
47,272,639,702,63,True
49,270,639,702,63,True
52,243,639,749,110,True
54,237,639,749,110,True
56,280,639,749,110,True
57,251,639,749,110,True
58,260,639,749,110,True
60,251,639,749,110,True
67,237,639,749,110,True
69,237,639,781,142,True
70,280,639,749,110,True
76,279,639,749,110,True
77,245,639,749,110,True
78,254,639,749,110,True
82,262,639,781,142,True
84,272,639,696,57,True
85,255,639,749,110,True
86,241,639,749,110,True
95,249,639,749,110,True
2,245,640,702,62,True
5,266,640,702,62,True
6,262,640,733,93,True
7,250,640,733,93,True
8,269,640,702,62,True
13,260,640,702,62,True
14,276,640,733,93,True
15,257,640,702,62,True
19,244,640,702,62,True
21,263,640,696,56,True
22,238,640,702,62,True
24,240,640,733,93,True
29,258,640,702,62,True
34,249,640,702,62,True
36,258,640,702,62,True
42,247,640,702,62,True
45,250,640,696,56,True
50,234,640,749,109,True
52,244,640,749,109,True
53,267,640,749,109,True
56,281,640,749,109,True
57,252,640,749,109,True
59,255,640,781,141,True
60,252,640,749,109,True
63,275,640,749,109,True
66,250,640,749,109,True
67,238,640,749,109,True
68,265,640,781,141,True
70,281,640,749,109,True
72,243,640,749,109,True
74,238,640,749,109,True
76,280,640,749,109,True
77,246,640,749,109,True
78,255,640,749,109,True
82,263,640,781,141,True
83,255,640,781,141,True
84,273,640,696,56,True
85,256,640,749,109,True
86,242,640,749,109,True
87,235,640,749,109,True
89,249,640,749,109,True
91,247,640,749,109,True
92,261,640,749,109,True
93,277,640,749,109,True
96,252,640,749,109,True
98,242,640,749,109,True
99,266,640,781,141,True
1,241,641,702,61,True
2,246,641,702,61,True
3,252,641,702,61,True
10,244,641,702,61,True
12,268,641,696,55,True
13,261,641,702,61,True
17,239,641,733,92,True
19,245,641,733,92,True
20,260,641,702,61,True
31,260,641,733,92,True
33,283,641,733,92,True
35,249,641,702,61,True
36,259,641,702,61,True
37,252,641,733,92,True
39,258,641,702,61,True
41,252,641,702,61,True
42,248,641,702,61,True
43,279,641,733,92,True
45,251,641,696,55,True
49,271,641,702,61,True
51,241,641,749,108,True
54,238,641,749,108,True
62,255,641,696,55,True
63,276,641,749,108,True
64,233,641,749,108,True
65,265,641,749,108,True
69,238,641,781,140,True
71,232,641,749,108,True
72,244,641,749,108,True
74,239,641,749,108,True
78,256,641,749,108,True
81,259,641,749,108,True
88,258,641,749,108,True
93,278,641,749,108,True
94,284,641,749,108,True
95,250,641,749,108,True
99,267,641,781,140,True
0,252,642,702,60,True
2,247,642,702,60,True
4,240,642,702,60,True
7,251,642,733,91,True
8,270,642,702,60,True
9,270,642,702,60,True
11,246,642,702,60,True
13,262,642,702,60,True
15,258,642,702,60,True
16,276,642,702,60,True
22,239,642,702,60,True
34,250,642,733,91,True
37,253,642,733,91,True
38,266,642,702,60,True
45,252,642,696,54,True
46,243,642,733,91,True
51,242,642,749,107,True
54,239,642,749,107,True
56,282,642,749,107,True
57,253,642,749,107,True
59,256,642,781,139,True
60,253,642,749,107,True
63,277,642,749,107,True
65,266,642,749,107,True
68,266,642,781,139,True
69,239,642,781,139,True
70,282,642,749,107,True
71,233,642,749,107,True
72,245,642,749,107,True
74,240,642,749,107,True
75,266,642,749,107,True
77,247,642,749,107,True
79,258,642,781,139,True
85,257,642,749,107,True
89,250,642,749,107,True
91,248,642,749,107,True
95,251,642,749,107,True
97,245,642,749,107,True
0,253,643,702,59,True
3,253,643,702,59,True
4,241,643,702,59,True
6,263,643,733,90,True
8,271,643,702,59,True
10,245,643,702,59,True
13,263,643,702,59,True
16,277,643,702,59,True
19,246,643,733,90,True
20,261,643,702,59,True
21,264,643,696,53,True
23,254,643,702,59,True
24,241,643,733,90,True
27,256,643,702,59,True
28,240,643,702,59,True
30,254,643,702,59,True
32,260,643,702,59,True
35,250,643,702,59,True
36,260,643,702,59,True
41,253,643,702,59,True
43,280,643,733,90,True
44,273,643,702,59,True
47,273,643,702,59,True
52,245,643,749,106,True
53,268,643,749,106,True
60,254,643,749,106,True
64,234,643,749,106,True
65,267,643,749,106,True
66,251,643,749,106,True
67,239,643,749,106,True
74,241,643,749,106,True
78,257,643,749,106,True
80,264,643,749,106,True
84,274,643,696,53,True
85,258,643,749,106,True
86,243,643,749,106,True
87,236,643,749,106,True
89,251,643,749,106,True
90,256,643,781,138,True
91,249,643,749,106,True
92,262,643,749,106,True
0,254,644,702,58,True
1,242,644,761,117,True
10,246,644,702,58,True
11,247,644,733,89,True
12,269,644,702,58,True
15,259,644,702,58,True
30,255,644,702,58,True
35,251,644,702,58,True
37,254,644,761,117,True
38,267,644,702,58,True
42,249,644,702,58,True
43,281,644,733,89,True
45,253,644,696,52,True
46,244,644,733,89,True
48,254,644,702,58,True
49,272,644,702,58,True
50,235,644,749,105,True
51,243,644,749,105,True
54,240,644,749,105,True
57,254,644,749,105,True
58,261,644,749,105,True
62,256,644,696,52,True
67,240,644,749,105,True
68,267,644,781,137,True
70,283,644,749,105,True
72,246,644,749,105,True
77,248,644,749,105,True
80,265,644,749,105,True
81,260,644,749,105,True
82,264,644,781,137,True
84,275,644,696,52,True
85,259,644,749,105,True
89,252,644,749,105,True
90,257,644,781,137,True
91,250,644,749,105,True
93,279,644,749,105,True
97,246,644,749,105,True
4,242,645,733,88,True
5,267,645,702,57,True
7,252,645,733,88,True
8,272,645,702,57,True
9,271,645,702,57,True
10,247,645,702,57,True
15,260,645,702,57,True
24,242,645,733,88,True
27,257,645,702,57,True
28,241,645,702,57,True
29,259,645,702,57,True
30,256,645,761,116,True
32,261,645,702,57,True
39,259,645,702,57,True
40,279,645,702,57,True
45,254,645,702,57,True
48,255,645,702,57,True
51,244,645,749,104,True
52,246,645,749,104,True
54,241,645,749,104,True
55,271,645,749,104,True
59,257,645,781,136,True
60,255,645,749,104,True
62,257,645,696,51,True
64,235,645,749,104,True
65,268,645,749,104,True
66,252,645,749,104,True
69,240,645,781,136,True
74,242,645,749,104,True
76,281,645,749,104,True
77,249,645,749,104,True
78,258,645,749,104,True
79,259,645,781,136,True
84,276,645,696,51,True
86,244,645,749,104,True
87,237,645,749,104,True
89,253,645,749,104,True
91,251,645,749,104,True
99,268,645,781,136,True
0,255,646,702,56,True
1,243,646,761,115,True
3,254,646,702,56,True
4,243,646,733,87,True
5,268,646,702,56,True
9,272,646,702,56,True
14,277,646,733,87,True
15,261,646,702,56,True
17,240,646,733,87,True
21,265,646,702,56,True
22,240,646,733,87,True
23,255,646,702,56,True
24,243,646,733,87,True
25,257,646,733,87,True
28,242,646,702,56,True
34,251,646,733,87,True
38,268,646,702,56,True
41,254,646,702,56,True
42,250,646,733,87,True
44,274,646,702,56,True
45,255,646,702,56,True
49,273,646,702,56,True
51,245,646,749,103,True
52,247,646,749,103,True
56,283,646,749,103,True
60,256,646,749,103,True
62,258,646,696,50,True
66,253,646,749,103,True
67,241,646,749,103,True
68,268,646,781,135,True
69,241,646,781,135,True
74,243,646,749,103,True
78,259,646,749,103,True
83,256,646,781,135,True
84,277,646,696,50,True
95,252,646,749,103,True
96,253,646,749,103,True
1,244,647,761,114,True
3,255,647,702,55,True
5,269,647,702,55,True
7,253,647,733,86,True
10,248,647,702,55,True
15,262,647,702,55,True
16,278,647,702,55,True
17,241,647,733,86,True
19,247,647,733,86,True
20,262,647,733,86,True
21,266,647,702,55,True
26,243,647,761,114,True
30,257,647,761,114,True
36,261,647,702,55,True
38,269,647,702,55,True
39,260,647,702,55,True
41,255,647,702,55,True
42,251,647,733,86,True
48,256,647,733,86,True
50,236,647,749,102,True
51,246,647,749,102,True
53,269,647,749,102,True
54,242,647,749,102,True
57,255,647,749,102,True
60,257,647,749,102,True
63,278,647,749,102,True
65,269,647,749,102,True
66,254,647,749,102,True
74,244,647,749,102,True
75,267,647,749,102,True
78,260,647,749,102,True
80,266,647,749,102,True
82,265,647,781,134,True
84,278,647,749,102,True
86,245,647,749,102,True
89,254,647,749,102,True
90,258,647,781,134,True
96,254,647,749,102,True
99,269,647,781,134,True
0,256,648,702,54,True
1,245,648,761,113,True
2,248,648,702,54,True
5,270,648,702,54,True
7,254,648,733,85,True
15,263,648,702,54,True
16,279,648,702,54,True
18,268,648,702,54,True
19,248,648,733,85,True
28,243,648,702,54,True
30,258,648,761,113,True
35,252,648,702,54,True
37,255,648,761,113,True
38,270,648,702,54,True
43,282,648,733,85,True
45,256,648,702,54,True
46,245,648,761,113,True
50,237,648,749,101,True
51,247,648,749,101,True
62,259,648,696,48,True
63,279,648,749,101,True
65,270,648,749,101,True
72,247,648,749,101,True
74,245,648,749,101,True
77,250,648,749,101,True
78,261,648,749,101,True
81,261,648,749,101,True
87,238,648,749,101,True
88,259,648,749,101,True
89,255,648,749,101,True
90,259,648,781,133,True
93,280,648,749,101,True
94,285,648,749,101,True
97,247,648,749,101,True
98,243,648,749,101,True
0,257,649,702,53,True
3,256,649,702,53,True
6,264,649,761,112,True
8,273,649,702,53,True
9,273,649,733,84,True
12,270,649,702,53,True
15,264,649,702,53,True
19,249,649,733,84,True
20,263,649,733,84,True
27,258,649,733,84,True
30,259,649,761,112,True
31,261,649,761,112,True
32,262,649,702,53,True
33,284,649,761,112,True
35,253,649,702,53,True
36,262,649,733,84,True
41,256,649,702,53,True
43,283,649,733,84,True
44,275,649,761,112,True
45,257,649,702,53,True
47,274,649,702,53,True
49,274,649,702,53,True
55,272,649,749,100,True
61,266,649,749,100,True
65,271,649,749,100,True
70,284,649,749,100,True
73,262,649,749,100,True
75,268,649,749,100,True
76,282,649,749,100,True
81,262,649,749,100,True
83,257,649,781,132,True
84,279,649,749,100,True
90,260,649,781,132,True
94,286,649,749,100,True
96,255,649,749,100,True
97,248,649,749,100,True
98,244,649,749,100,True
99,270,649,781,132,True
0,258,650,702,52,True
6,265,650,761,111,True
8,274,650,702,52,True
11,248,650,733,83,True
12,271,650,702,52,True
13,264,650,702,52,True
14,278,650,733,83,True
20,264,650,733,83,True
31,262,650,761,111,True
33,285,650,761,111,True
34,252,650,761,111,True
36,263,650,733,83,True
39,261,650,702,52,True
40,280,650,702,52,True
43,284,650,733,83,True
45,258,650,702,52,True
50,238,650,749,99,True
51,248,650,749,99,True
52,248,650,749,99,True
55,273,650,749,99,True
57,256,650,749,99,True
58,262,650,749,99,True
59,258,650,781,131,True
61,267,650,749,99,True
62,260,650,696,46,True
66,255,650,749,99,True
68,269,650,781,131,True
71,234,650,749,99,True
73,263,650,749,99,True
77,251,650,749,99,True
78,262,650,749,99,True
80,267,650,749,99,True
82,266,650,781,131,True
84,280,650,749,99,True
87,239,650,749,99,True
88,260,650,749,99,True
89,256,650,749,99,True
90,261,650,781,131,True
96,256,650,749,99,True
97,249,650,749,99,True
99,271,650,781,131,True
2,249,651,761,110,True
8,275,651,702,51,True
9,274,651,733,82,True
10,249,651,733,82,True
13,265,651,702,51,True
14,279,651,733,82,True
16,280,651,702,51,True
17,242,651,761,110,True
18,269,651,702,51,True
21,267,651,702,51,True
23,256,651,702,51,True
24,244,651,733,82,True
25,258,651,733,82,True
27,259,651,733,82,True
28,244,651,702,51,True
33,286,651,761,110,True
35,254,651,702,51,True
37,256,651,761,110,True
43,285,651,733,82,True
44,276,651,761,110,True
46,246,651,761,110,True
47,275,651,702,51,True
49,275,651,702,51,True
52,249,651,749,98,True
53,270,651,749,98,True
55,274,651,749,98,True
57,257,651,749,98,True
58,263,651,749,98,True
61,268,651,749,98,True
65,272,651,749,98,True
67,242,651,749,98,True
69,242,651,781,130,True
71,235,651,749,98,True
72,248,651,749,98,True
74,246,651,749,98,True
75,269,651,749,98,True
79,260,651,781,130,True
81,263,651,749,98,True
84,281,651,749,98,True
86,246,651,749,98,True
87,240,651,749,98,True
88,261,651,749,98,True
91,252,651,781,130,True
92,263,651,749,98,True
94,287,651,749,98,True
97,250,651,749,98,True
0,259,652,702,50,True
2,250,652,761,109,True
3,257,652,702,50,True
4,244,652,733,81,True
5,271,652,702,50,True
6,266,652,761,109,True
10,250,652,733,81,True
12,272,652,702,50,True
13,266,652,702,50,True
14,280,652,733,81,True
15,265,652,702,50,True
16,281,652,702,50,True
22,241,652,761,109,True
26,244,652,761,109,True
27,260,652,733,81,True
28,245,652,702,50,True
31,263,652,761,109,True
34,253,652,761,109,True
35,255,652,702,50,True
36,264,652,733,81,True
40,281,652,702,50,True
43,286,652,733,81,True
48,257,652,733,81,True
58,264,652,749,97,True
60,258,652,749,97,True
62,261,652,749,97,True
64,236,652,749,97,True
65,273,652,749,97,True
71,236,652,749,97,True
72,249,652,749,97,True
73,264,652,749,97,True
75,270,652,749,97,True
79,261,652,781,129,True
81,264,652,749,97,True
83,258,652,781,129,True
84,282,652,749,97,True
86,247,652,749,97,True
93,281,652,781,129,True
95,253,652,781,129,True
96,257,652,749,97,True
99,272,652,781,129,True
1,246,653,761,108,True
3,258,653,702,49,True
4,245,653,733,80,True
5,272,653,702,49,True
6,267,653,761,108,True
12,273,653,702,49,True
13,267,653,702,49,True
14,281,653,733,80,True
23,257,653,702,49,True
24,245,653,733,80,True
27,261,653,733,80,True
35,256,653,733,80,True
39,262,653,761,108,True
41,257,653,702,49,True
44,277,653,761,108,True
45,259,653,702,49,True
49,276,653,702,49,True
50,239,653,749,96,True
51,249,653,749,96,True
53,271,653,749,96,True
54,243,653,749,96,True
55,275,653,749,96,True
57,258,653,749,96,True
59,259,653,781,128,True
65,274,653,749,96,True
66,256,653,749,96,True
68,270,653,781,128,True
70,285,653,749,96,True
71,237,653,749,96,True
76,283,653,749,96,True
78,263,653,749,96,True
79,262,653,781,128,True
80,268,653,749,96,True
81,265,653,749,96,True
82,267,653,781,128,True
84,283,653,749,96,True
85,260,653,749,96,True
86,248,653,749,96,True
96,258,653,749,96,True
97,251,653,749,96,True
99,273,653,781,128,True
1,247,654,761,107,True
2,251,654,761,107,True
6,268,654,761,107,True
12,274,654,702,48,True
15,266,654,702,48,True
16,282,654,733,79,True
21,268,654,702,48,True
22,242,654,761,107,True
23,258,654,702,48,True
25,259,654,733,79,True
27,262,654,761,107,True
32,263,654,702,48,True
35,257,654,733,79,True
36,265,654,733,79,True
38,271,654,702,48,True
40,282,654,702,48,True
41,258,654,702,48,True
44,278,654,761,107,True
48,258,654,733,79,True
49,277,654,702,48,True
50,240,654,749,95,True
51,250,654,749,95,True
58,265,654,749,95,True
61,269,654,749,95,True
62,262,654,749,95,True
68,271,654,781,127,True
69,243,654,781,127,True
75,271,654,781,127,True
80,269,654,749,95,True
81,266,654,749,95,True
82,268,654,781,127,True
84,284,654,749,95,True
85,261,654,749,95,True
87,241,654,749,95,True
89,257,654,749,95,True
92,264,654,749,95,True
93,282,654,832,178,True
95,254,654,781,127,True
96,259,654,749,95,True
97,252,654,749,95,True
99,274,654,781,127,True
0,260,655,702,47,True
4,246,655,761,106,True
11,249,655,733,78,True
16,283,655,733,78,True
18,270,655,761,106,True
19,250,655,761,106,True
22,243,655,761,106,True
25,260,655,733,78,True
26,245,655,761,106,True
30,260,655,761,106,True
31,264,655,761,106,True
32,264,655,702,47,True
33,287,655,761,106,True
34,254,655,761,106,True
38,272,655,702,47,True
40,283,655,702,47,True
41,259,655,702,47,True
44,279,655,761,106,True
45,260,655,702,47,True
48,259,655,733,78,True
50,241,655,749,94,True
51,251,655,749,94,True
52,250,655,749,94,True
55,276,655,749,94,True
56,284,655,749,94,True
63,280,655,749,94,True
65,275,655,749,94,True
68,272,655,781,126,True
70,286,655,749,94,True
76,284,655,749,94,True
77,252,655,749,94,True
79,263,655,781,126,True
82,269,655,781,126,True
83,259,655,781,126,True
86,249,655,749,94,True
87,242,655,749,94,True
94,288,655,749,94,True
95,255,655,781,126,True
96,260,655,781,126,True
97,253,655,749,94,True
98,245,655,749,94,True
1,248,656,761,105,True
4,247,656,761,105,True
7,255,656,761,105,True
8,276,656,733,77,True
10,251,656,733,77,True
11,250,656,733,77,True
21,269,656,702,46,True
27,263,656,761,105,True
28,246,656,761,105,True
34,255,656,761,105,True
38,273,656,702,46,True
39,263,656,761,105,True
40,284,656,702,46,True
41,260,656,702,46,True
42,252,656,733,77,True
47,276,656,702,46,True
48,260,656,733,77,True
50,242,656,749,93,True
64,237,656,749,93,True
72,250,656,749,93,True
73,265,656,749,93,True
74,247,656,749,93,True
77,253,656,749,93,True
78,264,656,749,93,True
81,267,656,749,93,True
82,270,656,781,125,True
86,250,656,749,93,True
87,243,656,749,93,True
90,262,656,781,125,True
92,265,656,749,93,True
93,283,656,832,176,True
97,254,656,749,93,True
99,275,656,781,125,True
1,249,657,761,104,True
3,259,657,702,45,True
4,248,657,761,104,True
7,256,657,761,104,True
8,277,657,733,76,True
9,275,657,761,104,True
10,252,657,733,76,True
11,251,657,733,76,True
12,275,657,702,45,True
16,284,657,733,76,True
18,271,657,761,104,True
20,265,657,733,76,True
21,270,657,738,81,True
23,259,657,702,45,True
24,246,657,761,104,True
28,247,657,761,104,True
29,260,657,761,104,True
33,288,657,761,104,True
34,256,657,761,104,True
35,258,657,733,76,True
36,266,657,733,76,True
38,274,657,733,76,True
44,280,657,761,104,True
45,261,657,702,45,True
46,247,657,761,104,True
49,278,657,702,45,True
55,277,657,749,92,True
63,281,657,749,92,True
64,238,657,749,92,True
71,238,657,749,92,True
72,251,657,749,92,True
76,285,657,749,92,True
77,254,657,749,92,True
80,270,657,749,92,True
81,268,657,749,92,True
82,271,657,781,124,True
86,251,657,749,92,True
88,262,657,749,92,True
91,253,657,781,124,True
92,266,657,749,92,True
95,256,657,781,124,True
97,255,657,749,92,True
99,276,657,781,124,True
1,250,658,761,103,True
3,260,658,702,44,True
5,273,658,761,103,True
6,269,658,761,103,True
9,276,658,761,103,True
11,252,658,733,75,True
15,267,658,702,44,True
17,243,658,761,103,True
19,251,658,761,103,True
23,260,658,702,44,True
26,246,658,761,103,True
27,264,658,761,103,True
28,248,658,761,103,True
31,265,658,761,103,True
32,265,658,702,44,True
40,285,658,733,75,True
42,253,658,733,75,True
45,262,658,702,44,True
47,277,658,702,44,True
48,261,658,733,75,True
50,243,658,749,91,True
51,252,658,749,91,True
57,259,658,781,123,True
63,282,658,749,91,True
64,239,658,749,91,True
66,257,658,749,91,True
69,244,658,781,123,True
70,287,658,749,91,True
72,252,658,749,91,True
79,264,658,781,123,True
80,271,658,749,91,True
83,260,658,781,123,True
91,254,658,781,123,True
97,256,658,749,91,True
98,246,658,749,91,True
4,249,659,761,102,True
6,270,659,761,102,True
10,253,659,733,74,True
12,276,659,702,43,True
15,268,659,702,43,True
19,252,659,761,102,True
22,244,659,761,102,True
24,247,659,761,102,True
28,249,659,761,102,True
29,261,659,761,102,True
31,266,659,761,102,True
33,289,659,761,102,True
34,257,659,761,102,True
35,259,659,733,74,True
36,267,659,733,74,True
41,261,659,733,74,True
42,254,659,761,102,True
44,281,659,761,102,True
46,248,659,761,102,True
50,244,659,749,90,True
51,253,659,749,90,True
52,251,659,749,90,True
63,283,659,749,90,True
66,258,659,749,90,True
67,243,659,749,90,True
70,288,659,749,90,True
72,253,659,749,90,True
74,248,659,749,90,True
75,272,659,781,122,True
78,265,659,749,90,True
80,272,659,749,90,True
82,272,659,781,122,True
84,285,659,749,90,True
92,267,659,749,90,True
94,289,659,781,122,True
96,261,659,781,122,True
97,257,659,749,90,True
99,277,659,781,122,True
0,261,660,702,42,True
1,251,660,761,101,True
3,261,660,702,42,True
4,250,660,761,101,True
5,274,660,761,101,True
6,271,660,761,101,True
9,277,660,761,101,True
11,253,660,733,73,True
12,277,660,738,78,True
13,268,660,733,73,True
14,282,660,761,101,True
15,269,660,702,42,True
18,272,660,761,101,True
21,271,660,738,78,True
24,248,660,761,101,True
25,261,660,733,73,True
26,247,660,761,101,True
29,262,660,761,101,True
32,266,660,702,42,True
33,290,660,761,101,True
36,268,660,733,73,True
38,275,660,733,73,True
39,264,660,761,101,True
41,262,660,733,73,True
45,263,660,702,42,True
46,249,660,761,101,True
47,278,660,702,42,True
48,262,660,761,101,True
50,245,660,749,89,True
53,272,660,749,89,True
56,285,660,749,89,True
62,263,660,749,89,True
65,276,660,749,89,True
67,244,660,749,89,True
70,289,660,749,89,True
72,254,660,749,89,True
73,266,660,749,89,True
76,286,660,749,89,True
78,266,660,749,89,True
82,273,660,781,121,True
83,261,660,781,121,True
85,262,660,749,89,True
87,244,660,749,89,True
88,263,660,749,89,True
89,258,660,749,89,True
90,263,660,781,121,True
91,255,660,781,121,True
92,268,660,749,89,True
95,257,660,781,121,True
98,247,660,749,89,True
0,262,661,702,41,True
1,252,661,761,100,True
2,252,661,761,100,True
4,251,661,761,100,True
14,283,661,761,100,True
16,285,661,733,72,True
23,261,661,716,55,True
25,262,661,733,72,True
28,250,661,761,100,True
34,258,661,761,100,True
38,276,661,733,72,True
40,286,661,733,72,True
41,263,661,733,72,True
43,287,661,761,100,True
52,252,661,749,88,True
58,266,661,749,88,True
63,284,661,749,88,True
64,240,661,749,88,True
66,259,661,749,88,True
79,265,661,781,120,True
82,274,661,781,120,True
83,262,661,781,120,True
85,263,661,749,88,True
86,252,661,749,88,True
87,245,661,749,88,True
88,264,661,749,88,True
91,256,661,781,120,True
95,258,661,781,120,True
96,262,661,781,120,True
0,263,662,702,40,True
3,262,662,716,54,True
5,275,662,761,99,True
7,257,662,859,197,True
8,278,662,733,71,True
10,254,662,761,99,True
11,254,662,761,99,True
12,278,662,738,76,True
13,269,662,733,71,True
15,270,662,733,71,True
18,273,662,761,99,True
22,245,662,761,99,True
24,249,662,761,99,True
27,265,662,761,99,True
28,251,662,761,99,True
29,263,662,761,99,True
30,261,662,761,99,True
31,267,662,761,99,True
35,260,662,733,71,True
37,257,662,761,99,True
38,277,662,733,71,True
41,264,662,733,71,True
45,264,662,702,40,True
52,253,662,749,87,True
54,244,662,749,87,True
56,286,662,749,87,True
61,270,662,749,87,True
65,277,662,749,87,True
70,290,662,749,87,True
72,255,662,749,87,True
78,267,662,749,87,True
81,269,662,749,87,True
83,263,662,781,119,True
85,264,662,749,87,True
90,264,662,781,119,True
91,257,662,781,119,True
93,284,662,832,170,True
94,290,662,781,119,True
97,258,662,749,87,True
0,264,663,702,39,True
1,253,663,761,98,True
9,278,663,761,98,True
10,255,663,761,98,True
11,255,663,761,98,True
12,279,663,738,75,True
13,270,663,733,70,True
14,284,663,761,98,True
16,286,663,733,70,True
21,272,663,738,75,True
25,263,663,733,70,True
26,248,663,761,98,True
27,266,663,761,98,True
30,262,663,761,98,True
31,268,663,761,98,True
33,291,663,761,98,True
34,259,663,761,98,True
35,261,663,733,70,True
36,269,663,761,98,True
38,278,663,733,70,True
40,287,663,733,70,True
43,288,663,761,98,True
47,279,663,702,39,True
49,279,663,733,70,True
52,254,663,749,86,True
53,273,663,749,86,True
54,245,663,749,86,True
58,267,663,749,86,True
62,264,663,749,86,True
63,285,663,749,86,True
69,245,663,781,118,True
70,291,663,749,86,True
71,239,663,749,86,True
73,267,663,749,86,True
74,249,663,749,86,True
76,287,663,749,86,True
77,255,663,749,86,True
80,273,663,749,86,True
81,270,663,749,86,True
83,264,663,781,118,True
93,285,663,832,169,True
95,259,663,781,118,True
98,248,663,749,86,True
99,278,663,781,118,True
1,254,664,761,97,True
10,256,664,761,97,True
11,256,664,761,97,True
12,280,664,738,74,True
17,244,664,761,97,True
18,274,664,761,97,True
19,253,664,761,97,True
20,266,664,733,69,True
27,267,664,761,97,True
29,264,664,761,97,True
31,269,664,761,97,True
37,258,664,761,97,True
45,265,664,702,38,True
48,263,664,761,97,True
49,280,664,733,69,True
51,254,664,749,85,True
52,255,664,749,85,True
53,274,664,749,85,True
54,246,664,749,85,True
55,278,664,749,85,True
62,265,664,749,85,True
66,260,664,749,85,True
68,273,664,781,117,True
70,292,664,749,85,True
71,240,664,749,85,True
72,256,664,749,85,True
77,256,664,749,85,True
81,271,664,749,85,True
82,275,664,781,117,True
83,265,664,781,117,True
84,286,664,749,85,True
87,246,664,749,85,True
90,265,664,781,117,True
92,269,664,749,85,True
94,291,664,781,117,True
95,260,664,781,117,True
96,263,664,781,117,True
8,279,665,761,96,True
9,279,665,761,96,True
14,285,665,761,96,True
18,275,665,761,96,True
19,254,665,761,96,True
21,273,665,738,73,True
22,246,665,761,96,True
26,249,665,761,96,True
27,268,665,761,96,True
33,292,665,761,96,True
36,270,665,761,96,True
39,265,665,761,96,True
40,288,665,733,68,True
44,282,665,761,96,True
48,264,665,761,96,True
49,281,665,733,68,True
51,255,665,749,84,True
52,256,665,749,84,True
53,275,665,749,84,True
56,287,665,749,84,True
57,260,665,781,116,True
59,260,665,781,116,True
64,241,665,749,84,True
66,261,665,749,84,True
67,245,665,749,84,True
70,293,665,749,84,True
73,268,665,749,84,True
74,250,665,781,116,True
78,268,665,749,84,True
82,276,665,781,116,True
87,247,665,749,84,True
90,266,665,781,116,True
96,264,665,781,116,True
97,259,665,749,84,True
99,279,665,781,116,True
1,255,666,761,95,True
2,253,666,761,95,True
9,280,666,761,95,True
11,257,666,761,95,True
13,271,666,733,67,True
17,245,666,761,95,True
20,267,666,761,95,True
22,247,666,761,95,True
23,262,666,716,50,True
26,250,666,761,95,True
27,269,666,859,193,True
29,265,666,761,95,True
31,270,666,761,95,True
36,271,666,761,95,True
37,259,666,761,95,True
42,255,666,761,95,True
47,280,666,761,95,True
52,257,666,749,83,True
56,288,666,749,83,True
57,261,666,781,115,True
59,261,666,781,115,True
60,259,666,749,83,True
61,271,666,781,115,True
64,242,666,749,83,True
66,262,666,749,83,True
68,274,666,781,115,True
71,241,666,749,83,True
72,257,666,749,83,True
74,251,666,781,115,True
78,269,666,749,83,True
79,266,666,781,115,True
82,277,666,781,115,True
84,287,666,749,83,True
85,265,666,749,83,True
92,270,666,749,83,True
93,286,666,832,166,True
96,265,666,781,115,True
97,260,666,749,83,True
2,254,667,761,94,True
4,252,667,761,94,True
5,276,667,761,94,True
7,258,667,859,192,True
11,258,667,761,94,True
14,286,667,761,94,True
18,276,667,761,94,True
20,268,667,761,94,True
27,270,667,859,192,True
32,267,667,761,94,True
37,260,667,761,94,True
38,279,667,733,66,True
40,289,667,733,66,True
41,265,667,733,66,True
46,250,667,761,94,True
50,246,667,781,114,True
52,258,667,749,82,True
54,247,667,749,82,True
56,289,667,749,82,True
58,268,667,749,82,True
61,272,667,781,114,True
62,266,667,749,82,True
64,243,667,749,82,True
67,246,667,749,82,True
68,275,667,781,114,True
73,269,667,749,82,True
74,252,667,781,114,True
78,270,667,749,82,True
79,267,667,781,114,True
80,274,667,749,82,True
86,253,667,749,82,True
89,259,667,749,82,True
90,267,667,781,114,True
93,287,667,832,165,True
96,266,667,781,114,True
97,261,667,749,82,True
98,249,667,749,82,True
99,280,667,781,114,True
1,256,668,761,93,True
2,255,668,761,93,True
7,259,668,859,191,True
8,280,668,761,93,True
13,272,668,733,65,True
14,287,668,761,93,True
18,277,668,761,93,True
23,263,668,716,48,True
24,250,668,761,93,True
26,251,668,761,93,True
29,266,668,761,93,True
30,263,668,761,93,True
31,271,668,761,93,True
33,293,668,761,93,True
35,262,668,761,93,True
37,261,668,761,93,True
38,280,668,733,65,True
40,290,668,733,65,True
41,266,668,733,65,True
42,256,668,761,93,True
43,289,668,859,191,True
45,266,668,738,70,True
46,251,668,761,93,True
47,281,668,761,93,True
49,282,668,733,65,True
50,247,668,781,113,True
51,256,668,749,81,True
53,276,668,749,81,True
54,248,668,749,81,True
56,290,668,781,113,True
57,262,668,781,113,True
59,262,668,781,113,True
60,260,668,749,81,True
61,273,668,781,113,True
63,286,668,749,81,True
64,244,668,749,81,True
67,247,668,749,81,True
69,246,668,781,113,True
70,294,668,749,81,True
71,242,668,749,81,True
74,253,668,781,113,True
75,273,668,781,113,True
79,268,668,781,113,True
83,266,668,781,113,True
85,266,668,749,81,True
86,254,668,749,81,True
88,265,668,749,81,True
90,268,668,781,113,True
92,271,668,749,81,True
93,288,668,832,164,True
98,250,668,749,81,True
1,257,669,761,92,True
2,256,669,761,92,True
3,263,669,716,47,True
8,281,669,761,92,True
11,259,669,761,92,True
12,281,669,738,69,True
13,273,669,761,92,True
14,288,669,761,92,True
16,287,669,733,64,True
21,274,669,738,69,True
23,264,669,761,92,True
24,251,669,761,92,True
25,264,669,761,92,True
26,252,669,761,92,True
29,267,669,761,92,True
30,264,669,761,92,True
32,268,669,761,92,True
33,294,669,761,92,True
34,260,669,761,92,True
41,267,669,733,64,True
46,252,669,761,92,True
49,283,669,733,64,True
52,259,669,749,80,True
54,249,669,749,80,True
57,263,669,781,112,True
61,274,669,781,112,True
62,267,669,749,80,True
66,263,669,749,80,True
67,248,669,832,163,True
68,276,669,781,112,True
71,243,669,749,80,True
74,254,669,781,112,True
80,275,669,749,80,True
93,289,669,832,163,True
95,261,669,781,112,True
98,251,669,749,80,True
0,265,670,733,63,True
3,264,670,738,68,True
5,277,670,761,91,True
6,272,670,761,91,True
7,260,670,859,189,True
9,281,670,761,91,True
10,257,670,761,91,True
12,282,670,738,68,True
13,274,670,761,91,True
14,289,670,761,91,True
16,288,670,733,63,True
22,248,670,761,91,True
30,265,670,761,91,True
31,272,670,761,91,True
32,269,670,761,91,True
36,272,670,761,91,True
39,266,670,761,91,True
47,282,670,761,91,True
48,265,670,761,91,True
51,257,670,749,79,True
52,260,670,749,79,True
53,277,670,749,79,True
54,250,670,749,79,True
62,268,670,749,79,True
64,245,670,749,79,True
65,278,670,781,111,True
66,264,670,749,79,True
69,247,670,781,111,True
70,295,670,749,79,True
72,258,670,749,79,True
74,255,670,781,111,True
76,288,670,749,79,True
78,271,670,749,79,True
80,276,670,749,79,True
84,288,670,749,79,True
85,267,670,749,79,True
89,260,670,749,79,True
93,290,670,832,162,True
95,262,670,781,111,True
98,252,670,749,79,True
1,258,671,761,90,True
2,257,671,761,90,True
3,265,671,738,67,True
5,278,671,761,90,True
7,261,671,859,188,True
9,282,671,761,90,True
10,258,671,761,90,True
12,283,671,738,67,True
14,290,671,761,90,True
15,271,671,733,62,True
16,289,671,733,62,True
17,246,671,761,90,True
18,278,671,761,90,True
20,269,671,761,90,True
22,249,671,761,90,True
29,268,671,761,90,True
31,273,671,761,90,True
33,295,671,761,90,True
34,261,671,761,90,True
38,281,671,733,62,True
41,268,671,733,62,True
44,283,671,761,90,True
48,266,671,761,90,True
49,284,671,733,62,True
51,258,671,749,78,True
53,278,671,749,78,True
55,279,671,749,78,True
56,291,671,781,110,True
60,261,671,749,78,True
61,275,671,781,110,True
63,287,671,749,78,True
64,246,671,749,78,True
65,279,671,781,110,True
66,265,671,749,78,True
68,277,671,781,110,True
71,244,671,781,110,True
72,259,671,749,78,True
75,274,671,832,161,True
77,257,671,781,110,True
79,269,671,781,110,True
80,277,671,749,78,True
81,272,671,749,78,True
82,278,671,781,110,True
86,255,671,749,78,True
88,266,671,749,78,True
91,258,671,781,110,True
93,291,671,832,161,True
94,292,671,781,110,True
97,262,671,749,78,True
2,258,672,761,89,True
3,266,672,738,66,True
7,262,672,859,187,True
8,282,672,761,89,True
10,259,672,761,89,True
11,260,672,761,89,True
12,284,672,738,66,True
13,275,672,761,89,True
14,291,672,761,89,True
17,247,672,761,89,True
24,252,672,859,187,True
30,266,672,761,89,True
34,262,672,761,89,True
36,273,672,761,89,True
38,282,672,733,61,True
40,291,672,733,61,True
43,290,672,859,187,True
44,284,672,761,89,True
45,267,672,738,66,True
46,253,672,859,187,True
48,267,672,761,89,True
52,261,672,749,77,True
54,251,672,749,77,True
57,264,672,781,109,True
58,269,672,749,77,True
59,263,672,781,109,True
60,262,672,749,77,True
61,276,672,781,109,True
63,288,672,749,77,True
65,280,672,781,109,True
70,296,672,749,77,True
71,245,672,781,109,True
75,275,672,832,160,True
80,278,672,749,77,True
81,273,672,749,77,True
84,289,672,749,77,True
85,268,672,749,77,True
89,261,672,749,77,True
90,269,672,781,109,True
98,253,672,749,77,True
99,281,672,781,109,True
2,259,673,761,88,True
4,253,673,761,88,True
7,263,673,859,186,True
9,283,673,761,88,True
17,248,673,761,88,True
18,279,673,859,186,True
20,270,673,761,88,True
23,265,673,761,88,True
27,271,673,859,186,True
28,252,673,761,88,True
29,269,673,761,88,True
35,263,673,761,88,True
39,267,673,761,88,True
40,292,673,733,60,True
41,269,673,733,60,True
42,257,673,761,88,True
43,291,673,859,186,True
45,268,673,738,65,True
47,283,673,761,88,True
50,248,673,781,108,True
58,270,673,749,76,True
59,264,673,781,108,True
69,248,673,781,108,True
73,270,673,749,76,True
74,256,673,781,108,True
76,289,673,781,108,True
78,272,673,749,76,True
79,270,673,781,108,True
80,279,673,749,76,True
84,290,673,749,76,True
86,256,673,749,76,True
88,267,673,749,76,True
89,262,673,749,76,True
90,270,673,781,108,True
91,259,673,781,108,True
92,272,673,781,108,True
96,267,673,781,108,True
0,266,674,733,59,True
4,254,674,761,87,True
7,264,674,859,185,True
13,276,674,761,87,True
14,292,674,761,87,True
15,272,674,761,87,True
17,249,674,761,87,True
18,280,674,859,185,True
20,271,674,761,87,True
24,253,674,859,185,True
26,253,674,761,87,True
27,272,674,859,185,True
30,267,674,761,87,True
31,274,674,761,87,True
33,296,674,761,87,True
34,263,674,761,87,True
37,262,674,859,185,True
44,285,674,761,87,True
45,269,674,738,64,True
48,268,674,761,87,True
49,285,674,733,59,True
50,249,674,781,107,True
51,259,674,749,75,True
52,262,674,749,75,True
53,279,674,749,75,True
55,280,674,749,75,True
71,246,674,781,107,True
72,260,674,749,75,True
74,257,674,781,107,True
75,276,674,832,158,True
76,290,674,781,107,True
80,280,674,749,75,True
82,279,674,781,107,True
84,291,674,749,75,True
86,257,674,749,75,True
89,263,674,781,107,True
90,271,674,781,107,True
94,293,674,781,107,True
95,263,674,781,107,True
96,268,674,781,107,True
2,260,675,761,86,True
4,255,675,761,86,True
10,260,675,761,86,True
11,261,675,761,86,True
15,273,675,761,86,True
16,290,675,761,86,True
17,250,675,761,86,True
18,281,675,859,184,True
19,255,675,761,86,True
20,272,675,761,86,True
23,266,675,761,86,True
25,265,675,761,86,True
26,254,675,761,86,True
28,253,675,761,86,True
29,270,675,761,86,True
30,268,675,761,86,True
32,270,675,761,86,True
45,270,675,738,63,True
47,284,675,761,86,True
57,265,675,781,106,True
59,265,675,781,106,True
60,263,675,749,74,True
71,247,675,781,106,True
75,277,675,832,157,True
77,258,675,781,106,True
81,274,675,749,74,True
84,292,675,749,74,True
85,269,675,749,74,True
86,258,675,749,74,True
87,248,675,781,106,True
89,264,675,781,106,True
90,272,675,781,106,True
92,273,675,781,106,True
93,292,675,832,157,True
96,269,675,781,106,True
99,282,675,781,106,True
0,267,676,761,85,True
1,259,676,761,85,True
3,267,676,738,62,True
5,279,676,761,85,True
9,284,676,859,183,True
10,261,676,761,85,True
13,277,676,761,85,True
15,274,676,761,85,True
16,291,676,761,85,True
19,256,676,761,85,True
23,267,676,761,85,True
24,254,676,859,183,True
25,266,676,761,85,True
26,255,676,761,85,True
31,275,676,859,183,True
32,271,676,761,85,True
33,297,676,761,85,True
36,274,676,761,85,True
37,263,676,859,183,True
39,268,676,761,85,True
41,270,676,733,57,True
45,271,676,738,62,True
46,254,676,859,183,True
47,285,676,761,85,True
50,250,676,781,105,True
52,263,676,749,73,True
55,281,676,749,73,True
58,271,676,749,73,True
59,266,676,781,105,True
62,269,676,749,73,True
64,247,676,749,73,True
65,281,676,781,105,True
67,249,676,832,156,True
70,297,676,781,105,True
71,248,676,781,105,True
72,261,676,781,105,True
73,271,676,749,73,True
75,278,676,832,156,True
79,271,676,781,105,True
80,281,676,749,73,True
81,275,676,749,73,True
82,280,676,781,105,True
86,259,676,781,105,True
87,249,676,781,105,True
89,265,676,781,105,True
90,273,676,781,105,True
93,293,676,832,156,True
96,270,676,781,105,True
2,261,677,859,182,True
5,280,677,761,84,True
7,265,677,859,182,True
10,262,677,761,84,True
11,262,677,761,84,True
15,275,677,761,84,True
16,292,677,761,84,True
17,251,677,761,84,True
18,282,677,859,182,True
20,273,677,761,84,True
21,275,677,738,61,True
22,250,677,859,182,True
23,268,677,761,84,True
27,273,677,859,182,True
28,254,677,761,84,True
30,269,677,761,84,True
31,276,677,859,182,True
32,272,677,761,84,True
36,275,677,761,84,True
38,283,677,733,56,True
39,269,677,761,84,True
42,258,677,761,84,True
44,286,677,761,84,True
45,272,677,738,61,True
48,269,677,761,84,True
49,286,677,761,84,True
50,251,677,781,104,True
51,260,677,749,72,True
54,252,677,749,72,True
56,292,677,781,104,True
57,266,677,781,104,True
58,272,677,749,72,True
59,267,677,781,104,True
61,277,677,781,104,True
62,270,677,749,72,True
66,266,677,749,72,True
67,250,677,832,155,True
68,278,677,781,104,True
72,262,677,781,104,True
76,291,677,832,155,True
77,259,677,781,104,True
80,282,677,749,72,True
81,276,677,781,104,True
85,270,677,749,72,True
88,268,677,749,72,True
92,274,677,781,104,True
93,294,677,832,155,True
95,264,677,781,104,True
98,254,677,749,72,True
99,283,677,781,104,True
2,262,678,859,181,True
6,273,678,859,181,True
7,266,678,859,181,True
11,263,678,761,83,True
18,283,678,859,181,True
20,274,678,761,83,True
22,251,678,859,181,True
23,269,678,761,83,True
37,264,678,859,181,True
39,270,678,761,83,True
40,293,678,761,83,True
47,286,678,761,83,True
49,287,678,761,83,True
51,261,678,749,71,True
53,280,678,781,103,True
54,253,678,749,71,True
56,293,678,781,103,True
58,273,678,749,71,True
60,264,678,749,71,True
63,289,678,749,71,True
66,267,678,749,71,True
73,272,678,749,71,True
74,258,678,832,154,True
75,279,678,832,154,True
76,292,678,832,154,True
78,273,678,749,71,True
80,283,678,749,71,True
85,271,678,749,71,True
88,269,678,781,103,True
91,260,678,781,103,True
92,275,678,781,103,True
95,265,678,781,103,True
99,284,678,781,103,True
0,268,679,761,82,True
1,260,679,761,82,True
5,281,679,793,114,True
7,267,679,859,180,True
9,285,679,859,180,True
10,263,679,761,82,True
11,264,679,761,82,True
15,276,679,761,82,True
17,252,679,761,82,True
18,284,679,859,180,True
22,252,679,859,180,True
23,270,679,761,82,True
29,271,679,761,82,True
30,270,679,761,82,True
36,276,679,761,82,True
37,265,679,859,180,True
38,284,679,761,82,True
39,271,679,761,82,True
41,271,679,733,54,True
42,259,679,793,114,True
45,273,679,738,59,True
46,255,679,859,180,True
47,287,679,761,82,True
48,270,679,761,82,True
49,288,679,761,82,True
51,262,679,749,70,True
55,282,679,749,70,True
57,267,679,781,102,True
59,268,679,781,102,True
62,271,679,749,70,True
63,290,679,781,102,True
65,282,679,781,102,True
66,268,679,749,70,True
70,298,679,781,102,True
72,263,679,781,102,True
74,259,679,832,153,True
76,293,679,832,153,True
77,260,679,781,102,True
79,272,679,781,102,True
84,293,679,749,70,True
86,260,679,781,102,True
87,250,679,781,102,True
89,266,679,781,102,True
91,261,679,781,102,True
92,276,679,781,102,True
96,271,679,781,102,True
98,255,679,749,70,True
99,285,679,781,102,True
1,261,680,761,81,True
5,282,680,793,113,True
8,283,680,761,81,True
11,265,680,761,81,True
12,285,680,761,81,True
13,278,680,761,81,True
19,257,680,761,81,True
22,253,680,859,179,True
29,272,680,761,81,True
34,264,680,793,113,True
35,264,680,761,81,True
37,266,680,859,179,True
39,272,680,761,81,True
42,260,680,793,113,True
43,292,680,859,179,True
45,274,680,738,58,True
48,271,680,761,81,True
49,289,680,761,81,True
60,265,680,749,69,True
61,278,680,781,101,True
67,251,680,832,152,True
73,273,680,749,69,True
74,260,680,832,152,True
75,280,680,832,152,True
77,261,680,781,101,True
78,274,680,749,69,True
79,273,680,781,101,True
82,281,680,781,101,True
87,251,680,781,101,True
88,270,680,781,101,True
91,262,680,781,101,True
93,295,680,832,152,True
95,266,680,781,101,True
97,263,680,749,69,True
6,274,681,859,178,True
7,268,681,859,178,True
13,279,681,761,80,True
17,253,681,859,178,True
19,258,681,761,80,True
24,255,681,859,178,True
27,274,681,859,178,True
30,271,681,761,80,True
32,273,681,761,80,True
34,265,681,793,112,True
35,265,681,761,80,True
36,277,681,793,112,True
37,267,681,859,178,True
40,294,681,761,80,True
42,261,681,793,112,True
44,287,681,761,80,True
45,275,681,738,57,True
49,290,681,761,80,True
51,263,681,749,68,True
55,283,681,749,68,True
58,274,681,749,68,True
61,279,681,781,100,True
66,269,681,749,68,True
70,299,681,781,100,True
73,274,681,749,68,True
77,262,681,781,100,True
80,284,681,749,68,True
81,277,681,781,100,True
82,282,681,781,100,True
83,267,681,781,100,True
84,294,681,749,68,True
87,252,681,781,100,True
92,277,681,781,100,True
93,296,681,832,151,True
96,272,681,781,100,True
99,286,681,781,100,True
2,263,682,859,177,True
6,275,682,859,177,True
7,269,682,859,177,True
14,293,682,793,111,True
18,285,682,859,177,True
24,256,682,859,177,True
27,275,682,859,177,True
35,266,682,761,79,True
38,285,682,761,79,True
41,272,682,761,79,True
50,252,682,781,99,True
51,264,682,749,67,True
52,264,682,749,67,True
55,284,682,749,67,True
56,294,682,781,99,True
63,291,682,781,99,True
66,270,682,749,67,True
67,252,682,832,150,True
69,249,682,781,99,True
71,249,682,781,99,True
72,264,682,781,99,True
74,261,682,832,150,True
78,275,682,749,67,True
84,295,682,749,67,True
85,272,682,749,67,True
87,253,682,781,99,True
88,271,682,781,99,True
89,267,682,781,99,True
91,263,682,781,99,True
92,278,682,781,99,True
93,297,682,832,150,True
94,294,682,781,99,True
97,264,682,749,67,True
1,262,683,761,78,True
5,283,683,793,110,True
6,276,683,859,176,True
9,286,683,859,176,True
11,266,683,761,78,True
13,280,683,761,78,True
14,294,683,793,110,True
20,275,683,761,78,True
21,276,683,761,78,True
24,257,683,859,176,True
26,256,683,871,188,True
27,276,683,859,176,True
28,255,683,761,78,True
31,277,683,859,176,True
33,298,683,859,176,True
35,267,683,761,78,True
37,268,683,859,176,True
40,295,683,761,78,True
56,295,683,781,98,True
64,248,683,749,66,True
65,283,683,781,98,True
66,271,683,749,66,True
68,279,683,781,98,True
69,250,683,781,98,True
71,250,683,781,98,True
72,265,683,781,98,True
73,275,683,749,66,True
74,262,683,832,149,True
75,281,683,832,149,True
76,294,683,832,149,True
79,274,683,781,98,True
82,283,683,781,98,True
83,268,683,781,98,True
84,296,683,749,66,True
91,264,683,781,98,True
93,298,683,832,149,True
94,295,683,781,98,True
99,287,683,781,98,True
14,295,684,793,109,True
17,254,684,859,175,True
18,286,684,859,175,True
19,259,684,859,175,True
23,271,684,761,77,True
25,267,684,793,109,True
29,273,684,761,77,True
31,278,684,859,175,True
32,274,684,761,77,True
33,299,684,859,175,True
35,268,684,761,77,True
38,286,684,761,77,True
42,262,684,793,109,True
43,293,684,859,175,True
45,276,684,761,77,True
46,256,684,859,175,True
47,288,684,761,77,True
50,253,684,781,97,True
53,281,684,781,97,True
57,268,684,781,97,True
60,266,684,749,65,True
66,272,684,749,65,True
67,253,684,832,148,True
70,300,684,781,97,True
73,276,684,749,65,True
74,263,684,832,148,True
78,276,684,749,65,True
82,284,684,781,97,True
84,297,684,749,65,True
85,273,684,749,65,True
86,261,684,781,97,True
87,254,684,781,97,True
88,272,684,781,97,True
92,279,684,781,97,True
96,273,684,781,97,True
98,256,684,749,65,True
99,288,684,781,97,True
1,263,685,761,76,True
5,284,685,793,108,True
9,287,685,859,174,True
20,276,685,761,76,True
24,258,685,859,174,True
28,256,685,761,76,True
29,274,685,761,76,True
30,272,685,761,76,True
31,279,685,859,174,True
32,275,685,761,76,True
34,266,685,793,108,True
36,278,685,793,108,True
37,269,685,859,174,True
39,273,685,761,76,True
40,296,685,761,76,True
42,263,685,793,108,True
44,288,685,859,174,True
49,291,685,761,76,True
50,254,685,832,147,True
56,296,685,781,96,True
57,269,685,781,96,True
60,267,685,749,64,True
64,249,685,749,64,True
70,301,685,781,96,True
71,251,685,781,96,True
72,266,685,781,96,True
73,277,685,749,64,True
74,264,685,832,147,True
77,263,685,781,96,True
78,277,685,749,64,True
84,298,685,749,64,True
86,262,685,781,96,True
89,268,685,781,96,True
90,274,685,781,96,True
93,299,685,832,147,True
95,267,685,781,96,True
97,265,685,749,64,True
99,289,685,781,96,True
1,264,686,761,75,True
2,264,686,859,173,True
7,270,686,859,173,True
11,267,686,761,75,True
12,286,686,761,75,True
15,277,686,793,107,True
19,260,686,859,173,True
20,277,686,761,75,True
23,272,686,761,75,True
27,277,686,859,173,True
29,275,686,761,75,True
37,270,686,859,173,True
38,287,686,761,75,True
39,274,686,761,75,True
41,273,686,793,107,True
42,264,686,793,107,True
44,289,686,859,173,True
45,277,686,761,75,True
47,289,686,761,75,True
50,255,686,832,146,True
52,265,686,749,63,True
53,282,686,781,95,True
54,254,686,749,63,True
66,273,686,749,63,True
67,254,686,832,146,True
71,252,686,781,95,True
74,265,686,832,146,True
76,295,686,832,146,True
77,264,686,781,95,True
79,275,686,781,95,True
81,278,686,781,95,True
82,285,686,781,95,True
83,269,686,781,95,True
84,299,686,749,63,True
85,274,686,749,63,True
87,255,686,781,95,True
90,275,686,781,95,True
99,290,686,781,95,True
6,277,687,859,172,True
7,271,687,859,172,True
9,288,687,859,172,True
13,281,687,761,74,True
14,296,687,793,106,True
15,278,687,793,106,True
17,255,687,859,172,True
19,261,687,859,172,True
27,278,687,859,172,True
28,257,687,761,74,True
31,280,687,859,172,True
32,276,687,761,74,True
33,300,687,859,172,True
38,288,687,761,74,True
41,274,687,793,106,True
45,278,687,761,74,True
51,265,687,749,62,True
54,255,687,749,62,True
56,297,687,781,94,True
57,270,687,781,94,True
59,269,687,781,94,True
60,268,687,749,62,True
64,250,687,749,62,True
66,274,687,749,62,True
68,280,687,781,94,True
69,251,687,781,94,True
71,253,687,781,94,True
73,278,687,749,62,True
77,265,687,781,94,True
78,278,687,781,94,True
79,276,687,781,94,True
80,285,687,749,62,True
83,270,687,781,94,True
84,300,687,749,62,True
87,256,687,781,94,True
88,273,687,781,94,True
89,269,687,781,94,True
90,276,687,781,94,True
91,265,687,832,145,True
92,280,687,832,145,True
93,300,687,832,145,True
97,266,687,749,62,True
98,257,687,749,62,True
7,272,688,859,171,True
14,297,688,793,105,True
17,256,688,859,171,True
18,287,688,859,171,True
19,262,688,859,171,True
22,254,688,859,171,True
23,273,688,761,73,True
26,257,688,871,183,True
27,279,688,859,171,True
28,258,688,761,73,True
29,276,688,793,105,True
32,277,688,761,73,True
34,267,688,793,105,True
36,279,688,793,105,True
39,275,688,761,73,True
40,297,688,761,73,True
43,294,688,859,171,True
48,272,688,761,73,True
49,292,688,761,73,True
51,266,688,749,61,True
55,285,688,781,93,True
56,298,688,781,93,True
57,271,688,781,93,True
60,269,688,749,61,True
65,284,688,781,93,True
67,255,688,832,144,True
69,252,688,781,93,True
71,254,688,781,93,True
73,279,688,749,61,True
75,282,688,832,144,True
78,279,688,781,93,True
80,286,688,749,61,True
83,271,688,781,93,True
84,301,688,749,61,True
85,275,688,749,61,True
86,263,688,781,93,True
87,257,688,781,93,True
89,270,688,781,93,True
90,277,688,781,93,True
91,266,688,832,144,True
94,296,688,781,93,True
96,274,688,781,93,True
98,258,688,749,61,True
1,265,689,761,72,True
3,268,689,761,72,True
7,273,689,859,170,True
8,284,689,761,72,True
10,264,689,793,104,True
11,268,689,761,72,True
14,298,689,793,104,True
17,257,689,859,170,True
19,263,689,859,170,True
20,278,689,761,72,True
27,280,689,859,170,True
30,273,689,761,72,True
31,281,689,859,170,True
32,278,689,761,72,True
34,268,689,793,104,True
36,280,689,793,104,True
37,271,689,859,170,True
38,289,689,761,72,True
40,298,689,761,72,True
41,275,689,793,104,True
42,265,689,793,104,True
45,279,689,761,72,True
47,290,689,761,72,True
49,293,689,761,72,True
54,256,689,749,60,True
57,272,689,781,92,True
59,270,689,781,92,True
62,272,689,749,60,True
64,251,689,749,60,True
65,285,689,781,92,True
67,256,689,832,143,True
69,253,689,781,92,True
70,302,689,781,92,True
72,267,689,832,143,True
74,266,689,832,143,True
76,296,689,832,143,True
79,277,689,781,92,True
86,264,689,781,92,True
90,278,689,781,92,True
93,301,689,832,143,True
94,297,689,781,92,True
96,275,689,832,143,True
3,269,690,761,71,True
4,256,690,793,103,True
6,278,690,859,169,True
7,274,690,859,169,True
8,285,690,761,71,True
12,287,690,761,71,True
13,282,690,793,103,True
14,299,690,793,103,True
16,293,690,761,71,True
17,258,690,859,169,True
18,288,690,859,169,True
19,264,690,859,169,True
21,277,690,761,71,True
23,274,690,761,71,True
24,259,690,859,169,True
26,258,690,871,181,True
29,277,690,793,103,True
31,282,690,859,169,True
32,279,690,793,103,True
33,301,690,859,169,True
37,272,690,859,169,True
38,290,690,761,71,True
43,295,690,859,169,True
47,291,690,761,71,True
49,294,690,761,71,True
52,266,690,749,59,True
54,257,690,749,59,True
58,275,690,749,59,True
66,275,690,749,59,True
68,281,690,781,91,True
76,297,690,832,142,True
84,302,690,749,59,True
86,265,690,781,91,True
89,271,690,832,142,True
91,267,690,832,142,True
92,281,690,832,142,True
93,302,690,832,142,True
95,268,690,832,142,True
0,269,691,761,70,True
1,266,691,793,102,True
2,265,691,859,168,True
3,270,691,761,70,True
4,257,691,859,168,True
6,279,691,859,168,True
9,289,691,859,168,True
10,265,691,793,102,True
11,269,691,793,102,True
15,279,691,793,102,True
16,294,691,761,70,True
17,259,691,859,168,True
19,265,691,859,168,True
20,279,691,793,102,True
21,278,691,761,70,True
22,255,691,859,168,True
23,275,691,761,70,True
24,260,691,859,168,True
28,259,691,761,70,True
29,278,691,793,102,True
31,283,691,859,168,True
32,280,691,793,102,True
35,269,691,761,70,True
36,281,691,793,102,True
38,291,691,761,70,True
39,276,691,761,70,True
41,276,691,793,102,True
42,266,691,793,102,True
44,290,691,859,168,True
48,273,691,793,102,True
50,256,691,832,141,True
51,267,691,749,58,True
54,258,691,749,58,True
55,286,691,781,90,True
56,299,691,781,90,True
58,276,691,749,58,True
59,271,691,781,90,True
67,257,691,832,141,True
68,282,691,781,90,True
70,303,691,781,90,True
76,298,691,832,141,True
85,276,691,749,58,True
88,274,691,781,90,True
91,268,691,832,141,True
96,276,691,832,141,True
97,267,691,749,58,True
98,259,691,749,58,True
0,270,692,761,69,True
3,271,692,761,69,True
4,258,692,859,167,True
5,285,692,793,101,True
11,270,692,793,101,True
12,288,692,761,69,True
15,280,692,793,101,True
16,295,692,761,69,True
22,256,692,859,167,True
26,259,692,871,179,True
27,281,692,859,167,True
31,284,692,859,167,True
32,281,692,793,101,True
33,302,692,859,167,True
37,273,692,859,167,True
41,277,692,793,101,True
44,291,692,859,167,True
49,295,692,761,69,True
51,268,692,749,57,True
52,267,692,749,57,True
53,283,692,781,89,True
54,259,692,749,57,True
55,287,692,781,89,True
59,272,692,781,89,True
60,270,692,749,57,True
63,292,692,781,89,True
70,304,692,781,89,True
71,255,692,781,89,True
73,280,692,749,57,True
81,279,692,781,89,True
82,286,692,781,89,True
83,272,692,781,89,True
86,266,692,781,89,True
90,279,692,781,89,True
92,282,692,832,140,True
93,303,692,832,140,True
94,298,692,781,89,True
95,269,692,832,140,True
98,260,692,749,57,True
2,266,693,859,166,True
6,280,693,859,166,True
8,286,693,793,100,True
10,266,693,793,100,True
11,271,693,859,166,True
12,289,693,761,68,True
13,283,693,793,100,True
15,281,693,793,100,True
17,260,693,859,166,True
21,279,693,761,68,True
26,260,693,871,178,True
29,279,693,793,100,True
30,274,693,761,68,True
31,285,693,859,166,True
39,277,693,859,166,True
40,299,693,793,100,True
42,267,693,793,100,True
43,296,693,859,166,True
44,292,693,859,166,True
53,284,693,781,88,True
56,300,693,781,88,True
58,277,693,749,56,True
64,252,693,781,88,True
67,258,693,832,139,True
68,283,693,781,88,True
69,254,693,781,88,True
70,305,693,781,88,True
73,281,693,749,56,True
81,280,693,781,88,True
83,273,693,781,88,True
84,303,693,749,56,True
87,258,693,781,88,True
88,275,693,781,88,True
99,291,693,781,88,True
5,286,694,793,99,True
9,290,694,859,165,True
11,272,694,859,165,True
13,284,694,793,99,True
15,282,694,793,99,True
22,257,694,859,165,True
30,275,694,761,67,True
33,303,694,859,165,True
35,270,694,761,67,True
37,274,694,859,165,True
38,292,694,761,67,True
39,278,694,859,165,True
40,300,694,793,99,True
48,274,694,793,99,True
55,288,694,781,87,True
57,273,694,781,87,True
59,273,694,781,87,True
60,271,694,781,87,True
67,259,694,832,138,True
71,256,694,781,87,True
72,268,694,832,138,True
73,282,694,749,55,True
74,267,694,832,138,True
84,304,694,749,55,True
86,267,694,781,87,True
87,259,694,781,87,True
89,272,694,832,138,True
91,269,694,832,138,True
93,304,694,832,138,True
94,299,694,781,87,True
98,261,694,749,55,True
99,292,694,781,87,True
1,267,695,793,98,True
2,267,695,859,164,True
4,259,695,859,164,True
6,281,695,859,164,True
7,275,695,859,164,True
10,267,695,793,98,True
11,273,695,859,164,True
12,290,695,761,66,True
14,300,695,859,164,True
18,289,695,859,164,True
19,266,695,859,164,True
22,258,695,859,164,True
23,276,695,761,66,True
25,268,695,793,98,True
27,282,695,859,164,True
28,260,695,859,164,True
29,280,695,793,98,True
39,279,695,859,164,True
41,278,695,793,98,True
43,297,695,859,164,True
45,280,695,761,66,True
48,275,695,793,98,True
52,268,695,749,54,True
55,289,695,781,86,True
56,301,695,781,86,True
57,274,695,832,137,True
59,274,695,781,86,True
61,280,695,832,137,True
64,253,695,781,86,True
65,286,695,832,137,True
67,260,695,832,137,True
68,284,695,781,86,True
71,257,695,781,86,True
75,283,695,832,137,True
76,299,695,832,137,True
83,274,695,781,86,True
85,277,695,749,54,True
86,268,695,781,86,True
87,260,695,832,137,True
88,276,695,781,86,True
90,280,695,781,86,True
93,305,695,832,137,True
97,268,695,749,54,True
1,268,696,859,163,True
3,272,696,761,65,True
5,287,696,859,163,True
9,291,696,859,163,True
14,301,696,859,163,True
18,290,696,859,163,True
19,267,696,859,163,True
20,280,696,793,97,True
22,259,696,859,163,True
23,277,696,793,97,True
24,261,696,859,163,True
28,261,696,859,163,True
29,281,696,793,97,True
30,276,696,859,163,True
31,286,696,859,163,True
33,304,696,859,163,True
34,269,696,859,163,True
36,282,696,793,97,True
40,301,696,793,97,True
43,298,696,859,163,True
44,293,696,859,163,True
45,281,696,761,65,True
46,257,696,859,163,True
47,292,696,793,97,True
48,276,696,793,97,True
52,269,696,749,53,True
53,285,696,832,136,True
57,275,696,832,136,True
59,275,696,781,85,True
61,281,696,832,136,True
62,273,696,749,53,True
65,287,696,832,136,True
68,285,696,781,85,True
70,306,696,781,85,True
74,268,696,832,136,True
78,280,696,781,85,True
81,281,696,781,85,True
82,287,696,781,85,True
83,275,696,781,85,True
86,269,696,781,85,True
88,277,696,781,85,True
91,270,696,832,136,True
92,283,696,832,136,True
94,300,696,781,85,True
99,293,696,781,85,True
3,273,697,761,64,True
5,288,697,859,162,True
7,276,697,859,162,True
8,287,697,793,96,True
10,268,697,793,96,True
11,274,697,859,162,True
16,296,697,761,64,True
17,261,697,859,162,True
22,260,697,859,162,True
23,278,697,793,96,True
24,262,697,859,162,True
25,269,697,793,96,True
27,283,697,859,162,True
28,262,697,859,162,True
29,282,697,859,162,True
30,277,697,859,162,True
32,282,697,793,96,True
41,279,697,793,96,True
42,268,697,793,96,True
44,294,697,859,162,True
47,293,697,793,96,True
48,277,697,793,96,True
49,296,697,793,96,True
50,257,697,832,135,True
52,270,697,749,52,True
56,302,697,832,135,True
58,278,697,749,52,True
59,276,697,781,84,True
61,282,697,832,135,True
67,261,697,832,135,True
68,286,697,781,84,True
72,269,697,832,135,True
74,269,697,832,135,True
76,300,697,832,135,True
77,266,697,832,135,True
80,287,697,749,52,True
86,270,697,781,84,True
90,281,697,781,84,True
91,271,697,832,135,True
92,284,697,832,135,True
93,306,697,832,135,True
97,269,697,749,52,True
99,294,697,781,84,True
2,268,698,859,161,True
5,289,698,859,161,True
8,288,698,793,95,True
12,291,698,761,63,True
14,302,698,859,161,True
16,297,698,761,63,True
17,262,698,859,161,True
18,291,698,859,161,True
19,268,698,859,161,True
20,281,698,859,161,True
22,261,698,859,161,True
25,270,698,793,95,True
26,261,698,871,173,True
27,284,698,859,161,True
32,283,698,793,95,True
33,305,698,859,161,True
34,270,698,859,161,True
36,283,698,793,95,True
37,275,698,859,161,True
38,293,698,793,95,True
39,280,698,859,161,True
42,269,698,793,95,True
44,295,698,859,161,True
46,258,698,859,161,True
48,278,698,793,95,True
50,258,698,832,134,True
56,303,698,832,134,True
57,276,698,832,134,True
65,288,698,832,134,True
68,287,698,781,83,True
69,255,698,781,83,True
70,307,698,781,83,True
71,258,698,832,134,True
73,283,698,749,51,True
75,284,698,832,134,True
76,301,698,832,134,True
78,281,698,781,83,True
79,278,698,781,83,True
84,305,698,781,83,True
88,278,698,781,83,True
95,270,698,832,134,True
96,277,698,832,134,True
0,271,699,793,94,True
5,290,699,859,160,True
6,282,699,859,160,True
8,289,699,793,94,True
9,292,699,859,160,True
11,275,699,859,160,True
12,292,699,761,62,True
13,285,699,793,94,True
16,298,699,859,160,True
17,263,699,859,160,True
22,262,699,859,160,True
24,263,699,859,160,True
30,278,699,859,160,True
32,284,699,793,94,True
33,306,699,859,160,True
34,271,699,859,160,True
35,271,699,761,62,True
37,276,699,859,160,True
38,294,699,793,94,True
39,281,699,859,160,True
40,302,699,793,94,True
41,280,699,793,94,True
43,299,699,859,160,True
44,296,699,859,160,True
51,269,699,749,50,True
52,271,699,751,52,True
54,260,699,781,82,True
55,290,699,781,82,True
57,277,699,832,133,True
58,279,699,749,50,True
60,272,699,781,82,True
62,274,699,749,50,True
63,293,699,781,82,True
67,262,699,832,133,True
69,256,699,781,82,True
73,284,699,749,50,True
75,285,699,832,133,True
80,288,699,781,82,True
82,288,699,781,82,True
83,276,699,808,109,True
85,278,699,781,82,True
86,271,699,832,133,True
92,285,699,832,133,True
95,271,699,832,133,True
99,295,699,781,82,True
0,272,700,793,93,True
9,293,700,859,159,True
13,286,700,793,93,True
14,303,700,859,159,True
16,299,700,859,159,True
18,292,700,859,159,True
19,269,700,859,159,True
21,280,700,761,61,True
22,263,700,859,159,True
24,264,700,859,159,True
25,271,700,793,93,True
26,262,700,871,171,True
27,285,700,859,159,True
31,287,700,859,159,True
33,307,700,859,159,True
35,272,700,761,61,True
41,281,700,793,93,True
48,279,700,859,159,True
53,286,700,832,132,True
57,278,700,832,132,True
59,277,700,781,81,True
61,283,700,832,132,True
63,294,700,781,81,True
69,257,700,781,81,True
70,308,700,781,81,True
72,270,700,832,132,True
75,286,700,832,132,True
76,302,700,832,132,True
77,267,700,832,132,True
80,289,700,781,81,True
81,282,700,832,132,True
84,306,700,781,81,True
86,272,700,832,132,True
93,307,700,832,132,True
1,269,701,859,158,True
2,269,701,859,158,True
4,260,701,859,158,True
5,291,701,859,158,True
6,283,701,859,158,True
7,277,701,859,158,True
11,276,701,859,158,True
12,293,701,761,60,True
14,304,701,859,158,True
20,282,701,859,158,True
23,279,701,793,92,True
25,272,701,793,92,True
26,263,701,871,170,True
29,283,701,859,158,True
30,279,701,859,158,True
31,288,701,859,158,True
38,295,701,793,92,True
42,270,701,793,92,True
43,300,701,859,158,True
44,297,701,859,158,True
45,282,701,761,60,True
49,297,701,793,92,True
51,270,701,749,48,True
54,261,701,781,80,True
56,304,701,832,131,True
58,280,701,781,80,True
59,278,701,781,80,True
60,273,701,781,80,True
61,284,701,832,131,True
63,295,701,781,80,True
66,276,701,751,50,True
68,288,701,781,80,True
69,258,701,781,80,True
71,259,701,832,131,True
74,270,701,832,131,True
75,287,701,832,131,True
76,303,701,832,131,True
78,282,701,781,80,True
79,279,701,781,80,True
80,290,701,781,80,True
87,261,701,832,131,True
89,273,701,832,131,True
90,282,701,781,80,True
92,286,701,832,131,True
95,272,701,832,131,True
97,270,701,781,80,True
99,296,701,781,80,True
5,292,702,859,157,True
7,278,702,859,157,True
8,290,702,793,91,True
9,294,702,859,157,True
14,305,702,859,157,True
15,283,702,793,91,True
16,300,702,859,157,True
19,270,702,859,157,True
21,281,702,761,59,True
23,280,702,793,91,True
26,264,702,871,169,True
28,263,702,859,157,True
29,284,702,859,157,True
30,280,702,859,157,True
38,296,702,793,91,True
40,303,702,793,91,True
41,282,702,793,91,True
44,298,702,859,157,True
45,283,702,761,59,True
47,294,702,793,91,True
51,271,702,781,79,True
53,287,702,832,130,True
55,291,702,781,79,True
58,281,702,781,79,True
59,279,702,781,79,True
60,274,702,781,79,True
61,285,702,832,130,True
62,275,702,761,59,True
66,277,702,751,49,True
69,259,702,781,79,True
75,288,702,832,130,True
77,268,702,832,130,True
79,280,702,781,79,True
80,291,702,781,79,True
81,283,702,832,130,True
85,279,702,781,79,True
92,287,702,832,130,True
94,301,702,832,130,True
99,297,702,781,79,True
0,273,703,793,90,True
3,274,703,793,90,True
8,291,703,793,90,True
9,295,703,859,156,True
10,269,703,859,156,True
11,277,703,859,156,True
15,284,703,793,90,True
17,264,703,859,156,True
21,282,703,761,58,True
22,264,703,859,156,True
27,286,703,859,156,True
32,285,703,793,90,True
34,272,703,859,156,True
35,273,703,761,58,True
37,277,703,859,156,True
38,297,703,793,90,True
39,282,703,859,156,True
41,283,703,793,90,True
42,271,703,793,90,True
45,284,703,761,58,True
51,272,703,781,78,True
53,288,703,832,129,True
57,279,703,832,129,True
60,275,703,781,78,True
61,286,703,832,129,True
63,296,703,832,129,True
65,289,703,832,129,True
67,263,703,832,129,True
69,260,703,781,78,True
72,271,703,832,129,True
77,269,703,832,129,True
81,284,703,832,129,True
83,277,703,808,105,True
84,307,703,781,78,True
89,274,703,832,129,True
90,283,703,781,78,True
91,272,703,832,129,True
92,288,703,832,129,True
93,308,703,832,129,True
99,298,703,808,105,True
3,275,704,793,89,True
5,293,704,859,155,True
8,292,704,793,89,True
13,287,704,793,89,True
14,306,704,859,155,True
16,301,704,859,155,True
17,265,704,859,155,True
18,293,704,859,155,True
21,283,704,761,57,True
24,265,704,859,155,True
26,265,704,871,167,True
29,285,704,859,155,True
30,281,704,859,155,True
31,289,704,859,155,True
34,273,704,859,155,True
36,284,704,859,155,True
37,278,704,859,155,True
39,283,704,859,155,True
40,304,704,793,89,True
45,285,704,761,57,True
47,295,704,793,89,True
48,280,704,859,155,True
53,289,704,832,128,True
55,292,704,781,77,True
58,282,704,781,77,True
67,264,704,832,128,True
69,261,704,781,77,True
73,285,704,751,47,True
74,271,704,832,128,True
77,270,704,832,128,True
79,281,704,781,77,True
80,292,704,781,77,True
81,285,704,832,128,True
85,280,704,781,77,True
91,273,704,832,128,True
92,289,704,832,128,True
93,309,704,832,128,True
96,278,704,832,128,True
0,274,705,793,88,True
1,270,705,859,154,True
2,270,705,859,154,True
4,261,705,859,154,True
8,293,705,793,88,True
9,296,705,859,154,True
11,278,705,859,154,True
12,294,705,793,88,True
14,307,705,859,154,True
20,283,705,859,154,True
21,284,705,761,56,True
22,265,705,859,154,True
23,281,705,793,88,True
27,287,705,859,154,True
28,264,705,859,154,True
30,282,705,859,154,True
31,290,705,859,154,True
32,286,705,793,88,True
38,298,705,793,88,True
42,272,705,859,154,True
44,299,705,859,154,True
46,259,705,859,154,True
50,259,705,832,127,True
51,273,705,781,76,True
52,272,705,781,76,True
53,290,705,832,127,True
55,293,705,781,76,True
58,283,705,781,76,True
61,287,705,832,127,True
62,276,705,761,56,True
69,262,705,781,76,True
71,260,705,832,127,True
72,272,705,832,127,True
73,286,705,751,46,True
75,289,705,832,127,True
76,304,705,832,127,True
77,271,705,832,127,True
80,293,705,781,76,True
82,289,705,808,103,True
88,279,705,832,127,True
89,275,705,832,127,True
92,290,705,832,127,True
94,302,705,832,127,True
98,262,705,781,76,True
0,275,706,793,87,True
1,271,706,859,153,True
4,262,706,859,153,True
5,294,706,859,153,True
7,279,706,859,153,True
8,294,706,793,87,True
10,270,706,859,153,True
11,279,706,859,153,True
14,308,706,859,153,True
16,302,706,859,153,True
22,266,706,859,153,True
23,282,706,793,87,True
24,266,706,859,153,True
31,291,706,859,153,True
32,287,706,793,87,True
34,274,706,859,153,True
35,274,706,793,87,True
37,279,706,859,153,True
40,305,706,793,87,True
41,284,706,793,87,True
43,301,706,859,153,True
45,286,706,761,55,True
47,296,706,793,87,True
48,281,706,859,153,True
51,274,706,781,75,True
53,291,706,832,126,True
55,294,706,781,75,True
61,288,706,832,126,True
62,277,706,761,55,True
66,278,706,781,75,True
67,265,706,832,126,True
68,289,706,808,102,True
69,263,706,781,75,True
70,309,706,781,75,True
75,290,706,832,126,True
80,294,706,781,75,True
83,278,706,808,102,True
85,281,706,781,75,True
90,284,706,781,75,True
91,274,706,832,126,True
93,310,706,832,126,True
96,279,706,832,126,True
97,271,706,781,75,True
1,272,707,859,152,True
2,271,707,859,152,True
4,263,707,859,152,True
8,295,707,793,86,True
10,271,707,859,152,True
11,280,707,859,152,True
12,295,707,793,86,True
14,309,707,859,152,True
15,285,707,793,86,True
18,294,707,859,152,True
21,285,707,761,54,True
24,267,707,859,152,True
27,288,707,859,152,True
33,308,707,859,152,True
36,285,707,859,152,True
39,284,707,859,152,True
40,306,707,793,86,True
41,285,707,793,86,True
44,300,707,859,152,True
47,297,707,793,86,True
48,282,707,859,152,True
49,298,707,793,86,True
50,260,707,832,125,True
52,273,707,781,74,True
55,295,707,781,74,True
58,284,707,781,74,True
60,276,707,781,74,True
61,289,707,832,125,True
62,278,707,761,54,True
66,279,707,781,74,True
69,264,707,781,74,True
70,310,707,781,74,True
77,272,707,832,125,True
78,283,707,781,74,True
81,286,707,832,125,True
85,282,707,781,74,True
90,285,707,781,74,True
92,291,707,832,125,True
93,311,707,832,125,True
94,303,707,832,125,True
95,273,707,832,125,True
96,280,707,832,125,True
97,272,707,781,74,True
8,296,708,793,85,True
10,272,708,859,151,True
13,288,708,793,85,True
15,286,708,793,85,True
21,286,708,761,53,True
22,267,708,859,151,True
23,283,708,793,85,True
24,268,708,859,151,True
25,273,708,859,151,True
26,266,708,871,163,True
27,289,708,859,151,True
28,265,708,859,151,True
30,283,708,859,151,True
33,309,708,859,151,True
34,275,708,859,151,True
35,275,708,793,85,True
36,286,708,859,151,True
39,285,708,859,151,True
42,273,708,859,151,True
44,301,708,859,151,True
45,287,708,761,53,True
47,298,708,793,85,True
51,275,708,781,73,True
53,292,708,832,124,True
56,305,708,832,124,True
58,285,708,781,73,True
60,277,708,781,73,True
61,290,708,832,124,True
62,279,708,761,53,True
64,254,708,781,73,True
66,280,708,781,73,True
68,290,708,808,100,True
71,261,708,832,124,True
75,291,708,832,124,True
79,282,708,781,73,True
80,295,708,781,73,True
84,308,708,781,73,True
85,283,708,781,73,True
86,273,708,832,124,True
87,262,708,832,124,True
88,280,708,832,124,True
89,276,708,832,124,True
90,286,708,808,100,True
92,292,708,832,124,True
93,312,708,832,124,True
0,276,709,859,150,True
3,276,709,793,84,True
5,295,709,859,150,True
6,284,709,859,150,True
7,280,709,859,150,True
8,297,709,859,150,True
11,281,709,859,150,True
14,310,709,859,150,True
15,287,709,793,84,True
17,266,709,859,150,True
19,271,709,859,150,True
25,274,709,859,150,True
26,267,709,871,162,True
27,290,709,859,150,True
36,287,709,859,150,True
39,286,709,859,150,True
41,286,709,793,84,True
45,288,709,761,52,True
49,299,709,793,84,True
58,286,709,781,72,True
59,280,709,808,99,True
62,280,709,781,72,True
63,297,709,832,123,True
70,311,709,781,72,True
76,305,709,832,123,True
77,273,709,832,123,True
83,279,709,808,99,True
86,274,709,832,123,True
91,275,709,832,123,True
92,293,709,832,123,True
93,313,709,832,123,True
97,273,709,781,72,True
98,263,709,781,72,True
99,299,709,808,99,True
0,277,710,859,149,True
3,277,710,793,83,True
6,285,710,859,149,True
8,298,710,859,149,True
9,297,710,859,149,True
10,273,710,859,149,True
11,282,710,859,149,True
13,289,710,793,83,True
14,311,710,859,149,True
17,267,710,859,149,True
19,272,710,859,149,True
22,268,710,859,149,True
23,284,710,793,83,True
24,269,710,859,149,True
27,291,710,859,149,True
31,292,710,859,149,True
33,310,710,859,149,True
35,276,710,793,83,True
36,288,710,859,149,True
38,299,710,793,83,True
41,287,710,793,83,True
42,274,710,859,149,True
45,289,710,793,83,True
47,299,710,793,83,True
51,276,710,781,71,True
53,293,710,832,122,True
54,262,710,781,71,True
55,296,710,781,71,True
57,280,710,832,122,True
59,281,710,808,98,True
60,278,710,781,71,True
63,298,710,832,122,True
67,266,710,832,122,True
70,312,710,781,71,True
73,287,710,781,71,True
74,272,710,832,122,True
75,292,710,832,122,True
76,306,710,832,122,True
77,274,710,832,122,True
78,284,710,781,71,True
81,287,710,832,122,True
85,284,710,781,71,True
88,281,710,832,122,True
89,277,710,832,122,True
90,287,710,808,98,True
91,276,710,832,122,True
93,314,710,832,122,True
94,304,710,832,122,True
95,274,710,832,122,True
98,264,710,781,71,True
99,300,710,808,98,True
1,273,711,859,148,True
2,272,711,859,148,True
3,278,711,793,82,True
4,264,711,859,148,True
5,296,711,859,148,True
7,281,711,859,148,True
10,274,711,859,148,True
12,296,711,793,82,True
17,268,711,859,148,True
24,270,711,859,148,True
26,268,711,871,160,True
32,288,711,793,82,True
33,311,711,859,148,True
34,276,711,859,148,True
37,280,711,859,148,True
38,300,711,793,82,True
45,290,711,793,82,True
53,294,711,832,121,True
54,263,711,781,70,True
55,297,711,781,70,True
56,306,711,832,121,True
57,281,711,832,121,True
64,255,711,781,70,True
66,281,711,781,70,True
67,267,711,832,121,True
68,291,711,808,97,True
72,273,711,832,121,True
73,288,711,781,70,True
74,273,711,832,121,True
75,293,711,832,121,True
77,275,711,832,121,True
78,285,711,781,70,True
87,263,711,832,121,True
88,282,711,832,121,True
89,278,711,832,121,True
90,288,711,808,97,True
91,277,711,832,121,True
92,294,711,832,121,True
94,305,711,832,121,True
97,274,711,781,70,True
99,301,711,808,97,True
4,265,712,859,147,True
7,282,712,859,147,True
9,298,712,859,147,True
18,295,712,859,147,True
19,273,712,859,147,True
21,287,712,793,81,True
22,269,712,859,147,True
24,271,712,859,147,True
25,275,712,859,147,True
27,292,712,859,147,True
28,266,712,859,147,True
32,289,712,793,81,True
36,289,712,859,147,True
38,301,712,793,81,True
40,307,712,859,147,True
41,288,712,793,81,True
45,291,712,793,81,True
46,260,712,859,147,True
47,300,712,793,81,True
50,261,712,832,120,True
53,295,712,832,120,True
55,298,712,781,69,True
58,287,712,781,69,True
59,282,712,808,96,True
61,291,712,832,120,True
62,281,712,781,69,True
63,299,712,832,120,True
67,268,712,832,120,True
68,292,712,808,96,True
74,274,712,832,120,True
78,286,712,781,69,True
79,283,712,808,96,True
80,296,712,781,69,True
81,288,712,832,120,True
83,280,712,808,96,True
85,285,712,781,69,True
87,264,712,832,120,True
89,279,712,832,120,True
93,315,712,832,120,True
94,306,712,832,120,True
98,265,712,808,96,True
99,302,712,808,96,True
7,283,713,859,146,True
8,299,713,859,146,True
10,275,713,859,146,True
13,290,713,859,146,True
15,288,713,859,146,True
19,274,713,859,146,True
20,284,713,859,146,True
22,270,713,859,146,True
26,269,713,871,158,True
33,312,713,859,146,True
36,290,713,859,146,True
40,308,713,859,146,True
44,302,713,859,146,True
55,299,713,781,68,True
56,307,713,832,119,True
57,282,713,832,119,True
58,288,713,781,68,True
59,283,713,808,95,True
62,282,713,781,68,True
63,300,713,832,119,True
67,269,713,832,119,True
69,265,713,808,95,True
71,262,713,832,119,True
76,307,713,832,119,True
79,284,713,808,95,True
80,297,713,781,68,True
82,290,713,808,95,True
83,281,713,808,95,True
86,275,713,832,119,True
87,265,713,832,119,True
88,283,713,832,119,True
89,280,713,832,119,True
90,289,713,808,95,True
92,295,713,832,119,True
97,275,713,781,68,True
99,303,713,808,95,True
1,274,714,859,145,True
3,279,714,793,79,True
8,300,714,859,145,True
11,283,714,859,145,True
12,297,714,793,79,True
14,312,714,859,145,True
19,275,714,859,145,True
20,285,714,859,145,True
21,288,714,793,79,True
23,285,714,793,79,True
27,293,714,859,145,True
33,313,714,859,145,True
34,277,714,859,145,True
39,287,714,859,145,True
40,309,714,859,145,True
43,302,714,859,145,True
44,303,714,859,145,True
45,292,714,793,79,True
48,283,714,859,145,True
50,262,714,832,118,True
53,296,714,832,118,True
63,301,714,832,118,True
67,270,714,832,118,True
68,293,714,808,94,True
70,313,714,781,67,True
72,274,714,832,118,True
73,289,714,781,67,True
74,275,714,832,118,True
75,294,714,832,118,True
76,308,714,832,118,True
81,289,714,832,118,True
84,309,714,781,67,True
87,266,714,832,118,True
90,290,714,808,94,True
96,281,714,832,118,True
3,280,715,793,78,True
5,297,715,859,144,True
9,299,715,859,144,True
11,284,715,859,144,True
15,289,715,859,144,True
16,303,715,859,144,True
19,276,715,859,144,True
20,286,715,859,144,True
23,286,715,793,78,True
25,276,715,859,144,True
26,270,715,871,156,True
29,286,715,859,144,True
31,293,715,859,144,True
33,314,715,859,144,True
37,281,715,859,144,True
38,302,715,793,78,True
41,289,715,793,78,True
42,275,715,859,144,True
43,303,715,859,144,True
50,263,715,832,117,True
51,277,715,808,93,True
52,274,715,781,66,True
55,300,715,808,93,True
56,308,715,832,117,True
58,289,715,781,66,True
61,292,715,832,117,True
63,302,715,832,117,True
67,271,715,832,117,True
71,263,715,832,117,True
72,275,715,832,117,True
74,276,715,832,117,True
75,295,715,832,117,True
77,276,715,832,117,True
80,298,715,781,66,True
85,286,715,781,66,True
88,284,715,832,117,True
90,291,715,808,93,True
91,278,715,832,117,True
93,316,715,832,117,True
95,275,715,832,117,True
99,304,715,808,93,True
0,278,716,859,143,True
2,273,716,859,143,True
4,266,716,859,143,True
10,276,716,859,143,True
12,298,716,793,77,True
14,313,716,859,143,True
17,269,716,859,143,True
19,277,716,859,143,True
20,287,716,859,143,True
21,289,716,793,77,True
23,287,716,793,77,True
24,272,716,859,143,True
34,278,716,859,143,True
36,291,716,859,143,True
37,282,716,859,143,True
38,303,716,859,143,True
40,310,716,859,143,True
41,290,716,793,77,True
47,301,716,793,77,True
49,300,716,859,143,True
52,275,716,781,65,True
53,297,716,832,116,True
56,309,716,832,116,True
57,283,716,832,116,True
58,290,716,781,65,True
60,279,716,781,65,True
63,303,716,832,116,True
65,290,716,832,116,True
73,290,716,781,65,True
75,296,716,832,116,True
77,277,716,832,116,True
79,285,716,808,92,True
81,290,716,832,116,True
82,291,716,808,92,True
86,276,716,832,116,True
87,267,716,832,116,True
89,281,716,832,116,True
90,292,716,808,92,True
91,279,716,832,116,True
93,317,716,832,116,True
97,276,716,781,65,True
2,274,717,859,142,True
8,301,717,859,142,True
11,285,717,859,142,True
13,291,717,859,142,True
15,290,717,859,142,True
17,270,717,859,142,True
20,288,717,859,142,True
21,290,717,793,76,True
24,273,717,859,142,True
27,294,717,859,142,True
32,290,717,859,142,True
33,315,717,859,142,True
35,277,717,859,142,True
36,292,717,859,142,True
37,283,717,859,142,True
38,304,717,859,142,True
49,301,717,859,142,True
51,278,717,808,91,True
53,298,717,832,115,True
56,310,717,832,115,True
60,280,717,781,64,True
61,293,717,832,115,True
62,283,717,781,64,True
63,304,717,832,115,True
64,256,717,781,64,True
67,272,717,832,115,True
69,266,717,808,91,True
70,314,717,781,64,True
74,277,717,832,115,True
76,309,717,832,115,True
79,286,717,808,91,True
86,277,717,832,115,True
89,282,717,832,115,True
92,296,717,832,115,True
94,307,717,832,115,True
96,282,717,832,115,True
97,277,717,781,64,True
98,266,717,808,91,True
1,275,718,859,141,True
3,281,718,793,75,True
4,267,718,859,141,True
6,286,718,859,141,True
8,302,718,859,141,True
10,277,718,859,141,True
14,314,718,859,141,True
16,304,718,859,141,True
17,271,718,859,141,True
19,278,718,859,141,True
21,291,718,793,75,True
22,271,718,859,141,True
24,274,718,859,141,True
25,277,718,859,141,True
26,271,718,871,153,True
28,267,718,859,141,True
29,287,718,859,141,True
31,294,718,859,141,True
33,316,718,859,141,True
34,279,718,859,141,True
37,284,718,859,141,True
40,311,718,859,141,True
43,304,718,859,141,True
44,304,718,859,141,True
46,261,718,859,141,True
47,302,718,793,75,True
48,284,718,859,141,True
50,264,718,832,114,True
51,279,718,808,90,True
52,276,718,781,63,True
56,311,718,832,114,True
61,294,718,832,114,True
62,284,718,781,63,True
63,305,718,832,114,True
67,273,718,832,114,True
70,315,718,781,63,True
71,264,718,832,114,True
72,276,718,832,114,True
75,297,718,832,114,True
77,278,718,832,114,True
78,287,718,781,63,True
80,299,718,781,63,True
85,287,718,808,90,True
86,278,718,832,114,True
89,283,718,832,114,True
90,293,718,808,90,True
91,280,718,832,114,True
92,297,718,832,114,True
95,276,718,832,114,True
96,283,718,832,114,True
97,278,718,781,63,True
0,279,719,859,140,True
6,287,719,859,140,True
8,303,719,859,140,True
9,300,719,859,140,True
14,315,719,859,140,True
16,305,719,859,140,True
19,279,719,859,140,True
20,289,719,859,140,True
21,292,719,793,74,True
23,288,719,793,74,True
27,295,719,859,140,True
28,268,719,859,140,True
34,280,719,859,140,True
39,288,719,859,140,True
43,305,719,859,140,True
44,305,719,859,140,True
46,262,719,859,140,True
47,303,719,793,74,True
53,299,719,832,113,True
54,264,719,781,62,True
55,301,719,808,89,True
56,312,719,832,113,True
57,284,719,832,113,True
62,285,719,781,62,True
63,306,719,832,113,True
65,291,719,832,113,True
70,316,719,781,62,True
76,310,719,832,113,True
77,279,719,832,113,True
81,291,719,832,113,True
91,281,719,832,113,True
92,298,719,832,113,True
95,277,719,832,113,True
2,275,720,859,139,True
3,282,720,793,73,True
7,284,720,859,139,True
8,304,720,859,139,True
11,286,720,859,139,True
12,299,720,793,73,True
17,272,720,859,139,True
18,296,720,859,139,True
19,280,720,859,139,True
23,289,720,793,73,True
24,275,720,859,139,True
26,272,720,871,151,True
29,288,720,859,139,True
35,278,720,859,139,True
36,293,720,859,139,True
37,285,720,859,139,True
38,305,720,859,139,True
39,289,720,859,139,True
44,306,720,859,139,True
45,293,720,793,73,True
46,263,720,859,139,True
47,304,720,793,73,True
53,300,720,832,112,True
55,302,720,808,88,True
56,313,720,832,112,True
58,291,720,781,61,True
61,295,720,832,112,True
63,307,720,832,112,True
71,265,720,832,112,True
73,291,720,781,61,True
74,278,720,832,112,True
75,298,720,832,112,True
80,300,720,781,61,True
81,292,720,832,112,True
84,310,720,781,61,True
91,282,720,832,112,True
95,278,720,832,112,True
97,279,720,781,61,True
99,305,720,808,88,True
0,280,721,859,138,True
9,301,721,871,150,True
12,300,721,793,72,True
14,316,721,859,138,True
16,306,721,859,138,True
20,290,721,859,138,True
24,276,721,859,138,True
25,278,721,859,138,True
29,289,721,859,138,True
30,284,721,859,138,True
32,291,721,859,138,True
36,294,721,859,138,True
37,286,721,859,138,True
38,306,721,859,138,True
43,306,721,859,138,True
46,264,721,859,138,True
49,302,721,859,138,True
51,280,721,808,87,True
53,301,721,832,111,True
56,314,721,832,111,True
63,308,721,832,111,True
64,257,721,808,87,True
71,266,721,832,111,True
73,292,721,781,60,True
75,299,721,832,111,True
78,288,721,808,87,True
79,287,721,808,87,True
80,301,721,781,60,True
85,288,721,808,87,True
86,279,721,832,111,True
88,285,721,832,111,True
94,308,721,832,111,True
97,280,721,781,60,True
99,306,721,808,87,True
1,276,722,859,137,True
4,268,722,859,137,True
7,285,722,859,137,True
9,302,722,871,149,True
11,287,722,859,137,True
12,301,722,793,71,True
13,292,722,859,137,True
17,273,722,859,137,True
19,281,722,859,137,True
21,293,722,793,71,True
23,290,722,793,71,True
24,277,722,859,137,True
29,290,722,859,137,True
31,295,722,859,137,True
37,287,722,859,137,True
39,290,722,859,137,True
42,276,722,859,137,True
44,307,722,859,137,True
45,294,722,793,71,True
49,303,722,859,137,True
51,281,722,808,86,True
56,315,722,832,110,True
59,284,722,808,86,True
64,258,722,808,86,True
71,267,722,832,110,True
72,277,722,832,110,True
73,293,722,781,59,True
76,311,722,832,110,True
77,280,722,832,110,True
81,293,722,832,110,True
82,292,722,808,86,True
83,282,722,808,86,True
88,286,722,832,110,True
89,284,722,832,110,True
2,276,723,859,136,True
3,283,723,793,70,True
4,269,723,859,136,True
7,286,723,859,136,True
8,305,723,859,136,True
10,278,723,859,136,True
12,302,723,793,70,True
14,317,723,859,136,True
19,282,723,859,136,True
20,291,723,859,136,True
22,272,723,859,136,True
25,279,723,859,136,True
26,273,723,871,148,True
28,269,723,859,136,True
29,291,723,859,136,True
31,296,723,859,136,True
32,292,723,859,136,True
33,317,723,859,136,True
34,281,723,859,136,True
36,295,723,859,136,True
37,288,723,859,136,True
42,277,723,859,136,True
49,304,723,859,136,True
50,265,723,832,109,True
53,302,723,832,109,True
63,309,723,832,109,True
65,292,723,832,109,True
67,274,723,832,109,True
69,267,723,808,85,True
75,300,723,832,109,True
77,281,723,832,109,True
78,289,723,808,85,True
80,302,723,808,85,True
84,311,723,781,58,True
85,289,723,808,85,True
86,280,723,832,109,True
87,268,723,832,109,True
88,287,723,832,109,True
90,294,723,808,85,True
91,283,723,832,109,True
95,279,723,832,109,True
98,267,723,808,85,True
99,307,723,808,85,True
1,277,724,859,135,True
2,277,724,859,135,True
8,306,724,859,135,True
14,318,724,859,135,True
15,291,724,859,135,True
16,307,724,859,135,True
17,274,724,859,135,True
19,283,724,859,135,True
20,292,724,859,135,True
22,273,724,859,135,True
23,291,724,793,69,True
27,296,724,871,147,True
31,297,724,859,135,True
32,293,724,859,135,True
33,318,724,859,135,True
39,291,724,859,135,True
44,308,724,859,135,True
47,305,724,793,69,True
50,266,724,832,108,True
51,282,724,808,84,True
53,303,724,832,108,True
56,316,724,832,108,True
57,285,724,832,108,True
58,292,724,781,57,True
60,281,724,781,57,True
63,310,724,832,108,True
64,259,724,808,84,True
69,268,724,808,84,True
72,278,724,832,108,True
73,294,724,808,84,True
74,279,724,832,108,True
76,312,724,832,108,True
80,303,724,808,84,True
84,312,724,781,57,True
85,290,724,808,84,True
86,281,724,832,108,True
87,269,724,832,108,True
88,288,724,832,108,True
89,285,724,832,108,True
90,295,724,832,108,True
95,280,724,832,108,True
96,284,724,832,108,True
97,281,724,781,57,True
0,281,725,859,134,True
1,278,725,859,134,True
2,278,725,859,134,True
6,288,725,859,134,True
12,303,725,793,68,True
13,293,725,859,134,True
15,292,725,859,134,True
16,308,725,859,134,True
19,284,725,859,134,True
21,294,725,793,68,True
22,274,725,859,134,True
25,280,725,859,134,True
32,294,725,859,134,True
33,319,725,859,134,True
35,279,725,859,134,True
38,307,725,859,134,True
48,285,725,859,134,True
50,267,725,832,107,True
51,283,725,808,83,True
53,304,725,832,107,True
54,265,725,808,83,True
56,317,725,832,107,True
57,286,725,832,107,True
58,293,725,781,56,True
61,296,725,832,107,True
62,286,725,793,68,True
63,311,725,832,107,True
64,260,725,808,83,True
65,293,725,832,107,True
66,282,725,781,56,True
70,317,725,808,83,True
71,268,725,832,107,True
72,279,725,832,107,True
74,280,725,832,107,True
75,301,725,832,107,True
81,294,725,832,107,True
83,283,725,808,83,True
85,291,725,808,83,True
87,270,725,832,107,True
89,286,725,832,107,True
91,284,725,832,107,True
92,299,725,832,107,True
95,281,725,832,107,True
99,308,725,808,83,True
1,279,726,859,133,True
2,279,726,871,145,True
4,270,726,859,133,True
5,298,726,859,133,True
6,289,726,859,133,True
7,287,726,859,133,True
8,307,726,859,133,True
10,279,726,859,133,True
15,293,726,859,133,True
17,275,726,859,133,True
18,297,726,859,133,True
19,285,726,859,133,True
20,293,726,859,133,True
21,295,726,793,67,True
22,275,726,859,133,True
30,285,726,859,133,True
32,295,726,859,133,True
33,320,726,859,133,True
36,296,726,859,133,True
38,308,726,859,133,True
40,312,726,859,133,True
42,278,726,859,133,True
45,295,726,859,133,True
47,306,726,859,133,True
53,305,726,832,106,True
54,266,726,808,82,True
55,303,726,808,82,True
57,287,726,832,106,True
62,287,726,793,67,True
63,312,726,832,106,True
64,261,726,808,82,True
67,275,726,832,106,True
70,318,726,808,82,True
72,280,726,832,106,True
74,281,726,832,106,True
80,304,726,808,82,True
81,295,726,832,106,True
82,293,726,808,82,True
85,292,726,808,82,True
86,282,726,832,106,True
88,289,726,832,106,True
91,285,726,832,106,True
92,300,726,832,106,True
93,318,726,832,106,True
95,282,726,832,106,True
99,309,726,808,82,True
2,280,727,871,144,True
4,271,727,859,132,True
5,299,727,859,132,True
7,288,727,859,132,True
10,280,727,859,132,True
11,288,727,859,132,True
13,294,727,859,132,True
14,319,727,859,132,True
17,276,727,859,132,True
21,296,727,793,66,True
23,292,727,859,132,True
24,278,727,859,132,True
25,281,727,859,132,True
30,286,727,859,132,True
33,321,727,859,132,True
34,282,727,859,132,True
35,280,727,859,132,True
38,309,727,859,132,True
39,292,727,859,132,True
40,313,727,859,132,True
41,291,727,859,132,True
43,307,727,859,132,True
45,296,727,859,132,True
47,307,727,859,132,True
50,268,727,832,105,True
52,277,727,808,81,True
53,306,727,832,105,True
56,318,727,832,105,True
57,288,727,832,105,True
59,285,727,808,81,True
60,282,727,808,81,True
61,297,727,832,105,True
62,288,727,793,66,True
68,294,727,832,105,True
69,269,727,808,81,True
70,319,727,808,81,True
73,295,727,808,81,True
74,282,727,832,105,True
78,290,727,808,81,True
80,305,727,808,81,True
81,296,727,832,105,True
82,294,727,808,81,True
83,284,727,808,81,True
85,293,727,808,81,True
88,290,727,832,105,True
89,287,727,832,105,True
94,309,727,832,105,True
98,268,727,808,81,True
99,310,727,808,81,True
2,281,728,871,143,True
3,284,728,859,131,True
4,272,728,859,131,True
5,300,728,859,131,True
6,290,728,859,131,True
8,308,728,859,131,True
9,303,728,871,143,True
12,304,728,859,131,True
13,295,728,859,131,True
14,320,728,859,131,True
17,277,728,859,131,True
19,286,728,859,131,True
21,297,728,793,65,True
27,297,728,871,143,True
29,292,728,859,131,True
33,322,728,859,131,True
34,283,728,859,131,True
36,297,728,859,131,True
37,289,728,859,131,True
39,293,728,859,131,True
40,314,728,859,131,True
42,279,728,859,131,True
44,309,728,859,131,True
52,278,728,808,80,True
58,294,728,808,80,True
60,283,728,808,80,True
61,298,728,832,104,True
63,313,728,832,104,True
64,262,728,808,80,True
66,283,728,808,80,True
70,320,728,808,80,True
79,288,728,808,80,True
82,295,728,808,80,True
89,288,728,832,104,True
91,286,728,832,104,True
94,310,728,832,104,True
97,282,728,808,80,True
99,311,728,808,80,True
1,280,729,859,130,True
3,285,729,859,130,True
4,273,729,859,130,True
5,301,729,859,130,True
11,289,729,859,130,True
12,305,729,859,130,True
14,321,729,859,130,True
16,309,729,859,130,True
18,298,729,859,130,True
21,298,729,793,64,True
22,276,729,859,130,True
24,279,729,859,130,True
26,274,729,871,142,True
27,298,729,871,142,True
28,270,729,859,130,True
29,293,729,859,130,True
37,290,729,859,130,True
39,294,729,859,130,True
41,292,729,859,130,True
47,308,729,859,130,True
50,269,729,832,103,True
51,284,729,808,79,True
53,307,729,832,103,True
57,289,729,832,103,True
58,295,729,808,79,True
59,286,729,808,79,True
63,314,729,832,103,True
69,270,729,808,79,True
72,281,729,832,103,True
74,283,729,832,103,True
77,282,729,832,103,True
79,289,729,808,79,True
80,306,729,808,79,True
81,297,729,832,103,True
82,296,729,808,79,True
86,283,729,832,103,True
89,289,729,832,103,True
91,287,729,832,103,True
92,301,729,832,103,True
94,311,729,832,103,True
98,269,729,808,79,True
99,312,729,808,79,True
0,282,730,859,129,True
2,282,730,871,141,True
4,274,730,859,129,True
7,289,730,859,129,True
10,281,730,859,129,True
11,290,730,859,129,True
15,294,730,859,129,True
18,299,730,859,129,True
21,299,730,859,129,True
23,293,730,859,129,True
24,280,730,859,129,True
29,294,730,859,129,True
31,298,730,859,129,True
34,284,730,859,129,True
36,298,730,859,129,True
38,310,730,859,129,True
40,315,730,859,129,True
42,280,730,859,129,True
43,308,730,859,129,True
44,310,730,859,129,True
45,297,730,859,129,True
48,286,730,859,129,True
50,270,730,832,102,True
51,285,730,808,78,True
58,296,730,808,78,True
59,287,730,808,78,True
61,299,730,832,102,True
66,284,730,808,78,True
67,276,730,832,102,True
68,295,730,832,102,True
70,321,730,808,78,True
71,269,730,832,102,True
78,291,730,808,78,True
79,290,730,808,78,True
80,307,730,808,78,True
81,298,730,832,102,True
82,297,730,808,78,True
83,285,730,808,78,True
84,313,730,781,51,True
88,291,730,832,102,True
90,296,730,832,102,True
91,288,730,832,102,True
95,283,730,832,102,True
98,270,730,808,78,True
99,313,730,808,78,True
2,283,731,871,140,True
4,275,731,859,128,True
5,302,731,859,128,True
9,304,731,871,140,True
11,291,731,859,128,True
12,306,731,859,128,True
13,296,731,859,128,True
15,295,731,859,128,True
18,300,731,859,128,True
22,277,731,859,128,True
25,282,731,859,128,True
26,275,731,871,140,True
30,287,731,859,128,True
34,285,731,859,128,True
36,299,731,859,128,True
39,295,731,859,128,True
44,311,731,859,128,True
45,298,731,859,128,True
47,309,731,859,128,True
50,271,731,832,101,True
51,286,731,808,77,True
52,279,731,808,77,True
57,290,731,832,101,True
59,288,731,808,77,True
63,315,731,832,101,True
66,285,731,808,77,True
70,322,731,808,77,True
74,284,731,832,101,True
75,302,731,832,101,True
77,283,731,832,101,True
78,292,731,808,77,True
79,291,731,808,77,True
80,308,731,808,77,True
83,286,731,808,77,True
84,314,731,781,50,True
87,271,731,832,101,True
88,292,731,832,101,True
90,297,731,832,101,True
92,302,731,832,101,True
96,285,731,832,101,True
97,283,731,808,77,True
98,271,731,808,77,True
1,281,732,859,127,True
4,276,732,859,127,True
5,303,732,859,127,True
10,282,732,859,127,True
16,310,732,859,127,True
18,301,732,859,127,True
26,276,732,871,139,True
27,299,732,871,139,True
29,295,732,859,127,True
32,296,732,859,127,True
35,281,732,859,127,True
37,291,732,859,127,True
40,316,732,859,127,True
41,293,732,859,127,True
42,281,732,859,127,True
43,309,732,859,127,True
44,312,732,859,127,True
45,299,732,859,127,True
47,310,732,859,127,True
49,305,732,859,127,True
53,308,732,832,100,True
56,319,732,832,100,True
57,291,732,832,100,True
58,297,732,808,76,True
59,289,732,808,76,True
63,316,732,832,100,True
65,294,732,832,100,True
69,271,732,808,76,True
73,296,732,808,76,True
74,285,732,832,100,True
77,284,732,832,100,True
78,293,732,808,76,True
86,284,732,832,100,True
88,293,732,832,100,True
89,290,732,832,100,True
90,298,732,832,100,True
91,289,732,832,100,True
93,319,732,903,171,True
95,284,732,832,100,True
96,286,732,832,100,True
97,284,732,808,76,True
4,277,733,859,126,True
10,283,733,859,126,True
13,297,733,859,126,True
20,294,733,859,126,True
22,278,733,859,126,True
24,281,733,859,126,True
36,300,733,859,126,True
37,292,733,859,126,True
40,317,733,859,126,True
42,282,733,859,126,True
43,310,733,859,126,True
44,313,733,859,126,True
45,300,733,859,126,True
50,272,733,832,99,True
52,280,733,808,75,True
53,309,733,832,99,True
54,267,733,808,75,True
55,304,733,808,75,True
56,320,733,903,170,True
57,292,733,832,99,True
58,298,733,808,75,True
64,263,733,808,75,True
66,286,733,808,75,True
73,297,733,808,75,True
74,286,733,832,99,True
76,313,733,832,99,True
77,285,733,832,99,True
78,294,733,832,99,True
80,309,733,808,75,True
81,299,733,832,99,True
83,287,733,808,75,True
87,272,733,832,99,True
89,291,733,832,99,True
90,299,733,832,99,True
91,290,733,832,99,True
92,303,733,832,99,True
93,320,733,903,170,True
95,285,733,832,99,True
96,287,733,832,99,True
97,285,733,808,75,True
99,314,733,808,75,True
1,282,734,859,125,True
2,284,734,871,137,True
3,286,734,859,125,True
5,304,734,859,125,True
7,290,734,859,125,True
8,309,734,859,125,True
16,311,734,859,125,True
18,302,734,859,125,True
21,300,734,859,125,True
22,279,734,859,125,True
23,294,734,859,125,True
25,283,734,859,125,True
28,271,734,859,125,True
29,296,734,859,125,True
31,299,734,859,125,True
37,293,734,859,125,True
38,311,734,859,125,True
41,294,734,859,125,True
43,311,734,859,125,True
44,314,734,859,125,True
46,265,734,859,125,True
48,287,734,859,125,True
49,306,734,859,125,True
50,273,734,832,98,True
51,287,734,808,74,True
52,281,734,808,74,True
53,310,734,832,98,True
54,268,734,808,74,True
55,305,734,808,74,True
57,293,734,832,98,True
58,299,734,832,98,True
59,290,734,808,74,True
63,317,734,832,98,True
69,272,734,808,74,True
71,270,734,832,98,True
79,292,734,808,74,True
81,300,734,832,98,True
83,288,734,808,74,True
84,315,734,808,74,True
88,294,734,832,98,True
90,300,734,832,98,True
91,291,734,832,98,True
92,304,734,832,98,True
95,286,734,832,98,True
99,315,734,808,74,True
4,278,735,859,124,True
5,305,735,859,124,True
7,291,735,859,124,True
10,284,735,859,124,True
12,307,735,859,124,True
21,301,735,859,124,True
26,277,735,871,136,True
27,300,735,871,136,True
28,272,735,859,124,True
30,288,735,859,124,True
31,300,735,859,124,True
33,323,735,859,124,True
34,286,735,859,124,True
36,301,735,859,124,True
40,318,735,859,124,True
41,295,735,859,124,True
42,283,735,859,124,True
43,312,735,859,124,True
44,315,735,859,124,True
47,311,735,859,124,True
53,311,735,832,97,True
56,321,735,903,168,True
58,300,735,832,97,True
60,284,735,808,73,True
62,289,735,793,58,True
68,296,735,832,97,True
71,271,735,832,97,True
72,282,735,832,97,True
74,287,735,832,97,True
77,286,735,832,97,True
82,298,735,808,73,True
85,294,735,808,73,True
86,285,735,832,97,True
88,295,735,832,97,True
89,292,735,832,97,True
92,305,735,832,97,True
93,321,735,903,168,True
96,288,735,832,97,True
99,316,735,808,73,True
0,283,736,859,123,True
1,283,736,859,123,True
2,285,736,871,135,True
4,279,736,859,123,True
8,310,736,859,123,True
13,298,736,859,123,True
22,280,736,859,123,True
26,278,736,871,135,True
29,297,736,859,123,True
30,289,736,859,123,True
35,282,736,859,123,True
43,313,736,859,123,True
46,266,736,859,123,True
51,288,736,808,72,True
54,269,736,808,72,True
55,306,736,808,72,True
56,322,736,903,167,True
58,301,736,832,96,True
63,318,736,832,96,True
68,297,736,832,96,True
69,273,736,808,72,True
70,323,736,808,72,True
72,283,736,832,96,True
74,288,736,832,96,True
75,303,736,832,96,True
76,314,736,832,96,True
77,287,736,832,96,True
78,295,736,832,96,True
80,310,736,832,96,True
85,295,736,808,72,True
87,273,736,832,96,True
90,301,736,832,96,True
93,322,736,903,167,True
95,287,736,832,96,True
98,272,736,808,72,True
2,286,737,871,134,True
7,292,737,859,122,True
8,311,737,859,122,True
11,292,737,859,122,True
18,303,737,871,134,True
19,287,737,859,122,True
22,281,737,859,122,True
23,295,737,859,122,True
26,279,737,871,134,True
27,301,737,871,134,True
29,298,737,859,122,True
31,301,737,859,122,True
36,302,737,859,122,True
37,294,737,859,122,True
42,284,737,859,122,True
46,267,737,859,122,True
49,307,737,859,122,True
57,294,737,832,95,True
59,291,737,808,71,True
60,285,737,808,71,True
63,319,737,832,95,True
64,264,737,832,95,True
65,295,737,832,95,True
66,287,737,808,71,True
67,277,737,903,166,True
70,324,737,808,71,True
72,284,737,832,95,True
73,298,737,808,71,True
74,289,737,832,95,True
75,304,737,832,95,True
76,315,737,832,95,True
78,296,737,832,95,True
79,293,737,808,71,True
83,289,737,808,71,True
84,316,737,808,71,True
91,292,737,832,95,True
92,306,737,832,95,True
94,312,737,832,95,True
95,288,737,832,95,True
96,289,737,832,95,True
3,287,738,859,121,True
7,293,738,859,121,True
12,308,738,859,121,True
14,322,738,859,121,True
15,296,738,859,121,True
18,304,738,871,133,True
20,295,738,859,121,True
21,302,738,859,121,True
22,282,738,859,121,True
23,296,738,859,121,True
24,282,738,859,121,True
26,280,738,871,133,True
28,273,738,859,121,True
29,299,738,859,121,True
33,324,738,859,121,True
37,295,738,859,121,True
38,312,738,859,121,True
41,296,738,859,121,True
42,285,738,859,121,True
44,316,738,859,121,True
48,288,738,859,121,True
49,308,738,859,121,True
53,312,738,903,165,True
54,270,738,808,70,True
56,323,738,903,165,True
59,292,738,808,70,True
61,300,738,832,94,True
66,288,738,808,70,True
67,278,738,903,165,True
68,298,738,832,94,True
74,290,738,832,94,True
75,305,738,832,94,True
76,316,738,832,94,True
78,297,738,832,94,True
79,294,738,808,70,True
80,311,738,832,94,True
83,290,738,808,70,True
86,286,738,832,94,True
87,274,738,832,94,True
89,293,738,832,94,True
91,293,738,832,94,True
94,313,738,832,94,True
96,290,738,832,94,True
97,286,738,832,94,True
2,287,739,871,132,True
3,288,739,859,120,True
6,291,739,859,120,True
9,305,739,871,132,True
10,285,739,859,120,True
17,278,739,859,120,True
18,305,739,871,132,True
20,296,739,859,120,True
21,303,739,859,120,True
24,283,739,859,120,True
26,281,739,871,132,True
27,302,739,871,132,True
38,313,739,859,120,True
40,319,739,859,120,True
41,297,739,859,120,True
44,317,739,859,120,True
46,268,739,859,120,True
50,274,739,832,93,True
51,289,739,808,69,True
57,295,739,832,93,True
62,290,739,793,54,True
64,265,739,832,93,True
65,296,739,832,93,True
68,299,739,832,93,True
71,272,739,832,93,True
72,285,739,832,93,True
74,291,739,903,164,True
76,317,739,832,93,True
82,299,739,832,93,True
83,291,739,832,93,True
95,289,739,832,93,True
96,291,739,832,93,True
98,273,739,832,93,True
1,284,740,859,119,True
2,288,740,871,131,True
3,289,740,859,119,True
8,312,740,859,119,True
10,286,740,859,119,True
11,293,740,859,119,True
14,323,740,859,119,True
16,312,740,859,119,True
22,283,740,859,119,True
27,303,740,871,131,True
30,290,740,871,131,True
33,325,740,859,119,True
34,287,740,859,119,True
37,296,740,859,119,True
40,320,740,859,119,True
41,298,740,859,119,True
42,286,740,859,119,True
47,312,740,859,119,True
50,275,740,832,92,True
52,282,740,808,68,True
53,313,740,903,163,True
57,296,740,832,92,True
59,293,740,808,68,True
62,291,740,808,68,True
63,320,740,832,92,True
65,297,740,832,92,True
66,289,740,808,68,True
67,279,740,903,163,True
70,325,740,808,68,True
71,273,740,832,92,True
72,286,740,832,92,True
75,306,740,832,92,True
76,318,740,903,163,True
77,288,740,832,92,True
78,298,740,832,92,True
80,312,740,832,92,True
83,292,740,832,92,True
84,317,740,808,68,True
86,287,740,832,92,True
88,296,740,832,92,True
93,323,740,903,163,True
95,290,740,832,92,True
96,292,740,832,92,True
98,274,740,832,92,True
99,317,740,808,68,True
1,285,741,859,118,True
6,292,741,859,118,True
14,324,741,859,118,True
18,306,741,871,130,True
24,284,741,859,118,True
25,284,741,859,118,True
35,283,741,859,118,True
36,303,741,859,118,True
38,314,741,859,118,True
40,321,741,859,118,True
43,314,741,859,118,True
44,318,741,859,118,True
45,301,741,859,118,True
50,276,741,832,91,True
52,283,741,808,67,True
53,314,741,903,162,True
54,271,741,808,67,True
55,307,741,832,91,True
56,324,741,903,162,True
58,302,741,832,91,True
59,294,741,808,67,True
63,321,741,832,91,True
68,300,741,832,91,True
69,274,741,808,67,True
71,274,741,832,91,True
74,292,741,903,162,True
75,307,741,832,91,True
78,299,741,832,91,True
79,295,741,808,67,True
80,313,741,832,91,True
81,301,741,832,91,True
83,293,741,832,91,True
87,275,741,832,91,True
89,294,741,832,91,True
91,294,741,832,91,True
95,291,741,832,91,True
1,286,742,859,117,True
2,289,742,871,129,True
4,280,742,859,117,True
5,306,742,871,129,True
6,293,742,859,117,True
15,297,742,859,117,True
16,313,742,859,117,True
17,279,742,859,117,True
18,307,742,871,129,True
21,304,742,859,117,True
23,297,742,859,117,True
26,282,742,871,129,True
27,304,742,871,129,True
28,274,742,859,117,True
29,300,742,871,129,True
32,297,742,859,117,True
34,288,742,859,117,True
35,284,742,859,117,True
38,315,742,859,117,True
39,296,742,859,117,True
40,322,742,859,117,True
43,315,742,859,117,True
44,319,742,859,117,True
46,269,742,859,117,True
47,313,742,859,117,True
49,309,742,859,117,True
52,284,742,808,66,True
56,325,742,903,161,True
57,297,742,832,90,True
63,322,742,903,161,True
65,298,742,832,90,True
66,290,742,808,66,True
72,287,742,832,90,True
77,289,742,832,90,True
80,314,742,832,90,True
82,300,742,832,90,True
87,276,742,832,90,True
90,302,742,832,90,True
91,295,742,832,90,True
94,314,742,832,90,True
95,292,742,832,90,True
98,275,742,832,90,True
7,294,743,859,116,True
9,306,743,871,128,True
10,287,743,859,116,True
11,294,743,859,116,True
16,314,743,859,116,True
19,288,743,859,116,True
20,297,743,859,116,True
22,284,743,871,128,True
24,285,743,859,116,True
29,301,743,871,128,True
31,302,743,859,116,True
33,326,743,859,116,True
34,289,743,859,116,True
41,299,743,859,116,True
46,270,743,859,116,True
49,310,743,859,116,True
55,308,743,832,89,True
62,292,743,808,65,True
63,323,743,903,160,True
64,266,743,832,89,True
67,280,743,903,160,True
68,301,743,832,89,True
71,275,743,832,89,True
72,288,743,832,89,True
74,293,743,903,160,True
78,300,743,832,89,True
88,297,743,832,89,True
92,307,743,832,89,True
95,293,743,832,89,True
98,276,743,832,89,True
99,318,743,808,65,True
2,290,744,871,127,True
5,307,744,871,127,True
6,294,744,859,115,True
12,309,744,859,115,True
13,299,744,859,115,True
14,325,744,859,115,True
17,280,744,859,115,True
22,285,744,871,127,True
24,286,744,859,115,True
25,285,744,859,115,True
28,275,744,859,115,True
32,298,744,859,115,True
34,290,744,859,115,True
37,297,744,859,115,True
39,297,744,859,115,True
40,323,744,859,115,True
43,316,744,859,115,True
46,271,744,859,115,True
47,314,744,859,115,True
51,290,744,808,64,True
53,315,744,903,159,True
56,326,744,903,159,True
57,298,744,832,88,True
59,295,744,808,64,True
60,286,744,832,88,True
63,324,744,903,159,True
72,289,744,832,88,True
73,299,744,808,64,True
75,308,744,832,88,True
82,301,744,832,88,True
84,318,744,808,64,True
89,295,744,832,88,True
92,308,744,832,88,True
93,324,744,903,159,True
97,287,744,832,88,True
99,319,744,808,64,True
9,307,745,871,126,True
10,288,745,859,114,True
13,300,745,859,114,True
15,298,745,859,114,True
17,281,745,859,114,True
19,289,745,859,114,True
21,305,745,859,114,True
23,298,745,859,114,True
24,287,745,859,114,True
25,286,745,859,114,True
27,305,745,871,126,True
33,327,745,859,114,True
36,304,745,859,114,True
38,316,745,859,114,True
40,324,745,859,114,True
41,300,745,859,114,True
42,287,745,859,114,True
44,320,745,871,126,True
45,302,745,859,114,True
46,272,745,859,114,True
47,315,745,859,114,True
48,289,745,859,114,True
52,285,745,808,63,True
55,309,745,832,87,True
56,327,745,903,158,True
57,299,745,832,87,True
58,303,745,832,87,True
60,287,745,832,87,True
61,301,745,903,158,True
62,293,745,808,63,True
63,325,745,903,158,True
64,267,745,832,87,True
67,281,745,903,158,True
68,302,745,832,87,True
71,276,745,832,87,True
72,290,745,832,87,True
77,290,745,832,87,True
80,315,745,832,87,True
95,294,745,832,87,True
96,293,745,832,87,True
1,287,746,859,113,True
2,291,746,871,125,True
10,289,746,859,113,True
14,326,746,859,113,True
15,299,746,859,113,True
18,308,746,871,125,True
19,290,746,859,113,True
22,286,746,871,125,True
23,299,746,859,113,True
24,288,746,859,113,True
33,328,746,859,113,True
35,285,746,859,113,True
39,298,746,859,113,True
40,325,746,859,113,True
41,301,746,859,113,True
42,288,746,859,113,True
44,321,746,871,125,True
45,303,746,859,113,True
46,273,746,859,113,True
53,316,746,903,157,True
55,310,746,832,86,True
61,302,746,903,157,True
63,326,746,903,157,True
68,303,746,832,86,True
70,326,746,832,86,True
71,277,746,832,86,True
72,291,746,832,86,True
78,301,746,832,86,True
81,302,746,832,86,True
83,294,746,832,86,True
86,288,746,832,86,True
89,296,746,832,86,True
94,315,746,832,86,True
99,320,746,808,62,True
0,284,747,859,112,True
1,288,747,859,112,True
3,290,747,859,112,True
7,295,747,871,124,True
8,313,747,859,112,True
9,308,747,871,124,True
10,290,747,859,112,True
11,295,747,859,112,True
12,310,747,859,112,True
13,301,747,859,112,True
15,300,747,859,112,True
17,282,747,859,112,True
20,298,747,859,112,True
26,283,747,871,124,True
28,276,747,859,112,True
30,291,747,871,124,True
32,299,747,859,112,True
33,329,747,859,112,True
35,286,747,859,112,True
41,302,747,859,112,True
46,274,747,859,112,True
47,316,747,859,112,True
48,290,747,859,112,True
49,311,747,859,112,True
52,286,747,808,61,True
56,328,747,903,156,True
58,304,747,832,85,True
60,288,747,832,85,True
63,327,747,903,156,True
64,268,747,832,85,True
65,299,747,903,156,True
68,304,747,832,85,True
69,275,747,808,61,True
70,327,747,832,85,True
71,278,747,832,85,True
73,300,747,808,61,True
76,319,747,903,156,True
78,302,747,832,85,True
79,296,747,808,61,True
82,302,747,832,85,True
83,295,747,832,85,True
86,289,747,832,85,True
87,277,747,832,85,True
88,298,747,832,85,True
89,297,747,832,85,True
96,294,747,903,156,True
98,277,747,832,85,True
99,321,747,808,61,True
3,291,748,859,111,True
4,281,748,859,111,True
5,308,748,871,123,True
9,309,748,871,123,True
10,291,748,859,111,True
11,296,748,859,111,True
14,327,748,859,111,True
15,301,748,859,111,True
19,291,748,859,111,True
21,306,748,859,111,True
25,287,748,859,111,True
27,306,748,871,123,True
30,292,748,871,123,True
31,303,748,859,111,True
32,300,748,859,111,True
34,291,748,859,111,True
35,287,748,859,111,True
36,305,748,859,111,True
39,299,748,859,111,True
42,289,748,859,111,True
44,322,748,871,123,True
49,312,748,859,111,True
50,277,748,903,155,True
51,291,748,808,60,True
53,317,748,903,155,True
55,311,748,832,84,True
56,329,748,903,155,True
64,269,748,832,84,True
65,300,748,903,155,True
68,305,748,832,84,True
70,328,748,832,84,True
73,301,748,808,60,True
74,294,748,903,155,True
76,320,748,903,155,True
77,291,748,832,84,True
79,297,748,808,60,True
81,303,748,832,84,True
82,303,748,832,84,True
84,319,748,808,60,True
86,290,748,832,84,True
87,278,748,832,84,True
91,296,748,903,155,True
95,295,748,832,84,True
96,295,748,903,155,True
0,285,749,859,110,True
5,309,749,871,122,True
10,292,749,859,110,True
12,311,749,859,110,True
14,328,749,859,110,True
16,315,749,859,110,True
22,287,749,871,122,True
23,300,749,859,110,True
27,307,749,871,122,True
29,302,749,871,122,True
31,304,749,859,110,True
37,298,749,859,110,True
40,326,749,859,110,True
42,290,749,859,110,True
43,317,749,859,110,True
45,304,749,859,110,True
46,275,749,859,110,True
48,291,749,859,110,True
49,313,749,859,110,True
50,278,749,903,154,True
52,287,749,808,59,True
53,318,749,903,154,True
55,312,749,832,83,True
56,330,749,903,154,True
57,300,749,832,83,True
58,305,749,832,83,True
59,296,749,832,83,True
63,328,749,903,154,True
64,270,749,832,83,True
65,301,749,903,154,True
68,306,749,832,83,True
73,302,749,808,59,True
75,309,749,903,154,True
79,298,749,808,59,True
80,316,749,832,83,True
81,304,749,832,83,True
82,304,749,832,83,True
84,320,749,808,59,True
85,296,749,832,83,True
86,291,749,832,83,True
93,325,749,903,154,True
97,288,749,832,83,True
2,292,750,871,121,True
5,310,750,871,121,True
7,296,750,871,121,True
9,310,750,871,121,True
12,312,750,859,109,True
13,302,750,859,109,True
14,329,750,859,109,True
21,307,750,859,109,True
23,301,750,859,109,True
26,284,750,871,121,True
27,308,750,871,121,True
31,305,750,859,109,True
32,301,750,859,109,True
34,292,750,859,109,True
35,288,750,859,109,True
37,299,750,859,109,True
38,317,750,859,109,True
40,327,750,859,109,True
41,303,750,859,109,True
43,318,750,859,109,True
45,305,750,859,109,True
46,276,750,871,121,True
47,317,750,859,109,True
50,279,750,903,153,True
51,292,750,808,58,True
57,301,750,832,82,True
58,306,750,832,82,True
62,294,750,808,58,True
63,329,750,903,153,True
65,302,750,903,153,True
66,291,750,832,82,True
71,279,750,903,153,True
72,292,750,903,153,True
74,295,750,903,153,True
75,310,750,903,153,True
76,321,750,903,153,True
77,292,750,832,82,True
78,303,750,832,82,True
82,305,750,832,82,True
84,321,750,808,58,True
85,297,750,832,82,True
86,292,750,903,153,True
87,279,750,832,82,True
90,303,750,832,82,True
95,296,750,832,82,True
96,296,750,903,153,True
98,278,750,832,82,True
99,322,750,832,82,True
1,289,751,859,108,True
3,292,751,859,108,True
7,297,751,871,120,True
9,311,751,871,120,True
12,313,751,859,108,True
17,283,751,871,120,True
18,309,751,871,120,True
19,292,751,859,108,True
20,299,751,859,108,True
21,308,751,859,108,True
23,302,751,859,108,True
24,289,751,859,108,True
26,285,751,871,120,True
27,309,751,871,120,True
32,302,751,859,108,True
35,289,751,859,108,True
36,306,751,859,108,True
37,300,751,859,108,True
38,318,751,859,108,True
43,319,751,859,108,True
46,277,751,871,120,True
47,318,751,859,108,True
50,280,751,903,152,True
54,272,751,832,81,True
55,313,751,832,81,True
57,302,751,832,81,True
58,307,751,832,81,True
61,303,751,903,152,True
62,295,751,808,57,True
63,330,751,903,152,True
65,303,751,903,152,True
69,276,751,832,81,True
70,329,751,832,81,True
71,280,751,903,152,True
75,311,751,903,152,True
76,322,751,903,152,True
81,305,751,832,81,True
83,296,751,832,81,True
86,293,751,903,152,True
89,298,751,903,152,True
91,297,751,903,152,True
97,289,751,832,81,True
98,279,751,832,81,True
99,323,751,832,81,True
9,312,752,871,119,True
10,293,752,859,107,True
12,314,752,859,107,True
13,303,752,859,107,True
15,302,752,859,107,True
18,310,752,871,119,True
19,293,752,859,107,True
21,309,752,859,107,True
24,290,752,859,107,True
26,286,752,871,119,True
27,310,752,871,119,True
30,293,752,871,119,True
31,306,752,859,107,True
36,307,752,859,107,True
39,300,752,859,107,True
40,328,752,859,107,True
41,304,752,859,107,True
43,320,752,859,107,True
44,323,752,871,119,True
45,306,752,859,107,True
46,278,752,871,119,True
47,319,752,859,107,True
50,281,752,903,151,True
52,288,752,808,56,True
55,314,752,832,80,True
58,308,752,832,80,True
59,297,752,832,80,True
60,289,752,832,80,True
65,304,752,903,151,True
66,292,752,832,80,True
67,282,752,903,151,True
68,307,752,832,80,True
75,312,752,903,151,True
79,299,752,832,80,True
80,317,752,832,80,True
82,306,752,832,80,True
84,322,752,808,56,True
86,294,752,903,151,True
87,280,752,903,151,True
88,299,752,832,80,True
89,299,752,903,151,True
92,309,752,903,151,True
94,316,752,832,80,True
95,297,752,903,151,True
0,286,753,859,106,True
6,295,753,859,106,True
8,314,753,859,106,True
9,313,753,871,118,True
10,294,753,859,106,True
12,315,753,859,106,True
15,303,753,859,106,True
16,316,753,859,106,True
18,311,753,871,118,True
23,303,753,859,106,True
24,291,753,859,106,True
25,288,753,859,106,True
29,303,753,871,118,True
31,307,753,859,106,True
32,303,753,859,106,True
33,330,753,859,106,True
42,291,753,859,106,True
44,324,753,871,118,True
46,279,753,871,118,True
47,320,753,859,106,True
48,292,753,859,106,True
49,314,753,859,106,True
50,282,753,903,150,True
51,293,753,808,55,True
52,289,753,808,55,True
54,273,753,832,79,True
57,303,753,903,150,True
58,309,753,832,79,True
59,298,753,832,79,True
60,290,753,832,79,True
64,271,753,832,79,True
65,305,753,903,150,True
66,293,753,832,79,True
67,283,753,903,150,True
70,330,753,832,79,True
71,281,753,903,150,True
72,293,753,903,150,True
73,303,753,832,79,True
79,300,753,832,79,True
80,318,753,832,79,True
84,323,753,808,55,True
95,298,753,903,150,True
97,290,753,832,79,True
5,311,754,871,117,True
6,296,754,859,105,True
8,315,754,859,105,True
9,314,754,871,117,True
11,297,754,859,105,True
14,330,754,859,105,True
15,304,754,859,105,True
17,284,754,871,117,True
21,310,754,859,105,True
22,288,754,871,117,True
23,304,754,859,105,True
24,292,754,859,105,True
25,289,754,859,105,True
26,287,754,871,117,True
27,311,754,871,117,True
34,293,754,859,105,True
37,301,754,859,105,True
38,319,754,859,105,True
41,305,754,859,105,True
44,325,754,871,117,True
46,280,754,871,117,True
49,315,754,859,105,True
52,290,754,808,54,True
53,319,754,903,149,True
55,315,754,832,78,True
56,331,754,903,149,True
57,304,754,903,149,True
59,299,754,832,78,True
60,291,754,832,78,True
61,304,754,903,149,True
64,272,754,832,78,True
69,277,754,832,78,True
71,282,754,903,149,True
72,294,754,903,149,True
75,313,754,903,149,True
77,293,754,903,149,True
78,304,754,832,78,True
80,319,754,832,78,True
82,307,754,832,78,True
83,297,754,903,149,True
87,281,754,903,149,True
89,300,754,903,149,True
90,304,754,832,78,True
91,298,754,903,149,True
95,299,754,903,149,True
97,291,754,832,78,True
3,293,755,859,104,True
4,282,755,859,104,True
11,298,755,859,104,True
12,316,755,859,104,True
13,304,755,859,104,True
15,305,755,859,104,True
16,317,755,859,104,True
17,285,755,871,116,True
18,312,755,871,116,True
21,311,755,859,104,True
23,305,755,859,104,True
25,290,755,859,104,True
27,312,755,871,116,True
29,304,755,871,116,True
30,294,755,871,116,True
33,331,755,859,104,True
37,302,755,859,104,True
39,301,755,871,116,True
40,329,755,859,104,True
42,292,755,859,104,True
43,321,755,859,104,True
46,281,755,871,116,True
51,294,755,808,53,True
52,291,755,832,77,True
56,332,755,903,148,True
57,305,755,903,148,True
58,310,755,832,77,True
61,305,755,903,148,True
68,308,755,832,77,True
69,278,755,832,77,True
72,295,755,903,148,True
73,304,755,832,77,True
77,294,755,903,148,True
78,305,755,832,77,True
83,298,755,903,148,True
90,305,755,832,77,True
92,310,755,903,148,True
93,326,755,903,148,True
96,297,755,903,148,True
0,287,756,859,103,True
1,290,756,871,115,True
2,293,756,871,115,True
3,294,756,859,103,True
5,312,756,871,115,True
7,298,756,871,115,True
11,299,756,859,103,True
13,305,756,859,103,True
19,294,756,859,103,True
23,306,756,859,103,True
26,288,756,871,115,True
27,313,756,871,115,True
30,295,756,871,115,True
31,308,756,859,103,True
32,304,756,859,103,True
33,332,756,859,103,True
34,294,756,859,103,True
38,320,756,859,103,True
39,302,756,871,115,True
42,293,756,859,103,True
43,322,756,859,103,True
45,307,756,859,103,True
48,293,756,871,115,True
50,283,756,903,147,True
52,292,756,832,76,True
55,316,756,832,76,True
58,311,756,832,76,True
66,294,756,832,76,True
70,331,756,832,76,True
72,296,756,903,147,True
77,295,756,903,147,True
80,320,756,832,76,True
82,308,756,832,76,True
85,298,756,832,76,True
86,295,756,903,147,True
87,282,756,903,147,True
89,301,756,903,147,True
91,299,756,903,147,True
92,311,756,903,147,True
93,327,756,903,147,True
0,288,757,859,102,True
4,283,757,859,102,True
7,299,757,871,114,True
10,295,757,859,102,True
12,317,757,859,102,True
14,331,757,859,102,True
17,286,757,871,114,True
18,313,757,871,114,True
20,300,757,859,102,True
25,291,757,859,102,True
27,314,757,871,114,True
28,277,757,871,114,True
29,305,757,871,114,True
32,305,757,859,102,True
33,333,757,859,102,True
36,308,757,859,102,True
37,303,757,859,102,True
38,321,757,859,102,True
39,303,757,871,114,True
44,326,757,871,114,True
45,308,757,859,102,True
49,316,757,859,102,True
50,284,757,903,146,True
51,295,757,808,51,True
54,274,757,832,75,True
58,312,757,832,75,True
61,306,757,903,146,True
63,331,757,903,146,True
66,295,757,859,102,True
67,284,757,903,146,True
68,309,757,832,75,True
69,279,757,903,146,True
71,283,757,903,146,True
84,324,757,808,51,True
87,283,757,903,146,True
95,300,757,903,146,True
0,289,758,859,101,True
1,291,758,871,113,True
2,294,758,871,113,True
3,295,758,859,101,True
4,284,758,859,101,True
5,313,758,871,113,True
6,297,758,859,101,True
7,300,758,871,113,True
8,316,758,859,101,True
13,306,758,859,101,True
15,306,758,859,101,True
19,295,758,859,101,True
20,301,758,859,101,True
23,307,758,859,101,True
25,292,758,859,101,True
26,289,758,871,113,True
29,306,758,871,113,True
30,296,758,871,113,True
31,309,758,859,101,True
32,306,758,859,101,True
34,295,758,859,101,True
37,304,758,859,101,True
38,322,758,859,101,True
41,306,758,859,101,True
44,327,758,871,113,True
47,321,758,859,101,True
49,317,758,859,101,True
51,296,758,832,74,True
54,275,758,832,74,True
55,317,758,832,74,True
59,300,758,832,74,True
60,292,758,832,74,True
62,296,758,859,101,True
63,332,758,903,145,True
65,306,758,903,145,True
66,296,758,859,101,True
69,280,758,903,145,True
72,297,758,903,145,True
73,305,758,832,74,True
75,314,758,903,145,True
77,296,758,903,145,True
79,301,758,832,74,True
85,299,758,832,74,True
86,296,758,903,145,True
92,312,758,903,145,True
93,328,758,903,145,True
96,298,758,903,145,True
97,292,758,832,74,True
2,295,759,871,112,True
5,314,759,871,112,True
7,301,759,871,112,True
8,317,759,859,100,True
11,300,759,859,100,True
15,307,759,859,100,True
16,318,759,859,100,True
17,287,759,871,112,True
19,296,759,859,100,True
20,302,759,859,100,True
25,293,759,859,100,True
32,307,759,859,100,True
33,334,759,859,100,True
36,309,759,859,100,True
37,305,759,859,100,True
39,304,759,871,112,True
41,307,759,859,100,True
42,294,759,859,100,True
43,323,759,859,100,True
44,328,759,871,112,True
47,322,759,859,100,True
50,285,759,903,144,True
53,320,759,903,144,True
54,276,759,832,73,True
55,318,759,832,73,True
60,293,759,832,73,True
61,307,759,903,144,True
62,297,759,859,100,True
65,307,759,903,144,True
67,285,759,903,144,True
70,332,759,832,73,True
71,284,759,903,144,True
74,296,759,903,144,True
75,315,759,903,144,True
83,299,759,903,144,True
87,284,759,903,144,True
88,300,759,903,144,True
92,313,759,903,144,True
93,329,759,903,144,True
95,301,759,903,144,True
98,280,759,832,73,True
1,292,760,871,111,True
2,296,760,871,111,True
3,296,760,859,99,True
8,318,760,859,99,True
15,308,760,859,99,True
16,319,760,859,99,True
17,288,760,871,111,True
18,314,760,871,111,True
21,312,760,859,99,True
22,289,760,871,111,True
24,293,760,871,111,True
26,290,760,871,111,True
27,315,760,871,111,True
29,307,760,871,111,True
30,297,760,871,111,True
32,308,760,859,99,True
33,335,760,871,111,True
34,296,760,859,99,True
35,290,760,859,99,True
42,295,760,859,99,True
44,329,760,871,111,True
45,309,760,859,99,True
47,323,760,859,99,True
48,294,760,871,111,True
51,297,760,832,72,True
54,277,760,832,72,True
56,333,760,903,143,True
64,273,760,832,72,True
66,297,760,859,99,True
67,286,760,903,143,True
69,281,760,903,143,True
71,285,760,903,143,True
72,298,760,903,143,True
73,306,760,832,72,True
76,323,760,903,143,True
77,297,760,903,143,True
80,321,760,832,72,True
82,309,760,903,143,True
83,300,760,903,143,True
85,300,760,832,72,True
88,301,760,903,143,True
92,314,760,903,143,True
97,293,760,832,72,True
98,281,760,832,72,True
99,324,760,903,143,True
0,290,761,859,98,True
3,297,761,859,98,True
4,285,761,859,98,True
6,298,761,859,98,True
9,315,761,871,110,True
10,296,761,859,98,True
13,307,761,859,98,True
16,320,761,859,98,True
17,289,761,871,110,True
19,297,761,859,98,True
22,290,761,871,110,True
23,308,761,859,98,True
24,294,761,871,110,True
26,291,761,930,169,True
27,316,761,871,110,True
29,308,761,871,110,True
30,298,761,871,110,True
32,309,761,859,98,True
33,336,761,871,110,True
36,310,761,859,98,True
37,306,761,859,98,True
40,330,761,859,98,True
41,308,761,859,98,True
42,296,761,859,98,True
43,324,761,859,98,True
44,330,761,871,110,True
47,324,761,859,98,True
49,318,761,859,98,True
50,286,761,903,142,True
54,278,761,832,71,True
55,319,761,832,71,True
56,334,761,903,142,True
62,298,761,859,98,True
63,333,761,903,142,True
64,274,761,832,71,True
69,282,761,903,142,True
70,333,761,832,71,True
72,299,761,903,142,True
73,307,761,832,71,True
74,297,761,903,142,True
75,316,761,903,142,True
77,298,761,903,142,True
79,302,761,903,142,True
80,322,761,832,71,True
81,306,761,903,142,True
82,310,761,903,142,True
84,325,761,832,71,True
87,285,761,903,142,True
97,294,761,832,71,True
99,325,761,903,142,True
0,291,762,859,97,True
4,286,762,859,97,True
6,299,762,859,97,True
7,302,762,871,109,True
8,319,762,859,97,True
9,316,762,871,109,True
13,308,762,859,97,True
18,315,762,871,109,True
19,298,762,859,97,True
22,291,762,871,109,True
23,309,762,859,97,True
24,295,762,871,109,True
29,309,762,871,109,True
31,310,762,871,109,True
33,337,762,871,109,True
38,323,762,859,97,True
40,331,762,859,97,True
43,325,762,859,97,True
46,282,762,871,109,True
48,295,762,871,109,True
50,287,762,903,141,True
51,298,762,832,70,True
54,279,762,832,70,True
56,335,762,903,141,True
57,306,762,903,141,True
58,313,762,832,70,True
59,301,762,832,70,True
60,294,762,832,70,True
64,275,762,832,70,True
65,308,762,903,141,True
66,298,762,859,97,True
67,287,762,903,141,True
68,310,762,832,70,True
73,308,762,832,70,True
74,298,762,903,141,True
77,299,762,903,141,True
80,323,762,832,70,True
81,307,762,903,141,True
83,301,762,903,141,True
84,326,762,832,70,True
85,301,762,832,70,True
86,297,762,903,141,True
91,300,762,903,141,True
92,315,762,903,141,True
94,317,762,832,70,True
99,326,762,903,141,True
1,293,763,871,108,True
4,287,763,859,96,True
5,315,763,871,108,True
6,300,763,859,96,True
7,303,763,871,108,True
9,317,763,871,108,True
10,297,763,871,108,True
14,332,763,859,96,True
18,316,763,871,108,True
24,296,763,871,108,True
33,338,763,871,108,True
37,307,763,859,96,True
38,324,763,859,96,True
39,305,763,871,108,True
41,309,763,859,96,True
43,326,763,859,96,True
48,296,763,871,108,True
49,319,763,859,96,True
50,288,763,903,140,True
52,293,763,832,69,True
53,321,763,903,140,True
55,320,763,832,69,True
56,336,763,903,140,True
57,307,763,903,140,True
60,295,763,832,69,True
62,299,763,859,96,True
68,311,763,832,69,True
74,299,763,903,140,True
76,324,763,903,140,True
79,303,763,903,140,True
81,308,763,903,140,True
82,311,763,903,140,True
85,302,763,832,69,True
87,286,763,903,140,True
89,302,763,903,140,True
92,316,763,903,140,True
94,318,763,832,69,True
95,302,763,903,140,True
98,282,763,832,69,True
0,292,764,859,95,True
8,320,764,859,95,True
9,318,764,871,107,True
10,298,764,871,107,True
11,301,764,871,107,True
12,318,764,859,95,True
18,317,764,871,107,True
21,313,764,859,95,True
22,292,764,871,107,True
25,294,764,859,95,True
30,299,764,871,107,True
33,339,764,871,107,True
35,291,764,859,95,True
40,332,764,859,95,True
42,297,764,859,95,True
44,331,764,871,107,True
45,310,764,859,95,True
52,294,764,832,68,True
53,322,764,903,139,True
57,308,764,903,139,True
59,302,764,832,68,True
62,300,764,859,95,True
64,276,764,832,68,True
65,309,764,903,139,True
73,309,764,832,68,True
76,325,764,903,139,True
78,306,764,832,68,True
82,312,764,903,139,True
83,302,764,903,139,True
85,303,764,832,68,True
87,287,764,903,139,True
88,302,764,903,139,True
89,303,764,903,139,True
92,317,764,903,139,True
94,319,764,903,139,True
95,303,764,903,139,True
5,316,765,871,106,True
6,301,765,859,94,True
9,319,765,871,106,True
11,302,765,871,106,True
13,309,765,859,94,True
15,309,765,859,94,True
16,321,765,859,94,True
18,318,765,871,106,True
20,303,765,871,106,True
21,314,765,859,94,True
25,295,765,859,94,True
30,300,765,871,106,True
31,311,765,871,106,True
32,310,765,859,94,True
33,340,765,871,106,True
39,306,765,871,106,True
42,298,765,859,94,True
45,311,765,859,94,True
49,320,765,859,94,True
51,299,765,832,67,True
54,280,765,832,67,True
55,321,765,832,67,True
60,296,765,832,67,True
62,301,765,859,94,True
64,277,765,832,67,True
65,310,765,903,138,True
67,288,765,903,138,True
68,312,765,832,67,True
72,300,765,903,138,True
75,317,765,903,138,True
76,326,765,903,138,True
77,300,765,903,138,True
79,304,765,903,138,True
83,303,765,903,138,True
85,304,765,832,67,True
87,288,765,919,154,True
93,330,765,903,138,True
94,320,765,903,138,True
97,295,765,832,67,True
99,327,765,903,138,True
0,293,766,859,93,True
2,297,766,871,105,True
4,288,766,871,105,True
11,303,766,871,105,True
13,310,766,859,93,True
15,310,766,859,93,True
17,290,766,871,105,True
19,299,766,859,93,True
25,296,766,859,93,True
26,292,766,930,164,True
28,278,766,871,105,True
30,301,766,871,105,True
31,312,766,871,105,True
37,308,766,871,105,True
38,325,766,859,93,True
39,307,766,871,105,True
40,333,766,859,93,True
41,310,766,859,93,True
42,299,766,859,93,True
47,325,766,859,93,True
50,289,766,903,137,True
53,323,766,903,137,True
57,309,766,903,137,True
61,308,766,903,137,True
63,334,766,903,137,True
65,311,766,903,137,True
67,289,766,903,137,True
69,283,766,903,137,True
71,286,766,903,137,True
74,300,766,903,137,True
77,301,766,903,137,True
85,305,766,832,66,True
86,298,766,903,137,True
88,303,766,903,137,True
89,304,766,903,137,True
93,331,766,903,137,True
94,321,766,903,137,True
96,299,766,903,137,True
97,296,766,832,66,True
99,328,766,903,137,True
0,294,767,859,92,True
1,294,767,871,104,True
3,298,767,859,92,True
6,302,767,859,92,True
8,321,767,859,92,True
9,320,767,871,104,True
15,311,767,859,92,True
17,291,767,871,104,True
19,300,767,859,92,True
20,304,767,871,104,True
22,293,767,871,104,True
25,297,767,859,92,True
28,279,767,871,104,True
30,302,767,871,104,True
31,313,767,871,104,True
33,341,767,871,104,True
34,297,767,859,92,True
40,334,767,859,92,True
44,332,767,871,104,True
53,324,767,903,136,True
55,322,767,832,65,True
58,314,767,832,65,True
61,309,767,903,136,True
63,335,767,903,136,True
67,290,767,903,136,True
72,301,767,903,136,True
73,310,767,859,92,True
76,327,767,903,136,True
79,305,767,903,136,True
81,309,767,903,136,True
84,327,767,832,65,True
85,306,767,832,65,True
86,299,767,903,136,True
90,306,767,903,136,True
92,318,767,903,136,True
93,332,767,903,136,True
96,300,767,903,136,True
98,283,767,832,65,True
1,295,768,871,103,True
3,299,768,859,91,True
4,289,768,871,103,True
6,303,768,859,91,True
7,304,768,871,103,True
12,319,768,859,91,True
13,311,768,859,91,True
15,312,768,859,91,True
17,292,768,871,103,True
18,319,768,871,103,True
21,315,768,859,91,True
24,297,768,871,103,True
25,298,768,859,91,True
26,293,768,930,162,True
27,317,768,871,103,True
28,280,768,871,103,True
32,311,768,859,91,True
34,298,768,859,91,True
35,292,768,859,91,True
38,326,768,859,91,True
42,300,768,859,91,True
43,327,768,930,162,True
44,333,768,871,103,True
50,290,768,903,135,True
57,310,768,903,135,True
58,315,768,832,64,True
59,303,768,903,135,True
60,297,768,832,64,True
63,336,768,903,135,True
65,312,768,903,135,True
67,291,768,903,135,True
72,302,768,903,135,True
74,301,768,903,135,True
76,328,768,903,135,True
77,302,768,903,135,True
83,304,768,903,135,True
85,307,768,832,64,True
93,333,768,903,135,True
94,322,768,903,135,True
95,304,768,903,135,True
96,301,768,903,135,True
6,304,769,859,90,True
9,321,769,871,102,True
11,304,769,871,102,True
12,320,769,859,90,True
13,312,769,859,90,True
14,333,769,859,90,True
19,301,769,859,90,True
21,316,769,859,90,True
24,298,769,871,102,True
25,299,769,859,90,True
36,311,769,871,102,True
37,309,769,871,102,True
39,308,769,871,102,True
42,301,769,859,90,True
43,328,769,930,161,True
45,312,769,859,90,True
47,326,769,859,90,True
49,321,769,859,90,True
55,323,769,832,63,True
56,337,769,903,134,True
58,316,769,832,63,True
62,302,769,859,90,True
65,313,769,903,134,True
67,292,769,903,134,True
71,287,769,903,134,True
72,303,769,903,134,True
77,303,769,903,134,True
79,306,769,903,134,True
80,324,769,832,63,True
82,313,769,903,134,True
87,289,769,919,150,True
91,301,769,903,134,True
92,319,769,903,134,True
93,334,769,903,134,True
94,323,769,903,134,True
97,297,769,832,63,True
1,296,770,871,101,True
4,290,770,871,101,True
5,317,770,930,160,True
6,305,770,871,101,True
8,322,770,859,89,True
11,305,770,871,101,True
14,334,770,930,160,True
17,293,770,871,101,True
18,320,770,871,101,True
21,317,770,859,89,True
25,300,770,859,89,True
26,294,770,930,160,True
27,318,770,871,101,True
28,281,770,871,101,True
32,312,770,859,89,True
34,299,770,859,89,True
35,293,770,859,89,True
39,309,770,871,101,True
43,329,770,930,160,True
47,327,770,859,89,True
48,297,770,871,101,True
53,325,770,903,133,True
57,311,770,903,133,True
64,278,770,832,62,True
66,299,770,859,89,True
72,304,770,903,133,True
76,329,770,903,133,True
77,304,770,903,133,True
80,325,770,832,62,True
81,310,770,903,133,True
82,314,770,903,133,True
83,305,770,903,133,True
84,328,770,832,62,True
88,304,770,903,133,True
92,320,770,903,133,True
94,324,770,903,133,True
96,302,770,903,133,True
97,298,770,832,62,True
99,329,770,903,133,True
2,298,771,871,100,True
3,300,771,859,88,True
7,305,771,871,100,True
9,322,771,930,159,True
11,306,771,871,100,True
12,321,771,859,88,True
14,335,771,930,159,True
15,313,771,859,88,True
21,318,771,859,88,True
31,314,771,871,100,True
32,313,771,859,88,True
34,300,771,859,88,True
35,294,771,859,88,True
37,310,771,871,100,True
39,310,771,871,100,True
42,302,771,859,88,True
44,334,771,871,100,True
45,313,771,859,88,True
47,328,771,859,88,True
48,298,771,871,100,True
50,291,771,903,132,True
53,326,771,903,132,True
55,324,771,903,132,True
58,317,771,832,61,True
59,304,771,903,132,True
60,298,771,832,61,True
66,300,771,859,88,True
68,313,771,903,132,True
69,284,771,903,132,True
77,305,771,903,132,True
79,307,771,903,132,True
81,311,771,903,132,True
82,315,771,903,132,True
84,329,771,832,61,True
85,308,771,832,61,True
89,305,771,903,132,True
91,302,771,903,132,True
92,321,771,903,132,True
96,303,771,903,132,True
97,299,771,832,61,True
2,299,772,871,99,True
3,301,772,859,87,True
7,306,772,871,99,True
10,299,772,871,99,True
13,313,772,859,87,True
17,294,772,871,99,True
19,302,772,871,99,True
21,319,772,859,87,True
22,294,772,871,99,True
23,310,772,859,87,True
26,295,772,930,158,True
27,319,772,871,99,True
28,282,772,871,99,True
31,315,772,871,99,True
32,314,772,859,87,True
34,301,772,859,87,True
38,327,772,859,87,True
39,311,772,871,99,True
43,330,772,930,158,True
44,335,772,871,99,True
46,283,772,871,99,True
47,329,772,859,87,True
49,322,772,859,87,True
50,292,772,903,131,True
51,300,772,832,60,True
52,295,772,832,60,True
56,338,772,903,131,True
57,312,772,903,131,True
58,318,772,832,60,True
59,305,772,903,131,True
60,299,772,832,60,True
62,303,772,859,87,True
63,337,772,903,131,True
65,314,772,903,131,True
67,293,772,903,131,True
70,334,772,832,60,True
71,288,772,903,131,True
72,305,772,903,131,True
75,318,772,903,131,True
80,326,772,832,60,True
81,312,772,903,131,True
83,306,772,903,131,True
84,330,772,832,60,True
87,290,772,919,147,True
88,305,772,903,131,True
89,306,772,903,131,True
90,307,772,903,131,True
91,303,772,903,131,True
97,300,772,832,60,True
98,284,772,832,60,True
0,295,773,859,86,True
2,300,773,871,98,True
4,291,773,871,98,True
7,307,773,871,98,True
8,323,773,859,86,True
9,323,773,930,157,True
10,300,773,871,98,True
12,322,773,859,86,True
15,314,773,859,86,True
16,322,773,859,86,True
18,321,773,930,157,True
19,303,773,871,98,True
22,295,773,930,157,True
24,299,773,871,98,True
27,320,773,871,98,True
34,302,773,859,86,True
35,295,773,859,86,True
40,335,773,859,86,True
47,330,773,859,86,True
48,299,773,871,98,True
50,293,773,903,130,True
51,301,773,832,59,True
52,296,773,832,59,True
56,339,773,903,130,True
61,310,773,903,130,True
62,304,773,859,86,True
65,315,773,903,130,True
66,301,773,859,86,True
67,294,773,903,130,True
69,285,773,903,130,True
70,335,773,832,59,True
71,289,773,903,130,True
78,307,773,832,59,True
79,308,773,903,130,True
81,313,773,903,130,True
82,316,773,903,130,True
83,307,773,903,130,True
84,331,773,832,59,True
85,309,773,832,59,True
86,300,773,903,130,True
87,291,773,919,146,True
92,322,773,903,130,True
94,325,773,903,130,True
95,305,773,903,130,True
98,285,773,832,59,True
2,301,774,930,156,True
3,302,774,859,85,True
6,306,774,871,97,True
13,314,774,859,85,True
19,304,774,871,97,True
20,305,774,871,97,True
21,320,774,859,85,True
25,301,774,859,85,True
26,296,774,930,156,True
29,310,774,871,97,True
31,316,774,930,156,True
37,311,774,930,156,True
46,284,774,930,156,True
47,331,774,859,85,True
49,323,774,859,85,True
50,294,774,903,129,True
51,302,774,832,58,True
53,327,774,903,129,True
54,281,774,832,58,True
57,313,774,903,129,True
60,300,774,832,58,True
61,311,774,903,129,True
62,305,774,859,85,True
63,338,774,903,129,True
64,279,774,832,58,True
65,316,774,903,129,True
69,286,774,903,129,True
70,336,774,832,58,True
72,306,774,903,129,True
73,311,774,859,85,True
74,302,774,903,129,True
77,306,774,903,129,True
79,309,774,903,129,True
82,317,774,903,129,True
83,308,774,903,129,True
86,301,774,903,129,True
90,308,774,903,129,True
91,304,774,903,129,True
92,323,774,903,129,True
93,335,774,903,129,True
96,304,774,903,129,True
98,286,774,832,58,True
1,297,775,871,96,True
2,302,775,930,155,True
3,303,775,859,84,True
8,324,775,859,84,True
11,307,775,871,96,True
12,323,775,859,84,True
14,336,775,930,155,True
15,315,775,859,84,True
17,295,775,871,96,True
20,306,775,871,96,True
23,311,775,859,84,True
24,300,775,871,96,True
26,297,775,930,155,True
27,321,775,871,96,True
32,315,775,859,84,True
33,342,775,930,155,True
34,303,775,871,96,True
36,312,775,871,96,True
39,312,775,871,96,True
41,311,775,859,84,True
42,303,775,859,84,True
44,336,775,871,96,True
45,314,775,859,84,True
48,300,775,871,96,True
49,324,775,859,84,True
50,295,775,903,128,True
51,303,775,832,57,True
53,328,775,903,128,True
54,282,775,832,57,True
55,325,775,903,128,True
58,319,775,832,57,True
63,339,775,903,128,True
64,280,775,832,57,True
65,317,775,903,128,True
66,302,775,859,84,True
68,314,775,903,128,True
69,287,775,903,128,True
71,290,775,903,128,True
73,312,775,859,84,True
76,330,775,903,128,True
77,307,775,919,144,True
78,308,775,832,57,True
80,327,775,832,57,True
87,292,775,919,144,True
88,306,775,903,128,True
89,307,775,903,128,True
90,309,775,903,128,True
92,324,775,903,128,True
96,305,775,903,128,True
98,287,775,832,57,True
0,296,776,859,83,True
1,298,776,871,95,True
4,292,776,871,95,True
7,308,776,930,154,True
8,325,776,859,83,True
9,324,776,930,154,True
11,308,776,871,95,True
16,323,776,859,83,True
17,296,776,871,95,True
24,301,776,871,95,True
27,322,776,871,95,True
29,311,776,871,95,True
34,304,776,871,95,True
37,312,776,930,154,True
40,336,776,859,83,True
41,312,776,859,83,True
47,332,776,859,83,True
48,301,776,871,95,True
49,325,776,859,83,True
50,296,776,903,127,True
52,297,776,832,56,True
54,283,776,832,56,True
56,340,776,903,127,True
57,314,776,903,127,True
60,301,776,832,56,True
61,312,776,903,127,True
65,318,776,903,127,True
66,303,776,859,83,True
67,295,776,903,127,True
75,319,776,903,127,True
76,331,776,903,127,True
77,308,776,919,143,True
83,309,776,903,127,True
84,332,776,859,83,True
85,310,776,832,56,True
86,302,776,903,127,True
88,307,776,903,127,True
91,305,776,903,127,True
92,325,776,903,127,True
95,306,776,903,127,True
98,288,776,832,56,True
99,330,776,903,127,True
0,297,777,859,82,True
2,303,777,930,153,True
4,293,777,871,94,True
5,318,777,930,153,True
6,307,777,930,153,True
7,309,777,930,153,True
9,325,777,930,153,True
10,301,777,871,94,True
16,324,777,859,82,True
21,321,777,859,82,True
22,296,777,930,153,True
23,312,777,859,82,True
27,323,777,930,153,True
29,312,777,871,94,True
31,317,777,930,153,True
32,316,777,859,82,True
34,305,777,930,153,True
39,313,777,871,94,True
46,285,777,930,153,True
47,333,777,859,82,True
48,302,777,871,94,True
51,304,777,832,55,True
52,298,777,859,82,True
53,329,777,903,126,True
54,284,777,832,55,True
56,341,777,903,126,True
57,315,777,903,126,True
58,320,777,832,55,True
68,315,777,903,126,True
69,288,777,903,126,True
70,337,777,832,55,True
71,291,777,903,126,True
72,307,777,903,126,True
75,320,777,903,126,True
76,332,777,903,126,True
77,309,777,919,142,True
78,309,777,832,55,True
80,328,777,832,55,True
88,308,777,903,126,True
93,336,777,903,126,True
95,307,777,903,126,True
97,301,777,832,55,True
98,289,777,832,55,True
1,299,778,871,93,True
10,302,778,871,93,True
11,309,778,871,93,True
12,324,778,859,81,True
13,315,778,930,152,True
14,337,778,930,152,True
17,297,778,871,93,True
18,322,778,930,152,True
19,305,778,871,93,True
22,297,778,930,152,True
23,313,778,859,81,True
28,283,778,871,93,True
29,313,778,871,93,True
30,303,778,871,93,True
32,317,778,859,81,True
34,306,778,930,152,True
36,313,778,871,93,True
37,313,778,930,152,True
38,328,778,859,81,True
40,337,778,859,81,True
43,331,778,930,152,True
45,315,778,859,81,True
46,286,778,930,152,True
48,303,778,871,93,True
51,305,778,903,125,True
55,326,778,903,125,True
56,342,778,903,125,True
63,340,778,903,125,True
66,304,778,859,81,True
68,316,778,903,125,True
71,292,778,903,125,True
72,308,778,903,125,True
73,313,778,859,81,True
77,310,778,919,141,True
78,310,778,832,54,True
83,310,778,903,125,True
90,310,778,903,125,True
91,306,778,903,125,True
93,337,778,903,125,True
95,308,778,903,125,True
96,306,778,903,125,True
97,302,778,832,54,True
0,298,779,859,80,True
1,300,779,871,92,True
3,304,779,859,80,True
4,294,779,871,92,True
5,319,779,930,151,True
6,308,779,930,151,True
8,326,779,859,80,True
9,326,779,930,151,True
10,303,779,871,92,True
12,325,779,859,80,True
13,316,779,930,151,True
14,338,779,930,151,True
15,316,779,859,80,True
19,306,779,930,151,True
20,307,779,871,92,True
21,322,779,859,80,True
24,302,779,871,92,True
26,298,779,930,151,True
28,284,779,871,92,True
31,318,779,930,151,True
35,296,779,859,80,True
40,338,779,859,80,True
41,313,779,859,80,True
43,332,779,930,151,True
46,287,779,930,151,True
49,326,779,859,80,True
50,297,779,903,124,True
51,306,779,903,124,True
54,285,779,832,53,True
57,316,779,903,124,True
60,302,779,832,53,True
63,341,779,903,124,True
67,296,779,903,124,True
68,317,779,903,124,True
70,338,779,832,53,True
72,309,779,903,124,True
73,314,779,859,80,True
74,303,779,903,124,True
77,311,779,919,140,True
78,311,779,832,53,True
79,310,779,903,124,True
83,311,779,903,124,True
85,311,779,832,53,True
86,303,779,903,124,True
94,326,779,903,124,True
95,309,779,903,124,True
96,307,779,903,124,True
98,290,779,832,53,True
99,331,779,903,124,True
0,299,780,859,79,True
2,304,780,930,150,True
7,310,780,930,150,True
11,310,780,871,91,True
17,298,780,871,91,True
18,323,780,930,150,True
19,307,780,930,150,True
22,298,780,930,150,True
26,299,780,930,150,True
29,314,780,871,91,True
33,343,780,930,150,True
35,297,780,859,79,True
36,314,780,871,91,True
40,339,780,859,79,True
43,333,780,930,150,True
44,337,780,930,150,True
45,316,780,859,79,True
48,304,780,871,91,True
50,298,780,903,123,True
52,299,780,859,79,True
53,330,780,903,123,True
60,303,780,903,123,True
64,281,780,832,52,True
65,319,780,903,123,True
67,297,780,903,123,True
68,318,780,903,123,True
69,289,780,903,123,True
71,293,780,903,123,True
77,312,780,919,139,True
78,312,780,832,52,True
81,314,780,903,123,True
83,312,780,903,123,True
84,333,780,859,79,True
85,312,780,832,52,True
86,304,780,903,123,True
92,326,780,903,123,True
0,300,781,859,78,True
1,301,781,930,149,True
2,305,781,930,149,True
4,295,781,871,90,True
5,320,781,930,149,True
8,327,781,859,78,True
9,327,781,930,149,True
17,299,781,930,149,True
22,299,781,930,149,True
23,314,781,859,78,True
24,303,781,871,90,True
34,307,781,930,149,True
41,314,781,859,78,True
42,304,781,930,149,True
43,334,781,930,149,True
44,338,781,930,149,True
46,288,781,930,149,True
58,321,781,832,51,True
61,313,781,903,122,True
62,306,781,859,78,True
63,342,781,903,122,True
65,320,781,903,122,True
66,305,781,859,78,True
67,298,781,903,122,True
68,319,781,903,122,True
71,294,781,903,122,True
75,321,781,903,122,True
83,313,781,903,122,True
84,334,781,859,78,True
85,313,781,832,51,True
87,293,781,919,138,True
89,308,781,903,122,True
93,338,781,903,122,True
94,327,781,903,122,True
99,332,781,903,122,True
0,301,782,859,77,True
2,306,782,930,148,True
3,305,782,859,77,True
8,328,782,859,77,True
10,304,782,871,89,True
15,317,782,859,77,True
16,325,782,859,77,True
18,324,782,930,148,True
19,308,782,930,148,True
23,315,782,859,77,True
24,304,782,930,148,True
30,304,782,930,148,True
35,298,782,859,77,True
36,315,782,871,89,True
41,315,782,859,77,True
44,339,782,930,148,True
46,289,782,930,148,True
48,305,782,930,148,True
49,327,782,871,89,True
51,307,782,903,121,True
54,286,782,832,50,True
56,343,782,903,121,True
57,317,782,903,121,True
64,282,782,832,50,True
65,321,782,903,121,True
70,339,782,903,121,True
71,295,782,903,121,True
72,310,782,903,121,True
75,322,782,903,121,True
91,307,782,903,121,True
96,308,782,903,121,True
97,303,782,832,50,True
98,291,782,903,121,True
1,302,783,930,147,True
4,296,783,871,88,True
8,329,783,859,76,True
9,328,783,930,147,True
10,305,783,871,88,True
14,339,783,930,147,True
15,318,783,859,76,True
17,300,783,930,147,True
21,323,783,859,76,True
22,300,783,930,147,True
23,316,783,859,76,True
25,302,783,930,147,True
26,300,783,930,147,True
27,324,783,930,147,True
37,314,783,930,147,True
45,317,783,859,76,True
46,290,783,930,147,True
51,308,783,903,120,True
53,331,783,903,120,True
55,327,783,903,120,True
59,306,783,903,120,True
64,283,783,832,49,True
67,299,783,903,120,True
68,320,783,903,120,True
74,304,783,903,120,True
75,323,783,903,120,True
78,313,783,903,120,True
82,318,783,903,120,True
84,335,783,859,76,True
85,314,783,832,49,True
86,305,783,903,120,True
87,294,783,919,136,True
90,311,783,903,120,True
93,339,783,903,120,True
94,328,783,903,120,True
95,310,783,903,120,True
97,304,783,903,120,True
98,292,783,903,120,True
99,333,783,903,120,True
0,302,784,859,75,True
2,307,784,930,146,True
5,321,784,930,146,True
14,340,784,930,146,True
18,325,784,930,146,True
20,308,784,871,87,True
21,324,784,859,75,True
23,317,784,859,75,True
25,303,784,930,146,True
28,285,784,930,146,True
29,315,784,871,87,True
30,305,784,930,146,True
31,319,784,930,146,True
35,299,784,859,75,True
38,329,784,859,75,True
40,340,784,859,75,True
41,316,784,859,75,True
44,340,784,930,146,True
46,291,784,930,146,True
47,334,784,859,75,True
48,306,784,930,146,True
49,328,784,871,87,True
50,299,784,903,119,True
52,300,784,903,119,True
53,332,784,903,119,True
55,328,784,903,119,True
56,344,784,903,119,True
59,307,784,903,119,True
60,304,784,903,119,True
62,307,784,859,75,True
63,343,784,903,119,True
66,306,784,859,75,True
74,305,784,903,119,True
75,324,784,903,119,True
77,313,784,919,135,True
81,315,784,903,119,True
84,336,784,859,75,True
85,315,784,832,48,True
87,295,784,919,135,True
88,309,784,903,119,True
90,312,784,903,119,True
94,329,784,903,119,True
97,305,784,903,119,True
98,293,784,903,119,True
99,334,784,903,119,True
1,303,785,930,145,True
2,308,785,930,145,True
3,306,785,859,74,True
4,297,785,871,86,True
12,326,785,859,74,True
16,326,785,930,145,True
18,326,785,930,145,True
20,309,785,871,86,True
23,318,785,859,74,True
24,305,785,930,145,True
27,325,785,930,145,True
30,306,785,930,145,True
31,320,785,930,145,True
32,318,785,859,74,True
34,308,785,930,145,True
36,316,785,871,86,True
38,330,785,859,74,True
44,341,785,930,145,True
46,292,785,930,145,True
47,335,785,859,74,True
53,333,785,903,118,True
54,287,785,832,47,True
57,318,785,903,118,True
62,308,785,859,74,True
63,344,785,903,118,True
67,300,785,903,118,True
70,340,785,903,118,True
77,314,785,919,134,True
79,311,785,903,118,True
80,329,785,832,47,True
81,316,785,903,118,True
83,314,785,903,118,True
84,337,785,859,74,True
90,313,785,903,118,True
94,330,785,903,118,True
96,309,785,903,118,True
0,303,786,871,85,True
4,298,786,871,85,True
5,322,786,930,144,True
9,329,786,930,144,True
12,327,786,859,73,True
14,341,786,930,144,True
15,319,786,859,73,True
16,327,786,930,144,True
17,301,786,930,144,True
18,327,786,930,144,True
19,309,786,930,144,True
26,301,786,930,144,True
27,326,786,930,144,True
28,286,786,930,144,True
30,307,786,930,144,True
32,319,786,859,73,True
33,344,786,930,144,True
40,341,786,859,73,True
42,305,786,930,144,True
45,318,786,859,73,True
46,293,786,930,144,True
48,307,786,930,144,True
49,329,786,871,85,True
54,288,786,832,46,True
57,319,786,903,117,True
60,305,786,903,117,True
61,314,786,903,117,True
67,301,786,903,117,True
70,341,786,903,117,True
71,296,786,903,117,True
74,306,786,903,117,True
75,325,786,903,117,True
77,315,786,919,133,True
79,312,786,903,117,True
82,319,786,903,117,True
84,338,786,859,73,True
85,316,786,903,117,True
86,306,786,903,117,True
90,314,786,903,117,True
93,340,786,903,117,True
94,331,786,903,117,True
95,311,786,903,117,True
96,310,786,903,117,True
98,294,786,903,117,True
3,307,787,859,72,True
5,323,787,930,143,True
8,330,787,930,143,True
9,330,787,930,143,True
11,311,787,930,143,True
12,328,787,859,72,True
20,310,787,871,84,True
23,319,787,859,72,True
25,304,787,930,143,True
28,287,787,930,143,True
29,316,787,930,143,True
30,308,787,930,143,True
31,321,787,930,143,True
38,331,787,859,72,True
39,314,787,930,143,True
40,342,787,859,72,True
43,335,787,930,143,True
46,294,787,930,143,True
47,336,787,859,72,True
50,300,787,903,116,True
53,334,787,903,116,True
55,329,787,903,116,True
56,345,787,903,116,True
58,322,787,832,45,True
61,315,787,903,116,True
62,309,787,859,72,True
64,284,787,832,45,True
67,302,787,903,116,True
68,321,787,903,116,True
70,342,787,903,116,True
78,314,787,903,116,True
80,330,787,903,116,True
88,310,787,903,116,True
89,309,787,919,132,True
90,315,787,903,116,True
93,341,787,903,116,True
97,306,787,903,116,True
98,295,787,903,116,True
0,304,788,871,83,True
4,299,788,871,83,True
6,309,788,930,142,True
12,329,788,859,71,True
13,317,788,930,142,True
14,342,788,930,142,True
16,328,788,930,142,True
17,302,788,930,142,True
18,328,788,930,142,True
25,305,788,930,142,True
32,320,788,859,71,True
33,345,788,930,142,True
36,317,788,871,83,True
37,315,788,930,142,True
43,336,788,930,142,True
47,337,788,859,71,True
48,308,788,930,142,True
50,301,788,903,115,True
51,309,788,903,115,True
57,320,788,903,115,True
60,306,788,903,115,True
62,310,788,859,71,True
67,303,788,903,115,True
69,290,788,903,115,True
70,343,788,903,115,True
71,297,788,903,115,True
72,311,788,903,115,True
73,315,788,903,115,True
78,315,788,903,115,True
84,339,788,859,71,True
85,317,788,903,115,True
89,310,788,919,131,True
92,327,788,903,115,True
93,342,788,903,115,True
95,312,788,903,115,True
96,311,788,903,115,True
98,296,788,903,115,True
2,309,789,930,141,True
3,308,789,859,70,True
5,324,789,930,141,True
10,306,789,871,82,True
12,330,789,859,70,True
13,318,789,930,141,True
15,320,789,859,70,True
20,311,789,871,82,True
25,306,789,930,141,True
26,302,789,930,141,True
29,317,789,930,141,True
31,322,789,930,141,True
34,309,789,930,141,True
35,300,789,859,70,True
38,332,789,859,70,True
41,317,789,871,82,True
45,319,789,859,70,True
46,295,789,930,141,True
47,338,789,859,70,True
49,330,789,871,82,True
52,301,789,903,114,True
53,335,789,903,114,True
57,321,789,903,114,True
58,323,789,903,114,True
60,307,789,903,114,True
61,316,789,903,114,True
62,311,789,859,70,True
65,322,789,903,114,True
69,291,789,903,114,True
71,298,789,903,114,True
72,312,789,903,114,True
75,326,789,903,114,True
77,316,789,919,130,True
78,316,789,903,114,True
81,317,789,903,114,True
82,320,789,903,114,True
84,340,789,859,70,True
88,311,789,903,114,True
92,328,789,903,114,True
93,343,789,903,114,True
1,304,790,930,140,True
2,310,790,930,140,True
5,325,790,930,140,True
7,311,790,930,140,True
9,331,790,930,140,True
11,312,790,930,140,True
24,306,790,930,140,True
28,288,790,930,140,True
30,309,790,930,140,True
39,315,790,930,140,True
42,306,790,930,140,True
43,337,790,930,140,True
45,320,790,871,81,True
46,296,790,930,140,True
49,331,790,871,81,True
50,302,790,903,113,True
52,302,790,903,113,True
56,346,790,903,113,True
59,308,790,903,113,True
61,317,790,903,113,True
64,285,790,903,113,True
66,307,790,859,69,True
68,322,790,903,113,True
69,292,790,903,113,True
74,307,790,903,113,True
79,313,790,903,113,True
80,331,790,903,113,True
84,341,790,859,69,True
85,318,790,903,113,True
86,307,790,903,113,True
91,308,790,903,113,True
93,344,790,903,113,True
95,313,790,903,113,True
97,307,790,903,113,True
0,305,791,871,80,True
1,305,791,930,139,True
2,311,791,930,139,True
3,309,791,859,68,True
5,326,791,930,139,True
7,312,791,930,139,True
8,331,791,930,139,True
12,331,791,859,68,True
15,321,791,871,80,True
21,325,791,859,68,True
22,301,791,930,139,True
27,327,791,930,139,True
30,310,791,930,139,True
32,321,791,930,139,True
36,318,791,871,80,True
37,316,791,930,139,True
39,316,791,930,139,True
44,342,791,930,139,True
45,321,791,871,80,True
47,339,791,859,68,True
48,309,791,930,139,True
50,303,791,903,112,True
61,318,791,903,112,True
62,312,791,859,68,True
64,286,791,903,112,True
73,316,791,903,112,True
74,308,791,903,112,True
75,327,791,903,112,True
76,333,791,903,112,True
88,312,791,903,112,True
91,309,791,903,112,True
92,329,791,903,112,True
93,345,791,903,112,True
94,332,791,903,112,True
95,314,791,903,112,True
97,308,791,903,112,True
99,335,791,903,112,True
0,306,792,871,79,True
1,306,792,930,138,True
2,312,792,930,138,True
3,310,792,859,67,True
4,300,792,930,138,True
6,310,792,930,138,True
7,313,792,930,138,True
8,332,792,930,138,True
12,332,792,871,79,True
17,303,792,930,138,True
18,329,792,930,138,True
22,302,792,930,138,True
26,303,792,930,138,True
27,328,792,930,138,True
28,289,792,930,138,True
29,318,792,930,138,True
30,311,792,930,138,True
31,323,792,930,138,True
32,322,792,930,138,True
35,301,792,859,67,True
40,343,792,871,79,True
43,338,792,930,138,True
46,297,792,930,138,True
47,340,792,930,138,True
49,332,792,871,79,True
51,310,792,903,111,True
58,324,792,903,111,True
63,345,792,903,111,True
66,308,792,859,67,True
69,293,792,903,111,True
71,299,792,903,111,True
75,328,792,903,111,True
76,334,792,903,111,True
79,314,792,903,111,True
80,332,792,903,111,True
83,315,792,903,111,True
88,313,792,903,111,True
89,311,792,919,127,True
93,346,792,903,111,True
94,333,792,903,111,True
95,315,792,903,111,True
97,309,792,903,111,True
98,297,792,903,111,True
6,311,793,930,137,True
18,330,793,930,137,True
22,303,793,930,137,True
26,304,793,930,137,True
37,317,793,930,137,True
39,317,793,930,137,True
49,333,793,871,78,True
51,311,793,903,110,True
53,336,793,903,110,True
56,347,793,903,110,True
57,322,793,903,110,True
60,308,793,903,110,True
61,319,793,903,110,True
69,294,793,903,110,True
70,344,793,903,110,True
72,313,793,903,110,True
73,317,793,903,110,True
76,335,793,919,126,True
78,317,793,903,110,True
79,315,793,903,110,True
83,316,793,903,110,True
85,319,793,903,110,True
88,314,793,903,110,True
89,312,793,919,126,True
90,316,793,903,110,True
92,330,793,903,110,True
93,347,793,903,110,True
94,334,793,903,110,True
95,316,793,903,110,True
97,310,793,903,110,True
98,298,793,903,110,True
0,307,794,930,136,True
3,311,794,930,136,True
4,301,794,930,136,True
6,312,794,930,136,True
9,332,794,930,136,True
12,333,794,871,77,True
14,343,794,930,136,True
15,322,794,930,136,True
19,310,794,930,136,True
27,329,794,930,136,True
29,319,794,930,136,True
33,346,794,930,136,True
34,310,794,930,136,True
35,302,794,871,77,True
36,319,794,871,77,True
39,318,794,930,136,True
41,318,794,871,77,True
42,307,794,930,136,True
43,339,794,930,136,True
44,343,794,930,136,True
45,322,794,871,77,True
46,298,794,930,136,True
48,310,794,930,136,True
50,304,794,903,109,True
55,330,794,903,109,True
57,323,794,903,109,True
58,325,794,903,109,True
62,313,794,859,65,True
64,287,794,903,109,True
65,323,794,903,109,True
67,304,794,903,109,True
71,300,794,903,109,True
73,318,794,903,109,True
75,329,794,903,109,True
76,336,794,919,125,True
81,318,794,903,109,True
82,321,794,903,109,True
84,342,794,903,109,True
86,308,794,903,109,True
88,315,794,903,109,True
90,317,794,903,109,True
91,310,794,903,109,True
92,331,794,903,109,True
99,336,794,903,109,True
6,313,795,930,135,True
7,314,795,930,135,True
9,333,795,930,135,True
12,334,795,871,76,True
13,319,795,930,135,True
14,344,795,930,135,True
16,329,795,930,135,True
17,304,795,930,135,True
18,331,795,930,135,True
24,307,795,930,135,True
25,307,795,930,135,True
27,330,795,930,135,True
28,290,795,930,135,True
34,311,795,930,135,True
36,320,795,871,76,True
37,318,795,930,135,True
47,341,795,930,135,True
48,311,795,930,135,True
49,334,795,930,135,True
50,305,795,903,108,True
52,303,795,903,108,True
53,337,795,903,108,True
57,324,795,903,108,True
59,309,795,903,108,True
60,309,795,903,108,True
61,320,795,903,108,True
62,314,795,859,64,True
63,346,795,903,108,True
67,305,795,903,108,True
70,345,795,903,108,True
71,301,795,919,124,True
72,314,795,903,108,True
73,319,795,903,108,True
74,309,795,903,108,True
75,330,795,903,108,True
76,337,795,919,124,True
81,319,795,903,108,True
82,322,795,903,108,True
83,317,795,903,108,True
85,320,795,903,108,True
86,309,795,903,108,True
87,296,795,919,124,True
90,318,795,903,108,True
92,332,795,903,108,True
93,348,795,903,108,True
94,335,795,903,108,True
96,312,795,903,108,True
97,311,795,903,108,True
99,337,795,903,108,True
0,308,796,930,134,True
5,327,796,930,134,True
6,314,796,930,134,True
7,315,796,930,134,True
8,333,796,930,134,True
10,307,796,930,134,True
11,313,796,930,134,True
12,335,796,871,75,True
15,323,796,930,134,True
16,330,796,930,134,True
23,320,796,930,134,True
25,308,796,930,134,True
26,305,796,935,139,True
28,291,796,930,134,True
35,303,796,871,75,True
43,340,796,930,134,True
48,312,796,930,134,True
49,335,796,930,134,True
50,306,796,903,107,True
53,338,796,903,107,True
55,331,796,903,107,True
56,348,796,903,107,True
60,310,796,903,107,True
61,321,796,919,123,True
64,288,796,903,107,True
65,324,796,903,107,True
69,295,796,903,107,True
71,302,796,919,123,True
72,315,796,903,107,True
73,320,796,903,107,True
76,338,796,919,123,True
80,333,796,903,107,True
82,323,796,903,107,True
83,318,796,903,107,True
85,321,796,903,107,True
86,310,796,903,107,True
87,297,796,919,123,True
95,317,796,903,107,True
96,313,796,903,107,True
98,299,796,903,107,True
99,338,796,903,107,True
2,313,797,930,133,True
8,334,797,930,133,True
9,334,797,930,133,True
10,308,797,930,133,True
11,314,797,930,133,True
13,320,797,930,133,True
14,345,797,930,133,True
15,324,797,930,133,True
16,331,797,930,133,True
17,305,797,930,133,True
21,326,797,859,62,True
28,292,797,930,133,True
29,320,797,930,133,True
30,312,797,930,133,True
31,324,797,930,133,True
32,323,797,930,133,True
33,347,797,930,133,True
34,312,797,930,133,True
38,333,797,871,74,True
41,319,797,930,133,True
54,289,797,903,106,True
56,349,797,903,106,True
57,325,797,903,106,True
58,326,797,903,106,True
59,310,797,903,106,True
61,322,797,919,122,True
62,315,797,903,106,True
63,347,797,903,106,True
64,289,797,903,106,True
65,325,797,903,106,True
66,309,797,903,106,True
67,306,797,919,122,True
70,346,797,903,106,True
71,303,797,919,122,True
72,316,797,903,106,True
73,321,797,903,106,True
79,316,797,903,106,True
84,343,797,903,106,True
87,298,797,919,122,True
89,313,797,919,122,True
93,349,797,919,122,True
0,309,798,930,132,True
1,307,798,930,132,True
4,302,798,930,132,True
5,328,798,930,132,True
9,335,798,930,132,True
14,346,798,930,132,True
17,306,798,930,132,True
18,332,798,930,132,True
19,311,798,930,132,True
21,327,798,871,73,True
26,306,798,935,137,True
27,331,798,930,132,True
30,313,798,930,132,True
32,324,798,930,132,True
33,348,798,930,132,True
34,313,798,930,132,True
38,334,798,871,73,True
42,308,798,930,132,True
47,342,798,930,132,True
48,313,798,930,132,True
50,307,798,903,105,True
51,312,798,903,105,True
54,290,798,903,105,True
55,332,798,903,105,True
59,311,798,903,105,True
61,323,798,919,121,True
64,290,798,903,105,True
65,326,798,903,105,True
67,307,798,919,121,True
70,347,798,903,105,True
74,310,798,903,105,True
76,339,798,919,121,True
84,344,798,903,105,True
85,322,798,903,105,True
86,311,798,903,105,True
91,311,798,903,105,True
94,336,798,903,105,True
96,314,798,903,105,True
98,300,798,903,105,True
5,329,799,930,131,True
6,315,799,930,131,True
7,316,799,930,131,True
9,336,799,930,131,True
10,309,799,930,131,True
11,315,799,930,131,True
14,347,799,930,131,True
16,332,799,930,131,True
18,333,799,930,131,True
21,328,799,871,72,True
22,304,799,930,131,True
26,307,799,935,136,True
27,332,799,930,131,True
28,293,799,930,131,True
30,314,799,930,131,True
34,314,799,930,131,True
40,344,799,930,131,True
41,320,799,930,131,True
43,341,799,930,131,True
44,344,799,930,131,True
45,323,799,871,72,True
46,299,799,930,131,True
48,314,799,930,131,True
52,304,799,903,104,True
53,339,799,903,104,True
55,333,799,903,104,True
56,350,799,903,104,True
57,326,799,903,104,True
58,327,799,903,104,True
60,311,799,903,104,True
62,316,799,903,104,True
64,291,799,903,104,True
65,327,799,903,104,True
68,323,799,903,104,True
76,340,799,919,120,True
79,317,799,903,104,True
88,316,799,903,104,True
89,314,799,919,120,True
92,333,799,903,104,True
93,350,799,919,120,True
94,337,799,903,104,True
97,312,799,903,104,True
99,339,799,903,104,True
1,308,800,930,130,True
2,314,800,930,130,True
5,330,800,930,130,True
7,317,800,930,130,True
10,310,800,930,130,True
12,336,800,871,71,True
15,325,800,930,130,True
16,333,800,930,130,True
19,312,800,930,130,True
20,312,800,930,130,True
23,321,800,930,130,True
25,309,800,930,130,True
29,321,800,930,130,True
33,349,800,930,130,True
35,304,800,871,71,True
37,319,800,930,130,True
38,335,800,930,130,True
40,345,800,930,130,True
41,321,800,930,130,True
49,336,800,930,130,True
50,308,800,903,103,True
54,291,800,903,103,True
60,312,800,903,103,True
61,324,800,919,119,True
62,317,800,903,103,True
67,308,800,919,119,True
72,317,800,903,103,True
75,331,800,903,103,True
76,341,800,919,119,True
77,317,800,919,119,True
89,315,800,919,119,True
93,351,800,919,119,True
96,315,800,903,103,True
97,313,800,903,103,True
98,301,800,903,103,True
99,340,800,903,103,True
0,310,801,930,129,True
2,315,801,930,129,True
3,312,801,930,129,True
4,303,801,930,129,True
7,318,801,930,129,True
11,316,801,930,129,True
13,321,801,930,129,True
15,326,801,930,129,True
17,307,801,930,129,True
20,313,801,930,129,True
21,329,801,871,70,True
22,305,801,930,129,True
24,308,801,930,129,True
25,310,801,930,129,True
27,333,801,930,129,True
28,294,801,930,129,True
29,322,801,930,129,True
30,315,801,930,129,True
32,325,801,930,129,True
35,305,801,871,70,True
36,321,801,930,129,True
37,320,801,930,129,True
40,346,801,930,129,True
42,309,801,930,129,True
44,345,801,930,129,True
46,300,801,930,129,True
47,343,801,930,129,True
52,305,801,903,102,True
55,334,801,903,102,True
56,351,801,982,181,True
60,313,801,903,102,True
61,325,801,919,118,True
64,292,801,903,102,True
69,296,801,903,102,True
73,322,801,903,102,True
74,311,801,919,118,True
76,342,801,919,118,True
79,318,801,903,102,True
80,334,801,903,102,True
83,319,801,903,102,True
84,345,801,903,102,True
85,323,801,903,102,True
87,299,801,919,118,True
88,317,801,903,102,True
90,319,801,903,102,True
91,312,801,919,118,True
95,318,801,903,102,True
96,316,801,919,118,True
99,341,801,903,102,True
0,311,802,930,128,True
4,304,802,930,128,True
7,319,802,930,128,True
8,335,802,930,128,True
10,311,802,930,128,True
11,317,802,930,128,True
12,337,802,881,79,True
15,327,802,930,128,True
20,314,802,930,128,True
22,306,802,930,128,True
24,309,802,930,128,True
26,308,802,935,133,True
27,334,802,930,128,True
30,316,802,930,128,True
33,350,802,930,128,True
39,319,802,930,128,True
41,322,802,930,128,True
44,346,802,930,128,True
49,337,802,930,128,True
50,309,802,903,101,True
51,313,802,903,101,True
55,335,802,903,101,True
56,352,802,982,180,True
57,327,802,903,101,True
66,310,802,903,101,True
67,309,802,919,117,True
69,297,802,903,101,True
70,348,802,903,101,True
71,304,802,919,117,True
76,343,802,919,117,True
77,318,802,919,117,True
79,319,802,903,101,True
84,346,802,903,101,True
88,318,802,903,101,True
89,316,802,919,117,True
90,320,802,903,101,True
91,313,802,919,117,True
94,338,802,903,101,True
2,316,803,930,127,True
5,331,803,930,127,True
7,320,803,930,127,True
8,336,803,930,127,True
9,337,803,935,132,True
15,328,803,930,127,True
16,334,803,930,127,True
19,313,803,930,127,True
21,330,803,881,78,True
27,335,803,930,127,True
30,317,803,930,127,True
36,322,803,930,127,True
38,336,803,930,127,True
39,320,803,930,127,True
41,323,803,930,127,True
42,310,803,930,127,True
45,324,803,881,78,True
46,301,803,930,127,True
47,344,803,930,127,True
48,315,803,930,127,True
49,338,803,930,127,True
51,314,803,903,100,True
52,306,803,903,100,True
53,340,803,903,100,True
54,292,803,903,100,True
55,336,803,903,100,True
59,312,803,903,100,True
64,293,803,903,100,True
66,311,803,903,100,True
68,324,803,903,100,True
71,305,803,919,116,True
73,323,803,903,100,True
75,332,803,919,116,True
76,344,803,919,116,True
77,319,803,919,116,True
79,320,803,903,100,True
80,335,803,903,100,True
82,324,803,903,100,True
87,300,803,919,116,True
92,334,803,903,100,True
97,314,803,903,100,True
98,302,803,903,100,True
99,342,803,903,100,True
0,312,804,930,126,True
6,316,804,930,126,True
9,338,804,935,131,True
10,312,804,930,126,True
11,318,804,930,126,True
12,338,804,881,77,True
16,335,804,930,126,True
20,315,804,930,126,True
22,307,804,930,126,True
26,309,804,935,131,True
29,323,804,930,126,True
30,318,804,930,126,True
31,325,804,930,126,True
32,326,804,930,126,True
33,351,804,930,126,True
37,321,804,930,126,True
38,337,804,930,126,True
42,311,804,930,126,True
45,325,804,881,77,True
48,316,804,930,126,True
49,339,804,930,126,True
52,307,804,903,99,True
55,337,804,903,99,True
57,328,804,919,115,True
58,328,804,903,99,True
59,313,804,903,99,True
66,312,804,903,99,True
69,298,804,903,99,True
79,321,804,903,99,True
80,336,804,903,99,True
81,320,804,903,99,True
85,324,804,903,99,True
90,321,804,903,99,True
92,335,804,903,99,True
93,352,804,919,115,True
95,319,804,903,99,True
97,315,804,903,99,True
98,303,804,903,99,True
2,317,805,930,125,True
3,313,805,930,125,True
4,305,805,930,125,True
5,332,805,930,125,True
6,317,805,930,125,True
7,321,805,930,125,True
8,337,805,930,125,True
9,339,805,935,130,True
11,319,805,930,125,True
12,339,805,881,76,True
15,329,805,930,125,True
19,314,805,930,125,True
22,308,805,930,125,True
23,322,805,930,125,True
26,310,805,935,130,True
28,295,805,930,125,True
31,326,805,930,125,True
37,322,805,930,125,True
39,321,805,930,125,True
42,312,805,930,125,True
43,342,805,930,125,True
49,340,805,930,125,True
63,348,805,903,98,True
66,313,805,903,98,True
69,299,805,903,98,True
76,345,805,919,114,True
78,318,805,903,98,True
80,337,805,903,98,True
81,321,805,903,98,True
85,325,805,903,98,True
86,312,805,919,114,True
89,317,805,919,114,True
91,314,805,919,114,True
93,353,805,919,114,True
98,304,805,903,98,True
0,313,806,930,124,True
3,314,806,930,124,True
4,306,806,930,124,True
6,318,806,930,124,True
7,322,806,930,124,True
10,313,806,930,124,True
11,320,806,930,124,True
14,348,806,930,124,True
15,330,806,930,124,True
18,334,806,930,124,True
19,315,806,930,124,True
20,316,806,930,124,True
21,331,806,881,75,True
29,324,806,930,124,True
32,327,806,930,124,True
42,313,806,930,124,True
45,326,806,881,75,True
46,302,806,930,124,True
48,317,806,930,124,True
49,341,806,930,124,True
52,308,806,903,97,True
54,293,806,903,97,True
56,353,806,982,176,True
57,329,806,919,113,True
59,314,806,903,97,True
60,314,806,903,97,True
62,318,806,903,97,True
63,349,806,903,97,True
65,328,806,919,113,True
66,314,806,903,97,True
67,310,806,919,113,True
69,300,806,903,97,True
70,349,806,903,97,True
71,306,806,919,113,True
74,312,806,919,113,True
76,346,806,919,113,True
77,320,806,919,113,True
79,322,806,903,97,True
80,338,806,903,97,True
82,325,806,903,97,True
83,320,806,919,113,True
84,347,806,903,97,True
89,318,806,919,113,True
90,322,806,903,97,True
92,336,806,903,97,True
93,354,806,919,113,True
94,339,806,919,113,True
96,317,806,919,113,True
97,316,806,903,97,True
3,315,807,930,123,True
6,319,807,930,123,True
7,323,807,930,123,True
8,338,807,930,123,True
18,335,807,930,123,True
21,332,807,881,74,True
22,309,807,930,123,True
25,311,807,930,123,True
26,311,807,935,128,True
27,336,807,935,128,True
30,319,807,930,123,True
31,327,807,930,123,True
32,328,807,930,123,True
33,352,807,930,123,True
36,323,807,930,123,True
40,347,807,930,123,True
41,324,807,930,123,True
42,314,807,930,123,True
44,347,807,930,123,True
45,327,807,881,74,True
46,303,807,930,123,True
48,318,807,930,123,True
51,315,807,903,96,True
52,309,807,903,96,True
53,341,807,919,112,True
54,294,807,903,96,True
57,330,807,919,112,True
60,315,807,903,96,True
61,326,807,919,112,True
66,315,807,903,96,True
74,313,807,919,112,True
77,321,807,919,112,True
81,322,807,919,112,True
84,348,807,903,96,True
90,323,807,903,96,True
92,337,807,903,96,True
93,355,807,919,112,True
94,340,807,919,112,True
96,318,807,919,112,True
97,317,807,903,96,True
98,305,807,903,96,True
0,314,808,930,122,True
1,309,808,930,122,True
2,318,808,935,127,True
4,307,808,930,122,True
5,333,808,930,122,True
7,324,808,930,122,True
9,340,808,935,127,True
20,317,808,930,122,True
25,312,808,930,122,True
26,312,808,935,127,True
27,337,808,935,127,True
33,353,808,930,122,True
36,324,808,930,122,True
38,338,808,930,122,True
39,322,808,930,122,True
40,348,808,930,122,True
41,325,808,930,122,True
42,315,808,930,122,True
44,348,808,930,122,True
45,328,808,930,122,True
46,304,808,930,122,True
47,345,808,930,122,True
48,319,808,930,122,True
52,310,808,903,95,True
56,354,808,982,174,True
57,331,808,919,111,True
59,315,808,903,95,True
62,319,808,903,95,True
67,311,808,919,111,True
70,350,808,903,95,True
72,318,808,903,95,True
74,314,808,919,111,True
75,333,808,982,174,True
76,347,808,919,111,True
78,319,808,903,95,True
82,326,808,903,95,True
85,326,808,903,95,True
86,313,808,919,111,True
87,301,808,919,111,True
90,324,808,903,95,True
92,338,808,919,111,True
95,320,808,919,111,True
98,306,808,903,95,True
2,319,809,935,126,True
5,334,809,930,121,True
10,314,809,930,121,True
12,340,809,930,121,True
15,331,809,930,121,True
17,308,809,935,126,True
18,336,809,930,121,True
19,316,809,930,121,True
23,323,809,930,121,True
25,313,809,930,121,True
26,313,809,935,126,True
29,325,809,930,121,True
32,329,809,930,121,True
33,354,809,930,121,True
34,315,809,930,121,True
41,326,809,930,121,True
47,346,809,930,121,True
51,316,809,903,94,True
52,311,809,903,94,True
53,342,809,919,110,True
54,295,809,903,94,True
55,338,809,903,94,True
60,316,809,903,94,True
62,320,809,903,94,True
70,351,809,903,94,True
72,319,809,903,94,True
76,348,809,919,110,True
77,322,809,919,110,True
80,339,809,903,94,True
85,327,809,903,94,True
86,314,809,919,110,True
89,319,809,919,110,True
92,339,809,919,110,True
95,321,809,919,110,True
97,318,809,903,94,True
99,343,809,919,110,True
3,316,810,930,120,True
5,335,810,930,120,True
6,320,810,930,120,True
8,339,810,930,120,True
10,315,810,930,120,True
12,341,810,930,120,True
15,332,810,930,120,True
17,309,810,935,125,True
22,310,810,930,120,True
23,324,810,930,120,True
24,310,810,930,120,True
33,355,810,930,120,True
41,327,810,930,120,True
42,316,810,930,120,True
46,305,810,930,120,True
48,320,810,930,120,True
51,317,810,903,93,True
54,296,810,903,93,True
56,355,810,982,172,True
57,332,810,919,109,True
61,327,810,919,109,True
63,350,810,903,93,True
69,301,810,903,93,True
71,307,810,919,109,True
74,315,810,919,109,True
75,334,810,982,172,True
76,349,810,919,109,True
78,320,810,903,93,True
79,323,810,903,93,True
80,340,810,903,93,True
81,323,810,919,109,True
84,349,810,903,93,True
88,319,810,903,93,True
91,315,810,982,172,True
92,340,810,919,109,True
93,356,810,982,172,True
94,341,810,919,109,True
95,322,810,919,109,True
98,307,810,903,93,True
0,315,811,930,119,True
1,310,811,930,119,True
6,321,811,930,119,True
9,341,811,935,124,True
13,322,811,930,119,True
17,310,811,935,124,True
18,337,811,930,119,True
22,311,811,930,119,True
23,325,811,930,119,True
28,296,811,930,119,True
31,328,811,930,119,True
35,306,811,930,119,True
36,325,811,930,119,True
37,323,811,930,119,True
43,343,811,930,119,True
45,329,811,930,119,True
51,318,811,903,92,True
52,312,811,903,92,True
55,339,811,903,92,True
56,356,811,982,171,True
57,333,811,919,108,True
58,329,811,903,92,True
60,317,811,903,92,True
63,351,811,903,92,True
64,294,811,903,92,True
66,316,811,903,92,True
68,325,811,903,92,True
69,302,811,919,108,True
73,324,811,903,92,True
76,350,811,919,108,True
78,321,811,903,92,True
79,324,811,903,92,True
86,315,811,919,108,True
87,302,811,919,108,True
88,320,811,919,108,True
93,357,811,982,171,True
94,342,811,919,108,True
99,344,811,919,108,True
0,316,812,930,118,True
1,311,812,930,118,True
3,317,812,930,118,True
6,322,812,930,118,True
7,325,812,930,118,True
17,311,812,935,123,True
18,338,812,930,118,True
19,317,812,930,118,True
20,318,812,930,118,True
25,314,812,930,118,True
26,314,812,935,123,True
27,338,812,935,123,True
28,297,812,930,118,True
34,316,812,930,118,True
35,307,812,930,118,True
38,339,812,930,118,True
39,323,812,930,118,True
44,349,812,930,118,True
45,330,812,930,118,True
47,347,812,930,118,True
50,310,812,919,107,True
51,319,812,903,91,True
52,313,812,903,91,True
54,297,812,903,91,True
56,357,812,982,170,True
61,328,812,919,107,True
63,352,812,903,91,True
64,295,812,903,91,True
69,303,812,919,107,True
72,320,812,903,91,True
76,351,812,919,107,True
77,323,812,919,107,True
78,322,812,903,91,True
79,325,812,903,91,True
82,327,812,919,107,True
85,328,812,903,91,True
91,316,812,982,170,True
93,358,812,982,170,True
95,323,812,919,107,True
96,319,812,919,107,True
1,312,813,930,117,True
2,320,813,935,122,True
3,318,813,930,117,True
9,342,813,935,122,True
10,316,813,930,117,True
12,342,813,930,117,True
14,349,813,930,117,True
15,333,813,930,117,True
16,336,813,930,117,True
17,312,813,935,122,True
18,339,813,930,117,True
20,319,813,930,117,True
24,311,813,930,117,True
26,315,813,935,122,True
27,339,813,935,122,True
29,326,813,930,117,True
33,356,813,930,117,True
34,317,813,930,117,True
35,308,813,930,117,True
38,340,813,930,117,True
39,324,813,930,117,True
40,349,813,930,117,True
44,350,813,930,117,True
47,348,813,930,117,True
51,320,813,903,90,True
53,343,813,919,106,True
56,358,813,982,169,True
58,330,813,903,90,True
60,318,813,903,90,True
61,329,813,919,106,True
62,321,813,930,117,True
67,312,813,919,106,True
69,304,813,919,106,True
70,352,813,903,90,True
74,316,813,919,106,True
77,324,813,919,106,True
83,321,813,919,106,True
87,303,813,919,106,True
88,321,813,919,106,True
94,343,813,919,106,True
0,317,814,930,116,True
3,319,814,930,116,True
10,317,814,930,116,True
11,321,814,930,116,True
18,340,814,930,116,True
20,320,814,930,116,True
22,312,814,930,116,True
24,312,814,930,116,True
25,315,814,930,116,True
28,298,814,930,116,True
29,327,814,930,116,True
32,330,814,930,116,True
35,309,814,930,116,True
41,328,814,930,116,True
42,317,814,930,116,True
43,344,814,930,116,True
44,351,814,930,116,True
45,331,814,930,116,True
46,306,814,930,116,True
50,311,814,919,105,True
57,334,814,919,105,True
58,331,814,903,89,True
59,316,814,919,105,True
60,319,814,919,105,True
61,330,814,919,105,True
62,322,814,930,116,True
68,326,814,919,105,True
69,305,814,919,105,True
70,353,814,903,89,True
71,308,814,919,105,True
73,325,814,903,89,True
76,352,814,919,105,True
77,325,814,919,105,True
78,323,814,903,89,True
81,324,814,919,105,True
82,328,814,919,105,True
83,322,814,919,105,True
85,329,814,903,89,True
88,322,814,919,105,True
89,320,814,919,105,True
90,325,814,903,89,True
91,317,814,982,168,True
98,308,814,903,89,True
4,308,815,930,115,True
6,323,815,930,115,True
7,326,815,930,115,True
9,343,815,935,120,True
10,318,815,930,115,True
11,322,815,930,115,True
13,323,815,930,115,True
14,350,815,930,115,True
16,337,815,930,115,True
17,313,815,935,120,True
18,341,815,930,115,True
24,313,815,930,115,True
27,340,815,935,120,True
28,299,815,930,115,True
29,328,815,930,115,True
31,329,815,930,115,True
32,331,815,930,115,True
33,357,815,930,115,True
35,310,815,930,115,True
36,326,815,930,115,True
39,325,815,930,115,True
41,329,815,930,115,True
43,345,815,930,115,True
45,332,815,930,115,True
47,349,815,930,115,True
52,314,815,903,88,True
58,332,815,903,88,True
59,317,815,919,104,True
64,296,815,903,88,True
67,313,815,919,104,True
69,306,815,919,104,True
74,317,815,919,104,True
81,325,815,919,104,True
85,330,815,903,88,True
86,316,815,919,104,True
87,304,815,919,104,True
89,321,815,919,104,True
92,341,815,919,104,True
0,318,816,930,114,True
1,313,816,930,114,True
2,321,816,935,119,True
3,320,816,930,114,True
6,324,816,930,114,True
11,323,816,930,114,True
14,351,816,930,114,True
16,338,816,930,114,True
17,314,816,935,119,True
19,318,816,930,114,True
20,321,816,930,114,True
21,333,816,930,114,True
22,313,816,935,119,True
23,326,816,930,114,True
24,314,816,930,114,True
25,316,816,930,114,True
28,300,816,930,114,True
30,320,816,930,114,True
33,358,816,930,114,True
35,311,816,930,114,True
36,327,816,930,114,True
38,341,816,930,114,True
40,350,816,930,114,True
41,330,816,930,114,True
43,346,816,930,114,True
44,352,816,930,114,True
45,333,816,930,114,True
46,307,816,930,114,True
47,350,816,930,114,True
48,321,816,930,114,True
52,315,816,903,87,True
55,340,816,919,103,True
56,359,816,982,166,True
57,335,816,919,103,True
63,353,816,919,103,True
65,329,816,919,103,True
71,309,816,919,103,True
72,321,816,919,103,True
76,353,816,919,103,True
78,324,816,903,87,True
80,341,816,919,103,True
82,329,816,919,103,True
83,323,816,919,103,True
86,317,816,919,103,True
88,323,816,919,103,True
91,318,816,982,166,True
92,342,816,919,103,True
95,324,816,919,103,True
99,345,816,919,103,True
4,309,817,930,113,True
5,336,817,930,113,True
8,340,817,930,113,True
11,324,817,930,113,True
15,334,817,930,113,True
18,342,817,930,113,True
22,314,817,935,118,True
27,341,817,935,118,True
30,321,817,930,113,True
33,359,817,930,113,True
35,312,817,930,113,True
38,342,817,930,113,True
42,318,817,930,113,True
44,353,817,930,113,True
45,334,817,930,113,True
52,316,817,903,86,True
53,344,817,919,102,True
58,333,817,903,86,True
60,320,817,919,102,True
63,354,817,919,102,True
67,314,817,919,102,True
68,327,817,919,102,True
70,354,817,903,86,True
72,322,817,919,102,True
73,326,817,903,86,True
76,354,817,919,102,True
77,326,817,919,102,True
85,331,817,903,86,True
87,305,817,919,102,True
89,322,817,919,102,True
91,319,817,982,165,True
95,325,817,919,102,True
97,319,817,903,86,True
99,346,817,919,102,True
1,314,818,930,112,True
6,325,818,930,112,True
8,341,818,930,112,True
9,344,818,935,117,True
11,325,818,930,112,True
12,343,818,930,112,True
16,339,818,930,112,True
17,315,818,935,117,True
21,334,818,930,112,True
25,317,818,930,112,True
26,316,818,935,117,True
27,342,818,935,117,True
28,301,818,930,112,True
30,322,818,930,112,True
33,360,818,930,112,True
36,328,818,930,112,True
41,331,818,930,112,True
42,319,818,930,112,True
43,347,818,930,112,True
46,308,818,930,112,True
49,342,818,930,112,True
50,312,818,919,101,True
51,321,818,903,85,True
52,317,818,903,85,True
55,341,818,919,101,True
56,360,818,982,164,True
58,334,818,903,85,True
60,321,818,919,101,True
63,355,818,919,101,True
65,330,818,919,101,True
66,317,818,903,85,True
68,328,818,919,101,True
69,307,818,919,101,True
72,323,818,919,101,True
75,335,818,982,164,True
76,355,818,919,101,True
80,342,818,919,101,True
81,326,818,919,101,True
83,324,818,919,101,True
87,306,818,919,101,True
88,324,818,919,101,True
93,359,818,982,164,True
96,320,818,919,101,True
98,309,818,903,85,True
6,326,819,930,111,True
7,327,819,930,111,True
8,342,819,930,111,True
12,344,819,930,111,True
15,335,819,930,111,True
17,316,819,935,116,True
20,322,819,930,111,True
24,315,819,930,111,True
25,318,819,930,111,True
26,317,819,935,116,True
27,343,819,935,116,True
31,330,819,930,111,True
33,361,819,930,111,True
37,324,819,930,111,True
38,343,819,930,111,True
39,326,819,930,111,True
42,320,819,930,111,True
43,348,819,930,111,True
44,354,819,930,111,True
49,343,819,930,111,True
50,313,819,919,100,True
52,318,819,903,84,True
59,318,819,919,100,True
60,322,819,919,100,True
61,331,819,919,100,True
63,356,819,919,100,True
64,297,819,903,84,True
65,331,819,919,100,True
70,355,819,903,84,True
71,310,819,919,100,True
73,327,819,903,84,True
77,327,819,919,100,True
81,327,819,919,100,True
83,325,819,919,100,True
86,318,819,919,100,True
88,325,819,919,100,True
94,344,819,919,100,True
97,320,819,903,84,True
99,347,819,919,100,True
1,315,820,930,110,True
9,345,820,935,115,True
14,352,820,930,110,True
17,317,820,935,115,True
23,327,820,930,110,True
24,316,820,930,110,True
28,302,820,930,110,True
32,332,820,930,110,True
35,313,820,930,110,True
36,329,820,930,110,True
37,325,820,930,110,True
40,351,820,930,110,True
41,332,820,930,110,True
42,321,820,930,110,True
45,335,820,930,110,True
50,314,820,919,99,True
52,319,820,903,83,True
54,298,820,903,83,True
62,323,820,930,110,True
66,318,820,903,83,True
70,356,820,903,83,True
71,311,820,919,99,True
72,324,820,919,99,True
73,328,820,903,83,True
75,336,820,982,162,True
81,328,820,919,99,True
84,350,820,903,83,True
88,326,820,919,99,True
93,360,820,982,162,True
95,326,820,919,99,True
97,321,820,903,83,True
98,310,820,903,83,True
99,348,820,919,99,True
0,319,821,930,109,True
4,310,821,930,109,True
5,337,821,930,109,True
9,346,821,935,114,True
11,326,821,930,109,True
14,353,821,930,109,True
18,343,821,930,109,True
19,319,821,930,109,True
23,328,821,930,109,True
25,319,821,930,109,True
26,318,821,935,114,True
29,329,821,930,109,True
31,331,821,930,109,True
34,318,821,930,109,True
35,314,821,930,109,True
36,330,821,930,109,True
42,322,821,930,109,True
46,309,821,930,109,True
47,351,821,930,109,True
48,322,821,930,109,True
57,336,821,982,161,True
58,335,821,903,82,True
63,357,821,919,98,True
66,319,821,903,82,True
68,329,821,919,98,True
69,308,821,919,98,True
70,357,821,903,82,True
72,325,821,919,98,True
73,329,821,903,82,True
76,356,821,919,98,True
78,325,821,903,82,True
80,343,821,919,98,True
81,329,821,919,98,True
85,332,821,903,82,True
86,319,821,919,98,True
87,307,821,919,98,True
91,320,821,982,161,True
95,327,821,919,98,True
96,321,821,919,98,True
97,322,821,903,82,True
0,320,822,930,108,True
2,322,822,935,113,True
4,311,822,930,108,True
6,327,822,930,108,True
7,328,822,935,113,True
8,343,822,930,108,True
10,319,822,930,108,True
14,354,822,930,108,True
15,336,822,930,108,True
18,344,822,930,108,True
21,335,822,930,108,True
22,315,822,935,113,True
24,317,822,930,108,True
29,330,822,930,108,True
31,332,822,930,108,True
33,362,822,930,108,True
35,315,822,930,108,True
36,331,822,930,108,True
38,344,822,930,108,True
40,352,822,930,108,True
44,355,822,930,108,True
48,323,822,930,108,True
50,315,822,919,97,True
55,342,822,919,97,True
57,337,822,982,160,True
58,336,822,903,81,True
65,332,822,919,97,True
69,309,822,919,97,True
70,358,822,903,81,True
71,312,822,919,97,True
73,330,822,903,81,True
74,318,822,919,97,True
75,337,822,982,160,True
76,357,822,919,97,True
77,328,822,982,160,True
79,326,822,919,97,True
88,327,822,919,97,True
94,345,822,919,97,True
95,328,822,919,97,True
97,323,822,903,81,True
98,311,822,919,97,True
99,349,822,919,97,True
0,321,823,930,107,True
1,316,823,930,107,True
4,312,823,930,107,True
8,344,823,930,107,True
13,324,823,930,107,True
14,355,823,930,107,True
15,337,823,930,107,True
16,340,823,930,107,True
29,331,823,930,107,True
31,333,823,930,107,True
33,363,823,930,107,True
34,319,823,930,107,True
39,327,823,930,107,True
42,323,823,930,107,True
45,336,823,930,107,True
46,310,823,930,107,True
52,320,823,903,80,True
54,299,823,903,80,True
55,343,823,919,96,True
56,361,823,982,159,True
57,338,823,982,159,True
58,337,823,903,80,True
63,358,823,919,96,True
68,330,823,919,96,True
69,310,823,919,96,True
71,313,823,919,96,True
72,326,823,919,96,True
73,331,823,903,80,True
75,338,823,982,159,True
76,358,823,919,96,True
77,329,823,982,159,True
79,327,823,919,96,True
80,344,823,919,96,True
86,320,823,919,96,True
87,308,823,919,96,True
93,361,823,982,159,True
95,329,823,919,96,True
96,322,823,919,96,True
97,324,823,903,80,True
2,323,824,935,111,True
4,313,824,930,106,True
5,338,824,930,106,True
8,345,824,930,106,True
9,347,824,935,111,True
10,320,824,930,106,True
12,345,824,930,106,True
14,356,824,930,106,True
15,338,824,930,106,True
16,341,824,930,106,True
18,345,824,930,106,True
19,320,824,930,106,True
21,336,824,930,106,True
22,316,824,935,111,True
25,320,824,930,106,True
28,303,824,930,106,True
29,332,824,930,106,True
30,323,824,930,106,True
32,333,824,930,106,True
34,320,824,930,106,True
35,316,824,930,106,True
38,345,824,930,106,True
39,328,824,930,106,True
41,333,824,930,106,True
43,349,824,930,106,True
46,311,824,930,106,True
47,352,824,930,106,True
51,322,824,903,79,True
52,321,824,903,79,True
55,344,824,919,95,True
58,338,824,903,79,True
64,298,824,903,79,True
66,320,824,919,95,True
68,331,824,919,95,True
69,311,824,919,95,True
72,327,824,919,95,True
73,332,824,903,79,True
75,339,824,982,158,True
76,359,824,919,95,True
77,330,824,982,158,True
79,328,824,919,95,True
84,351,824,903,79,True
85,333,824,903,79,True
92,343,824,919,95,True
93,362,824,982,158,True
94,346,824,919,95,True
99,350,824,919,95,True
1,317,825,930,105,True
5,339,825,930,105,True
7,329,825,935,110,True
8,346,825,930,105,True
9,348,825,935,110,True
10,321,825,930,105,True
15,339,825,930,105,True
18,346,825,930,105,True
19,321,825,930,105,True
25,321,825,930,105,True
26,319,825,935,110,True
29,333,825,930,105,True
34,321,825,930,105,True
37,326,825,930,105,True
38,346,825,930,105,True
39,329,825,930,105,True
40,353,825,930,105,True
44,356,825,930,105,True
45,337,825,930,105,True
47,353,825,930,105,True
48,324,825,930,105,True
54,300,825,903,78,True
55,345,825,919,94,True
59,319,825,919,94,True
61,332,825,919,94,True
62,324,825,930,105,True
65,333,825,919,94,True
68,332,825,919,94,True
78,326,825,919,94,True
79,329,825,919,94,True
80,345,825,919,94,True
81,330,825,919,94,True
82,330,825,919,94,True
84,352,825,903,78,True
88,328,825,919,94,True
89,323,825,919,94,True
90,326,825,919,94,True
93,363,825,982,157,True
98,312,825,919,94,True
2,324,826,935,109,True
3,321,826,930,104,True
6,328,826,930,104,True
8,347,826,930,104,True
10,322,826,930,104,True
14,357,826,930,104,True
16,342,826,930,104,True
19,322,826,930,104,True
24,318,826,935,109,True
27,344,826,935,109,True
28,304,826,930,104,True
33,364,826,935,109,True
35,317,826,930,104,True
37,327,826,930,104,True
40,354,826,930,104,True
42,324,826,930,104,True
43,350,826,930,104,True
46,312,826,930,104,True
47,354,826,930,104,True
55,346,826,919,93,True
57,339,826,982,156,True
58,339,826,903,77,True
59,320,826,919,93,True
60,323,826,919,93,True
63,359,826,919,93,True
65,334,826,919,93,True
67,315,826,919,93,True
68,333,826,919,93,True
70,359,826,903,77,True
72,328,826,919,93,True
80,346,826,919,93,True
81,331,826,919,93,True
83,326,826,919,93,True
86,321,826,919,93,True
87,309,826,919,93,True
90,327,826,919,93,True
91,321,826,982,156,True
92,344,826,919,93,True
95,330,826,919,93,True
96,323,826,919,93,True
97,325,826,903,77,True
99,351,826,919,93,True
0,322,827,930,103,True
2,325,827,935,108,True
3,322,827,930,103,True
7,330,827,935,108,True
9,349,827,935,108,True
11,327,827,930,103,True
14,358,827,935,108,True
16,343,827,930,103,True
20,323,827,930,103,True
22,317,827,935,108,True
24,319,827,935,108,True
25,322,827,930,103,True
26,320,827,935,108,True
27,345,827,935,108,True
28,305,827,930,103,True
29,334,827,930,103,True
30,324,827,930,103,True
31,334,827,930,103,True
33,365,827,935,108,True
38,347,827,930,103,True
39,330,827,930,103,True
41,334,827,930,103,True
43,351,827,935,108,True
46,313,827,930,103,True
47,355,827,930,103,True
49,344,827,930,103,True
51,323,827,903,76,True
52,322,827,903,76,True
53,345,827,919,92,True
57,340,827,982,155,True
59,321,827,919,92,True
63,360,827,919,92,True
64,299,827,903,76,True
65,335,827,919,92,True
66,321,827,919,92,True
72,329,827,919,92,True
77,331,827,982,155,True
81,332,827,919,92,True
85,334,827,903,76,True
87,310,827,919,92,True
91,322,827,982,155,True
92,345,827,919,92,True
96,324,827,919,92,True
97,326,827,903,76,True
0,323,828,930,102,True
1,318,828,930,102,True
6,329,828,930,102,True
7,331,828,935,107,True
11,328,828,935,107,True
12,346,828,930,102,True
13,325,828,930,102,True
14,359,828,935,107,True
20,324,828,930,102,True
23,329,828,930,102,True
24,320,828,935,107,True
26,321,828,935,107,True
37,328,828,935,107,True
41,335,828,930,102,True
42,325,828,930,102,True
44,357,828,935,107,True
45,338,828,930,102,True
46,314,828,930,102,True
48,325,828,930,102,True
51,324,828,903,75,True
52,323,828,903,75,True
53,346,828,919,91,True
55,347,828,919,91,True
56,362,828,982,154,True
57,341,828,982,154,True
59,322,828,919,91,True
61,333,828,919,91,True
62,325,828,930,102,True
63,361,828,919,91,True
64,300,828,903,75,True
65,336,828,919,91,True
66,322,828,919,91,True
68,334,828,919,91,True
70,360,828,903,75,True
71,314,828,919,91,True
72,330,828,919,91,True
73,333,828,919,91,True
74,319,828,919,91,True
75,340,828,982,154,True
79,330,828,919,91,True
80,347,828,919,91,True
81,333,828,919,91,True
83,327,828,919,91,True
86,322,828,919,91,True
91,323,828,982,154,True
92,346,828,919,91,True
97,327,828,903,75,True
1,319,829,930,101,True
2,326,829,935,106,True
4,314,829,930,101,True
7,332,829,935,106,True
10,323,829,930,101,True
12,347,829,930,101,True
15,340,829,930,101,True
22,318,829,935,106,True
25,323,829,930,101,True
26,322,829,935,106,True
27,346,829,935,106,True
29,335,829,930,101,True
31,335,829,930,101,True
33,366,829,935,106,True
41,336,829,930,101,True
43,352,829,935,106,True
47,356,829,930,101,True
48,326,829,930,101,True
50,316,829,919,90,True
53,347,829,919,90,True
57,342,829,982,153,True
61,334,829,919,90,True
64,301,829,919,90,True
65,337,829,919,90,True
66,323,829,919,90,True
68,335,829,919,90,True
76,360,829,919,90,True
78,327,829,919,90,True
81,334,829,919,90,True
82,331,829,919,90,True
88,329,829,919,90,True
89,324,829,919,90,True
90,328,829,919,90,True
93,364,829,982,153,True
98,313,829,919,90,True
99,352,829,919,90,True
9,350,830,935,105,True
10,324,830,930,100,True
13,326,830,930,100,True
16,344,830,930,100,True
17,318,830,935,105,True
20,325,830,930,100,True
24,321,830,935,105,True
27,347,830,935,105,True
34,322,830,930,100,True
39,331,830,930,100,True
42,326,830,930,100,True
47,357,830,930,100,True
48,327,830,930,100,True
50,317,830,919,89,True
53,348,830,919,89,True
54,301,830,903,73,True
59,323,830,919,89,True
63,362,830,919,89,True
64,302,830,919,89,True
66,324,830,919,89,True
69,312,830,919,89,True
74,320,830,919,89,True
75,341,830,982,152,True
76,361,830,919,89,True
77,332,830,982,152,True
79,331,830,919,89,True
84,353,830,903,73,True
85,335,830,903,73,True
87,311,830,919,89,True
88,330,830,919,89,True
90,329,830,919,89,True
91,324,830,982,152,True
93,365,830,982,152,True
95,331,830,919,89,True
96,325,830,919,89,True
99,353,830,919,89,True
1,320,831,930,99,True
3,323,831,930,99,True
5,340,831,930,99,True
8,348,831,930,99,True
10,325,831,930,99,True
16,345,831,930,99,True
17,319,831,935,104,True
18,347,831,930,99,True
21,337,831,930,99,True
23,330,831,930,99,True
28,306,831,930,99,True
33,367,831,935,104,True
36,332,831,930,99,True
39,332,831,930,99,True
43,353,831,935,104,True
48,328,831,930,99,True
49,345,831,930,99,True
54,302,831,903,72,True
55,348,831,919,88,True
56,363,831,982,151,True
60,324,831,919,88,True
61,335,831,982,151,True
66,325,831,919,88,True
67,316,831,919,88,True
68,336,831,919,88,True
74,321,831,919,88,True
75,342,831,982,151,True
77,333,831,982,151,True
78,328,831,919,88,True
79,332,831,919,88,True
84,354,831,903,72,True
86,323,831,919,88,True
87,312,831,919,88,True
92,347,831,919,88,True
96,326,831,919,88,True
98,314,831,919,88,True
3,324,832,930,98,True
4,315,832,930,98,True
6,330,832,935,103,True
9,351,832,935,103,True
11,329,832,935,103,True
12,348,832,930,98,True
15,341,832,930,98,True
16,346,832,930,98,True
17,320,832,935,103,True
19,323,832,930,98,True
23,331,832,930,98,True
28,307,832,930,98,True
32,334,832,935,103,True
33,368,832,935,103,True
36,333,832,930,98,True
38,348,832,930,98,True
39,333,832,930,98,True
40,355,832,930,98,True
41,337,832,930,98,True
42,327,832,930,98,True
43,354,832,935,103,True
44,358,832,935,103,True
45,339,832,930,98,True
46,315,832,935,103,True
47,358,832,930,98,True
49,346,832,930,98,True
52,324,832,903,71,True
53,349,832,919,87,True
56,364,832,982,150,True
61,336,832,982,150,True
65,338,832,919,87,True
66,326,832,919,87,True
69,313,832,919,87,True
71,315,832,919,87,True
72,331,832,919,87,True
74,322,832,919,87,True
78,329,832,919,87,True
79,333,832,919,87,True
80,348,832,919,87,True
81,335,832,919,87,True
82,332,832,919,87,True
83,328,832,919,87,True
92,348,832,919,87,True
94,347,832,919,87,True
95,332,832,919,87,True
97,328,832,903,71,True
98,315,832,919,87,True
99,354,832,919,87,True
1,321,833,930,97,True
2,327,833,935,102,True
4,316,833,930,97,True
5,341,833,930,97,True
10,326,833,935,102,True
11,330,833,935,102,True
15,342,833,930,97,True
19,324,833,930,97,True
20,326,833,930,97,True
24,322,833,935,102,True
26,323,833,935,102,True
35,318,833,930,97,True
36,334,833,930,97,True
38,349,833,930,97,True
39,334,833,930,97,True
43,355,833,935,102,True
46,316,833,935,102,True
47,359,833,930,97,True
49,347,833,930,97,True
52,325,833,903,70,True
56,365,833,982,149,True
57,343,833,982,149,True
61,337,833,982,149,True
63,363,833,919,86,True
64,303,833,919,86,True
67,317,833,919,86,True
73,334,833,919,86,True
74,323,833,919,86,True
79,334,833,919,86,True
82,333,833,919,86,True
84,355,833,903,70,True
86,324,833,982,149,True
89,325,833,919,86,True
94,348,833,919,86,True
99,355,833,919,86,True
0,324,834,930,96,True
2,328,834,935,101,True
4,317,834,930,96,True
6,331,834,935,101,True
9,352,834,935,101,True
14,360,834,935,101,True
15,343,834,930,96,True
16,347,834,930,96,True
17,321,834,935,101,True
18,348,834,930,96,True
20,327,834,930,96,True
24,323,834,935,101,True
28,308,834,930,96,True
31,336,834,935,101,True
32,335,834,935,101,True
33,369,834,935,101,True
36,335,834,930,96,True
37,329,834,935,101,True
41,338,834,930,96,True
44,359,834,935,101,True
45,340,834,930,96,True
47,360,834,930,96,True
49,348,834,930,96,True
51,325,834,919,85,True
56,366,834,982,148,True
59,324,834,919,85,True
61,338,834,982,148,True
63,364,834,919,85,True
65,339,834,919,85,True
66,327,834,919,85,True
69,314,834,919,85,True
81,336,834,982,148,True
83,329,834,919,85,True
86,325,834,982,148,True
87,313,834,982,148,True
89,326,834,919,85,True
90,330,834,919,85,True
91,325,834,982,148,True
98,316,834,919,85,True
0,325,835,930,95,True
1,322,835,930,95,True
3,325,835,930,95,True
4,318,835,930,95,True
6,332,835,935,100,True
9,353,835,935,100,True
11,331,835,935,100,True
13,327,835,930,95,True
18,349,835,930,95,True
20,328,835,930,95,True
21,338,835,930,95,True
23,332,835,930,95,True
24,324,835,935,100,True
26,324,835,935,100,True
30,325,835,930,95,True
33,370,835,935,100,True
34,323,835,935,100,True
35,319,835,930,95,True
40,356,835,930,95,True
42,328,835,930,95,True
43,356,835,935,100,True
44,360,835,935,100,True
45,341,835,930,95,True
46,317,835,935,100,True
47,361,835,930,95,True
49,349,835,930,95,True
51,326,835,919,84,True
54,303,835,903,68,True
56,367,835,982,147,True
58,340,835,903,68,True
61,339,835,982,147,True
62,326,835,930,95,True
64,304,835,919,84,True
65,340,835,919,84,True
69,315,835,919,84,True
84,356,835,903,68,True
86,326,835,982,147,True
88,331,835,919,84,True
89,327,835,919,84,True
93,366,835,982,147,True
98,317,835,919,84,True
99,356,835,919,84,True
1,323,836,930,94,True
3,326,836,930,94,True
13,328,836,930,94,True
16,348,836,930,94,True
19,325,836,935,99,True
23,333,836,930,94,True
24,325,836,935,99,True
27,348,836,935,99,True
32,336,836,935,99,True
34,324,836,935,99,True
37,330,836,935,99,True
38,350,836,930,94,True
40,357,836,930,94,True
43,357,836,935,99,True
44,361,836,935,99,True
47,362,836,930,94,True
49,350,836,930,94,True
52,326,836,919,83,True
58,341,836,903,67,True
61,340,836,982,146,True
66,328,836,919,83,True
69,316,836,919,83,True
70,361,836,903,67,True
72,332,836,919,83,True
76,362,836,982,146,True
77,334,836,982,146,True
78,330,836,919,83,True
81,337,836,982,146,True
82,334,836,919,83,True
83,330,836,919,83,True
85,336,836,919,83,True
87,314,836,982,146,True
93,367,836,982,146,True
95,333,836,919,83,True
0,326,837,935,98,True
2,329,837,935,98,True
3,327,837,930,93,True
8,349,837,930,93,True
11,332,837,935,98,True
12,349,837,930,93,True
15,344,837,930,93,True
17,322,837,935,98,True
21,339,837,930,93,True
22,319,837,935,98,True
23,334,837,930,93,True
25,324,837,930,93,True
27,349,837,935,98,True
28,309,837,930,93,True
30,326,837,930,93,True
31,337,837,935,98,True
32,337,837,935,98,True
35,320,837,930,93,True
40,358,837,930,93,True
41,339,837,930,93,True
43,358,837,935,98,True
44,362,837,935,98,True
46,318,837,935,98,True
48,329,837,930,93,True
51,327,837,919,82,True
53,350,837,919,82,True
55,349,837,919,82,True
56,368,837,982,145,True
57,344,837,982,145,True
60,325,837,919,82,True
62,327,837,930,93,True
65,341,837,919,82,True
66,329,837,919,82,True
76,363,837,982,145,True
77,335,837,982,145,True
78,331,837,919,82,True
80,349,837,919,82,True
81,338,837,982,145,True
86,327,837,982,145,True
87,315,837,982,145,True
88,332,837,919,82,True
89,328,837,919,82,True
91,326,837,982,145,True
94,349,837,919,82,True
98,318,837,919,82,True
99,357,837,919,82,True
1,324,838,930,92,True
2,330,838,935,97,True
5,342,838,935,97,True
9,354,838,935,97,True
12,350,838,930,92,True
16,349,838,930,92,True
20,329,838,930,92,True
24,326,838,935,97,True
25,325,838,930,92,True
27,350,838,935,97,True
30,327,838,930,92,True
34,325,838,935,97,True
35,321,838,935,97,True
36,336,838,930,92,True
37,331,838,935,97,True
39,335,838,930,92,True
41,340,838,930,92,True
43,359,838,935,97,True
45,342,838,930,92,True
47,363,838,930,92,True
48,330,838,930,92,True
54,304,838,919,81,True
58,342,838,903,65,True
61,341,838,982,144,True
62,328,838,930,92,True
66,330,838,919,81,True
69,317,838,919,81,True
72,333,838,919,81,True
75,343,838,982,144,True
78,332,838,919,81,True
80,350,838,919,81,True
81,339,838,982,144,True
82,335,838,919,81,True
85,337,838,919,81,True
86,328,838,982,144,True
87,316,838,982,144,True
89,329,838,919,81,True
93,368,838,982,144,True
97,329,838,919,81,True
98,319,838,919,81,True
3,328,839,930,91,True
4,319,839,935,96,True
6,333,839,935,96,True
8,350,839,935,96,True
11,333,839,935,96,True
13,329,839,935,96,True
14,361,839,935,96,True
16,350,839,930,91,True
18,350,839,930,91,True
25,326,839,930,91,True
28,310,839,930,91,True
29,336,839,935,96,True
32,338,839,935,96,True
33,371,839,935,96,True
37,332,839,935,96,True
39,336,839,930,91,True
42,329,839,930,91,True
43,360,839,935,96,True
47,364,839,930,91,True
48,331,839,935,96,True
53,351,839,919,80,True
54,305,839,919,80,True
56,369,839,982,143,True
57,345,839,982,143,True
58,343,839,903,64,True
59,325,839,919,80,True
63,365,839,919,80,True
64,305,839,919,80,True
65,342,839,919,80,True
67,318,839,919,80,True
70,362,839,919,80,True
71,316,839,982,143,True
72,334,839,919,80,True
74,324,839,982,143,True
75,344,839,982,143,True
76,364,839,982,143,True
79,335,839,919,80,True
82,336,839,919,80,True
87,317,839,982,143,True
88,333,839,919,80,True
89,330,839,919,80,True
95,334,839,982,143,True
96,327,839,982,143,True
3,329,840,930,90,True
4,320,840,935,95,True
10,327,840,935,95,True
11,334,840,935,95,True
12,351,840,930,90,True
13,330,840,935,95,True
16,351,840,930,90,True
17,323,840,935,95,True
18,351,840,930,90,True
23,335,840,930,90,True
29,337,840,935,95,True
31,338,840,935,95,True
32,339,840,935,95,True
35,322,840,935,95,True
36,337,840,930,90,True
37,333,840,935,95,True
40,359,840,930,90,True
47,365,840,930,90,True
53,352,840,919,79,True
56,370,840,982,142,True
61,342,840,982,142,True
66,331,840,919,79,True
67,319,840,982,142,True
68,337,840,919,79,True
70,363,840,919,79,True
73,335,840,919,79,True
74,325,840,982,142,True
75,345,840,982,142,True
76,365,840,982,142,True
81,340,840,982,142,True
84,357,840,903,63,True
85,338,840,919,79,True
86,329,840,982,142,True
89,331,840,919,79,True
90,331,840,982,142,True
92,349,840,919,79,True
95,335,840,982,142,True
97,330,840,919,79,True
99,358,840,919,79,True
3,330,841,930,89,True
4,321,841,935,94,True
5,343,841,935,94,True
6,334,841,935,94,True
10,328,841,935,94,True
12,352,841,930,89,True
13,331,841,935,94,True
15,345,841,930,89,True
16,352,841,930,89,True
21,340,841,930,89,True
23,336,841,930,89,True
26,325,841,935,94,True
28,311,841,935,94,True
34,326,841,935,94,True
36,338,841,930,89,True
38,351,841,930,89,True
40,360,841,930,89,True
42,330,841,930,89,True
46,319,841,935,94,True
48,332,841,935,94,True
50,318,841,982,141,True
51,328,841,919,78,True
52,327,841,919,78,True
54,306,841,919,78,True
55,350,841,919,78,True
58,344,841,919,78,True
59,326,841,919,78,True
60,326,841,919,78,True
61,343,841,982,141,True
62,329,841,930,89,True
63,366,841,919,78,True
69,318,841,919,78,True
70,364,841,919,78,True
73,336,841,919,78,True
75,346,841,982,141,True
76,366,841,982,141,True
77,336,841,982,141,True
80,351,841,919,78,True
86,330,841,982,141,True
87,318,841,982,141,True
89,332,841,919,78,True
91,327,841,982,141,True
93,369,841,982,141,True
94,350,841,919,78,True
95,336,841,982,141,True
98,320,841,919,78,True
0,327,842,935,93,True
1,325,842,930,88,True
3,331,842,930,88,True
6,335,842,935,93,True
8,351,842,935,93,True
9,355,842,935,93,True
13,332,842,935,93,True
15,346,842,930,88,True
16,353,842,930,88,True
19,326,842,935,93,True
20,330,842,935,93,True
28,312,842,935,93,True
30,328,842,930,88,True
33,372,842,935,93,True
36,339,842,930,88,True
38,352,842,930,88,True
39,337,842,930,88,True
42,331,842,930,88,True
45,343,842,930,88,True
47,366,842,930,88,True
50,319,842,982,140,True
51,329,842,919,77,True
53,353,842,919,77,True
55,351,842,919,77,True
56,371,842,982,140,True
64,306,842,919,77,True
65,343,842,982,140,True
70,365,842,919,77,True
75,347,842,982,140,True
76,367,842,982,140,True
79,336,842,919,77,True
81,341,842,982,140,True
83,331,842,919,77,True
85,339,842,919,77,True
87,319,842,982,140,True
90,332,842,982,140,True
91,328,842,982,140,True
94,351,842,919,77,True
97,331,842,919,77,True
99,359,842,919,77,True
0,328,843,935,92,True
4,322,843,935,92,True
6,336,843,935,92,True
7,333,843,935,92,True
10,329,843,935,92,True
11,335,843,935,92,True
14,362,843,935,92,True
16,354,843,930,87,True
17,324,843,935,92,True
19,327,843,935,92,True
20,331,843,935,92,True
21,341,843,930,87,True
23,337,843,930,87,True
24,327,843,935,92,True
25,327,843,930,87,True
31,339,843,935,92,True
36,340,843,935,92,True
39,338,843,930,87,True
40,361,843,930,87,True
49,351,843,930,87,True
50,320,843,982,139,True
58,345,843,919,76,True
59,327,843,919,76,True
62,330,843,930,87,True
65,344,843,982,139,True
71,317,843,982,139,True
75,348,843,982,139,True
76,368,843,982,139,True
79,337,843,919,76,True
83,332,843,919,76,True
85,340,843,919,76,True
87,320,843,982,139,True
88,334,843,982,139,True
91,329,843,982,139,True
93,370,843,982,139,True
95,337,843,982,139,True
96,328,843,982,139,True
97,332,843,919,76,True
98,321,843,919,76,True
99,360,843,919,76,True
2,331,844,935,91,True
16,355,844,930,86,True
23,338,844,930,86,True
25,328,844,930,86,True
29,338,844,935,91,True
31,340,844,935,91,True
34,327,844,935,91,True
40,362,844,930,86,True
41,341,844,935,91,True
44,363,844,935,91,True
45,344,844,930,86,True
46,320,844,935,91,True
47,367,844,930,86,True
48,333,844,935,91,True
52,328,844,919,75,True
54,307,844,919,75,True
57,346,844,982,138,True
60,327,844,919,75,True
61,344,844,982,138,True
63,367,844,919,75,True
64,307,844,919,75,True
65,345,844,982,138,True
70,366,844,919,75,True
71,318,844,982,138,True
73,337,844,919,75,True
76,369,844,982,138,True
78,333,844,919,75,True
79,338,844,919,75,True
81,342,844,982,138,True
82,337,844,919,75,True
84,358,844,919,75,True
86,331,844,982,138,True
88,335,844,982,138,True
89,333,844,982,138,True
91,330,844,982,138,True
92,350,844,919,75,True
96,329,844,982,138,True
98,322,844,919,75,True
0,329,845,935,90,True
1,326,845,935,90,True
4,323,845,935,90,True
6,337,845,935,90,True
7,334,845,935,90,True
13,333,845,935,90,True
14,363,845,935,90,True
15,347,845,930,85,True
16,356,845,930,85,True
17,325,845,935,90,True
21,342,845,930,85,True
26,326,845,935,90,True
27,351,845,935,90,True
29,339,845,935,90,True
30,329,845,930,85,True
31,341,845,935,90,True
32,340,845,935,90,True
33,373,845,994,149,True
37,334,845,935,90,True
39,339,845,930,85,True
42,332,845,930,85,True
45,345,845,930,85,True
52,329,845,919,74,True
54,308,845,919,74,True
55,352,845,919,74,True
58,346,845,919,74,True
59,328,845,919,74,True
61,345,845,982,137,True
63,368,845,919,74,True
65,346,845,982,137,True
66,332,845,919,74,True
68,338,845,919,74,True
75,349,845,982,137,True
76,370,845,982,137,True
78,334,845,919,74,True
79,339,845,919,74,True
81,343,845,982,137,True
83,333,845,919,74,True
84,359,845,919,74,True
86,332,845,982,137,True
88,336,845,982,137,True
90,333,845,982,137,True
91,331,845,982,137,True
92,351,845,919,74,True
93,371,845,982,137,True
97,333,845,919,74,True
4,324,846,935,89,True
5,344,846,935,89,True
6,338,846,935,89,True
7,335,846,935,89,True
8,352,846,935,89,True
9,356,846,935,89,True
10,330,846,935,89,True
12,353,846,930,84,True
14,364,846,935,89,True
15,348,846,930,84,True
16,357,846,930,84,True
17,326,846,935,89,True
18,352,846,935,89,True
22,320,846,935,89,True
28,313,846,935,89,True
30,330,846,930,84,True
34,328,846,935,89,True
35,323,846,935,89,True
36,341,846,935,89,True
38,353,846,930,84,True
44,364,846,935,89,True
47,368,846,930,84,True
49,352,846,930,84,True
50,321,846,982,136,True
51,330,846,919,73,True
53,354,846,982,136,True
54,309,846,919,73,True
58,347,846,919,73,True
60,328,846,919,73,True
65,347,846,982,136,True
66,333,846,919,73,True
68,339,846,919,73,True
72,335,846,982,136,True
74,326,846,982,136,True
76,371,846,982,136,True
77,337,846,982,136,True
78,335,846,919,73,True
80,352,846,919,73,True
83,334,846,919,73,True
86,333,846,982,136,True
90,334,846,982,136,True
94,352,846,919,73,True
97,334,846,919,73,True
99,361,846,919,73,True
0,330,847,935,88,True
1,327,847,935,88,True
2,332,847,935,88,True
3,332,847,930,83,True
10,331,847,935,88,True
13,334,847,935,88,True
15,349,847,930,83,True
21,343,847,930,83,True
22,321,847,935,88,True
24,328,847,935,88,True
27,352,847,935,88,True
28,314,847,935,88,True
34,329,847,935,88,True
36,342,847,935,88,True
37,335,847,935,88,True
39,340,847,994,147,True
40,363,847,930,83,True
42,333,847,935,88,True
45,346,847,930,83,True
47,369,847,930,83,True
48,334,847,935,88,True
51,331,847,919,72,True
56,372,847,982,135,True
57,347,847,982,135,True
58,348,847,919,72,True
59,329,847,919,72,True
62,331,847,930,83,True
63,369,847,982,135,True
66,334,847,919,72,True
68,340,847,919,72,True
70,367,847,919,72,True
73,338,847,919,72,True
77,338,847,982,135,True
83,335,847,919,72,True
84,360,847,919,72,True
86,334,847,982,135,True
88,337,847,982,135,True
90,335,847,982,135,True
93,372,847,982,135,True
96,330,847,982,135,True
99,362,847,919,72,True
0,331,848,935,87,True
4,325,848,935,87,True
5,345,848,935,87,True
6,339,848,935,87,True
9,357,848,935,87,True
12,354,848,930,82,True
15,350,848,930,82,True
16,358,848,930,82,True
17,327,848,935,87,True
19,328,848,935,87,True
21,344,848,930,82,True
22,322,848,935,87,True
25,329,848,935,87,True
26,327,848,935,87,True
30,331,848,935,87,True
33,374,848,994,146,True
41,342,848,935,87,True
43,361,848,935,87,True
49,353,848,930,82,True
50,322,848,982,134,True
53,355,848,982,134,True
55,353,848,919,71,True
57,348,848,982,134,True
60,329,848,919,71,True
61,346,848,982,134,True
63,370,848,982,134,True
64,308,848,919,71,True
67,320,848,982,134,True
71,319,848,982,134,True
73,339,848,919,71,True
78,336,848,919,71,True
83,336,848,919,71,True
84,361,848,919,71,True
85,341,848,919,71,True
86,335,848,982,134,True
87,321,848,982,134,True
90,336,848,982,134,True
92,352,848,982,134,True
93,373,848,982,134,True
95,338,848,982,134,True
96,331,848,982,134,True
99,363,848,919,71,True
1,328,849,935,86,True
5,346,849,935,86,True
7,336,849,935,86,True
11,336,849,935,86,True
13,335,849,935,86,True
17,328,849,935,86,True
19,329,849,935,86,True
21,345,849,930,81,True
22,323,849,935,86,True
25,330,849,935,86,True
26,328,849,935,86,True
28,315,849,935,86,True
29,340,849,935,86,True
32,341,849,935,86,True
33,375,849,994,145,True
34,330,849,935,86,True
36,343,849,935,86,True
37,336,849,935,86,True
38,354,849,930,81,True
41,343,849,935,86,True
43,362,849,935,86,True
45,347,849,930,81,True
49,354,849,930,81,True
54,310,849,919,70,True
55,354,849,919,70,True
58,349,849,919,70,True
60,330,849,919,70,True
63,371,849,982,133,True
66,335,849,919,70,True
70,368,849,919,70,True
71,320,849,982,133,True
73,340,849,919,70,True
75,350,849,982,133,True
76,372,849,982,133,True
83,337,849,919,70,True
84,362,849,919,70,True
85,342,849,919,70,True
86,336,849,982,133,True
87,322,849,982,133,True
97,335,849,919,70,True
98,323,849,919,70,True
2,333,850,935,85,True
4,326,850,935,85,True
5,347,850,935,85,True
7,337,850,935,85,True
10,332,850,935,85,True
12,355,850,930,80,True
18,353,850,935,85,True
21,346,850,935,85,True
22,324,850,935,85,True
23,339,850,930,80,True
24,329,850,935,85,True
26,329,850,935,85,True
27,353,850,935,85,True
31,342,850,935,85,True
32,342,850,935,85,True
34,331,850,935,85,True
42,334,850,935,85,True
47,370,850,930,80,True
49,355,850,935,85,True
52,330,850,919,69,True
55,355,850,919,69,True
56,373,850,982,132,True
57,349,850,982,132,True
59,330,850,919,69,True
60,331,850,919,69,True
63,372,850,982,132,True
65,348,850,982,132,True
66,336,850,919,69,True
69,319,850,919,69,True
71,321,850,982,132,True
73,341,850,919,69,True
74,327,850,982,132,True
77,339,850,982,132,True
78,337,850,919,69,True
80,353,850,919,69,True
84,363,850,919,69,True
85,343,850,919,69,True
86,337,850,982,132,True
88,338,850,982,132,True
90,337,850,982,132,True
92,353,850,982,132,True
95,339,850,982,132,True
98,324,850,919,69,True
99,364,850,919,69,True
0,332,851,935,84,True
1,329,851,935,84,True
6,340,851,935,84,True
9,358,851,935,84,True
10,333,851,935,84,True
12,356,851,930,79,True
15,351,851,935,84,True
17,329,851,935,84,True
19,330,851,935,84,True
21,347,851,935,84,True
23,340,851,930,79,True
26,330,851,935,84,True
28,316,851,935,84,True
29,341,851,935,84,True
30,332,851,935,84,True
31,343,851,935,84,True
32,343,851,935,84,True
37,337,851,935,84,True
41,344,851,935,84,True
42,335,851,935,84,True
43,363,851,935,84,True
50,323,851,982,131,True
52,331,851,919,68,True
55,356,851,919,68,True
56,374,851,982,131,True
57,350,851,982,131,True
59,331,851,919,68,True
60,332,851,919,68,True
61,347,851,982,131,True
62,332,851,930,79,True
64,309,851,919,68,True
65,349,851,982,131,True
70,369,851,919,68,True
74,328,851,982,131,True
77,340,851,982,131,True
80,354,851,919,68,True
84,364,851,919,68,True
85,344,851,919,68,True
87,323,851,982,131,True
90,338,851,982,131,True
93,374,851,982,131,True
95,340,851,982,131,True
96,332,851,982,131,True
97,336,851,919,68,True
98,325,851,919,68,True
6,341,852,935,83,True
7,338,852,935,83,True
8,353,852,935,83,True
13,336,852,935,83,True
14,365,852,935,83,True
15,352,852,935,83,True
16,359,852,935,83,True
17,330,852,935,83,True
19,331,852,935,83,True
20,332,852,935,83,True
21,348,852,935,83,True
22,325,852,935,83,True
25,331,852,935,83,True
26,331,852,935,83,True
28,317,852,935,83,True
29,342,852,935,83,True
35,324,852,935,83,True
38,355,852,930,78,True
39,341,852,994,142,True
40,364,852,935,83,True
41,345,852,935,83,True
47,371,852,930,78,True
48,335,852,935,83,True
49,356,852,935,83,True
51,332,852,919,67,True
54,311,852,919,67,True
56,375,852,982,130,True
57,351,852,982,130,True
63,373,852,982,130,True
64,310,852,919,67,True
66,337,852,919,67,True
67,321,852,982,130,True
68,341,852,919,67,True
72,336,852,982,130,True
74,329,852,982,130,True
75,351,852,982,130,True
77,341,852,982,130,True
78,338,852,919,67,True
80,355,852,919,67,True
81,344,852,982,130,True
87,324,852,982,130,True
89,334,852,982,130,True
92,354,852,982,130,True
93,375,852,982,130,True
94,353,852,919,67,True
95,341,852,982,130,True
97,337,852,919,67,True
98,326,852,919,67,True
5,348,853,935,82,True
6,342,853,935,82,True
13,337,853,935,82,True
27,354,853,935,82,True
30,333,853,935,82,True
32,344,853,935,82,True
33,376,853,994,141,True
38,356,853,935,82,True
40,365,853,935,82,True
41,346,853,935,82,True
44,365,853,935,82,True
45,348,853,930,77,True
46,321,853,994,141,True
47,372,853,930,77,True
48,336,853,935,82,True
49,357,853,935,82,True
50,324,853,982,129,True
56,376,853,982,129,True
57,352,853,982,129,True
60,333,853,919,66,True
64,311,853,919,66,True
70,370,853,919,66,True
72,337,853,982,129,True
77,342,853,982,129,True
83,338,853,919,66,True
85,345,853,919,66,True
87,325,853,982,129,True
89,335,853,982,129,True
91,332,853,982,129,True
92,355,853,982,129,True
95,342,853,982,129,True
99,365,853,982,129,True
1,330,854,935,81,True
4,327,854,935,81,True
10,334,854,935,81,True
12,357,854,930,76,True
16,360,854,935,81,True
18,354,854,935,81,True
19,332,854,935,81,True
20,333,854,935,81,True
22,326,854,935,81,True
25,332,854,935,81,True
27,355,854,935,81,True
29,343,854,935,81,True
30,334,854,935,81,True
33,377,854,994,140,True
34,332,854,935,81,True
35,325,854,935,81,True
37,338,854,935,81,True
38,357,854,935,81,True
43,364,854,935,81,True
44,366,854,935,81,True
45,349,854,930,76,True
49,358,854,935,81,True
51,333,854,919,65,True
52,332,854,919,65,True
61,348,854,982,128,True
64,312,854,919,65,True
70,371,854,919,65,True
77,343,854,982,128,True
78,339,854,919,65,True
82,338,854,982,128,True
93,376,854,982,128,True
96,333,854,982,128,True
98,327,854,919,65,True
99,366,854,982,128,True
0,333,855,935,80,True
4,328,855,935,80,True
6,343,855,935,80,True
8,354,855,935,80,True
9,359,855,935,80,True
11,337,855,935,80,True
13,338,855,935,80,True
14,366,855,935,80,True
15,353,855,935,80,True
17,331,855,935,80,True
18,355,855,935,80,True
19,333,855,935,80,True
22,327,855,935,80,True
24,330,855,935,80,True
26,332,855,994,139,True
27,356,855,935,80,True
31,344,855,935,80,True
34,333,855,935,80,True
35,326,855,935,80,True
38,358,855,935,80,True
42,336,855,935,80,True
43,365,855,935,80,True
45,350,855,935,80,True
46,322,855,994,139,True
49,359,855,935,80,True
51,334,855,919,64,True
53,356,855,982,127,True
54,312,855,919,64,True
55,357,855,982,127,True
56,377,855,982,127,True
58,350,855,919,64,True
60,334,855,919,64,True
70,372,855,919,64,True
71,322,855,982,127,True
80,356,855,919,64,True
83,339,855,919,64,True
84,365,855,919,64,True
85,346,855,919,64,True
87,326,855,982,127,True
88,339,855,982,127,True
92,356,855,982,127,True
93,377,855,982,127,True
96,334,855,982,127,True
98,328,855,919,64,True
0,334,856,935,79,True
8,355,856,935,79,True
9,360,856,935,79,True
10,335,856,935,79,True
12,358,856,930,74,True
13,339,856,935,79,True
14,367,856,935,79,True
15,354,856,935,79,True
18,356,856,935,79,True
20,334,856,935,79,True
21,349,856,935,79,True
22,328,856,935,79,True
23,341,856,935,79,True
24,331,856,935,79,True
25,333,856,935,79,True
27,357,856,935,79,True
28,318,856,935,79,True
30,335,856,935,79,True
35,327,856,935,79,True
37,339,856,935,79,True
45,351,856,935,79,True
47,373,856,935,79,True
52,333,856,919,63,True
55,358,856,982,126,True
57,353,856,982,126,True
61,349,856,982,126,True
62,333,856,930,74,True
65,350,856,982,126,True
67,322,856,982,126,True
68,342,856,919,63,True
70,373,856,919,63,True
72,338,856,982,126,True
76,373,856,982,126,True
80,357,856,919,63,True
81,345,856,982,126,True
82,339,856,982,126,True
85,347,856,919,63,True
86,338,856,982,126,True
89,336,856,982,126,True
90,339,856,982,126,True
91,333,856,982,126,True
92,357,856,982,126,True
97,338,856,919,63,True
98,329,856,919,63,True
1,331,857,935,78,True
6,344,857,935,78,True
7,339,857,935,78,True
8,356,857,935,78,True
9,361,857,994,137,True
10,336,857,935,78,True
11,338,857,935,78,True
13,340,857,935,78,True
20,335,857,935,78,True
23,342,857,935,78,True
25,334,857,935,78,True
28,319,857,935,78,True
36,344,857,935,78,True
38,359,857,935,78,True
39,342,857,994,137,True
41,347,857,935,78,True
42,337,857,935,78,True
43,366,857,935,78,True
46,323,857,994,137,True
49,360,857,935,78,True
50,325,857,982,125,True
52,334,857,919,62,True
53,357,857,982,125,True
54,313,857,919,62,True
55,359,857,982,125,True
57,354,857,982,125,True
58,351,857,919,62,True
61,350,857,982,125,True
62,334,857,930,73,True
63,374,857,982,125,True
64,313,857,919,62,True
65,351,857,982,125,True
66,338,857,919,62,True
69,320,857,982,125,True
72,339,857,982,125,True
74,330,857,982,125,True
77,344,857,982,125,True
78,340,857,919,62,True
79,340,857,982,125,True
86,339,857,982,125,True
93,378,857,982,125,True
94,354,857,982,125,True
95,343,857,982,125,True
98,330,857,919,62,True
2,334,858,935,77,True
3,333,858,935,77,True
7,340,858,935,77,True
8,357,858,935,77,True
15,355,858,935,77,True
16,361,858,935,77,True
17,332,858,935,77,True
21,350,858,935,77,True
22,329,858,935,77,True
23,343,858,935,77,True
28,320,858,935,77,True
30,336,858,935,77,True
31,345,858,935,77,True
32,345,858,935,77,True
34,334,858,935,77,True
39,343,858,994,136,True
40,366,858,935,77,True
41,348,858,935,77,True
44,367,858,935,77,True
46,324,858,994,136,True
47,374,858,935,77,True
50,326,858,982,124,True
53,358,858,982,124,True
54,314,858,919,61,True
56,378,858,982,124,True
57,355,858,982,124,True
62,335,858,930,72,True
64,314,858,919,61,True
65,352,858,982,124,True
67,323,858,982,124,True
68,343,858,919,61,True
73,342,858,919,61,True
74,331,858,982,124,True
83,340,858,919,61,True
84,366,858,919,61,True
85,348,858,919,61,True
87,327,858,982,124,True
90,340,858,982,124,True
95,344,858,982,124,True
96,335,858,982,124,True
98,331,858,919,61,True
99,367,858,982,124,True
3,334,859,935,76,True
6,345,859,994,135,True
17,333,859,935,76,True
23,344,859,935,76,True
24,332,859,935,76,True
28,321,859,935,76,True
29,344,859,935,76,True
30,337,859,935,76,True
33,378,859,994,135,True
34,335,859,935,76,True
37,340,859,994,135,True
38,360,859,935,76,True
39,344,859,994,135,True
46,325,859,994,135,True
49,361,859,935,76,True
50,327,859,982,123,True
52,335,859,919,60,True
56,379,859,982,123,True
59,332,859,982,123,True
65,353,859,982,123,True
66,339,859,919,60,True
71,323,859,982,123,True
76,374,859,982,123,True
79,341,859,982,123,True
82,340,859,982,123,True
83,341,859,919,60,True
84,367,859,919,60,True
87,328,859,982,123,True
92,358,859,982,123,True
93,379,859,982,123,True
97,339,859,982,123,True
99,368,859,982,123,True
0,335,860,935,75,True
1,332,860,935,75,True
3,335,860,935,75,True
5,349,860,935,75,True
9,362,860,994,134,True
13,341,860,935,75,True
14,368,860,935,75,True
15,356,860,935,75,True
16,362,860,935,75,True
19,334,860,935,75,True
20,336,860,935,75,True
24,333,860,935,75,True
26,333,860,994,134,True
29,345,860,935,75,True
30,338,860,935,75,True
31,346,860,994,134,True
33,379,860,994,134,True
34,336,860,935,75,True
35,328,860,994,134,True
43,367,860,994,134,True
44,368,860,935,75,True
46,326,860,994,134,True
47,375,860,935,75,True
49,362,860,935,75,True
51,335,860,919,59,True
52,336,860,919,59,True
53,359,860,982,122,True
54,315,860,919,59,True
57,356,860,982,122,True
58,352,860,919,59,True
60,335,860,919,59,True
63,375,860,982,122,True
67,324,860,982,122,True
71,324,860,982,122,True
72,340,860,982,122,True
77,345,860,982,122,True
79,342,860,982,122,True
81,346,860,982,122,True
83,342,860,919,59,True
86,340,860,982,122,True
87,329,860,982,122,True
88,340,860,982,122,True
89,337,860,982,122,True
91,334,860,982,122,True
94,355,860,982,122,True
97,340,860,982,122,True
7,341,861,935,74,True
10,337,861,935,74,True
13,342,861,935,74,True
14,369,861,935,74,True
19,335,861,994,133,True
20,337,861,935,74,True
25,335,861,935,74,True
29,346,861,935,74,True
30,339,861,935,74,True
32,346,861,935,74,True
35,329,861,994,133,True
37,341,861,994,133,True
39,345,861,994,133,True
40,367,861,935,74,True
46,327,861,994,133,True
47,376,861,935,74,True
49,363,861,935,74,True
51,336,861,919,58,True
52,337,861,919,58,True
55,360,861,982,121,True
59,333,861,982,121,True
62,336,861,930,69,True
73,343,861,919,58,True
74,332,861,982,121,True
77,346,861,982,121,True
78,341,861,919,58,True
79,343,861,982,121,True
80,358,861,919,58,True
82,341,861,982,121,True
84,368,861,919,58,True
85,349,861,919,58,True
86,341,861,982,121,True
88,341,861,982,121,True
89,338,861,982,121,True
90,341,861,982,121,True
91,335,861,982,121,True
95,345,861,982,121,True
97,341,861,982,121,True
99,369,861,982,121,True
1,333,862,935,73,True
6,346,862,994,132,True
7,342,862,935,73,True
9,363,862,994,132,True
12,359,862,935,73,True
14,370,862,935,73,True
21,351,862,935,73,True
22,330,862,935,73,True
25,336,862,935,73,True
26,334,862,994,132,True
27,358,862,994,132,True
28,322,862,935,73,True
30,340,862,935,73,True
32,347,862,935,73,True
37,342,862,994,132,True
40,368,862,935,73,True
41,349,862,935,73,True
42,338,862,935,73,True
43,368,862,994,132,True
50,328,862,982,120,True
54,316,862,919,57,True
56,380,862,982,120,True
58,353,862,919,57,True
62,337,862,930,68,True
63,376,862,982,120,True
64,315,862,919,57,True
67,325,862,982,120,True
70,374,862,982,120,True
71,325,862,982,120,True
74,333,862,982,120,True
78,342,862,919,57,True
83,343,862,919,57,True
85,350,862,919,57,True
87,330,862,982,120,True
88,342,862,982,120,True
92,359,862,982,120,True
95,346,862,982,120,True
96,336,862,982,120,True
0,336,863,935,72,True
5,350,863,935,72,True
8,358,863,935,72,True
9,364,863,994,131,True
10,338,863,935,72,True
14,371,863,935,72,True
15,357,863,935,72,True
16,363,863,935,72,True
17,334,863,994,131,True
20,338,863,935,72,True
23,345,863,935,72,True
24,334,863,994,131,True
25,337,863,935,72,True
26,335,863,994,131,True
29,347,863,935,72,True
30,341,863,935,72,True
32,348,863,935,72,True
34,337,863,994,131,True
35,330,863,994,131,True
37,343,863,994,131,True
41,350,863,935,72,True
42,339,863,935,72,True
43,369,863,994,131,True
44,369,863,935,72,True
46,328,863,994,131,True
49,364,863,935,72,True
50,329,863,982,119,True
52,338,863,919,56,True
56,381,863,982,119,True
63,377,863,982,119,True
65,354,863,982,119,True
66,340,863,919,56,True
68,344,863,919,56,True
69,321,863,982,119,True
70,375,863,982,119,True
75,352,863,,,False
77,347,863,982,119,True
78,343,863,919,56,True
81,347,863,982,119,True
82,342,863,982,119,True
83,344,863,982,119,True
84,369,863,919,56,True
87,331,863,982,119,True
92,360,863,982,119,True
96,337,863,982,119,True
1,334,864,935,71,True
5,351,864,935,71,True
6,347,864,994,130,True
7,343,864,935,71,True
9,365,864,994,130,True
10,339,864,935,71,True
11,339,864,935,71,True
13,343,864,935,71,True
15,358,864,935,71,True
16,364,864,935,71,True
18,357,864,935,71,True
20,339,864,935,71,True
22,331,864,935,71,True
25,338,864,935,71,True
29,348,864,935,71,True
33,380,864,994,130,True
36,345,864,935,71,True
39,346,864,994,130,True
44,370,864,935,71,True
45,352,864,935,71,True
51,337,864,919,55,True
57,357,864,982,118,True
59,334,864,982,118,True
60,336,864,982,118,True
61,351,864,982,118,True
63,378,864,982,118,True
66,341,864,919,55,True
67,326,864,982,118,True
68,345,864,919,55,True
69,322,864,982,118,True
71,326,864,982,118,True
72,341,864,982,118,True
75,353,864,,,False
77,348,864,982,118,True
82,343,864,982,118,True
83,345,864,982,118,True
87,332,864,982,118,True
89,339,864,982,118,True
91,336,864,982,118,True
92,361,864,982,118,True
94,356,864,982,118,True
95,347,864,982,118,True
96,338,864,982,118,True
98,332,864,982,118,True
99,370,864,982,118,True
0,337,865,935,70,True
2,335,865,994,129,True
5,352,865,935,70,True
7,344,865,935,70,True
9,366,865,994,129,True
10,340,865,935,70,True
25,339,865,935,70,True
27,359,865,994,129,True
31,347,865,994,129,True
34,338,865,994,129,True
35,331,865,994,129,True
36,346,865,935,70,True
38,361,865,935,70,True
39,347,865,994,129,True
40,369,865,935,70,True
41,351,865,935,70,True
43,370,865,994,129,True
44,371,865,935,70,True
46,329,865,994,129,True
51,338,865,919,54,True
52,339,865,919,54,True
53,360,865,982,117,True
54,317,865,919,54,True
59,335,865,982,117,True
61,352,865,982,117,True
63,379,865,982,117,True
64,316,865,919,54,True
66,342,865,919,54,True
67,327,865,982,117,True
71,327,865,982,117,True
72,342,865,982,117,True
75,354,865,,,False
78,344,865,919,54,True
81,348,865,982,117,True
82,344,865,982,117,True
83,346,865,982,117,True
84,370,865,919,54,True
85,351,865,919,54,True
86,342,865,982,117,True
87,333,865,982,117,True
88,343,865,982,117,True
89,340,865,982,117,True
91,337,865,982,117,True
92,362,865,982,117,True
96,339,865,982,117,True
0,338,866,935,69,True
3,336,866,935,69,True
4,329,866,994,128,True
6,348,866,994,128,True
8,359,866,935,69,True
12,360,866,935,69,True
15,359,866,935,69,True
17,335,866,994,128,True
19,336,866,994,128,True
20,340,866,935,69,True
21,352,866,935,69,True
22,332,866,935,69,True
26,336,866,994,128,True
27,360,866,994,128,True
28,323,866,935,69,True
30,342,866,935,69,True
34,339,866,994,128,True
35,332,866,994,128,True
36,347,866,935,69,True
37,344,866,994,128,True
38,362,866,935,69,True
40,370,866,935,69,True
41,352,866,935,69,True
44,372,866,935,69,True
45,353,866,935,69,True
47,377,866,935,69,True
49,365,866,935,69,True
51,339,866,919,53,True
52,340,866,919,53,True
54,318,866,919,53,True
56,382,866,982,116,True
57,358,866,982,116,True
59,336,866,982,116,True
61,353,866,982,116,True
65,355,866,982,116,True
70,376,866,982,116,True
72,343,866,982,116,True
77,349,866,982,116,True
78,345,866,982,116,True
79,344,866,982,116,True
82,345,866,982,116,True
84,371,866,919,53,True
87,334,866,982,116,True
88,344,866,982,116,True
89,341,866,982,116,True
90,342,866,982,116,True
92,363,866,982,116,True
99,371,866,982,116,True
1,335,867,935,68,True
6,349,867,994,127,True
7,345,867,994,127,True
8,360,867,935,68,True
12,361,867,935,68,True
13,344,867,935,68,True
14,372,867,935,68,True
15,360,867,935,68,True
17,336,867,994,127,True
18,358,867,994,127,True
20,341,867,935,68,True
21,353,867,935,68,True
22,333,867,935,68,True
23,346,867,935,68,True
24,335,867,994,127,True
25,340,867,935,68,True
27,361,867,994,127,True
28,324,867,935,68,True
31,348,867,994,127,True
34,340,867,994,127,True
42,340,867,935,68,True
45,354,867,935,68,True
46,330,867,994,127,True
47,378,867,935,68,True
49,366,867,935,68,True
50,330,867,982,115,True
51,340,867,919,52,True
53,361,867,982,115,True
55,361,867,982,115,True
58,354,867,919,52,True
59,337,867,982,115,True
60,337,867,982,115,True
61,354,867,982,115,True
63,380,867,982,115,True
64,317,867,919,52,True
66,343,867,919,52,True
67,328,867,982,115,True
68,346,867,919,52,True
69,323,867,982,115,True
71,328,867,982,115,True
72,344,867,982,115,True
73,344,867,919,52,True
74,334,867,982,115,True
77,350,867,982,115,True
82,346,867,982,115,True
84,372,867,919,52,True
85,352,867,982,115,True
87,335,867,982,115,True
91,338,867,982,115,True
93,380,867,,,False
96,340,867,982,115,True
5,353,868,935,67,True
6,350,868,994,126,True
7,346,868,994,126,True
9,367,868,994,126,True
12,362,868,935,67,True
14,373,868,935,67,True
15,361,868,935,67,True
18,359,868,994,126,True
25,341,868,935,67,True
26,337,868,994,126,True
27,362,868,994,126,True
29,349,868,935,67,True
31,349,868,994,126,True
33,381,868,994,126,True
34,341,868,994,126,True
36,348,868,935,67,True
37,345,868,994,126,True
41,353,868,935,67,True
43,371,868,994,126,True
44,373,868,935,67,True
45,355,868,935,67,True
47,379,868,935,67,True
49,367,868,935,67,True
52,341,868,919,51,True
58,355,868,919,51,True
60,338,868,982,114,True
61,355,868,982,114,True
62,338,868,930,62,True
64,318,868,919,51,True
66,344,868,919,51,True
68,347,868,919,51,True
70,377,868,982,114,True
79,345,868,982,114,True
80,359,868,982,114,True
81,349,868,982,114,True
82,347,868,982,114,True
84,373,868,919,51,True
85,353,868,982,114,True
86,343,868,982,114,True
87,336,868,982,114,True
89,342,868,982,114,True
93,381,868,,,False
96,341,868,982,114,True
97,342,868,982,114,True
98,333,868,982,114,True
2,336,869,994,125,True
6,351,869,994,125,True
13,345,869,935,66,True
16,365,869,935,66,True
17,337,869,994,125,True
19,337,869,994,125,True
20,342,869,935,66,True
21,354,869,935,66,True
25,342,869,935,66,True
32,349,869,935,66,True
41,354,869,935,66,True
42,341,869,935,66,True
45,356,869,935,66,True
47,380,869,935,66,True
48,337,869,935,66,True
51,341,869,919,50,True
52,342,869,919,50,True
55,362,869,982,113,True
56,383,869,982,113,True
57,359,869,982,113,True
60,339,869,982,113,True
61,356,869,982,113,True
64,319,869,982,113,True
66,345,869,919,50,True
67,329,869,982,113,True
71,329,869,982,113,True
74,335,869,982,113,True
75,355,869,,,False
77,351,869,982,113,True
80,360,869,982,113,True
90,343,869,982,113,True
92,364,869,982,113,True
93,382,869,,,False
95,348,869,982,113,True
96,342,869,982,113,True
98,334,869,982,113,True
99,372,869,982,113,True
3,337,870,935,65,True
8,361,870,935,65,True
10,341,870,935,65,True
13,346,870,935,65,True
15,362,870,935,65,True
16,366,870,935,65,True
19,338,870,994,124,True
21,355,870,935,65,True
22,334,870,994,124,True
23,347,870,935,65,True
24,336,870,994,124,True
25,343,870,935,65,True
29,350,870,994,124,True
30,343,870,935,65,True
33,382,870,994,124,True
35,333,870,994,124,True
41,355,870,935,65,True
42,342,870,935,65,True
43,372,870,994,124,True
44,374,870,935,65,True
49,368,870,935,65,True
51,342,870,919,49,True
52,343,870,919,49,True
54,319,870,982,112,True
58,356,870,982,112,True
59,338,870,982,112,True
60,340,870,982,112,True
62,339,870,930,60,True
63,381,870,982,112,True
67,330,870,982,112,True
68,348,870,982,112,True
69,324,870,982,112,True
70,378,870,982,112,True
74,336,870,982,112,True
77,352,870,982,112,True
78,346,870,982,112,True
82,348,870,982,112,True
86,344,870,982,112,True
87,337,870,982,112,True
90,344,870,982,112,True
92,365,870,982,112,True
94,357,870,982,112,True
96,343,870,982,112,True
98,335,870,982,112,True
0,339,871,935,64,True
3,338,871,935,64,True
6,352,871,994,123,True
7,347,871,994,123,True
8,362,871,935,64,True
14,374,871,935,64,True
15,363,871,935,64,True
18,360,871,994,123,True
23,348,871,935,64,True
24,337,871,994,123,True
26,338,871,994,123,True
33,383,871,994,123,True
36,349,871,935,64,True
37,346,871,994,123,True
39,348,871,994,123,True
44,375,871,994,123,True
45,357,871,935,64,True
46,331,871,994,123,True
47,381,871,935,64,True
49,369,871,935,64,True
53,362,871,982,111,True
54,320,871,982,111,True
55,363,871,982,111,True
56,384,871,982,111,True
57,360,871,982,111,True
58,357,871,982,111,True
59,339,871,982,111,True
60,341,871,982,111,True
63,382,871,982,111,True
65,356,871,982,111,True
68,349,871,982,111,True
69,325,871,982,111,True
70,379,871,982,111,True
72,345,871,982,111,True
75,356,871,,,False
78,347,871,982,111,True
79,346,871,982,111,True
83,347,871,982,111,True
84,374,871,930,59,True
85,354,871,982,111,True
86,345,871,982,111,True
90,345,871,982,111,True
99,373,871,982,111,True
0,340,872,935,63,True
2,337,872,994,122,True
3,339,872,935,63,True
6,353,872,994,122,True
9,368,872,994,122,True
10,342,872,935,63,True
11,340,872,935,63,True
14,375,872,935,63,True
15,364,872,935,63,True
19,339,872,994,122,True
20,343,872,935,63,True
22,335,872,994,122,True
25,344,872,935,63,True
27,363,872,,,False
29,351,872,994,122,True
30,344,872,935,63,True
33,384,872,994,122,True
35,334,872,994,122,True
37,347,872,994,122,True
38,363,872,935,63,True
41,356,872,935,63,True
44,376,872,994,122,True
45,358,872,935,63,True
49,370,872,935,63,True
50,331,872,982,110,True
53,363,872,982,110,True
56,385,872,982,110,True
63,383,872,982,110,True
67,331,872,982,110,True
68,350,872,982,110,True
72,346,872,982,110,True
74,337,872,982,110,True
83,348,872,982,110,True
84,375,872,930,58,True
90,346,872,982,110,True
91,339,872,982,110,True
94,358,872,982,110,True
98,336,872,982,110,True
0,341,873,935,62,True
1,336,873,935,62,True
2,338,873,994,121,True
4,330,873,994,121,True
6,354,873,994,121,True
12,363,873,935,62,True
15,365,873,935,62,True
16,367,873,935,62,True
19,340,873,994,121,True
22,336,873,994,121,True
25,345,873,935,62,True
29,352,873,994,121,True
30,345,873,935,62,True
33,385,873,994,121,True
34,342,873,994,121,True
35,335,873,994,121,True
38,364,873,935,62,True
43,373,873,994,121,True
44,377,873,994,121,True
47,382,873,935,62,True
48,338,873,935,62,True
49,371,873,935,62,True
53,364,873,982,109,True
55,364,873,982,109,True
60,342,873,982,109,True
62,340,873,930,57,True
63,384,873,982,109,True
65,357,873,982,109,True
66,346,873,982,109,True
69,326,873,982,109,True
70,380,873,982,109,True
72,347,873,982,109,True
75,357,873,,,False
78,348,873,982,109,True
79,347,873,982,109,True
83,349,873,982,109,True
87,338,873,982,109,True
88,345,873,982,109,True
90,347,873,982,109,True
91,340,873,982,109,True
93,383,873,,,False
96,344,873,982,109,True
98,337,873,982,109,True
1,337,874,994,120,True
3,340,874,935,61,True
4,331,874,994,120,True
5,354,874,994,120,True
9,369,874,994,120,True
10,343,874,994,120,True
12,364,874,935,61,True
16,368,874,935,61,True
24,338,874,994,120,True
27,364,874,,,False
30,346,874,935,61,True
31,350,874,994,120,True
33,386,874,994,120,True
34,343,874,994,120,True
36,350,874,935,61,True
38,365,874,935,61,True
39,349,874,994,120,True
40,371,874,935,61,True
41,357,874,935,61,True
43,374,874,994,120,True
44,378,874,994,120,True
45,359,874,935,61,True
46,332,874,994,120,True
50,332,874,982,108,True
51,343,874,919,45,True
52,344,874,930,56,True
56,386,874,982,108,True
57,361,874,982,108,True
60,343,874,982,108,True
61,357,874,,,False
62,341,874,930,56,True
63,385,874,982,108,True
64,320,874,982,108,True
68,351,874,982,108,True
70,381,874,982,108,True
75,358,874,,,False
78,349,874,982,108,True
79,348,874,982,108,True
81,350,874,982,108,True
84,376,874,930,56,True
85,355,874,982,108,True
87,339,874,982,108,True
88,346,874,982,108,True
95,349,874,982,108,True
96,345,874,982,108,True
3,341,875,935,60,True
11,341,875,935,60,True
13,347,875,935,60,True
15,366,875,935,60,True
16,369,875,935,60,True
18,361,875,994,119,True
19,341,875,994,119,True
22,337,875,994,119,True
25,346,875,935,60,True
26,339,875,994,119,True
30,347,875,935,60,True
35,336,875,994,119,True
37,348,875,994,119,True
40,372,875,994,119,True
41,358,875,935,60,True
42,343,875,994,119,True
43,375,875,994,119,True
44,379,875,994,119,True
47,383,875,935,60,True
48,339,875,935,60,True
53,365,875,982,107,True
56,387,875,982,107,True
58,358,875,982,107,True
62,342,875,930,55,True
63,386,875,982,107,True
66,347,875,982,107,True
68,352,875,982,107,True
69,327,875,982,107,True
70,382,875,982,107,True
72,348,875,982,107,True
73,345,875,919,44,True
74,338,875,982,107,True
76,375,875,982,107,True
77,353,875,982,107,True
78,350,875,982,107,True
79,349,875,982,107,True
80,361,875,982,107,True
81,351,875,982,107,True
82,349,875,982,107,True
83,350,875,982,107,True
84,377,875,930,55,True
87,340,875,982,107,True
90,348,875,982,107,True
98,338,875,982,107,True
4,332,876,994,118,True
5,355,876,994,118,True
6,355,876,994,118,True
8,363,876,935,59,True
15,367,876,935,59,True
17,338,876,994,118,True
20,344,876,994,118,True
23,349,876,935,59,True
25,347,876,935,59,True
26,340,876,,,False
27,365,876,,,False
30,348,876,935,59,True
31,351,876,994,118,True
32,350,876,935,59,True
33,387,876,994,118,True
34,344,876,994,118,True
37,349,876,994,118,True
38,366,876,935,59,True
40,373,876,994,118,True
43,376,876,994,118,True
48,340,876,935,59,True
52,345,876,930,54,True
55,365,876,982,106,True
56,388,876,982,106,True
58,359,876,982,106,True
59,340,876,982,106,True
60,344,876,982,106,True
61,358,876,,,False
63,387,876,982,106,True
68,353,876,982,106,True
70,383,876,982,106,True
72,349,876,982,106,True
74,339,876,982,106,True
77,354,876,982,106,True
78,351,876,982,106,True
79,350,876,982,106,True
81,352,876,982,106,True
84,378,876,930,54,True
85,356,876,982,106,True
86,346,876,982,106,True
88,347,876,982,106,True
89,343,876,982,106,True
91,341,876,,,False
92,366,876,982,106,True
93,384,876,,,False
96,346,876,982,106,True
97,343,876,982,106,True
1,338,877,994,117,True
3,342,877,935,58,True
4,333,877,994,117,True
5,356,877,994,117,True
6,356,877,994,117,True
8,364,877,935,58,True
11,342,877,994,117,True
13,348,877,994,117,True
14,376,877,994,117,True
15,368,877,935,58,True
17,339,877,994,117,True
18,362,877,994,117,True
19,342,877,994,117,True
20,345,877,994,117,True
22,338,877,994,117,True
24,339,877,994,117,True
27,366,877,,,False
28,325,877,994,117,True
29,353,877,994,117,True
30,349,877,935,58,True
34,345,877,994,117,True
37,350,877,994,117,True
39,350,877,994,117,True
42,344,877,994,117,True
45,360,877,935,58,True
48,341,877,935,58,True
61,359,877,,,False
62,343,877,930,53,True
63,388,877,982,105,True
67,332,877,982,105,True
69,328,877,982,105,True
70,384,877,982,105,True
72,350,877,982,105,True
74,340,877,982,105,True
75,359,877,,,False
77,355,877,982,105,True
80,362,877,982,105,True
81,353,877,982,105,True
82,350,877,982,105,True
83,351,877,982,105,True
85,357,877,982,105,True
91,342,877,,,False
92,367,877,982,105,True
98,339,877,982,105,True
1,339,878,994,116,True
2,339,878,,,False
5,357,878,994,116,True
6,357,878,994,116,True
7,348,878,994,116,True
8,365,878,935,57,True
11,343,878,994,116,True
14,377,878,994,116,True
17,340,878,994,116,True
19,343,878,994,116,True
22,339,878,994,116,True
24,340,878,994,116,True
29,354,878,994,116,True
38,367,878,935,57,True
41,359,878,935,57,True
46,333,878,994,116,True
49,372,878,935,57,True
52,346,878,930,52,True
54,321,878,982,104,True
55,366,878,982,104,True
58,360,878,982,104,True
59,341,878,982,104,True
60,345,878,982,104,True
62,344,878,930,52,True
65,358,878,982,104,True
67,333,878,982,104,True
68,354,878,982,104,True
70,385,878,982,104,True
73,346,878,930,52,True
81,354,878,982,104,True
84,379,878,930,52,True
94,359,878,982,104,True
98,340,878,982,104,True
2,340,879,,,False
4,334,879,994,115,True
5,358,879,994,115,True
6,358,879,994,115,True
10,344,879,994,115,True
11,344,879,994,115,True
12,365,879,935,56,True
13,349,879,994,115,True
15,369,879,935,56,True
16,370,879,935,56,True
20,346,879,994,115,True
21,356,879,935,56,True
23,350,879,935,56,True
29,355,879,994,115,True
30,350,879,994,115,True
31,352,879,994,115,True
32,351,879,935,56,True
34,346,879,994,115,True
40,374,879,994,115,True
41,360,879,935,56,True
42,345,879,994,115,True
44,380,879,,,False
45,361,879,935,56,True
49,373,879,935,56,True
51,344,879,930,51,True
53,366,879,982,103,True
55,367,879,982,103,True
56,389,879,982,103,True
57,362,879,,,False
59,342,879,982,103,True
60,346,879,982,103,True
61,360,879,,,False
63,389,879,982,103,True
69,329,879,982,103,True
74,341,879,982,103,True
76,376,879,982,103,True
78,352,879,982,103,True
79,351,879,982,103,True
80,363,879,982,103,True
85,358,879,982,103,True
86,347,879,982,103,True
87,341,879,982,103,True
89,344,879,982,103,True
91,343,879,,,False
95,350,879,982,103,True
98,341,879,982,103,True
99,374,879,982,103,True
4,335,880,994,114,True
5,359,880,994,114,True
6,359,880,994,114,True
8,366,880,935,55,True
11,345,880,994,114,True
14,378,880,994,114,True
16,371,880,935,55,True
18,363,880,994,114,True
19,344,880,994,114,True
20,347,880,994,114,True
21,357,880,935,55,True
24,341,880,994,114,True
26,341,880,,,False
27,367,880,,,False
31,353,880,994,114,True
32,352,880,935,55,True
33,388,880,994,114,True
35,337,880,994,114,True
38,368,880,935,55,True
39,351,880,994,114,True
43,377,880,994,114,True
45,362,880,935,55,True
46,334,880,994,114,True
51,345,880,982,102,True
53,367,880,982,102,True
56,390,880,982,102,True
62,345,880,930,50,True
63,390,880,982,102,True
65,359,880,,,False
67,334,880,982,102,True
68,355,880,982,102,True
75,360,880,,,False
77,356,880,982,102,True
81,355,880,982,102,True
88,348,880,982,102,True
89,345,880,982,102,True
90,349,880,982,102,True
93,385,880,,,False
96,347,880,982,102,True
97,344,880,982,102,True
1,340,881,,,False
2,341,881,,,False
8,367,881,935,54,True
14,379,881,994,113,True
19,345,881,994,113,True
20,348,881,994,113,True
21,358,881,935,54,True
23,351,881,935,54,True
25,348,881,994,113,True
27,368,881,,,False
33,389,881,994,113,True
34,347,881,994,113,True
37,351,881,994,113,True
39,352,881,994,113,True
40,375,881,994,113,True
45,363,881,935,54,True
50,333,881,982,101,True
53,368,881,982,101,True
55,368,881,982,101,True
56,391,881,982,101,True
57,363,881,,,False
60,347,881,982,101,True
65,360,881,,,False
67,335,881,982,101,True
68,356,881,982,101,True
70,386,881,982,101,True
71,330,881,982,101,True
73,347,881,930,49,True
74,342,881,982,101,True
78,353,881,982,101,True
81,356,881,982,101,True
90,350,881,982,101,True
94,360,881,982,101,True
95,351,881,982,101,True
96,348,881,982,101,True
99,375,881,982,101,True
0,342,882,935,53,True
3,343,882,935,53,True
6,360,882,994,112,True
14,380,882,994,112,True
15,370,882,994,112,True
16,372,882,935,53,True
20,349,882,994,112,True
22,340,882,994,112,True
23,352,882,935,53,True
29,356,882,994,112,True
33,390,882,994,112,True
39,353,882,994,112,True
41,361,882,935,53,True
42,346,882,994,112,True
45,364,882,935,53,True
49,374,882,994,112,True
51,346,882,982,100,True
53,369,882,982,100,True
54,322,882,982,100,True
57,364,882,,,False
58,361,882,982,100,True
59,343,882,982,100,True
61,361,882,,,False
63,391,882,982,100,True
65,361,882,,,False
67,336,882,982,100,True
70,387,882,982,100,True
73,348,882,930,48,True
76,377,882,,,False
80,364,882,982,100,True
82,351,882,982,100,True
83,352,882,982,100,True
89,346,882,982,100,True
90,351,882,982,100,True
91,344,882,,,False
93,386,882,,,False
95,352,882,982,100,True
99,376,882,982,100,True
0,343,883,994,111,True
1,341,883,,,False
4,336,883,994,111,True
5,360,883,994,111,True
9,370,883,,,False
11,346,883,994,111,True
15,371,883,994,111,True
16,373,883,935,52,True
17,341,883,994,111,True
19,346,883,,,False
23,353,883,935,52,True
24,342,883,994,111,True
25,349,883,994,111,True
27,369,883,,,False
28,326,883,994,111,True
29,357,883,994,111,True
34,348,883,994,111,True
36,351,883,994,111,True
37,352,883,994,111,True
39,354,883,994,111,True
41,362,883,935,52,True
42,347,883,994,111,True
46,335,883,994,111,True
49,375,883,994,111,True
56,392,883,982,99,True
57,365,883,,,False
59,344,883,982,99,True
61,362,883,,,False
62,346,883,930,47,True
63,392,883,982,99,True
64,321,883,982,99,True
66,348,883,982,99,True
67,337,883,982,99,True
70,388,883,982,99,True
74,343,883,982,99,True
77,357,883,982,99,True
78,354,883,982,99,True
79,352,883,982,99,True
80,365,883,982,99,True
82,352,883,982,99,True
83,353,883,982,99,True
86,348,883,982,99,True
87,342,883,982,99,True
88,349,883,982,99,True
89,347,883,982,99,True
90,352,883,982,99,True
92,368,883,,,False
96,349,883,982,99,True
99,377,883,982,99,True
1,342,884,,,False
2,342,884,,,False
4,337,884,994,110,True
5,361,884,994,110,True
12,366,884,994,110,True
14,381,884,994,110,True
15,372,884,994,110,True
17,342,884,994,110,True
24,343,884,994,110,True
25,350,884,994,110,True
33,391,884,994,110,True
35,338,884,994,110,True
41,363,884,935,51,True
42,348,884,994,110,True
43,378,884,994,110,True
45,365,884,935,51,True
49,376,884,994,110,True
52,347,884,982,98,True
56,393,884,982,98,True
57,366,884,,,False
61,363,884,,,False
62,347,884,930,46,True
64,322,884,982,98,True
70,389,884,982,98,True
73,349,884,930,46,True
74,344,884,982,98,True
80,366,884,982,98,True
83,354,884,982,98,True
85,359,884,982,98,True
86,349,884,982,98,True
87,343,884,982,98,True
88,350,884,982,98,True
89,348,884,982,98,True
93,387,884,,,False
94,361,884,982,98,True
95,353,884,982,98,True
96,350,884,,,False
98,342,884,982,98,True
1,343,885,,,False
5,362,885,994,109,True
9,371,885,,,False
15,373,885,994,109,True
18,364,885,,,False
19,347,885,,,False
20,350,885,994,109,True
25,351,885,994,109,True
26,342,885,,,False
32,353,885,994,109,True
37,353,885,994,109,True
39,355,885,994,109,True
40,376,885,994,109,True
42,349,885,994,109,True
47,384,885,935,50,True
50,334,885,,,False
51,347,885,982,97,True
54,323,885,982,97,True
56,394,885,,,False
57,367,885,,,False
58,362,885,982,97,True
63,393,885,982,97,True
65,362,885,,,False
68,357,885,982,97,True
72,351,885,982,97,True
75,361,885,,,False
82,353,885,982,97,True
85,360,885,982,97,True
87,344,885,982,97,True
88,351,885,,,False
91,345,885,,,False
93,388,885,,,False
96,351,885,,,False
97,345,885,982,97,True
99,378,885,982,97,True
2,343,886,,,False
3,344,886,935,49,True
7,349,886,994,108,True
10,345,886,994,108,True
15,374,886,994,108,True
17,343,886,994,108,True
19,348,886,,,False
22,341,886,994,108,True
23,354,886,935,49,True
26,343,886,,,False
29,358,886,994,108,True
30,351,886,994,108,True
33,392,886,994,108,True
34,349,886,994,108,True
37,354,886,994,108,True
42,350,886,994,108,True
48,342,886,994,108,True
49,377,886,994,108,True
51,348,886,982,96,True
52,348,886,982,96,True
56,395,886,,,False
59,345,886,,,False
61,364,886,,,False
62,348,886,982,96,True
63,394,886,982,96,True
64,323,886,982,96,True
65,363,886,,,False
66,349,886,982,96,True
68,358,886,982,96,True
70,390,886,982,96,True
75,362,886,,,False
76,378,886,,,False
80,367,886,982,96,True
84,380,886,982,96,True
85,361,886,982,96,True
88,352,886,,,False
90,353,886,982,96,True
93,389,886,,,False
97,346,886,982,96,True
99,379,886,982,96,True
0,344,887,994,107,True
2,344,887,,,False
4,338,887,,,False
5,363,887,994,107,True
8,368,887,994,107,True
9,372,887,,,False
12,367,887,994,107,True
13,350,887,994,107,True
18,365,887,,,False
22,342,887,994,107,True
23,355,887,935,48,True
28,327,887,994,107,True
29,359,887,994,107,True
31,354,887,994,107,True
32,354,887,994,107,True
34,350,887,994,107,True
35,339,887,994,107,True
37,355,887,994,107,True
38,369,887,994,107,True
39,356,887,,,False
41,364,887,994,107,True
43,379,887,994,107,True
45,366,887,994,107,True
47,385,887,935,48,True
49,378,887,994,107,True
52,349,887,982,95,True
55,369,887,982,95,True
56,396,887,,,False
57,368,887,,,False
59,346,887,,,False
60,348,887,982,95,True
61,365,887,,,False
62,349,887,982,95,True
64,324,887,982,95,True
67,338,887,982,95,True
68,359,887,982,95,True
71,331,887,,,False
73,350,887,982,95,True
76,379,887,,,False
79,353,887,982,95,True
80,368,887,982,95,True
85,362,887,982,95,True
88,353,887,,,False
89,349,887,,,False
92,369,887,,,False
95,354,887,,,False
97,347,887,982,95,True
98,343,887,982,95,True
1,344,888,,,False
7,350,888,994,106,True
9,373,888,,,False
11,347,888,994,106,True
12,368,888,994,106,True
14,382,888,994,106,True
15,375,888,994,106,True
16,374,888,994,106,True
17,344,888,994,106,True
19,349,888,,,False
21,359,888,935,47,True
22,343,888,994,106,True
24,344,888,994,106,True
30,352,888,994,106,True
34,351,888,994,106,True
36,352,888,994,106,True
38,370,888,994,106,True
41,365,888,994,106,True
43,380,888,,,False
45,367,888,994,106,True
47,386,888,994,106,True
49,379,888,994,106,True
50,335,888,,,False
51,349,888,982,94,True
52,350,888,982,94,True
54,324,888,982,94,True
56,397,888,,,False
57,369,888,,,False
58,363,888,982,94,True
59,347,888,,,False
61,366,888,,,False
62,350,888,982,94,True
63,395,888,982,94,True
65,364,888,,,False
66,350,888,982,94,True
67,339,888,,,False
68,360,888,982,94,True
80,369,888,982,94,True
82,354,888,982,94,True
89,350,888,,,False
90,354,888,982,94,True
93,390,888,,,False
94,362,888,982,94,True
97,348,888,982,94,True
2,345,889,,,False
7,351,889,994,105,True
11,348,889,,,False
12,369,889,994,105,True
14,383,889,994,105,True
15,376,889,994,105,True
20,351,889,994,105,True
21,360,889,935,46,True
23,356,889,935,46,True
29,360,889,994,105,True
30,353,889,994,105,True
37,356,889,994,105,True
39,357,889,,,False
40,377,889,994,105,True
41,366,889,994,105,True
42,351,889,994,105,True
44,381,889,,,False
45,368,889,994,105,True
46,336,889,994,105,True
50,336,889,,,False
53,370,889,,,False
55,370,889,982,93,True
57,370,889,,,False
59,348,889,,,False
60,349,889,982,93,True
63,396,889,982,93,True
66,351,889,982,93,True
69,330,889,982,93,True
70,391,889,982,93,True
71,332,889,,,False
73,351,889,982,93,True
81,357,889,982,93,True
84,381,889,982,93,True
86,350,889,,,False
90,355,889,982,93,True
93,391,889,,,False
94,363,889,982,93,True
95,355,889,,,False
96,352,889,,,False
4,339,890,,,False
8,369,890,994,104,True
9,374,890,,,False
13,351,890,994,104,True
16,375,890,994,104,True
21,361,890,935,45,True
22,344,890,994,104,True
26,344,890,,,False
27,370,890,,,False
33,393,890,994,104,True
36,353,890,994,104,True
37,357,890,,,False
38,371,890,994,104,True
41,367,890,994,104,True
42,352,890,994,104,True
48,343,890,994,104,True
49,380,890,994,104,True
50,337,890,,,False
54,325,890,982,92,True
55,371,890,982,92,True
56,398,890,,,False
58,364,890,982,92,True
60,350,890,982,92,True
63,397,890,982,92,True
64,325,890,982,92,True
66,352,890,982,92,True
68,361,890,982,92,True
71,333,890,,,False
74,345,890,,,False
77,358,890,,,False
78,355,890,982,92,True
81,358,890,,,False
82,355,890,982,92,True
86,351,890,,,False
87,345,890,,,False
89,351,890,,,False
91,346,890,,,False
92,370,890,,,False
93,392,890,,,False
95,356,890,,,False
96,353,890,,,False
97,349,890,982,92,True
2,346,891,,,False
11,349,891,,,False
12,370,891,994,103,True
13,352,891,994,103,True
14,384,891,994,103,True
16,376,891,994,103,True
22,345,891,994,103,True
24,345,891,994,103,True
26,345,891,,,False
28,328,891,994,103,True
32,355,891,994,103,True
35,340,891,994,103,True
37,358,891,,,False
39,358,891,,,False
40,378,891,994,103,True
41,368,891,994,103,True
44,382,891,,,False
46,337,891,994,103,True
53,371,891,,,False
54,326,891,982,91,True
55,372,891,982,91,True
56,399,891,,,False
57,371,891,,,False
61,367,891,,,False
67,340,891,,,False
68,362,891,982,91,True
70,392,891,982,91,True
72,352,891,982,91,True
73,352,891,982,91,True
76,380,891,,,False
79,354,891,982,91,True
81,359,891,,,False
87,346,891,,,False
88,354,891,,,False
89,352,891,,,False
92,371,891,,,False
93,393,891,,,False
94,364,891,982,91,True
95,357,891,,,False
97,350,891,982,91,True
98,344,891,982,91,True
99,380,891,982,91,True
4,340,892,,,False
10,346,892,994,102,True
13,353,892,994,102,True
16,377,892,994,102,True
17,345,892,994,102,True
18,366,892,,,False
19,350,892,,,False
20,352,892,994,102,True
21,362,892,935,43,True
23,357,892,994,102,True
28,329,892,994,102,True
29,361,892,994,102,True
31,355,892,,,False
35,341,892,994,102,True
37,359,892,,,False
38,372,892,994,102,True
43,381,892,,,False
45,369,892,994,102,True
59,349,892,,,False
63,398,892,982,90,True
64,326,892,,,False
65,365,892,,,False
66,353,892,982,90,True
67,341,892,,,False
68,363,892,982,90,True
69,331,892,982,90,True
70,393,892,982,90,True
77,359,892,,,False
78,356,892,982,90,True
79,355,892,982,90,True
81,360,892,,,False
87,347,892,,,False
88,355,892,,,False
90,356,892,982,90,True
91,347,892,,,False
92,372,892,,,False
96,354,892,,,False
98,345,892,982,90,True
99,381,892,982,90,True
6,361,893,,,False
7,352,893,994,101,True
13,354,893,994,101,True
16,378,893,994,101,True
19,351,893,,,False
20,353,893,994,101,True
23,358,893,994,101,True
29,362,893,994,101,True
31,356,893,,,False
37,360,893,,,False
38,373,893,994,101,True
43,382,893,,,False
46,338,893,994,101,True
49,381,893,994,101,True
50,338,893,,,False
51,350,893,982,89,True
59,350,893,,,False
62,351,893,982,89,True
64,327,893,,,False
67,342,893,,,False
71,334,893,,,False
73,353,893,982,89,True
75,363,893,,,False
78,357,893,982,89,True
79,356,893,982,89,True
83,355,893,982,89,True
86,352,893,,,False
91,348,893,,,False
92,373,893,,,False
93,394,893,,,False
99,382,893,982,89,True
3,345,894,994,100,True
4,341,894,,,False
10,347,894,994,100,True
19,352,894,,,False
21,363,894,994,100,True
22,346,894,,,False
23,359,894,994,100,True
25,352,894,994,100,True
28,330,894,994,100,True
31,357,894,,,False
35,342,894,994,100,True
37,361,894,,,False
38,374,894,994,100,True
42,353,894,994,100,True
45,370,894,994,100,True
47,387,894,994,100,True
52,351,894,982,88,True
53,372,894,,,False
54,327,894,982,88,True
55,373,894,982,88,True
57,372,894,,,False
58,365,894,982,88,True
59,351,894,,,False
61,368,894,,,False
62,352,894,982,88,True
64,328,894,,,False
65,366,894,,,False
66,354,894,982,88,True
73,354,894,982,88,True
74,346,894,,,False
77,360,894,,,False
79,357,894,982,88,True
83,356,894,982,88,True
87,348,894,,,False
90,357,894,982,88,True
93,395,894,,,False
0,345,895,994,99,True
1,345,895,,,False
4,342,895,,,False
6,362,895,,,False
8,370,895,994,99,True
9,375,895,,,False
10,348,895,994,99,True
12,371,895,994,99,True
13,355,895,994,99,True
14,385,895,994,99,True
20,354,895,994,99,True
23,360,895,994,99,True
27,371,895,,,False
28,331,895,994,99,True
29,363,895,994,99,True
33,394,895,994,99,True
36,354,895,994,99,True
37,362,895,,,False
39,359,895,,,False
43,383,895,,,False
48,344,895,994,99,True
49,382,895,994,99,True
55,374,895,982,87,True
64,329,895,,,False
66,355,895,982,87,True
77,361,895,,,False
78,358,895,,,False
79,358,895,982,87,True
81,361,895,,,False
84,382,895,982,87,True
87,349,895,,,False
90,358,895,982,87,True
91,349,895,,,False
95,358,895,,,False
2,347,896,,,False
5,364,896,,,False
8,371,896,994,98,True
9,376,896,,,False
10,349,896,994,98,True
11,350,896,,,False
12,372,896,994,98,True
14,386,896,994,98,True
19,353,896,,,False
21,364,896,994,98,True
26,346,896,,,False
33,395,896,994,98,True
35,343,896,994,98,True
39,360,896,,,False
45,371,896,994,98,True
46,339,896,994,98,True
49,383,896,994,98,True
50,339,896,,,False
51,351,896,982,86,True
52,352,896,982,86,True
55,375,896,982,86,True
60,351,896,982,86,True
61,369,896,,,False
67,343,896,,,False
70,394,896,982,86,True
73,355,896,982,86,True
74,347,896,,,False
76,381,896,,,False
78,359,896,,,False
82,356,896,982,86,True
83,357,896,982,86,True
90,359,896,982,86,True
91,350,896,,,False
94,365,896,,,False
98,346,896,982,86,True
99,383,896,982,86,True
3,346,897,994,97,True
7,353,897,,,False
8,372,897,994,97,True
11,351,897,,,False
12,373,897,994,97,True
13,356,897,994,97,True
14,387,897,994,97,True
16,379,897,994,97,True
19,354,897,,,False
20,355,897,994,97,True
23,361,897,994,97,True
24,346,897,,,False
25,353,897,994,97,True
32,356,897,994,97,True
35,344,897,994,97,True
37,363,897,,,False
44,383,897,,,False
46,340,897,994,97,True
47,388,897,994,97,True
49,384,897,994,97,True
53,373,897,,,False
54,328,897,982,85,True
57,373,897,,,False
60,352,897,982,85,True
61,370,897,,,False
62,353,897,982,85,True
66,356,897,982,85,True
69,332,897,,,False
73,356,897,982,85,True
74,348,897,,,False
83,358,897,982,85,True
84,383,897,982,85,True
88,356,897,,,False
89,353,897,,,False
90,360,897,982,85,True
92,374,897,,,False
98,347,897,982,85,True
0,346,898,994,96,True
5,365,898,,,False
6,363,898,,,False
7,354,898,,,False
12,374,898,994,96,True
13,357,898,994,96,True
15,377,898,994,96,True
17,346,898,,,False
26,347,898,,,False
27,372,898,,,False
29,364,898,994,96,True
30,354,898,,,False
31,358,898,,,False
33,396,898,,,False
36,355,898,994,96,True
38,375,898,994,96,True
39,361,898,,,False
44,384,898,,,False
45,372,898,994,96,True
47,389,898,994,96,True
49,385,898,994,96,True
50,340,898,,,False
55,376,898,982,84,True
56,400,898,,,False
61,371,898,,,False
63,399,898,,,False
68,364,898,982,84,True
69,333,898,,,False
70,395,898,982,84,True
73,357,898,982,84,True
77,362,898,,,False
79,359,898,982,84,True
80,370,898,982,84,True
86,353,898,,,False
88,357,898,,,False
89,354,898,,,False
91,351,898,,,False
93,396,898,,,False
96,355,898,,,False
4,343,899,,,False
5,366,899,,,False
10,350,899,994,95,True
11,352,899,,,False
14,388,899,,,False
15,378,899,994,95,True
22,347,899,,,False
23,362,899,994,95,True
27,373,899,,,False
29,365,899,,,False
34,352,899,,,False
38,376,899,994,95,True
41,369,899,994,95,True
42,354,899,994,95,True
44,385,899,,,False
47,390,899,994,95,True
48,345,899,994,95,True
49,386,899,994,95,True
50,341,899,,,False
52,353,899,982,83,True
54,329,899,982,83,True
58,366,899,982,83,True
59,352,899,,,False
62,354,899,982,83,True
63,400,899,,,False
64,330,899,,,False
65,367,899,,,False
68,365,899,982,83,True
70,396,899,982,83,True
73,358,899,982,83,True
79,360,899,982,83,True
80,371,899,982,83,True
81,362,899,,,False
84,384,899,982,83,True
85,363,899,982,83,True
97,351,899,982,83,True
2,348,900,,,False
10,351,900,994,94,True
14,389,900,,,False
15,379,900,994,94,True
16,380,900,994,94,True
20,356,900,,,False
23,363,900,994,94,True
24,347,900,,,False
27,374,900,,,False
29,366,900,,,False
30,355,900,,,False
31,359,900,,,False
32,357,900,994,94,True
34,353,900,,,False
38,377,900,994,94,True
42,355,900,994,94,True
44,386,900,,,False
45,373,900,994,94,True
46,341,900,,,False
48,346,900,994,94,True
49,387,900,994,94,True
50,342,900,,,False
52,354,900,982,82,True
53,374,900,,,False
56,401,900,,,False
63,401,900,,,False
65,368,900,,,False
76,382,900,,,False
77,363,900,,,False
78,360,900,,,False
81,363,900,,,False
82,357,900,982,82,True
83,359,900,982,82,True
85,364,900,982,82,True
89,355,900,,,False
91,352,900,,,False
92,375,900,,,False
95,359,900,,,False
96,356,900,,,False
0,347,901,994,93,True
1,346,901,,,False
3,347,901,994,93,True
5,367,901,,,False
6,364,901,,,False
7,355,901,,,False
9,377,901,,,False
11,353,901,,,False
14,390,901,,,False
16,381,901,994,93,True
17,347,901,,,False
19,355,901,,,False
20,357,901,,,False
21,365,901,994,93,True
22,348,901,,,False
23,364,901,994,93,True
25,354,901,994,93,True
26,348,901,,,False
28,332,901,,,False
32,358,901,994,93,True
34,354,901,,,False
35,345,901,994,93,True
36,356,901,994,93,True
37,364,901,,,False
39,362,901,,,False
40,379,901,994,93,True
48,347,901,994,93,True
54,330,901,982,81,True
63,402,901,,,False
65,369,901,,,False
70,397,901,982,81,True
73,359,901,982,81,True
76,383,901,,,False
77,364,901,,,False
78,361,901,,,False
80,372,901,982,81,True
81,364,901,,,False
83,360,901,982,81,True
84,385,901,982,81,True
86,354,901,,,False
91,353,901,,,False
93,397,901,,,False
97,352,901,982,81,True
98,348,901,,,False
5,368,902,,,False
7,356,902,,,False
8,373,902,994,92,True
14,391,902,,,False
16,382,902,994,92,True
17,348,902,,,False
18,367,902,,,False
21,366,902,994,92,True
22,349,902,,,False
25,355,902,994,92,True
28,333,902,,,False
33,397,902,,,False
35,346,902,994,92,True
36,357,902,994,92,True
39,363,902,,,False
41,370,902,994,92,True
43,384,902,,,False
44,387,902,,,False
47,391,902,994,92,True
51,352,902,982,80,True
53,375,902,,,False
55,377,902,982,80,True
60,353,902,,,False
62,355,902,982,80,True
69,334,902,,,False
75,364,902,,,False
76,384,902,,,False
77,365,902,,,False
78,362,902,,,False
79,361,902,982,80,True
80,373,902,982,80,True
81,365,902,,,False
86,355,902,,,False
87,350,902,,,False
90,361,902,,,False
93,398,902,,,False
94,366,902,,,False
97,353,902,982,80,True
99,384,902,982,80,True
0,348,903,994,91,True
10,352,903,,,False
13,358,903,994,91,True
23,365,903,994,91,True
25,356,903,,,False
26,349,903,,,False
30,356,903,,,False
34,355,903,,,False
37,365,903,,,False
42,356,903,994,91,True
43,385,903,,,False
46,342,903,,,False
47,392,903,994,91,True
52,355,903,982,79,True
54,331,903,982,79,True
55,378,903,982,79,True
58,367,903,982,79,True
59,353,903,,,False
61,372,903,,,False
64,331,903,,,False
69,335,903,,,False
70,398,903,982,79,True
71,335,903,,,False
75,365,903,,,False
83,361,903,,,False
85,365,903,,,False
86,356,903,,,False
87,351,903,,,False
88,358,903,,,False
90,362,903,,,False
93,399,903,,,False
94,367,903,,,False
2,349,904,,,False
5,369,904,,,False
7,357,904,,,False
9,378,904,,,False
10,353,904,,,False
13,359,904,994,90,True
19,356,904,,,False
21,367,904,994,90,True
22,350,904,,,False
25,357,904,,,False
27,375,904,,,False
28,334,904,,,False
29,367,904,,,False
31,360,904,,,False
37,366,904,,,False
38,378,904,994,90,True
39,364,904,,,False
42,357,904,994,90,True
43,386,904,,,False
45,374,904,994,90,True
48,348,904,,,False
49,388,904,994,90,True
60,354,904,,,False
66,357,904,982,78,True
67,344,904,,,False
73,360,904,982,78,True
80,374,904,982,78,True
88,359,904,,,False
93,400,904,,,False
94,368,904,,,False
95,360,904,,,False
96,357,904,,,False
0,349,905,994,89,True
1,347,905,,,False
4,344,905,,,False
5,370,905,,,False
8,374,905,994,89,True
9,379,905,,,False
13,360,905,994,89,True
14,392,905,,,False
15,380,905,994,89,True
19,357,905,,,False
21,368,905,994,89,True
22,351,905,,,False
26,350,905,,,False
28,335,905,,,False
33,398,905,,,False
34,356,905,,,False
36,358,905,,,False
41,371,905,994,89,True
43,387,905,,,False
46,343,905,,,False
48,349,905,,,False
49,389,905,994,89,True
50,343,905,,,False
51,353,905,982,77,True
55,379,905,,,False
56,402,905,,,False
64,332,905,,,False
70,399,905,982,77,True
80,375,905,982,77,True
81,366,905,,,False
84,386,905,982,77,True
92,376,905,,,False
94,369,905,,,False
96,358,905,,,False
97,354,905,,,False
0,350,906,994,88,True
4,345,906,,,False
11,354,906,,,False
12,375,906,994,88,True
13,361,906,994,88,True
17,349,906,,,False
24,348,906,,,False
27,376,906,,,False
28,336,906,,,False
29,368,906,,,False
32,359,906,994,88,True
42,358,906,994,88,True
43,388,906,,,False
45,375,906,994,88,True
46,344,906,,,False
50,344,906,,,False
52,356,906,982,76,True
53,376,906,,,False
54,332,906,,,False
56,403,906,,,False
59,354,906,,,False
60,355,906,,,False
61,373,906,,,False
62,356,906,982,76,True
66,358,906,982,76,True
67,345,906,,,False
68,366,906,,,False
73,361,906,982,76,True
76,385,906,,,False
77,366,906,,,False
79,362,906,982,76,True
80,376,906,982,76,True
81,367,906,,,False
84,387,906,982,76,True
85,366,906,,,False
86,357,906,,,False
95,361,906,,,False
97,355,906,,,False
1,348,907,,,False
2,350,907,,,False
3,348,907,994,87,True
9,380,907,,,False
12,376,907,994,87,True
13,362,907,994,87,True
15,381,907,994,87,True
17,350,907,,,False
23,366,907,994,87,True
26,351,907,,,False
28,337,907,,,False
35,347,907,994,87,True
48,350,907,,,False
50,345,907,,,False
51,354,907,982,75,True
52,357,907,982,75,True
55,380,907,,,False
57,374,907,,,False
60,356,907,,,False
62,357,907,982,75,True
66,359,907,982,75,True
71,336,907,,,False
74,349,907,,,False
76,386,907,,,False
80,377,907,982,75,True
81,368,907,,,False
84,388,907,982,75,True
86,358,907,,,False
91,354,907,,,False
92,377,907,,,False
93,401,907,,,False
94,370,907,,,False
95,362,907,,,False
98,349,907,,,False
0,351,908,994,86,True
2,351,908,,,False
3,349,908,994,86,True
4,346,908,,,False
6,365,908,,,False
11,355,908,,,False
18,368,908,,,False
20,358,908,,,False
22,352,908,,,False
23,367,908,994,86,True
30,357,908,,,False
31,361,908,,,False
32,360,908,994,86,True
34,357,908,,,False
36,359,908,,,False
37,367,908,,,False
38,379,908,994,86,True
39,365,908,,,False
42,359,908,994,86,True
44,388,908,,,False
46,345,908,,,False
48,351,908,,,False
51,355,908,982,74,True
56,404,908,,,False
58,368,908,,,False
61,374,908,,,False
67,346,908,,,False
68,367,908,,,False
69,336,908,,,False
71,337,908,,,False
76,387,908,,,False
78,363,908,,,False
82,358,908,,,False
84,389,908,982,74,True
85,367,908,,,False
86,359,908,,,False
87,352,908,,,False
91,355,908,,,False
92,378,908,,,False
93,402,908,,,False
97,356,908,,,False
99,385,908,,,False
0,352,909,994,85,True
3,350,909,994,85,True
9,381,909,,,False
10,354,909,,,False
16,383,909,994,85,True
17,351,909,,,False
20,359,909,,,False
23,368,909,994,85,True
25,358,909,,,False
27,377,909,,,False
31,362,909,,,False
32,361,909,994,85,True
33,399,909,,,False
35,348,909,994,85,True
36,360,909,,,False
39,366,909,,,False
41,372,909,994,85,True
42,360,909,,,False
52,358,909,982,73,True
53,377,909,,,False
57,375,909,,,False
62,358,909,994,85,True
65,370,909,,,False
66,360,909,982,73,True
68,368,909,,,False
69,337,909,,,False
70,400,909,,,False
71,338,909,,,False
72,353,909,,,False
74,350,909,,,False
76,388,909,,,False
79,363,909,,,False
82,359,909,,,False
86,360,909,,,False
87,353,909,,,False
90,363,909,,,False
92,379,909,,,False
94,371,909,,,False
95,363,909,,,False
96,359,909,,,False
97,357,909,,,False
98,350,909,,,False
99,386,909,,,False
1,349,910,,,False
4,347,910,,,False
5,371,910,,,False
6,366,910,,,False
7,358,910,,,False
10,355,910,,,False
12,377,910,994,84,True
17,352,910,,,False
18,369,910,,,False
19,358,910,,,False
22,353,910,,,False
26,352,910,,,False
27,378,910,,,False
28,338,910,,,False
29,369,910,,,False
30,358,910,,,False
32,362,910,994,84,True
34,358,910,,,False
35,349,910,994,84,True
36,361,910,,,False
38,380,910,994,84,True
43,389,910,,,False
45,376,910,994,84,True
47,393,910,994,84,True
49,390,910,,,False
50,346,910,,,False
51,356,910,982,72,True
70,401,910,,,False
71,339,910,,,False
73,362,910,982,72,True
78,364,910,,,False
87,354,910,,,False
89,356,910,,,False
90,364,910,,,False
96,360,910,,,False
1,350,911,,,False
2,352,911,,,False
5,372,911,,,False
6,367,911,,,False
9,382,911,,,False
10,356,911,,,False
17,353,911,,,False
19,359,911,,,False
20,360,911,,,False
22,354,911,,,False
23,369,911,994,83,True
25,359,911,,,False
27,379,911,,,False
30,359,911,,,False
32,363,911,994,83,True
34,359,911,,,False
38,381,911,994,83,True
39,367,911,,,False
40,380,911,994,83,True
44,389,911,,,False
48,352,911,,,False
49,391,911,,,False
53,378,911,,,False
59,355,911,,,False
60,357,911,,,False
61,375,911,,,False
63,403,911,,,False
68,369,911,,,False
71,340,911,,,False
72,354,911,,,False
78,365,911,,,False
79,364,911,,,False
83,362,911,,,False
86,361,911,,,False
90,365,911,,,False
93,403,911,,,False
98,351,911,,,False
0,353,912,994,82,True
7,359,912,,,False
8,375,912,994,82,True
12,378,912,994,82,True
19,360,912,,,False
20,361,912,,,False
24,349,912,,,False
25,360,912,,,False
29,370,912,,,False
30,360,912,,,False
32,364,912,994,82,True
34,360,912,,,False
35,350,912,994,82,True
38,382,912,994,82,True
39,368,912,,,False
40,381,912,994,82,True
41,373,912,994,82,True
42,361,912,,,False
46,346,912,,,False
47,394,912,994,82,True
50,347,912,,,False
57,376,912,,,False
58,369,912,,,False
60,358,912,,,False
61,376,912,,,False
63,404,912,,,False
64,333,912,,,False
75,366,912,,,False
77,367,912,,,False
84,390,912,982,70,True
86,362,912,,,False
87,355,912,,,False
90,366,912,,,False
94,372,912,,,False
96,361,912,,,False
97,358,912,,,False
98,352,912,,,False
0,354,913,994,81,True
3,351,913,994,81,True
6,368,913,,,False
13,363,913,,,False
14,393,913,,,False
17,354,913,,,False
18,370,913,,,False
19,361,913,,,False
20,362,913,,,False
23,370,913,994,81,True
26,353,913,,,False
28,339,913,,,False
33,400,913,,,False
34,361,913,,,False
36,362,913,,,False
40,382,913,994,81,True
43,390,913,,,False
47,395,913,994,81,True
54,333,913,,,False
58,370,913,,,False
65,371,913,,,False
67,347,913,,,False
68,370,913,,,False
69,338,913,,,False
72,355,913,,,False
74,351,913,,,False
75,367,913,,,False
76,389,913,,,False
77,368,913,,,False
78,366,913,,,False
81,369,913,,,False
82,360,913,,,False
86,363,913,,,False
88,360,913,,,False
89,357,913,,,False
90,367,913,,,False
92,380,913,,,False
93,404,913,,,False
96,362,913,,,False
97,359,913,,,False
2,353,914,,,False
4,348,914,,,False
5,373,914,,,False
6,369,914,,,False
10,357,914,,,False
13,364,914,,,False
16,384,914,994,80,True
17,355,914,,,False
19,362,914,,,False
21,369,914,994,80,True
22,355,914,,,False
25,361,914,,,False
26,354,914,,,False
29,371,914,,,False
33,401,914,,,False
34,362,914,,,False
35,351,914,994,80,True
44,390,914,,,False
46,347,914,,,False
48,353,914,,,False
52,359,914,,,False
54,334,914,,,False
55,381,914,,,False
60,359,914,,,False
61,377,914,,,False
62,359,914,994,80,True
63,405,914,,,False
66,361,914,,,False
67,348,914,,,False
71,341,914,,,False
73,363,914,,,False
74,352,914,,,False
75,368,914,,,False
79,365,914,,,False
85,368,914,,,False
86,364,914,,,False
94,373,914,,,False
95,364,914,,,False
96,363,914,,,False
99,387,914,,,False
3,352,915,,,False
5,374,915,,,False
8,376,915,,,False
9,383,915,,,False
11,356,915,,,False
12,379,915,994,79,True
19,363,915,,,False
22,356,915,,,False
25,362,915,,,False
27,380,915,,,False
28,340,915,,,False
29,372,915,,,False
39,369,915,,,False
44,391,915,,,False
45,377,915,994,79,True
46,348,915,,,False
48,354,915,,,False
54,335,915,,,False
55,382,915,,,False
59,356,915,,,False
61,378,915,,,False
62,360,915,994,79,True
64,334,915,,,False
65,372,915,,,False
66,362,915,,,False
75,369,915,,,False
76,390,915,,,False
77,369,915,,,False
78,367,915,,,False
81,370,915,,,False
82,361,915,,,False
85,369,915,,,False
86,365,915,,,False
87,356,915,,,False
88,361,915,,,False
89,358,915,,,False
91,356,915,,,False
93,405,915,,,False
94,374,915,,,False
96,364,915,,,False
97,360,915,,,False
98,353,915,,,False
1,351,916,,,False
4,349,916,,,False
11,357,916,,,False
13,365,916,,,False
15,382,916,,,False
18,371,916,,,False
19,364,916,,,False
20,363,916,,,False
22,357,916,,,False
25,363,916,,,False
29,373,916,,,False
31,363,916,,,False
36,363,916,,,False
37,368,916,,,False
38,383,916,994,78,True
40,383,916,994,78,True
45,378,916,994,78,True
46,349,916,,,False
47,396,916,,,False
48,355,916,,,False
49,392,916,,,False
56,405,916,,,False
58,371,916,,,False
64,335,916,,,False
67,349,916,,,False
68,371,916,,,False
72,356,916,,,False
73,364,916,,,False
76,391,916,,,False
80,378,916,,,False
83,363,916,,,False
87,357,916,,,False
91,357,916,,,False
92,381,916,,,False
94,375,916,,,False
96,365,916,,,False
98,354,916,,,False
99,388,916,,,False
0,355,917,,,False
5,375,917,,,False
6,370,917,,,False
9,384,917,,,False
10,358,917,,,False
18,372,917,,,False
19,365,917,,,False
20,364,917,,,False
21,370,917,994,77,True
22,358,917,,,False
24,350,917,,,False
26,355,917,,,False
28,341,917,,,False
29,374,917,,,False
30,361,917,,,False
31,364,917,,,False
34,363,917,,,False
37,369,917,,,False
38,384,917,994,77,True
41,374,917,,,False
45,379,917,994,77,True
50,348,917,,,False
51,357,917,,,False
53,379,917,,,False
54,336,917,,,False
56,406,917,,,False
58,372,917,,,False
59,357,917,,,False
63,406,917,,,False
66,363,917,,,False
71,342,917,,,False
72,357,917,,,False
74,353,917,,,False
76,392,917,,,False
77,370,917,,,False
79,366,917,,,False
80,379,917,,,False
81,371,917,,,False
84,391,917,,,False
85,370,917,,,False
88,362,917,,,False
89,359,917,,,False
93,406,917,,,False
95,365,917,,,False
97,361,917,,,False
98,355,917,,,False
0,356,918,,,False
1,352,918,,,False
2,354,918,,,False
4,350,918,,,False
6,371,918,,,False
8,377,918,,,False
9,385,918,,,False
10,359,918,,,False
14,394,918,,,False
15,383,918,,,False
16,385,918,994,76,True
25,364,918,,,False
28,342,918,,,False
30,362,918,,,False
35,352,918,994,76,True
42,362,918,,,False
45,380,918,994,76,True
46,350,918,,,False
50,349,918,,,False
55,383,918,,,False
56,407,918,,,False
62,361,918,994,76,True
66,364,918,,,False
70,402,918,,,False
75,370,918,,,False
79,367,918,,,False
81,372,918,,,False
83,364,918,,,False
84,392,918,,,False
86,366,918,,,False
89,360,918,,,False
93,407,918,,,False
96,366,918,,,False
98,356,918,,,False
99,389,918,,,False
3,353,919,,,False
5,376,919,,,False
13,366,919,,,False
15,384,919,,,False
19,366,919,,,False
28,343,919,,,False
35,353,919,994,75,True
36,364,919,,,False
37,370,919,,,False
38,385,919,,,False
40,384,919,994,75,True
42,363,919,,,False
43,391,919,,,False
50,350,919,,,False
52,360,919,,,False
54,337,919,,,False
56,408,919,,,False
59,358,919,,,False
63,407,919,,,False
64,336,919,,,False
67,350,919,,,False
68,372,919,,,False
73,365,919,,,False
77,371,919,,,False
78,368,919,,,False
80,380,919,,,False
82,362,919,,,False
84,393,919,,,False
85,371,919,,,False
86,367,919,,,False
91,358,919,,,False
94,376,919,,,False
96,367,919,,,False
99,390,919,,,False
0,357,920,,,False
5,377,920,,,False
12,380,920,994,74,True
13,367,920,,,False
14,395,920,,,False
15,385,920,,,False
17,356,920,,,False
21,371,920,994,74,True
25,365,920,,,False
28,344,920,,,False
29,375,920,,,False
30,363,920,,,False
31,365,920,,,False
32,365,920,,,False
35,354,920,994,74,True
36,365,920,,,False
38,386,920,,,False
42,364,920,,,False
46,351,920,,,False
47,397,920,,,False
51,358,920,,,False
53,380,920,,,False
55,384,920,,,False
59,359,920,,,False
60,360,920,,,False
65,373,920,,,False
66,365,920,,,False
67,351,920,,,False
68,373,920,,,False
72,358,920,,,False
76,393,920,,,False
78,369,920,,,False
79,368,920,,,False
82,363,920,,,False
87,358,920,,,False
88,363,920,,,False
91,359,920,,,False
97,362,920,,,False
0,358,921,,,False
1,353,921,,,False
6,372,921,,,False
7,360,921,,,False
9,386,921,,,False
11,358,921,,,False
12,381,921,994,73,True
14,396,921,,,False
15,386,921,,,False
16,386,921,994,73,True
19,367,921,,,False
20,365,921,,,False
23,371,921,,,False
25,366,921,,,False
28,345,921,,,False
29,376,921,,,False
32,366,921,,,False
34,364,921,,,False
35,355,921,994,73,True
41,375,921,,,False
43,392,921,,,False
45,381,921,994,73,True
57,377,921,,,False
59,360,921,,,False
61,379,921,,,False
62,362,921,,,False
64,337,921,,,False
66,366,921,,,False
74,354,921,,,False
75,371,921,,,False
76,394,921,,,False
81,373,921,,,False
83,365,921,,,False
84,394,921,,,False
91,360,921,,,False
93,408,921,,,False
96,368,921,,,False
99,391,921,,,False
5,378,922,,,False
6,373,922,,,False
7,361,922,,,False
8,378,922,,,False
11,359,922,,,False
16,387,922,994,72,True
18,373,922,,,False
22,359,922,,,False
27,381,922,,,False
28,346,922,,,False
31,366,922,,,False
35,356,922,994,72,True
38,387,922,,,False
39,370,922,,,False
43,393,922,,,False
47,398,922,,,False
50,351,922,,,False
57,378,922,,,False
59,361,922,,,False
67,352,922,,,False
68,374,922,,,False
70,403,922,,,False
76,395,922,,,False
78,370,922,,,False
79,369,922,,,False
80,381,922,,,False
81,374,922,,,False
82,364,922,,,False
83,366,922,,,False
88,364,922,,,False
89,361,922,,,False
90,368,922,,,False
93,409,922,,,False
97,363,922,,,False
98,357,922,,,False
99,392,922,,,False
0,359,923,,,False
1,354,923,,,False
2,355,923,,,False
4,351,923,,,False
7,362,923,,,False
12,382,923,994,71,True
16,388,923,994,71,True
18,374,923,,,False
22,360,923,,,False
23,372,923,,,False
24,351,923,,,False
30,364,923,,,False
31,367,923,,,False
32,367,923,,,False
36,366,923,,,False
38,388,923,,,False
39,371,923,,,False
40,385,923,,,False
45,382,923,994,71,True
47,399,923,,,False
50,352,923,,,False
53,381,923,,,False
54,338,923,,,False
55,385,923,,,False
57,379,923,,,False
58,373,923,,,False
60,361,923,,,False
62,363,923,,,False
63,408,923,,,False
64,338,923,,,False
68,375,923,,,False
70,404,923,,,False
73,366,923,,,False
75,372,923,,,False
76,396,923,,,False
78,371,923,,,False
79,370,923,,,False
82,365,923,,,False
83,367,923,,,False
85,372,923,,,False
87,359,923,,,False
89,362,923,,,False
90,369,923,,,False
92,382,923,,,False
96,369,923,,,False
97,364,923,,,False
3,354,924,,,False
6,374,924,,,False
7,363,924,,,False
14,397,924,,,False
15,387,924,,,False
16,389,924,994,70,True
17,357,924,,,False
18,375,924,,,False
20,366,924,,,False
21,372,924,994,70,True
23,373,924,,,False
29,377,924,,,False
32,368,924,,,False
35,357,924,994,70,True
40,386,924,,,False
43,394,924,,,False
48,356,924,,,False
49,393,924,,,False
53,382,924,,,False
54,339,924,,,False
56,409,924,,,False
57,380,924,,,False
61,380,924,,,False
63,409,924,,,False
64,339,924,,,False
65,374,924,,,False
66,367,924,,,False
67,353,924,,,False
73,367,924,,,False
74,355,924,,,False
77,372,924,,,False
84,395,924,,,False
87,360,924,,,False
88,365,924,,,False
89,363,924,,,False
90,370,924,,,False
92,383,924,,,False
94,377,924,,,False
95,366,924,,,False
98,358,924,,,False
0,360,925,,,False
2,356,925,,,False
9,387,925,,,False
10,360,925,,,False
13,368,925,,,False
18,376,925,,,False
19,368,925,,,False
20,367,925,,,False
21,373,925,994,69,True
22,361,925,,,False
23,374,925,,,False
26,356,925,,,False
27,382,925,,,False
32,369,925,,,False
34,365,925,,,False
35,358,925,994,69,True
37,371,925,,,False
39,372,925,,,False
43,395,925,,,False
45,383,925,994,69,True
46,352,925,,,False
48,357,925,,,False
49,394,925,,,False
51,359,925,,,False
52,361,925,,,False
54,340,925,,,False
55,386,925,,,False
58,374,925,,,False
59,362,925,,,False
61,381,925,,,False
62,364,925,,,False
65,375,925,,,False
69,339,925,,,False
70,405,925,,,False
71,343,925,,,False
72,359,925,,,False
76,397,925,,,False
78,372,925,,,False
83,368,925,,,False
90,371,925,,,False
96,370,925,,,False
4,352,926,,,False
6,375,926,,,False
11,360,926,,,False
13,369,926,,,False
14,398,926,,,False
15,388,926,,,False
18,377,926,,,False
21,374,926,994,68,True
22,362,926,,,False
33,402,926,,,False
34,366,926,,,False
36,367,926,,,False
38,389,926,,,False
39,373,926,,,False
40,387,926,,,False
45,384,926,994,68,True
46,353,926,,,False
49,395,926,,,False
53,383,926,,,False
56,410,926,,,False
57,381,926,,,False
58,375,926,,,False
59,363,926,,,False
61,382,926,,,False
67,354,926,,,False
68,376,926,,,False
74,356,926,,,False
79,371,926,,,False
81,375,926,,,False
83,369,926,,,False
85,373,926,,,False
87,361,926,,,False
89,364,926,,,False
92,384,926,,,False
93,410,926,,,False
98,359,926,,,False
99,393,926,,,False
2,357,927,,,False
5,379,927,,,False
10,361,927,,,False
13,370,927,,,False
17,358,927,,,False
21,375,927,994,67,True
27,383,927,,,False
30,365,927,,,False
31,368,927,,,False
35,359,927,994,67,True
36,368,927,,,False
37,372,927,,,False
45,385,927,994,67,True
46,354,927,,,False
50,353,927,,,False
51,360,927,,,False
53,384,927,,,False
55,387,927,,,False
56,411,927,,,False
60,362,927,,,False
61,383,927,,,False
62,365,927,,,False
69,340,927,,,False
70,406,927,,,False
76,398,927,,,False
77,373,927,,,False
79,372,927,,,False
80,382,927,,,False
81,376,927,,,False
82,366,927,,,False
85,374,927,,,False
89,365,927,,,False
91,361,927,,,False
92,385,927,,,False
96,371,927,,,False
98,360,927,,,False
4,353,928,,,False
6,376,928,,,False
7,364,928,,,False
17,359,928,,,False
21,376,928,994,66,True
26,357,928,,,False
27,384,928,,,False
29,378,928,,,False
32,370,928,,,False
36,369,928,,,False
42,365,928,,,False
43,396,928,,,False
46,355,928,,,False
48,358,928,,,False
53,385,928,,,False
55,388,928,,,False
57,382,928,,,False
58,376,928,,,False
61,384,928,,,False
62,366,928,,,False
66,368,928,,,False
69,341,928,,,False
70,407,928,,,False
71,344,928,,,False
74,357,928,,,False
80,383,928,,,False
82,367,928,,,False
84,396,928,,,False
85,375,928,,,False
86,368,928,,,False
87,362,928,,,False
88,366,928,,,False
97,365,928,,,False
1,355,929,,,False
2,358,929,,,False
3,355,929,,,False
4,354,929,,,False
9,388,929,,,False
11,361,929,,,False
14,399,929,,,False
15,389,929,,,False
22,363,929,,,False
25,367,929,,,False
26,358,929,,,False
29,379,929,,,False
30,366,929,,,False
31,369,929,,,False
32,371,929,,,False
34,367,929,,,False
37,373,929,,,False
38,390,929,,,False
39,374,929,,,False
40,388,929,,,False
41,376,929,,,False
43,397,929,,,False
48,359,929,,,False
52,362,929,,,False
53,386,929,,,False
55,389,929,,,False
58,377,929,,,False
59,364,929,,,False
60,363,929,,,False
62,367,929,,,False
65,376,929,,,False
69,342,929,,,False
70,408,929,,,False
72,360,929,,,False
74,358,929,,,False
76,399,929,,,False
78,373,929,,,False
79,373,929,,,False
80,384,929,,,False
81,377,929,,,False
82,368,929,,,False
83,370,929,,,False
88,367,929,,,False
89,366,929,,,False
92,386,929,,,False
93,411,929,,,False
95,367,929,,,False
99,394,929,,,False
4,355,930,,,False
5,380,930,,,False
6,377,930,,,False
7,365,930,,,False
10,362,930,,,False
11,362,930,,,False
12,383,930,994,64,True
15,390,930,,,False
17,360,930,,,False
18,378,930,,,False
22,364,930,,,False
23,375,930,,,False
25,368,930,,,False
26,359,930,,,False
28,347,930,,,False
34,368,930,,,False
36,370,930,,,False
37,374,930,,,False
39,375,930,,,False
46,356,930,,,False
50,354,930,,,False
51,361,930,,,False
52,363,930,,,False
53,387,930,,,False
54,341,930,,,False
56,412,930,,,False
58,378,930,,,False
60,364,930,,,False
61,385,930,,,False
63,410,930,,,False
65,377,930,,,False
69,343,930,,,False
73,368,930,,,False
75,373,930,,,False
77,374,930,,,False
81,378,930,,,False
82,369,930,,,False
85,376,930,,,False
89,367,930,,,False
90,372,930,,,False
97,366,930,,,False
98,361,930,,,False
3,356,931,,,False
10,363,931,,,False
11,363,931,,,False
15,391,931,,,False
17,361,931,,,False
19,369,931,,,False
23,376,931,,,False
24,352,931,,,False
27,385,931,,,False
29,380,931,,,False
30,367,931,,,False
33,403,931,,,False
35,360,931,,,False
37,375,931,,,False
41,377,931,,,False
43,398,931,,,False
44,392,931,,,False
48,360,931,,,False
49,396,931,,,False
52,364,931,,,False
55,390,931,,,False
56,413,931,,,False
58,379,931,,,False
60,365,931,,,False
61,386,931,,,False
63,411,931,,,False
65,378,931,,,False
66,369,931,,,False
67,355,931,,,False
68,377,931,,,False
70,409,931,,,False
71,345,931,,,False
76,400,931,,,False
77,375,931,,,False
80,385,931,,,False
86,369,931,,,False
87,363,931,,,False
92,387,931,,,False
93,412,931,,,False
95,368,931,,,False
98,362,931,,,False
0,361,932,,,False
1,356,932,,,False
6,378,932,,,False
14,400,932,,,False
17,362,932,,,False
18,379,932,,,False
21,377,932,,,False
24,353,932,,,False
25,369,932,,,False
28,348,932,,,False
29,381,932,,,False
31,370,932,,,False
32,372,932,,,False
33,404,932,,,False
34,369,932,,,False
36,371,932,,,False
39,376,932,,,False
40,389,932,,,False
41,378,932,,,False
44,393,932,,,False
49,397,932,,,False
52,365,932,,,False
58,380,932,,,False
60,366,932,,,False
61,387,932,,,False
63,412,932,,,False
64,340,932,,,False
67,356,932,,,False
69,344,932,,,False
70,410,932,,,False
72,361,932,,,False
73,369,932,,,False
74,359,932,,,False
80,386,932,,,False
83,371,932,,,False
84,397,932,,,False
85,377,932,,,False
87,364,932,,,False
92,388,932,,,False
0,362,933,,,False
1,357,933,,,False
3,357,933,,,False
5,381,933,,,False
7,366,933,,,False
9,389,933,,,False
11,364,933,,,False
12,384,933,,,False
14,401,933,,,False
18,380,933,,,False
19,370,933,,,False
24,354,933,,,False
29,382,933,,,False
31,371,933,,,False
32,373,933,,,False
33,405,933,,,False
36,372,933,,,False
37,376,933,,,False
38,391,933,,,False
39,377,933,,,False
40,390,933,,,False
44,394,933,,,False
48,361,933,,,False
50,355,933,,,False
53,388,933,,,False
57,383,933,,,False
58,381,933,,,False
59,365,933,,,False
60,367,933,,,False
63,413,933,,,False
65,379,933,,,False
67,357,933,,,False
68,378,933,,,False
70,411,933,,,False
72,362,933,,,False
73,370,933,,,False
76,401,933,,,False
79,374,933,,,False
80,387,933,,,False
82,370,933,,,False
85,378,933,,,False
86,370,933,,,False
87,365,933,,,False
89,368,933,,,False
91,362,933,,,False
93,413,933,,,False
94,378,933,,,False
98,363,933,,,False
0,363,934,,,False
1,358,934,,,False
7,367,934,,,False
9,390,934,,,False
16,390,934,,,False
17,363,934,,,False
19,371,934,,,False
26,360,934,,,False
27,386,934,,,False
28,349,934,,,False
35,361,934,,,False
38,392,934,,,False
40,391,934,,,False
42,366,934,,,False
44,395,934,,,False
47,400,934,,,False
50,356,934,,,False
52,366,934,,,False
55,391,934,,,False
57,384,934,,,False
58,382,934,,,False
59,366,934,,,False
60,368,934,,,False
63,414,934,,,False
64,341,934,,,False
69,345,934,,,False
70,412,934,,,False
74,360,934,,,False
75,374,934,,,False
77,376,934,,,False
86,371,934,,,False
89,369,934,,,False
91,363,934,,,False
93,414,934,,,False
94,379,934,,,False
95,369,934,,,False
98,364,934,,,False
0,364,935,,,False
3,358,935,,,False
4,356,935,,,False
7,368,935,,,False
13,371,935,,,False
15,392,935,,,False
18,381,935,,,False
19,372,935,,,False
21,378,935,,,False
24,355,935,,,False
26,361,935,,,False
41,379,935,,,False
42,367,935,,,False
45,386,935,,,False
47,401,935,,,False
54,342,935,,,False
55,392,935,,,False
56,414,935,,,False
58,383,935,,,False
59,367,935,,,False
64,342,935,,,False
65,380,935,,,False
67,358,935,,,False
73,371,935,,,False
77,377,935,,,False
78,374,935,,,False
80,388,935,,,False
84,398,935,,,False
87,366,935,,,False
88,368,935,,,False
93,415,935,,,False
94,380,935,,,False
95,370,935,,,False
96,372,935,,,False
1,359,936,,,False
4,357,936,,,False
6,379,936,,,False
9,391,936,,,False
16,391,936,,,False
17,364,936,,,False
18,382,936,,,False
19,373,936,,,False
20,368,936,,,False
22,365,936,,,False
26,362,936,,,False
27,387,936,,,False
31,372,936,,,False
33,406,936,,,False
35,362,936,,,False
38,393,936,,,False
40,392,936,,,False
44,396,936,,,False
45,387,936,,,False
47,402,936,,,False
49,398,936,,,False
50,357,936,,,False
51,362,936,,,False
52,367,936,,,False
53,389,936,,,False
57,385,936,,,False
58,384,936,,,False
65,381,936,,,False
70,413,936,,,False
75,375,936,,,False
77,378,936,,,False
80,389,936,,,False
81,379,936,,,False
90,373,936,,,False
92,389,936,,,False
93,416,936,,,False
97,367,936,,,False
99,395,936,,,False
1,360,937,,,False
9,392,937,,,False
12,385,937,,,False
24,356,937,,,False
25,370,937,,,False
27,388,937,,,False
28,350,937,,,False
32,374,937,,,False
37,377,937,,,False
38,394,937,,,False
42,368,937,,,False
43,399,937,,,False
44,397,937,,,False
46,357,937,,,False
47,403,937,,,False
48,362,937,,,False
53,390,937,,,False
54,343,937,,,False
55,393,937,,,False
57,386,937,,,False
60,369,937,,,False
61,388,937,,,False
63,415,937,,,False
68,379,937,,,False
69,346,937,,,False
75,376,937,,,False
77,379,937,,,False
78,375,937,,,False
79,375,937,,,False
80,390,937,,,False
82,371,937,,,False
83,372,937,,,False
88,369,937,,,False
89,370,937,,,False
91,364,937,,,False
96,373,937,,,False
98,365,937,,,False
0,365,938,,,False
2,359,938,,,False
6,380,938,,,False
8,379,938,,,False
10,364,938,,,False
11,365,938,,,False
13,372,938,,,False
15,393,938,,,False
17,365,938,,,False
18,383,938,,,False
22,366,938,,,False
25,371,938,,,False
29,383,938,,,False
31,373,938,,,False
33,407,938,,,False
38,395,938,,,False
41,380,938,,,False
42,369,938,,,False
43,400,938,,,False
47,404,938,,,False
48,363,938,,,False
49,399,938,,,False
54,344,938,,,False
57,387,938,,,False
58,385,938,,,False
62,368,938,,,False
67,359,938,,,False
68,380,938,,,False
70,414,938,,,False
71,346,938,,,False
76,402,938,,,False
77,380,938,,,False
80,391,938,,,False
83,373,938,,,False
88,370,938,,,False
89,371,938,,,False
90,374,938,,,False
94,381,938,,,False
3,359,939,,,False
5,382,939,,,False
7,369,939,,,False
9,393,939,,,False
10,365,939,,,False
12,386,939,,,False
18,384,939,,,False
21,379,939,,,False
24,357,939,,,False
25,372,939,,,False
26,363,939,,,False
34,370,939,,,False
35,363,939,,,False
37,378,939,,,False
38,396,939,,,False
40,393,939,,,False
45,388,939,,,False
46,358,939,,,False
48,364,939,,,False
49,400,939,,,False
51,363,939,,,False
53,391,939,,,False
58,386,939,,,False
62,369,939,,,False
69,347,939,,,False
70,415,939,,,False
75,377,939,,,False
77,381,939,,,False
79,376,939,,,False
80,392,939,,,False
86,372,939,,,False
93,417,939,,,False
94,382,939,,,False
98,366,939,,,False
99,396,939,,,False
1,361,940,,,False
2,360,940,,,False
10,366,940,,,False
12,387,940,,,False
14,402,940,,,False
15,394,940,,,False
19,374,940,,,False
20,369,940,,,False
24,358,940,,,False
26,364,940,,,False
28,351,940,,,False
30,368,940,,,False
31,374,940,,,False
32,375,940,,,False
34,371,940,,,False
41,381,940,,,False
43,401,940,,,False
59,368,940,,,False
61,389,940,,,False
62,370,940,,,False
64,343,940,,,False
65,382,940,,,False
67,360,940,,,False
68,381,940,,,False
70,416,940,,,False
72,363,940,,,False
78,376,940,,,False
80,393,940,,,False
82,372,940,,,False
83,374,940,,,False
84,399,940,,,False
86,373,940,,,False
92,390,940,,,False
94,383,940,,,False
96,374,940,,,False
0,366,941,,,False
2,361,941,,,False
4,358,941,,,False
5,383,941,,,False
7,370,941,,,False
12,388,941,,,False
13,373,941,,,False
14,403,941,,,False
15,395,941,,,False
17,366,941,,,False
21,380,941,,,False
22,367,941,,,False
26,365,941,,,False
27,389,941,,,False
31,375,941,,,False
34,372,941,,,False
36,373,941,,,False
44,398,941,,,False
45,389,941,,,False
47,405,941,,,False
57,388,941,,,False
61,390,941,,,False
63,416,941,,,False
66,370,941,,,False
68,382,941,,,False
69,348,941,,,False
70,417,941,,,False
71,347,941,,,False
73,372,941,,,False
77,382,941,,,False
78,377,941,,,False
79,377,941,,,False
81,380,941,,,False
82,373,941,,,False
85,379,941,,,False
86,374,941,,,False
93,418,941,,,False
95,371,941,,,False
99,397,941,,,False
1,362,942,,,False
3,360,942,,,False
4,359,942,,,False
5,384,942,,,False
6,381,942,,,False
7,371,942,,,False
8,380,942,,,False
13,374,942,,,False
14,404,942,,,False
18,385,942,,,False
19,375,942,,,False
20,370,942,,,False
25,373,942,,,False
27,390,942,,,False
29,384,942,,,False
30,369,942,,,False
34,373,942,,,False
37,379,942,,,False
38,397,942,,,False
40,394,942,,,False
43,402,942,,,False
44,399,942,,,False
50,358,942,,,False
51,364,942,,,False
52,368,942,,,False
54,345,942,,,False
55,394,942,,,False
57,389,942,,,False
59,369,942,,,False
64,344,942,,,False
65,383,942,,,False
66,371,942,,,False
72,364,942,,,False
73,373,942,,,False
80,394,942,,,False
81,381,942,,,False
82,374,942,,,False
88,371,942,,,False
95,372,942,,,False
96,375,942,,,False
0,367,943,,,False
1,363,943,,,False
3,361,943,,,False
4,360,943,,,False
10,367,943,,,False
17,367,943,,,False
18,386,943,,,False
19,376,943,,,False
20,371,943,,,False
29,385,943,,,False
30,370,943,,,False
42,370,943,,,False
43,403,943,,,False
44,400,943,,,False
50,359,943,,,False
51,365,943,,,False
53,392,943,,,False
54,346,943,,,False
55,395,943,,,False
56,415,943,,,False
57,390,943,,,False
62,371,943,,,False
63,417,943,,,False
64,345,943,,,False
67,361,943,,,False
69,349,943,,,False
70,418,943,,,False
72,365,943,,,False
73,374,943,,,False
74,361,943,,,False
75,378,943,,,False
76,403,943,,,False
77,383,943,,,False
78,378,943,,,False
80,395,943,,,False
86,375,943,,,False
91,365,943,,,False
94,384,943,,,False
95,373,943,,,False
98,367,943,,,False
0,368,944,,,False
2,362,944,,,False
3,362,944,,,False
5,385,944,,,False
7,372,944,,,False
8,381,944,,,False
10,368,944,,,False
12,389,944,,,False
15,396,944,,,False
16,392,944,,,False
20,372,944,,,False
23,377,944,,,False
24,359,944,,,False
25,374,944,,,False
27,391,944,,,False
28,352,944,,,False
29,386,944,,,False
30,371,944,,,False
31,376,944,,,False
32,376,944,,,False
33,408,944,,,False
37,380,944,,,False
43,404,944,,,False
45,390,944,,,False
50,360,944,,,False
53,393,944,,,False
56,416,944,,,False
59,370,944,,,False
66,372,944,,,False
67,362,944,,,False
68,383,944,,,False
70,419,944,,,False
71,348,944,,,False
74,362,944,,,False
75,379,944,,,False
77,384,944,,,False
79,378,944,,,False
81,382,944,,,False
83,375,944,,,False
86,376,944,,,False
87,367,944,,,False
88,372,944,,,False
89,372,944,,,False
98,368,944,,,False
0,369,945,,,False
4,361,945,,,False
6,382,945,,,False
7,373,945,,,False
13,375,945,,,False
14,405,945,,,False
15,397,945,,,False
16,393,945,,,False
21,381,945,,,False
24,360,945,,,False
26,366,945,,,False
28,353,945,,,False
30,372,945,,,False
31,377,945,,,False
33,409,945,,,False
35,364,945,,,False
36,374,945,,,False
38,398,945,,,False
44,401,945,,,False
47,406,945,,,False
51,366,945,,,False
53,394,945,,,False
56,417,945,,,False
58,387,945,,,False
61,391,945,,,False
65,384,945,,,False
67,363,945,,,False
70,420,945,,,False
73,375,945,,,False
74,363,945,,,False
80,396,945,,,False
83,376,945,,,False
84,400,945,,,False
85,380,945,,,False
87,368,945,,,False
88,373,945,,,False
90,375,945,,,False
91,366,945,,,False
93,419,945,,,False
96,376,945,,,False
99,398,945,,,False
0,370,946,,,False
6,383,946,,,False
13,376,946,,,False
17,368,946,,,False
18,387,946,,,False
22,368,946,,,False
24,361,946,,,False
25,375,946,,,False
28,354,946,,,False
29,387,946,,,False
30,373,946,,,False
32,377,946,,,False
33,410,946,,,False
34,374,946,,,False
38,399,946,,,False
40,395,946,,,False
41,382,946,,,False
45,391,946,,,False
47,407,946,,,False
49,401,946,,,False
50,361,946,,,False
51,367,946,,,False
52,369,946,,,False
55,396,946,,,False
58,388,946,,,False
61,392,946,,,False
63,418,946,,,False
64,346,946,,,False
65,385,946,,,False
66,373,946,,,False
68,384,946,,,False
69,350,946,,,False
70,421,946,,,False
78,379,946,,,False
79,379,946,,,False
80,397,946,,,False
85,381,946,,,False
86,377,946,,,False
90,376,946,,,False
92,391,946,,,False
93,420,946,,,False
94,385,946,,,False
97,368,946,,,False
98,369,946,,,False
1,364,947,,,False
2,363,947,,,False
3,363,947,,,False
5,386,947,,,False
6,384,947,,,False
8,382,947,,,False
9,394,947,,,False
12,390,947,,,False
13,377,947,,,False
14,406,947,,,False
25,376,947,,,False
33,411,947,,,False
37,381,947,,,False
38,400,947,,,False
41,383,947,,,False
44,402,947,,,False
50,362,947,,,False
51,368,947,,,False
53,395,947,,,False
56,418,947,,,False
57,391,947,,,False
58,389,947,,,False
61,393,947,,,False
63,419,947,,,False
72,366,947,,,False
75,380,947,,,False
78,380,947,,,False
80,398,947,,,False
82,375,947,,,False
88,374,947,,,False
89,373,947,,,False
90,377,947,,,False
96,377,947,,,False
97,369,947,,,False
98,370,947,,,False
99,399,947,,,False
0,371,948,,,False
1,365,948,,,False
4,362,948,,,False
6,385,948,,,False
11,366,948,,,False
12,391,948,,,False
16,394,948,,,False
18,388,948,,,False
19,377,948,,,False
21,382,948,,,False
22,369,948,,,False
23,378,948,,,False
27,392,948,,,False
28,355,948,,,False
29,388,948,,,False
32,378,948,,,False
35,365,948,,,False
37,382,948,,,False
44,403,948,,,False
48,365,948,,,False
50,363,948,,,False
51,369,948,,,False
52,370,948,,,False
54,347,948,,,False
57,392,948,,,False
68,385,948,,,False
69,351,948,,,False
70,422,948,,,False
71,349,948,,,False
75,381,948,,,False
77,385,948,,,False
80,399,948,,,False
83,377,948,,,False
86,378,948,,,False
89,374,948,,,False
90,378,948,,,False
96,378,948,,,False
99,400,948,,,False
0,372,949,,,False
1,366,949,,,False
2,364,949,,,False
3,364,949,,,False
6,386,949,,,False
7,374,949,,,False
10,369,949,,,False
11,367,949,,,False
13,378,949,,,False
14,407,949,,,False
17,369,949,,,False
20,373,949,,,False
21,383,949,,,False
28,356,949,,,False
30,374,949,,,False
31,378,949,,,False
32,379,949,,,False
33,412,949,,,False
34,375,949,,,False
35,366,949,,,False
36,375,949,,,False
37,383,949,,,False
38,401,949,,,False
42,371,949,,,False
46,359,949,,,False
49,402,949,,,False
51,370,949,,,False
52,371,949,,,False
53,396,949,,,False
54,348,949,,,False
55,397,949,,,False
56,419,949,,,False
58,390,949,,,False
60,370,949,,,False
61,394,949,,,False
62,372,949,,,False
66,374,949,,,False
68,386,949,,,False
73,376,949,,,False
74,364,949,,,False
77,386,949,,,False
80,400,949,,,False
83,378,949,,,False
86,379,949,,,False
92,392,949,,,False
93,421,949,,,False
94,386,949,,,False
97,370,949,,,False
98,371,949,,,False
99,401,949,,,False
0,373,950,,,False
1,367,950,,,False
2,365,950,,,False
7,375,950,,,False
10,370,950,,,False
18,389,950,,,False
21,384,950,,,False
26,367,950,,,False
27,393,950,,,False
30,375,950,,,False
34,376,950,,,False
36,376,950,,,False
37,384,950,,,False
39,378,950,,,False
40,396,950,,,False
41,384,950,,,False
43,405,950,,,False
50,364,950,,,False
52,372,950,,,False
53,397,950,,,False
55,398,950,,,False
58,391,950,,,False
61,395,950,,,False
62,373,950,,,False
64,347,950,,,False
66,375,950,,,False
72,367,950,,,False
74,365,950,,,False
80,401,950,,,False
86,380,950,,,False
88,375,950,,,False
92,393,950,,,False
94,387,950,,,False
95,374,950,,,False
97,371,950,,,False
99,402,950,,,False
0,374,951,,,False
1,368,951,,,False
2,366,951,,,False
3,365,951,,,False
4,363,951,,,False
8,383,951,,,False
9,395,951,,,False
10,371,951,,,False
11,368,951,,,False
12,392,951,,,False
14,408,951,,,False
15,398,951,,,False
17,370,951,,,False
20,374,951,,,False
21,385,951,,,False
23,379,951,,,False
24,362,951,,,False
33,413,951,,,False
38,402,951,,,False
40,397,951,,,False
44,404,951,,,False
46,360,951,,,False
47,408,951,,,False
48,366,951,,,False
51,371,951,,,False
52,373,951,,,False
54,349,951,,,False
55,399,951,,,False
59,371,951,,,False
60,371,951,,,False
64,348,951,,,False
68,387,951,,,False
70,423,951,,,False
79,380,951,,,False
83,379,951,,,False
84,401,951,,,False
85,382,951,,,False
89,375,951,,,False
93,422,951,,,False
96,379,951,,,False
1,369,952,,,False
2,367,952,,,False
3,366,952,,,False
4,364,952,,,False
7,376,952,,,False
8,384,952,,,False
10,372,952,,,False
13,379,952,,,False
15,399,952,,,False
19,378,952,,,False
22,370,952,,,False
23,380,952,,,False
24,363,952,,,False
26,368,952,,,False
30,376,952,,,False
34,377,952,,,False
35,367,952,,,False
39,379,952,,,False
40,398,952,,,False
41,385,952,,,False
42,372,952,,,False
43,406,952,,,False
44,405,952,,,False
45,392,952,,,False
47,409,952,,,False
48,367,952,,,False
49,403,952,,,False
50,365,952,,,False
52,374,952,,,False
54,350,952,,,False
57,393,952,,,False
58,392,952,,,False
65,386,952,,,False
68,388,952,,,False
70,424,952,,,False
71,350,952,,,False
72,368,952,,,False
73,377,952,,,False
75,382,952,,,False
77,387,952,,,False
93,423,952,,,False
94,388,952,,,False
95,375,952,,,False
1,370,953,,,False
2,368,953,,,False
3,367,953,,,False
6,387,953,,,False
7,377,953,,,False
9,396,953,,,False
10,373,953,,,False
13,380,953,,,False
17,371,953,,,False
18,390,953,,,False
21,386,953,,,False
23,381,953,,,False
27,394,953,,,False
28,357,953,,,False
30,377,953,,,False
32,380,953,,,False
33,414,953,,,False
37,385,953,,,False
41,386,953,,,False
43,407,953,,,False
44,406,953,,,False
50,366,953,,,False
54,351,953,,,False
60,372,953,,,False
62,374,953,,,False
63,420,953,,,False
64,349,953,,,False
67,364,953,,,False
69,352,953,,,False
71,351,953,,,False
72,369,953,,,False
76,404,953,,,False
81,383,953,,,False
82,376,953,,,False
85,383,953,,,False
86,381,953,,,False
92,394,953,,,False
93,424,953,,,False
96,380,953,,,False
97,372,953,,,False
99,403,953,,,False
0,375,954,,,False
5,387,954,,,False
6,388,954,,,False
7,378,954,,,False
11,369,954,,,False
12,393,954,,,False
13,381,954,,,False
17,372,954,,,False
18,391,954,,,False
20,375,954,,,False
23,382,954,,,False
32,381,954,,,False
33,415,954,,,False
34,378,954,,,False
40,399,954,,,False
41,387,954,,,False
42,373,954,,,False
43,408,954,,,False
44,407,954,,,False
47,410,954,,,False
50,367,954,,,False
53,398,954,,,False
55,400,954,,,False
56,420,954,,,False
63,421,954,,,False
65,387,954,,,False
72,370,954,,,False
74,366,954,,,False
77,388,954,,,False
81,384,954,,,False
84,402,954,,,False
87,369,954,,,False
91,367,954,,,False
1,371,955,,,False
2,369,955,,,False
3,368,955,,,False
7,379,955,,,False
11,370,955,,,False
15,400,955,,,False
16,395,955,,,False
17,373,955,,,False
19,379,955,,,False
22,371,955,,,False
25,377,955,,,False
29,389,955,,,False
30,378,955,,,False
33,416,955,,,False
34,379,955,,,False
37,386,955,,,False
38,403,955,,,False
40,400,955,,,False
43,409,955,,,False
46,361,955,,,False
47,411,955,,,False
50,368,955,,,False
54,352,955,,,False
55,401,955,,,False
60,373,955,,,False
63,422,955,,,False
64,350,955,,,False
71,352,955,,,False
74,367,955,,,False
78,381,955,,,False
79,381,955,,,False
80,402,955,,,False
81,385,955,,,False
83,380,955,,,False
84,403,955,,,False
87,370,955,,,False
98,372,955,,,False
0,376,956,,,False
2,370,956,,,False
5,388,956,,,False
9,397,956,,,False
10,374,956,,,False
15,401,956,,,False
17,374,956,,,False
19,380,956,,,False
22,372,956,,,False
24,364,956,,,False
25,378,956,,,False
27,395,956,,,False
28,358,956,,,False
31,379,956,,,False
32,382,956,,,False
34,380,956,,,False
35,368,956,,,False
37,387,956,,,False
38,404,956,,,False
39,380,956,,,False
46,362,956,,,False
52,375,956,,,False
53,399,956,,,False
56,421,956,,,False
58,393,956,,,False
59,372,956,,,False
60,374,956,,,False
61,396,956,,,False
62,375,956,,,False
63,423,956,,,False
64,351,956,,,False
68,389,956,,,False
69,353,956,,,False
71,353,956,,,False
72,371,956,,,False
76,405,956,,,False
80,403,956,,,False
81,386,956,,,False
83,381,956,,,False
87,371,956,,,False
88,376,956,,,False
89,376,956,,,False
92,395,956,,,False
95,376,956,,,False
96,381,956,,,False
98,373,956,,,False
2,371,957,,,False
3,369,957,,,False
7,380,957,,,False
8,385,957,,,False
12,394,957,,,False
13,382,957,,,False
14,409,957,,,False
15,402,957,,,False
16,396,957,,,False
29,390,957,,,False
30,379,957,,,False
35,369,957,,,False
36,377,957,,,False
42,374,957,,,False
43,410,957,,,False
44,408,957,,,False
47,412,957,,,False
53,400,957,,,False
56,422,957,,,False
57,394,957,,,False
59,373,957,,,False
61,397,957,,,False
64,352,957,,,False
69,354,957,,,False
75,383,957,,,False
76,406,957,,,False
78,382,957,,,False
79,382,957,,,False
80,404,957,,,False
81,387,957,,,False
83,382,957,,,False
85,384,957,,,False
88,377,957,,,False
90,379,957,,,False
92,396,957,,,False
94,389,957,,,False
96,382,957,,,False
97,373,957,,,False
98,374,957,,,False
0,377,958,,,False
6,389,958,,,False
8,386,958,,,False
9,398,958,,,False
11,371,958,,,False
14,410,958,,,False
16,397,958,,,False
18,392,958,,,False
19,381,958,,,False
20,376,958,,,False
22,373,958,,,False
23,383,958,,,False
24,365,958,,,False
26,369,958,,,False
27,396,958,,,False
30,380,958,,,False
33,417,958,,,False
34,381,958,,,False
35,370,958,,,False
37,388,958,,,False
40,401,958,,,False
41,388,958,,,False
42,375,958,,,False
46,363,958,,,False
49,404,958,,,False
54,353,958,,,False
57,395,958,,,False
58,394,958,,,False
66,376,958,,,False
70,425,958,,,False
71,354,958,,,False
72,372,958,,,False
78,383,958,,,False
79,383,958,,,False
80,405,958,,,False
85,385,958,,,False
87,372,958,,,False
89,377,958,,,False
90,380,958,,,False
93,425,958,,,False
94,390,958,,,False
99,404,958,,,False
1,372,959,,,False
3,370,959,,,False
4,365,959,,,False
5,389,959,,,False
6,390,959,,,False
7,381,959,,,False
9,399,959,,,False
10,375,959,,,False
11,372,959,,,False
13,383,959,,,False
14,411,959,,,False
15,403,959,,,False
16,398,959,,,False
17,375,959,,,False
19,382,959,,,False
24,366,959,,,False
26,370,959,,,False
29,391,959,,,False
34,382,959,,,False
35,371,959,,,False
36,378,959,,,False
37,389,959,,,False
39,381,959,,,False
42,376,959,,,False
44,409,959,,,False
49,405,959,,,False
50,369,959,,,False
51,372,959,,,False
55,402,959,,,False
56,423,959,,,False
57,396,959,,,False
60,375,959,,,False
62,376,959,,,False
64,353,959,,,False
69,355,959,,,False
70,426,959,,,False
72,373,959,,,False
74,368,959,,,False
76,407,959,,,False
78,384,959,,,False
80,406,959,,,False
81,388,959,,,False
84,404,959,,,False
85,386,959,,,False
88,378,959,,,False
89,378,959,,,False
90,381,959,,,False
91,368,959,,,False
95,377,959,,,False
97,374,959,,,False
2,372,960,,,False
8,387,960,,,False
14,412,960,,,False
16,399,960,,,False
17,376,960,,,False
21,387,960,,,False
22,374,960,,,False
23,384,960,,,False
25,379,960,,,False
27,397,960,,,False
30,381,960,,,False
31,380,960,,,False
36,379,960,,,False
40,402,960,,,False
51,373,960,,,False
52,376,960,,,False
55,403,960,,,False
56,424,960,,,False
58,395,960,,,False
62,377,960,,,False
64,354,960,,,False
68,390,960,,,False
69,356,960,,,False
70,427,960,,,False
72,374,960,,,False
75,384,960,,,False
79,384,960,,,False
80,407,960,,,False
81,389,960,,,False
82,377,960,,,False
83,383,960,,,False
84,405,960,,,False
87,373,960,,,False
88,379,960,,,False
96,383,960,,,False
98,375,960,,,False
99,405,960,,,False
0,378,961,,,False
5,390,961,,,False
9,400,961,,,False
10,376,961,,,False
12,395,961,,,False
13,384,961,,,False
14,413,961,,,False
17,377,961,,,False
18,393,961,,,False
21,388,961,,,False
23,385,961,,,False
26,371,961,,,False
30,382,961,,,False
32,383,961,,,False
34,383,961,,,False
36,380,961,,,False
37,390,961,,,False
40,403,961,,,False
41,389,961,,,False
43,411,961,,,False
46,364,961,,,False
50,370,961,,,False
52,377,961,,,False
53,401,961,,,False
54,354,961,,,False
64,355,961,,,False
65,388,961,,,False
67,365,961,,,False
70,428,961,,,False
72,375,961,,,False
73,378,961,,,False
76,408,961,,,False
77,389,961,,,False
81,390,961,,,False
84,406,961,,,False
85,387,961,,,False
86,382,961,,,False
87,374,961,,,False
88,380,961,,,False
91,369,961,,,False
97,375,961,,,False
99,406,961,,,False
0,379,962,,,False
2,373,962,,,False
3,371,962,,,False
5,391,962,,,False
6,391,962,,,False
7,382,962,,,False
10,377,962,,,False
11,373,962,,,False
21,389,962,,,False
24,367,962,,,False
25,380,962,,,False
28,359,962,,,False
31,381,962,,,False
33,418,962,,,False
35,372,962,,,False
37,391,962,,,False
38,405,962,,,False
39,382,962,,,False
41,390,962,,,False
43,412,962,,,False
46,365,962,,,False
47,413,962,,,False
48,368,962,,,False
49,406,962,,,False
51,374,962,,,False
54,355,962,,,False
55,404,962,,,False
58,396,962,,,False
59,374,962,,,False
60,376,962,,,False
62,378,962,,,False
64,356,962,,,False
65,389,962,,,False
67,366,962,,,False
68,391,962,,,False
78,385,962,,,False
80,408,962,,,False
81,391,962,,,False
83,384,962,,,False
86,383,962,,,False
87,375,962,,,False
96,384,962,,,False
97,376,962,,,False
99,407,962,,,False
0,380,963,,,False
7,383,963,,,False
8,388,963,,,False
10,378,963,,,False
11,374,963,,,False
13,385,963,,,False
15,404,963,,,False
17,378,963,,,False
19,383,963,,,False
20,377,963,,,False
21,390,963,,,False
22,375,963,,,False
26,372,963,,,False
29,392,963,,,False
30,383,963,,,False
44,410,963,,,False
46,366,963,,,False
51,375,963,,,False
54,356,963,,,False
55,405,963,,,False
57,397,963,,,False
58,397,963,,,False
62,379,963,,,False
63,424,963,,,False
67,367,963,,,False
68,392,963,,,False
70,429,963,,,False
71,355,963,,,False
73,379,963,,,False
74,369,963,,,False
81,392,963,,,False
82,378,963,,,False
83,385,963,,,False
87,376,963,,,False
88,381,963,,,False
89,379,963,,,False
90,382,963,,,False
91,370,963,,,False
93,426,963,,,False
95,378,963,,,False
96,385,963,,,False
98,376,963,,,False
99,408,963,,,False
0,381,964,,,False
5,392,964,,,False
6,392,964,,,False
8,389,964,,,False
10,379,964,,,False
12,396,964,,,False
13,386,964,,,False
20,378,964,,,False
24,368,964,,,False
25,381,964,,,False
26,373,964,,,False
30,384,964,,,False
32,384,964,,,False
35,373,964,,,False
42,377,964,,,False
43,413,964,,,False
45,393,964,,,False
51,376,964,,,False
54,357,964,,,False
55,406,964,,,False
56,425,964,,,False
57,398,964,,,False
58,398,964,,,False
59,375,964,,,False
60,377,964,,,False
62,380,964,,,False
64,357,964,,,False
65,390,964,,,False
66,377,964,,,False
67,368,964,,,False
68,393,964,,,False
70,430,964,,,False
71,356,964,,,False
72,376,964,,,False
73,380,964,,,False
75,385,964,,,False
76,409,964,,,False
79,385,964,,,False
86,384,964,,,False
88,382,964,,,False
90,383,964,,,False
91,371,964,,,False
92,397,964,,,False
93,427,964,,,False
94,391,964,,,False
95,379,964,,,False
98,377,964,,,False
1,373,965,,,False
3,372,965,,,False
5,393,965,,,False
6,393,965,,,False
7,384,965,,,False
10,380,965,,,False
12,397,965,,,False
14,414,965,,,False
22,376,965,,,False
23,386,965,,,False
24,369,965,,,False
27,398,965,,,False
29,393,965,,,False
38,406,965,,,False
39,383,965,,,False
41,391,965,,,False
49,407,965,,,False
51,377,965,,,False
53,402,965,,,False
54,358,965,,,False
61,398,965,,,False
62,381,965,,,False
63,425,965,,,False
64,358,965,,,False
67,369,965,,,False
70,431,965,,,False
71,357,965,,,False
72,377,965,,,False
73,381,965,,,False
74,370,965,,,False
76,410,965,,,False
90,384,965,,,False
91,372,965,,,False
92,398,965,,,False
93,428,965,,,False
94,392,965,,,False
0,382,966,,,False
6,394,966,,,False
13,387,966,,,False
14,415,966,,,False
17,379,966,,,False
18,394,966,,,False
19,384,966,,,False
20,379,966,,,False
22,377,966,,,False
26,374,966,,,False
27,399,966,,,False
28,360,966,,,False
32,385,966,,,False
35,374,966,,,False
40,404,966,,,False
41,392,966,,,False
45,394,966,,,False
47,414,966,,,False
48,369,966,,,False
49,408,966,,,False
50,371,966,,,False
53,403,966,,,False
58,399,966,,,False
62,382,966,,,False
64,359,966,,,False
65,391,966,,,False
66,378,966,,,False
67,370,966,,,False
68,394,966,,,False
71,358,966,,,False
74,371,966,,,False
77,390,966,,,False
80,409,966,,,False
82,379,966,,,False
83,386,966,,,False
85,388,966,,,False
86,385,966,,,False
88,383,966,,,False
92,399,966,,,False
0,383,967,,,False
2,374,967,,,False
6,395,967,,,False
8,390,967,,,False
11,375,967,,,False
13,388,967,,,False
14,416,967,,,False
17,380,967,,,False
20,380,967,,,False
22,378,967,,,False
27,400,967,,,False
31,382,967,,,False
33,419,967,,,False
34,384,967,,,False
36,381,967,,,False
38,407,967,,,False
39,384,967,,,False
41,393,967,,,False
43,414,967,,,False
45,395,967,,,False
47,415,967,,,False
49,409,967,,,False
50,372,967,,,False
51,378,967,,,False
52,378,967,,,False
53,404,967,,,False
55,407,967,,,False
60,378,967,,,False
61,399,967,,,False
67,371,967,,,False
70,432,967,,,False
79,386,967,,,False
94,393,967,,,False
97,377,967,,,False
99,409,967,,,False
2,375,968,,,False
3,373,968,,,False
4,366,968,,,False
5,394,968,,,False
7,385,968,,,False
9,401,968,,,False
11,376,968,,,False
12,398,968,,,False
15,405,968,,,False
18,395,968,,,False
19,385,968,,,False
23,387,968,,,False
30,385,968,,,False
32,386,968,,,False
35,375,968,,,False
36,382,968,,,False
37,392,968,,,False
38,408,968,,,False
45,396,968,,,False
47,416,968,,,False
48,370,968,,,False
50,373,968,,,False
51,379,968,,,False
52,379,968,,,False
53,405,968,,,False
55,408,968,,,False
57,399,968,,,False
58,400,968,,,False
59,376,968,,,False
60,379,968,,,False
62,383,968,,,False
63,426,968,,,False
65,392,968,,,False
66,379,968,,,False
67,372,968,,,False
68,395,968,,,False
69,357,968,,,False
72,378,968,,,False
73,382,968,,,False
78,386,968,,,False
79,387,968,,,False
80,410,968,,,False
81,393,968,,,False
85,389,968,,,False
87,377,968,,,False
92,400,968,,,False
94,394,968,,,False
99,410,968,,,False
3,374,969,,,False
5,395,969,,,False
8,391,969,,,False
10,381,969,,,False
14,417,969,,,False
15,406,969,,,False
16,400,969,,,False
25,382,969,,,False
27,401,969,,,False
28,361,969,,,False
29,394,969,,,False
30,386,969,,,False
33,420,969,,,False
35,376,969,,,False
39,385,969,,,False
44,411,969,,,False
49,410,969,,,False
51,380,969,,,False
53,406,969,,,False
56,426,969,,,False
58,401,969,,,False
60,380,969,,,False
63,427,969,,,False
66,380,969,,,False
67,373,969,,,False
68,396,969,,,False
70,433,969,,,False
72,379,969,,,False
82,380,969,,,False
86,386,969,,,False
88,384,969,,,False
90,385,969,,,False
91,373,969,,,False
92,401,969,,,False
93,429,969,,,False
95,380,969,,,False
99,411,969,,,False
4,367,970,,,False
5,396,970,,,False
7,386,970,,,False
9,402,970,,,False
10,382,970,,,False
11,377,970,,,False
15,407,970,,,False
16,401,970,,,False
17,381,970,,,False
21,391,970,,,False
22,379,970,,,False
23,388,970,,,False
25,383,970,,,False
34,385,970,,,False
35,377,970,,,False
40,405,970,,,False
42,378,970,,,False
44,412,970,,,False
45,397,970,,,False
46,367,970,,,False
48,371,970,,,False
50,374,970,,,False
52,380,970,,,False
53,407,970,,,False
55,409,970,,,False
57,400,970,,,False
58,402,970,,,False
61,400,970,,,False
62,384,970,,,False
63,428,970,,,False
66,381,970,,,False
67,374,970,,,False
70,434,970,,,False
71,359,970,,,False
77,391,970,,,False
79,388,970,,,False
83,387,970,,,False
88,385,970,,,False
89,380,970,,,False
92,402,970,,,False
97,378,970,,,False
98,378,970,,,False
99,412,970,,,False
0,384,971,,,False
1,374,971,,,False
2,376,971,,,False
7,387,971,,,False
10,383,971,,,False
11,378,971,,,False
13,389,971,,,False
14,418,971,,,False
15,408,971,,,False
18,396,971,,,False
21,392,971,,,False
24,370,971,,,False
31,383,971,,,False
34,386,971,,,False
37,393,971,,,False
42,379,971,,,False
44,413,971,,,False
45,398,971,,,False
46,368,971,,,False
47,417,971,,,False
49,411,971,,,False
51,381,971,,,False
53,408,971,,,False
55,410,971,,,False
56,427,971,,,False
59,377,971,,,False
61,401,971,,,False
65,393,971,,,False
73,383,971,,,False
74,372,971,,,False
76,411,971,,,False
80,411,971,,,False
81,394,971,,,False
82,381,971,,,False
87,378,971,,,False
88,386,971,,,False
90,386,971,,,False
94,395,971,,,False
95,381,971,,,False
99,413,971,,,False
4,368,972,,,False
5,397,972,,,False
6,396,972,,,False
8,392,972,,,False
14,419,972,,,False
16,402,972,,,False
17,382,972,,,False
18,397,972,,,False
24,371,972,,,False
25,384,972,,,False
27,402,972,,,False
29,395,972,,,False
34,387,972,,,False
35,378,972,,,False
41,394,972,,,False
42,380,972,,,False
48,372,972,,,False
50,375,972,,,False
51,382,972,,,False
54,359,972,,,False
56,428,972,,,False
57,401,972,,,False
59,378,972,,,False
60,381,972,,,False
63,429,972,,,False
65,394,972,,,False
66,382,972,,,False
68,397,972,,,False
72,380,972,,,False
73,384,972,,,False
74,373,972,,,False
77,392,972,,,False
79,389,972,,,False
82,382,972,,,False
84,407,972,,,False
88,387,972,,,False
93,430,972,,,False
99,414,972,,,False
3,375,973,,,False
4,369,973,,,False
6,397,973,,,False
8,393,973,,,False
12,399,973,,,False
14,420,973,,,False
18,398,973,,,False
19,386,973,,,False
23,389,973,,,False
28,362,973,,,False
30,387,973,,,False
32,387,973,,,False
33,421,973,,,False
34,388,973,,,False
36,383,973,,,False
38,409,973,,,False
40,406,973,,,False
42,381,973,,,False
44,414,973,,,False
47,418,973,,,False
49,412,973,,,False
51,383,973,,,False
53,409,973,,,False
55,411,973,,,False
56,429,973,,,False
59,379,973,,,False
61,402,973,,,False
64,360,973,,,False
66,383,973,,,False
69,358,973,,,False
72,381,973,,,False
74,374,973,,,False
76,412,973,,,False
78,387,973,,,False
79,390,973,,,False
85,390,973,,,False
93,431,973,,,False
97,379,973,,,False
98,379,973,,,False
99,415,973,,,False
6,398,974,,,False
7,388,974,,,False
8,394,974,,,False
10,384,974,,,False
22,380,974,,,False
25,385,974,,,False
27,403,974,,,False
29,396,974,,,False
30,388,974,,,False
33,422,974,,,False
34,389,974,,,False
35,379,974,,,False
39,386,974,,,False
43,415,974,,,False
46,369,974,,,False
53,410,974,,,False
55,412,974,,,False
57,402,974,,,False
74,375,974,,,False
75,386,974,,,False
79,391,974,,,False
80,412,974,,,False
81,395,974,,,False
82,383,974,,,False
85,391,974,,,False
86,387,974,,,False
87,379,974,,,False
88,388,974,,,False
89,381,974,,,False
92,403,974,,,False
94,396,974,,,False
96,386,974,,,False
97,380,974,,,False
99,416,974,,,False
3,376,975,,,False
6,399,975,,,False
7,389,975,,,False
8,395,975,,,False
9,403,975,,,False
10,385,975,,,False
11,379,975,,,False
12,400,975,,,False
13,390,975,,,False
15,409,975,,,False
16,403,975,,,False
17,383,975,,,False
18,399,975,,,False
22,381,975,,,False
23,390,975,,,False
26,375,975,,,False
28,363,975,,,False
29,397,975,,,False
33,423,975,,,False
38,410,975,,,False
39,387,975,,,False
40,407,975,,,False
43,416,975,,,False
45,399,975,,,False
47,419,975,,,False
50,376,975,,,False
52,381,975,,,False
53,411,975,,,False
59,380,975,,,False
64,361,975,,,False
65,395,975,,,False
66,384,975,,,False
69,359,975,,,False
74,376,975,,,False
75,387,975,,,False
76,413,975,,,False
79,392,975,,,False
81,396,975,,,False
84,408,975,,,False
85,392,975,,,False
87,380,975,,,False
91,374,975,,,False
92,404,975,,,False
94,397,975,,,False
95,382,975,,,False
99,417,975,,,False
0,385,976,,,False
1,375,976,,,False
2,377,976,,,False
6,400,976,,,False
7,390,976,,,False
8,396,976,,,False
12,401,976,,,False
14,421,976,,,False
15,410,976,,,False
18,400,976,,,False
23,391,976,,,False
27,404,976,,,False
29,398,976,,,False
32,388,976,,,False
34,390,976,,,False
36,384,976,,,False
39,388,976,,,False
41,395,976,,,False
42,382,976,,,False
43,417,976,,,False
51,384,976,,,False
54,360,976,,,False
57,403,976,,,False
58,403,976,,,False
59,381,976,,,False
61,403,976,,,False
69,360,976,,,False
70,435,976,,,False
77,393,976,,,False
81,397,976,,,False
82,384,976,,,False
86,388,976,,,False
90,387,976,,,False
92,405,976,,,False
94,398,976,,,False
97,381,976,,,False
98,380,976,,,False
4,370,977,,,False
5,398,977,,,False
12,402,977,,,False
13,391,977,,,False
14,422,977,,,False
15,411,977,,,False
19,387,977,,,False
20,381,977,,,False
21,393,977,,,False
22,382,977,,,False
23,392,977,,,False
24,372,977,,,False
25,386,977,,,False
28,364,977,,,False
30,389,977,,,False
33,424,977,,,False
34,391,977,,,False
38,411,977,,,False
40,408,977,,,False
42,383,977,,,False
44,415,977,,,False
45,400,977,,,False
50,377,977,,,False
51,385,977,,,False
52,382,977,,,False
54,361,977,,,False
55,413,977,,,False
56,430,977,,,False
58,404,977,,,False
60,382,977,,,False
61,404,977,,,False
70,436,977,,,False
71,360,977,,,False
73,385,977,,,False
75,388,977,,,False
86,389,977,,,False
88,389,977,,,False
89,382,977,,,False
94,399,977,,,False
95,383,977,,,False
96,387,977,,,False
97,382,977,,,False
2,378,978,,,False
3,377,978,,,False
4,371,978,,,False
10,386,978,,,False
12,403,978,,,False
14,423,978,,,False
16,404,978,,,False
17,384,978,,,False
18,401,978,,,False
20,382,978,,,False
23,393,978,,,False
29,399,978,,,False
35,380,978,,,False
36,385,978,,,False
37,394,978,,,False
40,409,978,,,False
41,396,978,,,False
44,416,978,,,False
45,401,978,,,False
48,373,978,,,False
50,378,978,,,False
52,383,978,,,False
56,431,978,,,False
57,404,978,,,False
58,405,978,,,False
61,405,978,,,False
64,362,978,,,False
65,396,978,,,False
66,385,978,,,False
68,398,978,,,False
71,361,978,,,False
75,389,978,,,False
82,385,978,,,False
85,393,978,,,False
86,390,978,,,False
87,381,978,,,False
88,390,978,,,False
90,388,978,,,False
91,375,978,,,False
93,432,978,,,False
94,400,978,,,False
5,399,979,,,False
13,392,979,,,False
15,412,979,,,False
18,402,979,,,False
22,383,979,,,False
24,373,979,,,False
25,387,979,,,False
27,405,979,,,False
29,400,979,,,False
30,390,979,,,False
32,389,979,,,False
37,395,979,,,False
42,384,979,,,False
43,418,979,,,False
44,417,979,,,False
46,370,979,,,False
47,420,979,,,False
49,413,979,,,False
50,379,979,,,False
51,386,979,,,False
52,384,979,,,False
56,432,979,,,False
58,406,979,,,False
60,383,979,,,False
63,430,979,,,False
65,397,979,,,False
67,375,979,,,False
69,361,979,,,False
71,362,979,,,False
74,377,979,,,False
79,393,979,,,False
82,386,979,,,False
83,388,979,,,False
85,394,979,,,False
86,391,979,,,False
87,382,979,,,False
88,391,979,,,False
91,376,979,,,False
94,401,979,,,False
99,418,979,,,False
4,372,980,,,False
11,380,980,,,False
18,403,980,,,False
19,388,980,,,False
20,383,980,,,False
23,394,980,,,False
24,374,980,,,False
25,388,980,,,False
26,376,980,,,False
30,391,980,,,False
33,425,980,,,False
34,392,980,,,False
37,396,980,,,False
41,397,980,,,False
43,419,980,,,False
46,371,980,,,False
47,421,980,,,False
48,374,980,,,False
49,414,980,,,False
54,362,980,,,False
56,433,980,,,False
63,431,980,,,False
65,398,980,,,False
71,363,980,,,False
76,414,980,,,False
78,388,980,,,False
80,413,980,,,False
81,398,980,,,False
83,389,980,,,False
84,409,980,,,False
90,389,980,,,False
91,377,980,,,False
95,384,980,,,False
97,383,980,,,False
3,378,981,,,False
8,397,981,,,False
13,393,981,,,False
15,413,981,,,False
22,384,981,,,False
23,395,981,,,False
25,389,981,,,False
29,401,981,,,False
30,392,981,,,False
32,390,981,,,False
35,381,981,,,False
36,386,981,,,False
37,397,981,,,False
38,412,981,,,False
42,385,981,,,False
46,372,981,,,False
48,375,981,,,False
51,387,981,,,False
52,385,981,,,False
53,412,981,,,False
55,414,981,,,False
56,434,981,,,False
57,405,981,,,False
58,407,981,,,False
60,384,981,,,False
64,363,981,,,False
65,399,981,,,False
67,376,981,,,False
69,362,981,,,False
70,437,981,,,False
72,382,981,,,False
74,378,981,,,False
77,394,981,,,False
85,395,981,,,False
88,392,981,,,False
91,378,981,,,False
95,385,981,,,False
96,388,981,,,False
98,381,981,,,False
0,386,982,,,False
4,373,982,,,False
6,401,982,,,False
7,391,982,,,False
9,404,982,,,False
15,414,982,,,False
20,384,982,,,False
22,385,982,,,False
26,377,982,,,False
27,406,982,,,False
28,365,982,,,False
34,393,982,,,False
37,398,982,,,False
38,413,982,,,False
40,410,982,,,False
46,373,982,,,False
47,422,982,,,False
50,380,982,,,False
51,388,982,,,False
52,386,982,,,False
56,435,982,,,False
60,385,982,,,False
62,385,982,,,False
65,400,982,,,False
67,377,982,,,False
79,394,982,,,False
80,414,982,,,False
84,410,982,,,False
92,406,982,,,False
98,382,982,,,False
99,419,982,,,False
0,387,983,,,False
2,379,983,,,False
6,402,983,,,False
9,405,983,,,False
13,394,983,,,False
15,415,983,,,False
16,405,983,,,False
17,385,983,,,False
18,404,983,,,False
20,385,983,,,False
23,396,983,,,False
30,393,983,,,False
33,426,983,,,False
35,382,983,,,False
36,387,983,,,False
41,398,983,,,False
42,386,983,,,False
47,423,983,,,False
48,376,983,,,False
56,436,983,,,False
57,406,983,,,False
58,408,983,,,False
59,382,983,,,False
61,406,983,,,False
62,386,983,,,False
65,401,983,,,False
67,378,983,,,False
68,399,983,,,False
69,363,983,,,False
71,364,983,,,False
72,383,983,,,False
73,386,983,,,False
74,379,983,,,False
75,390,983,,,False
77,395,983,,,False
81,399,983,,,False
82,387,983,,,False
86,392,983,,,False
88,393,983,,,False
92,407,983,,,False
96,389,983,,,False
97,384,983,,,False
98,383,983,,,False
1,376,984,,,False
2,380,984,,,False
5,400,984,,,False
11,381,984,,,False
15,416,984,,,False
16,406,984,,,False
17,386,984,,,False
18,405,984,,,False
19,389,984,,,False
21,394,984,,,False
23,397,984,,,False
26,378,984,,,False
27,407,984,,,False
28,366,984,,,False
30,394,984,,,False
35,383,984,,,False
37,399,984,,,False
41,399,984,,,False
44,418,984,,,False
48,377,984,,,False
50,381,984,,,False
51,389,984,,,False
53,413,984,,,False
56,437,984,,,False
58,409,984,,,False
62,387,984,,,False
63,432,984,,,False
67,379,984,,,False
72,384,984,,,False
75,391,984,,,False
80,415,984,,,False
83,390,984,,,False
84,411,984,,,False
86,393,984,,,False
88,394,984,,,False
89,383,984,,,False
94,402,984,,,False
96,390,984,,,False
97,385,984,,,False
98,384,984,,,False
0,388,985,,,False
1,377,985,,,False
2,381,985,,,False
6,403,985,,,False
9,406,985,,,False
12,404,985,,,False
13,395,985,,,False
16,407,985,,,False
19,390,985,,,False
21,395,985,,,False
22,386,985,,,False
25,390,985,,,False
31,384,985,,,False
32,391,985,,,False
37,400,985,,,False
39,389,985,,,False
42,387,985,,,False
43,420,985,,,False
57,407,985,,,False
58,410,985,,,False
60,386,985,,,False
63,433,985,,,False
68,400,985,,,False
70,438,985,,,False
71,365,985,,,False
73,387,985,,,False
76,415,985,,,False
77,396,985,,,False
85,396,985,,,False
93,433,985,,,False
94,403,985,,,False
97,386,985,,,False
98,385,985,,,False
99,420,985,,,False
0,389,986,,,False
1,378,986,,,False
2,382,986,,,False
3,379,986,,,False
4,374,986,,,False
13,396,986,,,False
16,408,986,,,False
17,387,986,,,False
19,391,986,,,False
23,398,986,,,False
28,367,986,,,False
29,402,986,,,False
34,394,986,,,False
36,388,986,,,False
40,411,986,,,False
41,400,986,,,False
45,402,986,,,False
51,390,986,,,False
55,415,986,,,False
58,411,986,,,False
59,383,986,,,False
63,434,986,,,False
66,386,986,,,False
67,380,986,,,False
69,364,986,,,False
75,392,986,,,False
76,416,986,,,False
78,389,986,,,False
79,395,986,,,False
84,412,986,,,False
85,397,986,,,False
87,383,986,,,False
92,408,986,,,False
94,404,986,,,False
95,386,986,,,False
96,391,986,,,False
97,387,986,,,False
98,386,986,,,False
99,421,986,,,False
2,383,987,,,False
4,375,987,,,False
5,401,987,,,False
14,424,987,,,False
15,417,987,,,False
19,392,987,,,False
20,386,987,,,False
25,391,987,,,False
26,379,987,,,False
27,408,987,,,False
32,392,987,,,False
33,427,987,,,False
35,384,987,,,False
36,389,987,,,False
37,401,987,,,False
38,414,987,,,False
41,401,987,,,False
46,374,987,,,False
50,382,987,,,False
56,438,987,,,False
58,412,987,,,False
59,384,987,,,False
60,387,987,,,False
62,388,987,,,False
64,364,987,,,False
65,402,987,,,False
66,387,987,,,False
67,381,987,,,False
73,388,987,,,False
79,396,987,,,False
84,413,987,,,False
85,398,987,,,False
86,394,987,,,False
87,384,987,,,False
89,384,987,,,False
92,409,987,,,False
93,434,987,,,False
2,384,988,,,False
3,380,988,,,False
5,402,988,,,False
9,407,988,,,False
12,405,988,,,False
13,397,988,,,False
15,418,988,,,False
19,393,988,,,False
22,387,988,,,False
23,399,988,,,False
26,380,988,,,False
28,368,988,,,False
29,403,988,,,False
30,395,988,,,False
34,395,988,,,False
40,412,988,,,False
45,403,988,,,False
47,424,988,,,False
50,383,988,,,False
52,387,988,,,False
53,414,988,,,False
58,413,988,,,False
60,388,988,,,False
63,435,988,,,False
66,388,988,,,False
69,365,988,,,False
70,439,988,,,False
74,380,988,,,False
80,416,988,,,False
83,391,988,,,False
86,395,988,,,False
93,435,988,,,False
3,381,989,,,False
6,404,989,,,False
9,408,989,,,False
12,406,989,,,False
18,406,989,,,False
26,381,989,,,False
28,369,989,,,False
30,396,989,,,False
32,393,989,,,False
33,428,989,,,False
35,385,989,,,False
36,390,989,,,False
37,402,989,,,False
40,413,989,,,False
43,421,989,,,False
46,375,989,,,False
47,425,989,,,False
48,378,989,,,False
51,391,989,,,False
53,415,989,,,False
54,363,989,,,False
57,408,989,,,False
58,414,989,,,False
59,385,989,,,False
60,389,989,,,False
61,407,989,,,False
66,389,989,,,False
67,382,989,,,False
70,440,989,,,False
71,366,989,,,False
74,381,989,,,False
77,397,989,,,False
78,390,989,,,False
79,397,989,,,False
82,388,989,,,False
83,392,989,,,False
89,385,989,,,False
99,422,989,,,False
0,390,990,,,False
1,379,990,,,False
2,385,990,,,False
6,405,990,,,False
7,392,990,,,False
8,398,990,,,False
9,409,990,,,False
10,387,990,,,False
11,382,990,,,False
13,398,990,,,False
17,388,990,,,False
20,387,990,,,False
21,396,990,,,False
22,388,990,,,False
24,375,990,,,False
27,409,990,,,False
31,385,990,,,False
32,394,990,,,False
35,386,990,,,False
36,391,990,,,False
37,403,990,,,False
39,390,990,,,False
42,388,990,,,False
46,376,990,,,False
47,426,990,,,False
48,379,990,,,False
49,415,990,,,False
50,384,990,,,False
52,388,990,,,False
54,364,990,,,False
60,390,990,,,False
67,383,990,,,False
68,401,990,,,False
70,441,990,,,False
72,385,990,,,False
73,389,990,,,False
80,417,990,,,False
82,389,990,,,False
92,410,990,,,False
94,405,990,,,False
96,392,990,,,False
97,388,990,,,False
1,380,991,,,False
3,382,991,,,False
5,403,991,,,False
8,399,991,,,False
9,410,991,,,False
10,388,991,,,False
11,383,991,,,False
12,407,991,,,False
14,425,991,,,False
15,419,991,,,False
18,407,991,,,False
21,397,991,,,False
25,392,991,,,False
26,382,991,,,False
27,410,991,,,False
33,429,991,,,False
35,387,991,,,False
37,404,991,,,False
38,415,991,,,False
48,380,991,,,False
49,416,991,,,False
50,385,991,,,False
53,416,991,,,False
57,409,991,,,False
59,386,991,,,False
61,408,991,,,False
63,436,991,,,False
64,365,991,,,False
68,402,991,,,False
69,366,991,,,False
72,386,991,,,False
79,398,991,,,False
80,418,991,,,False
83,393,991,,,False
85,399,991,,,False
86,396,991,,,False
88,395,991,,,False
89,386,991,,,False
91,379,991,,,False
92,411,991,,,False
94,406,991,,,False
99,423,991,,,False
1,381,992,,,False
5,404,992,,,False
6,406,992,,,False
10,389,992,,,False
15,420,992,,,False
16,409,992,,,False
19,394,992,,,False
20,388,992,,,False
22,389,992,,,False
24,376,992,,,False
27,411,992,,,False
30,397,992,,,False
33,430,992,,,False
36,392,992,,,False
37,405,992,,,False
38,416,992,,,False
39,391,992,,,False
43,422,992,,,False
44,419,992,,,False
47,427,992,,,False
50,386,992,,,False
51,392,992,,,False
53,417,992,,,False
54,365,992,,,False
55,416,992,,,False
58,415,992,,,False
62,389,992,,,False
65,403,992,,,False
76,417,992,,,False
77,398,992,,,False
78,391,992,,,False
84,414,992,,,False
86,397,992,,,False
87,385,992,,,False
88,396,992,,,False
91,380,992,,,False
96,393,992,,,False
97,389,992,,,False
1,382,993,,,False
4,376,993,,,False
5,405,993,,,False
8,400,993,,,False
12,408,993,,,False
14,426,993,,,False
15,421,993,,,False
20,389,993,,,False
23,400,993,,,False
28,370,993,,,False
29,404,993,,,False
30,398,993,,,False
31,386,993,,,False
33,431,993,,,False
37,406,993,,,False
40,414,993,,,False
41,402,993,,,False
44,420,993,,,False
45,404,993,,,False
46,377,993,,,False
49,417,993,,,False
53,418,993,,,False
55,417,993,,,False
58,416,993,,,False
60,391,993,,,False
63,437,993,,,False
64,366,993,,,False
65,404,993,,,False
67,384,993,,,False
72,387,993,,,False
73,390,993,,,False
74,382,993,,,False
75,393,993,,,False
78,392,993,,,False
84,415,993,,,False
89,387,993,,,False
90,390,993,,,False
93,436,993,,,False
95,387,993,,,False
1,383,994,,,False
11,384,994,,,False
14,427,994,,,False
16,410,994,,,False
19,395,994,,,False
21,398,994,,,False
22,390,994,,,False
24,377,994,,,False
31,387,994,,,False
33,432,994,,,False
34,396,994,,,False
36,393,994,,,False
38,417,994,,,False
42,389,994,,,False
44,421,994,,,False
48,381,994,,,False
53,419,994,,,False
55,418,994,,,False
56,439,994,,,False
59,387,994,,,False
60,392,994,,,False
62,390,994,,,False
63,438,994,,,False
64,367,994,,,False
65,405,994,,,False
66,390,994,,,False
68,403,994,,,False
71,367,994,,,False
73,391,994,,,False
79,399,994,,,False
83,394,994,,,False
86,398,994,,,False
91,381,994,,,False
5,406,995,,,False
8,401,995,,,False
14,428,995,,,False
16,411,995,,,False
19,396,995,,,False
21,399,995,,,False
22,391,995,,,False
28,371,995,,,False
29,405,995,,,False
30,399,995,,,False
31,388,995,,,False
32,395,995,,,False
34,397,995,,,False
35,388,995,,,False
37,407,995,,,False
39,392,995,,,False
44,422,995,,,False
47,428,995,,,False
50,387,995,,,False
51,393,995,,,False
54,366,995,,,False
56,440,995,,,False
58,417,995,,,False
62,391,995,,,False
65,406,995,,,False
66,391,995,,,False
68,404,995,,,False
71,368,995,,,False
73,392,995,,,False
78,393,995,,,False
82,390,995,,,False
84,416,995,,,False
88,397,995,,,False
91,382,995,,,False
93,437,995,,,False
97,390,995,,,False
3,383,996,,,False
4,377,996,,,False
12,409,996,,,False
14,429,996,,,False
15,422,996,,,False
25,393,996,,,False
26,383,996,,,False
28,372,996,,,False
30,400,996,,,False
31,389,996,,,False
38,418,996,,,False
40,415,996,,,False
45,405,996,,,False
46,378,996,,,False
47,429,996,,,False
49,418,996,,,False
52,389,996,,,False
54,367,996,,,False
56,441,996,,,False
58,418,996,,,False
59,388,996,,,False
62,392,996,,,False
63,439,996,,,False
66,392,996,,,False
67,385,996,,,False
69,367,996,,,False
71,369,996,,,False
74,383,996,,,False
75,394,996,,,False
77,399,996,,,False
78,394,996,,,False
80,419,996,,,False
82,391,996,,,False
87,386,996,,,False
88,398,996,,,False
93,438,996,,,False
94,407,996,,,False
99,424,996,,,False
0,391,997,,,False
10,390,997,,,False
15,423,997,,,False
23,401,997,,,False
24,378,997,,,False
28,373,997,,,False
30,401,997,,,False
33,433,997,,,False
36,394,997,,,False
44,423,997,,,False
47,430,997,,,False
51,394,997,,,False
53,420,997,,,False
54,368,997,,,False
55,419,997,,,False
56,442,997,,,False
58,419,997,,,False
62,393,997,,,False
64,368,997,,,False
67,386,997,,,False
68,405,997,,,False
70,442,997,,,False
78,395,997,,,False
79,400,997,,,False
80,420,997,,,False
81,400,997,,,False
82,392,997,,,False
83,395,997,,,False
85,400,997,,,False
91,383,997,,,False
92,412,997,,,False
93,439,997,,,False
95,388,997,,,False
98,387,997,,,False
99,425,997,,,False
1,384,998,,,False
4,378,998,,,False
5,407,998,,,False
6,407,998,,,False
7,393,998,,,False
12,410,998,,,False
13,399,998,,,False
16,412,998,,,False
17,389,998,,,False
19,397,998,,,False
21,400,998,,,False
22,392,998,,,False
23,402,998,,,False
25,394,998,,,False
27,412,998,,,False
28,374,998,,,False
29,406,998,,,False
32,396,998,,,False
34,398,998,,,False
35,389,998,,,False
36,395,998,,,False
37,408,998,,,False
38,419,998,,,False
41,403,998,,,False
43,423,998,,,False
47,431,998,,,False
50,388,998,,,False
52,390,998,,,False
53,421,998,,,False
59,389,998,,,False
60,393,998,,,False
62,394,998,,,False
64,369,998,,,False
65,407,998,,,False
67,387,998,,,False
69,368,998,,,False
70,443,998,,,False
72,388,998,,,False
73,393,998,,,False
77,400,998,,,False
78,396,998,,,False
80,421,998,,,False
87,387,998,,,False
88,399,998,,,False
90,391,998,,,False
98,388,998,,,False
99,426,998,,,False
0,392,999,,,False
3,384,999,,,False
4,379,999,,,False
5,408,999,,,False
6,408,999,,,False
9,411,999,,,False
12,411,999,,,False
13,400,999,,,False
16,413,999,,,False
24,379,999,,,False
26,384,999,,,False
27,413,999,,,False
29,407,999,,,False
32,397,999,,,False
34,399,999,,,False
38,420,999,,,False
40,416,999,,,False
43,424,999,,,False
44,424,999,,,False
49,419,999,,,False
50,389,999,,,False
51,395,999,,,False
52,391,999,,,False
53,422,999,,,False
54,369,999,,,False
56,443,999,,,False
59,390,999,,,False
64,370,999,,,False
66,393,999,,,False
67,388,999,,,False
71,370,999,,,False
72,389,999,,,False
73,394,999,,,False
76,418,999,,,False
77,401,999,,,False
80,422,999,,,False
82,393,999,,,False
84,417,999,,,False
85,401,999,,,False
86,399,999,,,False
87,388,999,,,False
90,392,999,,,False
91,384,999,,,False
96,394,999,,,False
97,391,999,,,False
99,427,999,,,False
