source,version,generation_slot,completion_slot,delay,completed
4,1,0,53,53,True
10,1,0,53,53,True
20,1,0,53,53,True
30,1,0,53,53,True
31,1,0,53,53,True
40,1,0,120,120,True
47,1,0,70,70,True
52,1,0,50,50,True
53,1,0,77,77,True
57,1,0,41,41,True
61,1,0,95,95,True
64,1,0,50,50,True
69,1,0,95,95,True
70,1,0,95,95,True
73,1,0,95,95,True
78,1,0,50,50,True
95,1,0,50,50,True
3,1,1,53,52,True
5,1,1,70,69,True
10,2,1,53,52,True
26,1,1,70,69,True
28,1,1,137,136,True
37,1,1,120,119,True
42,1,1,53,52,True
52,2,1,50,49,True
66,1,1,34,33,True
82,1,1,50,49,True
94,1,1,50,49,True
95,2,1,50,49,True
27,1,2,53,51,True
29,1,2,70,68,True
31,2,2,53,51,True
47,2,2,70,68,True
48,1,2,120,118,True
50,1,2,34,32,True
64,2,2,50,48,True
73,2,2,95,93,True
74,1,2,50,48,True
79,1,2,95,93,True
91,1,2,50,48,True
97,1,2,50,48,True
5,2,3,70,67,True
6,1,3,70,67,True
13,1,3,70,67,True
26,2,3,70,67,True
35,1,3,70,67,True
44,1,3,53,50,True
47,3,3,70,67,True
52,3,3,50,47,True
69,2,3,95,92,True
94,2,3,95,92,True
3,2,4,53,49,True
7,1,4,53,49,True
20,2,4,70,66,True
39,1,4,79,75,True
65,1,4,131,127,True
84,1,4,95,91,True
90,1,4,95,91,True
95,3,4,50,46,True
96,1,4,77,73,True
97,2,4,50,46,True
99,1,4,77,73,True
2,1,5,79,74,True
14,1,5,70,65,True
23,1,5,70,65,True
39,2,5,79,74,True
40,2,5,120,115,True
43,1,5,70,65,True
45,1,5,70,65,True
47,4,5,70,65,True
50,2,5,77,72,True
82,2,5,50,45,True
84,2,5,95,90,True
85,1,5,34,29,True
86,1,5,50,45,True
95,4,5,50,45,True
10,3,6,53,47,True
17,1,6,53,47,True
20,3,6,70,64,True
29,2,6,70,64,True
42,2,6,70,64,True
55,1,6,50,44,True
62,1,6,95,89,True
68,1,6,50,44,True
78,2,6,50,44,True
98,1,6,77,71,True
4,2,7,53,46,True
10,4,7,53,46,True
13,2,7,70,63,True
16,1,7,120,113,True
27,2,7,53,46,True
30,2,7,53,46,True
46,1,7,79,72,True
56,1,7,95,88,True
59,1,7,50,43,True
63,1,7,50,43,True
65,2,7,131,124,True
71,1,7,77,70,True
75,1,7,95,88,True
85,2,7,104,97,True
86,2,7,50,43,True
95,5,7,50,43,True
99,2,7,77,70,True
1,1,8,70,62,True
7,2,8,120,112,True
9,1,8,76,68,True
15,1,8,79,71,True
36,1,8,70,62,True
50,3,8,77,69,True
52,4,8,50,42,True
55,2,8,50,42,True
57,2,8,53,45,True
60,1,8,95,87,True
76,1,8,102,94,True
95,6,8,50,42,True
2,2,9,79,70,True
18,1,9,120,111,True
30,3,9,53,44,True
32,1,9,137,128,True
58,1,9,95,86,True
82,3,9,95,86,True
83,1,9,53,44,True
91,2,9,95,86,True
92,1,9,95,86,True
93,1,9,77,68,True
0,1,10,70,60,True
7,3,10,120,110,True
12,1,10,70,60,True
63,2,10,53,43,True
79,2,10,95,85,True
81,1,10,50,40,True
4,3,11,53,42,True
27,3,11,53,42,True
41,1,11,70,59,True
42,3,11,70,59,True
20,4,12,70,58,True
32,2,12,137,125,True
66,2,12,95,83,True
77,1,12,50,38,True
96,2,12,77,65,True
7,4,13,120,107,True
8,1,13,79,66,True
41,2,13,70,57,True
45,2,13,70,57,True
54,1,13,50,37,True
69,3,13,95,82,True
70,2,13,95,82,True
71,2,13,77,64,True
8,2,14,79,65,True
13,3,14,70,56,True
30,4,14,53,39,True
48,2,14,120,106,True
54,2,14,50,36,True
59,2,14,50,36,True
65,3,14,131,117,True
71,3,14,77,63,True
73,3,14,95,81,True
99,3,14,77,63,True
34,1,15,120,105,True
43,2,15,70,55,True
55,3,15,50,35,True
57,3,15,53,38,True
70,3,15,95,80,True
82,4,15,95,80,True
84,3,15,95,80,True
96,3,15,77,62,True
5,3,16,70,54,True
14,2,16,70,54,True
15,2,16,79,63,True
24,1,16,79,63,True
35,2,16,70,54,True
41,3,16,70,54,True
59,3,16,95,79,True
67,1,16,95,79,True
81,2,16,50,34,True
2,3,17,79,62,True
4,4,17,79,62,True
19,1,17,70,53,True
39,3,17,79,62,True
47,5,17,70,53,True
74,2,17,95,78,True
82,5,17,95,78,True
83,2,17,53,36,True
84,4,17,95,78,True
87,1,17,95,78,True
0,2,18,79,61,True
5,4,18,70,52,True
51,1,18,102,84,True
59,4,18,95,77,True
75,2,18,95,77,True
87,2,18,95,77,True
91,3,18,95,77,True
98,2,18,77,59,True
20,5,19,70,51,True
35,3,19,70,51,True
37,2,19,120,101,True
46,2,19,79,60,True
74,3,19,95,76,True
80,1,19,95,76,True
1,2,20,70,50,True
10,5,20,70,50,True
26,3,20,70,50,True
42,4,20,70,50,True
47,6,20,70,50,True
54,3,20,50,30,True
58,2,20,95,75,True
60,2,20,95,75,True
64,3,20,77,57,True
70,4,20,95,75,True
73,4,20,95,75,True
96,4,20,95,75,True
59,5,21,95,74,True
61,2,21,95,74,True
64,4,21,77,56,True
91,4,21,95,74,True
94,3,21,95,74,True
97,3,21,120,99,True
10,6,22,70,48,True
24,2,22,79,57,True
27,4,22,53,31,True
51,2,22,102,80,True
54,4,22,50,28,True
62,2,22,95,73,True
82,6,22,95,73,True
99,4,22,77,55,True
10,7,23,70,47,True
24,3,23,79,56,True
28,2,23,137,114,True
29,3,23,120,97,True
47,7,23,120,97,True
50,4,23,77,54,True
52,5,23,95,72,True
69,4,23,95,72,True
75,3,23,102,79,True
84,5,23,95,72,True
96,5,23,95,72,True
99,5,23,77,54,True
15,3,24,79,55,True
29,4,24,120,96,True
43,3,24,70,46,True
49,1,24,79,55,True
55,4,24,95,71,True
79,3,24,102,78,True
82,7,24,95,71,True
90,2,24,95,71,True
95,7,24,95,71,True
1,3,25,70,45,True
8,3,25,120,95,True
24,4,25,79,54,True
27,5,25,70,45,True
37,3,25,120,95,True
38,1,25,120,95,True
66,3,25,95,70,True
91,5,25,95,70,True
99,6,25,77,52,True
12,2,26,120,94,True
19,2,26,79,53,True
20,6,26,120,94,True
29,5,26,120,94,True
33,1,26,120,94,True
36,2,26,70,44,True
38,2,26,120,94,True
39,4,26,79,53,True
50,5,26,95,69,True
51,3,26,102,76,True
53,2,26,77,51,True
58,3,26,102,76,True
67,2,26,95,69,True
71,4,26,77,51,True
77,2,26,77,51,True
84,6,26,95,69,True
87,3,26,95,69,True
95,8,26,95,69,True
1,4,27,70,43,True
23,2,27,70,43,True
31,3,27,120,93,True
38,3,27,120,93,True
48,3,27,120,93,True
74,4,27,95,68,True
5,5,28,79,51,True
7,5,28,120,92,True
12,3,28,120,92,True
23,3,28,70,42,True
26,4,28,79,51,True
35,4,28,79,51,True
36,3,28,120,92,True
50,6,28,95,67,True
55,5,28,95,67,True
60,3,28,95,67,True
70,5,28,95,67,True
73,5,28,95,67,True
80,2,28,95,67,True
94,4,28,95,67,True
1,5,29,79,50,True
18,2,29,120,91,True
26,5,29,79,50,True
35,5,29,79,50,True
49,2,29,79,50,True
50,7,29,95,66,True
51,4,29,102,73,True
53,3,29,77,48,True
57,4,29,77,48,True
58,4,29,102,73,True
66,4,29,95,66,True
77,3,29,77,48,True
80,3,29,95,66,True
85,3,29,104,75,True
87,4,29,95,66,True
94,5,29,95,66,True
97,4,29,120,91,True
21,1,30,120,90,True
34,2,30,120,90,True
35,6,30,79,49,True
60,4,30,95,65,True
72,1,30,77,47,True
87,5,30,95,65,True
91,6,30,95,65,True
7,6,31,120,89,True
18,3,31,120,89,True
40,3,31,120,89,True
47,8,31,120,89,True
59,6,31,95,64,True
68,2,31,95,64,True
82,8,31,95,64,True
96,6,31,95,64,True
2,4,32,79,47,True
5,6,32,79,47,True
13,4,32,120,88,True
16,2,32,120,88,True
21,2,32,120,88,True
33,2,32,120,88,True
41,4,32,120,88,True
48,4,32,120,88,True
58,5,32,102,70,True
67,3,32,95,63,True
73,6,32,95,63,True
79,4,32,102,70,True
89,1,32,95,63,True
6,2,33,120,87,True
10,8,33,77,44,True
21,3,33,120,87,True
22,1,33,95,62,True
24,5,33,120,87,True
27,6,33,77,44,True
36,4,33,120,87,True
39,5,33,79,46,True
40,4,33,120,87,True
58,6,33,102,69,True
70,6,33,102,69,True
80,4,33,95,62,True
93,2,33,77,44,True
95,9,33,95,62,True
45,3,34,120,86,True
48,5,34,167,133,True
71,5,34,95,61,True
77,4,34,131,97,True
98,3,34,77,43,True
3,3,35,120,85,True
10,9,35,77,42,True
22,2,35,95,60,True
26,6,35,79,44,True
27,7,35,77,42,True
30,5,35,83,48,True
42,5,35,120,85,True
57,5,35,77,42,True
65,4,35,131,96,True
66,5,35,95,60,True
68,3,35,95,60,True
70,7,35,102,67,True
76,2,35,102,67,True
89,2,35,95,60,True
95,10,35,95,60,True
14,3,36,120,84,True
68,4,36,95,59,True
75,4,36,102,66,True
81,3,36,77,41,True
98,4,36,77,41,True
2,5,37,79,42,True
9,2,37,79,42,True
24,6,37,120,83,True
54,5,37,95,58,True
64,5,37,95,58,True
75,5,37,102,65,True
81,4,37,95,58,True
82,9,37,95,58,True
84,7,37,95,58,True
86,3,37,95,58,True
92,2,37,102,65,True
5,7,38,79,41,True
17,2,38,120,82,True
21,4,38,120,82,True
22,3,38,95,57,True
28,3,38,137,99,True
40,5,38,120,82,True
41,5,38,120,82,True
47,9,38,120,82,True
48,6,38,167,129,True
51,5,38,102,64,True
55,6,38,95,57,True
58,7,38,102,64,True
78,3,38,131,93,True
79,5,38,102,64,True
11,1,39,120,81,True
15,4,39,120,81,True
18,4,39,120,81,True
30,6,39,83,44,True
40,6,39,120,81,True
48,7,39,167,128,True
52,6,39,95,56,True
71,6,39,95,56,True
81,5,39,95,56,True
90,3,39,102,63,True
96,7,39,95,56,True
20,7,40,120,80,True
25,1,40,120,80,True
31,4,40,120,80,True
39,6,40,79,39,True
40,7,40,120,80,True
50,8,40,95,55,True
51,6,40,102,62,True
52,7,40,95,55,True
53,4,40,95,55,True
56,2,40,102,62,True
61,3,40,95,55,True
69,5,40,131,91,True
76,3,40,102,62,True
80,5,40,131,91,True
23,4,41,120,79,True
32,3,41,137,96,True
34,3,41,120,79,True
40,8,41,120,79,True
59,7,41,148,107,True
73,7,41,95,54,True
74,5,41,95,54,True
87,6,41,95,54,True
96,8,41,95,54,True
12,4,42,120,78,True
16,3,42,120,78,True
37,4,42,120,78,True
54,6,42,95,53,True
61,4,42,95,53,True
64,6,42,95,53,True
71,7,42,95,53,True
76,4,42,102,60,True
87,7,42,95,53,True
95,11,42,95,53,True
3,4,43,120,77,True
12,5,43,120,77,True
25,2,43,120,77,True
30,7,43,83,40,True
40,9,43,120,77,True
44,2,43,120,77,True
47,10,43,120,77,True
49,3,43,79,36,True
50,9,43,95,52,True
51,7,43,102,59,True
57,6,43,77,34,True
64,7,43,95,52,True
85,4,43,104,61,True
88,1,43,102,59,True
4,5,44,120,76,True
8,4,44,120,76,True
20,8,44,120,76,True
24,7,44,120,76,True
35,7,44,120,76,True
47,11,44,120,76,True
54,7,44,95,51,True
60,5,44,131,87,True
64,8,44,95,51,True
81,6,44,102,58,True
98,5,44,95,51,True
4,6,45,120,75,True
10,10,45,120,75,True
23,5,45,120,75,True
28,4,45,137,92,True
31,5,45,120,75,True
40,10,45,120,75,True
59,8,45,148,103,True
71,8,45,95,50,True
83,3,45,102,57,True
86,4,45,95,50,True
99,7,45,95,50,True
0,3,46,120,74,True
8,5,46,120,74,True
26,7,46,120,74,True
27,8,46,79,33,True
37,5,46,120,74,True
51,8,46,102,56,True
57,7,46,77,31,True
60,6,46,131,85,True
65,5,46,131,85,True
69,6,46,131,85,True
72,2,46,102,56,True
89,3,46,102,56,True
0,4,47,120,73,True
6,3,47,120,73,True
16,4,47,120,73,True
17,3,47,120,73,True
36,5,47,120,73,True
40,11,47,120,73,True
47,12,47,120,73,True
60,7,47,131,84,True
63,3,47,95,48,True
65,6,47,131,84,True
71,9,47,95,48,True
90,4,47,102,55,True
94,6,47,102,55,True
96,9,47,95,48,True
97,5,47,120,73,True
48,8,48,167,119,True
49,4,48,79,31,True
57,8,48,102,54,True
61,5,48,146,98,True
68,5,48,102,54,True
2,6,49,137,88,True
22,4,49,120,71,True
26,8,49,120,71,True
58,8,49,102,53,True
71,10,49,95,46,True
83,4,49,102,53,True
86,5,49,131,82,True
7,7,50,120,70,True
15,5,50,120,70,True
21,5,50,120,70,True
27,9,50,83,33,True
29,6,50,120,70,True
56,3,50,102,52,True
87,8,50,95,45,True
92,3,50,102,52,True
94,7,50,102,52,True
11,2,51,120,69,True
14,4,51,120,69,True
19,3,51,120,69,True
58,9,51,102,51,True
73,8,51,102,51,True
75,6,51,148,97,True
76,5,51,102,51,True
85,5,51,104,53,True
91,7,51,102,51,True
92,4,51,102,51,True
7,8,52,120,68,True
12,6,52,120,68,True
18,5,52,120,68,True
19,4,52,120,68,True
28,5,52,137,85,True
41,6,52,120,68,True
69,7,52,131,79,True
80,6,52,131,79,True
94,8,52,102,50,True
35,8,53,120,67,True
37,6,53,120,67,True
41,7,53,120,67,True
71,11,53,95,42,True
87,9,53,102,49,True
98,6,53,95,42,True
2,7,54,137,83,True
4,7,54,120,66,True
12,7,54,120,66,True
15,6,54,120,66,True
17,4,54,120,66,True
23,6,54,120,66,True
27,10,54,83,29,True
33,3,54,137,83,True
35,9,54,120,66,True
45,4,54,137,83,True
75,7,54,148,94,True
77,5,54,131,77,True
93,3,54,131,77,True
0,5,55,120,65,True
20,9,55,120,65,True
23,7,55,120,65,True
66,6,55,102,47,True
73,9,55,102,47,True
76,6,55,102,47,True
79,6,55,102,47,True
86,6,55,131,76,True
4,8,56,120,64,True
6,4,56,137,81,True
8,6,56,120,64,True
18,6,56,120,64,True
25,3,56,120,64,True
28,6,56,137,81,True
31,6,56,120,64,True
40,12,56,120,64,True
42,6,56,120,64,True
66,7,56,102,46,True
67,4,56,102,46,True
79,7,56,102,46,True
80,7,56,131,75,True
86,7,56,131,75,True
97,6,56,120,64,True
10,11,57,120,63,True
11,3,57,120,63,True
36,6,57,120,63,True
37,7,57,120,63,True
43,4,57,120,63,True
50,10,57,102,45,True
58,10,57,102,45,True
64,9,57,102,45,True
67,5,57,102,45,True
86,8,57,131,74,True
7,9,58,120,62,True
24,8,58,120,62,True
38,4,58,120,62,True
41,8,58,120,62,True
42,7,58,120,62,True
76,7,58,148,90,True
88,2,58,102,44,True
94,9,58,102,44,True
97,7,58,120,62,True
10,12,59,120,61,True
13,5,59,137,78,True
44,3,59,120,61,True
60,8,59,175,116,True
75,8,59,148,89,True
82,10,59,131,72,True
20,10,60,120,60,True
21,6,60,137,77,True
31,7,60,120,60,True
40,13,60,137,77,True
49,5,60,137,77,True
64,10,60,102,42,True
65,7,60,131,71,True
74,6,60,102,42,True
77,6,60,131,71,True
82,11,60,131,71,True
99,8,60,102,42,True
6,5,61,137,76,True
23,8,61,120,59,True
33,4,61,137,76,True
35,10,61,120,59,True
37,8,61,137,76,True
38,5,61,137,76,True
40,14,61,137,76,True
48,9,61,167,106,True
59,9,61,148,87,True
69,8,61,131,70,True
84,8,61,102,41,True
97,8,61,120,59,True
2,8,62,137,75,True
4,9,62,120,58,True
8,7,62,137,75,True
10,13,62,120,58,True
16,5,62,167,105,True
25,4,62,137,75,True
52,8,62,120,58,True
53,5,62,102,40,True
76,8,62,148,86,True
2,9,63,137,74,True
15,7,63,120,57,True
22,5,63,120,57,True
30,8,63,120,57,True
40,15,63,137,74,True
52,9,63,120,57,True
64,11,63,102,39,True
66,8,63,102,39,True
67,6,63,148,85,True
81,7,63,131,68,True
89,4,63,148,85,True
90,5,63,148,85,True
94,10,63,102,39,True
3,5,64,137,73,True
7,10,64,120,56,True
22,6,64,120,56,True
23,9,64,120,56,True
27,11,64,120,56,True
29,7,64,137,73,True
38,6,64,137,73,True
44,4,64,120,56,True
45,5,64,137,73,True
70,8,64,102,38,True
73,10,64,146,82,True
88,3,64,146,82,True
95,12,64,102,38,True
99,9,64,102,38,True
8,8,65,137,72,True
10,14,65,120,55,True
19,5,65,120,55,True
25,5,65,137,72,True
39,7,65,120,55,True
46,3,65,137,72,True
52,10,65,120,55,True
59,10,65,148,83,True
67,7,65,148,83,True
91,8,65,146,81,True
98,7,65,131,66,True
7,11,66,120,54,True
10,15,66,137,71,True
26,9,66,120,54,True
29,8,66,137,71,True
30,9,66,120,54,True
37,9,66,137,71,True
41,9,66,120,54,True
52,11,66,120,54,True
57,9,66,104,38,True
76,9,66,148,82,True
94,11,66,102,36,True
2,10,67,137,70,True
23,10,67,120,53,True
25,6,67,137,70,True
37,10,67,137,70,True
58,11,67,146,79,True
66,9,67,102,35,True
7,12,68,120,52,True
26,10,68,120,52,True
29,9,68,137,69,True
31,8,68,120,52,True
35,11,68,120,52,True
41,10,68,120,52,True
46,4,68,137,69,True
49,6,68,137,69,True
59,11,68,148,80,True
60,9,68,175,107,True
73,11,68,146,78,True
93,4,68,131,63,True
94,12,68,102,34,True
11,4,69,120,51,True
27,12,69,120,51,True
47,13,69,137,68,True
48,10,69,167,98,True
52,12,69,131,62,True
74,7,69,148,79,True
82,12,69,195,126,True
99,10,69,131,62,True
0,6,70,167,97,True
10,16,70,137,67,True
24,9,70,137,67,True
47,14,70,137,67,True
64,12,70,131,61,True
71,12,70,131,61,True
90,6,70,148,78,True
3,6,71,137,66,True
10,17,71,137,66,True
12,8,71,120,49,True
18,7,71,120,49,True
19,6,71,120,49,True
28,7,71,137,66,True
36,7,71,120,49,True
38,7,71,137,66,True
41,11,71,120,49,True
56,4,71,131,60,True
92,5,71,148,77,True
95,13,71,102,31,True
13,6,72,137,65,True
22,7,72,124,52,True
69,9,72,131,59,True
76,10,72,148,76,True
38,8,73,137,64,True
50,11,73,146,73,True
66,10,73,146,73,True
76,11,73,148,75,True
81,8,73,131,58,True
83,5,73,148,75,True
2,11,74,137,63,True
27,13,74,131,57,True
40,16,74,137,63,True
46,5,74,167,93,True
50,12,74,146,72,True
52,13,74,131,57,True
55,7,74,148,74,True
69,10,74,131,57,True
23,11,75,137,62,True
46,6,75,167,92,True
49,7,75,137,62,True
53,6,75,131,56,True
59,12,75,148,73,True
65,8,75,131,56,True
67,8,75,148,73,True
71,13,75,131,56,True
86,9,75,131,56,True
95,14,75,148,73,True
23,12,76,137,61,True
26,11,76,137,61,True
28,8,76,137,61,True
31,9,76,120,44,True
74,8,76,148,72,True
84,9,76,131,55,True
89,5,76,148,72,True
90,7,76,148,72,True
7,13,77,171,94,True
9,3,77,137,60,True
14,5,77,137,60,True
20,11,77,137,60,True
21,7,77,137,60,True
26,12,77,137,60,True
27,14,77,131,54,True
37,11,77,137,60,True
40,17,77,137,60,True
62,3,77,146,69,True
77,7,77,131,54,True
78,4,77,131,54,True
82,13,77,195,118,True
84,10,77,131,54,True
88,4,77,148,71,True
91,9,77,148,71,True
10,18,78,137,59,True
12,9,78,120,42,True
15,8,78,137,59,True
28,9,78,137,59,True
47,15,78,137,59,True
52,14,78,131,53,True
54,8,78,131,53,True
73,12,78,148,70,True
77,8,78,131,53,True
82,14,78,195,117,True
91,10,78,148,70,True
63,4,79,131,52,True
73,13,79,148,69,True
89,6,79,148,69,True
98,8,79,131,52,True
5,8,80,137,57,True
19,7,80,137,57,True
20,12,80,137,57,True
30,10,80,120,40,True
78,5,80,131,51,True
85,6,80,148,68,True
90,8,80,148,68,True
0,7,81,167,86,True
9,4,81,137,56,True
12,10,81,120,39,True
20,13,81,137,56,True
25,7,81,137,56,True
33,5,81,137,56,True
36,8,81,137,56,True
43,5,81,137,56,True
44,5,81,137,56,True
46,7,81,167,86,True
49,8,81,137,56,True
57,10,81,131,50,True
59,13,81,148,67,True
72,3,81,131,50,True
75,9,81,148,67,True
78,6,81,131,50,True
84,11,81,131,50,True
86,10,81,175,94,True
88,5,81,148,67,True
34,4,82,167,85,True
43,6,82,137,55,True
48,11,82,167,85,True
52,15,82,167,85,True
79,8,82,148,66,True
81,9,82,131,49,True
88,6,82,148,66,True
4,10,83,171,88,True
25,8,83,137,54,True
31,10,83,120,37,True
37,12,83,137,54,True
60,10,83,175,92,True
68,6,83,148,65,True
69,11,83,175,92,True
72,4,83,131,48,True
79,9,83,148,65,True
83,6,83,148,65,True
93,5,83,131,48,True
97,9,83,148,65,True
4,11,84,171,87,True
7,14,84,171,87,True
14,6,84,137,53,True
34,5,84,167,83,True
56,5,84,175,91,True
62,4,84,146,62,True
77,9,84,131,47,True
88,7,84,148,64,True
0,8,85,167,82,True
4,12,85,171,86,True
9,5,85,137,52,True
21,8,85,137,52,True
36,9,85,137,52,True
41,12,85,137,52,True
43,7,85,137,52,True
87,10,85,148,63,True
92,6,85,148,63,True
4,13,86,171,85,True
31,11,86,137,51,True
39,8,86,120,34,True
50,13,86,146,60,True
61,6,86,175,89,True
64,13,86,146,60,True
69,12,86,175,89,True
76,12,86,148,62,True
81,10,86,148,62,True
99,11,86,148,62,True
1,6,87,137,50,True
15,9,87,137,50,True
26,13,87,137,50,True
32,4,87,167,80,True
43,8,87,137,50,True
60,11,87,175,88,True
64,14,87,148,61,True
82,15,87,195,108,True
90,9,87,148,61,True
23,13,88,137,49,True
88,8,88,148,60,True
17,5,89,167,78,True
20,14,89,137,48,True
29,10,89,167,78,True
31,12,89,137,48,True
40,18,89,167,78,True
63,5,89,131,42,True
68,7,89,148,59,True
79,10,89,175,86,True
92,7,89,148,59,True
3,7,90,137,47,True
9,6,90,146,56,True
31,13,90,137,47,True
42,8,90,137,47,True
44,6,90,137,47,True
46,8,90,167,77,True
49,9,90,137,47,True
85,7,90,148,58,True
99,12,90,148,58,True
3,8,91,137,46,True
9,7,91,146,55,True
24,10,91,167,76,True
38,9,91,210,119,True
40,19,91,167,76,True
53,7,91,148,57,True
61,7,91,175,84,True
62,5,91,148,57,True
69,13,91,175,84,True
75,10,91,148,57,True
80,8,91,148,57,True
83,7,91,148,57,True
90,10,91,148,57,True
91,11,91,175,84,True
2,12,92,137,45,True
7,15,92,171,79,True
25,9,92,167,75,True
40,20,92,167,75,True
45,6,92,171,79,True
47,16,92,167,75,True
51,9,92,148,56,True
53,8,92,148,56,True
62,6,92,148,56,True
66,11,92,148,56,True
68,8,92,148,56,True
70,9,92,148,56,True
86,11,92,175,83,True
88,9,92,175,83,True
0,9,93,167,74,True
8,9,93,167,74,True
11,5,93,167,74,True
32,5,93,167,74,True
59,14,93,148,55,True
64,15,93,148,55,True
91,12,93,175,82,True
4,14,94,171,77,True
5,9,94,137,43,True
22,8,94,167,73,True
28,10,94,167,73,True
33,6,94,137,43,True
49,10,94,137,43,True
86,12,94,175,81,True
94,13,94,148,54,True
3,9,95,137,42,True
27,15,95,146,51,True
35,12,95,167,72,True
40,21,95,167,72,True
45,7,95,171,76,True
2,13,96,137,41,True
6,6,96,167,71,True
14,7,96,167,71,True
16,6,96,167,71,True
18,8,96,146,50,True
52,16,96,167,71,True
66,12,96,148,52,True
68,9,96,148,52,True
99,13,96,148,52,True
30,11,97,146,49,True
52,17,97,167,70,True
54,9,97,148,51,True
63,6,97,167,70,True
89,7,97,175,78,True
90,11,97,175,78,True
91,13,97,175,78,True
98,9,97,148,51,True
1,7,98,167,69,True
22,9,98,167,69,True
40,22,98,167,69,True
52,18,98,167,69,True
55,8,98,148,50,True
70,10,98,175,77,True
71,14,98,175,77,True
74,9,98,148,50,True
77,10,98,148,50,True
89,8,98,175,77,True
90,12,98,175,77,True
98,10,98,148,50,True
1,8,99,167,68,True
2,14,99,137,38,True
7,16,99,171,72,True
18,9,99,146,47,True
28,11,99,167,68,True
42,9,99,171,72,True
43,9,99,167,68,True
52,19,99,167,68,True
58,12,99,175,76,True
68,10,99,148,49,True
69,14,99,175,76,True
74,10,99,148,49,True
92,8,99,222,123,True
94,14,99,148,49,True
2,15,100,137,37,True
5,10,100,167,67,True
6,7,100,167,67,True
19,8,100,137,37,True
20,15,100,167,67,True
42,10,100,171,71,True
53,9,100,148,48,True
56,6,100,175,75,True
57,11,100,148,48,True
85,8,100,148,48,True
12,11,101,175,74,True
15,10,101,137,36,True
34,6,101,167,66,True
40,23,101,167,66,True
60,12,101,175,74,True
62,7,101,175,74,True
63,7,101,167,66,True
67,9,101,175,74,True
71,15,101,175,74,True
81,11,101,148,47,True
89,9,101,175,74,True
92,9,101,222,121,True
6,8,102,167,65,True
17,6,102,167,65,True
26,14,102,167,65,True
41,13,102,167,65,True
43,10,102,167,65,True
46,9,102,167,65,True
51,10,102,175,73,True
79,11,102,175,73,True
95,15,102,175,73,True
2,16,103,137,34,True
25,10,103,167,64,True
34,7,103,167,64,True
36,10,103,167,64,True
42,11,103,171,68,True
48,12,103,167,64,True
50,14,103,148,45,True
54,10,103,175,72,True
61,8,103,175,72,True
65,9,103,175,72,True
78,7,103,175,72,True
92,10,103,222,119,True
16,7,104,167,63,True
27,16,104,146,42,True
39,9,104,137,33,True
41,14,104,167,63,True
47,17,104,167,63,True
53,10,104,148,44,True
54,11,104,175,71,True
78,8,104,175,71,True
88,10,104,175,71,True
91,14,104,195,91,True
94,15,104,175,71,True
97,10,104,167,63,True
0,10,105,167,62,True
5,11,105,167,62,True
13,7,105,167,62,True
21,9,105,183,78,True
37,13,105,167,62,True
45,8,105,171,66,True
62,8,105,175,70,True
65,10,105,175,70,True
73,14,105,175,70,True
83,8,105,148,43,True
88,11,105,175,70,True
92,11,105,222,117,True
8,10,106,167,61,True
19,9,106,167,61,True
33,7,106,171,65,True
51,11,106,175,69,True
52,20,106,167,61,True
63,8,106,167,61,True
65,11,106,175,69,True
74,11,106,148,42,True
81,12,106,148,42,True
83,9,106,148,42,True
88,12,106,175,69,True
6,9,107,171,64,True
24,11,107,167,60,True
31,14,107,167,60,True
36,11,107,167,60,True
38,10,107,210,103,True
46,10,107,167,60,True
65,12,107,175,68,True
85,9,107,148,41,True
16,8,108,167,59,True
30,12,108,146,38,True
34,8,108,167,59,True
37,14,108,167,59,True
48,13,108,167,59,True
50,15,108,148,40,True
51,12,108,175,67,True
53,11,108,148,40,True
63,9,108,167,59,True
68,11,108,148,40,True
78,9,108,175,67,True
92,12,108,222,114,True
18,10,109,146,37,True
19,10,109,167,58,True
26,15,109,167,58,True
49,11,109,183,74,True
59,15,109,175,66,True
77,11,109,148,39,True
17,7,110,167,57,True
20,16,110,167,57,True
27,17,110,146,36,True
32,6,110,210,100,True
39,10,110,167,57,True
41,15,110,167,57,True
46,11,110,167,57,True
51,13,110,175,65,True
54,12,110,175,65,True
62,9,110,175,65,True
81,13,110,148,38,True
84,12,110,175,65,True
87,11,110,148,38,True
94,16,110,175,65,True
17,8,111,171,60,True
20,17,111,167,56,True
43,11,111,171,60,True
45,9,111,171,60,True
50,16,111,175,64,True
52,21,111,167,56,True
81,14,111,148,37,True
84,13,111,175,64,True
2,17,112,210,98,True
3,10,112,171,59,True
10,19,112,167,55,True
32,7,112,210,98,True
65,13,112,175,63,True
67,10,112,175,63,True
76,13,112,222,110,True
89,10,112,175,63,True
99,14,112,175,63,True
4,15,113,171,58,True
9,8,113,183,70,True
51,14,113,175,62,True
55,9,113,175,62,True
70,11,113,175,62,True
79,12,113,195,82,True
85,10,113,148,35,True
92,13,113,222,109,True
1,9,114,171,57,True
11,6,114,167,53,True
22,10,114,167,53,True
27,18,114,175,61,True
48,14,114,171,57,True
49,12,114,183,69,True
54,13,114,175,61,True
57,12,114,148,34,True
81,15,114,148,34,True
97,11,114,222,108,True
7,17,115,171,56,True
10,20,115,167,52,True
16,9,115,167,52,True
30,13,115,183,68,True
31,15,115,167,52,True
45,10,115,171,56,True
56,7,115,222,107,True
70,12,115,175,60,True
77,12,115,148,33,True
80,9,115,195,80,True
84,14,115,175,60,True
85,11,115,148,33,True
2,18,116,210,94,True
3,11,116,171,55,True
6,10,116,210,94,True
7,18,116,171,55,True
14,8,116,171,55,True
31,16,116,167,51,True
43,12,116,171,55,True
47,18,116,210,94,True
57,13,116,167,51,True
59,16,116,175,59,True
90,13,116,175,59,True
4,16,117,171,54,True
14,9,117,171,54,True
18,11,117,183,66,True
30,14,117,183,66,True
38,11,117,210,93,True
43,13,117,171,54,True
46,12,117,210,93,True
50,17,117,175,58,True
56,8,117,222,105,True
58,13,117,298,181,True
61,9,117,195,78,True
70,13,117,175,58,True
72,5,117,175,58,True
83,10,117,148,31,True
96,10,117,175,58,True
4,17,118,171,53,True
9,9,118,183,65,True
11,7,118,171,53,True
16,10,118,167,49,True
20,18,118,167,49,True
22,11,118,167,49,True
47,19,118,210,92,True
52,22,118,167,49,True
55,10,118,175,57,True
72,6,118,175,57,True
94,17,118,222,104,True
4,18,119,171,52,True
15,11,119,183,64,True
19,11,119,171,52,True
20,19,119,167,48,True
36,12,119,171,52,True
56,9,119,222,103,True
69,15,119,175,56,True
74,12,119,222,103,True
84,15,119,175,56,True
85,12,119,175,56,True
89,11,119,175,56,True
95,16,119,175,56,True
15,12,120,183,63,True
30,15,120,183,63,True
45,11,120,171,51,True
47,20,120,210,90,True
74,13,120,222,102,True
78,10,120,175,55,True
92,14,120,222,102,True
93,6,120,175,55,True
6,11,121,210,89,True
16,11,121,167,46,True
19,12,121,171,50,True
30,16,121,183,62,True
44,7,121,167,46,True
57,14,121,175,54,True
67,11,121,222,101,True
91,15,121,195,74,True
31,17,122,167,45,True
39,11,122,167,45,True
41,16,122,167,45,True
49,13,122,183,61,True
68,12,122,175,53,True
82,16,122,195,73,True
87,12,122,175,53,True
96,11,122,175,53,True
97,12,122,222,100,True
98,11,122,175,53,True
11,8,123,171,48,True
12,12,123,175,52,True
24,12,123,171,48,True
26,16,123,183,60,True
40,24,123,171,48,True
42,12,123,171,48,True
48,15,123,210,87,True
55,11,123,175,52,True
83,11,123,222,99,True
98,12,123,175,52,True
12,13,124,175,51,True
22,12,124,167,43,True
27,19,124,175,51,True
34,9,124,210,86,True
42,13,124,171,47,True
44,8,124,171,47,True
48,16,124,210,86,True
53,12,124,195,71,True
71,16,124,195,71,True
72,7,124,175,51,True
82,17,124,195,71,True
1,10,125,171,46,True
18,12,125,183,58,True
38,12,125,210,85,True
59,17,125,175,50,True
99,15,125,175,50,True
9,10,126,183,57,True
16,12,126,210,84,True
25,11,126,171,45,True
36,13,126,171,45,True
51,15,126,175,49,True
54,14,126,175,49,True
59,18,126,175,49,True
74,14,126,222,96,True
85,13,126,175,49,True
86,13,126,222,96,True
89,12,126,222,96,True
90,14,126,195,69,True
93,7,126,222,96,True
95,17,126,175,49,True
98,13,126,175,49,True
1,11,127,171,44,True
10,21,127,171,44,True
21,10,127,210,83,True
24,13,127,171,44,True
27,20,127,175,48,True
45,12,127,210,83,True
49,14,127,183,56,True
73,15,127,222,95,True
98,14,127,175,48,True
0,11,128,210,82,True
1,12,128,171,43,True
5,12,128,171,43,True
18,13,128,183,55,True
20,20,128,171,43,True
37,15,128,171,43,True
51,16,128,175,47,True
88,13,128,222,94,True
90,15,128,195,67,True
3,12,129,171,42,True
9,11,129,183,54,True
14,10,129,171,42,True
24,14,129,171,42,True
48,17,129,210,81,True
52,23,129,175,46,True
59,19,129,175,46,True
69,16,129,222,93,True
0,12,130,210,80,True
18,14,130,183,53,True
35,13,130,210,80,True
39,12,130,167,37,True
45,13,130,210,80,True
46,13,130,210,80,True
49,15,130,183,53,True
50,18,130,175,45,True
51,17,130,222,92,True
63,10,130,195,65,True
78,11,130,175,45,True
99,16,130,222,92,True
20,21,131,171,40,True
27,21,131,175,44,True
39,13,131,167,36,True
44,9,131,183,52,True
45,14,131,210,79,True
68,13,131,195,64,True
70,14,131,222,91,True
92,15,131,222,91,True
2,19,132,210,78,True
31,18,132,210,78,True
38,13,132,210,78,True
61,10,132,222,90,True
63,11,132,195,63,True
83,12,132,222,90,True
94,18,132,222,90,True
6,12,133,210,77,True
9,12,133,183,50,True
27,22,133,183,50,True
33,8,133,210,77,True
35,14,133,210,77,True
56,10,133,222,89,True
60,13,133,222,89,True
66,13,133,195,62,True
71,17,133,195,62,True
72,8,133,195,62,True
83,13,133,222,89,True
98,15,133,195,62,True
99,17,133,222,89,True
21,11,134,210,76,True
26,17,134,183,49,True
30,17,134,183,49,True
33,9,134,210,76,True
44,10,134,183,49,True
52,24,134,195,61,True
62,10,134,195,61,True
68,14,134,195,61,True
77,13,134,195,61,True
79,13,134,222,88,True
81,16,134,195,61,True
86,14,134,222,88,True
99,18,134,222,88,True
1,13,135,183,48,True
19,13,135,210,75,True
22,13,135,175,40,True
23,14,135,183,48,True
36,14,135,171,36,True
38,14,135,210,75,True
45,15,135,210,75,True
49,16,135,183,48,True
51,18,135,222,87,True
70,15,135,222,87,True
77,14,135,195,60,True
10,22,136,195,59,True
23,15,136,183,47,True
33,10,136,210,74,True
36,15,136,183,47,True
42,14,136,171,35,True
66,14,136,195,59,True
69,17,136,222,86,True
76,14,136,222,86,True
78,12,136,195,59,True
1,14,137,210,73,True
6,13,137,210,73,True
33,11,137,210,73,True
54,15,137,195,58,True
60,14,137,249,112,True
61,11,137,222,85,True
75,11,137,222,85,True
76,15,137,222,85,True
77,15,137,195,58,True
79,14,137,222,85,True
82,18,137,222,85,True
91,16,137,222,85,True
1,15,138,210,72,True
21,12,138,210,72,True
26,18,138,183,45,True
38,15,138,210,72,True
46,14,138,210,72,True
55,12,138,195,57,True
67,12,138,222,84,True
77,16,138,195,57,True
92,16,138,222,84,True
5,13,139,210,71,True
8,11,139,210,71,True
16,13,139,210,71,True
19,14,139,210,71,True
23,16,139,230,91,True
34,10,139,210,71,True
42,15,139,171,32,True
58,14,139,298,159,True
59,20,139,249,110,True
67,13,139,222,83,True
4,19,140,183,43,True
5,14,140,210,70,True
7,19,140,210,70,True
13,8,140,210,70,True
29,11,140,230,90,True
49,17,140,183,43,True
50,19,140,222,82,True
60,15,140,249,109,True
80,10,140,222,82,True
86,15,140,222,82,True
89,13,140,222,82,True
97,13,140,222,82,True
1,16,141,210,69,True
2,20,141,210,69,True
16,14,141,210,69,True
17,9,141,210,69,True
25,12,141,210,69,True
27,23,141,183,42,True
32,8,141,210,69,True
38,16,141,210,69,True
39,14,141,183,42,True
78,13,141,195,54,True
83,14,141,222,81,True
90,16,141,222,81,True
96,12,141,195,54,True
24,15,142,210,68,True
62,11,142,222,80,True
90,17,142,222,80,True
92,17,142,222,80,True
5,15,143,210,67,True
6,14,143,210,67,True
13,9,143,210,67,True
15,13,143,230,87,True
21,13,143,210,67,True
25,13,143,210,67,True
48,18,143,210,67,True
56,11,143,222,79,True
58,15,143,298,155,True
66,15,143,222,79,True
84,16,143,222,79,True
88,14,143,222,79,True
93,8,143,222,79,True
17,10,144,210,66,True
20,22,144,210,66,True
54,16,144,195,51,True
85,14,144,195,51,True
6,15,145,210,65,True
34,11,145,210,65,True
39,15,145,210,65,True
43,14,145,210,65,True
49,18,145,210,65,True
59,21,145,249,104,True
75,12,145,222,77,True
87,13,145,222,77,True
90,18,145,222,77,True
98,16,145,195,50,True
12,14,146,210,64,True
14,11,146,210,64,True
28,12,146,210,64,True
34,12,146,210,64,True
44,11,146,210,64,True
45,16,146,210,64,True
56,12,146,222,76,True
67,14,146,222,76,True
71,18,146,222,76,True
82,19,146,222,76,True
93,9,146,222,76,True
97,14,146,222,76,True
24,16,147,250,103,True
38,17,147,210,63,True
41,17,147,210,63,True
45,17,147,210,63,True
64,16,147,222,75,True
71,19,147,222,75,True
76,16,147,222,75,True
80,11,147,222,75,True
86,16,147,222,75,True
89,14,147,249,102,True
90,19,147,222,75,True
93,10,147,222,75,True
95,18,147,222,75,True
97,15,147,222,75,True
2,21,148,210,62,True
15,14,148,230,82,True
25,14,148,210,62,True
38,18,148,210,62,True
62,12,148,222,74,True
75,13,148,222,74,True
82,20,148,222,74,True
8,12,149,210,61,True
52,25,149,222,73,True
56,13,149,222,73,True
6,16,150,210,60,True
15,15,150,230,80,True
40,25,150,210,60,True
52,26,150,222,72,True
54,17,150,222,72,True
71,20,150,222,72,True
74,15,150,222,72,True
90,20,150,222,72,True
91,17,150,222,72,True
96,13,150,222,72,True
7,20,151,210,59,True
18,15,151,230,79,True
31,19,151,210,59,True
37,16,151,210,59,True
43,15,151,210,59,True
44,12,151,210,59,True
60,16,151,249,98,True
61,12,151,222,71,True
68,15,151,222,71,True
72,9,151,222,71,True
74,16,151,222,71,True
82,21,151,222,71,True
99,19,151,222,71,True
6,17,152,210,58,True
11,9,152,210,58,True
23,17,152,230,78,True
46,15,152,210,58,True
47,21,152,230,78,True
52,27,152,222,70,True
59,22,152,249,97,True
61,13,152,222,70,True
84,17,152,222,70,True
33,12,153,210,57,True
40,26,153,210,57,True
52,28,153,222,69,True
63,12,153,222,69,True
73,16,153,222,69,True
79,15,153,222,69,True
80,12,153,222,69,True
88,15,153,222,69,True
93,11,153,222,69,True
99,20,153,222,69,True
6,18,154,210,56,True
25,15,154,210,56,True
30,18,154,230,76,True
59,23,154,249,95,True
64,17,154,222,68,True
75,14,154,249,95,True
77,17,154,222,68,True
84,18,154,222,68,True
6,19,155,210,55,True
13,10,155,210,55,True
19,15,155,210,55,True
20,23,155,210,55,True
30,19,155,230,75,True
37,17,155,210,55,True
48,19,155,250,95,True
50,20,155,222,67,True
52,29,155,222,67,True
53,13,155,222,67,True
70,16,155,263,108,True
91,18,155,222,67,True
93,12,155,222,67,True
95,19,155,222,67,True
0,13,156,250,94,True
6,20,156,250,94,True
9,13,156,230,74,True
47,22,156,230,74,True
48,20,156,250,94,True
62,13,156,222,66,True
77,18,156,222,66,True
78,14,156,263,107,True
83,15,156,222,66,True
87,14,156,222,66,True
2,22,157,210,53,True
15,16,157,230,73,True
26,19,157,210,53,True
48,21,157,250,93,True
77,19,157,222,65,True
92,18,157,222,65,True
98,17,157,222,65,True
2,23,158,210,52,True
7,21,158,210,52,True
12,15,158,210,52,True
24,17,158,250,92,True
29,12,158,230,72,True
36,16,158,210,52,True
45,18,158,210,52,True
53,14,158,222,64,True
55,13,158,249,91,True
57,15,158,226,68,True
69,18,158,222,64,True
76,17,158,222,64,True
77,20,158,222,64,True
80,13,158,222,64,True
85,15,158,222,64,True
99,21,158,222,64,True
6,21,159,250,91,True
12,16,159,210,51,True
27,24,159,226,67,True
55,14,159,249,90,True
73,17,159,222,63,True
80,14,159,222,63,True
94,19,159,263,104,True
5,16,160,210,50,True
7,22,160,210,50,True
24,18,160,250,90,True
26,20,160,210,50,True
28,13,160,210,50,True
33,13,160,210,50,True
62,14,160,222,62,True
71,21,160,222,62,True
72,10,160,222,62,True
92,19,160,222,62,True
95,20,160,249,89,True
3,13,161,250,89,True
7,23,161,210,49,True
22,14,161,210,49,True
70,17,161,263,102,True
83,16,161,222,61,True
92,20,161,222,61,True
93,13,161,222,61,True
4,20,162,210,48,True
18,16,162,230,68,True
26,21,162,210,48,True
33,14,162,210,48,True
51,19,162,249,87,True
53,15,162,222,60,True
67,15,162,249,87,True
71,22,162,222,60,True
80,15,162,222,60,True
96,14,162,222,60,True
25,16,163,250,87,True
31,20,163,230,67,True
41,18,163,210,47,True
59,24,163,249,86,True
60,17,163,249,86,True
64,18,163,222,59,True
66,16,163,222,59,True
80,16,163,222,59,True
16,15,164,210,46,True
31,21,164,230,66,True
37,18,164,210,46,True
49,19,164,210,46,True
91,19,164,263,99,True
21,14,165,230,65,True
33,15,165,210,45,True
46,16,165,210,45,True
47,23,165,230,65,True
58,16,165,298,133,True
67,16,165,249,84,True
91,20,165,263,98,True
0,14,166,250,84,True
15,17,166,230,64,True
19,16,166,210,44,True
32,9,166,210,44,True
36,17,166,210,44,True
46,17,166,210,44,True
51,20,166,249,83,True
54,18,166,222,56,True
58,17,166,298,132,True
73,18,166,222,56,True
77,21,166,222,56,True
80,17,166,222,56,True
83,17,166,222,56,True
95,21,166,249,83,True
2,24,167,230,63,True
3,14,167,250,83,True
15,18,167,230,63,True
22,15,167,222,55,True
29,13,167,250,83,True
33,16,167,210,43,True
1,17,168,230,62,True
15,19,168,230,62,True
30,20,168,230,62,True
51,21,168,249,81,True
61,14,168,249,81,True
62,15,168,222,54,True
66,17,168,222,54,True
74,17,168,249,81,True
79,16,168,249,81,True
89,15,168,249,81,True
90,21,168,263,95,True
98,18,168,222,54,True
2,25,169,230,61,True
7,24,169,210,41,True
12,17,169,250,81,True
20,24,169,250,81,True
23,18,169,230,61,True
30,21,169,230,61,True
34,13,169,250,81,True
69,19,169,249,80,True
78,15,169,263,94,True
83,18,169,222,53,True
92,21,169,222,53,True
99,22,169,222,53,True
7,25,170,210,40,True
34,14,170,250,80,True
37,19,170,210,40,True
45,19,170,250,80,True
46,18,170,303,133,True
51,22,170,263,93,True
52,30,170,222,52,True
55,15,170,249,79,True
63,13,170,222,52,True
91,21,170,263,93,True
96,15,170,222,52,True
2,26,171,230,59,True
8,13,171,250,79,True
18,17,171,230,59,True
28,14,171,210,39,True
30,22,171,230,59,True
32,10,171,250,79,True
33,17,171,250,79,True
39,16,171,210,39,True
43,16,171,250,79,True
62,16,171,222,51,True
71,23,171,222,51,True
77,22,171,222,51,True
95,22,171,249,78,True
98,19,171,222,51,True
5,17,172,210,38,True
18,18,172,230,58,True
20,25,172,250,78,True
21,15,172,230,58,True
24,19,172,250,78,True
56,14,172,249,77,True
57,16,172,226,54,True
68,16,172,222,50,True
73,19,172,263,91,True
74,18,172,249,77,True
82,22,172,263,91,True
90,22,172,263,91,True
96,16,172,249,77,True
99,23,172,222,50,True
4,21,173,210,37,True
6,22,173,250,77,True
19,17,173,210,37,True
21,16,173,230,57,True
48,22,173,250,77,True
51,23,173,263,90,True
53,16,173,222,49,True
63,14,173,222,49,True
68,17,173,222,49,True
78,16,173,263,90,True
79,17,173,249,76,True
90,23,173,263,90,True
18,19,174,230,56,True
33,18,174,250,76,True
59,25,174,249,75,True
67,17,174,263,89,True
69,20,174,249,75,True
88,16,174,222,48,True
98,20,174,222,48,True
0,15,175,250,75,True
2,27,175,230,55,True
16,16,175,210,35,True
21,17,175,230,55,True
26,22,175,230,55,True
48,23,175,250,75,True
52,31,175,263,88,True
57,17,175,226,51,True
64,19,175,222,47,True
73,20,175,263,88,True
76,18,175,263,88,True
95,23,175,249,74,True
1,18,176,250,74,True
5,18,176,210,34,True
8,14,176,250,74,True
24,20,176,250,74,True
25,17,176,250,74,True
51,24,176,263,87,True
66,18,176,249,73,True
76,19,176,263,87,True
13,11,177,250,73,True
14,12,177,250,73,True
18,20,177,230,53,True
24,21,177,250,73,True
35,15,177,250,73,True
49,20,177,230,53,True
54,19,177,222,45,True
55,16,177,249,72,True
58,18,177,298,121,True
62,17,177,222,45,True
68,18,177,249,72,True
98,21,177,222,45,True
7,26,178,250,72,True
11,10,178,210,32,True
19,18,178,250,72,True
27,25,178,230,52,True
30,23,178,250,72,True
40,27,178,303,125,True
41,19,178,250,72,True
42,16,178,250,72,True
43,17,178,250,72,True
45,20,178,250,72,True
48,24,178,250,72,True
54,20,178,249,71,True
58,19,178,298,120,True
63,15,178,222,44,True
72,11,178,263,85,True
91,22,178,263,85,True
93,14,178,222,44,True
18,21,179,230,51,True
34,15,179,303,124,True
45,21,179,250,71,True
51,25,179,263,84,True
63,16,179,222,43,True
65,14,179,249,70,True
77,23,179,249,70,True
78,17,179,263,84,True
99,24,179,263,84,True
13,12,180,250,70,True
14,13,180,250,70,True
22,16,180,222,42,True
75,15,180,263,83,True
88,17,180,263,83,True
90,24,180,263,83,True
94,20,180,263,83,True
96,17,180,249,69,True
9,14,181,250,69,True
17,11,181,250,69,True
38,19,181,250,69,True
41,20,181,250,69,True
48,25,181,250,69,True
49,21,181,230,49,True
51,26,181,263,82,True
67,18,181,263,82,True
77,24,181,249,68,True
83,19,181,249,68,True
97,16,181,263,82,True
99,25,181,263,82,True
1,19,182,250,68,True
30,24,182,250,68,True
34,16,182,303,121,True
52,32,182,263,81,True
64,20,182,249,67,True
75,16,182,263,81,True
79,18,182,263,81,True
86,17,182,249,67,True
92,22,182,263,81,True
7,27,183,250,67,True
12,18,183,250,67,True
17,12,183,250,67,True
57,18,183,226,43,True
62,18,183,263,80,True
70,18,183,263,80,True
74,19,183,263,80,True
86,18,183,249,66,True
93,15,183,222,39,True
96,18,183,249,66,True
12,19,184,250,66,True
18,22,184,250,66,True
32,11,184,250,66,True
50,21,184,263,79,True
61,15,184,263,79,True
66,19,184,249,65,True
70,19,184,263,79,True
71,24,184,249,65,True
80,18,184,273,89,True
89,16,184,263,79,True
92,23,184,263,79,True
94,21,184,263,79,True
5,19,185,250,65,True
6,23,185,250,65,True
8,15,185,250,65,True
11,11,185,250,65,True
39,17,185,250,65,True
55,17,185,249,64,True
85,16,185,222,37,True
89,17,185,263,78,True
93,16,185,222,37,True
94,22,185,263,78,True
98,22,185,249,64,True
19,19,186,250,64,True
24,22,186,250,64,True
27,26,186,230,44,True
29,14,186,303,117,True
30,25,186,250,64,True
32,12,186,250,64,True
34,17,186,303,117,True
35,16,186,250,64,True
50,22,186,263,77,True
58,20,186,298,112,True
69,21,186,273,87,True
84,19,186,263,77,True
89,18,186,263,77,True
91,23,186,263,77,True
8,16,187,250,63,True
14,14,187,250,63,True
22,17,187,250,63,True
29,15,187,303,116,True
30,26,187,250,63,True
32,13,187,250,63,True
38,20,187,250,63,True
63,17,187,249,62,True
67,19,187,263,76,True
69,22,187,273,86,True
83,20,187,249,62,True
86,19,187,249,62,True
99,26,187,263,76,True
26,23,188,250,62,True
37,20,188,250,62,True
43,18,188,250,62,True
52,33,188,263,75,True
55,18,188,249,61,True
58,21,188,298,110,True
62,19,188,263,75,True
63,18,188,249,61,True
66,20,188,249,61,True
72,12,188,263,75,True
75,17,188,263,75,True
81,17,188,249,61,True
86,20,188,249,61,True
90,25,188,263,75,True
97,17,188,263,75,True
2,28,189,250,61,True
25,18,189,250,61,True
26,24,189,250,61,True
28,15,189,250,61,True
40,28,189,303,114,True
54,21,189,249,60,True
58,22,189,298,109,True
77,25,189,249,60,True
82,23,189,263,74,True
88,18,189,263,74,True
89,19,189,263,74,True
98,23,189,249,60,True
17,13,190,250,60,True
44,13,190,250,60,True
59,26,190,263,73,True
74,20,190,263,73,True
86,21,190,249,59,True
88,19,190,263,73,True
97,18,190,273,83,True
7,28,191,250,59,True
30,27,191,250,59,True
37,21,191,250,59,True
39,18,191,250,59,True
75,18,191,263,72,True
89,20,191,263,72,True
93,17,191,263,72,True
96,19,191,263,72,True
13,13,192,303,111,True
19,20,192,250,58,True
33,19,192,250,58,True
51,27,192,263,71,True
52,34,192,263,71,True
90,26,192,263,71,True
15,20,193,250,57,True
22,18,193,250,57,True
67,20,193,273,80,True
69,23,193,273,80,True
72,13,193,263,70,True
75,19,193,263,70,True
11,12,194,250,56,True
34,18,194,303,109,True
36,18,194,250,56,True
40,29,194,303,109,True
42,17,194,303,109,True
56,15,194,263,69,True
72,14,194,263,69,True
73,21,194,263,69,True
77,26,194,263,69,True
84,20,194,263,69,True
90,27,194,263,69,True
94,23,194,263,69,True
7,29,195,250,55,True
18,23,195,250,55,True
24,23,195,250,55,True
38,21,195,250,55,True
43,19,195,250,55,True
50,23,195,263,68,True
54,22,195,249,54,True
55,19,195,263,68,True
75,20,195,263,68,True
77,27,195,263,68,True
79,19,195,273,78,True
83,21,195,249,54,True
90,28,195,263,68,True
0,16,196,250,54,True
27,27,196,303,107,True
40,30,196,303,107,True
44,14,196,250,54,True
51,28,196,263,67,True
59,27,196,263,67,True
63,19,196,263,67,True
79,20,196,273,77,True
0,17,197,250,53,True
3,15,197,303,106,True
10,23,197,250,53,True
24,24,197,303,106,True
25,19,197,303,106,True
39,19,197,250,53,True
44,15,197,250,53,True
62,20,197,263,66,True
66,21,197,263,66,True
67,21,197,273,76,True
73,22,197,263,66,True
75,21,197,263,66,True
82,24,197,273,76,True
90,29,197,263,66,True
98,24,197,263,66,True
18,24,198,250,52,True
21,18,198,250,52,True
25,20,198,303,105,True
35,17,198,303,105,True
50,24,198,263,65,True
61,16,198,273,75,True
67,22,198,273,75,True
73,23,198,263,65,True
91,24,198,273,75,True
93,18,198,263,65,True
94,24,198,263,65,True
14,15,199,303,104,True
35,18,199,303,104,True
55,20,199,263,64,True
59,28,199,263,64,True
64,21,199,263,64,True
65,15,199,263,64,True
11,13,200,250,50,True
20,26,200,250,50,True
22,19,200,263,63,True
48,26,200,303,103,True
55,21,200,263,63,True
58,23,200,298,98,True
75,22,200,263,63,True
88,20,200,263,63,True
90,30,200,263,63,True
13,14,201,303,102,True
22,20,201,263,62,True
28,16,201,303,102,True
32,14,201,250,49,True
34,19,201,303,102,True
37,22,201,250,49,True
48,27,201,303,102,True
58,24,201,298,97,True
60,18,201,273,72,True
62,21,201,263,62,True
66,22,201,273,72,True
68,19,201,263,62,True
70,20,201,273,72,True
78,18,201,263,62,True
80,19,201,273,72,True
81,18,201,273,72,True
85,17,201,263,62,True
90,31,201,263,62,True
91,25,201,273,72,True
15,21,202,250,48,True
34,20,202,303,101,True
39,20,202,250,48,True
50,25,202,263,61,True
69,24,202,273,71,True
82,25,202,273,71,True
92,24,202,273,71,True
93,19,202,263,61,True
95,24,202,263,61,True
6,24,203,303,100,True
15,22,203,250,47,True
16,17,203,250,47,True
20,27,203,250,47,True
23,19,203,303,100,True
51,29,203,263,60,True
56,16,203,263,60,True
66,23,203,273,70,True
68,20,203,263,60,True
76,20,203,273,70,True
77,28,203,263,60,True
92,25,203,273,70,True
94,25,203,263,60,True
2,29,204,303,99,True
26,25,204,303,99,True
38,22,204,303,99,True
47,24,204,303,99,True
50,26,204,263,59,True
52,35,204,263,59,True
56,17,204,263,59,True
61,17,204,273,69,True
72,15,204,263,59,True
92,26,204,273,69,True
94,26,204,263,59,True
95,25,204,263,59,True
9,15,205,303,98,True
12,20,205,303,98,True
23,20,205,303,98,True
55,22,205,263,58,True
57,19,205,273,68,True
71,25,205,263,58,True
76,21,205,273,68,True
95,26,205,263,58,True
13,15,206,303,97,True
16,18,206,250,44,True
21,19,206,303,97,True
22,21,206,263,57,True
25,21,206,303,97,True
26,26,206,303,97,True
36,19,206,250,44,True
55,23,206,263,57,True
64,22,206,263,57,True
66,24,206,273,67,True
77,29,206,263,57,True
85,18,206,263,57,True
90,32,206,263,57,True
92,27,206,273,67,True
98,25,206,263,57,True
1,20,207,303,96,True
2,30,207,303,96,True
6,25,207,303,96,True
9,16,207,303,96,True
47,25,207,303,96,True
50,27,207,263,56,True
71,26,207,263,56,True
81,19,207,273,66,True
91,26,207,273,66,True
96,20,207,263,56,True
2,31,208,303,95,True
4,22,208,303,95,True
6,26,208,303,95,True
10,24,208,250,42,True
13,16,208,303,95,True
20,28,208,303,95,True
45,22,208,303,95,True
48,28,208,303,95,True
54,23,208,263,55,True
57,20,208,273,65,True
59,29,208,273,65,True
2,32,209,303,94,True
3,16,209,303,94,True
12,21,209,303,94,True
34,21,209,303,94,True
48,29,209,303,94,True
50,28,209,263,54,True
57,21,209,273,64,True
58,25,209,298,89,True
89,21,209,273,64,True
22,22,210,263,53,True
40,31,210,303,93,True
41,21,210,250,40,True
47,26,210,303,93,True
48,30,210,303,93,True
53,17,210,263,53,True
54,24,210,263,53,True
69,25,210,273,63,True
73,24,210,273,63,True
82,26,210,273,63,True
88,21,210,273,63,True
94,27,210,273,63,True
98,26,210,263,53,True
8,17,211,303,92,True
20,29,211,303,92,True
35,19,211,303,92,True
38,23,211,303,92,True
56,18,211,273,62,True
59,30,211,273,62,True
62,22,211,273,62,True
73,25,211,273,62,True
85,19,211,263,52,True
89,22,211,273,62,True
90,33,211,273,62,True
2,33,212,303,91,True
16,19,212,303,91,True
22,23,212,263,51,True
32,15,212,303,91,True
36,20,212,303,91,True
44,16,212,303,91,True
47,27,212,303,91,True
58,26,212,298,86,True
69,26,212,273,61,True
78,19,212,263,51,True
93,20,212,263,51,True
1,21,213,303,90,True
27,28,213,303,90,True
35,20,213,303,90,True
38,24,213,303,90,True
51,30,213,298,85,True
53,18,213,263,50,True
57,22,213,273,60,True
62,23,213,273,60,True
97,19,213,273,60,True
10,25,214,263,49,True
23,21,214,303,89,True
63,20,214,263,49,True
77,30,214,273,59,True
80,20,214,273,59,True
86,22,214,273,59,True
93,21,214,263,49,True
28,17,215,303,88,True
39,21,215,303,88,True
51,31,215,298,83,True
56,19,215,273,58,True
58,27,215,298,83,True
64,23,215,263,48,True
89,23,215,273,58,True
94,28,215,273,58,True
2,34,216,303,87,True
3,17,216,303,87,True
27,29,216,303,87,True
30,28,216,303,87,True
35,21,216,303,87,True
39,22,216,303,87,True
44,17,216,303,87,True
61,18,216,273,57,True
63,21,216,263,47,True
65,16,216,273,57,True
9,17,217,303,86,True
10,26,217,303,86,True
11,14,217,303,86,True
12,22,217,303,86,True
14,16,217,303,86,True
29,16,217,303,86,True
52,36,217,263,46,True
53,19,217,263,46,True
62,24,217,273,56,True
76,22,217,273,56,True
78,20,217,263,46,True
80,21,217,273,56,True
95,27,217,273,56,True
25,22,218,303,85,True
34,22,218,303,85,True
36,21,218,303,85,True
44,18,218,303,85,True
63,22,218,263,45,True
71,27,218,263,45,True
81,20,218,273,55,True
82,27,218,273,55,True
96,21,218,263,45,True
0,18,219,303,84,True
1,22,219,303,84,True
20,30,219,303,84,True
33,20,219,303,84,True
44,19,219,303,84,True
48,31,219,303,84,True
53,20,219,263,44,True
56,20,219,273,54,True
65,17,219,273,54,True
77,31,219,273,54,True
85,20,219,273,54,True
89,24,219,273,54,True
5,20,220,303,83,True
9,18,220,303,83,True
18,25,220,303,83,True
30,29,220,303,83,True
32,16,220,303,83,True
37,23,220,303,83,True
55,24,220,273,53,True
64,24,220,273,53,True
65,18,220,273,53,True
83,22,220,273,53,True
3,18,221,303,82,True
4,23,221,303,82,True
7,30,221,303,82,True
18,26,221,303,82,True
21,20,221,303,82,True
39,23,221,303,82,True
58,28,221,298,77,True
79,21,221,273,52,True
80,22,221,273,52,True
88,22,221,273,52,True
89,25,221,273,52,True
15,23,222,303,81,True
27,30,222,303,81,True
28,18,222,303,81,True
30,30,222,303,81,True
45,23,222,303,81,True
58,29,222,298,76,True
59,31,222,273,51,True
62,25,222,273,51,True
68,21,222,273,51,True
72,16,222,273,51,True
81,21,222,273,51,True
84,21,222,298,76,True
87,15,222,273,51,True
95,28,222,273,51,True
2,35,223,303,80,True
69,27,223,273,50,True
97,20,223,273,50,True
12,23,224,303,79,True
14,17,224,303,79,True
23,22,224,303,79,True
29,17,224,303,79,True
38,25,224,303,79,True
50,29,224,273,49,True
56,21,224,273,49,True
57,23,224,273,49,True
63,23,224,263,39,True
67,23,224,298,74,True
76,23,224,273,49,True
91,27,224,273,49,True
17,14,225,303,78,True
27,31,225,303,78,True
47,28,225,303,78,True
55,25,225,273,48,True
74,21,225,273,48,True
79,22,225,273,48,True
92,28,225,273,48,True
6,27,226,303,77,True
7,31,226,303,77,True
12,24,226,303,77,True
38,26,226,303,77,True
45,24,226,303,77,True
48,32,226,303,77,True
51,32,226,298,72,True
55,26,226,273,47,True
60,19,226,273,47,True
61,19,226,273,47,True
75,23,226,298,72,True
84,22,226,298,72,True
91,28,226,273,47,True
97,21,226,273,47,True
1,23,227,303,76,True
27,32,227,303,76,True
34,23,227,303,76,True
54,25,227,273,46,True
57,24,227,273,46,True
59,32,227,273,46,True
61,20,227,273,46,True
73,26,227,273,46,True
83,23,227,273,46,True
85,21,227,273,46,True
96,22,227,298,71,True
4,24,228,303,75,True
32,17,228,303,75,True
34,24,228,303,75,True
41,22,228,303,75,True
45,25,228,303,75,True
62,26,228,273,45,True
79,23,228,273,45,True
99,27,228,273,45,True
2,36,229,303,74,True
36,22,229,303,74,True
47,29,229,303,74,True
51,33,229,298,69,True
60,20,229,298,69,True
65,19,229,273,44,True
77,32,229,273,44,True
81,22,229,273,44,True
83,24,229,273,44,True
96,23,229,298,69,True
15,24,230,303,73,True
16,20,230,303,73,True
55,27,230,273,43,True
84,23,230,298,68,True
87,16,230,273,43,True
88,23,230,273,43,True
89,26,230,298,68,True
91,29,230,273,43,True
95,29,230,298,68,True
1,24,231,303,72,True
5,21,231,303,72,True
15,25,231,303,72,True
18,27,231,303,72,True
50,30,231,273,42,True
69,28,231,298,67,True
71,28,231,273,42,True
77,33,231,273,42,True
85,22,231,273,42,True
86,23,231,298,67,True
88,24,231,273,42,True
93,22,231,273,42,True
94,29,231,298,67,True
97,22,231,273,42,True
1,25,232,303,71,True
15,26,232,303,71,True
43,20,232,303,71,True
58,30,232,298,66,True
61,21,232,273,41,True
67,24,232,298,66,True
74,22,232,273,41,True
78,21,232,273,41,True
82,28,232,273,41,True
92,29,232,298,66,True
99,28,232,273,41,True
0,19,233,303,70,True
5,22,233,303,70,True
17,15,233,303,70,True
44,20,233,303,70,True
48,33,233,303,70,True
64,25,233,273,40,True
74,23,233,273,40,True
76,24,233,307,74,True
83,25,233,273,40,True
86,24,233,298,65,True
6,28,234,303,69,True
20,31,234,303,69,True
38,27,234,303,69,True
45,26,234,303,69,True
52,37,234,307,73,True
76,25,234,307,73,True
78,22,234,273,39,True
90,34,234,350,116,True
98,27,234,273,39,True
99,29,234,273,39,True
3,19,235,303,68,True
22,24,235,303,68,True
44,21,235,303,68,True
49,22,235,303,68,True
62,27,235,273,38,True
66,25,235,273,38,True
68,22,235,273,38,True
79,24,235,350,115,True
84,24,235,298,63,True
98,28,235,273,38,True
4,25,236,303,67,True
14,18,236,303,67,True
19,21,236,303,67,True
21,21,236,303,67,True
27,33,236,303,67,True
38,28,236,303,67,True
50,31,236,298,62,True
59,33,236,298,62,True
65,20,236,298,62,True
76,26,236,307,71,True
96,24,236,298,62,True
2,37,237,303,66,True
4,26,237,303,66,True
35,22,237,303,66,True
43,21,237,303,66,True
44,22,237,303,66,True
62,28,237,298,61,True
74,24,237,273,36,True
88,25,237,298,61,True
5,23,238,303,65,True
22,25,238,303,65,True
28,19,238,303,65,True
33,21,238,353,115,True
36,23,238,303,65,True
41,23,238,303,65,True
43,22,238,303,65,True
57,25,238,286,48,True
72,17,238,273,35,True
5,24,239,303,64,True
10,27,239,303,64,True
15,27,239,303,64,True
25,23,239,303,64,True
41,24,239,303,64,True
50,32,239,298,59,True
91,30,239,298,59,True
97,23,239,307,68,True
10,28,240,353,113,True
19,22,240,303,63,True
21,22,240,303,63,True
45,27,240,303,63,True
47,30,240,353,113,True
53,21,240,273,33,True
66,26,240,273,33,True
70,21,240,298,58,True
77,34,240,298,58,True
99,30,240,298,58,True
8,18,241,303,62,True
9,19,241,303,62,True
16,21,241,303,62,True
17,16,241,353,112,True
34,25,241,303,62,True
58,31,241,298,57,True
66,27,241,273,32,True
71,29,241,273,32,True
85,23,241,298,57,True
91,31,241,298,57,True
3,20,242,303,61,True
34,26,242,303,61,True
39,24,242,303,61,True
53,22,242,298,56,True
56,22,242,298,56,True
65,21,242,298,56,True
71,30,242,298,56,True
81,23,242,298,56,True
85,24,242,298,56,True
93,23,242,307,65,True
96,25,242,298,56,True
98,29,242,286,44,True
7,32,243,353,110,True
34,27,243,303,60,True
66,28,243,298,55,True
74,25,243,298,55,True
94,30,243,298,55,True
14,19,244,303,59,True
27,34,244,303,59,True
32,18,244,303,59,True
35,23,244,303,59,True
41,25,244,353,109,True
56,23,244,298,54,True
57,26,244,286,42,True
58,32,244,307,63,True
63,24,244,303,59,True
85,25,244,298,54,True
3,21,245,303,58,True
26,27,245,303,58,True
37,24,245,303,58,True
48,34,245,353,108,True
49,23,245,303,58,True
53,23,245,298,53,True
67,25,245,298,53,True
79,25,245,350,105,True
7,33,246,353,107,True
18,28,246,303,57,True
33,22,246,353,107,True
5,25,247,303,56,True
8,19,247,303,56,True
24,25,247,353,106,True
28,20,247,353,106,True
35,24,247,303,56,True
44,23,247,303,56,True
73,27,247,307,60,True
21,23,248,303,55,True
23,23,248,303,55,True
53,24,248,298,50,True
54,26,248,298,50,True
67,26,248,298,50,True
75,24,248,298,50,True
81,24,248,298,50,True
98,30,248,307,59,True
9,20,249,380,131,True
14,20,249,303,54,True
17,17,249,353,104,True
19,23,249,353,104,True
22,26,249,303,54,True
37,25,249,303,54,True
87,17,249,298,49,True
89,27,249,307,58,True
1,26,250,303,53,True
7,34,250,353,103,True
13,17,250,303,53,True
17,18,250,353,103,True
19,24,250,353,103,True
25,24,250,303,53,True
30,31,250,303,53,True
35,25,250,303,53,True
37,26,250,303,53,True
38,29,250,303,53,True
40,32,250,353,103,True
44,24,250,303,53,True
65,22,250,298,48,True
67,27,250,298,48,True
78,23,250,298,48,True
80,23,250,307,57,True
5,26,251,303,52,True
11,15,251,303,52,True
22,27,251,303,52,True
52,38,251,307,56,True
53,25,251,298,47,True
54,27,251,298,47,True
55,28,251,298,47,True
76,27,251,307,56,True
91,32,251,307,56,True
94,31,251,298,47,True
10,29,252,353,101,True
15,28,252,303,51,True
35,26,252,303,51,True
41,26,252,353,101,True
46,19,252,303,51,True
58,33,252,307,55,True
63,25,252,303,51,True
69,29,252,350,98,True
75,25,252,298,46,True
80,24,252,307,55,True
88,26,252,307,55,True
16,22,253,303,50,True
26,28,253,303,50,True
32,19,253,303,50,True
42,18,253,303,50,True
64,26,253,298,45,True
68,23,253,298,45,True
9,21,254,380,126,True
10,30,254,353,99,True
17,19,254,353,99,True
19,25,254,353,99,True
27,35,254,303,49,True
62,29,254,307,53,True
66,29,254,298,44,True
75,26,254,298,44,True
77,35,254,298,44,True
93,24,254,307,53,True
1,27,255,303,48,True
26,29,255,303,48,True
34,28,255,303,48,True
35,27,255,303,48,True
44,25,255,303,48,True
47,31,255,353,98,True
58,34,255,307,52,True
60,21,255,307,52,True
85,26,255,298,43,True
91,33,255,307,52,True
92,30,255,350,95,True
1,28,256,303,47,True
3,22,256,303,47,True
10,31,256,353,97,True
27,36,256,303,47,True
69,30,256,350,94,True
81,25,256,298,42,True
88,27,256,307,51,True
90,35,256,350,94,True
0,20,257,353,96,True
1,29,257,303,46,True
4,27,257,303,46,True
23,24,257,303,46,True
24,26,257,353,96,True
25,25,257,353,96,True
37,27,257,353,96,True
42,19,257,303,46,True
46,20,257,303,46,True
49,24,257,303,46,True
68,24,257,298,41,True
80,25,257,307,50,True
96,26,257,298,41,True
32,20,258,353,95,True
48,35,258,353,95,True
50,33,258,298,40,True
51,34,258,307,49,True
59,34,258,298,40,True
61,22,258,307,49,True
62,30,258,307,49,True
65,23,258,307,49,True
82,29,258,307,49,True
4,28,259,303,44,True
5,27,259,303,44,True
12,25,259,353,94,True
30,32,259,303,44,True
34,29,259,353,94,True
80,26,259,307,48,True
81,26,259,307,48,True
90,36,259,350,91,True
95,30,259,298,39,True
98,31,259,307,48,True
99,31,259,298,39,True
12,26,260,353,93,True
24,27,260,353,93,True
48,36,260,353,93,True
51,35,260,307,47,True
55,29,260,298,38,True
56,24,260,298,38,True
80,27,260,307,47,True
91,34,260,307,47,True
98,32,260,307,47,True
0,21,261,353,92,True
34,30,261,353,92,True
52,39,261,307,46,True
55,30,261,298,37,True
57,27,261,303,42,True
59,35,261,298,37,True
80,28,261,307,46,True
82,30,261,307,46,True
97,24,261,307,46,True
1,30,262,303,41,True
7,35,262,353,91,True
20,32,262,303,41,True
39,25,262,303,41,True
50,34,262,298,36,True
53,26,262,307,45,True
72,18,262,307,45,True
88,28,262,307,45,True
91,35,262,307,45,True
92,31,262,350,88,True
93,25,262,307,45,True
12,27,263,353,90,True
13,18,263,353,90,True
23,25,263,303,40,True
24,28,263,353,90,True
25,26,263,353,90,True
29,18,263,353,90,True
36,24,263,303,40,True
40,33,263,353,90,True
42,20,263,353,90,True
43,23,263,353,90,True
45,28,263,353,90,True
50,35,263,298,35,True
52,40,263,307,44,True
55,31,263,298,35,True
66,30,263,307,44,True
68,25,263,307,44,True
69,31,263,350,87,True
1,31,264,303,39,True
9,22,264,380,116,True
23,26,264,353,89,True
27,37,264,303,39,True
35,28,264,303,39,True
36,25,264,303,39,True
48,37,264,353,89,True
51,36,264,307,43,True
68,26,264,307,43,True
81,27,264,307,43,True
86,25,264,307,43,True
5,28,265,303,38,True
8,20,265,353,88,True
9,23,265,380,115,True
21,24,265,303,38,True
37,28,265,353,88,True
42,21,265,353,88,True
50,36,265,298,33,True
56,25,265,307,42,True
72,19,265,307,42,True
73,28,265,307,42,True
90,37,265,350,85,True
20,33,266,303,37,True
30,33,266,303,37,True
36,26,266,303,37,True
43,24,266,353,87,True
66,31,266,307,41,True
75,27,266,350,84,True
93,26,266,307,41,True
29,19,267,353,86,True
52,41,267,307,40,True
53,27,267,307,40,True
54,28,267,298,31,True
87,18,267,307,40,True
97,25,267,307,40,True
3,23,268,353,85,True
4,29,268,303,35,True
16,23,268,353,85,True
24,29,268,353,85,True
30,34,268,303,35,True
35,29,268,303,35,True
37,29,268,353,85,True
40,34,268,353,85,True
41,27,268,353,85,True
45,29,268,353,85,True
57,28,268,303,35,True
88,29,268,307,39,True
94,32,268,382,114,True
3,24,269,353,84,True
5,29,269,353,84,True
19,26,269,353,84,True
50,37,269,307,38,True
73,29,269,307,38,True
10,32,270,353,83,True
33,23,270,353,83,True
40,35,270,353,83,True
67,28,270,350,80,True
86,26,270,350,80,True
99,32,270,307,37,True
4,30,271,303,32,True
13,19,271,353,82,True
23,27,271,353,82,True
30,35,271,303,32,True
31,22,271,353,82,True
42,22,271,353,82,True
82,31,271,350,79,True
95,31,271,307,36,True
96,27,271,343,72,True
18,29,272,380,108,True
21,25,272,353,81,True
47,32,272,380,108,True
52,42,272,307,35,True
55,32,272,307,35,True
76,28,272,350,78,True
78,24,272,303,31,True
91,36,272,307,35,True
96,28,272,343,71,True
17,20,273,353,80,True
42,23,273,353,80,True
64,27,273,307,34,True
65,24,273,350,77,True
86,27,273,350,77,True
96,29,273,343,70,True
99,33,273,307,34,True
17,21,274,353,79,True
18,30,274,380,106,True
43,25,274,353,79,True
45,30,274,353,79,True
49,25,274,353,79,True
59,36,274,350,76,True
67,29,274,350,76,True
89,28,274,350,76,True
93,27,274,307,33,True
94,33,274,382,108,True
99,34,274,307,33,True
3,25,275,353,78,True
10,33,275,353,78,True
21,26,275,353,78,True
24,30,275,353,78,True
25,27,275,353,78,True
35,30,275,353,78,True
39,26,275,303,28,True
40,36,275,353,78,True
48,38,275,353,78,True
51,37,275,350,75,True
57,29,275,303,28,True
67,30,275,350,75,True
81,28,275,307,32,True
91,37,275,307,32,True
6,29,276,353,77,True
14,21,276,353,77,True
16,24,276,353,77,True
22,28,276,353,77,True
29,20,276,353,77,True
36,27,276,353,77,True
38,30,276,353,77,True
44,26,276,353,77,True
93,28,276,307,31,True
94,34,276,382,106,True
5,30,277,353,76,True
6,30,277,353,76,True
51,38,277,350,73,True
59,37,277,350,73,True
61,23,277,350,73,True
64,28,277,343,66,True
74,26,277,307,30,True
83,26,277,307,30,True
4,31,278,353,75,True
9,24,278,380,102,True
22,29,278,353,75,True
40,37,278,353,75,True
48,39,278,353,75,True
57,30,278,307,29,True
67,31,278,350,72,True
69,32,278,350,72,True
78,25,278,307,29,True
83,27,278,350,72,True
0,22,279,353,74,True
5,31,279,353,74,True
21,27,279,353,74,True
28,21,279,353,74,True
34,31,279,353,74,True
0,23,280,353,73,True
37,30,280,353,73,True
49,26,280,353,73,True
57,31,280,353,73,True
59,38,280,350,70,True
74,27,280,307,27,True
75,28,280,382,102,True
81,29,280,343,63,True
88,30,280,350,70,True
90,38,280,350,70,True
2,38,281,353,72,True
35,31,281,353,72,True
44,27,281,353,72,True
49,27,281,353,72,True
53,28,281,343,62,True
63,26,281,322,41,True
67,32,281,350,69,True
69,33,281,350,69,True
80,29,281,350,69,True
83,28,281,350,69,True
85,27,281,307,26,True
93,29,281,307,26,True
4,32,282,353,71,True
10,34,282,353,71,True
18,31,282,380,98,True
19,27,282,353,71,True
25,28,282,353,71,True
26,30,282,353,71,True
50,38,282,307,25,True
81,30,282,343,61,True
89,29,282,350,68,True
5,32,283,353,70,True
32,21,283,353,70,True
34,32,283,353,70,True
36,28,283,353,70,True
42,24,283,353,70,True
49,28,283,353,70,True
59,39,283,350,67,True
60,22,283,382,99,True
74,28,283,307,24,True
24,31,284,353,69,True
44,28,284,353,69,True
83,29,284,350,66,True
86,28,284,350,66,True
89,30,284,350,66,True
90,39,284,350,66,True
0,24,285,353,68,True
2,39,285,353,68,True
7,36,285,353,68,True
12,28,285,353,68,True
39,27,285,353,68,True
43,26,285,353,68,True
49,29,285,353,68,True
74,29,285,307,22,True
80,30,285,350,65,True
83,30,285,350,65,True
87,19,285,307,22,True
97,26,285,307,22,True
2,40,286,353,67,True
13,20,286,353,67,True
16,25,286,353,67,True
24,32,286,353,67,True
25,29,286,353,67,True
31,23,286,380,94,True
34,33,286,353,67,True
46,21,286,399,113,True
49,30,286,353,67,True
51,39,286,382,96,True
52,43,286,367,81,True
54,29,286,307,21,True
62,31,286,350,64,True
81,31,286,343,57,True
90,40,286,350,64,True
95,32,286,350,64,True
97,27,286,322,36,True
4,33,287,353,66,True
11,16,287,353,66,True
21,28,287,353,66,True
22,30,287,353,66,True
29,21,287,353,66,True
38,31,287,353,66,True
39,28,287,353,66,True
46,22,287,399,112,True
53,29,287,343,56,True
60,23,287,382,95,True
73,30,287,350,63,True
78,26,287,307,20,True
84,25,287,350,63,True
86,29,287,350,63,True
89,31,287,350,63,True
4,34,288,353,65,True
14,22,288,380,92,True
18,32,288,380,92,True
23,28,288,353,65,True
29,22,288,353,65,True
31,24,288,380,92,True
58,35,288,350,62,True
62,32,288,350,62,True
88,31,288,350,62,True
91,38,288,350,62,True
7,37,289,353,64,True
22,31,289,353,64,True
41,28,289,353,64,True
51,40,289,382,93,True
60,24,289,382,93,True
3,26,290,353,63,True
10,35,290,353,63,True
13,21,290,353,63,True
28,22,290,380,90,True
38,32,290,353,63,True
41,29,290,353,63,True
50,39,290,350,60,True
52,44,290,367,77,True
61,24,290,350,60,True
63,27,290,322,32,True
80,31,290,350,60,True
94,35,290,382,92,True
95,33,290,350,60,True
6,31,291,353,62,True
17,22,291,353,62,True
18,33,291,380,89,True
33,24,291,353,62,True
36,29,291,353,62,True
45,31,291,380,89,True
54,30,291,343,52,True
61,25,291,350,59,True
67,33,291,350,59,True
69,34,291,350,59,True
71,31,291,350,59,True
89,32,291,350,59,True
94,36,291,382,91,True
11,17,292,353,61,True
22,32,292,353,61,True
40,38,292,380,88,True
70,22,292,350,58,True
71,32,292,350,58,True
92,32,292,382,90,True
0,25,293,380,87,True
8,21,293,353,60,True
11,18,293,353,60,True
17,23,293,353,60,True
19,28,293,353,60,True
28,23,293,380,87,True
37,31,293,380,87,True
42,25,293,353,60,True
54,31,293,343,50,True
56,26,293,350,57,True
65,25,293,350,57,True
66,32,293,350,57,True
68,27,293,350,57,True
87,20,293,367,74,True
97,28,293,382,89,True
10,36,294,353,59,True
12,29,294,353,59,True
14,23,294,380,86,True
33,25,294,353,59,True
36,30,294,353,59,True
41,30,294,353,59,True
45,32,294,380,86,True
47,33,294,380,86,True
59,40,294,350,56,True
73,31,294,350,56,True
81,32,294,382,88,True
88,32,294,350,56,True
96,30,294,350,56,True
16,26,295,353,58,True
17,24,295,380,85,True
21,29,295,380,85,True
26,31,295,353,58,True
36,31,295,353,58,True
47,34,295,380,85,True
61,26,295,350,55,True
69,35,295,350,55,True
86,30,295,350,55,True
88,33,295,350,55,True
99,35,295,350,55,True
18,34,296,380,84,True
28,24,296,380,84,True
40,39,296,380,84,True
56,27,296,382,86,True
69,36,296,382,86,True
73,32,296,350,54,True
81,33,296,382,86,True
98,33,296,350,54,True
3,27,297,353,56,True
8,22,297,353,56,True
12,30,297,353,56,True
17,25,297,380,83,True
18,35,297,380,83,True
20,34,297,353,56,True
24,33,297,353,56,True
40,40,297,380,83,True
54,32,297,343,46,True
65,26,297,350,53,True
73,33,297,382,85,True
86,31,297,350,53,True
95,34,297,350,53,True
98,34,297,350,53,True
2,41,298,353,55,True
8,23,298,353,55,True
53,30,298,350,52,True
75,29,298,382,84,True
92,33,298,382,84,True
97,29,298,382,84,True
98,35,298,350,52,True
1,32,299,380,81,True
5,33,299,353,54,True
12,31,299,353,54,True
27,38,299,353,54,True
36,32,299,353,54,True
42,26,299,353,54,True
52,45,299,367,68,True
54,33,299,382,83,True
92,34,299,382,83,True
2,42,300,353,53,True
21,30,300,380,80,True
56,28,300,382,82,True
61,27,300,382,82,True
71,33,300,350,50,True
87,21,300,367,67,True
88,34,300,350,50,True
6,32,301,380,79,True
11,19,301,353,52,True
20,35,301,380,79,True
58,36,301,382,81,True
75,30,301,382,81,True
81,34,301,382,81,True
82,32,301,382,81,True
97,30,301,382,81,True
98,36,301,350,49,True
16,27,302,353,51,True
37,32,302,380,78,True
46,23,302,399,97,True
54,34,302,382,80,True
58,37,302,382,80,True
71,34,302,350,48,True
80,32,302,382,80,True
82,33,302,382,80,True
87,22,302,367,65,True
90,41,302,382,80,True
10,37,303,380,77,True
18,36,303,380,77,True
35,32,303,380,77,True
39,29,303,353,50,True
47,35,303,380,77,True
52,46,303,367,64,True
55,33,303,350,47,True
72,20,303,367,64,True
82,34,303,382,79,True
85,28,303,350,47,True
92,35,303,382,79,True
6,33,304,380,76,True
8,24,304,380,76,True
16,28,304,353,49,True
60,25,304,382,78,True
65,27,304,382,78,True
73,34,304,382,78,True
87,23,304,367,63,True
29,23,305,380,75,True
34,34,305,380,75,True
53,31,305,382,77,True
70,23,305,382,77,True
74,30,305,382,77,True
82,35,305,382,77,True
83,31,305,350,45,True
89,33,305,382,77,True
18,37,306,380,74,True
30,36,306,353,47,True
31,25,306,380,74,True
43,27,306,380,74,True
45,33,306,380,74,True
46,24,306,399,93,True
59,41,306,350,44,True
74,31,306,382,76,True
86,32,306,382,76,True
94,37,306,382,76,True
25,30,307,353,46,True
37,33,307,380,73,True
56,29,307,382,75,True
58,38,307,382,75,True
64,29,307,350,43,True
76,29,307,382,75,True
81,35,307,382,75,True
98,37,307,350,43,True
1,33,308,380,72,True
22,33,308,353,45,True
33,26,308,380,72,True
47,36,308,380,72,True
49,31,308,353,45,True
58,39,308,382,74,True
60,26,308,382,74,True
61,28,308,382,74,True
63,28,308,350,42,True
27,39,309,353,44,True
60,27,309,382,73,True
79,26,309,382,73,True
86,33,309,382,73,True
93,30,309,367,58,True
95,35,309,382,73,True
7,38,310,380,70,True
8,25,310,380,70,True
20,36,310,380,70,True
32,22,310,380,70,True
58,40,310,382,72,True
59,42,310,382,72,True
62,33,310,382,72,True
63,29,310,367,57,True
70,24,310,382,72,True
74,32,310,382,72,True
22,34,311,367,56,True
42,27,311,380,69,True
44,29,311,353,42,True
49,32,311,353,42,True
71,35,311,398,87,True
79,27,311,382,71,True
91,39,311,382,71,True
1,34,312,380,68,True
4,35,312,353,41,True
17,26,312,380,68,True
32,23,312,380,68,True
33,27,312,380,68,True
44,30,312,353,41,True
63,30,312,367,55,True
66,33,312,382,70,True
67,34,312,382,70,True
88,35,312,382,70,True
91,40,312,382,70,True
9,25,313,422,109,True
36,33,313,380,67,True
52,47,313,367,54,True
65,28,313,382,69,True
66,34,313,382,69,True
87,24,313,367,54,True
94,38,313,382,69,True
96,31,313,382,69,True
0,26,314,380,66,True
31,26,314,380,66,True
37,34,314,380,66,True
54,35,314,382,68,True
71,36,314,398,84,True
91,41,314,382,68,True
97,31,314,382,68,True
0,27,315,380,65,True
18,38,315,380,65,True
29,24,315,422,107,True
56,30,315,382,67,True
57,32,315,353,38,True
68,28,315,382,67,True
12,32,316,380,64,True
48,40,316,380,64,True
66,35,316,382,66,True
87,25,316,382,66,True
91,42,316,382,66,True
98,38,316,367,51,True
99,36,316,382,66,True
3,28,317,380,63,True
13,22,317,422,105,True
43,28,317,380,63,True
48,41,317,380,63,True
50,40,317,382,65,True
63,31,317,367,50,True
80,33,317,382,65,True
82,36,317,382,65,True
86,34,317,382,65,True
87,26,317,382,65,True
93,31,317,382,65,True
34,35,318,380,62,True
56,31,318,382,64,True
93,32,318,382,64,True
97,32,318,382,64,True
12,33,319,380,61,True
13,23,319,422,103,True
18,39,319,380,61,True
20,37,319,380,61,True
21,31,319,380,61,True
43,29,319,380,61,True
44,31,319,380,61,True
63,32,319,367,48,True
73,35,319,382,63,True
77,36,319,382,63,True
80,34,319,382,63,True
88,36,319,382,63,True
99,37,319,382,63,True
8,26,320,422,102,True
18,40,320,380,60,True
39,30,320,380,60,True
50,41,320,382,62,True
57,33,320,356,36,True
64,30,320,382,62,True
80,35,320,382,62,True
83,32,320,382,62,True
88,37,320,382,62,True
89,34,320,382,62,True
95,36,320,382,62,True
0,28,321,380,59,True
11,20,321,380,59,True
15,29,321,380,59,True
19,29,321,380,59,True
31,27,321,380,59,True
35,33,321,380,59,True
60,28,321,382,61,True
78,27,321,382,61,True
79,28,321,382,61,True
0,29,322,380,58,True
6,34,322,380,58,True
9,26,322,422,100,True
16,29,322,380,58,True
26,32,322,380,58,True
37,35,322,422,100,True
45,34,322,380,58,True
69,37,322,382,60,True
73,36,322,382,60,True
81,36,322,382,60,True
82,37,322,382,60,True
89,35,322,382,60,True
93,33,322,382,60,True
9,27,323,422,99,True
16,30,323,380,57,True
26,33,323,380,57,True
37,36,323,422,99,True
64,31,323,382,59,True
79,29,323,382,59,True
19,30,324,380,56,True
22,35,324,380,56,True
51,41,324,382,58,True
60,29,324,382,58,True
65,29,324,382,58,True
66,36,324,382,58,True
88,38,324,382,58,True
97,33,324,382,58,True
2,43,325,422,97,True
8,27,325,422,97,True
22,36,325,380,55,True
26,34,325,380,55,True
34,36,325,380,55,True
52,48,325,382,57,True
67,35,325,382,57,True
69,38,325,382,57,True
71,37,325,398,73,True
72,21,325,382,57,True
82,38,325,382,57,True
87,27,325,382,57,True
95,37,325,382,57,True
1,35,326,380,54,True
3,29,326,380,54,True
7,39,326,380,54,True
51,42,326,382,56,True
72,22,326,382,56,True
75,31,326,398,72,True
82,39,326,382,56,True
90,42,326,382,56,True
97,34,326,382,56,True
98,39,326,382,56,True
1,36,327,380,53,True
15,30,327,380,53,True
25,31,327,380,53,True
34,37,327,380,53,True
40,41,327,422,95,True
51,43,327,382,55,True
52,49,327,382,55,True
62,34,327,382,55,True
71,38,327,398,71,True
3,30,328,380,52,True
34,38,328,380,52,True
46,25,328,399,71,True
54,36,328,382,54,True
56,32,328,382,54,True
57,34,328,382,54,True
76,30,328,382,54,True
77,37,328,398,70,True
87,28,328,382,54,True
1,37,329,380,51,True
16,31,329,380,51,True
38,33,329,399,70,True
39,31,329,380,51,True
41,31,329,380,51,True
46,26,329,399,70,True
67,36,329,382,53,True
69,39,329,382,53,True
80,36,329,382,53,True
88,39,329,382,53,True
91,43,329,382,53,True
98,40,329,382,53,True
99,38,329,382,53,True
10,38,330,380,50,True
15,31,330,380,50,True
64,32,330,382,52,True
73,37,330,382,52,True
74,33,330,382,52,True
76,31,330,382,52,True
79,30,330,424,94,True
85,29,330,382,52,True
94,39,330,382,52,True
98,41,330,382,52,True
0,30,331,380,49,True
8,28,331,422,91,True
16,32,331,380,49,True
17,27,331,380,49,True
22,37,331,380,49,True
24,34,331,380,49,True
34,39,331,380,49,True
40,42,331,422,91,True
61,29,331,382,51,True
63,33,331,398,67,True
73,38,331,382,51,True
81,37,331,382,51,True
86,35,331,382,51,True
93,34,331,382,51,True
96,32,331,382,51,True
99,39,331,382,51,True
4,36,332,380,48,True
10,39,332,380,48,True
15,32,332,380,48,True
16,33,332,380,48,True
25,32,332,380,48,True
29,25,332,422,90,True
40,43,332,422,90,True
44,32,332,380,48,True
56,33,332,382,50,True
66,37,332,382,50,True
74,34,332,382,50,True
84,26,332,382,50,True
97,35,332,382,50,True
6,35,333,380,47,True
21,32,333,422,89,True
30,37,333,380,47,True
33,28,333,399,66,True
44,33,333,380,47,True
45,35,333,422,89,True
61,30,333,424,91,True
64,33,333,424,91,True
65,30,333,382,49,True
68,29,333,382,49,True
73,39,333,382,49,True
85,30,333,382,49,True
89,36,333,382,49,True
4,37,334,380,46,True
5,34,334,380,46,True
10,40,334,380,46,True
20,38,334,380,46,True
38,34,334,399,65,True
40,44,334,422,88,True
63,34,334,398,64,True
72,23,334,382,48,True
78,28,334,382,48,True
2,44,335,422,87,True
8,29,335,422,87,True
29,26,335,422,87,True
36,34,335,380,45,True
45,36,335,422,87,True
49,33,335,380,45,True
65,31,335,382,47,True
73,40,335,382,47,True
79,31,335,424,89,True
0,31,336,422,86,True
16,34,336,380,44,True
32,24,336,380,44,True
35,34,336,380,44,True
36,35,336,380,44,True
61,31,336,424,88,True
64,34,336,424,88,True
78,29,336,382,46,True
87,29,336,382,46,True
90,43,336,382,46,True
9,28,337,422,85,True
19,31,337,380,43,True
52,50,337,398,61,True
70,25,337,398,61,True
71,39,337,398,61,True
88,40,337,382,45,True
92,36,337,424,87,True
93,35,337,382,45,True
95,38,337,382,45,True
9,29,338,422,84,True
12,34,338,380,42,True
19,32,338,380,42,True
23,29,338,399,61,True
26,35,338,422,84,True
34,40,338,422,84,True
37,37,338,422,84,True
41,32,338,380,42,True
54,37,338,382,44,True
78,30,338,382,44,True
79,32,338,424,86,True
81,38,338,382,44,True
91,44,338,382,44,True
13,24,339,422,83,True
22,38,339,380,41,True
37,38,339,422,83,True
72,24,339,382,43,True
90,44,339,424,85,True
14,24,340,399,59,True
23,30,340,399,59,True
26,36,340,422,82,True
28,25,340,422,82,True
31,28,340,422,82,True
34,41,340,422,82,True
67,37,340,382,42,True
76,32,340,382,42,True
83,33,340,382,42,True
85,31,340,382,42,True
87,30,340,382,42,True
95,39,340,382,42,True
10,41,341,380,39,True
28,26,341,422,81,True
43,30,341,380,39,True
58,41,341,382,41,True
78,31,341,382,41,True
82,40,341,382,41,True
6,36,342,422,80,True
7,40,342,422,80,True
19,33,342,380,38,True
22,39,342,380,38,True
27,40,342,382,40,True
41,33,342,380,38,True
46,27,342,477,135,True
47,37,342,422,80,True
53,32,342,382,40,True
78,32,342,382,40,True
83,34,342,382,40,True
94,40,342,382,40,True
10,42,343,380,37,True
11,21,343,422,79,True
14,25,343,399,56,True
25,33,343,399,56,True
49,34,343,380,37,True
63,35,343,398,55,True
84,27,343,382,39,True
89,37,343,424,81,True
5,35,344,380,36,True
7,41,344,422,78,True
14,26,344,399,55,True
16,35,344,388,44,True
17,28,344,422,78,True
21,33,344,422,78,True
28,27,344,422,78,True
40,45,344,422,78,True
44,34,344,380,36,True
55,34,344,382,38,True
60,30,344,424,80,True
78,33,344,382,38,True
94,41,344,382,38,True
4,38,345,380,35,True
8,30,345,422,77,True
44,35,345,380,35,True
54,38,345,382,37,True
65,32,345,438,93,True
66,38,345,382,37,True
75,32,345,398,53,True
81,39,345,382,37,True
82,41,345,382,37,True
12,35,346,382,36,True
19,34,346,422,76,True
29,27,346,422,76,True
33,29,346,422,76,True
39,32,346,380,34,True
57,35,346,382,36,True
58,42,346,382,36,True
60,31,346,424,78,True
81,40,346,382,36,True
87,31,346,424,78,True
91,45,346,424,78,True
21,34,347,422,75,True
22,40,347,380,33,True
49,35,347,382,35,True
62,35,347,424,77,True
94,42,347,382,35,True
95,40,347,382,35,True
5,36,348,422,74,True
27,41,348,382,34,True
46,28,348,477,129,True
66,39,348,382,34,True
84,28,348,382,34,True
87,32,348,424,76,True
91,46,348,424,76,True
3,31,349,477,128,True
10,43,349,399,50,True
14,27,349,399,50,True
70,26,349,398,49,True
72,25,349,382,33,True
0,32,350,422,72,True
2,45,350,422,72,True
4,39,350,422,72,True
6,37,350,422,72,True
7,42,350,422,72,True
8,31,350,422,72,True
9,30,350,422,72,True
25,34,350,422,72,True
26,37,350,422,72,True
51,44,350,398,48,True
69,40,350,438,88,True
73,41,350,424,74,True
75,33,350,398,48,True
80,37,350,438,88,True
84,29,350,382,32,True
89,38,350,424,74,True
0,33,351,422,71,True
16,36,351,388,37,True
18,41,351,422,71,True
23,31,351,399,48,True
35,35,351,422,71,True
38,35,351,422,71,True
51,45,351,398,47,True
52,51,351,398,47,True
77,38,351,398,47,True
80,38,351,438,87,True
81,41,351,398,47,True
82,42,351,438,87,True
12,36,352,422,70,True
15,33,352,422,70,True
76,33,352,424,72,True
90,45,352,424,72,True
3,32,353,477,124,True
4,40,353,422,69,True
9,31,353,422,69,True
22,41,353,398,45,True
29,28,353,422,69,True
85,32,353,398,45,True
93,36,353,382,29,True
99,40,353,398,45,True
3,33,354,477,123,True
4,41,354,422,68,True
15,34,354,422,68,True
17,29,354,422,68,True
40,46,354,422,68,True
44,36,354,422,68,True
51,46,354,438,84,True
55,35,354,398,44,True
60,32,354,471,117,True
71,40,354,398,44,True
72,26,354,382,28,True
89,39,354,424,70,True
97,36,354,399,45,True
98,42,354,398,44,True
36,36,355,422,67,True
46,29,355,477,122,True
54,39,355,398,43,True
75,34,355,398,43,True
87,33,355,424,69,True
90,46,355,424,69,True
12,37,356,422,66,True
20,39,356,422,66,True
22,42,356,399,43,True
24,35,356,422,66,True
25,35,356,422,66,True
41,34,356,399,43,True
44,37,356,422,66,True
70,27,356,438,82,True
76,34,356,424,68,True
90,47,356,424,68,True
93,37,356,382,26,True
96,33,356,398,42,True
0,34,357,422,65,True
17,30,357,422,65,True
18,42,357,477,120,True
19,35,357,422,65,True
32,25,357,422,65,True
38,36,357,422,65,True
47,38,357,422,65,True
69,41,357,438,81,True
73,42,357,424,67,True
81,42,357,398,41,True
82,43,357,438,81,True
85,33,357,398,41,True
89,40,357,424,67,True
99,41,357,398,41,True
2,46,358,422,64,True
13,25,358,477,119,True
21,35,358,422,64,True
22,43,358,399,41,True
28,28,358,477,119,True
40,47,358,422,64,True
54,40,358,398,40,True
71,41,358,398,40,True
91,47,358,424,66,True
8,32,359,477,118,True
25,36,359,422,63,True
29,29,359,477,118,True
38,37,359,422,63,True
48,42,359,422,63,True
55,36,359,398,39,True
66,40,359,398,39,True
77,39,359,398,39,True
90,48,359,424,65,True
28,29,360,477,117,True
54,41,360,398,38,True
57,36,360,424,64,True
86,36,360,438,78,True
28,30,361,477,116,True
48,43,361,422,61,True
62,36,361,438,77,True
65,33,361,438,77,True
69,42,361,438,77,True
73,43,361,424,63,True
82,44,361,438,77,True
85,34,361,398,37,True
91,48,361,438,77,True
95,41,361,398,37,True
8,33,362,477,115,True
14,28,362,422,60,True
16,37,362,422,60,True
20,40,362,422,60,True
33,30,362,422,60,True
51,47,362,438,76,True
60,33,362,471,109,True
68,30,362,398,36,True
76,35,362,424,62,True
80,39,362,438,76,True
82,45,362,438,76,True
87,34,362,424,62,True
90,49,362,424,62,True
96,34,362,424,62,True
5,37,363,477,114,True
12,38,363,422,59,True
16,38,363,422,59,True
32,26,363,422,59,True
37,39,363,422,59,True
42,28,363,422,59,True
52,52,363,398,35,True
58,43,363,424,61,True
64,35,363,424,61,True
74,35,363,424,61,True
76,36,363,424,61,True
83,35,363,424,61,True
52,53,364,424,60,True
55,37,364,398,34,True
61,32,364,438,74,True
65,34,364,438,74,True
79,33,364,424,60,True
80,40,364,438,74,True
90,50,364,424,60,True
91,49,364,438,74,True
2,47,365,477,112,True
11,22,365,422,57,True
21,36,365,422,57,True
22,44,365,422,57,True
30,38,365,422,57,True
56,34,365,438,73,True
64,36,365,424,59,True
76,37,365,424,59,True
90,51,365,424,59,True
94,43,365,470,105,True
98,43,365,398,33,True
20,41,366,422,56,True
24,36,366,422,56,True
37,40,366,422,56,True
43,31,366,422,56,True
50,42,366,424,58,True
60,34,366,471,105,True
61,33,366,438,72,True
70,28,366,438,72,True
86,37,366,438,72,True
92,37,366,424,58,True
2,48,367,477,110,True
42,29,367,422,55,True
47,39,367,422,55,True
55,38,367,424,57,True
56,35,367,438,71,True
58,44,367,424,57,True
72,27,367,424,57,True
90,52,367,424,57,True
97,37,367,399,32,True
11,23,368,422,54,True
12,39,368,422,54,True
20,42,368,422,54,True
25,37,368,422,54,True
28,31,368,477,109,True
38,38,368,477,109,True
47,40,368,422,54,True
59,43,368,438,70,True
65,35,368,438,70,True
67,38,368,438,70,True
0,35,369,422,53,True
13,26,369,477,108,True
30,39,369,422,53,True
51,48,369,438,69,True
59,44,369,438,69,True
75,35,369,438,69,True
89,41,369,471,102,True
98,44,369,424,55,True
19,36,370,422,52,True
36,37,370,422,52,True
38,39,370,477,107,True
44,38,370,422,52,True
53,33,370,424,54,True
54,42,370,438,68,True
64,37,370,424,54,True
91,50,370,438,68,True
93,38,370,438,68,True
94,44,370,470,100,True
95,42,370,471,101,True
97,38,370,438,68,True
12,40,371,422,51,True
30,40,371,422,51,True
41,35,371,422,51,True
46,30,371,477,106,True
54,43,371,438,67,True
55,39,371,424,53,True
80,41,371,438,67,True
81,43,371,424,53,True
86,38,371,438,67,True
91,51,371,438,67,True
10,44,372,422,50,True
25,38,372,422,50,True
36,38,372,422,50,True
75,36,372,438,66,True
78,34,372,424,52,True
86,39,372,438,66,True
94,45,372,470,98,True
3,34,373,477,104,True
11,24,373,422,49,True
16,39,373,422,49,True
47,41,373,422,49,True
53,34,373,424,51,True
69,43,373,438,65,True
70,29,373,438,65,True
85,35,373,424,51,True
11,25,374,422,48,True
38,40,374,477,103,True
43,32,374,422,48,True
51,49,374,438,64,True
74,36,374,438,64,True
77,40,374,424,50,True
91,52,374,438,64,True
1,38,375,477,102,True
23,32,375,422,47,True
30,41,375,422,47,True
64,38,375,438,63,True
68,31,375,424,49,True
69,44,375,438,63,True
1,39,376,477,101,True
3,35,376,477,101,True
12,41,376,422,46,True
21,37,376,477,101,True
28,32,376,477,101,True
36,39,376,422,46,True
38,41,376,477,101,True
59,45,376,438,62,True
62,37,376,438,62,True
64,39,376,438,62,True
77,41,376,424,48,True
81,44,376,424,48,True
5,38,377,477,100,True
11,26,377,422,45,True
43,33,377,422,45,True
48,44,377,477,100,True
61,34,377,438,61,True
66,41,377,424,47,True
7,43,378,477,99,True
10,45,378,422,44,True
23,33,378,422,44,True
45,37,378,422,44,True
46,31,378,513,135,True
57,37,378,424,46,True
62,38,378,438,60,True
67,39,378,470,92,True
83,36,378,438,60,True
85,36,378,424,46,True
88,41,378,424,46,True
13,27,379,477,98,True
19,37,379,422,43,True
22,45,379,424,45,True
24,37,379,477,98,True
29,30,379,513,134,True
42,30,379,422,43,True
57,38,379,424,45,True
63,36,379,424,45,True
68,32,379,424,45,True
71,42,379,424,45,True
74,37,379,438,59,True
88,42,379,424,45,True
89,42,379,471,92,True
6,38,380,477,97,True
25,39,380,513,133,True
26,38,380,422,42,True
80,42,380,438,58,True
84,30,380,424,44,True
87,35,380,438,58,True
91,53,380,471,91,True
94,46,380,470,90,True
96,35,380,424,44,True
0,36,381,477,96,True
4,42,381,477,96,True
42,31,381,422,41,True
52,54,381,424,43,True
54,44,381,438,57,True
61,35,381,438,57,True
62,39,381,438,57,True
69,45,381,438,57,True
4,43,382,477,95,True
12,42,382,422,40,True
18,43,382,477,95,True
47,42,382,477,95,True
57,39,382,424,42,True
68,33,382,424,42,True
1,40,383,477,94,True
7,44,383,477,94,True
23,34,383,422,39,True
56,36,383,438,55,True
61,36,383,438,55,True
66,42,383,438,55,True
84,31,383,424,41,True
95,43,383,471,88,True
96,36,383,438,55,True
3,36,384,477,93,True
4,44,384,477,93,True
5,39,384,477,93,True
10,46,384,422,38,True
15,35,384,477,93,True
16,40,384,422,38,True
23,35,384,422,38,True
32,27,384,422,38,True
35,36,384,477,93,True
69,46,384,438,54,True
70,30,384,438,54,True
73,44,384,438,54,True
76,38,384,470,86,True
93,39,384,438,54,True
13,28,385,477,92,True
19,38,385,477,92,True
53,35,385,438,53,True
75,37,385,438,53,True
81,45,385,438,53,True
82,46,385,471,86,True
85,37,385,451,66,True
86,40,385,438,53,True
13,29,386,477,91,True
21,38,386,477,91,True
27,42,386,477,91,True
34,42,386,513,127,True
38,42,386,477,91,True
41,36,386,422,36,True
69,47,386,438,52,True
80,43,386,471,85,True
83,37,386,438,52,True
87,36,386,438,52,True
98,45,386,424,38,True
14,29,387,422,35,True
17,31,387,477,90,True
39,33,387,477,90,True
47,43,387,477,90,True
78,35,387,438,51,True
96,37,387,438,51,True
98,46,387,424,37,True
13,30,388,513,125,True
73,45,388,438,50,True
74,38,388,438,50,True
75,38,388,438,50,True
81,46,388,438,50,True
10,47,389,422,33,True
12,43,389,477,88,True
16,41,389,477,88,True
56,37,389,438,49,True
76,39,389,470,81,True
81,47,389,438,49,True
84,32,389,470,81,True
85,38,389,451,62,True
93,40,389,438,49,True
12,44,390,477,87,True
18,44,390,477,87,True
29,31,390,513,123,True
30,42,390,477,87,True
43,34,390,422,32,True
47,44,390,477,87,True
50,43,390,438,48,True
69,48,390,438,48,True
73,46,390,438,48,True
90,53,390,471,81,True
5,40,391,477,86,True
6,39,391,513,122,True
19,39,391,477,86,True
26,39,391,477,86,True
40,48,391,513,122,True
53,36,391,438,47,True
54,45,391,438,47,True
62,40,391,438,47,True
86,41,391,438,47,True
97,39,391,438,47,True
7,45,392,477,85,True
21,39,392,477,85,True
26,40,392,477,85,True
47,45,392,477,85,True
59,46,392,438,46,True
65,36,392,438,46,True
68,34,392,438,46,True
70,31,392,438,46,True
77,42,392,438,46,True
84,33,392,470,78,True
89,43,392,471,79,True
10,48,393,422,29,True
23,36,393,477,84,True
27,43,393,477,84,True
28,33,393,477,84,True
31,29,393,477,84,True
37,41,393,477,84,True
44,39,393,477,84,True
68,35,393,438,45,True
71,43,393,438,45,True
79,34,393,471,78,True
19,40,394,477,83,True
23,37,394,477,83,True
24,38,394,513,119,True
32,28,394,513,119,True
49,36,394,477,83,True
71,44,394,438,44,True
93,41,394,438,44,True
36,40,395,477,82,True
38,43,395,477,82,True
60,35,395,471,76,True
93,42,395,438,43,True
99,42,395,438,43,True
14,30,396,477,81,True
15,36,396,477,81,True
21,40,396,477,81,True
28,34,396,477,81,True
33,31,396,477,81,True
41,37,396,477,81,True
67,40,396,470,74,True
1,41,397,477,80,True
19,41,397,477,80,True
24,39,397,513,116,True
80,44,397,471,74,True
93,43,397,438,41,True
20,43,398,513,115,True
30,43,398,477,79,True
43,35,398,477,79,True
85,39,398,451,53,True
89,44,398,471,73,True
90,54,398,471,73,True
91,54,398,471,73,True
98,47,398,470,72,True
16,42,399,477,78,True
49,37,399,477,78,True
70,32,399,438,39,True
75,39,399,470,71,True
87,37,399,438,39,True
11,27,400,477,77,True
36,41,400,477,77,True
38,44,400,513,113,True
58,45,400,471,71,True
68,36,400,438,38,True
74,39,400,438,38,True
76,40,400,470,70,True
86,42,400,471,71,True
87,38,400,438,38,True
88,43,400,471,71,True
2,49,401,477,76,True
17,32,401,477,76,True
26,41,401,477,76,True
37,42,401,513,112,True
58,46,401,471,70,True
61,37,401,471,70,True
77,43,401,438,37,True
88,44,401,471,70,True
91,55,401,471,70,True
97,40,401,470,69,True
7,46,402,477,75,True
8,34,402,513,111,True
11,28,402,477,75,True
14,31,402,513,111,True
22,46,402,477,75,True
36,42,402,477,75,True
43,36,402,477,75,True
58,47,402,471,69,True
75,40,402,470,68,True
4,45,403,513,110,True
42,32,403,513,110,True
72,28,403,438,35,True
87,39,403,438,35,True
94,47,403,470,67,True
19,42,404,513,109,True
22,47,404,513,109,True
23,38,404,513,109,True
32,29,404,513,109,True
37,43,404,513,109,True
56,38,404,438,34,True
67,41,404,470,66,True
69,49,404,471,67,True
80,45,404,471,67,True
81,48,404,438,34,True
84,34,404,470,66,True
1,42,405,513,108,True
15,37,405,477,72,True
33,32,405,513,108,True
43,37,405,477,72,True
60,36,405,471,66,True
64,40,405,438,33,True
68,37,405,438,33,True
75,41,405,470,65,True
2,50,406,477,71,True
17,33,406,513,107,True
31,30,406,477,71,True
34,43,406,513,107,True
41,38,406,513,107,True
49,38,406,477,71,True
78,36,406,470,64,True
79,35,406,471,65,True
80,46,406,471,65,True
81,49,406,438,32,True
9,32,407,513,106,True
34,44,407,513,106,True
40,49,407,513,106,True
41,39,407,513,106,True
48,45,407,513,106,True
56,39,407,470,63,True
72,29,407,438,31,True
88,45,407,471,64,True
90,55,407,471,64,True
3,37,408,513,105,True
4,46,408,513,105,True
9,33,408,513,105,True
10,49,408,477,69,True
11,29,408,477,69,True
14,32,408,513,105,True
20,44,408,513,105,True
21,41,408,513,105,True
27,44,408,477,69,True
32,30,408,513,105,True
41,40,408,513,105,True
46,32,408,513,105,True
65,37,408,470,62,True
70,33,408,470,62,True
86,43,408,471,63,True
87,40,408,438,30,True
96,38,408,470,62,True
0,37,409,513,104,True
4,47,409,513,104,True
17,34,409,513,104,True
24,40,409,513,104,True
39,34,409,477,68,True
41,41,409,513,104,True
42,33,409,513,104,True
46,33,409,513,104,True
48,46,409,513,104,True
59,47,409,470,61,True
73,47,409,471,62,True
75,42,409,470,61,True
80,47,409,519,110,True
94,48,409,470,61,True
95,44,409,471,62,True
7,47,410,513,103,True
9,34,410,513,103,True
29,32,410,513,103,True
45,38,410,513,103,True
51,50,410,495,85,True
52,55,410,451,41,True
64,41,410,438,28,True
81,50,410,470,60,True
89,45,410,509,99,True
98,48,410,470,60,True
14,33,411,513,102,True
20,45,411,513,102,True
32,31,411,513,102,True
39,35,411,477,66,True
48,47,411,513,102,True
58,48,411,471,60,True
59,48,411,470,59,True
86,44,411,471,60,True
87,41,411,471,60,True
88,46,411,471,60,True
3,38,412,513,101,True
13,31,412,513,101,True
25,40,412,513,101,True
27,45,412,477,65,True
37,44,412,513,101,True
44,40,412,513,101,True
57,40,412,451,39,True
66,43,412,442,30,True
72,30,412,438,26,True
76,41,412,470,58,True
2,51,413,513,100,True
7,48,413,513,100,True
13,32,413,513,100,True
22,48,413,513,100,True
28,35,413,513,100,True
33,33,413,513,100,True
47,46,413,513,100,True
56,40,413,470,57,True
68,38,413,470,57,True
77,44,413,470,57,True
79,36,413,471,58,True
82,47,413,471,58,True
84,35,413,471,58,True
11,30,414,513,99,True
32,32,414,513,99,True
37,45,414,513,99,True
42,34,414,513,99,True
43,38,414,513,99,True
54,46,414,470,56,True
62,41,414,471,57,True
71,45,414,438,24,True
72,31,414,438,24,True
94,49,414,470,56,True
8,35,415,513,98,True
10,50,415,513,98,True
19,43,415,513,98,True
21,42,415,513,98,True
33,34,415,513,98,True
37,46,415,513,98,True
49,39,415,513,98,True
61,38,415,471,56,True
75,43,415,495,80,True
79,37,415,471,56,True
82,48,415,471,56,True
1,43,416,513,97,True
3,39,416,513,97,True
7,49,416,513,97,True
22,49,416,513,97,True
23,39,416,513,97,True
40,50,416,513,97,True
41,42,416,513,97,True
42,35,416,513,97,True
65,38,416,470,54,True
70,34,416,470,54,True
80,48,416,519,103,True
84,36,416,471,55,True
85,40,416,451,35,True
87,42,416,471,55,True
8,36,417,513,96,True
24,41,417,513,96,True
34,45,417,513,96,True
49,40,417,513,96,True
50,44,417,471,54,True
59,49,417,471,54,True
76,42,417,495,78,True
31,31,418,513,95,True
35,37,418,513,95,True
37,47,418,513,95,True
44,41,418,513,95,True
49,41,418,513,95,True
76,43,418,495,77,True
80,49,418,519,101,True
98,49,418,470,52,True
25,41,419,513,94,True
40,51,419,513,94,True
51,51,419,495,76,True
61,39,419,471,52,True
83,38,419,471,52,True
98,50,419,470,51,True
21,43,420,513,93,True
34,46,420,513,93,True
35,38,420,513,93,True
39,36,420,513,93,True
49,42,420,513,93,True
51,52,420,495,75,True
56,41,420,519,99,True
77,45,420,470,50,True
84,37,420,471,51,True
90,56,420,471,51,True
14,34,421,513,92,True
15,38,421,513,92,True
16,43,421,513,92,True
26,42,421,513,92,True
27,46,421,477,56,True
29,33,421,513,92,True
33,35,421,513,92,True
34,47,421,513,92,True
46,34,421,528,107,True
48,48,421,513,92,True
52,56,421,471,50,True
59,50,421,471,50,True
60,37,421,471,50,True
72,32,421,495,74,True
77,46,421,470,49,True
84,38,421,471,50,True
7,50,422,513,91,True
12,45,422,513,91,True
67,42,422,495,73,True
80,50,422,519,97,True
83,39,422,471,49,True
8,37,423,513,90,True
9,35,423,513,90,True
14,35,423,513,90,True
16,44,423,513,90,True
27,47,423,477,54,True
32,33,423,513,90,True
38,45,423,513,90,True
42,36,423,513,90,True
45,39,423,513,90,True
52,57,423,471,48,True
57,41,423,477,54,True
59,51,423,471,48,True
60,38,423,471,48,True
64,42,423,471,48,True
70,35,423,495,72,True
77,47,423,470,47,True
7,51,424,513,89,True
13,33,424,513,89,True
15,39,424,513,89,True
23,40,424,513,89,True
33,36,424,513,89,True
39,37,424,513,89,True
47,47,424,513,89,True
56,42,424,519,95,True
58,49,424,509,85,True
69,50,424,509,85,True
73,48,424,471,47,True
94,50,424,495,71,True
95,45,424,471,47,True
98,51,424,470,46,True
28,36,425,513,88,True
58,50,425,509,84,True
62,42,425,471,46,True
74,40,425,471,46,True
81,51,425,471,46,True
88,47,425,534,109,True
97,41,425,540,115,True
6,40,426,513,87,True
13,34,426,513,87,True
14,36,426,513,87,True
36,43,426,513,87,True
44,42,426,513,87,True
62,43,426,471,45,True
92,38,426,579,153,True
99,43,426,470,44,True
11,31,427,513,86,True
12,46,427,513,86,True
19,44,427,513,86,True
22,50,427,513,86,True
29,34,427,513,86,True
58,51,427,509,82,True
78,37,427,470,43,True
95,46,427,471,44,True
10,51,428,513,85,True
23,41,428,513,85,True
26,43,428,513,85,True
29,35,428,513,85,True
31,32,428,513,85,True
42,37,428,513,85,True
53,37,428,471,43,True
64,43,428,471,43,True
67,43,428,495,67,True
68,39,428,471,43,True
19,45,429,513,84,True
26,44,429,513,84,True
34,48,429,513,84,True
49,43,429,513,84,True
62,44,429,471,42,True
65,39,429,471,42,True
66,44,429,470,41,True
78,38,429,471,42,True
81,52,429,471,42,True
88,48,429,534,105,True
1,44,430,513,83,True
24,42,430,513,83,True
26,45,430,513,83,True
28,37,430,513,83,True
33,37,430,513,83,True
34,49,430,513,83,True
37,48,430,513,83,True
67,44,430,495,65,True
75,44,430,495,65,True
89,46,430,509,79,True
99,44,430,471,41,True
17,35,431,513,82,True
18,45,431,513,82,True
21,44,431,513,82,True
28,38,431,513,82,True
44,43,431,513,82,True
45,40,431,513,82,True
55,40,431,471,40,True
59,52,431,471,40,True
63,37,431,477,46,True
94,51,431,495,64,True
98,52,431,471,40,True
99,45,431,471,40,True
19,46,432,513,81,True
30,44,432,513,81,True
38,46,432,513,81,True
47,48,432,513,81,True
57,42,432,477,45,True
75,45,432,495,63,True
7,52,433,513,80,True
8,38,433,563,130,True
25,42,433,513,80,True
31,33,433,513,80,True
38,47,433,513,80,True
50,45,433,471,38,True
68,40,433,471,38,True
76,44,433,495,62,True
85,41,433,471,38,True
1,45,434,513,79,True
22,51,434,513,79,True
66,45,434,471,37,True
90,57,434,534,100,True
93,44,434,477,43,True
97,42,434,540,106,True
50,46,435,471,36,True
57,43,435,477,42,True
58,52,435,509,74,True
70,36,435,534,99,True
71,46,435,471,36,True
76,45,435,495,60,True
82,49,435,519,84,True
84,39,435,495,60,True
87,43,435,471,36,True
92,39,435,579,144,True
97,43,435,540,105,True
98,53,435,471,36,True
0,38,436,513,77,True
2,52,436,513,77,True
4,48,436,513,77,True
10,52,436,513,77,True
18,46,436,513,77,True
20,46,436,513,77,True
22,52,436,513,77,True
25,43,436,528,92,True
26,46,436,513,77,True
42,38,436,513,77,True
46,35,436,528,92,True
48,49,436,513,77,True
66,46,436,471,35,True
67,45,436,495,59,True
73,49,436,509,73,True
76,46,436,495,59,True
19,47,437,513,76,True
22,53,437,513,76,True
23,42,437,513,76,True
40,52,437,513,76,True
41,43,437,513,76,True
52,58,437,495,58,True
63,38,437,477,40,True
65,40,437,471,34,True
94,52,437,495,58,True
0,39,438,513,75,True
1,46,438,513,75,True
2,53,438,513,75,True
13,35,438,513,75,True
38,48,438,513,75,True
39,38,438,513,75,True
43,39,438,513,75,True
47,49,438,563,125,True
53,38,438,509,71,True
57,44,438,477,39,True
72,33,438,495,57,True
73,50,438,509,71,True
77,48,438,471,33,True
94,53,438,495,57,True
4,49,439,513,74,True
11,32,439,513,74,True
33,38,439,513,74,True
38,49,439,513,74,True
56,43,439,519,80,True
57,45,439,477,38,True
61,40,439,519,80,True
63,39,439,477,38,True
67,46,439,495,56,True
68,41,439,471,32,True
69,51,439,509,70,True
75,46,439,495,56,True
91,56,439,509,70,True
95,47,439,471,32,True
22,54,440,513,73,True
35,39,440,513,73,True
40,53,440,513,73,True
65,41,440,495,55,True
81,53,440,495,55,True
86,45,440,509,69,True
88,49,440,534,94,True
89,47,440,509,69,True
94,54,440,495,55,True
1,47,441,513,72,True
3,40,441,513,72,True
5,41,441,513,72,True
12,47,441,513,72,True
14,37,441,513,72,True
26,47,441,528,87,True
29,36,441,513,72,True
46,36,441,528,87,True
55,41,441,471,30,True
62,45,441,509,68,True
1,48,442,513,71,True
14,38,442,513,71,True
30,45,442,513,71,True
31,34,442,513,71,True
40,54,442,513,71,True
66,47,442,509,67,True
84,40,442,495,53,True
29,37,443,513,70,True
46,37,443,528,85,True
48,50,443,513,70,True
71,47,443,495,52,True
74,41,443,519,76,True
81,54,443,509,66,True
13,36,444,563,119,True
16,45,444,540,96,True
26,48,444,528,84,True
36,44,444,513,69,True
38,50,444,513,69,True
43,40,444,513,69,True
53,39,444,509,65,True
54,47,444,477,33,True
67,47,444,495,51,True
69,52,444,519,75,True
74,42,444,519,75,True
93,45,444,495,51,True
97,44,444,540,96,True
3,41,445,513,68,True
5,42,445,513,68,True
18,47,445,513,68,True
19,48,445,513,68,True
35,40,445,513,68,True
39,39,445,513,68,True
43,41,445,513,68,True
71,48,445,495,50,True
77,49,445,495,50,True
83,40,445,477,32,True
93,46,445,495,50,True
97,45,445,540,95,True
6,41,446,513,67,True
8,39,446,563,117,True
16,46,446,540,94,True
21,45,446,513,67,True
32,34,446,513,67,True
48,51,446,513,67,True
56,44,446,519,73,True
57,46,446,480,34,True
58,53,446,509,63,True
63,40,446,477,31,True
70,37,446,534,88,True
94,55,446,585,139,True
96,39,446,519,73,True
12,48,447,513,66,True
20,47,447,513,66,True
24,43,447,513,66,True
32,35,447,513,66,True
59,53,447,519,72,True
63,41,447,477,30,True
67,48,447,519,72,True
75,47,447,495,48,True
96,40,447,519,72,True
1,49,448,513,65,True
14,39,448,528,80,True
29,38,448,513,65,True
53,40,448,509,61,True
69,53,448,519,71,True
3,42,449,563,114,True
15,40,449,513,64,True
23,43,449,513,64,True
64,44,449,509,60,True
67,49,449,519,70,True
73,51,449,509,60,True
33,39,450,563,113,True
36,45,450,513,63,True
49,44,450,513,63,True
55,42,450,495,45,True
62,46,450,509,59,True
78,39,450,495,45,True
88,50,450,534,84,True
91,57,450,509,59,True
92,40,450,579,129,True
4,50,451,513,62,True
19,49,451,513,62,True
31,35,451,513,62,True
47,50,451,563,112,True
49,45,451,513,62,True
53,41,451,509,58,True
65,42,451,495,44,True
80,51,451,519,68,True
85,42,451,477,26,True
97,46,451,540,89,True
7,53,452,513,61,True
11,33,452,513,61,True
13,37,452,563,111,True
14,40,452,528,76,True
17,36,452,513,61,True
37,49,452,513,61,True
42,39,452,513,61,True
59,54,452,519,67,True
64,45,452,509,57,True
74,43,452,519,67,True
79,38,452,534,82,True
4,51,453,513,60,True
5,43,453,513,60,True
23,44,453,513,60,True
25,44,453,528,75,True
26,49,453,528,75,True
34,50,453,513,60,True
35,41,453,513,60,True
54,48,453,509,56,True
85,43,453,477,24,True
98,54,453,495,42,True
6,42,454,513,59,True
33,40,454,563,109,True
37,50,454,513,59,True
38,51,454,513,59,True
49,46,454,513,59,True
64,46,454,509,55,True
81,55,454,509,55,True
90,58,454,534,80,True
4,52,455,513,58,True
6,43,455,513,58,True
18,48,455,513,58,True
38,52,455,513,58,True
43,42,455,513,58,True
61,41,455,519,64,True
73,52,455,579,124,True
77,50,455,509,54,True
78,40,455,495,40,True
94,56,455,585,130,True
10,53,456,563,107,True
17,37,456,528,72,True
21,46,456,513,57,True
30,46,456,513,57,True
32,36,456,528,72,True
41,44,456,540,84,True
46,38,456,528,72,True
56,45,456,519,63,True
73,53,456,579,123,True
77,51,456,509,53,True
3,43,457,563,106,True
16,47,457,540,83,True
25,45,457,528,71,True
29,39,457,513,56,True
47,51,457,563,106,True
50,47,457,495,38,True
61,42,457,534,77,True
75,48,457,534,77,True
80,52,457,519,62,True
82,50,457,519,62,True
83,41,457,509,52,True
90,59,457,534,77,True
99,46,457,509,52,True
11,34,458,513,55,True
33,41,458,563,105,True
34,51,458,513,55,True
36,46,458,513,55,True
37,51,458,528,70,True
40,55,458,513,55,True
43,43,458,513,55,True
61,43,458,534,76,True
65,43,458,519,61,True
88,51,458,534,76,True
96,41,458,519,61,True
24,44,459,513,54,True
46,39,459,528,69,True
50,48,459,495,36,True
87,44,459,509,50,True
94,57,459,585,126,True
16,48,460,540,80,True
17,38,460,563,103,True
30,47,460,513,53,True
45,41,460,540,80,True
56,46,460,519,59,True
62,47,460,534,74,True
71,49,460,519,59,True
77,52,460,509,49,True
80,53,460,519,59,True
82,51,460,519,59,True
90,60,460,534,74,True
91,58,460,534,74,True
96,42,460,519,59,True
7,54,461,513,52,True
17,39,461,563,102,True
28,39,461,540,79,True
30,48,461,513,52,True
34,52,461,513,52,True
44,44,461,513,52,True
49,47,461,513,52,True
54,49,461,509,48,True
63,42,461,495,34,True
74,44,461,519,58,True
90,61,461,534,73,True
91,59,461,534,73,True
16,49,462,540,78,True
27,48,462,513,51,True
28,40,462,540,78,True
31,36,462,513,51,True
36,47,462,513,51,True
47,52,462,563,101,True
48,52,462,563,101,True
56,47,462,519,57,True
61,44,462,534,72,True
71,50,462,519,57,True
80,54,462,519,57,True
88,52,462,579,117,True
90,62,462,534,72,True
1,50,463,513,50,True
11,35,463,513,50,True
21,47,463,513,50,True
26,50,463,528,65,True
32,37,463,528,65,True
34,53,463,513,50,True
36,48,463,513,50,True
3,44,464,563,99,True
19,50,464,513,49,True
20,48,464,513,49,True
24,45,464,513,49,True
25,46,464,528,64,True
44,45,464,513,49,True
45,42,464,540,76,True
48,53,464,563,99,True
49,48,464,513,49,True
52,59,464,540,76,True
54,50,464,509,45,True
56,48,464,519,55,True
59,55,464,519,55,True
61,45,464,534,70,True
71,51,464,519,55,True
74,45,464,519,55,True
78,41,464,495,31,True
79,39,464,534,70,True
85,44,464,519,55,True
88,53,464,579,115,True
16,50,465,540,75,True
36,49,465,513,48,True
39,40,465,513,48,True
51,53,465,519,54,True
52,60,465,540,75,True
58,54,465,534,69,True
61,46,465,534,69,True
67,50,465,534,69,True
8,40,466,563,97,True
9,36,466,513,47,True
14,41,466,540,74,True
24,46,466,563,97,True
46,40,466,563,97,True
56,49,466,519,53,True
75,49,466,534,68,True
77,53,466,519,53,True
81,56,466,519,53,True
93,47,466,519,53,True
3,45,467,563,96,True
7,55,467,540,73,True
12,49,467,513,46,True
13,38,467,563,96,True
14,42,467,540,73,True
22,55,467,513,46,True
41,45,467,540,73,True
49,49,467,513,46,True
54,51,467,509,42,True
65,44,467,519,52,True
76,47,467,519,52,True
82,52,467,519,52,True
96,43,467,519,52,True
1,51,468,513,45,True
3,46,468,563,95,True
8,41,468,563,95,True
16,51,468,540,72,True
29,40,468,563,95,True
56,50,468,519,51,True
71,52,468,519,51,True
78,42,468,519,51,True
83,42,468,519,51,True
87,45,468,519,51,True
98,55,468,519,51,True
5,44,469,528,59,True
9,37,469,513,44,True
50,49,469,519,50,True
54,52,469,519,50,True
55,43,469,519,50,True
92,41,469,579,110,True
99,47,469,519,50,True
0,40,470,563,93,True
11,36,470,563,93,True
41,46,470,540,70,True
52,61,470,540,70,True
57,47,470,511,41,True
64,47,470,534,64,True
65,45,470,519,49,True
82,53,470,534,64,True
91,60,470,534,64,True
0,41,471,563,92,True
3,47,471,563,92,True
8,42,471,563,92,True
20,49,471,513,42,True
28,41,471,540,69,True
45,43,471,540,69,True
58,55,471,534,63,True
62,48,471,534,63,True
69,54,471,534,63,True
74,46,471,519,48,True
80,55,471,519,48,True
81,57,471,519,48,True
91,61,471,534,63,True
92,42,471,579,108,True
7,56,472,540,68,True
10,54,472,563,91,True
17,40,472,563,91,True
23,45,472,563,91,True
35,42,472,563,91,True
52,62,472,540,68,True
53,42,472,519,47,True
54,53,472,519,47,True
56,51,472,519,47,True
66,48,472,519,47,True
69,55,472,534,62,True
77,54,472,519,47,True
87,46,472,519,47,True
88,54,472,579,107,True
91,62,472,534,62,True
96,44,472,519,47,True
98,56,472,519,47,True
99,48,472,519,47,True
4,53,473,513,40,True
14,43,473,540,67,True
29,41,473,563,90,True
30,49,473,528,55,True
37,52,473,563,90,True
45,44,473,540,67,True
63,43,473,519,46,True
65,46,473,519,46,True
73,54,473,579,106,True
84,41,473,519,46,True
95,48,473,534,61,True
11,37,474,563,89,True
13,39,474,563,89,True
30,50,474,528,54,True
41,47,474,540,66,True
43,44,474,540,66,True
44,46,474,513,39,True
17,41,475,563,88,True
32,38,475,540,65,True
52,63,475,540,65,True
63,44,475,540,65,True
70,38,475,534,59,True
74,47,475,519,44,True
83,43,475,519,44,True
89,48,475,579,104,True
0,42,476,563,87,True
1,52,476,563,87,True
14,44,476,540,64,True
16,52,476,540,64,True
63,45,476,540,64,True
69,56,476,534,58,True
76,48,476,534,58,True
79,40,476,579,103,True
82,54,476,579,103,True
93,48,476,519,43,True
95,49,476,534,58,True
97,47,476,540,64,True
98,57,476,519,43,True
6,44,477,563,86,True
18,49,477,563,86,True
25,47,477,563,86,True
29,42,477,563,86,True
30,51,477,528,51,True
31,37,477,563,86,True
46,41,477,563,86,True
53,43,477,519,42,True
64,48,477,534,57,True
68,42,477,519,42,True
69,57,477,534,57,True
89,49,477,579,102,True
99,49,477,534,57,True
9,38,478,528,50,True
25,48,478,563,85,True
27,49,478,513,35,True
28,42,478,540,62,True
38,53,478,563,85,True
43,45,478,540,62,True
57,48,478,519,41,True
61,47,478,534,56,True
75,50,478,534,56,True
97,48,478,540,62,True
0,43,479,563,84,True
1,53,479,563,84,True
8,43,479,563,84,True
23,46,479,563,84,True
29,43,479,563,84,True
32,39,479,540,61,True
38,54,479,563,84,True
44,47,479,528,49,True
50,50,479,519,40,True
63,46,479,540,61,True
68,43,479,534,55,True
76,49,479,534,55,True
96,45,479,534,55,True
4,54,480,563,83,True
12,50,480,540,60,True
21,48,480,563,83,True
34,54,480,563,83,True
47,53,480,563,83,True
50,51,480,519,39,True
73,55,480,579,99,True
81,58,480,519,39,True
88,55,480,579,99,True
93,49,480,519,39,True
30,52,481,528,47,True
31,38,481,563,82,True
41,48,481,540,59,True
50,52,481,519,38,True
56,52,481,579,98,True
68,44,481,534,53,True
70,39,481,579,98,True
74,48,481,534,53,True
7,57,482,540,58,True
8,44,482,563,81,True
48,54,482,622,140,True
52,64,482,540,58,True
61,48,482,579,97,True
62,49,482,534,52,True
64,49,482,534,52,True
65,47,482,534,52,True
80,56,482,579,97,True
92,43,482,579,97,True
93,50,482,534,52,True
94,58,482,585,103,True
13,40,483,563,80,True
23,47,483,563,80,True
24,47,483,563,80,True
50,53,483,519,36,True
52,65,483,540,57,True
53,44,483,534,51,True
74,49,483,534,51,True
80,57,483,579,96,True
82,55,483,579,96,True
86,46,483,579,96,True
10,55,484,563,79,True
26,51,484,528,44,True
46,42,484,563,79,True
93,51,484,534,50,True
96,46,484,534,50,True
20,50,485,563,78,True
27,50,485,528,43,True
38,55,485,563,78,True
44,48,485,580,95,True
46,43,485,563,78,True
64,50,485,534,49,True
68,45,485,534,49,True
69,58,485,579,94,True
88,56,485,579,94,True
0,44,486,563,77,True
24,48,486,563,77,True
33,42,486,563,77,True
38,56,486,563,77,True
43,46,486,540,54,True
54,54,486,534,48,True
66,49,486,534,48,True
82,56,486,579,93,True
85,45,486,528,42,True
86,47,486,579,93,True
89,50,486,604,118,True
13,41,487,563,76,True
24,49,487,563,76,True
32,40,487,563,76,True
54,55,487,534,47,True
10,56,488,563,75,True
27,51,488,528,40,True
30,53,488,563,75,True
49,50,488,540,52,True
50,54,488,534,46,True
54,56,488,534,46,True
60,39,488,579,91,True
64,51,488,534,46,True
74,50,488,534,46,True
77,55,488,534,46,True
86,48,488,579,91,True
14,45,489,563,74,True
20,51,489,563,74,True
28,43,489,563,74,True
31,39,489,580,91,True
42,40,489,563,74,True
61,49,489,579,90,True
65,48,489,534,45,True
97,49,489,540,51,True
98,58,489,540,51,True
52,66,490,585,95,True
57,49,490,528,38,True
82,57,490,604,114,True
88,57,490,579,89,True
10,57,491,563,72,True
13,42,491,563,72,True
14,46,491,563,72,True
22,56,491,540,49,True
39,41,491,563,72,True
50,55,491,534,43,True
52,67,491,585,94,True
69,59,491,579,88,True
75,51,491,579,88,True
12,51,492,622,130,True
15,41,492,563,71,True
19,51,492,563,71,True
27,52,492,528,36,True
46,44,492,563,71,True
55,44,492,579,87,True
59,56,492,534,42,True
61,50,492,579,87,True
70,40,492,579,87,True
75,52,492,579,87,True
79,41,492,579,87,True
81,59,492,534,42,True
86,49,492,579,87,True
89,51,492,604,112,True
0,45,493,563,70,True
1,54,493,563,70,True
2,54,493,580,87,True
11,38,493,563,70,True
14,47,493,563,70,True
19,52,493,563,70,True
30,54,493,563,70,True
34,55,493,563,70,True
41,49,493,563,70,True
47,54,493,563,70,True
54,57,493,534,41,True
67,51,493,579,86,True
73,56,493,579,86,True
74,51,493,534,41,True
82,58,493,604,111,True
85,46,493,579,86,True
95,50,493,579,86,True
1,55,494,563,69,True
33,43,494,563,69,True
44,49,494,580,86,True
46,45,494,563,69,True
50,56,494,534,40,True
59,57,494,534,40,True
63,47,494,540,46,True
97,50,494,540,46,True
6,45,495,563,68,True
10,58,495,563,68,True
14,48,495,563,68,True
27,53,495,563,68,True
28,44,495,563,68,True
36,50,495,563,68,True
45,45,495,563,68,True
49,51,495,563,68,True
62,50,495,579,84,True
91,63,495,579,84,True
43,47,496,563,67,True
56,53,496,579,83,True
63,48,496,540,44,True
65,49,496,579,83,True
80,58,496,579,83,True
84,42,496,579,83,True
92,44,496,579,83,True
6,46,497,563,66,True
8,45,497,563,66,True
21,49,497,580,83,True
33,44,497,563,66,True
53,45,497,534,37,True
57,50,497,528,31,True
67,52,497,579,82,True
70,41,497,585,88,True
80,59,497,579,82,True
85,47,497,579,82,True
16,53,498,540,42,True
39,42,498,563,65,True
48,55,498,622,124,True
52,68,498,585,87,True
87,47,498,534,36,True
5,45,499,563,64,True
21,50,499,580,81,True
29,44,499,563,64,True
38,57,499,563,64,True
47,55,499,563,64,True
54,58,499,585,86,True
55,45,499,579,80,True
68,46,499,534,35,True
83,44,499,534,35,True
93,52,499,540,41,True
2,55,500,580,80,True
7,58,500,563,63,True
13,43,500,563,63,True
21,51,500,580,80,True
44,50,500,580,80,True
54,59,500,585,85,True
58,56,500,579,79,True
71,53,500,534,34,True
72,34,500,579,79,True
81,60,500,579,79,True
98,59,500,540,40,True
5,46,501,563,62,True
15,42,501,580,79,True
31,40,501,580,79,True
56,54,501,579,78,True
71,54,501,579,78,True
90,63,501,579,78,True
94,59,501,585,84,True
2,56,502,580,78,True
13,44,502,563,61,True
30,55,502,563,61,True
36,51,502,563,61,True
40,56,502,563,61,True
47,56,502,563,61,True
61,51,502,579,77,True
65,50,502,579,77,True
81,61,502,579,77,True
2,57,503,580,77,True
7,59,503,563,60,True
28,45,503,580,77,True
44,51,503,580,77,True
65,51,503,579,76,True
74,52,503,534,31,True
77,56,503,534,31,True
79,42,503,579,76,True
86,50,503,579,76,True
95,51,503,579,76,True
98,60,503,540,37,True
0,46,504,580,76,True
1,56,504,580,76,True
15,43,504,580,76,True
64,52,504,579,75,True
68,47,504,604,100,True
75,53,504,579,75,True
78,43,504,585,81,True
79,43,504,579,75,True
93,53,504,604,100,True
5,47,505,563,58,True
16,54,505,563,58,True
23,48,505,563,58,True
29,45,505,563,58,True
40,57,505,563,58,True
43,48,505,563,58,True
47,57,505,580,75,True
50,57,505,534,29,True
62,51,505,585,80,True
73,57,505,579,74,True
82,59,505,604,99,True
1,57,506,580,74,True
5,48,506,563,57,True
8,46,506,622,116,True
11,39,506,580,74,True
27,54,506,563,57,True
28,46,506,580,74,True
34,56,506,563,57,True
47,58,506,580,74,True
57,51,506,563,57,True
60,40,506,579,73,True
61,52,506,579,73,True
70,42,506,585,79,True
75,54,506,579,73,True
80,60,506,579,73,True
83,45,506,579,73,True
85,48,506,579,73,True
89,52,506,604,98,True
97,51,506,579,73,True
10,59,507,563,56,True
27,55,507,563,56,True
32,41,507,580,73,True
34,57,507,563,56,True
39,43,507,563,56,True
42,41,507,563,56,True
54,60,507,585,78,True
56,55,507,579,72,True
58,57,507,579,72,True
73,58,507,579,72,True
91,64,507,585,78,True
7,60,508,563,55,True
9,39,508,580,72,True
28,47,508,580,72,True
30,56,508,563,55,True
34,58,508,580,72,True
35,43,508,563,55,True
55,46,508,579,71,True
59,58,508,579,71,True
61,53,508,579,71,True
65,52,508,579,71,True
67,53,508,579,71,True
89,53,508,604,96,True
16,55,509,563,54,True
17,42,509,580,71,True
21,52,509,580,71,True
23,49,509,563,54,True
52,69,509,585,76,True
53,46,509,579,70,True
56,56,509,579,70,True
57,52,509,563,54,True
61,54,509,604,95,True
87,48,509,579,70,True
91,65,509,585,76,True
1,58,510,580,70,True
8,47,510,622,112,True
15,44,510,580,70,True
21,53,510,580,70,True
38,58,510,563,53,True
56,57,510,579,69,True
65,53,510,579,69,True
73,59,510,579,69,True
87,49,510,579,69,True
98,61,510,540,30,True
6,47,511,580,69,True
7,61,511,563,52,True
27,56,511,563,52,True
29,46,511,580,69,True
43,49,511,563,52,True
62,52,511,585,74,True
64,53,511,579,68,True
69,60,511,579,68,True
76,50,511,585,74,True
79,44,511,579,68,True
80,61,511,579,68,True
88,58,511,585,74,True
16,56,512,563,51,True
27,57,512,563,51,True
30,57,512,563,51,True
41,50,512,563,51,True
49,52,512,563,51,True
57,53,512,563,51,True
60,41,512,579,67,True
73,60,512,579,67,True
84,43,512,579,67,True
90,64,512,585,73,True
91,66,512,585,73,True
92,45,512,604,92,True
94,60,512,585,73,True
1,59,513,580,67,True
11,40,513,580,67,True
18,50,513,580,67,True
21,54,513,580,67,True
35,44,513,580,67,True
48,56,513,637,124,True
58,58,513,579,66,True
66,50,513,579,66,True
70,43,513,585,72,True
1,60,514,580,66,True
4,55,514,637,123,True
14,49,514,622,108,True
27,58,514,563,49,True
32,42,514,580,66,True
34,59,514,637,123,True
57,54,514,563,49,True
58,59,514,579,65,True
60,42,514,579,65,True
83,46,514,579,65,True
84,44,514,585,71,True
87,50,514,579,65,True
97,52,514,579,65,True
13,45,515,563,48,True
19,53,515,563,48,True
32,43,515,580,65,True
46,46,515,622,107,True
56,58,515,579,64,True
84,45,515,585,70,True
3,48,516,563,47,True
4,56,516,637,121,True
25,49,516,622,106,True
33,45,516,622,106,True
37,53,516,580,64,True
39,44,516,563,47,True
64,54,516,585,69,True
14,50,517,622,105,True
35,45,517,580,63,True
43,50,517,563,46,True
49,53,517,563,46,True
54,61,517,585,68,True
66,51,517,579,62,True
77,57,517,579,62,True
96,47,517,579,62,True
99,50,517,585,68,True
3,49,518,622,104,True
9,40,518,580,62,True
15,45,518,580,62,True
23,50,518,622,104,True
36,52,518,580,62,True
37,54,518,580,62,True
49,54,518,563,45,True
54,62,518,585,67,True
56,59,518,604,86,True
57,55,518,585,67,True
67,54,518,604,86,True
68,48,518,604,86,True
79,45,518,585,67,True
88,59,518,585,67,True
13,46,519,580,61,True
19,54,519,563,44,True
28,48,519,580,61,True
37,55,519,580,61,True
46,47,519,622,103,True
55,47,519,579,60,True
59,59,519,585,66,True
73,61,519,585,66,True
77,58,519,579,60,True
91,67,519,604,85,True
92,46,519,604,85,True
99,51,519,585,66,True
2,58,520,580,60,True
16,57,520,622,102,True
39,45,520,563,43,True
74,53,520,604,84,True
86,51,520,604,84,True
93,54,520,604,84,True
99,52,520,585,65,True
2,59,521,580,59,True
23,51,521,622,101,True
29,47,521,580,59,True
59,60,521,585,64,True
63,49,521,579,58,True
83,47,521,579,58,True
1,61,522,580,58,True
16,58,522,622,100,True
28,49,522,580,58,True
60,43,522,604,82,True
74,54,522,604,82,True
80,62,522,604,82,True
92,47,522,604,82,True
3,50,523,622,99,True
5,49,523,580,57,True
7,62,523,622,99,True
9,41,523,580,57,True
35,46,523,580,57,True
36,53,523,580,57,True
39,46,523,580,57,True
51,54,523,604,81,True
55,48,523,579,56,True
73,62,523,585,62,True
74,55,523,604,81,True
0,47,524,580,56,True
11,41,524,580,56,True
12,52,524,622,98,True
19,55,524,580,56,True
60,44,524,604,80,True
70,44,524,604,80,True
85,49,524,579,55,True
98,62,524,585,61,True
1,62,525,637,112,True
23,52,525,622,97,True
36,54,525,580,55,True
47,59,525,637,112,True
72,35,525,579,54,True
77,59,525,604,79,True
80,63,525,604,79,True
86,52,525,604,79,True
90,65,525,604,79,True
6,48,526,637,111,True
17,43,526,580,54,True
18,51,526,580,54,True
24,50,526,622,96,True
26,52,526,622,96,True
29,48,526,622,96,True
31,41,526,580,54,True
32,44,526,622,96,True
37,56,526,580,54,True
40,58,526,637,111,True
44,52,526,580,54,True
48,57,526,637,111,True
74,56,526,604,78,True
86,53,526,604,78,True
87,51,526,604,78,True
90,66,526,604,78,True
5,50,527,580,53,True
6,49,527,637,110,True
7,63,527,622,95,True
13,47,527,622,95,True
14,51,527,622,95,True
16,59,527,622,95,True
32,45,527,622,95,True
38,59,527,622,95,True
7,64,528,622,94,True
11,42,528,580,52,True
19,56,528,580,52,True
32,46,528,622,94,True
71,55,528,585,57,True
75,55,528,585,57,True
77,60,528,604,76,True
84,46,528,585,57,True
88,60,528,585,57,True
4,57,529,637,108,True
29,49,529,622,93,True
36,55,529,580,51,True
41,51,529,622,93,True
43,51,529,622,93,True
48,58,529,637,108,True
56,60,529,604,75,True
59,61,529,585,56,True
82,60,529,604,75,True
86,54,529,604,75,True
89,54,529,604,75,True
13,48,530,622,92,True
18,52,530,580,50,True
20,52,530,637,107,True
27,59,530,584,54,True
30,58,530,637,107,True
47,60,530,637,107,True
48,59,530,637,107,True
50,58,530,585,55,True
55,49,530,585,55,True
59,62,530,585,55,True
63,50,530,579,49,True
66,52,530,604,74,True
87,52,530,604,74,True
88,61,530,585,55,True
6,50,531,637,106,True
14,52,531,622,91,True
34,60,531,637,106,True
38,60,531,622,91,True
51,55,531,604,73,True
52,70,531,585,54,True
57,56,531,604,73,True
82,61,531,604,73,True
84,47,531,585,54,True
3,51,532,622,90,True
30,59,532,637,105,True
44,53,532,622,90,True
47,61,532,637,105,True
67,55,532,604,72,True
77,61,532,604,72,True
4,58,533,637,104,True
6,51,533,637,104,True
22,57,533,622,89,True
24,51,533,622,89,True
27,60,533,584,51,True
36,56,533,622,89,True
37,57,533,622,89,True
54,63,533,585,52,True
58,60,533,604,71,True
74,57,533,604,71,True
30,60,534,637,103,True
42,42,534,622,88,True
50,59,534,585,51,True
57,57,534,604,70,True
82,62,534,604,70,True
91,68,534,604,70,True
93,55,534,604,70,True
97,53,534,622,88,True
99,53,534,604,70,True
0,48,535,637,102,True
3,52,535,622,87,True
7,65,535,622,87,True
39,47,535,580,45,True
43,52,535,622,87,True
45,46,535,622,87,True
46,48,535,637,102,True
74,58,535,604,69,True
98,63,535,585,50,True
15,46,536,637,101,True
16,60,536,622,86,True
19,57,536,637,101,True
26,53,536,622,86,True
32,47,536,622,86,True
33,46,536,622,86,True
78,44,536,585,49,True
85,50,536,604,68,True
87,53,536,604,68,True
90,67,536,604,68,True
2,60,537,637,100,True
21,55,537,637,100,True
29,50,537,637,100,True
31,42,537,622,85,True
46,49,537,637,100,True
58,61,537,604,67,True
69,61,537,604,67,True
74,59,537,604,67,True
84,48,537,585,48,True
98,64,537,622,85,True
99,54,537,604,67,True
10,60,538,622,84,True
11,43,538,622,84,True
14,53,538,637,99,True
15,47,538,637,99,True
20,53,538,637,99,True
37,58,538,622,84,True
54,64,538,585,47,True
60,45,538,649,111,True
90,68,538,604,66,True
93,56,538,604,66,True
94,61,538,637,99,True
98,65,538,622,84,True
3,53,539,622,83,True
12,53,539,622,83,True
18,53,539,637,98,True
19,58,539,637,98,True
21,56,539,637,98,True
23,53,539,622,83,True
41,52,539,622,83,True
59,63,539,604,65,True
67,56,539,604,65,True
69,62,539,604,65,True
71,56,539,604,65,True
72,36,539,604,65,True
87,54,539,604,65,True
88,62,539,687,148,True
98,66,539,622,83,True
99,55,539,604,65,True
12,54,540,622,82,True
19,59,540,637,97,True
20,54,540,637,97,True
21,57,540,637,97,True
33,47,540,637,97,True
42,43,540,622,82,True
50,60,540,604,64,True
68,49,540,604,64,True
76,51,540,604,64,True
81,62,540,604,64,True
83,48,540,604,64,True
89,55,540,604,64,True
90,69,540,604,64,True
91,69,540,604,64,True
20,55,541,637,96,True
34,61,541,637,96,True
40,59,541,637,96,True
53,47,541,604,63,True
65,54,541,604,63,True
94,62,541,637,96,True
95,52,541,604,63,True
1,63,542,637,95,True
3,54,542,622,80,True
15,48,542,637,95,True
25,50,542,622,80,True
31,43,542,622,80,True
39,48,542,637,95,True
40,60,542,637,95,True
64,55,542,604,62,True
68,50,542,604,62,True
70,45,542,604,62,True
71,57,542,604,62,True
82,63,542,649,107,True
88,63,542,687,145,True
99,56,542,604,62,True
3,55,543,622,79,True
8,48,543,637,94,True
16,61,543,622,79,True
19,60,543,637,94,True
23,54,543,622,79,True
32,48,543,637,94,True
35,47,543,637,94,True
42,44,543,622,79,True
44,54,543,637,94,True
47,62,543,637,94,True
59,64,543,604,61,True
74,60,543,604,61,True
85,51,543,604,61,True
89,56,543,604,61,True
32,49,544,637,93,True
41,53,544,622,78,True
48,60,544,637,93,True
50,61,544,604,60,True
72,37,544,604,60,True
3,56,545,622,77,True
8,49,545,637,92,True
13,49,545,637,92,True
21,58,545,637,92,True
28,50,545,637,92,True
29,51,545,637,92,True
43,53,545,622,77,True
66,53,545,604,59,True
69,63,545,604,59,True
70,46,545,604,59,True
76,52,545,604,59,True
84,49,545,604,59,True
38,61,546,637,91,True
39,49,546,637,91,True
44,55,546,637,91,True
70,47,546,604,58,True
71,58,546,604,58,True
75,56,546,604,58,True
98,67,546,622,76,True
16,62,547,637,90,True
21,59,547,637,90,True
32,50,547,637,90,True
44,56,547,637,90,True
54,65,547,604,57,True
56,61,547,618,71,True
63,51,547,585,38,True
79,46,547,604,57,True
90,70,547,604,57,True
94,63,547,637,90,True
95,53,547,604,57,True
96,48,547,604,57,True
36,57,548,637,89,True
42,45,548,622,74,True
58,62,548,604,56,True
66,54,548,604,56,True
67,57,548,604,56,True
82,64,548,649,101,True
1,64,549,637,88,True
8,50,549,669,120,True
15,49,549,637,88,True
26,54,549,637,88,True
32,51,549,637,88,True
41,54,549,622,73,True
67,58,549,604,55,True
69,64,549,649,100,True
74,61,549,604,55,True
94,64,549,637,88,True
0,49,550,637,87,True
6,52,550,637,87,True
19,61,550,637,87,True
21,60,550,637,87,True
43,54,550,622,72,True
44,57,550,637,87,True
55,50,550,604,54,True
67,59,550,604,54,True
69,65,550,649,99,True
81,63,550,604,54,True
86,55,550,604,54,True
90,71,550,604,54,True
98,68,550,622,72,True
30,61,551,637,86,True
32,52,551,637,86,True
41,55,551,622,71,True
63,52,551,585,34,True
78,45,551,604,53,True
84,50,551,604,53,True
91,70,551,637,86,True
15,50,552,637,85,True
16,63,552,637,85,True
22,58,552,622,70,True
24,52,552,637,85,True
27,61,552,637,85,True
37,59,552,637,85,True
38,62,552,637,85,True
41,56,552,622,70,True
43,55,552,637,85,True
70,48,552,604,52,True
71,59,552,604,52,True
73,63,552,604,52,True
80,64,552,649,97,True
84,51,552,618,66,True
88,64,552,687,135,True
91,71,552,637,85,True
2,61,553,637,84,True
7,66,553,622,69,True
12,55,553,653,100,True
13,50,553,637,84,True
18,54,553,637,84,True
19,62,553,637,84,True
24,53,553,637,84,True
25,51,553,637,84,True
44,58,553,637,84,True
46,50,553,637,84,True
49,55,553,637,84,True
64,56,553,604,51,True
81,64,553,604,51,True
95,54,553,604,51,True
98,69,553,622,69,True
13,51,554,637,83,True
15,51,554,637,83,True
19,63,554,637,83,True
26,55,554,637,83,True
33,48,554,637,83,True
46,51,554,637,83,True
52,71,554,622,68,True
85,52,554,622,68,True
95,55,554,618,64,True
98,70,554,622,68,True
0,50,555,637,82,True
17,44,555,637,82,True
19,64,555,637,82,True
21,61,555,637,82,True
36,58,555,637,82,True
41,57,555,637,82,True
57,58,555,604,49,True
82,65,555,649,94,True
85,53,555,622,67,True
86,56,555,649,94,True
93,57,555,604,49,True
3,57,556,669,113,True
10,61,556,637,81,True
12,56,556,653,97,True
15,52,556,637,81,True
30,62,556,637,81,True
41,58,556,637,81,True
47,63,556,637,81,True
48,61,556,690,134,True
58,63,556,604,48,True
73,64,556,618,62,True
86,57,556,649,93,True
96,49,556,604,48,True
97,54,556,622,66,True
21,62,557,690,133,True
36,59,557,637,80,True
60,46,557,649,92,True
69,66,557,649,92,True
75,57,557,604,47,True
91,72,557,637,80,True
97,55,557,622,65,True
20,56,558,637,79,True
30,63,558,637,79,True
36,60,558,637,79,True
59,65,558,604,46,True
67,60,558,618,60,True
70,49,558,618,60,True
74,62,558,618,60,True
76,53,558,637,79,True
79,47,558,604,46,True
87,55,558,622,64,True
98,71,558,622,64,True
4,59,559,637,78,True
13,52,559,637,78,True
19,65,559,637,78,True
25,52,559,637,78,True
41,59,559,637,78,True
42,46,559,690,131,True
54,66,559,604,45,True
83,49,559,604,45,True
84,52,559,618,59,True
88,65,559,687,128,True
90,72,559,637,78,True
3,58,560,669,109,True
6,53,560,690,130,True
10,62,560,637,77,True
23,55,560,637,77,True
25,53,560,637,77,True
31,44,560,637,77,True
46,52,560,690,130,True
52,72,560,622,62,True
68,51,560,604,44,True
77,62,560,622,62,True
22,59,561,622,61,True
29,52,561,637,76,True
39,50,561,637,76,True
47,64,561,637,76,True
59,66,561,618,57,True
62,53,561,604,43,True
70,50,561,618,57,True
83,50,561,604,43,True
87,56,561,622,61,True
91,73,561,637,76,True
5,51,562,637,75,True
11,44,562,637,75,True
21,63,562,690,128,True
22,60,562,637,75,True
39,51,562,637,75,True
40,61,562,690,128,True
47,65,562,637,75,True
76,54,562,637,75,True
78,46,562,649,87,True
93,58,562,604,42,True
4,60,563,637,74,True
11,45,563,637,74,True
12,57,563,653,90,True
24,54,563,653,90,True
32,53,563,637,74,True
40,62,563,690,127,True
49,56,563,637,74,True
50,62,563,604,41,True
51,56,563,649,86,True
54,67,563,604,41,True
66,55,563,604,41,True
72,38,563,622,59,True
78,47,563,649,86,True
95,56,563,618,55,True
99,57,563,622,59,True
30,64,564,637,73,True
36,61,564,637,73,True
40,63,564,690,126,True
56,62,564,618,54,True
68,52,564,604,40,True
82,66,564,649,85,True
90,73,564,637,73,True
92,48,564,637,73,True
2,62,565,637,72,True
9,42,565,637,72,True
18,55,565,637,72,True
32,54,565,637,72,True
35,48,565,690,125,True
39,52,565,637,72,True
41,60,565,637,72,True
48,62,565,690,125,True
68,53,565,605,40,True
71,60,565,604,39,True
72,39,565,622,57,True
82,67,565,649,84,True
2,63,566,637,71,True
8,51,566,669,103,True
11,46,566,637,71,True
23,56,566,637,71,True
28,51,566,669,103,True
39,53,566,637,71,True
51,57,566,649,83,True
74,63,566,618,52,True
5,52,567,637,70,True
6,54,567,690,123,True
17,45,567,637,70,True
22,61,567,637,70,True
27,62,567,637,70,True
67,61,567,618,51,True
70,51,567,618,51,True
84,53,567,618,51,True
7,67,568,637,69,True
53,48,568,605,37,True
56,63,568,618,50,True
57,59,568,637,69,True
77,63,568,622,54,True
91,74,568,637,69,True
98,72,568,622,54,True
14,54,569,690,121,True
18,56,569,637,68,True
34,62,569,653,84,True
45,47,569,690,121,True
48,63,569,690,121,True
64,57,569,604,35,True
74,64,569,618,49,True
88,66,569,687,118,True
21,64,570,690,120,True
23,57,570,637,67,True
26,56,570,637,67,True
36,62,570,637,67,True
41,61,570,637,67,True
53,49,570,605,35,True
55,51,570,637,67,True
60,47,570,649,79,True
64,58,570,604,34,True
77,64,570,622,52,True
82,68,570,649,79,True
92,49,570,637,67,True
1,65,571,637,66,True
14,55,571,690,119,True
15,53,571,653,82,True
22,62,571,637,66,True
57,60,571,637,66,True
77,65,571,622,51,True
83,51,571,687,116,True
85,54,571,622,51,True
96,50,571,637,66,True
99,58,571,622,51,True
10,63,572,669,97,True
20,57,572,653,81,True
29,53,572,653,81,True
38,63,572,669,97,True
41,62,572,637,65,True
49,57,572,637,65,True
51,58,572,649,77,True
53,50,572,605,33,True
63,53,572,622,50,True
65,55,572,618,46,True
96,51,572,637,65,True
2,64,573,653,80,True
8,52,573,669,96,True
10,64,573,669,96,True
15,54,573,653,80,True
34,63,573,690,117,True
38,64,573,669,96,True
47,66,573,653,80,True
50,63,573,637,64,True
64,59,573,605,32,True
66,56,573,622,49,True
69,67,573,649,76,True
93,59,573,622,49,True
98,73,573,622,49,True
99,59,573,622,49,True
3,59,574,690,116,True
13,53,574,690,116,True
17,46,574,690,116,True
22,63,574,637,63,True
26,57,574,653,79,True
28,52,574,669,95,True
40,64,574,690,116,True
48,64,574,690,116,True
53,51,574,605,31,True
61,55,574,637,63,True
67,62,574,649,75,True
68,54,574,622,48,True
80,65,574,649,75,True
7,68,575,637,62,True
12,58,575,653,78,True
20,58,575,653,78,True
58,64,575,637,62,True
71,61,575,605,30,True
77,66,575,622,47,True
78,48,575,649,74,True
6,55,576,690,114,True
17,47,576,690,114,True
19,66,576,637,61,True
33,49,576,690,114,True
41,63,576,637,61,True
52,73,576,659,83,True
64,60,576,618,42,True
69,68,576,649,73,True
76,55,576,637,61,True
85,55,576,622,46,True
97,56,576,637,61,True
20,59,577,653,76,True
22,64,577,637,60,True
32,55,577,690,113,True
39,54,577,637,60,True
44,59,577,637,60,True
45,48,577,690,113,True
55,52,577,637,60,True
72,40,577,622,45,True
74,65,577,618,41,True
94,65,577,637,60,True
9,43,578,653,75,True
15,55,578,653,75,True
17,48,578,690,112,True
37,60,578,669,91,True
58,65,578,637,59,True
77,67,578,622,44,True
83,52,578,687,109,True
95,57,578,637,59,True
99,60,578,622,44,True
9,44,579,653,74,True
11,47,579,637,58,True
22,65,579,637,58,True
42,47,579,690,111,True
83,53,579,687,108,True
0,51,580,653,73,True
10,65,580,669,89,True
17,49,580,690,110,True
27,63,580,637,57,True
49,58,580,637,57,True
67,63,580,649,69,True
74,66,580,637,57,True
77,68,580,622,42,True
78,49,580,649,69,True
88,67,580,687,107,True
99,61,580,622,42,True
24,55,581,690,109,True
33,50,581,690,109,True
67,64,581,649,68,True
74,67,581,637,56,True
14,56,582,690,108,True
17,50,582,690,108,True
24,56,582,690,108,True
51,59,582,649,67,True
57,61,582,637,55,True
67,65,582,649,67,True
69,69,582,649,67,True
72,41,582,622,40,True
99,62,582,622,40,True
15,56,583,653,70,True
22,66,583,637,54,True
30,65,583,653,70,True
43,56,583,669,86,True
55,53,583,637,54,True
62,54,583,649,66,True
73,65,583,637,54,True
93,60,583,622,39,True
97,57,583,637,54,True
1,66,584,653,69,True
7,69,584,690,106,True
38,65,584,690,106,True
56,64,584,637,53,True
59,67,584,637,53,True
80,66,584,649,65,True
87,57,584,637,53,True
91,75,584,637,53,True
94,66,584,637,53,True
24,57,585,690,105,True
49,59,585,653,68,True
62,55,585,649,64,True
67,66,585,649,64,True
70,52,585,687,102,True
71,62,585,622,37,True
72,42,585,687,102,True
82,69,585,649,64,True
89,57,585,649,64,True
90,74,585,649,64,True
27,64,586,637,51,True
43,57,586,690,104,True
57,62,586,637,51,True
66,57,586,649,63,True
67,67,586,649,63,True
71,63,586,622,36,True
10,66,587,669,82,True
15,57,587,653,66,True
23,58,587,637,50,True
27,65,587,637,50,True
31,45,587,653,66,True
36,63,587,653,66,True
41,64,587,669,82,True
61,56,587,649,62,True
65,56,587,637,50,True
71,64,587,622,35,True
77,69,587,622,35,True
4,61,588,653,65,True
19,67,588,669,81,True
25,54,588,690,102,True
26,58,588,653,65,True
47,67,588,690,102,True
77,70,588,622,34,True
87,58,588,637,49,True
89,58,588,649,61,True
93,61,588,649,61,True
4,62,589,653,64,True
14,57,589,690,101,True
22,67,589,669,80,True
28,53,589,690,101,True
30,66,589,653,64,True
42,48,589,690,101,True
56,65,589,637,48,True
58,66,589,649,60,True
59,68,589,637,48,True
63,54,589,637,48,True
65,57,589,637,48,True
77,71,589,622,33,True
85,56,589,649,60,True
11,48,590,653,63,True
15,58,590,690,100,True
25,55,590,690,100,True
29,54,590,690,100,True
37,61,590,690,100,True
57,63,590,637,47,True
81,65,590,649,59,True
88,68,590,687,97,True
94,67,590,637,47,True
95,58,590,637,47,True
12,59,591,653,62,True
14,58,591,690,99,True
19,68,591,669,78,True
49,60,591,653,62,True
56,66,591,637,46,True
68,55,591,687,96,True
80,67,591,649,58,True
10,67,592,669,77,True
24,58,592,690,98,True
25,56,592,690,98,True
31,46,592,653,61,True
52,74,592,659,67,True
54,68,592,637,45,True
55,54,592,649,57,True
87,59,592,649,57,True
96,52,592,637,45,True
22,68,593,669,76,True
33,51,593,690,97,True
35,49,593,690,97,True
65,58,593,637,44,True
67,68,593,687,94,True
81,66,593,649,56,True
84,54,593,637,44,True
95,59,593,687,94,True
98,74,593,637,44,True
10,68,594,669,75,True
11,49,594,669,75,True
14,59,594,690,96,True
35,50,594,690,96,True
38,66,594,690,96,True
52,75,594,659,65,True
55,55,594,649,55,True
78,50,594,649,55,True
80,68,594,649,55,True
97,58,594,659,65,True
12,60,595,653,58,True
31,47,595,653,58,True
37,62,595,690,95,True
49,61,595,653,58,True
60,48,595,649,54,True
66,58,595,649,54,True
69,70,595,649,54,True
70,53,595,687,92,True
71,65,595,649,54,True
75,58,595,649,54,True
78,51,595,649,54,True
86,58,595,649,54,True
0,52,596,690,94,True
18,57,596,690,94,True
28,54,596,690,94,True
33,52,596,690,94,True
54,69,596,649,53,True
65,59,596,637,41,True
69,71,596,649,53,True
72,43,596,687,91,True
77,72,596,687,91,True
82,70,596,649,53,True
83,54,596,687,91,True
97,59,596,659,63,True
1,67,597,690,93,True
3,60,597,690,93,True
33,53,597,690,93,True
42,49,597,690,93,True
48,65,597,690,93,True
50,64,597,649,52,True
64,61,597,687,90,True
68,56,597,687,90,True
69,72,597,649,52,True
88,69,597,687,90,True
89,59,597,687,90,True
98,75,597,637,40,True
2,65,598,690,92,True
7,70,598,690,92,True
14,60,598,690,92,True
18,58,598,690,92,True
22,69,598,669,71,True
57,64,598,653,55,True
59,69,598,637,39,True
81,67,598,649,51,True
89,60,598,687,89,True
7,71,599,690,91,True
8,53,599,690,91,True
9,45,599,690,91,True
23,59,599,653,54,True
28,55,599,690,91,True
56,67,599,649,50,True
76,56,599,649,50,True
97,60,599,659,60,True
0,53,600,707,107,True
10,69,600,690,90,True
24,59,600,690,90,True
28,56,600,690,90,True
44,60,600,690,90,True
61,57,600,649,49,True
66,59,600,649,49,True
67,69,600,687,87,True
68,57,600,687,87,True
73,66,600,649,49,True
81,68,600,649,49,True
0,54,601,707,106,True
4,63,601,690,89,True
16,64,601,690,89,True
17,51,601,690,89,True
27,66,601,653,52,True
28,57,601,690,89,True
35,51,601,690,89,True
61,58,601,717,116,True
63,55,601,637,36,True
69,73,601,717,116,True
94,68,601,687,86,True
95,60,601,687,86,True
1,68,602,690,88,True
6,56,602,690,88,True
28,58,602,690,88,True
46,53,602,690,88,True
50,65,602,649,47,True
51,60,602,649,47,True
62,56,602,687,85,True
65,60,602,687,85,True
80,69,602,649,47,True
85,57,602,649,47,True
88,70,602,687,85,True
95,61,602,687,85,True
22,70,603,669,66,True
30,67,603,653,50,True
46,54,603,690,87,True
53,52,603,649,46,True
57,65,603,653,50,True
77,73,603,687,84,True
81,69,603,649,46,True
90,75,603,687,84,True
91,76,603,687,84,True
10,70,604,690,86,True
14,61,604,690,86,True
16,65,604,690,86,True
31,48,604,690,86,True
40,65,604,690,86,True
63,56,604,669,65,True
69,74,604,717,113,True
82,71,604,649,45,True
83,55,604,687,83,True
91,77,604,687,83,True
6,57,605,690,85,True
46,55,605,690,85,True
55,56,605,649,44,True
60,49,605,717,112,True
62,57,605,687,82,True
82,72,605,649,44,True
5,53,606,690,84,True
7,72,606,690,84,True
22,71,606,690,84,True
24,60,606,690,84,True
27,67,606,653,47,True
30,68,606,690,84,True
58,67,606,687,81,True
73,67,606,649,43,True
83,56,606,687,81,True
84,55,606,649,43,True
88,71,606,687,81,True
92,50,606,687,81,True
12,61,607,690,83,True
13,54,607,690,83,True
17,52,607,690,83,True
18,59,607,690,83,True
19,69,607,690,83,True
29,55,607,690,83,True
34,64,607,690,83,True
44,61,607,690,83,True
57,66,607,653,46,True
65,61,607,687,80,True
78,52,607,649,42,True
84,56,607,649,42,True
86,59,607,725,118,True
2,66,608,690,82,True
5,54,608,690,82,True
12,62,608,690,82,True
21,65,608,690,82,True
24,61,608,690,82,True
25,57,608,690,82,True
35,52,608,690,82,True
47,68,608,690,82,True
48,66,608,690,82,True
49,62,608,690,82,True
69,75,608,717,109,True
73,68,608,687,79,True
85,58,608,649,41,True
14,62,609,690,81,True
16,66,609,690,81,True
34,65,609,690,81,True
38,67,609,690,81,True
43,58,609,690,81,True
62,58,609,687,78,True
65,62,609,687,78,True
84,57,609,687,78,True
5,55,610,690,80,True
25,58,610,690,80,True
30,69,610,690,80,True
36,64,610,690,80,True
44,62,610,690,80,True
79,48,610,687,77,True
90,76,610,687,77,True
93,62,610,649,39,True
98,76,610,687,77,True
12,63,611,690,79,True
28,59,611,690,79,True
39,55,611,690,79,True
56,68,611,687,76,True
77,74,611,687,76,True
78,53,611,659,48,True
85,59,611,649,38,True
96,53,611,687,76,True
4,64,612,690,78,True
8,54,612,690,78,True
11,50,612,690,78,True
23,60,612,690,78,True
36,65,612,690,78,True
62,59,612,687,75,True
82,73,612,717,105,True
84,58,612,687,75,True
88,72,612,687,75,True
96,54,612,687,75,True
14,63,613,690,77,True
21,66,613,690,77,True
31,49,613,690,77,True
45,49,613,690,77,True
67,70,613,687,74,True
91,78,613,687,74,True
94,69,613,687,74,True
95,62,613,687,74,True
98,77,613,687,74,True
7,73,614,690,76,True
36,66,614,690,76,True
40,66,614,707,93,True
56,69,614,717,103,True
64,62,614,687,73,True
87,60,614,687,73,True
2,67,615,690,75,True
10,71,615,690,75,True
13,55,615,707,92,True
19,70,615,690,75,True
25,59,615,707,92,True
45,50,615,690,75,True
53,53,615,687,72,True
65,63,615,717,102,True
66,60,615,717,102,True
79,49,615,687,72,True
2,68,616,690,74,True
8,55,616,690,74,True
31,50,616,690,74,True
33,54,616,690,74,True
37,63,616,690,74,True
44,63,616,690,74,True
68,58,616,687,71,True
78,54,616,659,43,True
80,70,616,717,101,True
87,61,616,687,71,True
9,46,617,690,73,True
13,56,617,707,90,True
14,64,617,690,73,True
18,60,617,690,73,True
33,55,617,690,73,True
41,65,617,690,73,True
67,71,617,717,100,True
79,50,617,725,108,True
81,70,617,687,70,True
84,59,617,687,70,True
5,56,618,690,72,True
19,71,618,690,72,True
34,66,618,723,105,True
49,63,618,690,72,True
51,61,618,687,69,True
56,70,618,717,99,True
66,61,618,717,99,True
76,57,618,687,69,True
81,71,618,687,69,True
95,63,618,687,69,True
6,58,619,707,88,True
11,51,619,690,71,True
24,62,619,707,88,True
54,70,619,687,68,True
62,60,619,687,68,True
66,62,619,717,98,True
68,59,619,687,68,True
72,44,619,687,68,True
73,69,619,687,68,True
85,60,619,687,68,True
0,55,620,707,87,True
18,61,620,690,70,True
19,72,620,690,70,True
22,72,620,690,70,True
30,70,620,690,70,True
32,56,620,690,70,True
35,53,620,690,70,True
53,54,620,687,67,True
68,60,620,687,67,True
79,51,620,725,105,True
81,72,620,687,67,True
89,61,620,717,97,True
14,65,621,690,69,True
16,67,621,690,69,True
22,73,621,690,69,True
44,64,621,690,69,True
74,68,621,687,66,True
81,73,621,687,66,True
93,63,621,687,66,True
11,52,622,690,68,True
23,61,622,690,68,True
39,56,622,707,85,True
49,64,622,690,68,True
52,76,622,717,95,True
56,71,622,717,95,True
80,71,622,717,95,True
83,57,622,687,65,True
90,77,622,717,95,True
94,70,622,753,131,True
99,63,622,687,65,True
9,47,623,690,67,True
10,72,623,690,67,True
18,62,623,690,67,True
19,73,623,690,67,True
34,67,623,723,100,True
51,62,623,687,64,True
52,77,623,717,94,True
67,72,623,717,94,True
76,58,623,687,64,True
77,75,623,687,64,True
85,61,623,687,64,True
88,73,623,687,64,True
92,51,623,717,94,True
28,60,624,765,141,True
30,71,624,690,66,True
53,55,624,687,63,True
59,70,624,687,63,True
67,73,624,717,93,True
68,61,624,687,63,True
78,55,624,717,93,True
89,62,624,717,93,True
14,66,625,690,65,True
31,51,625,690,65,True
38,68,625,690,65,True
56,72,625,717,92,True
57,67,625,687,62,True
58,68,625,717,92,True
66,63,625,717,92,True
69,76,625,717,92,True
73,70,625,717,92,True
74,69,625,717,92,True
81,74,625,687,62,True
84,60,625,687,62,True
89,63,625,717,92,True
94,71,625,753,128,True
11,53,626,690,64,True
27,68,626,690,64,True
48,67,626,707,81,True
56,73,626,717,91,True
57,68,626,687,61,True
71,66,626,687,61,True
74,70,626,717,91,True
9,48,627,690,63,True
18,63,627,690,63,True
20,60,627,690,63,True
21,67,627,690,63,True
25,60,627,707,80,True
38,69,627,707,80,True
40,67,627,707,80,True
63,57,627,669,42,True
68,62,627,687,60,True
71,67,627,687,60,True
82,74,627,717,90,True
85,62,627,687,60,True
87,62,627,687,60,True
0,56,628,707,79,True
9,49,628,690,62,True
11,54,628,690,62,True
14,67,628,690,62,True
15,59,628,690,62,True
18,64,628,690,62,True
32,57,628,723,95,True
34,68,628,723,95,True
35,54,628,707,79,True
39,57,628,707,79,True
52,78,628,717,89,True
53,56,628,687,59,True
55,57,628,687,59,True
63,58,628,669,41,True
85,63,628,687,59,True
86,60,628,725,97,True
90,78,628,717,89,True
95,64,628,717,89,True
7,74,629,690,61,True
39,58,629,707,78,True
41,66,629,690,61,True
52,79,629,717,88,True
53,57,629,687,58,True
57,69,629,687,58,True
73,71,629,717,88,True
83,58,629,687,58,True
98,78,629,687,58,True
28,61,630,765,135,True
30,72,630,690,60,True
33,56,630,707,77,True
40,68,630,707,77,True
50,66,630,687,57,True
55,58,630,687,57,True
64,63,630,717,87,True
72,45,630,687,57,True
79,52,630,725,95,True
37,64,631,707,76,True
45,51,631,723,92,True
55,59,631,687,56,True
82,75,631,717,86,True
84,61,631,687,56,True
92,52,631,717,86,True
97,61,631,765,134,True
7,75,632,690,58,True
13,57,632,707,75,True
23,62,632,690,58,True
27,69,632,690,58,True
34,69,632,723,91,True
41,67,632,690,58,True
43,59,632,723,91,True
49,65,632,690,58,True
67,74,632,717,85,True
72,46,632,687,55,True
89,64,632,725,93,True
18,65,633,690,57,True
21,68,633,690,57,True
30,73,633,690,57,True
34,70,633,723,90,True
46,56,633,723,90,True
69,77,633,717,84,True
72,47,633,687,54,True
78,56,633,717,84,True
87,63,633,687,54,True
97,62,633,765,132,True
7,76,634,690,56,True
20,61,634,690,56,True
39,59,634,707,73,True
69,78,634,717,83,True
74,71,634,717,83,True
78,57,634,717,83,True
81,75,634,687,53,True
12,64,635,707,72,True
16,68,635,690,55,True
21,69,635,723,88,True
33,57,635,723,88,True
54,71,635,687,52,True
59,71,635,717,82,True
69,79,635,717,82,True
78,58,635,717,82,True
80,72,635,717,82,True
86,61,635,725,90,True
0,57,636,707,71,True
15,60,636,690,54,True
20,62,636,690,54,True
30,74,636,690,54,True
48,68,636,707,71,True
54,72,636,687,51,True
62,61,636,717,81,True
73,72,636,717,81,True
77,76,636,717,81,True
84,62,636,717,81,True
2,69,637,707,70,True
19,74,637,690,53,True
20,63,637,690,53,True
24,63,637,707,70,True
33,58,637,723,86,True
35,55,637,707,70,True
36,67,637,690,53,True
52,80,637,765,128,True
60,50,637,717,80,True
62,62,637,717,80,True
67,75,637,717,80,True
74,72,637,717,80,True
84,63,637,717,80,True
93,64,637,687,50,True
2,70,638,707,69,True
16,69,638,690,52,True
47,69,638,707,69,True
49,66,638,690,52,True
78,59,638,717,79,True
83,59,638,687,49,True
90,79,638,753,115,True
98,79,638,687,49,True
17,53,639,707,68,True
18,66,639,690,51,True
25,61,639,707,68,True
28,62,639,765,126,True
55,60,639,717,78,True
57,70,639,687,48,True
80,73,639,717,78,True
98,80,639,687,48,True
7,77,640,723,83,True
28,63,640,765,125,True
32,58,640,723,83,True
33,59,640,723,83,True
36,68,640,707,67,True
45,52,640,723,83,True
64,64,640,717,77,True
78,60,640,717,77,True
85,64,640,687,47,True
10,73,641,723,82,True
16,70,641,690,49,True
17,54,641,707,66,True
18,67,641,690,49,True
25,62,641,707,66,True
63,59,641,717,76,True
80,74,641,717,76,True
90,80,641,753,112,True
96,55,641,717,76,True
6,59,642,707,65,True
20,64,642,690,48,True
49,67,642,690,48,True
75,59,642,717,75,True
76,59,642,717,75,True
85,65,642,687,45,True
98,81,642,717,75,True
22,74,643,690,47,True
24,64,643,707,64,True
26,59,643,707,64,True
29,56,643,707,64,True
48,69,643,723,80,True
63,60,643,717,74,True
69,80,643,717,74,True
86,62,643,725,82,True
89,65,643,725,82,True
95,65,643,717,74,True
96,56,643,717,74,True
99,64,643,717,74,True
0,58,644,707,63,True
12,65,644,707,63,True
26,60,644,707,63,True
34,71,644,723,79,True
37,65,644,707,63,True
55,61,644,717,73,True
83,60,644,687,43,True
90,81,644,753,109,True
93,65,644,687,43,True
13,58,645,707,62,True
18,68,645,707,62,True
27,70,645,707,62,True
39,60,645,707,62,True
40,69,645,723,78,True
44,65,645,690,45,True
45,53,645,723,78,True
50,67,645,717,72,True
55,62,645,717,72,True
60,51,645,717,72,True
66,64,645,717,72,True
85,66,645,725,80,True
12,66,646,707,61,True
17,55,646,707,61,True
34,72,646,723,77,True
46,57,646,723,77,True
50,68,646,717,71,True
55,63,646,717,71,True
70,54,646,717,71,True
1,69,647,707,60,True
15,61,647,707,60,True
18,69,647,707,60,True
27,71,647,707,60,True
41,68,647,723,76,True
42,50,647,707,60,True
69,81,647,717,70,True
72,48,647,717,70,True
1,70,648,707,59,True
4,65,648,707,59,True
8,56,648,765,117,True
29,57,648,707,59,True
31,52,648,707,59,True
32,59,648,723,75,True
36,69,648,707,59,True
42,51,648,707,59,True
51,63,648,717,69,True
74,73,648,717,69,True
90,82,648,753,105,True
95,66,648,717,69,True
99,65,648,717,69,True
3,61,649,723,74,True
5,57,649,707,58,True
15,62,649,707,58,True
16,71,649,690,41,True
17,56,649,707,58,True
20,65,649,707,58,True
24,65,649,707,58,True
25,63,649,707,58,True
29,58,649,707,58,True
32,60,649,723,74,True
62,63,649,725,76,True
65,64,649,717,68,True
76,60,649,717,68,True
85,67,649,725,76,True
91,79,649,725,76,True
6,60,650,723,73,True
21,70,650,723,73,True
32,61,650,723,73,True
36,70,650,707,57,True
62,64,650,725,75,True
67,76,650,725,75,True
70,55,650,717,67,True
6,61,651,723,72,True
7,78,651,723,72,True
33,60,651,723,72,True
38,70,651,765,114,True
43,60,651,723,72,True
45,54,651,723,72,True
56,74,651,717,66,True
70,56,651,717,66,True
85,68,651,725,74,True
93,66,651,717,66,True
1,71,652,707,55,True
6,62,652,723,71,True
22,75,652,690,38,True
25,64,652,707,55,True
29,59,652,723,71,True
40,70,652,723,71,True
63,61,652,717,65,True
72,49,652,717,65,True
2,71,653,707,54,True
4,66,653,707,54,True
15,63,653,707,54,True
16,72,653,690,37,True
35,56,653,707,54,True
36,71,653,707,54,True
77,77,653,717,64,True
88,74,653,717,64,True
2,72,654,707,53,True
11,55,654,707,53,True
22,76,654,690,36,True
33,61,654,723,69,True
44,66,654,707,53,True
49,68,654,707,53,True
51,64,654,717,63,True
59,72,654,717,63,True
61,59,654,725,71,True
63,62,654,717,63,True
94,72,654,753,99,True
97,63,654,765,111,True
98,82,654,717,63,True
99,66,654,717,63,True
6,63,655,723,68,True
8,57,655,765,110,True
10,74,655,723,68,True
25,65,655,707,52,True
66,65,655,717,62,True
68,63,655,717,62,True
81,76,655,717,62,True
27,72,656,707,51,True
29,60,656,723,67,True
41,69,656,723,67,True
58,69,656,725,69,True
85,69,656,725,69,True
92,53,656,725,69,True
29,61,657,723,66,True
30,75,657,707,50,True
66,66,657,717,60,True
70,57,657,717,60,True
77,78,657,717,60,True
82,76,657,753,96,True
83,61,657,725,68,True
88,75,657,753,96,True
1,72,658,707,49,True
3,62,658,723,65,True
11,56,658,723,65,True
13,59,658,765,107,True
17,57,658,723,65,True
25,66,658,723,65,True
36,72,658,707,49,True
81,77,658,717,59,True
90,83,658,753,95,True
97,64,658,765,107,True
31,53,659,707,48,True
48,70,659,723,64,True
55,64,659,725,66,True
58,70,659,725,66,True
73,73,659,717,58,True
88,76,659,753,94,True
96,57,659,717,58,True
0,59,660,723,63,True
11,57,660,723,63,True
14,68,660,765,105,True
27,73,660,707,47,True
41,70,660,723,63,True
71,68,660,717,57,True
88,77,660,753,93,True
89,66,660,725,65,True
10,75,661,723,62,True
11,58,661,723,62,True
28,64,661,765,104,True
30,76,661,707,46,True
62,65,661,725,64,True
76,61,661,717,56,True
81,78,661,717,56,True
90,84,661,753,92,True
93,67,661,717,56,True
2,73,662,707,45,True
3,63,662,723,61,True
21,71,662,723,61,True
32,62,662,723,61,True
35,57,662,723,61,True
38,71,662,765,103,True
59,73,662,717,55,True
79,53,662,725,63,True
81,79,662,717,55,True
87,64,662,725,63,True
88,78,662,753,91,True
97,65,662,765,103,True
10,76,663,723,60,True
18,70,663,707,44,True
20,66,663,723,60,True
23,63,663,707,44,True
44,67,663,707,44,True
48,71,663,723,60,True
59,74,663,717,54,True
60,52,663,725,62,True
61,60,663,725,62,True
73,74,663,717,54,True
76,62,663,717,54,True
87,65,663,725,62,True
97,66,663,765,102,True
99,67,663,717,54,True
18,71,664,707,43,True
22,77,664,735,71,True
25,67,664,723,59,True
31,54,664,707,43,True
51,65,664,717,53,True
53,58,664,725,61,True
72,50,664,717,53,True
74,74,664,717,53,True
80,75,664,725,61,True
86,63,664,725,61,True
87,66,664,725,61,True
98,83,664,717,53,True
15,64,665,707,42,True
16,73,665,723,58,True
46,58,665,765,100,True
56,75,665,717,52,True
66,67,665,717,52,True
67,77,665,725,60,True
71,69,665,725,60,True
77,79,665,725,60,True
96,58,665,717,52,True
0,60,666,723,57,True
18,72,666,723,57,True
28,65,666,765,99,True
50,69,666,725,59,True
61,61,666,725,59,True
66,68,666,717,51,True
68,64,666,725,59,True
85,70,666,725,59,True
5,58,667,723,56,True
6,64,667,723,56,True
26,61,667,707,40,True
41,71,667,723,56,True
44,68,667,707,40,True
45,55,667,723,56,True
74,75,667,717,50,True
76,63,667,753,86,True
96,59,667,717,50,True
98,84,667,717,50,True
8,58,668,765,97,True
9,50,668,723,55,True
11,59,668,723,55,True
12,67,668,725,57,True
29,62,668,723,55,True
52,81,668,765,97,True
56,76,668,717,49,True
60,53,668,725,57,True
66,69,668,717,49,True
78,61,668,717,49,True
81,80,668,725,57,True
94,73,668,753,85,True
5,59,669,723,54,True
17,58,669,723,54,True
28,66,669,765,96,True
33,62,669,765,96,True
37,66,669,765,96,True
42,52,669,723,54,True
51,66,669,753,84,True
52,82,669,765,96,True
56,77,669,717,48,True
57,71,669,725,56,True
60,54,669,725,56,True
84,64,669,717,48,True
91,80,669,725,56,True
3,64,670,783,113,True
15,65,670,723,53,True
37,67,670,765,95,True
48,72,670,723,53,True
71,70,670,725,55,True
79,54,670,725,55,True
93,68,670,725,55,True
2,74,671,783,112,True
12,68,671,725,54,True
25,68,671,723,52,True
9,51,672,723,51,True
12,69,672,725,53,True
21,72,672,723,51,True
31,55,672,707,35,True
37,68,672,765,93,True
57,72,672,725,53,True
71,71,672,753,81,True
72,51,672,725,53,True
80,76,672,725,53,True
87,67,672,725,53,True
5,60,673,723,50,True
13,60,673,765,92,True
40,71,673,723,50,True
54,73,673,725,52,True
57,73,673,725,52,True
64,65,673,725,52,True
86,64,673,753,80,True
44,69,674,707,33,True
45,56,674,765,91,True
48,73,674,765,91,True
55,65,674,725,51,True
61,62,674,725,51,True
62,66,674,725,51,True
69,82,674,753,79,True
78,62,674,717,43,True
96,60,674,717,43,True
9,52,675,723,48,True
17,59,675,723,48,True
23,64,675,707,32,True
33,63,675,765,90,True
51,67,675,753,78,True
64,66,675,725,50,True
86,65,675,753,78,True
94,74,675,753,78,True
6,65,676,765,89,True
9,53,676,723,47,True
14,69,676,765,89,True
18,73,676,723,47,True
20,67,676,723,47,True
35,58,676,723,47,True
39,61,676,765,89,True
40,72,676,765,89,True
41,72,676,735,59,True
74,76,676,753,77,True
80,77,676,753,77,True
92,54,676,725,49,True
95,67,676,725,49,True
38,72,677,765,88,True
48,74,677,765,88,True
62,67,677,725,48,True
67,78,677,753,76,True
69,83,677,753,76,True
88,79,677,753,76,True
96,61,677,753,76,True
4,67,678,765,87,True
6,66,678,765,87,True
15,66,678,723,45,True
40,73,678,765,87,True
43,61,678,765,87,True
45,57,678,765,87,True
49,69,678,707,29,True
52,83,678,765,87,True
66,70,678,725,47,True
75,60,678,753,75,True
76,64,678,753,75,True
77,80,678,725,47,True
79,55,678,753,75,True
91,81,678,725,47,True
5,61,679,765,86,True
6,67,679,765,86,True
21,73,679,783,104,True
23,65,679,707,28,True
39,62,679,765,86,True
84,65,679,753,74,True
4,68,680,765,85,True
31,56,680,723,43,True
41,73,680,765,85,True
60,55,680,753,73,True
68,65,680,767,87,True
71,72,680,753,73,True
78,63,680,753,73,True
80,78,680,753,73,True
89,67,680,785,105,True
1,73,681,765,84,True
3,65,681,783,102,True
41,74,681,765,84,True
46,59,681,765,84,True
54,74,681,753,72,True
69,84,681,753,72,True
77,81,681,725,44,True
11,60,682,765,83,True
42,53,682,765,83,True
43,62,682,765,83,True
47,70,682,783,101,True
70,58,682,753,71,True
94,75,682,753,71,True
99,68,682,753,71,True
3,66,683,783,100,True
4,69,683,765,82,True
5,62,683,765,82,True
15,67,683,723,40,True
26,62,683,723,40,True
47,71,683,783,100,True
62,68,683,725,42,True
64,67,683,753,70,True
71,73,683,753,70,True
79,56,683,753,70,True
85,71,683,725,42,True
4,70,684,765,81,True
22,78,684,735,51,True
24,66,684,765,81,True
32,63,684,765,81,True
33,64,684,765,81,True
36,73,684,765,81,True
40,74,684,765,81,True
41,75,684,765,81,True
65,65,684,753,69,True
68,66,684,767,83,True
86,66,684,753,69,True
88,80,684,753,69,True
0,61,685,765,80,True
37,69,685,765,80,True
43,63,685,765,80,True
67,79,685,753,68,True
82,77,685,753,68,True
84,66,685,753,68,True
0,62,686,765,79,True
14,70,686,765,79,True
25,69,686,765,79,True
29,63,686,765,79,True
35,59,686,765,79,True
44,70,686,765,79,True
58,71,686,753,67,True
59,75,686,753,67,True
70,59,686,753,67,True
75,61,686,753,67,True
96,62,686,753,67,True
5,63,687,765,78,True
6,68,687,765,78,True
16,74,687,765,78,True
25,70,687,765,78,True
40,75,687,765,78,True
53,59,687,753,66,True
55,66,687,753,66,True
75,62,687,753,66,True
83,62,687,767,80,True
95,68,687,753,66,True
0,63,688,765,77,True
43,64,688,765,77,True
47,72,688,783,95,True
63,63,688,753,65,True
65,66,688,753,65,True
68,67,688,767,79,True
70,60,688,753,65,True
74,77,688,753,65,True
79,57,688,753,65,True
80,79,688,753,65,True
83,63,688,767,79,True
99,69,688,753,65,True
3,67,689,783,94,True
18,74,689,735,46,True
39,63,689,765,76,True
57,74,689,725,36,True
59,76,689,753,64,True
80,80,689,753,64,True
82,78,689,753,64,True
84,67,689,753,64,True
88,81,689,753,64,True
89,68,689,785,96,True
91,82,689,785,96,True
6,69,690,765,75,True
16,75,690,765,75,True
37,70,690,765,75,True
38,73,690,765,75,True
45,58,690,765,75,True
51,68,690,753,63,True
53,60,690,753,63,True
56,78,690,753,63,True
65,67,690,753,63,True
72,52,690,753,63,True
78,64,690,753,63,True
87,68,690,753,63,True
8,59,691,783,92,True
10,77,691,765,74,True
22,79,691,765,74,True
23,66,691,735,44,True
45,59,691,765,74,True
61,63,691,785,94,True
63,64,691,753,62,True
66,71,691,753,62,True
13,61,692,765,73,True
20,68,692,765,73,True
35,60,692,765,73,True
46,60,692,765,73,True
48,75,692,765,73,True
50,70,692,753,61,True
51,69,692,753,61,True
72,53,692,753,61,True
87,69,692,753,61,True
3,68,693,783,90,True
5,64,693,765,72,True
16,76,693,765,72,True
21,74,693,783,90,True
29,64,693,765,72,True
35,61,693,765,72,True
49,70,693,725,32,True
64,68,693,753,60,True
68,68,693,767,74,True
69,85,693,753,60,True
84,68,693,753,60,True
88,82,693,753,60,True
91,83,693,785,92,True
2,75,694,783,89,True
8,60,694,783,89,True
9,54,694,783,89,True
41,76,694,765,71,True
53,61,694,753,59,True
67,80,694,753,59,True
94,76,694,753,59,True
98,85,694,753,59,True
3,69,695,783,88,True
13,62,695,765,70,True
22,80,695,765,70,True
34,73,695,765,70,True
51,70,695,753,58,True
79,58,695,785,90,True
81,81,695,753,58,True
83,64,695,767,72,True
84,69,695,753,58,True
8,61,696,783,87,True
18,75,696,735,39,True
20,69,696,765,69,True
22,81,696,765,69,True
27,74,696,725,29,True
41,77,696,783,87,True
50,71,696,753,57,True
61,64,696,785,89,True
63,65,696,753,57,True
73,75,696,753,57,True
78,65,696,753,57,True
86,67,696,785,89,True
89,69,696,785,89,True
91,84,696,785,89,True
3,70,697,783,86,True
11,61,697,765,68,True
16,77,697,765,68,True
20,70,697,765,68,True
28,67,697,783,86,True
39,64,697,765,68,True
53,62,697,753,56,True
60,56,697,753,56,True
67,81,697,753,56,True
81,82,697,753,56,True
97,67,697,765,68,True
99,70,697,753,56,True
10,78,698,765,67,True
13,63,698,765,67,True
16,78,698,783,85,True
24,67,698,765,67,True
26,63,698,765,67,True
38,74,698,765,67,True
39,65,698,765,67,True
44,71,698,765,67,True
46,61,698,798,100,True
51,71,698,753,55,True
69,86,698,753,55,True
80,81,698,785,87,True
88,83,698,785,87,True
0,64,699,765,66,True
4,71,699,765,66,True
8,62,699,783,84,True
10,79,699,765,66,True
14,71,699,765,66,True
20,71,699,765,66,True
27,75,699,735,36,True
66,72,699,753,54,True
81,83,699,753,54,True
85,72,699,753,54,True
88,84,699,785,86,True
4,72,700,765,65,True
5,65,700,783,83,True
8,63,700,783,83,True
16,79,700,783,83,True
26,64,700,765,65,True
35,62,700,765,65,True
51,72,700,785,85,True
61,65,700,785,85,True
63,66,700,753,53,True
64,69,700,753,53,True
76,65,700,785,85,True
93,69,700,767,67,True
4,73,701,765,64,True
5,66,701,783,82,True
9,55,701,783,82,True
10,80,701,765,64,True
27,76,701,748,47,True
42,54,701,765,64,True
48,76,701,765,64,True
63,67,701,753,52,True
64,70,701,753,52,True
72,54,701,753,52,True
80,82,701,785,84,True
84,70,701,753,52,True
99,71,701,753,52,True
1,74,702,783,81,True
2,76,702,783,81,True
3,71,702,783,81,True
37,71,702,783,81,True
50,72,702,753,51,True
52,84,702,765,63,True
81,84,702,753,51,True
84,71,702,753,51,True
13,64,703,798,95,True
19,75,703,765,62,True
24,68,703,798,95,True
30,77,703,765,62,True
53,63,703,753,50,True
62,69,703,753,50,True
67,82,703,753,50,True
68,69,703,767,64,True
74,78,703,753,50,True
89,70,703,785,82,True
94,77,703,753,50,True
97,68,703,765,62,True
4,74,704,765,61,True
5,67,704,783,79,True
13,65,704,798,94,True
17,60,704,783,79,True
26,65,704,765,61,True
28,68,704,783,79,True
32,64,704,783,79,True
51,73,704,785,81,True
62,70,704,753,49,True
80,83,704,785,81,True
84,72,704,753,49,True
92,55,704,785,81,True
2,77,705,783,78,True
14,72,705,783,78,True
17,61,705,783,78,True
18,76,705,783,78,True
24,69,705,798,93,True
32,65,705,783,78,True
36,74,705,798,93,True
38,75,705,783,78,True
52,85,705,765,60,True
93,70,705,767,62,True
99,72,705,753,48,True
6,70,706,765,59,True
16,80,706,783,77,True
26,66,706,765,59,True
27,77,706,748,42,True
34,74,706,783,77,True
38,76,706,783,77,True
43,65,706,783,77,True
58,72,706,785,79,True
64,71,706,753,47,True
2,78,707,783,76,True
10,81,707,765,58,True
14,73,707,783,76,True
28,69,707,783,76,True
31,57,707,783,76,True
53,64,707,753,46,True
60,57,707,785,78,True
61,66,707,785,78,True
65,68,707,753,46,True
69,87,707,785,78,True
86,68,707,785,78,True
18,77,708,783,75,True
21,75,708,783,75,True
26,67,708,765,57,True
53,65,708,753,45,True
55,67,708,753,45,True
56,79,708,785,77,True
6,71,709,765,56,True
12,70,709,783,74,True
15,68,709,783,74,True
16,81,709,783,74,True
22,82,709,783,74,True
31,58,709,783,74,True
32,66,709,783,74,True
49,71,709,765,56,True
56,80,709,785,76,True
57,75,709,753,44,True
61,67,709,785,76,True
71,74,709,767,58,True
13,66,710,798,88,True
22,83,710,783,73,True
33,65,710,783,73,True
43,66,710,783,73,True
44,72,710,765,55,True
49,72,710,765,55,True
53,66,710,753,43,True
63,68,710,753,43,True
66,73,710,753,43,True
68,70,710,767,57,True
87,70,710,767,57,True
3,72,711,783,72,True
34,75,711,783,72,True
38,77,711,783,72,True
43,67,711,783,72,True
47,73,711,783,72,True
50,73,711,753,42,True
52,86,711,765,54,True
61,68,711,785,74,True
67,83,711,785,74,True
73,76,711,785,74,True
82,79,711,785,74,True
4,75,712,783,71,True
6,72,712,765,53,True
20,72,712,765,53,True
27,78,712,765,53,True
28,70,712,783,71,True
30,78,712,765,53,True
38,78,712,798,86,True
42,55,712,783,71,True
49,73,712,765,53,True
53,67,712,753,41,True
60,58,712,785,73,True
71,75,712,767,55,True
1,75,713,783,70,True
2,79,713,783,70,True
7,79,713,783,70,True
9,56,713,783,70,True
17,62,713,783,70,True
38,79,713,798,85,True
64,72,713,785,72,True
66,74,713,753,40,True
25,71,714,783,69,True
30,79,714,765,51,True
31,59,714,783,69,True
54,75,714,767,53,True
66,75,714,753,39,True
72,55,714,753,39,True
76,66,714,785,71,True
88,85,714,785,71,True
20,73,715,765,50,True
24,70,715,798,83,True
30,80,715,765,50,True
38,80,715,798,83,True
45,60,715,798,83,True
59,77,715,785,70,True
65,69,715,785,70,True
66,76,715,753,38,True
92,56,715,785,70,True
99,73,715,753,38,True
31,60,716,783,67,True
47,74,716,783,67,True
54,76,716,785,69,True
68,71,716,767,51,True
84,73,716,785,69,True
93,71,716,767,51,True
9,57,717,783,66,True
20,74,717,765,48,True
22,84,717,783,66,True
52,87,717,765,48,True
57,76,717,767,50,True
60,59,717,785,68,True
7,80,718,783,65,True
27,79,718,765,47,True
37,72,718,798,80,True
50,74,718,785,67,True
70,61,718,792,74,True
72,56,718,785,67,True
73,77,718,785,67,True
86,69,718,785,67,True
93,72,718,767,49,True
96,63,718,753,35,True
3,73,719,783,64,True
10,82,719,798,79,True
13,67,719,798,79,True
16,82,719,814,95,True
28,71,719,814,95,True
30,81,719,783,64,True
33,66,719,798,79,True
58,73,719,785,66,True
69,88,719,792,73,True
76,67,719,785,66,True
79,59,719,831,112,True
11,62,720,783,63,True
19,76,720,783,63,True
23,67,720,783,63,True
36,75,720,798,78,True
54,77,720,785,65,True
68,72,720,785,65,True
70,62,720,792,72,True
74,79,720,753,33,True
76,68,720,785,65,True
78,66,720,792,72,True
87,71,720,785,65,True
91,85,720,785,65,True
92,57,720,785,65,True
94,78,720,792,72,True
0,65,721,783,62,True
7,81,721,783,62,True
25,72,721,783,62,True
26,68,721,783,62,True
31,61,721,783,62,True
42,56,721,783,62,True
44,73,721,798,77,True
52,88,721,765,44,True
56,81,721,785,64,True
62,71,721,831,110,True
7,82,722,783,61,True
21,76,722,783,61,True
24,71,722,798,76,True
35,63,722,783,61,True
47,75,722,798,76,True
51,74,722,785,63,True
55,68,722,785,63,True
61,69,722,785,63,True
62,72,722,831,109,True
66,77,722,785,63,True
72,57,722,785,63,True
84,74,722,785,63,True
9,58,723,783,60,True
10,83,723,798,75,True
30,82,723,783,60,True
36,76,723,798,75,True
42,57,723,783,60,True
49,74,723,783,60,True
63,69,723,765,42,True
64,73,723,785,62,True
66,78,723,785,62,True
74,80,723,753,30,True
93,73,723,767,44,True
99,74,723,785,62,True
3,74,724,798,74,True
12,71,724,783,59,True
24,72,724,798,74,True
45,61,724,798,74,True
60,60,724,785,61,True
67,84,724,785,61,True
97,69,724,765,41,True
0,66,725,798,73,True
1,76,725,783,58,True
6,73,725,814,89,True
7,83,725,783,58,True
9,59,725,783,58,True
12,72,725,783,58,True
17,63,725,798,73,True
35,64,725,783,58,True
37,73,725,798,73,True
49,75,725,783,58,True
50,75,725,785,60,True
60,61,725,785,60,True
70,63,725,792,67,True
74,81,725,785,60,True
80,84,725,785,60,True
91,86,725,785,60,True
97,70,725,765,40,True
5,68,726,798,72,True
26,69,726,849,123,True
29,65,726,798,72,True
33,67,726,798,72,True
57,77,726,767,41,True
61,70,726,785,59,True
66,79,726,785,59,True
69,89,726,792,66,True
78,67,726,792,66,True
83,65,726,785,59,True
84,75,726,785,59,True
92,58,726,831,105,True
17,64,727,798,71,True
25,73,727,798,71,True
26,70,727,849,122,True
35,65,727,783,56,True
48,77,727,814,87,True
79,60,727,831,104,True
89,71,727,831,104,True
96,64,727,785,58,True
18,78,728,783,55,True
34,76,728,798,70,True
51,75,728,785,57,True
58,74,728,785,57,True
67,85,728,831,103,True
68,73,728,785,57,True
74,82,728,785,57,True
76,69,728,785,57,True
78,68,728,792,64,True
98,86,728,785,57,True
0,67,729,798,69,True
1,77,729,783,54,True
10,84,729,798,69,True
16,83,729,814,85,True
38,81,729,849,120,True
68,74,729,785,56,True
78,69,729,792,63,True
98,87,729,785,56,True
0,68,730,798,68,True
11,63,730,783,53,True
12,73,730,783,53,True
13,68,730,798,68,True
19,77,730,783,53,True
25,74,730,798,68,True
26,71,730,849,119,True
46,62,730,849,119,True
47,76,730,798,68,True
53,68,730,785,55,True
69,90,730,792,62,True
83,66,730,785,55,True
86,70,730,792,62,True
14,74,731,849,118,True
32,67,731,814,83,True
34,77,731,798,67,True
52,89,731,792,61,True
55,69,731,785,54,True
76,70,731,785,54,True
77,82,731,785,54,True
31,62,732,798,66,True
44,74,732,798,66,True
54,78,732,785,53,True
55,70,732,785,53,True
62,73,732,831,99,True
77,83,732,785,53,True
92,59,732,831,99,True
99,75,732,785,53,True
6,74,733,814,81,True
28,72,733,814,81,True
37,74,733,814,81,True
50,76,733,785,52,True
55,71,733,785,52,True
64,74,733,785,52,True
67,86,733,831,98,True
75,63,733,785,52,True
77,84,733,785,52,True
87,72,733,785,52,True
0,69,734,798,64,True
5,69,734,798,64,True
6,75,734,814,80,True
15,69,734,798,64,True
22,85,734,798,64,True
28,73,734,814,80,True
33,68,734,798,64,True
41,78,734,783,49,True
44,75,734,798,64,True
58,75,734,785,51,True
62,74,734,831,97,True
69,91,734,792,58,True
87,73,734,785,51,True
97,71,734,792,58,True
2,80,735,783,48,True
4,76,735,849,114,True
18,79,735,783,48,True
23,68,735,798,63,True
66,80,735,785,50,True
74,83,735,785,50,True
94,79,735,792,57,True
97,72,735,792,57,True
3,75,736,814,78,True
28,74,736,814,78,True
52,90,736,792,56,True
54,79,736,785,49,True
77,85,736,785,49,True
84,76,736,785,49,True
93,74,736,785,49,True
97,73,736,792,56,True
1,78,737,814,77,True
6,76,737,814,77,True
8,64,737,849,112,True
19,78,737,798,61,True
35,66,737,814,77,True
49,76,737,783,46,True
66,81,737,785,48,True
73,78,737,792,55,True
76,71,737,831,94,True
77,86,737,785,48,True
85,73,737,785,48,True
88,86,737,785,48,True
92,60,737,831,94,True
0,70,738,798,60,True
5,70,738,798,60,True
29,66,738,849,111,True
57,78,738,785,47,True
70,64,738,792,54,True
75,64,738,831,93,True
91,87,738,785,47,True
6,77,739,814,75,True
26,72,739,849,110,True
27,80,739,785,46,True
31,63,739,798,59,True
38,82,739,849,110,True
39,66,739,798,59,True
42,58,739,798,59,True
44,76,739,798,59,True
47,77,739,849,110,True
49,77,739,783,44,True
64,75,739,785,46,True
67,87,739,831,92,True
69,92,739,792,53,True
50,77,740,785,45,True
64,76,740,785,45,True
89,72,740,831,91,True
97,74,740,792,52,True
98,88,740,785,45,True
5,71,741,798,57,True
10,85,741,798,57,True
37,75,741,814,73,True
49,78,741,814,73,True
52,91,741,792,51,True
60,62,741,831,90,True
70,65,741,792,51,True
80,85,741,831,90,True
13,69,742,814,72,True
18,80,742,849,107,True
24,73,742,814,72,True
29,67,742,849,107,True
33,69,742,798,56,True
45,62,742,814,72,True
48,78,742,814,72,True
51,76,742,792,50,True
78,70,742,831,89,True
3,76,743,814,71,True
4,77,743,849,106,True
8,65,743,849,106,True
12,74,743,849,106,True
15,70,743,798,55,True
28,75,743,814,71,True
33,70,743,849,106,True
34,78,743,814,71,True
48,79,743,814,71,True
67,88,743,831,88,True
83,67,743,785,42,True
84,77,743,831,88,True
91,88,743,785,42,True
3,77,744,814,70,True
9,60,744,814,70,True
11,64,744,798,54,True
16,84,744,814,70,True
26,73,744,849,105,True
28,76,744,814,70,True
45,63,744,814,70,True
49,79,744,814,70,True
54,80,744,785,41,True
62,75,744,831,87,True
66,82,744,785,41,True
75,65,744,831,87,True
82,80,744,792,48,True
87,74,744,831,87,True
11,65,745,798,53,True
22,86,745,814,69,True
25,75,745,798,53,True
49,80,745,814,69,True
50,78,745,785,40,True
68,75,745,792,47,True
87,75,745,831,86,True
93,75,745,785,40,True
4,78,746,849,103,True
23,69,746,798,52,True
27,81,746,785,39,True
35,67,746,814,68,True
37,76,746,814,68,True
39,67,746,798,52,True
52,92,746,831,85,True
57,79,746,785,39,True
60,63,746,831,85,True
62,76,746,831,85,True
64,77,746,785,39,True
65,70,746,792,46,True
72,58,746,831,85,True
80,86,746,831,85,True
87,76,746,831,85,True
92,61,746,831,85,True
32,68,747,814,67,True
36,77,747,849,102,True
48,80,747,814,67,True
54,81,747,785,38,True
64,78,747,785,38,True
69,93,747,831,84,True
73,79,747,792,45,True
92,62,747,831,84,True
0,71,748,849,101,True
6,78,748,814,66,True
7,84,748,849,101,True
15,71,748,814,66,True
17,65,748,814,66,True
38,83,748,849,101,True
79,61,748,831,83,True
18,81,749,849,100,True
37,77,749,814,65,True
41,79,749,849,100,True
42,59,749,798,49,True
81,85,749,831,82,True
83,68,749,831,82,True
91,89,749,831,82,True
96,65,749,831,82,True
97,75,749,831,82,True
12,75,750,849,99,True
15,72,750,814,64,True
21,77,750,849,99,True
33,71,750,849,99,True
38,84,750,849,99,True
74,84,750,831,81,True
82,81,750,831,81,True
88,87,750,854,104,True
94,80,750,792,42,True
6,79,751,814,63,True
11,66,751,814,63,True
20,75,751,814,63,True
23,70,751,798,47,True
36,78,751,849,98,True
47,78,751,849,98,True
54,82,751,792,41,True
55,72,751,792,41,True
58,76,751,831,80,True
77,87,751,785,34,True
91,90,751,831,80,True
4,79,752,849,97,True
18,82,752,849,97,True
19,79,752,814,62,True
20,76,752,814,62,True
21,78,752,849,97,True
25,76,752,814,62,True
39,68,752,814,62,True
50,79,752,831,79,True
63,70,752,792,40,True
95,69,752,831,79,True
9,61,753,849,96,True
12,76,753,849,96,True
21,79,753,849,96,True
50,80,753,831,78,True
63,71,753,792,39,True
64,79,753,792,39,True
70,66,753,831,78,True
77,88,753,785,32,True
12,77,754,849,95,True
25,77,754,814,60,True
39,69,754,814,60,True
40,76,754,849,95,True
57,80,754,785,31,True
86,71,754,831,77,True
90,85,754,854,100,True
13,70,755,849,94,True
17,66,755,814,59,True
19,80,755,814,59,True
22,87,755,814,59,True
26,74,755,854,99,True
28,77,755,849,94,True
39,70,755,814,59,True
56,82,755,831,76,True
58,77,755,866,111,True
60,64,755,831,76,True
64,80,755,792,37,True
65,71,755,792,37,True
68,76,755,792,37,True
72,59,755,831,76,True
88,88,755,854,99,True
2,81,756,849,93,True
11,67,756,814,58,True
36,79,756,849,93,True
39,71,756,814,58,True
43,68,756,814,58,True
58,78,756,866,110,True
59,78,756,831,75,True
62,77,756,831,75,True
63,72,756,792,36,True
65,72,756,792,36,True
68,77,756,792,36,True
71,76,756,792,36,True
86,72,756,831,75,True
22,88,757,814,57,True
26,75,757,854,97,True
28,78,757,849,92,True
47,79,757,849,92,True
57,81,757,798,41,True
61,71,757,831,74,True
67,89,757,831,74,True
92,63,757,831,74,True
99,76,757,792,35,True
33,72,758,849,91,True
34,79,758,849,91,True
39,72,758,814,56,True
68,78,758,831,73,True
79,62,758,866,108,True
88,89,758,854,96,True
99,77,758,792,34,True
4,80,759,849,90,True
17,67,759,814,55,True
27,82,759,814,55,True
34,80,759,849,90,True
43,69,759,814,55,True
46,63,759,849,90,True
55,73,759,792,33,True
56,83,759,831,72,True
68,79,759,831,72,True
70,67,759,854,95,True
71,77,759,831,72,True
82,82,759,831,72,True
88,90,759,854,95,True
24,74,760,849,89,True
32,69,760,849,89,True
37,78,760,849,89,True
41,80,760,849,89,True
42,60,760,849,89,True
74,85,760,831,71,True
90,86,760,854,94,True
96,66,760,831,71,True
8,66,761,849,88,True
9,62,761,849,88,True
17,68,761,814,53,True
33,73,761,849,88,True
82,83,761,831,70,True
86,73,761,831,70,True
98,89,761,792,31,True
2,82,762,849,87,True
12,78,762,849,87,True
39,73,762,849,87,True
40,77,762,849,87,True
62,78,762,831,69,True
68,80,762,831,69,True
71,78,762,831,69,True
72,60,762,831,69,True
75,66,762,831,69,True
0,72,763,849,86,True
1,79,763,854,91,True
7,85,763,849,86,True
24,75,763,849,86,True
27,83,763,814,51,True
52,93,763,831,68,True
55,74,763,831,68,True
57,82,763,798,35,True
74,86,763,831,68,True
86,74,763,831,68,True
93,76,763,831,68,True
2,83,764,849,85,True
6,80,764,849,85,True
7,86,764,849,85,True
12,79,764,849,85,True
25,78,764,854,90,True
38,85,764,849,85,True
45,64,764,849,85,True
57,83,764,798,34,True
74,87,764,831,67,True
81,86,764,831,67,True
93,77,764,831,67,True
94,81,764,831,67,True
98,90,764,831,67,True
5,72,765,849,84,True
12,80,765,849,84,True
20,77,765,849,84,True
23,71,765,849,84,True
32,70,765,849,84,True
39,74,765,849,84,True
51,77,765,831,66,True
91,91,765,831,66,True
99,78,765,854,89,True
4,81,766,849,83,True
10,86,766,814,48,True
14,75,766,849,83,True
25,79,766,854,88,True
29,68,766,849,83,True
32,71,766,849,83,True
33,74,766,849,83,True
36,80,766,849,83,True
41,81,766,849,83,True
48,81,766,849,83,True
57,84,766,798,32,True
67,90,766,831,65,True
89,73,766,854,88,True
14,76,767,849,82,True
15,73,767,849,82,True
19,81,767,849,82,True
20,78,767,849,82,True
34,81,767,849,82,True
40,78,767,849,82,True
50,81,767,831,64,True
58,79,767,866,99,True
67,91,767,831,64,True
9,63,768,854,86,True
14,77,768,854,86,True
27,84,768,814,46,True
47,80,768,849,81,True
48,82,768,849,81,True
58,80,768,866,98,True
71,79,768,831,63,True
74,88,768,831,63,True
75,67,768,854,86,True
79,63,768,866,98,True
86,75,768,831,63,True
4,82,769,849,80,True
10,87,769,814,45,True
11,68,769,849,80,True
28,79,769,849,80,True
49,81,769,849,80,True
63,73,769,831,62,True
92,64,769,831,62,True
10,88,770,814,44,True
14,78,770,854,84,True
27,85,770,854,84,True
42,61,770,849,79,True
74,89,770,831,61,True
89,74,770,854,84,True
99,79,770,854,84,True
15,74,771,849,78,True
16,85,771,849,78,True
30,83,771,849,78,True
36,81,771,849,78,True
62,79,771,831,60,True
79,64,771,866,95,True
89,75,771,854,83,True
92,65,771,854,83,True
2,84,772,849,77,True
9,64,772,854,82,True
14,79,772,854,82,True
20,79,772,849,77,True
25,80,772,854,82,True
80,87,772,831,59,True
0,73,773,849,76,True
12,81,773,849,76,True
23,72,773,849,76,True
55,75,773,831,58,True
59,79,773,866,93,True
60,65,773,866,93,True
70,68,773,854,81,True
75,68,773,854,81,True
79,65,773,866,93,True
80,88,773,831,58,True
87,77,773,831,58,True
5,73,774,849,75,True
15,75,774,849,75,True
35,68,774,849,75,True
50,82,774,831,57,True
59,80,774,866,92,True
73,80,774,831,57,True
84,78,774,854,80,True
85,74,774,831,57,True
11,69,775,849,74,True
19,82,775,849,74,True
47,81,775,849,74,True
59,81,775,866,91,True
70,69,775,854,79,True
78,71,775,837,62,True
12,82,776,849,73,True
27,86,776,854,78,True
33,75,776,849,73,True
43,70,776,849,73,True
52,94,776,831,55,True
54,83,776,831,55,True
74,90,776,831,55,True
86,76,776,831,55,True
93,78,776,831,55,True
3,78,777,849,72,True
5,74,777,849,72,True
9,65,777,854,77,True
10,89,777,849,72,True
21,80,777,854,77,True
31,64,777,849,72,True
37,79,777,854,77,True
38,86,777,849,72,True
44,77,777,849,72,True
60,66,777,866,89,True
68,81,777,831,54,True
75,69,777,854,77,True
91,92,777,854,77,True
2,85,778,849,71,True
18,83,778,849,71,True
30,84,778,849,71,True
55,76,778,831,53,True
66,83,778,831,53,True
84,79,778,854,76,True
0,74,779,849,70,True
4,83,779,849,70,True
27,87,779,854,75,True
39,75,779,849,70,True
57,85,779,831,52,True
60,67,779,866,87,True
75,70,779,854,75,True
89,76,779,854,75,True
38,87,780,849,69,True
40,79,780,849,69,True
46,64,780,884,104,True
70,70,780,854,74,True
89,77,780,854,74,True
93,79,780,831,51,True
95,70,780,831,51,True
96,67,780,831,51,True
35,69,781,854,73,True
44,78,781,849,68,True
63,74,781,831,50,True
68,82,781,831,50,True
84,80,781,854,73,True
16,86,782,849,67,True
32,72,782,849,67,True
33,76,782,849,67,True
40,80,782,884,102,True
44,79,782,849,67,True
52,95,782,831,49,True
55,77,782,831,49,True
64,81,782,854,72,True
65,73,782,874,92,True
68,83,782,831,49,True
69,94,782,866,84,True
87,78,782,831,49,True
14,80,783,854,71,True
32,73,783,849,66,True
65,74,783,874,91,True
95,71,783,831,48,True
96,68,783,831,48,True
97,76,783,837,54,True
25,81,784,854,70,True
28,80,784,884,100,True
48,83,784,849,65,True
55,78,784,831,47,True
65,75,784,874,90,True
66,84,784,854,70,True
78,72,784,837,53,True
79,66,784,866,82,True
3,79,785,854,69,True
14,81,785,854,69,True
22,89,785,849,64,True
25,82,785,854,69,True
26,76,785,854,69,True
31,65,785,854,69,True
32,74,785,849,64,True
49,82,785,849,64,True
53,69,785,854,69,True
58,81,785,866,81,True
61,72,785,874,89,True
62,80,785,854,69,True
63,75,785,831,46,True
78,73,785,837,52,True
98,91,785,854,69,True
6,81,786,849,63,True
7,87,786,849,63,True
21,81,786,854,68,True
36,82,786,849,63,True
39,76,786,849,63,True
42,62,786,849,63,True
66,85,786,854,68,True
68,84,786,831,45,True
92,66,786,854,68,True
93,80,786,831,45,True
1,80,787,854,67,True
2,86,787,854,67,True
5,75,787,849,62,True
13,71,787,849,62,True
14,82,787,854,67,True
19,83,787,849,62,True
30,85,787,854,67,True
37,80,787,854,67,True
51,78,787,887,100,True
74,91,787,831,44,True
93,81,787,831,44,True
94,82,787,854,67,True
7,88,788,849,61,True
29,69,788,854,66,True
38,88,788,854,66,True
47,82,788,849,61,True
53,70,788,854,66,True
62,81,788,854,66,True
69,95,788,874,86,True
78,74,788,837,49,True
81,87,788,831,43,True
84,81,788,854,66,True
0,75,789,849,60,True
19,84,789,849,60,True
20,80,789,849,60,True
34,82,789,849,60,True
44,80,789,849,60,True
51,79,789,887,98,True
73,81,789,866,77,True
2,87,790,854,64,True
11,70,790,849,59,True
16,87,790,849,59,True
18,84,790,854,64,True
22,90,790,849,59,True
35,70,790,854,64,True
42,63,790,854,64,True
43,71,790,849,59,True
53,71,790,854,64,True
57,86,790,831,41,True
58,82,790,866,76,True
59,82,790,866,76,True
63,76,790,837,47,True
65,76,790,874,84,True
71,80,790,866,76,True
75,71,790,874,84,True
77,89,790,854,64,True
86,77,790,874,84,True
98,92,790,854,64,True
17,69,791,854,63,True
20,81,791,849,58,True
25,83,791,854,63,True
29,70,791,854,63,True
57,87,791,831,40,True
64,82,791,854,63,True
84,82,791,854,63,True
90,87,791,874,83,True
0,76,792,849,57,True
4,84,792,849,57,True
5,76,792,849,57,True
20,82,792,849,57,True
22,91,792,849,57,True
30,86,792,854,62,True
38,89,792,854,62,True
41,82,792,849,57,True
62,82,792,854,62,True
67,92,792,854,62,True
75,72,792,874,82,True
83,69,792,854,62,True
93,82,792,831,39,True
6,82,793,849,56,True
7,89,793,854,61,True
18,85,793,854,61,True
23,73,793,849,56,True
25,84,793,854,61,True
40,81,793,884,91,True
47,83,793,860,67,True
50,83,793,854,61,True
54,84,793,854,61,True
75,73,793,874,81,True
84,83,793,854,61,True
25,85,794,854,60,True
34,83,794,849,55,True
41,83,794,849,55,True
59,83,794,866,72,True
62,83,794,874,80,True
78,75,794,837,43,True
79,67,794,866,72,True
9,66,795,854,59,True
28,81,795,884,89,True
72,61,795,874,79,True
94,83,795,854,59,True
97,77,795,837,42,True
4,85,796,849,53,True
5,77,796,854,58,True
6,83,796,854,58,True
26,77,796,854,58,True
30,87,796,854,58,True
36,83,796,849,53,True
43,72,796,854,58,True
56,84,796,854,58,True
64,83,796,866,70,True
66,86,796,854,58,True
78,76,796,837,41,True
87,79,796,874,78,True
98,93,796,854,58,True
99,80,796,854,58,True
0,77,797,849,52,True
2,88,797,854,57,True
7,90,797,854,57,True
21,82,797,860,63,True
24,76,797,860,63,True
30,88,797,854,57,True
33,77,797,884,87,True
37,81,797,884,87,True
42,64,797,854,57,True
43,73,797,854,57,True
51,80,797,887,90,True
77,90,797,854,57,True
97,78,797,837,40,True
6,84,798,854,56,True
12,83,798,849,51,True
23,74,798,849,51,True
40,82,798,884,86,True
58,83,798,866,68,True
77,91,798,854,56,True
86,78,798,874,76,True
95,72,798,854,56,True
0,78,799,849,50,True
1,81,799,854,55,True
11,71,799,854,55,True
35,71,799,854,55,True
37,82,799,884,85,True
43,74,799,854,55,True
50,84,799,854,55,True
52,96,799,837,38,True
56,85,799,854,55,True
69,96,799,874,75,True
70,71,799,854,55,True
77,92,799,854,55,True
91,93,799,866,67,True
98,94,799,854,55,True
4,86,800,849,49,True
9,67,800,854,54,True
22,92,800,849,49,True
33,78,800,884,84,True
49,83,800,849,49,True
50,85,800,854,54,True
53,72,800,874,74,True
54,85,800,874,74,True
65,77,800,874,74,True
73,82,800,866,66,True
75,74,800,874,74,True
77,93,800,854,54,True
85,75,800,854,54,True
89,78,800,874,74,True
94,84,800,866,66,True
4,87,801,849,48,True
30,89,801,854,53,True
40,83,801,884,83,True
43,75,801,854,53,True
48,84,801,860,59,True
6,85,802,854,52,True
21,83,802,860,58,True
24,77,802,860,58,True
25,86,802,854,52,True
45,65,802,854,52,True
46,65,802,884,82,True
53,73,802,874,72,True
63,77,802,866,64,True
72,62,802,874,72,True
12,84,803,849,46,True
21,84,803,860,57,True
24,78,803,860,57,True
41,84,803,849,46,True
45,66,803,854,51,True
50,86,803,874,71,True
54,86,803,874,71,True
91,94,803,874,71,True
12,85,804,849,45,True
29,71,804,854,50,True
54,87,804,874,70,True
58,84,804,866,62,True
61,73,804,874,70,True
62,84,804,874,70,True
64,84,804,866,62,True
65,78,804,874,70,True
77,94,804,874,70,True
82,84,804,874,70,True
1,82,805,854,49,True
2,89,805,860,55,True
14,83,805,854,49,True
57,88,805,854,49,True
62,85,805,874,69,True
72,63,805,874,69,True
77,95,805,874,69,True
14,84,806,854,48,True
20,83,806,854,48,True
26,78,806,854,48,True
27,88,806,854,48,True
32,75,806,854,48,True
43,76,806,854,48,True
53,74,806,874,68,True
65,79,806,874,68,True
66,87,806,887,81,True
70,72,806,887,81,True
95,73,806,874,68,True
31,66,807,854,47,True
34,84,807,860,53,True
46,66,807,884,77,True
48,85,807,860,53,True
52,97,807,866,59,True
74,92,807,866,59,True
75,75,807,874,67,True
80,89,807,874,67,True
89,79,807,934,127,True
91,95,807,874,67,True
98,95,807,874,67,True
3,80,808,884,76,True
23,75,808,860,52,True
28,82,808,884,76,True
35,72,808,854,46,True
43,77,808,854,46,True
45,67,808,854,46,True
49,84,808,854,46,True
60,68,808,874,66,True
81,88,808,874,66,True
83,70,808,874,66,True
89,80,808,934,126,True
5,78,809,884,75,True
9,68,809,854,45,True
13,72,809,884,75,True
18,86,809,860,51,True
36,84,809,854,45,True
55,79,809,866,57,True
73,83,809,866,57,True
85,76,809,866,57,True
95,74,809,874,65,True
2,90,810,860,50,True
11,72,810,854,44,True
22,93,810,849,39,True
23,76,810,860,50,True
48,86,810,860,50,True
59,84,810,887,77,True
71,81,810,874,64,True
83,71,810,874,64,True
92,67,810,874,64,True
96,69,810,874,64,True
98,96,810,874,64,True
8,67,811,884,73,True
9,69,811,860,49,True
32,76,811,854,43,True
41,85,811,854,43,True
48,87,811,860,49,True
49,85,811,854,43,True
62,86,811,874,63,True
79,68,811,874,63,True
80,90,811,887,76,True
82,85,811,887,76,True
88,91,811,874,63,True
2,91,812,860,48,True
10,90,812,854,42,True
23,77,812,860,48,True
42,65,812,854,42,True
43,78,812,854,42,True
63,78,812,866,54,True
87,80,812,874,62,True
0,79,813,860,47,True
2,92,813,860,47,True
3,81,813,884,71,True
49,86,813,860,47,True
56,86,813,874,61,True
69,97,813,887,74,True
73,84,813,874,61,True
78,77,813,866,53,True
86,79,813,874,61,True
28,83,814,884,70,True
38,90,814,884,70,True
81,89,814,874,60,True
84,84,814,874,60,True
3,82,815,884,69,True
13,73,815,884,69,True
18,87,815,860,45,True
21,85,815,860,45,True
29,72,815,884,69,True
30,90,815,860,45,True
33,79,815,884,69,True
39,77,815,919,104,True
41,86,815,854,39,True
46,67,815,884,69,True
47,84,815,884,69,True
54,88,815,874,59,True
81,90,815,874,59,True
83,72,815,874,59,True
87,81,815,874,59,True
23,78,816,860,44,True
30,91,816,860,44,True
46,68,816,884,68,True
61,74,816,874,58,True
67,93,816,887,71,True
70,73,816,887,71,True
78,78,816,866,50,True
88,92,816,874,58,True
10,91,817,884,67,True
41,87,817,854,37,True
53,75,817,887,70,True
73,85,817,887,70,True
0,80,818,860,42,True
1,83,818,860,42,True
11,73,818,854,36,True
23,79,818,860,42,True
41,88,818,854,36,True
55,80,818,866,48,True
63,79,818,866,48,True
68,85,818,874,56,True
71,82,818,874,56,True
76,72,818,887,69,True
85,77,818,866,48,True
92,68,818,912,94,True
20,84,819,860,41,True
24,79,819,884,65,True
27,89,819,860,41,True
31,67,819,860,41,True
40,84,819,884,65,True
57,89,819,874,55,True
71,83,819,874,55,True
82,86,819,887,68,True
91,96,819,874,55,True
94,85,819,887,68,True
4,88,820,860,40,True
19,85,820,854,34,True
27,90,820,860,40,True
32,77,820,884,64,True
40,85,820,884,64,True
45,68,820,884,64,True
46,69,820,884,64,True
55,81,820,866,46,True
59,85,820,887,67,True
66,88,820,887,67,True
75,76,820,887,67,True
87,82,820,874,54,True
88,93,820,874,54,True
35,73,821,860,39,True
39,78,821,919,98,True
66,89,821,887,66,True
74,93,821,887,66,True
91,97,821,887,66,True
95,75,821,887,66,True
8,68,822,884,62,True
14,85,822,884,62,True
36,85,822,854,32,True
63,80,822,866,44,True
65,80,822,887,65,True
68,86,822,887,65,True
69,98,822,887,65,True
72,64,822,874,52,True
1,84,823,860,37,True
13,74,823,884,61,True
14,86,823,884,61,True
19,86,823,854,31,True
25,87,823,884,61,True
31,68,823,860,37,True
36,86,823,884,61,True
61,75,823,887,64,True
63,81,823,866,43,True
73,86,823,887,64,True
77,96,823,874,51,True
88,94,823,887,64,True
97,79,823,887,64,True
2,93,824,919,95,True
6,86,824,884,60,True
27,91,824,860,36,True
48,88,824,884,60,True
67,94,824,887,63,True
72,65,824,874,50,True
74,94,824,887,63,True
80,91,824,887,63,True
81,91,824,874,50,True
91,98,824,887,63,True
96,70,824,887,63,True
21,86,825,919,94,True
35,74,825,860,35,True
60,69,825,887,62,True
65,81,825,887,62,True
67,95,825,887,62,True
73,87,825,887,62,True
75,77,825,887,62,True
80,92,825,887,62,True
98,97,825,874,49,True
20,85,826,860,34,True
32,78,826,884,58,True
33,80,826,884,58,True
52,98,826,887,61,True
59,86,826,887,61,True
87,83,826,874,48,True
89,81,826,934,108,True
22,94,827,866,39,True
25,88,827,884,57,True
27,92,827,860,33,True
29,73,827,884,57,True
36,87,827,884,57,True
49,87,827,860,33,True
57,90,827,874,47,True
61,76,827,887,60,True
62,87,827,887,60,True
82,87,827,887,60,True
86,80,827,887,60,True
97,80,827,887,60,True
1,85,828,919,91,True
10,92,828,884,56,True
11,74,828,860,32,True
14,87,828,884,56,True
21,87,828,919,91,True
28,84,828,884,56,True
29,74,828,884,56,True
30,92,828,860,32,True
40,86,828,884,56,True
43,79,828,884,56,True
45,69,828,884,56,True
49,88,828,860,32,True
70,74,828,887,59,True
75,78,828,887,59,True
89,82,828,934,106,True
7,91,829,884,55,True
19,87,829,884,55,True
42,66,829,884,55,True
46,70,829,884,55,True
47,85,829,919,90,True
56,87,829,887,58,True
68,87,829,887,58,True
74,95,829,887,58,True
75,79,829,887,58,True
88,95,829,887,58,True
89,83,829,934,105,True
4,89,830,860,30,True
8,69,830,884,54,True
46,71,830,884,54,True
51,81,830,934,104,True
52,99,830,887,57,True
68,88,830,887,57,True
72,66,830,874,44,True
76,73,830,887,57,True
78,79,830,887,57,True
89,84,830,934,104,True
97,81,830,887,57,True
42,67,831,884,53,True
61,77,831,887,56,True
67,96,831,887,56,True
77,97,831,912,81,True
86,81,831,887,56,True
87,84,831,887,56,True
16,88,832,885,53,True
30,93,832,860,28,True
41,89,832,919,87,True
54,89,832,887,55,True
57,91,832,887,55,True
63,82,832,874,42,True
68,89,832,887,55,True
69,99,832,887,55,True
79,69,832,887,55,True
82,88,832,887,55,True
90,88,832,934,102,True
93,83,832,887,55,True
6,87,833,884,51,True
9,70,833,919,86,True
13,75,833,884,51,True
27,93,833,860,27,True
33,81,833,884,51,True
38,91,833,884,51,True
78,80,833,887,54,True
81,92,833,887,54,True
86,82,833,887,54,True
28,85,834,884,50,True
73,88,834,887,53,True
1,86,835,919,84,True
5,79,835,884,49,True
7,92,835,884,49,True
9,71,835,919,84,True
31,69,835,884,49,True
59,87,835,887,52,True
60,70,835,887,52,True
62,88,835,887,52,True
69,100,835,887,52,True
72,67,835,887,52,True
83,73,835,887,52,True
96,71,835,887,52,True
97,82,835,887,52,True
98,98,835,874,39,True
27,94,836,884,48,True
37,83,836,919,83,True
38,92,836,884,48,True
41,90,836,919,83,True
51,82,836,934,98,True
53,76,836,887,51,True
63,83,836,874,38,True
76,74,836,912,76,True
13,76,837,884,47,True
16,89,837,885,48,True
22,95,837,884,47,True
27,95,837,884,47,True
41,91,837,919,82,True
42,68,837,884,47,True
44,81,837,884,47,True
73,89,837,887,50,True
96,72,837,887,50,True
1,87,838,919,81,True
6,88,838,884,46,True
44,82,838,919,81,True
69,101,838,887,49,True
85,78,838,887,49,True
92,69,838,912,74,True
0,81,839,919,80,True
1,88,839,919,80,True
6,89,839,884,45,True
7,93,839,884,45,True
10,93,839,884,45,True
19,88,839,919,80,True
29,75,839,919,80,True
31,70,839,919,80,True
91,99,839,887,48,True
99,81,839,887,48,True
3,83,840,884,44,True
11,75,840,919,79,True
45,70,840,919,79,True
79,70,840,912,72,True
88,96,840,887,47,True
93,84,840,887,47,True
3,84,841,884,43,True
13,77,841,919,78,True
21,88,841,919,78,True
35,75,841,919,78,True
47,86,841,919,78,True
66,90,841,887,46,True
88,97,841,887,46,True
89,85,841,934,93,True
98,99,841,887,46,True
1,89,842,919,77,True
10,94,842,884,42,True
18,88,842,919,77,True
23,80,842,919,77,True
50,87,842,912,70,True
55,82,842,887,45,True
61,78,842,912,70,True
66,91,842,887,45,True
85,79,842,887,45,True
90,89,842,934,92,True
96,73,842,887,45,True
99,82,842,887,45,True
3,85,843,884,41,True
20,86,843,919,76,True
24,80,843,884,41,True
27,96,843,919,76,True
49,89,843,884,41,True
54,90,843,887,44,True
64,85,843,887,44,True
65,82,843,934,91,True
68,90,843,887,44,True
80,93,843,934,91,True
82,89,843,934,91,True
86,83,843,887,44,True
91,100,843,912,69,True
98,100,843,887,44,True
11,76,844,919,75,True
22,96,844,884,40,True
23,81,844,919,75,True
26,79,844,884,40,True
38,93,844,919,75,True
50,88,844,912,68,True
51,83,844,934,90,True
79,71,844,912,68,True
99,83,844,887,43,True
7,94,845,884,39,True
30,94,845,919,74,True
37,84,845,919,74,True
38,94,845,919,74,True
45,71,845,919,74,True
56,88,845,887,42,True
70,75,845,887,42,True
76,75,845,912,67,True
83,74,845,887,42,True
99,84,845,887,42,True
2,94,846,919,73,True
9,72,846,938,92,True
13,78,846,919,73,True
23,82,846,919,73,True
30,95,846,919,73,True
33,82,846,919,73,True
38,95,846,919,73,True
41,92,846,919,73,True
43,80,846,884,38,True
61,79,846,912,66,True
67,97,846,887,41,True
69,102,846,887,41,True
70,76,846,887,41,True
75,80,846,912,66,True
83,75,846,887,41,True
91,101,846,912,66,True
99,85,846,887,41,True
9,73,847,938,91,True
22,97,847,884,37,True
32,79,847,919,72,True
52,100,847,887,40,True
64,86,847,887,40,True
70,77,847,887,40,True
84,85,847,887,40,True
88,98,847,887,40,True
1,90,848,919,71,True
20,87,848,919,71,True
54,91,848,887,39,True
69,103,848,972,124,True
75,81,848,912,64,True
87,85,848,887,39,True
97,83,848,936,88,True
13,79,849,919,70,True
39,79,849,919,70,True
44,83,849,919,70,True
56,89,849,887,38,True
59,88,849,912,63,True
61,80,849,934,85,True
63,84,849,887,38,True
65,83,849,934,85,True
68,91,849,912,63,True
80,94,849,934,85,True
84,86,849,887,38,True
86,84,849,972,123,True
27,97,850,919,69,True
29,76,850,919,69,True
30,96,850,919,69,True
38,96,850,919,69,True
47,87,850,919,69,True
63,85,850,887,37,True
85,80,850,887,37,True
90,90,850,934,84,True
11,77,851,919,68,True
13,80,851,919,68,True
60,71,851,934,83,True
68,92,851,912,61,True
71,84,851,887,36,True
74,96,851,887,36,True
80,95,851,934,83,True
9,74,852,938,86,True
15,76,852,919,67,True
40,87,852,919,67,True
43,81,852,919,67,True
64,87,852,887,35,True
71,85,852,887,35,True
81,93,852,887,35,True
83,76,852,887,35,True
87,86,852,887,35,True
7,95,853,919,66,True
12,86,853,919,66,True
21,89,853,919,66,True
45,72,853,919,66,True
48,89,853,938,85,True
52,101,853,887,34,True
68,93,853,912,59,True
73,90,853,912,59,True
81,94,853,887,34,True
9,75,854,938,84,True
16,90,854,919,65,True
46,72,854,919,65,True
53,77,854,887,33,True
57,92,854,887,33,True
68,94,854,912,58,True
87,87,854,887,33,True
94,86,854,912,58,True
98,101,854,887,33,True
6,90,855,919,64,True
17,70,855,919,64,True
19,89,855,919,64,True
33,83,855,919,64,True
40,88,855,919,64,True
56,90,855,887,32,True
61,81,855,934,79,True
64,88,855,887,32,True
80,96,855,934,79,True
88,99,855,912,57,True
89,86,855,934,79,True
94,87,855,912,57,True
96,74,855,887,32,True
70,78,856,934,78,True
75,82,856,912,56,True
87,88,856,887,31,True
18,89,857,919,62,True
25,89,857,919,62,True
37,85,857,919,62,True
74,97,857,887,30,True
75,83,857,912,55,True
84,87,857,912,55,True
90,91,857,934,77,True
92,70,857,934,77,True
3,86,858,981,123,True
45,73,858,919,61,True
60,72,858,934,76,True
67,98,858,912,54,True
69,104,858,972,114,True
78,81,858,912,54,True
85,81,858,887,29,True
97,84,858,936,78,True
98,102,858,887,29,True
3,87,859,981,122,True
19,90,859,919,60,True
27,98,859,919,60,True
28,86,859,919,60,True
30,97,859,919,60,True
37,86,859,919,60,True
54,92,859,887,28,True
81,95,859,934,75,True
20,88,860,919,59,True
24,81,860,919,59,True
53,78,860,887,27,True
54,93,860,887,27,True
62,89,860,934,74,True
68,95,860,912,52,True
71,86,860,887,27,True
72,68,860,912,52,True
80,97,860,934,74,True
9,76,861,938,77,True
11,78,861,919,58,True
16,91,861,919,58,True
20,89,861,919,58,True
22,98,861,919,58,True
37,87,861,919,58,True
55,83,861,912,51,True
56,91,861,934,73,True
71,87,861,887,26,True
75,84,861,912,51,True
76,76,861,934,73,True
83,77,861,912,51,True
87,89,861,887,26,True
89,87,861,934,73,True
15,77,862,919,57,True
30,98,862,919,57,True
45,74,862,938,76,True
47,88,862,919,57,True
49,90,862,919,57,True
51,84,862,934,72,True
52,102,862,936,74,True
70,79,862,934,72,True
86,85,862,972,110,True
90,92,862,934,72,True
91,102,862,972,110,True
5,80,863,919,56,True
11,79,863,919,56,True
18,90,863,919,56,True
41,93,863,919,56,True
48,90,863,938,75,True
58,85,863,912,49,True
65,84,863,934,71,True
72,69,863,912,49,True
73,91,863,912,49,True
77,98,863,912,49,True
88,100,863,912,49,True
97,85,863,936,73,True
1,91,864,919,55,True
9,77,864,938,74,True
13,81,864,981,117,True
29,77,864,919,55,True
36,88,864,919,55,True
56,92,864,934,70,True
71,88,864,887,23,True
86,86,864,972,108,True
88,101,864,972,108,True
97,86,864,936,72,True
2,95,865,919,54,True
7,96,865,938,73,True
34,85,865,919,54,True
36,89,865,919,54,True
41,94,865,938,73,True
44,84,865,919,54,True
45,75,865,938,73,True
87,90,865,887,22,True
0,82,866,919,53,True
2,96,866,919,53,True
32,80,866,919,53,True
64,89,866,934,68,True
75,85,866,934,68,True
88,102,866,972,106,True
94,88,866,912,46,True
98,103,866,887,21,True
3,88,867,981,114,True
25,90,867,919,52,True
34,86,867,919,52,True
42,69,867,919,52,True
47,89,867,919,52,True
64,90,867,934,67,True
73,92,867,912,45,True
74,98,867,912,45,True
82,90,867,934,67,True
88,103,867,972,105,True
12,87,868,919,51,True
20,90,868,919,51,True
25,91,868,919,51,True
32,81,868,981,113,True
35,76,868,919,51,True
40,89,868,919,51,True
57,93,868,912,44,True
58,86,868,912,44,True
74,99,868,912,44,True
86,87,868,972,104,True
87,91,868,934,66,True
2,97,869,938,69,True
24,82,869,938,69,True
25,92,869,919,50,True
34,87,869,919,50,True
42,70,869,919,50,True
58,87,869,912,43,True
69,105,869,972,103,True
71,89,869,912,43,True
11,80,870,919,49,True
35,77,870,919,49,True
55,84,870,934,64,True
72,70,870,912,42,True
78,82,870,912,42,True
81,96,870,934,64,True
91,103,870,972,102,True
3,89,871,981,110,True
7,97,871,938,67,True
18,91,871,919,48,True
29,78,871,981,110,True
30,99,871,919,48,True
33,84,871,981,110,True
42,71,871,919,48,True
48,91,871,938,67,True
56,93,871,934,63,True
79,72,871,934,63,True
93,85,871,912,41,True
98,104,871,936,65,True
99,86,871,934,63,True
3,90,872,981,109,True
8,70,872,981,109,True
18,92,872,919,47,True
49,91,872,919,47,True
53,79,872,912,40,True
79,73,872,934,62,True
91,104,872,972,100,True
10,95,873,938,65,True
16,92,873,919,46,True
20,91,873,919,46,True
26,80,873,919,46,True
34,88,873,919,46,True
48,92,873,938,65,True
51,85,873,934,61,True
58,88,873,934,61,True
66,92,873,912,39,True
74,100,873,912,39,True
92,71,873,972,99,True
97,87,873,936,63,True
13,82,874,981,107,True
17,71,874,996,122,True
23,83,874,919,45,True
32,82,874,981,107,True
36,90,874,919,45,True
40,90,874,919,45,True
54,94,874,912,38,True
82,91,874,934,60,True
23,84,875,919,44,True
24,83,875,938,63,True
32,83,875,981,106,True
41,95,875,938,63,True
62,90,875,934,59,True
2,98,876,938,62,True
7,98,876,938,62,True
10,96,876,938,62,True
39,80,876,919,43,True
68,96,876,912,36,True
69,106,876,972,96,True
77,99,876,934,58,True
83,78,876,912,36,True
1,92,877,938,61,True
6,91,877,938,61,True
33,85,877,981,104,True
37,88,877,981,104,True
45,76,877,938,61,True
47,90,877,919,42,True
54,95,877,934,57,True
57,94,877,912,35,True
59,89,877,934,57,True
69,107,877,972,95,True
79,74,877,934,57,True
95,76,877,934,57,True
2,99,878,938,60,True
9,78,878,938,60,True
18,93,878,919,41,True
40,91,878,938,60,True
53,80,878,934,56,True
65,85,878,972,94,True
68,97,878,912,34,True
80,98,878,934,56,True
93,86,878,912,34,True
38,97,879,996,117,True
42,72,879,981,102,True
60,73,879,934,55,True
75,86,879,972,93,True
77,100,879,934,55,True
78,83,879,912,33,True
83,79,879,912,33,True
11,81,880,938,58,True
27,99,880,919,39,True
35,78,880,938,58,True
45,77,880,938,58,True
48,93,880,938,58,True
57,95,880,912,32,True
73,93,880,934,54,True
87,92,880,934,54,True
91,105,880,972,92,True
13,83,881,981,100,True
19,91,881,919,38,True
20,92,881,919,38,True
39,81,881,919,38,True
44,85,881,981,100,True
50,89,881,934,53,True
53,81,881,934,53,True
55,85,881,934,53,True
65,86,881,972,91,True
67,99,881,972,91,True
71,90,881,934,53,True
76,77,881,934,53,True
79,75,881,934,53,True
96,75,881,934,53,True
10,97,882,938,56,True
16,93,882,938,56,True
32,84,882,981,99,True
40,92,882,981,99,True
54,96,882,934,52,True
55,86,882,934,52,True
61,82,882,994,112,True
71,91,882,934,52,True
76,78,882,972,90,True
93,87,882,934,52,True
6,92,883,981,98,True
12,88,883,919,36,True
22,99,883,938,55,True
24,84,883,938,55,True
46,73,883,996,113,True
55,87,883,934,51,True
63,86,883,934,51,True
66,93,883,934,51,True
68,98,883,972,89,True
71,92,883,934,51,True
85,82,883,912,29,True
87,93,883,972,89,True
13,84,884,981,97,True
34,89,884,938,54,True
36,91,884,938,54,True
66,94,884,934,50,True
67,100,884,972,88,True
73,94,884,934,50,True
87,94,884,972,88,True
96,76,884,934,50,True
0,83,885,938,53,True
6,93,885,981,96,True
26,81,885,919,34,True
36,92,885,938,53,True
41,96,885,938,53,True
64,91,885,934,49,True
66,95,885,934,49,True
69,108,885,972,87,True
77,101,885,934,49,True
99,87,885,934,49,True
1,93,886,938,52,True
4,90,886,919,33,True
15,78,886,981,95,True
21,90,886,981,95,True
22,100,886,938,52,True
35,79,886,938,52,True
36,93,886,938,52,True
46,74,886,996,110,True
65,87,886,972,86,True
73,95,886,934,48,True
79,76,886,934,48,True
8,71,887,981,94,True
11,82,887,938,51,True
27,100,887,919,32,True
35,80,887,938,51,True
49,92,887,919,32,True
57,96,887,912,25,True
58,89,887,972,85,True
69,109,887,994,107,True
78,84,887,934,47,True
82,92,887,972,85,True
88,104,887,972,85,True
98,105,887,936,49,True
23,85,888,938,50,True
35,81,888,938,50,True
37,89,888,981,93,True
45,78,888,996,108,True
48,94,888,981,93,True
59,90,888,972,84,True
66,96,888,934,46,True
71,93,888,934,46,True
80,99,888,972,84,True
87,95,888,972,84,True
94,89,888,972,84,True
96,77,888,934,46,True
30,100,889,938,49,True
31,71,889,919,30,True
58,90,889,972,83,True
75,87,889,972,83,True
88,105,889,972,83,True
89,88,889,994,105,True
90,93,889,972,83,True
8,72,890,981,91,True
22,101,890,938,48,True
36,94,890,938,48,True
38,98,890,996,106,True
51,86,890,972,82,True
64,92,890,934,44,True
66,97,890,934,44,True
84,88,890,934,44,True
89,89,890,994,104,True
91,106,890,972,82,True
12,89,891,919,28,True
22,102,891,938,47,True
28,87,891,996,105,True
30,101,891,938,47,True
39,82,891,919,28,True
40,93,891,981,90,True
43,82,891,996,105,True
48,95,891,981,90,True
68,99,891,972,81,True
69,110,891,994,103,True
70,80,891,994,103,True
72,71,891,972,81,True
81,97,891,972,81,True
2,100,892,996,104,True
3,91,892,996,104,True
26,82,892,981,89,True
41,97,892,938,46,True
43,83,892,996,104,True
45,79,892,996,104,True
47,91,892,996,104,True
69,111,892,994,102,True
76,79,892,972,80,True
95,77,892,972,80,True
1,94,893,996,103,True
30,102,893,938,45,True
43,84,893,996,103,True
46,75,893,996,103,True
66,98,893,934,41,True
75,88,893,972,79,True
89,90,893,994,101,True
2,101,894,996,102,True
13,85,894,981,87,True
17,72,894,996,102,True
58,91,894,972,78,True
69,112,894,994,100,True
72,72,894,972,78,True
73,96,894,972,78,True
75,89,894,972,78,True
77,102,894,972,78,True
78,85,894,972,78,True
91,107,894,972,78,True
20,93,895,938,43,True
44,86,895,981,86,True
56,94,895,972,77,True
85,83,895,934,39,True
12,90,896,926,30,True
13,86,896,981,85,True
14,88,896,996,100,True
17,73,896,996,100,True
20,94,896,938,42,True
24,85,896,981,85,True
30,103,896,938,42,True
49,93,896,938,42,True
52,103,896,951,55,True
53,82,896,972,76,True
72,73,896,972,76,True
86,88,896,972,76,True
88,106,896,972,76,True
95,78,896,972,76,True
96,78,896,934,38,True
11,83,897,938,41,True
14,89,897,996,99,True
18,94,897,938,41,True
47,92,897,996,99,True
55,88,897,972,75,True
64,93,897,972,75,True
78,86,897,972,75,True
0,84,898,981,83,True
6,94,898,981,83,True
8,73,898,996,98,True
11,84,898,938,40,True
17,74,898,996,98,True
21,91,898,981,83,True
37,90,898,996,98,True
85,84,898,934,36,True
36,95,899,938,39,True
63,87,899,936,37,True
65,88,899,972,73,True
75,90,899,972,73,True
94,90,899,972,73,True
96,79,899,934,35,True
0,85,900,981,81,True
36,96,900,938,38,True
37,91,900,996,96,True
44,87,900,981,81,True
46,76,900,996,96,True
52,104,900,951,51,True
75,91,900,972,72,True
81,98,900,972,72,True
98,106,900,936,36,True
3,92,901,996,95,True
21,92,901,981,80,True
63,88,901,936,35,True
88,107,901,972,71,True
91,108,901,972,71,True
11,85,902,938,36,True
12,91,902,938,36,True
25,93,902,996,94,True
33,86,902,996,94,True
42,73,902,996,94,True
52,105,902,951,49,True
62,91,902,972,70,True
74,101,902,972,70,True
78,87,902,972,70,True
92,72,902,,,False
6,95,903,981,78,True
10,98,903,981,78,True
16,94,903,981,78,True
26,83,903,981,78,True
42,74,903,996,93,True
46,77,903,996,93,True
60,74,903,994,91,True
64,94,903,972,69,True
73,97,903,972,69,True
84,89,903,972,69,True
85,85,903,934,31,True
96,80,903,972,69,True
2,102,904,996,92,True
3,93,904,996,92,True
7,99,904,996,92,True
9,79,904,938,34,True
10,99,904,981,77,True
16,95,904,981,77,True
28,88,904,996,92,True
30,104,904,938,34,True
35,82,904,981,77,True
65,89,904,972,68,True
68,100,904,972,68,True
70,81,904,994,90,True
75,92,904,,,False
84,90,904,972,68,True
96,81,904,972,68,True
2,103,905,996,91,True
4,91,905,981,76,True
14,90,905,996,91,True
37,92,905,996,91,True
44,88,905,981,76,True
51,87,905,972,67,True
65,90,905,972,67,True
83,80,905,972,67,True
94,91,905,972,67,True
1,95,906,996,90,True
3,94,906,996,90,True
10,100,906,981,75,True
15,79,906,981,75,True
21,93,906,981,75,True
25,94,906,996,90,True
29,79,906,981,75,True
31,72,906,981,75,True
35,83,906,981,75,True
36,97,906,981,75,True
39,83,906,981,75,True
42,75,906,996,90,True
43,85,906,996,90,True
55,89,906,972,66,True
58,92,906,972,66,True
61,83,906,994,88,True
71,94,906,972,66,True
75,93,906,,,False
79,77,906,972,66,True
94,92,906,972,66,True
95,79,906,972,66,True
1,96,907,996,89,True
9,80,907,981,74,True
17,75,907,996,89,True
28,89,907,996,89,True
52,106,907,951,44,True
67,101,907,972,65,True
68,101,907,972,65,True
70,82,907,994,87,True
74,102,907,972,65,True
80,100,907,994,87,True
96,82,907,972,65,True
20,95,908,981,73,True
25,95,908,996,88,True
26,84,908,981,73,True
27,101,908,938,30,True
58,93,908,972,64,True
78,88,908,972,64,True
88,108,908,994,86,True
14,91,909,996,87,True
20,96,909,981,72,True
26,85,909,981,72,True
34,90,909,996,87,True
45,80,909,996,87,True
48,96,909,996,87,True
67,102,909,972,63,True
72,74,909,972,63,True
73,98,909,972,63,True
81,99,909,972,63,True
82,93,909,994,85,True
98,107,909,972,63,True
0,86,910,996,86,True
13,87,910,996,86,True
18,95,910,938,28,True
50,90,910,972,62,True
57,97,910,938,28,True
59,91,910,972,62,True
64,95,910,972,62,True
72,75,910,972,62,True
75,94,910,,,False
82,94,910,994,84,True
99,88,910,972,62,True
12,92,911,938,27,True
22,103,911,981,70,True
34,91,911,996,85,True
40,94,911,996,85,True
52,107,911,972,61,True
59,92,911,972,61,True
64,96,911,972,61,True
84,91,911,972,61,True
85,86,911,972,61,True
98,108,911,972,61,True
8,74,912,996,84,True
36,98,912,981,69,True
97,88,912,981,69,True
1,97,913,996,83,True
8,75,913,996,83,True
9,81,913,981,68,True
12,93,913,938,25,True
15,80,913,981,68,True
17,76,913,996,83,True
40,95,913,996,83,True
44,89,913,996,83,True
48,97,913,996,83,True
50,91,913,972,59,True
51,88,913,972,59,True
85,87,913,972,59,True
93,88,913,972,59,True
96,83,913,972,59,True
14,92,914,996,82,True
26,86,914,981,67,True
33,87,914,996,82,True
37,93,914,996,82,True
44,90,914,996,82,True
50,92,914,972,58,True
52,108,914,972,58,True
58,94,914,,,False
74,103,914,972,58,True
80,101,914,994,80,True
94,93,914,994,80,True
3,95,915,996,81,True
11,86,915,996,81,True
17,77,915,996,81,True
18,96,915,938,23,True
27,102,915,938,23,True
31,73,915,996,81,True
33,88,915,996,81,True
41,98,915,981,66,True
45,81,915,996,81,True
48,98,915,996,81,True
68,102,915,972,57,True
69,113,915,994,79,True
79,78,915,972,57,True
84,92,915,972,57,True
19,92,916,996,80,True
25,96,916,996,80,True
38,99,916,996,80,True
43,86,916,996,80,True
67,103,916,,,False
72,76,916,972,56,True
86,89,916,,,False
10,101,917,996,79,True
16,96,917,981,64,True
18,97,917,938,21,True
33,89,917,996,79,True
34,92,917,996,79,True
35,84,917,981,64,True
49,94,917,938,21,True
51,89,917,972,55,True
53,83,917,997,80,True
73,99,917,972,55,True
79,79,917,972,55,True
89,91,917,997,80,True
2,104,918,996,78,True
7,100,918,996,78,True
13,88,918,996,78,True
16,97,918,981,63,True
29,80,918,996,78,True
33,90,918,996,78,True
40,96,918,996,78,True
42,76,918,996,78,True
76,80,918,994,76,True
78,89,918,994,76,True
88,109,918,994,76,True
92,73,918,,,False
93,89,918,972,54,True
5,81,919,996,77,True
10,102,919,996,77,True
23,86,919,981,62,True
32,85,919,996,77,True
36,99,919,996,77,True
44,91,919,996,77,True
50,93,919,,,False
60,75,919,994,75,True
72,77,919,972,53,True
79,80,919,972,53,True
86,90,919,,,False
98,109,919,972,53,True
6,96,920,996,76,True
12,94,920,997,77,True
13,89,920,996,76,True
19,93,920,996,76,True
25,97,920,996,76,True
32,86,920,996,76,True
33,91,920,996,76,True
40,97,920,996,76,True
47,93,920,996,76,True
60,76,920,994,74,True
61,84,920,994,74,True
67,104,920,,,False
81,100,920,997,77,True
84,93,920,972,52,True
86,91,920,,,False
1,98,921,996,75,True
16,98,921,981,60,True
19,94,921,996,75,True
30,105,921,938,17,True
40,98,921,996,75,True
44,92,921,996,75,True
61,85,921,994,73,True
63,89,921,981,60,True
76,81,921,994,73,True
83,81,921,972,51,True
14,93,922,996,74,True
17,78,922,996,74,True
29,81,922,996,74,True
37,94,922,996,74,True
45,82,922,996,74,True
46,78,922,996,74,True
62,92,922,994,72,True
63,90,922,981,59,True
79,81,922,,,False
87,96,922,972,50,True
26,87,923,996,73,True
35,85,923,981,58,True
44,93,923,996,73,True
58,95,923,,,False
59,93,923,997,74,True
62,93,923,994,71,True
69,114,923,997,74,True
82,95,923,997,74,True
22,104,924,981,57,True
26,88,924,996,72,True
28,90,924,996,72,True
42,77,924,996,72,True
50,94,924,,,False
72,78,924,972,48,True
85,88,924,972,48,True
97,89,924,981,57,True
4,92,925,996,71,True
20,97,925,996,71,True
25,98,925,996,71,True
26,89,925,996,71,True
32,87,925,996,71,True
33,92,925,996,71,True
45,83,925,996,71,True
52,109,925,,,False
61,86,925,994,69,True
74,104,925,972,47,True
82,96,925,997,72,True
2,105,926,996,70,True
7,101,926,996,70,True
30,106,926,996,70,True
48,99,926,996,70,True
50,95,926,,,False
54,97,926,997,71,True
56,95,926,994,68,True
63,91,926,981,55,True
64,97,926,994,68,True
66,99,926,972,46,True
77,103,926,972,46,True
79,82,926,,,False
81,101,926,997,71,True
99,89,926,972,46,True
2,106,927,996,69,True
5,82,927,996,69,True
33,93,927,996,69,True
34,93,927,996,69,True
36,100,927,996,69,True
57,98,927,972,45,True
80,102,927,994,67,True
84,94,927,994,67,True
6,97,928,996,68,True
12,95,928,997,69,True
19,95,928,996,68,True
74,105,928,972,44,True
86,92,928,,,False
97,90,928,981,53,True
1,99,929,996,67,True
4,93,929,996,67,True
44,94,929,996,67,True
45,84,929,996,67,True
47,94,929,996,67,True
48,100,929,996,67,True
55,90,929,981,52,True
64,98,929,994,65,True
83,82,929,972,43,True
84,95,929,994,65,True
2,107,930,996,66,True
3,96,930,996,66,True
7,102,930,996,66,True
8,76,930,996,66,True
13,90,930,996,66,True
17,79,930,996,66,True
20,98,930,996,66,True
30,107,930,996,66,True
34,94,930,996,66,True
62,94,930,994,64,True
69,115,930,997,67,True
2,108,931,996,65,True
8,77,931,996,65,True
10,103,931,996,65,True
19,96,931,996,65,True
67,105,931,,,False
68,103,931,994,63,True
1,100,932,996,64,True
8,78,932,996,64,True
26,90,932,997,65,True
28,91,932,996,64,True
30,108,932,996,64,True
37,95,932,996,64,True
38,100,932,996,64,True
42,78,932,996,64,True
61,87,932,,,False
67,106,932,,,False
80,103,932,,,False
82,97,932,997,65,True
84,96,932,,,False
86,93,932,,,False
92,74,932,,,False
0,87,933,996,63,True
2,109,933,996,63,True
7,103,933,996,63,True
9,82,933,996,63,True
17,80,933,996,63,True
19,97,933,996,63,True
28,92,933,996,63,True
33,94,933,996,63,True
37,96,933,996,63,True
38,101,933,996,63,True
46,79,933,996,63,True
54,98,933,997,64,True
59,94,933,997,64,True
60,77,933,997,64,True
74,106,933,,,False
88,110,933,997,64,True
0,88,934,996,62,True
5,83,934,996,62,True
6,98,934,996,62,True
21,94,934,996,62,True
24,86,934,996,62,True
26,91,934,997,63,True
28,93,934,996,62,True
40,99,934,996,62,True
45,85,934,996,62,True
51,90,934,,,False
66,100,934,997,63,True
69,116,934,997,63,True
73,100,934,997,63,True
90,94,934,,,False
94,94,934,994,60,True
97,91,934,,,False
0,89,935,996,61,True
16,99,935,,,False
23,87,935,997,62,True
36,101,935,996,61,True
53,84,935,997,62,True
59,95,935,997,62,True
4,94,936,996,60,True
18,98,936,996,60,True
20,99,936,996,60,True
71,95,936,997,61,True
81,102,936,,,False
94,95,936,997,61,True
96,84,936,994,58,True
24,87,937,996,59,True
65,91,937,997,60,True
83,83,937,997,60,True
84,97,937,,,False
93,90,937,994,57,True
3,97,938,996,58,True
13,91,938,996,58,True
17,81,938,996,58,True
18,99,938,996,58,True
20,100,938,996,58,True
24,88,938,996,58,True
33,95,938,996,58,True
38,102,938,996,58,True
51,91,938,,,False
65,92,938,997,59,True
76,82,938,,,False
11,87,939,996,57,True
12,96,939,997,58,True
14,94,939,996,57,True
19,98,939,996,57,True
46,80,939,,,False
48,101,939,,,False
71,96,939,997,58,True
72,79,939,,,False
73,101,939,997,58,True
93,91,939,994,55,True
31,74,940,996,56,True
35,86,940,996,56,True
48,102,940,,,False
62,95,940,997,57,True
99,90,940,994,54,True
1,101,941,996,55,True
5,84,941,996,55,True
6,99,941,997,56,True
8,79,941,996,55,True
34,95,941,996,55,True
62,96,941,997,56,True
64,99,941,997,56,True
78,90,941,,,False
79,83,941,,,False
80,104,941,,,False
82,98,941,,,False
87,97,941,997,56,True
7,104,942,996,54,True
13,92,942,996,54,True
49,95,942,996,54,True
74,107,942,,,False
77,104,942,997,55,True
88,111,942,,,False
93,92,942,,,False
98,110,942,994,52,True
22,105,943,996,53,True
24,89,943,996,53,True
25,99,943,996,53,True
30,109,943,996,53,True
32,88,943,,,False
33,96,943,996,53,True
35,87,943,996,53,True
37,97,943,,,False
41,99,943,996,53,True
76,83,943,,,False
81,103,943,,,False
84,98,943,,,False
86,94,943,,,False
89,92,943,,,False
93,93,943,,,False
16,100,944,,,False
23,88,944,997,53,True
37,98,944,,,False
39,84,944,997,53,True
44,95,944,996,52,True
47,95,944,996,52,True
56,96,944,,,False
61,88,944,,,False
93,94,944,,,False
95,80,944,,,False
96,85,944,,,False
28,94,945,996,51,True
29,82,945,996,51,True
30,110,945,996,51,True
66,101,945,997,52,True
79,84,945,,,False
95,81,945,,,False
22,106,946,996,50,True
27,103,946,996,50,True
44,96,946,996,50,True
86,95,946,,,False
3,98,947,996,49,True
5,85,947,996,49,True
11,88,947,996,49,True
20,101,947,,,False
27,104,947,996,49,True
34,96,947,996,49,True
43,87,947,996,49,True
52,110,947,,,False
87,98,947,,,False
98,111,947,997,50,True
16,101,948,,,False
30,111,948,996,48,True
34,97,948,996,48,True
36,102,948,996,48,True
38,103,948,996,48,True
54,99,948,997,49,True
59,96,948,,,False
92,75,948,,,False
3,99,949,996,47,True
10,104,949,996,47,True
19,99,949,996,47,True
20,102,949,,,False
29,83,949,,,False
43,88,949,996,47,True
72,80,949,,,False
77,105,949,997,48,True
99,91,949,,,False
29,84,950,,,False
36,103,950,996,46,True
40,100,950,,,False
80,105,950,,,False
96,86,950,,,False
20,103,951,,,False
22,107,951,996,45,True
26,92,951,997,46,True
44,97,951,996,45,True
59,97,951,,,False
64,100,951,997,46,True
65,93,951,,,False
72,81,951,,,False
90,95,951,,,False
94,96,951,,,False
5,86,952,996,44,True
20,104,952,,,False
31,75,952,996,44,True
39,85,952,997,45,True
40,101,952,,,False
50,96,952,,,False
57,99,952,997,45,True
72,82,952,,,False
73,102,952,,,False
78,91,952,,,False
98,112,952,997,45,True
99,92,952,,,False
5,87,953,996,43,True
21,95,953,,,False
22,108,953,996,43,True
31,76,953,996,43,True
34,98,953,996,43,True
37,99,953,,,False
44,98,953,996,43,True
51,92,953,,,False
72,83,953,,,False
83,84,953,997,44,True
94,97,953,,,False
0,90,954,996,42,True
33,97,954,,,False
47,96,954,996,42,True
61,89,954,,,False
64,101,954,,,False
67,107,954,,,False
94,98,954,,,False
15,81,955,997,42,True
16,102,955,,,False
17,82,955,996,41,True
20,105,955,,,False
21,96,955,,,False
30,112,955,,,False
32,89,955,,,False
40,102,955,,,False
51,93,955,,,False
72,84,955,,,False
73,103,955,,,False
90,96,955,,,False
94,99,955,,,False
27,105,956,996,40,True
36,104,956,996,40,True
38,104,956,,,False
46,81,956,,,False
57,100,956,997,41,True
59,98,956,,,False
62,97,956,,,False
78,92,956,,,False
94,100,956,,,False
0,91,957,996,39,True
1,102,957,997,40,True
2,110,957,,,False
6,100,957,997,40,True
16,103,957,,,False
70,83,957,,,False
71,97,957,,,False
80,106,957,,,False
12,97,958,997,39,True
35,88,958,997,39,True
47,97,958,997,39,True
66,102,958,,,False
68,104,958,,,False
74,108,958,,,False
76,84,958,,,False
85,89,958,,,False
89,93,958,,,False
0,92,959,,,False
2,111,959,,,False
18,100,959,,,False
26,93,959,997,38,True
31,77,959,997,38,True
54,100,959,,,False
58,96,959,,,False
61,90,959,,,False
65,94,959,,,False
67,108,959,,,False
77,106,959,,,False
85,90,959,,,False
90,97,959,,,False
92,76,959,,,False
12,98,960,997,37,True
16,104,960,,,False
24,90,960,996,36,True
27,106,960,997,37,True
28,95,960,,,False
43,89,960,996,36,True
48,103,960,,,False
51,94,960,,,False
87,99,960,,,False
90,98,960,,,False
94,101,960,,,False
96,87,960,,,False
24,91,961,996,35,True
30,113,961,,,False
33,98,961,,,False
48,104,961,,,False
65,95,961,,,False
84,99,961,,,False
92,77,961,,,False
4,95,962,,,False
19,100,962,997,35,True
22,109,962,,,False
34,99,962,,,False
36,105,962,997,35,True
43,90,962,996,34,True
67,109,962,,,False
83,85,962,,,False
87,100,962,,,False
95,82,962,,,False
96,88,962,,,False
97,92,962,,,False
9,83,963,,,False
10,105,963,,,False
11,89,963,,,False
39,86,963,997,34,True
41,100,963,,,False
53,85,963,,,False
66,103,963,,,False
74,109,963,,,False
0,93,964,,,False
7,105,964,,,False
9,84,964,,,False
52,111,964,,,False
71,98,964,,,False
72,85,964,,,False
76,85,964,,,False
6,101,965,,,False
28,96,965,,,False
44,99,965,997,32,True
78,93,965,,,False
93,95,965,,,False
6,102,966,,,False
7,106,966,,,False
18,101,966,,,False
20,106,966,,,False
26,94,966,997,31,True
35,89,966,,,False
38,105,966,,,False
46,82,966,,,False
51,95,966,,,False
52,112,966,,,False
59,99,966,,,False
60,78,966,,,False
79,85,966,,,False
98,113,966,,,False
4,96,967,,,False
8,80,967,,,False
21,97,967,,,False
25,100,967,,,False
38,106,967,,,False
49,96,967,997,30,True
50,97,967,,,False
55,91,967,,,False
59,100,967,,,False
65,96,967,,,False
83,86,967,,,False
85,91,967,,,False
90,99,967,,,False
95,83,967,,,False
26,95,968,997,29,True
29,85,968,,,False
43,91,968,,,False
51,96,968,,,False
62,98,968,,,False
90,100,968,,,False
1,103,969,,,False
45,86,969,,,False
61,91,969,,,False
70,84,969,,,False
73,104,969,,,False
84,100,969,,,False
86,96,969,,,False
97,93,969,,,False
98,114,969,,,False
99,93,969,,,False
2,112,970,,,False
46,83,970,,,False
50,98,970,,,False
57,101,970,,,False
63,92,970,,,False
77,107,970,,,False
88,112,970,,,False
99,94,970,,,False
3,100,971,,,False
11,90,971,,,False
19,101,971,,,False
22,110,971,,,False
37,100,971,,,False
84,101,971,,,False
85,92,971,,,False
87,101,971,,,False
90,101,971,,,False
1,104,972,,,False
6,103,972,,,False
17,83,972,,,False
19,102,972,,,False
20,107,972,,,False
24,92,972,,,False
36,106,972,997,25,True
58,97,972,,,False
70,85,972,,,False
78,94,972,,,False
85,93,972,,,False
86,97,972,,,False
8,81,973,,,False
24,93,973,,,False
25,101,973,,,False
32,90,973,,,False
34,100,973,,,False
83,87,973,,,False
89,94,973,,,False
7,107,974,,,False
19,103,974,,,False
29,86,974,,,False
47,98,974,,,False
48,105,974,,,False
63,93,974,,,False
67,110,974,,,False
74,110,974,,,False
77,108,974,,,False
78,95,974,,,False
82,99,974,,,False
86,98,974,,,False
95,84,974,,,False
5,88,975,,,False
6,104,975,,,False
14,95,975,,,False
19,104,975,,,False
21,98,975,,,False
30,114,975,,,False
38,107,975,,,False
70,86,975,,,False
80,107,975,,,False
84,102,975,,,False
85,94,975,,,False
1,105,976,,,False
10,106,976,,,False
16,105,976,,,False
24,94,976,,,False
30,115,976,,,False
61,92,976,,,False
62,99,976,,,False
67,111,976,,,False
74,111,976,,,False
95,85,976,,,False
98,115,976,,,False
1,106,977,,,False
10,107,977,,,False
11,91,977,,,False
21,99,977,,,False
22,111,977,,,False
32,91,977,,,False
40,103,977,,,False
55,92,977,,,False
61,93,977,,,False
64,102,977,,,False
70,87,977,,,False
78,96,977,,,False
89,95,977,,,False
91,109,977,,,False
98,116,977,,,False
99,95,977,,,False
0,94,978,,,False
6,105,978,,,False
56,97,978,,,False
60,79,978,,,False
72,86,978,,,False
74,112,978,,,False
82,100,978,,,False
83,88,978,,,False
87,102,978,,,False
3,101,979,,,False
22,112,979,,,False
44,100,979,,,False
48,106,979,,,False
50,99,979,,,False
53,86,979,,,False
66,104,979,,,False
3,102,980,,,False
16,106,980,,,False
25,102,980,,,False
50,100,980,,,False
58,98,980,,,False
68,105,980,,,False
76,86,980,,,False
81,104,980,,,False
89,96,980,,,False
92,78,980,,,False
99,96,980,,,False
79,86,981,,,False
99,97,981,,,False
19,105,982,,,False
27,107,982,,,False
35,90,982,,,False
38,108,982,,,False
40,104,982,,,False
46,84,982,,,False
53,87,982,,,False
64,103,982,,,False
79,87,982,,,False
85,95,982,,,False
5,89,983,,,False
16,107,983,,,False
21,100,983,,,False
40,105,983,,,False
43,92,983,,,False
45,87,983,,,False
49,97,983,,,False
50,101,983,,,False
76,87,983,,,False
84,103,983,,,False
8,82,984,,,False
17,84,984,,,False
26,96,984,,,False
30,116,984,,,False
34,101,984,,,False
38,109,984,,,False
42,79,984,,,False
59,101,984,,,False
67,112,984,,,False
72,87,984,,,False
82,101,984,,,False
90,102,984,,,False
99,98,984,,,False
2,113,985,,,False
11,92,985,,,False
20,108,985,,,False
23,89,985,,,False
60,80,985,,,False
62,100,985,,,False
72,88,985,,,False
74,113,985,,,False
75,95,985,,,False
92,79,985,,,False
98,117,985,,,False
0,95,986,,,False
1,107,986,,,False
16,108,986,,,False
22,113,986,,,False
24,95,986,,,False
28,97,986,,,False
42,80,986,,,False
45,88,986,,,False
58,99,986,,,False
59,102,986,,,False
60,81,986,,,False
69,117,986,,,False
72,89,986,,,False
77,109,986,,,False
98,118,986,,,False
19,106,987,,,False
20,109,987,,,False
38,110,987,,,False
54,101,987,,,False
57,102,987,,,False
87,103,987,,,False
90,103,987,,,False
6,106,988,,,False
10,108,988,,,False
23,90,988,,,False
26,97,988,,,False
29,87,988,,,False
38,111,988,,,False
53,88,988,,,False
59,103,988,,,False
65,97,988,,,False
72,90,988,,,False
90,104,988,,,False
92,80,988,,,False
11,93,989,,,False
23,91,989,,,False
32,92,989,,,False
34,102,989,,,False
36,107,989,,,False
40,106,989,,,False
65,98,989,,,False
69,118,989,,,False
71,99,989,,,False
17,85,990,,,False
23,92,990,,,False
45,89,990,,,False
48,107,990,,,False
60,82,990,,,False
63,94,990,,,False
80,108,990,,,False
87,104,990,,,False
89,97,990,,,False
95,86,990,,,False
99,99,990,,,False
60,83,991,,,False
68,106,991,,,False
93,96,991,,,False
12,99,992,,,False
20,110,992,,,False
22,114,992,,,False
25,103,992,,,False
32,93,992,,,False
33,99,992,,,False
60,84,992,,,False
70,88,992,,,False
72,91,992,,,False
81,105,992,,,False
86,99,992,,,False
89,98,992,,,False
92,81,992,,,False
94,102,992,,,False
11,94,993,,,False
17,86,993,,,False
21,101,993,,,False
26,98,993,,,False
56,98,993,,,False
66,105,993,,,False
91,110,993,,,False
3,103,994,,,False
11,95,994,,,False
20,111,994,,,False
26,99,994,,,False
35,91,994,,,False
37,101,994,,,False
52,113,994,,,False
64,104,994,,,False
74,114,994,,,False
95,87,994,,,False
7,108,995,,,False
8,83,995,,,False
15,82,995,,,False
26,100,995,,,False
30,117,995,,,False
35,92,995,,,False
65,99,995,,,False
74,115,995,,,False
75,96,995,,,False
86,100,995,,,False
3,104,996,,,False
15,83,996,,,False
16,109,996,,,False
49,98,996,,,False
64,105,996,,,False
78,97,996,,,False
11,96,997,,,False
12,100,997,,,False
16,110,997,,,False
22,115,997,,,False
85,96,997,,,False
2,114,998,,,False
30,118,998,,,False
31,78,998,,,False
42,81,998,,,False
43,93,998,,,False
62,101,998,,,False
80,109,998,,,False
88,113,998,,,False
8,84,999,,,False
18,102,999,,,False
26,101,999,,,False
39,87,999,,,False
41,101,999,,,False
54,102,999,,,False
61,94,999,,,False
74,116,999,,,False
84,104,999,,,False
86,101,999,,,False
90,105,999,,,False
93,97,999,,,False
