slot,mean_version_age,max_version_age,p95_version_age,p99_version_age,top_5pct_mean_version_age,mean_time_age,num_transmitters,num_successful_decodes,num_transmitters_decoded,num_improved_cache_entries,total_version_improvement,mean_vaoi_cluster_0_to_1,max_vaoi_cluster_0_to_1,mean_vaoi_cluster_1_to_0,max_vaoi_cluster_1_to_0
50,14.356060606060606,30.0,25.0,29.0,26.98989898989899,36.85080808080808,19,63,18,839,5359,19.0724,29.0,18.5324,30.0
51,14.395656565656566,30.0,25.0,29.0,27.14949494949495,36.98191919191919,23,51,21,533,3469,19.4724,29.0,18.5288,30.0
52,14.55888888888889,31.0,25.0,29.0,27.278787878787877,37.55252525252525,19,62,18,291,1750,19.8324,29.0,18.794,31.0
53,14.590202020202021,32.0,26.0,30.0,27.65252525252525,37.603737373737374,14,71,14,694,4046,19.8376,30.0,18.9948,32.0
54,14.795858585858586,32.0,26.0,30.0,27.721212121212123,38.18828282828283,20,55,17,317,1726,19.91,30.0,19.3548,32.0
55,14.78040404040404,32.0,26.0,30.0,28.076767676767677,38.24747474747475,17,58,17,587,3717,20.1208,30.0,19.7,32.0
56,15.047777777777778,33.0,26.0,30.0,28.490909090909092,38.82080808080808,17,62,15,319,1709,20.5208,30.0,20.18,33.0
57,15.362929292929293,33.0,27.0,31.0,28.8,39.6479797979798,16,47,14,159,642,20.8008,31.0,20.66,33.0
58,15.743434343434343,33.0,28.0,31.0,29.264646464646464,40.464444444444446,17,57,17,148,688,21.3008,31.0,21.06,33.0
59,16.102222222222224,34.0,28.0,31.0,29.765656565656567,41.27505050505051,18,70,18,141,705,21.7196,31.0,21.5,34.0
60,16.368787878787877,35.0,29.0,31.0,30.543434343434342,41.842121212121214,15,70,14,322,1717,21.8812,31.0,22.0,35.0
61,16.72141414141414,35.0,30.0,32.0,30.87070707070707,42.72787878787879,28,47,20,113,469,22.4012,32.0,22.28,35.0
62,16.764444444444443,36.0,30.0,33.0,31.513131313131314,42.898989898989896,17,54,15,409,3237,22.7584,33.0,22.64,36.0
63,16.997777777777777,36.0,30.0,34.0,31.86868686868687,43.4610101010101,21,56,19,262,1749,23.0868,34.0,23.02,36.0
64,17.246060606060606,36.0,31.0,34.0,32.47878787878788,43.98343434343435,16,69,15,326,1898,23.5256,35.0,23.46,36.0
65,17.45979797979798,36.0,31.0,34.0,32.63232323232323,44.51464646464647,10,57,10,326,1844,23.8764,35.0,23.8,36.0
66,17.70010101010101,36.0,32.0,34.0,33.30707070707071,45.24505050505051,18,58,16,202,1086,24.2764,36.0,24.1,36.0
67,17.797171717171718,37.0,32.0,35.0,33.587878787878786,45.594343434343436,18,59,16,429,2603,24.2876,36.0,24.48,36.0
68,17.86868686868687,37.0,32.0,35.0,33.965656565656566,45.61010101010101,17,61,16,629,3945,24.1804,36.0,24.98,37.0
69,18.115353535353535,38.0,32.0,36.0,34.41010101010101,46.193636363636365,19,61,17,353,1617,24.5804,37.0,25.4,37.0
70,18.213434343434344,39.0,32.0,37.0,34.71313131313131,46.48070707070707,19,56,12,438,2692,24.9404,38.0,25.78,37.0
71,18.464949494949494,39.0,33.0,37.0,35.34747474747475,47.12565656565656,23,50,18,218,1470,25.4212,39.0,26.08,37.0
72,18.475454545454546,40.0,33.0,36.0,35.62020202020202,47.253838383838385,14,60,14,592,3658,25.2352,39.0,26.48,37.0
73,18.655757575757576,41.0,33.0,37.0,36.044444444444444,47.846464646464646,20,62,19,279,1581,25.5552,40.0,26.84,38.0
74,18.78272727272727,42.0,34.0,37.0,36.37979797979798,48.21424242424242,16,54,13,431,2604,25.5676,40.0,27.28,38.0
75,18.861313131313132,43.0,34.0,37.0,36.55353535353535,48.673737373737374,15,57,15,398,2192,25.7384,40.0,27.6,38.0
76,19.069595959595958,43.0,35.0,38.0,36.90707070707071,49.272222222222226,18,51,14,293,1601,26.0984,40.0,27.98,39.0
77,19.225656565656564,43.0,35.0,38.0,37.21212121212121,49.53979797979798,17,56,15,460,2910,26.1596,41.0,28.46,39.0
78,19.482020202020202,43.0,35.0,39.0,37.587878787878786,50.16070707070707,17,68,17,280,1521,26.4904,42.0,28.84,40.0
79,19.364747474747475,44.0,36.0,39.0,37.763636363636365,49.99363636363636,17,55,14,412,4725,26.7528,42.0,29.24,40.0
80,19.308888888888887,43.0,36.0,39.01000000000022,37.955555555555556,49.88262626262626,12,62,12,386,4513,27.156,43.0,29.56,40.0
81,19.585959595959597,43.0,36.0,40.0,38.36767676767677,50.37626262626262,15,56,14,364,2009,27.616,43.0,30.06,41.0
82,19.76949494949495,44.0,37.0,41.0,38.882828282828285,50.933838383838385,15,49,12,279,1747,27.936,44.0,30.46,42.0
83,20.15030303030303,44.0,37.0,41.0,39.05656565656566,51.775858585858586,24,56,21,154,586,28.296,44.0,30.98,42.0
84,20.308888888888887,44.0,37.0,41.0,39.292929292929294,52.10838383838384,13,54,12,307,2588,28.292,44.0,31.46,42.0
85,20.382727272727273,44.0,38.0,42.0,39.61212121212121,52.3940404040404,20,57,17,349,2833,28.3532,44.0,31.76,42.0
86,20.572424242424244,44.0,38.0,43.0,40.30707070707071,52.92262626262626,20,57,17,294,1884,28.6388,44.0,32.12,43.0
87,20.751919191919193,44.0,39.0,43.0,40.71313131313131,53.55050505050505,24,52,23,205,1490,28.9588,44.0,32.46,43.0
88,20.68,45.0,39.0,43.0,41.24040404040404,53.62919191919192,15,76,15,451,3583,28.3808,45.0,32.76,44.0
89,20.758787878787878,45.0,40.0,44.0,41.81414141414142,53.75555555555555,24,60,22,420,3477,28.7316,45.0,33.16,45.0
90,20.874545454545455,46.0,40.0,45.0,42.37171717171717,53.972727272727276,18,48,17,306,3111,28.1348,45.0,33.66,46.0
91,21.0489898989899,46.0,41.0,45.0,43.1030303030303,54.31232323232323,12,63,11,323,2629,28.1164,46.0,34.08,46.0
92,20.947777777777777,47.0,41.0,45.0,43.2989898989899,54.102222222222224,17,55,16,465,4764,27.978,47.0,34.5,46.0
93,21.13131313131313,48.0,41.0,45.0,43.60808080808081,54.64969696969697,18,59,16,233,1747,27.894,48.0,34.94,46.0
94,20.908686868686868,48.0,42.0,46.0,43.78989898989899,54.137979797979796,19,59,17,480,5867,27.202,48.0,35.28,46.0
95,20.64919191919192,49.0,42.0,46.0,43.97373737373737,53.69565656565656,24,59,21,526,5737,25.9968,49.0,35.56,46.0
96,20.387272727272727,50.0,42.0,47.0,44.339393939393936,53.05111111111111,27,50,19,719,6652,25.0828,50.0,36.02,47.0
97,20.425050505050503,51.0,43.0,48.0,45.03838383838384,52.99535353535354,15,57,15,542,4180,24.7748,51.0,36.52,48.0
98,20.451818181818183,52.0,43.0,49.0,45.35353535353536,52.99747474747475,20,67,18,421,3893,24.6416,52.0,37.02,49.0
99,20.517171717171717,53.0,43.0,49.0,45.484848484848484,53.188383838383835,14,53,14,479,3214,24.674,53.0,37.44,50.0
100,20.22040404040404,53.0,44.0,49.0,46.002020202020205,52.23646464646465,16,59,14,578,7492,22.93,53.0,37.92,50.0
101,19.993535353535353,54.0,44.0,49.0,46.33737373737374,51.76,16,60,13,533,5711,22.178,54.0,38.28,51.0
102,20.11030303030303,54.0,45.0,49.0,46.862626262626264,52.01535353535353,15,59,13,362,2903,22.598,54.0,38.68,51.0
103,19.934747474747475,55.0,45.0,50.0,47.40808080808081,51.71393939393939,12,67,11,609,5203,22.7684,55.0,39.08,51.0
104,19.89151515151515,56.0,46.0,50.0,47.84848484848485,51.525454545454544,13,62,13,577,4586,22.0764,56.0,39.56,52.0
105,20.23979797979798,56.0,46.0,50.0,48.1030303030303,52.23979797979798,20,49,18,173,1106,22.5316,56.0,39.96,52.0
106,20.55212121212121,57.0,46.0,50.0,48.60808080808081,53.05717171717172,22,53,19,141,670,22.8916,57.0,40.36,52.0
107,20.77,58.0,47.0,51.0,49.16767676767677,53.53828282828283,15,49,14,314,2100,23.3316,58.0,40.78,53.0
108,20.874545454545455,59.0,47.0,51.0,49.313131313131315,53.84414141414141,16,59,12,416,2727,23.5328,59.0,41.1,54.0
109,20.712929292929292,59.0,47.0,51.0,49.48888888888889,53.60454545454545,25,49,15,400,4867,22.9016,59.0,41.38,54.0
110,20.774343434343436,60.0,47.0,51.0,49.826262626262626,53.60353535353536,17,59,15,373,3946,22.5244,60.0,41.84,54.0
111,20.265454545454546,57.0,48.0,52.0,50.385858585858585,52.27,15,63,13,784,9196,20.9104,57.0,42.3,55.0
112,20.648585858585857,57.0,48.0,52.0,50.90909090909091,53.079292929292926,20,47,17,136,761,21.3904,57.0,42.74,56.0
113,20.863535353535354,58.0,49.0,53.0,51.58181818181818,53.22909090909091,17,50,14,450,3416,21.5664,58.0,43.32,56.0
114,20.707070707070706,58.0,50.0,53.0,51.888888888888886,52.79707070707071,17,69,16,554,5608,20.8048,58.0,43.66,56.0
115,20.768383838383837,58.0,50.0,53.0,52.2969696969697,52.95121212121212,13,63,13,498,3254,20.5264,58.0,44.12,57.0
116,21.165555555555557,59.0,51.0,53.0,52.58181818181818,53.782525252525254,18,49,14,124,622,21.0664,59.0,44.5,57.0
117,21.436060606060607,60.0,51.0,54.0,53.2989898989899,54.58151515151515,17,51,16,159,787,21.3864,60.0,44.88,57.0
118,21.645252525252527,61.0,51.0,54.0,53.406060606060606,55.204949494949496,19,59,16,258,1394,21.572,61.0,45.2,57.0
119,21.7520202020202,61.0,51.0,55.0,53.806060606060605,55.384343434343435,16,68,16,415,3200,21.7528,61.0,45.58,58.0
120,21.87909090909091,62.0,52.0,55.0,54.193939393939395,55.524848484848484,15,60,15,535,3296,21.9744,62.0,46.08,58.0
121,21.856464646464648,63.0,52.0,56.0,54.577777777777776,55.47646464646465,16,61,15,545,4085,21.6664,63.0,46.44,59.0
122,21.9669696969697,63.0,52.0,57.0,55.08282828282828,55.81969696969697,18,57,17,374,2569,21.5632,63.0,46.8,60.0
123,22.1820202020202,64.0,53.0,57.0,55.577777777777776,56.30040404040404,27,50,19,299,2029,21.9088,64.0,47.26,61.0
124,22.114040404040406,61.0,53.0,57.0,55.82828282828283,56.148989898989896,12,67,12,503,4435,21.5208,48.0,47.68,61.0
125,21.68292929292929,61.0,54.0,57.0,56.121212121212125,55.13111111111111,16,66,13,959,7733,20.5096,48.0,48.02,61.0
126,21.774343434343436,62.0,54.0,57.0,56.72727272727273,55.096060606060604,11,76,11,647,4045,20.3424,49.0,48.6,62.0
127,22.140808080808082,62.0,55.0,58.0,57.323232323232325,55.94131313131313,25,37,21,120,629,20.7824,50.0,49.02,62.0
128,22.0479797979798,62.0,55.0,59.0,57.82828282828283,55.57424242424243,17,53,17,727,5275,20.064,50.0,49.44,62.0
129,22.139898989898988,63.0,55.0,60.0,58.43434343434343,55.86767676767677,14,47,12,465,2852,19.9656,50.0,49.86,63.0
130,22.406666666666666,63.0,56.0,60.0,58.62626262626262,56.55686868686869,22,50,20,224,1220,20.4056,50.0,50.2,63.0
131,22.588080808080807,64.0,56.0,60.0,58.92929292929293,57.030707070707074,15,53,15,308,2065,20.6816,50.0,50.52,64.0
132,22.615454545454547,64.0,57.0,60.0,59.323232323232325,57.305454545454545,16,65,15,446,2996,20.612,50.0,50.88,64.0
133,22.587272727272726,65.0,57.0,61.0,59.62626262626262,57.08989898989899,20,57,19,656,4932,20.1048,50.0,51.28,65.0
134,22.848282828282827,65.0,57.0,62.0,59.92929292929293,57.773434343434346,12,62,12,253,1277,20.4648,50.0,51.7,65.0
135,22.74191919191919,65.0,58.0,62.0,60.22222222222222,57.70696969696969,20,61,19,635,4320,20.2712,51.0,52.0,65.0
136,22.240909090909092,66.0,58.0,63.0,60.82828282828283,56.46333333333333,16,57,13,1083,8821,18.4736,52.0,52.4,66.0
137,22.452929292929294,67.0,59.0,64.0,61.323232323232325,56.83050505050505,16,52,14,396,2554,18.5728,52.0,52.94,67.0
138,22.705252525252526,67.0,59.0,65.0,61.72727272727273,57.423737373737374,23,56,21,304,1660,18.9024,52.0,53.3,67.0
139,23.064343434343435,68.0,60.0,66.0,62.22222222222222,58.30595959595959,25,49,22,116,504,19.3624,52.0,53.66,68.0
140,22.943838383838383,68.0,60.0,67.0,62.72727272727273,57.863838383838385,25,57,23,673,5549,18.104,53.0,54.12,68.0
141,23.18777777777778,68.0,60.0,68.0,63.23232323232323,58.396262626262626,14,56,14,289,1941,18.724,53.0,54.38,68.0
142,23.266565656565657,68.0,61.0,68.0,63.42424242424242,58.87191919191919,13,63,13,389,2190,19.084,53.0,54.62,68.0
143,23.693131313131314,69.0,61.0,68.0,63.62626262626262,59.74575757575757,25,46,16,154,529,19.564,53.0,55.1,69.0
144,23.816969696969696,69.0,62.0,69.0,64.22222222222223,60.155757575757576,16,60,11,408,2338,19.4868,53.0,55.52,69.0
145,23.740909090909092,69.0,62.0,69.0,64.42424242424242,59.943030303030305,17,54,11,653,4812,18.9444,54.0,55.98,69.0
146,23.934646464646466,69.0,63.0,69.0,65.02020202020202,60.38292929292929,15,69,14,437,2240,19.3444,54.0,56.42,69.0
147,24.142020202020202,70.0,63.0,69.0,65.32323232323232,60.88757575757576,11,68,11,373,2006,19.4636,55.0,56.82,70.0
148,23.788383838383837,70.0,63.0,67.0,65.42424242424242,60.336868686868684,15,60,12,496,6273,19.5212,55.0,55.3152,70.0
149,23.735757575757575,70.0,63.0,67.0,65.37373737373737,60.48737373737374,23,52,20,252,3392,19.5712,55.0,54.7028,70.0
150,23.64939393939394,70.0,63.0,67.0,65.63636363636364,60.32131313131313,24,59,22,239,4716,19.9112,55.0,53.438,70.0
151,23.74737373737374,71.0,64.0,67.0,66.36363636363636,60.612626262626264,22,58,18,463,2792,19.9088,56.0,53.898,71.0
152,23.954646464646466,71.0,64.04999999999927,67.0,66.72727272727273,61.16080808080808,21,55,17,351,1809,20.2532,56.0,54.258,71.0
153,24.091919191919192,71.0,65.0,68.0,67.0909090909091,61.36363636363637,19,58,19,530,3096,20.3076,56.0,54.738,71.0
154,24.162727272727274,71.0,65.0,69.0,67.57777777777778,61.434444444444445,20,65,18,340,3754,20.6364,56.0,54.3056,71.0
155,24.482323232323232,72.0,66.0,69.0,67.86666666666666,62.1440404040404,20,57,19,247,1192,21.0964,57.0,54.7256,72.0
156,24.216363636363635,73.0,66.0,69.0,68.2909090909091,61.386767676767676,20,58,19,523,7088,21.2268,57.0,53.4208,73.0
157,24.424141414141413,73.0,66.0,70.0,68.54545454545455,61.96767676767677,28,50,21,331,1606,21.6068,57.0,53.7808,73.0
158,24.25040404040404,74.0,66.0,71.0,69.14747474747475,61.468686868686866,16,57,15,617,6076,21.5972,57.0,53.4484,74.0
159,23.455858585858586,75.0,66.0,71.0,69.12727272727273,59.53808080808081,15,57,14,498,11826,21.9572,58.0,49.6264,75.0
160,23.575252525252527,76.0,66.0,71.0,69.39393939393939,59.776363636363634,20,54,16,251,3075,22.186,58.0,49.254,76.0
161,22.854444444444443,77.0,67.0,71.0,69.71515151515152,58.01767676767677,20,49,17,708,10997,21.7372,58.0,47.1568,77.0
162,22.55818181818182,78.0,67.0,72.0,69.96969696969697,57.29272727272727,16,62,15,513,6992,21.7228,59.0,45.852,78.0
163,21.99858585858586,79.0,66.0,72.0,70.0909090909091,56.01585858585859,13,70,13,634,9203,21.7112,59.0,43.6132,79.0
164,21.413333333333334,80.0,65.0,72.0,69.83232323232323,54.64212121212121,21,51,19,409,9556,21.9556,59.0,40.6436,80.0
165,20.90141414141414,80.0,64.0,72.0,69.57575757575758,53.387979797979796,15,49,15,510,9028,21.9012,59.0,38.3432,80.0
166,20.507272727272728,81.0,63.0,72.0,69.04444444444445,52.3049494949495,19,60,18,524,8357,22.0944,60.0,36.266,81.0
167,20.617373737373736,82.0,63.0,72.0,69.10909090909091,52.534141414141416,19,53,16,219,3068,22.4744,60.0,35.8736,82.0
168,20.73141414141414,82.0,64.0,73.0,69.55959595959595,52.8930303030303,17,49,15,436,2534,22.4164,60.0,36.2936,82.0
169,20.640505050505052,83.0,63.0,72.0,69.16565656565656,52.52030303030303,16,58,15,347,5553,22.8008,60.0,35.0688,83.0
170,20.735252525252527,83.0,63.0,73.0,69.22424242424242,52.6679797979798,22,50,17,241,3418,23.016,61.0,34.6964,83.0
171,21.02232323232323,83.0,63.0,73.0,69.72323232323232,53.201919191919195,14,65,14,326,1910,23.496,61.0,35.1764,83.0
172,20.578585858585857,83.0,62.0,73.0,69.53939393939395,52.16707070707071,9,64,9,704,8056,23.292,61.0,34.684,83.0
173,20.67919191919192,84.0,62.0,74.0,69.95151515151515,52.41070707070707,24,49,18,315,3063,23.2928,62.0,35.104,84.0
174,20.774040404040402,84.0,62.0,74.0,70.19393939393939,52.973232323232324,20,61,18,261,1734,23.6128,62.0,35.2424,84.0
175,21.1179797979798,84.0,63.0,74.0,70.68484848484849,53.76646464646465,18,52,13,148,852,23.9728,62.0,35.7424,84.0
176,21.29919191919192,84.0,63.0,75.0,71.12121212121212,54.24747474747475,22,61,20,344,2166,24.3728,62.0,36.1424,84.0
177,21.653737373737375,85.0,64.0,75.0,71.61212121212121,54.94777777777778,20,53,17,173,1143,24.8328,63.0,36.6224,85.0
178,21.607272727272726,86.0,63.0,75.0,71.24444444444444,54.934141414141415,20,58,19,358,4123,25.2528,63.0,36.0084,86.0
179,21.793636363636363,86.0,59.0,75.0,70.71717171717172,55.1789898989899,18,51,16,202,3006,25.8128,64.0,35.576,86.0
180,20.95030303030303,86.0,50.0,76.0,70.70707070707071,53.07989898989899,11,64,11,936,12210,23.7784,38.0,35.588,86.0
181,21.31737373737374,87.0,50.0,76.0,71.13131313131314,53.97939393939394,24,49,20,93,425,24.1784,38.0,36.008,87.0
182,21.555353535353536,87.0,51.0,77.0,71.48484848484848,54.54212121212121,16,60,15,268,1802,24.6584,39.0,36.2048,87.0
183,21.79969696969697,88.0,52.0,78.0,72.02020202020202,55.01686868686868,15,61,15,345,2036,25.0184,40.0,36.3368,88.0
184,22.037979797979798,88.0,52.0,78.0,72.44444444444444,55.658181818181816,18,58,17,214,1403,24.96,40.0,36.7568,88.0
185,22.134242424242423,89.0,53.0,79.0,72.83838383838383,55.89919191919192,14,74,13,445,2908,25.292,40.0,36.912,89.0
186,20.306868686868686,89.0,43.0,47.0,47.72929292929293,51.42909090909091,12,67,12,919,21952,25.692,40.0,29.6204,89.0
187,20.65858585858586,90.0,43.0,47.0,48.03232323232323,52.18363636363637,25,39,20,155,973,26.112,41.0,30.0188,90.0
188,20.706969696969697,48.0,43.0,48.0,45.71111111111111,52.27242424242424,17,67,17,306,3679,26.532,42.0,29.5864,48.0
189,20.635353535353534,48.0,43.0,48.0,45.945454545454545,52.184444444444445,13,69,13,559,4372,26.7804,42.0,29.4008,48.0
190,20.816969696969696,48.0,44.0,48.0,46.375757575757575,52.61030303030303,20,60,17,362,2261,26.9756,43.0,29.8192,48.0
191,20.32959595959596,49.0,44.0,48.0,46.670707070707074,51.32080808080808,10,66,10,1117,8983,27.2396,43.0,28.4768,49.0
192,19.996868686868687,49.0,43.0,49.0,46.68484848484849,50.506565656565655,17,62,16,806,7254,27.1736,43.0,27.7328,49.0
193,19.5810101010101,50.0,44.0,49.0,46.82424242424243,49.60333333333333,23,64,20,876,7681,27.12,44.0,27.556,50.0
194,19.49161616161616,50.0,44.0,50.0,47.04040404040404,49.328383838383836,20,57,15,577,5043,27.092,44.0,27.2472,50.0
195,19.604242424242425,51.0,45.0,51.0,47.686868686868685,49.51090909090909,16,47,15,284,3241,26.372,45.0,27.7272,51.0
196,19.583232323232323,52.0,45.0,51.0,47.915151515151514,49.49414141414142,18,59,17,386,4069,25.7848,46.0,28.0872,52.0
197,19.70939393939394,53.0,45.0,52.0,48.329292929292926,49.713535353535356,18,62,17,430,3107,26.2048,46.0,27.784,53.0
198,19.94050505050505,53.0,46.0,53.0,48.94949494949495,50.12383838383838,18,43,15,271,2365,26.2248,46.0,28.112,53.0
199,19.69878787878788,54.0,46.0,52.0,49.11919191919192,49.61878787878788,17,55,16,482,6056,25.3248,46.0,28.2216,54.0
200,19.817777777777778,55.0,46.0,52.0,49.339393939393936,49.9530303030303,27,53,21,306,2683,25.3848,47.0,28.4312,55.0
201,20.144141414141416,56.0,47.0,53.0,49.654545454545456,50.40090909090909,15,54,13,255,2214,25.9048,47.0,29.0112,56.0
202,20.122323232323232,57.0,46.0,53.0,49.73939393939394,50.30989898989899,10,46,10,497,4473,26.4248,48.0,28.6696,57.0
203,20.225353535353534,57.0,47.0,54.0,49.93939393939394,50.48262626262626,12,69,12,516,3336,26.5528,49.0,28.7288,57.0
204,19.77919191919192,58.0,47.0,55.0,50.52929292929293,49.2240404040404,13,49,12,921,9268,25.7236,50.0,29.3288,58.0
205,19.397474747474746,58.0,45.0,56.0,50.773737373737376,48.48838383838384,10,50,9,585,7046,24.2756,50.0,29.6488,58.0
206,18.92707070707071,59.0,45.0,57.0,51.21010101010101,47.303636363636365,19,52,18,720,8815,22.5636,50.0,29.708,59.0
207,19.125555555555554,60.0,46.0,57.0,51.48686868686869,47.79868686868687,22,54,17,260,2094,22.9836,50.0,29.7672,60.0
208,19.2310101010101,61.0,46.0,57.0,51.846464646464646,47.95272727272727,19,51,15,410,3510,23.368,51.0,29.8864,61.0
209,19.421818181818182,61.0,46.0,57.0,52.11919191919192,48.481212121212124,21,63,21,257,1972,23.908,51.0,29.956,61.0
210,19.372222222222224,61.0,47.0,58.0,52.634343434343435,48.1620202020202,18,45,16,508,5342,23.248,52.0,30.1352,61.0
211,19.606565656565657,62.0,47.0,58.0,52.73737373737374,48.89979797979798,21,61,19,174,1046,23.548,52.0,30.3448,62.0
212,19.572424242424244,62.0,47.0,58.0,52.785858585858584,49.032929292929296,18,64,15,319,3506,23.888,52.0,30.6448,62.0
213,19.696262626262627,62.0,48.0,58.0,53.05050505050505,49.283838383838386,19,51,17,403,3031,24.308,52.0,30.4032,62.0
214,19.915959595959595,62.0,48.0,58.0,53.20808080808081,50.086060606060606,22,54,20,155,795,24.5,52.0,30.7232,62.0
215,20.022929292929295,63.0,48.0,58.0,53.34141414141414,50.45777777777778,17,64,16,358,2604,24.82,52.0,30.8024,63.0
216,19.974242424242423,64.0,48.0,58.0,53.733333333333334,50.43828282828283,18,57,16,302,4145,24.324,52.0,31.1824,64.0
217,19.79828282828283,64.0,47.04999999999927,58.0,53.846464646464646,50.09121212121212,17,64,14,652,5603,24.764,52.0,30.6704,64.0
218,20.063232323232324,64.0,48.04999999999927,58.0,54.36363636363637,50.73141414141414,24,55,18,221,1535,25.184,53.0,31.0904,64.0
219,20.23949494949495,65.0,49.0,59.0,54.74545454545454,51.10717171717172,20,61,18,202,2413,25.544,53.0,31.5704,65.0
220,20.343434343434343,66.0,49.0,59.0,55.16969696969697,51.2879797979798,17,58,15,377,3228,25.1952,53.0,32.1104,66.0
221,20.423030303030302,67.0,49.0,59.0,55.57373737373737,51.39070707070707,17,55,16,410,3667,25.6752,53.0,32.36,67.0
222,20.53868686868687,67.0,49.0,59.0,55.913131313131316,51.65030303030303,17,63,15,317,2914,26.0752,54.0,32.78,67.0
223,20.460808080808082,67.0,49.0,59.0,56.147474747474746,51.60686868686869,16,68,16,503,4236,25.9472,55.0,33.18,67.0
224,20.471818181818183,68.0,50.0,59.0,56.51313131313131,51.56212121212121,22,57,18,317,4148,26.2268,55.0,33.64,68.0
225,20.54909090909091,68.0,50.0,59.0,56.614141414141415,51.94464646464647,23,62,21,378,2502,26.4864,55.0,33.92,68.0
226,19.984848484848484,69.0,50.0,60.0,57.329292929292926,50.336868686868684,9,56,9,935,10536,24.6524,56.0,34.44,69.0
227,19.934444444444445,70.0,50.0,60.0,57.717171717171716,50.22616161616162,18,55,16,432,4459,24.1364,56.0,34.9,70.0
228,19.716868686868686,70.0,50.0,60.0,57.85656565656566,49.72767676767677,21,51,16,545,6114,23.152,57.0,35.28,70.0
229,19.49222222222222,71.0,50.0,60.0,58.23030303030303,49.291414141414144,14,57,14,676,5788,22.9436,58.0,35.66,71.0
230,19.514444444444443,72.0,50.0,61.0,58.68282828282828,49.24181818181818,15,53,14,396,4136,23.0624,58.0,36.06,72.0
231,18.81010101010101,73.0,50.0,62.0,58.686868686868685,47.44070707070707,17,56,14,814,11428,20.5,34.0,36.58,73.0
232,18.86888888888889,73.0,51.0,62.0,58.97979797979798,47.708585858585856,17,65,16,402,2982,20.4456,34.0,36.98,73.0
233,19.106363636363636,73.0,51.0,62.0,59.282828282828284,48.286161616161614,19,55,16,227,1708,20.6784,35.0,37.38,73.0
234,19.31939393939394,74.0,51.0,63.0,59.686868686868685,48.927373737373735,20,64,17,220,1455,20.9984,36.0,37.78,74.0
235,19.650606060606062,74.0,51.0,63.0,60.09090909090909,49.74323232323232,16,65,14,137,780,21.3752,36.0,38.22,74.0
236,20.00151515151515,74.0,51.0,63.0,60.494949494949495,50.64727272727273,22,60,20,108,387,21.7552,37.0,38.62,74.0
237,20.296666666666667,74.0,52.0,63.0,60.78787878787879,51.46030303030303,25,46,20,142,741,22.0952,38.0,39.02,74.0
238,20.55030303030303,74.0,53.0,63.0,60.97979797979798,52.21787878787879,22,57,19,193,954,22.4952,39.0,39.32,74.0
239,20.854545454545455,74.0,53.0,64.0,61.282828282828284,53.031010101010104,25,51,21,126,750,22.6248,39.0,39.76,74.0
240,20.994545454545456,74.0,53.0,64.0,61.78787878787879,53.45727272727273,19,72,18,372,2376,22.5904,39.0,40.18,74.0
241,21.009090909090908,74.0,54.0,65.0,61.95151515151515,53.551515151515154,14,60,12,309,3717,22.9608,39.0,39.4352,74.0
242,21.228686868686868,75.0,55.0,65.0,62.31111111111111,54.04959595959596,21,50,16,160,1984,23.3408,39.0,39.3228,75.0
243,21.385555555555555,75.0,55.0,66.0,62.5010101010101,54.27141414141414,19,47,16,446,3001,23.4164,40.0,39.8028,75.0
244,21.684848484848484,75.0,55.0,66.0,62.97575757575758,54.967171717171716,17,61,16,207,1195,23.8564,40.0,40.2028,75.0
245,21.837575757575756,75.0,55.0,67.0,63.73535353535353,55.32818181818182,24,54,20,365,2547,23.8252,40.0,40.6228,75.0
246,21.75868686868687,76.0,56.0,67.0,64.07070707070707,55.33767676767677,15,63,14,584,3949,23.6796,41.0,40.8628,76.0
247,21.566868686868688,77.0,56.0,67.0,64.0,55.04707070707071,19,66,18,464,5166,24.0196,41.0,40.038,77.0
248,21.63888888888889,77.0,57.0,67.0,64.36363636363636,55.33919191919192,23,54,20,377,2950,23.578,41.0,40.458,77.0
249,21.365757575757577,77.0,57.0,67.0,64.12323232323233,54.93616161616161,21,44,20,496,5773,23.17,42.0,39.5732,77.0
250,20.547373737373736,77.0,55.0,67.0,63.147474747474746,53.005959595959595,14,60,14,783,12062,23.1188,42.0,36.4188,77.0
251,20.397474747474746,77.0,52.0,68.0,62.783838383838386,52.65616161616162,21,54,21,373,5444,23.5188,42.0,35.1016,77.0
252,19.82959595959596,78.0,47.0,68.0,61.35353535353536,51.29272727272727,22,44,15,642,9582,23.8188,43.0,32.7396,78.0
253,19.2210101010101,78.0,44.0,67.0,58.981818181818184,50.086262626262624,23,54,18,530,8995,24.1188,44.0,30.1776,78.0
254,19.025454545454547,78.0,42.0,68.0,57.30909090909091,49.67545454545454,16,49,14,406,5698,24.2868,45.0,28.8604,78.0
255,19.0089898989899,78.0,42.0,68.0,56.91111111111111,49.76383838383838,19,60,18,391,3727,24.6468,45.0,28.648,78.0
256,18.54090909090909,79.0,43.0,68.0,55.86060606060606,48.646868686868686,15,65,15,677,8693,23.46,46.0,27.8232,79.0
257,18.39949494949495,79.0,42.0,66.0,54.163636363636364,48.05444444444444,19,63,17,499,6449,23.6424,47.0,26.586,79.0
258,18.204545454545453,79.0,41.0,62.0,52.08080808080808,47.62292929292929,19,58,18,393,5791,23.9656,48.0,25.2288,79.0
259,18.37838383838384,80.0,41.0,63.0,52.40808080808081,48.1869696969697,13,57,11,284,1744,24.17,49.0,25.3896,80.0
260,18.517676767676768,80.0,42.0,63.0,52.86060606060606,48.516969696969696,16,58,15,393,2581,24.1268,49.0,25.8096,80.0
261,18.53040404040404,81.0,42.0,63.01000000000022,52.395959595959596,48.45747474747475,14,72,14,437,4230,24.4864,50.0,25.6348,81.0
262,18.77808080808081,81.0,42.0,64.01000000000022,52.74545454545454,48.99181818181818,18,61,18,273,1805,24.6856,50.0,25.984,81.0
263,18.826262626262626,82.0,42.0,61.01000000000022,51.41616161616162,48.93606060606061,20,60,16,312,4275,25.1624,50.0,25.1776,82.0
264,17.32939393939394,82.0,37.0,45.0,42.464646464646464,45.178282828282825,15,68,15,1348,18977,24.7712,50.0,20.746,82.0
265,17.086262626262627,51.0,37.0,45.0,41.21818181818182,44.65373737373737,14,60,12,597,6070,24.1136,51.0,20.4028,37.0
266,17.107979797979798,52.0,38.0,46.0,41.72727272727273,44.705252525252526,18,61,17,366,3745,24.5104,52.0,20.8028,38.0
267,17.384848484848487,53.0,38.0,47.0,42.094949494949496,45.3940404040404,23,63,18,219,1219,24.8616,53.0,21.2228,38.0
268,17.363131313131312,54.0,38.0,47.0,42.3979797979798,45.32676767676767,26,62,23,417,4274,24.46,54.0,21.5828,38.0
269,17.197070707070708,54.0,38.0,47.0,42.57979797979798,44.977474747474744,13,60,13,517,5208,24.4328,54.0,21.9012,38.0
270,17.237676767676767,55.0,38.0,47.0,42.78989898989899,45.19989898989899,19,50,15,343,3063,24.3052,55.0,22.2504,39.0
271,17.453030303030303,56.0,38.0,47.0,43.214141414141416,45.7269696969697,21,65,19,268,1828,24.7924,56.0,22.5504,39.0
272,17.693737373737374,56.0,39.0,48.0,43.39191919191919,46.326565656565656,16,69,16,236,1577,25.086,56.0,23.0504,39.0
273,18.01040404040404,57.0,40.0,48.0,43.97979797979798,47.06969696969697,18,59,17,185,1023,25.486,57.0,23.4904,40.0
274,18.25030303030303,57.0,40.0,48.0,44.220202020202024,47.792020202020204,19,49,17,176,1090,25.8628,57.0,23.6688,40.0
275,18.51040404040404,58.0,40.0,48.0,44.577777777777776,48.46454545454545,23,60,22,244,1286,26.2796,58.0,24.0288,40.0
276,18.463535353535352,58.0,40.0,48.0,44.78989898989899,48.3479797979798,14,52,14,460,4325,26.312,58.0,24.1564,41.0
277,18.173232323232323,58.0,40.0,48.0,45.11515151515152,47.84878787878788,19,59,18,533,5745,26.592,58.0,24.3148,41.0
278,17.9589898989899,59.0,40.0,48.0,44.97373737373737,47.29020202020202,17,64,15,643,6180,26.1768,59.0,24.4516,42.0
279,16.924141414141413,59.0,40.0,46.0,43.24848484848485,44.69686868686869,22,59,19,931,14205,24.1512,59.0,24.336,43.0
280,17.00919191919192,60.0,40.0,47.0,43.846464646464646,44.972626262626264,19,57,17,412,2821,24.3584,60.0,24.5728,44.0
281,17.23989898989899,60.0,41.0,47.0,44.24848484848485,45.457070707070706,18,58,15,329,1973,24.7784,60.0,24.8004,45.0
282,17.365959595959595,61.0,41.0,48.0,44.7030303030303,45.834242424242426,22,63,20,363,2415,25.1784,61.0,25.1404,45.0
283,17.35151515151515,61.0,41.0,48.0,45.04040404040404,45.725353535353534,18,60,18,614,4301,25.5784,61.0,24.9432,46.0
284,17.573434343434343,61.0,41.0,48.0,45.41616161616162,46.51161616161616,17,51,14,180,872,25.9184,61.0,25.2232,46.0
285,17.76161616161616,61.0,42.0,49.0,45.94343434343434,46.953131313131315,21,64,20,371,2196,26.3384,61.0,25.5524,47.0
286,18.113030303030303,62.0,42.0,49.0,46.432323232323235,47.70969696969697,24,55,19,180,976,26.8584,62.0,25.9324,48.0
287,18.392727272727274,63.0,42.0,49.0,46.74949494949495,48.474848484848486,27,54,20,181,894,27.2984,63.0,26.2324,48.0
288,18.458787878787877,64.0,42.0,50.0,47.157575757575756,48.81363636363636,17,53,14,348,2514,27.6584,64.0,26.4416,49.0
289,18.66171717171717,64.0,43.0,50.0,47.51313131313131,49.462323232323236,19,52,15,217,1357,27.9752,64.0,26.7308,49.0
290,18.913838383838385,64.0,43.0,50.0,47.84040404040404,50.09191919191919,18,55,16,194,1464,28.3152,64.0,27.1908,49.0
291,18.816363636363636,65.0,43.0,50.0,48.01616161616162,49.83585858585859,11,61,11,515,4826,28.6952,65.0,26.6404,49.0
292,18.815454545454546,66.0,43.0,51.0,48.35959595959596,49.64767676767677,19,60,18,447,4563,29.1752,66.0,25.8132,50.0
293,19.024242424242424,66.0,43.0,52.0,48.68888888888889,50.19858585858586,18,55,16,217,1794,29.6352,66.0,25.8164,50.0
294,18.8310101010101,66.0,43.0,50.0,47.46060606060606,49.6179797979798,19,65,19,620,6269,28.8892,66.0,26.1456,50.0
295,18.241717171717173,50.0,39.0,47.0,44.04242424242424,48.20232323232323,19,70,19,806,9596,27.2312,43.0,26.2088,50.0
296,18.175151515151516,50.0,39.0,48.0,43.86666666666667,48.026969696969694,30,46,20,404,4520,27.6712,44.0,25.2816,50.0
297,18.36262626262626,50.0,39.0,48.0,44.16565656565657,48.38090909090909,17,67,14,392,2500,28.0912,44.0,25.7416,50.0
298,18.465656565656566,50.0,40.0,48.0,44.46666666666667,48.720202020202024,14,57,13,447,2544,28.4688,45.0,26.0616,50.0
299,18.539494949494948,50.0,40.0,48.0,44.65050505050505,48.95141414141414,23,61,19,385,3031,28.8856,45.0,26.0848,50.0
300,18.726262626262628,51.0,40.0,49.0,45.04242424242424,49.325959595959596,18,62,13,399,2507,29.2856,46.0,26.5648,51.0
301,19.05838383838384,51.0,40.0,49.0,45.26060606060606,50.25575757575758,23,50,21,80,276,29.6256,46.0,26.9448,51.0
302,18.976868686868688,51.0,41.0,49.01000000000022,45.53939393939394,49.997676767676765,15,61,15,563,4965,30.0456,47.0,26.4144,51.0
303,18.955353535353535,51.0,41.0,49.0,45.44444444444444,49.837171717171714,19,61,17,510,4569,30.5456,47.0,25.844,51.0
304,18.39868686868687,51.0,41.0,49.0,44.81818181818182,48.44838383838384,11,67,11,888,9273,30.5384,47.0,23.9664,51.0
305,18.517474747474747,51.0,41.0,50.0,45.05656565656566,48.975050505050504,24,53,19,284,1893,30.7984,47.0,24.0096,51.0
306,18.67,52.0,42.0,51.0,45.28080808080808,49.43050505050505,15,58,14,312,2153,31.1288,47.0,24.0928,52.0
307,18.58939393939394,52.0,41.0,48.0,45.28484848484848,49.3110101010101,19,62,16,505,4362,31.5288,47.0,23.4624,52.0
308,18.61888888888889,53.0,41.0,48.0,45.25858585858586,49.39010101010101,18,58,18,379,3569,31.9656,47.0,22.852,53.0
309,18.723939393939393,54.0,41.0,47.0,45.45454545454545,49.79929292929293,19,61,15,353,2326,32.2056,47.0,22.9752,54.0
310,18.1469696969697,55.0,41.0,47.0,45.30707070707071,48.23353535353535,19,60,17,822,9969,30.4768,47.0,22.7816,55.0
311,18.45838383838384,56.0,41.0,47.0,45.8969696969697,49.01434343434344,16,59,14,159,778,30.9168,47.0,23.1216,56.0
312,18.953434343434342,57.0,42.0,48.0,46.525252525252526,49.888282828282826,20,52,19,123,445,31.4968,48.0,23.6216,57.0
313,18.756666666666668,57.0,42.0,49.0,46.4040404040404,49.355252525252524,21,60,20,406,5908,30.168,49.0,23.7248,57.0
314,18.846161616161616,57.0,43.0,50.0,46.89090909090909,49.652424242424246,18,58,14,283,2678,30.0808,50.0,24.1048,57.0
315,19.05121212121212,57.0,43.0,50.0,47.216161616161614,50.276767676767676,18,67,15,261,1534,30.2632,50.0,24.4448,57.0
316,19.054040404040403,58.0,43.0,51.0,47.48686868686869,50.32979797979798,19,55,14,339,3734,29.7088,51.0,24.9048,58.0
317,19.293434343434342,59.0,44.0,51.0,47.913131313131316,50.90080808080808,20,57,17,317,1788,29.9712,51.0,25.2848,59.0
318,18.93050505050505,59.0,44.0,51.0,47.977777777777774,50.16444444444444,15,51,14,535,6761,28.3848,51.0,25.4236,59.0
319,19.027878787878787,60.0,44.0,52.0,48.4040404040404,50.526060606060604,17,54,15,307,2501,28.3376,52.0,25.7436,60.0
320,18.78868686868687,60.0,44.0,52.0,48.717171717171716,49.914848484848484,17,57,14,574,6229,27.396,52.0,26.1836,60.0
321,17.426868686868687,60.0,41.0,51.0,46.806060606060605,46.33252525252525,16,55,15,1309,17739,24.2796,52.0,25.0596,60.0
322,16.67050505050505,53.0,37.0,48.0,43.58181818181818,44.37828282828283,23,62,17,984,11448,23.2604,53.0,23.4988,37.0
323,16.964949494949494,54.0,37.0,49.0,44.09090909090909,45.079292929292926,18,60,17,217,1144,23.7004,54.0,23.8788,37.0
324,17.20747474747475,54.0,38.0,49.0,44.4,45.73191919191919,20,61,18,256,1361,24.0204,54.0,24.3188,38.0
325,17.514040404040404,54.0,39.0,49.0,44.70909090909091,46.473333333333336,14,54,12,185,1024,24.3404,54.0,24.6376,38.0
326,17.78,54.0,39.0,49.0,45.03636363636364,47.205858585858586,18,38,14,243,1129,24.6804,54.0,25.0576,39.0
327,17.916767676767677,54.0,39.0,49.0,45.43636363636364,47.4789898989899,18,60,17,466,2903,24.804,54.0,25.4976,39.0
328,17.99959595959596,55.0,40.0,50.0,45.78181818181818,47.75616161616161,14,60,13,457,2942,24.9076,55.0,25.8576,40.0
329,18.116262626262625,56.0,40.0,50.0,46.204040404040406,48.160909090909094,18,53,16,309,2310,25.1876,56.0,26.0964,41.0
330,18.062020202020204,56.0,41.0,50.0,46.67272727272727,47.81868686868687,19,64,16,660,5289,25.3712,56.0,25.8516,41.0
331,18.19040404040404,57.0,42.0,50.0,47.163636363636364,48.18020202020202,15,66,13,385,2590,25.4864,57.0,26.2716,42.0
332,18.447777777777777,58.0,43.0,51.0,47.945454545454545,48.67030303030303,13,48,10,280,2006,25.9864,58.0,26.6916,43.0
333,18.61141414141414,59.0,43.0,52.0,48.30909090909091,49.15030303030303,13,67,12,377,2043,26.1688,59.0,27.0516,43.0
334,18.64030303030303,60.0,43.0,52.0,48.686868686868685,49.41737373737374,14,53,9,516,2981,25.6784,60.0,27.4116,44.0
335,18.901818181818182,61.0,43.0,52.0,49.05050505050505,50.241616161616165,15,39,13,122,678,26.0784,61.0,27.6716,44.0
336,19.17818181818182,62.0,44.0,53.0,49.5030303030303,50.84010101010101,16,61,16,273,1521,26.4784,62.0,27.9504,45.0
337,18.93959595959596,62.0,44.0,53.0,49.85858585858586,50.284343434343434,16,55,14,818,6124,26.5808,62.0,27.5044,45.0
338,19.132727272727273,62.0,45.0,54.0,50.30909090909091,50.8160606060606,17,66,16,308,1850,27.0008,62.0,27.6632,46.0
339,19.38171717171717,63.0,45.0,54.0,50.81818181818182,51.464141414141416,21,58,16,207,1396,27.3808,63.0,28.0632,46.0
340,19.592828282828282,63.0,46.0,54.0,51.30909090909091,51.851616161616164,24,57,21,339,2365,27.8608,63.0,28.4832,47.0
341,19.606969696969696,64.0,45.0,55.0,51.33535353535353,52.01070707070707,15,55,14,311,3226,27.6548,64.0,28.8432,47.0
342,18.404646464646465,64.0,43.0,54.0,48.71313131313131,48.73909090909091,15,61,15,938,16655,24.3212,64.0,28.9608,47.0
343,18.046969696969697,65.0,42.0,54.0,48.53333333333333,47.85090909090909,15,73,15,746,7402,23.4,65.0,28.7668,48.0
344,18.242929292929293,65.0,42.0,54.0,48.913131313131316,48.19232323232323,18,49,15,372,2515,23.6812,65.0,28.8444,49.0
345,18.49949494949495,66.0,43.0,54.01000000000022,49.3979797979798,48.78111111111111,20,58,17,298,1618,24.1212,66.0,29.2444,50.0
346,18.76,67.0,44.0,54.02000000000044,49.85050505050505,49.25181818181818,17,54,16,318,2074,24.5812,67.0,29.362,51.0
347,18.90959595959596,67.0,44.0,55.01000000000022,50.303030303030305,49.64969696969697,17,56,15,353,2281,24.7224,67.0,29.802,51.0
348,18.7889898989899,67.0,44.0,55.0,50.10505050505051,49.523737373737376,19,66,17,483,4362,24.1788,67.0,30.102,51.0
349,19.07292929292929,67.0,44.0,55.0,50.474747474747474,50.21757575757576,22,60,18,239,1149,24.5388,67.0,30.542,51.0
350,19.26848484848485,68.0,45.0,56.0,50.81818181818182,50.655454545454546,15,67,15,355,2024,24.8108,68.0,30.8008,52.0
351,19.12727272727273,68.0,44.0,56.0,50.89090909090909,50.31111111111111,13,63,13,713,5061,25.1908,68.0,29.8924,52.0
352,19.246363636363636,68.0,44.0,57.0,51.101010101010104,50.814343434343435,20,47,19,294,1890,25.4508,68.0,29.89,53.0
353,19.485151515151514,69.0,45.0,57.0,51.47676767676768,51.373636363636365,18,58,18,247,1695,25.8108,69.0,29.9876,53.0
354,19.60090909090909,70.0,44.0,56.0,51.008080808080805,51.59888888888889,20,60,19,256,3012,25.6448,70.0,30.2864,53.0
355,19.854343434343434,70.0,45.0,57.0,51.395959595959596,52.43636363636364,18,56,16,135,560,25.9648,70.0,30.5864,54.0
356,19.658989898989898,70.0,44.0,57.0,51.406060606060606,51.87929292929293,16,70,15,705,5993,25.8484,70.0,29.6076,55.0
357,19.586565656565657,70.0,43.0,57.0,50.733333333333334,51.65868686868687,21,59,18,528,4677,25.7624,70.0,29.6052,55.0
358,19.902424242424242,70.0,43.04999999999927,58.0,51.22222222222222,52.285050505050506,19,63,17,281,1427,26.0836,70.0,30.0252,55.0
359,19.961919191919193,70.0,43.0,58.0,51.27272727272727,52.48434343434344,20,55,19,467,3074,26.4636,70.0,29.7864,55.0
360,19.80060606060606,70.0,43.0,58.0,51.17171717171717,52.254747474747475,19,60,16,565,4765,26.7836,70.0,29.0348,55.0
361,19.425757575757576,71.0,42.0,58.0,50.53333333333333,51.26343434343434,14,69,14,854,7671,27.0248,71.0,27.0904,49.0
362,19.542424242424243,71.0,43.0,58.0,50.903030303030306,51.622727272727275,17,63,16,357,2607,27.3448,71.0,27.5304,50.0
363,19.363838383838385,71.0,43.0,58.0,51.2060606060606,51.00484848484849,14,65,13,703,6322,27.7848,71.0,26.1192,50.0
364,19.488282828282827,71.0,42.04999999999927,58.0,51.43030303030303,51.53050505050505,19,45,16,268,1837,27.8488,71.0,26.2628,51.0
365,19.762828282828284,71.0,43.0,58.0,51.86464646464646,52.143232323232326,16,62,15,232,1539,28.2488,71.0,26.3676,51.0
366,19.68060606060606,71.0,43.0,59.0,52.07272727272727,51.768484848484846,20,56,18,564,5368,28.6688,71.0,25.2128,51.0
367,19.92020202020202,71.0,44.0,59.0,52.6949494949495,52.087878787878786,17,64,15,348,2578,29.0128,71.0,25.6928,52.0
368,20.253131313131313,72.0,44.0,60.0,53.147474747474746,52.863535353535354,16,56,16,174,862,29.3048,72.0,26.1528,53.0
369,20.453131313131312,72.0,44.0,61.0,53.5030303030303,53.470202020202024,20,66,18,235,1584,29.5368,72.0,26.5528,54.0
370,19.98010101010101,73.0,43.0,59.0,52.31717171717172,52.19676767676768,16,64,13,844,8841,28.7156,73.0,25.7908,54.0
371,20.29919191919192,73.0,44.0,59.0,52.81010101010101,52.972929292929294,23,44,19,131,900,28.8968,73.0,26.2508,55.0
372,20.50858585858586,73.0,44.0,60.0,53.096969696969694,53.44808080808081,26,48,20,295,2085,29.1688,73.0,26.4944,56.0
373,20.556262626262626,74.0,44.0,61.0,53.56565656565657,53.556363636363635,22,64,22,493,3389,29.322,74.0,26.6168,57.0
374,20.382626262626264,75.0,44.0,61.0,53.587878787878786,53.24777777777778,15,72,14,693,4986,28.7028,75.0,26.6124,57.0
375,19.857777777777777,75.0,43.0,61.0,53.571717171717175,51.921616161616164,19,61,15,986,9057,27.5844,75.0,26.5196,57.0
376,20.173535353535353,75.0,44.0,62.0,54.09090909090909,52.56212121212121,18,66,17,204,1428,28.1044,75.0,26.9196,57.0
377,19.286161616161618,58.0,39.0,47.0,43.96363636363636,50.437777777777775,7,36,6,702,12151,25.5704,55.0,27.2392,58.0
378,19.108888888888888,58.0,40.0,47.0,43.82222222222222,50.10575757575758,21,62,19,611,5319,25.7624,55.0,26.8512,58.0
379,19.091818181818184,59.0,40.0,47.0,44.25454545454546,49.8520202020202,21,59,18,659,4822,25.6264,55.0,26.9548,59.0
380,19.07939393939394,60.0,40.0,47.0,44.33737373737374,49.843333333333334,17,64,17,501,3885,25.8784,55.0,26.6632,60.0
381,19.158686868686868,60.0,41.0,48.0,44.773737373737376,49.93989898989899,19,67,18,575,3472,25.6824,55.0,27.1032,60.0
382,19.226161616161615,60.0,41.0,48.0,45.23030303030303,50.11616161616162,18,63,17,409,3193,26.0024,56.0,27.4444,60.0
383,19.226060606060607,61.0,41.0,49.0,45.75151515151515,50.07252525252525,14,64,13,570,3961,26.3424,56.0,27.1916,61.0
384,18.33010101010101,57.0,38.0,45.0,43.97575757575758,47.86222222222222,14,57,14,1184,12632,26.2088,57.0,25.8776,44.0
385,18.57171717171717,57.0,39.0,45.0,44.23838383838384,48.44353535353535,22,65,20,257,1667,26.6488,57.0,25.9012,45.0
386,18.694949494949494,58.0,40.0,46.0,44.60606060606061,48.77242424242424,21,58,17,359,2641,27.1088,58.0,25.9836,46.0
387,18.927474747474747,58.0,40.0,46.0,45.022222222222226,49.40191919191919,14,63,14,266,1460,27.5488,58.0,26.3036,46.0
388,18.755454545454544,58.0,40.0,47.0,45.236363636363635,48.965555555555554,19,59,17,412,5663,27.3736,58.0,26.7636,47.0
389,18.16747474747475,59.0,40.0,47.0,44.75151515151515,47.35656565656566,18,66,16,970,10177,26.6664,59.0,26.452,47.0
390,17.88939393939394,60.0,40.0,47.0,44.2020202020202,46.54131313131313,10,37,9,616,7109,26.0592,60.0,26.4976,47.0
391,18.10878787878788,61.0,40.0,47.0,44.42424242424242,47.21333333333333,18,60,17,225,1293,26.4392,61.0,26.6988,47.0
392,18.403737373737375,62.0,41.0,48.0,44.842424242424244,48.03919191919192,18,52,16,130,644,26.8392,62.0,27.0188,48.0
393,18.383636363636363,62.0,40.0,48.0,44.94343434343434,48.02333333333333,17,55,15,435,3961,27.0324,62.0,27.2,48.0
394,18.24959595959596,62.0,41.0,46.0,44.2969696969697,47.69888888888889,18,57,17,497,5089,26.572,62.0,27.62,48.0
395,17.896262626262626,62.0,40.0,46.0,43.7939393939394,46.864747474747475,18,55,15,652,7161,25.3988,62.0,27.96,48.0
396,18.02959595959596,62.0,41.0,46.0,44.24040404040404,47.381919191919195,20,64,19,341,1947,25.7988,62.0,28.22,49.0
397,18.306868686868686,63.0,42.0,47.0,44.593939393939394,48.09222222222222,16,51,15,193,1116,26.2588,63.0,28.54,50.0
398,18.28818181818182,63.0,42.0,47.0,44.92323232323233,48.139191919191916,15,52,12,509,3749,26.5988,63.0,28.3764,50.0
399,18.426868686868687,64.0,42.0,47.0,45.35353535353536,48.50373737373737,20,64,19,408,2587,26.9788,64.0,28.5912,50.0
400,18.620505050505052,50.0,41.0,48.0,45.45656565656566,48.84191919191919,21,51,19,303,2637,27.172,41.0,29.0512,50.0
401,18.835050505050503,50.0,42.0,48.0,45.90909090909091,49.55909090909091,12,55,12,196,1143,27.432,41.0,29.4512,50.0
402,19.104242424242425,51.0,43.0,49.0,46.256565656565655,50.33010101010101,20,40,14,162,899,27.832,41.0,29.7712,51.0
403,19.106666666666666,51.0,44.0,49.0,46.42424242424242,50.35272727272727,16,46,14,490,3837,28.232,41.0,30.0144,51.0
404,19.52747474747475,52.0,44.0,49.0,46.95151515151515,51.21575757575758,28,49,20,123,487,28.632,42.0,30.5544,52.0
405,19.668787878787878,52.0,44.0,50.0,47.45656565656566,51.67323232323233,14,54,14,360,2165,28.992,43.0,30.7092,52.0
406,19.94848484848485,52.0,45.0,51.0,47.95151515151515,52.27171717171717,21,57,19,284,1587,29.452,43.0,30.9924,52.0
407,20.148585858585857,52.0,45.0,51.0,48.25252525252525,52.80909090909091,15,54,14,274,1781,29.872,43.0,31.1452,52.0
408,19.54989898989899,52.0,45.0,52.0,48.63636363636363,51.06919191919192,18,70,17,1190,10580,29.8968,44.0,30.3572,52.0
409,19.794242424242423,53.0,46.0,53.0,49.333333333333336,51.43555555555555,16,66,14,337,2432,29.9216,44.0,30.7288,53.0
410,19.685454545454544,54.0,47.0,53.0,49.92929292929293,51.106161616161614,14,58,14,718,5136,29.84,45.0,31.1488,54.0
411,19.756161616161616,54.0,47.0,53.0,50.13131313131313,51.10151515151515,12,72,12,649,4052,30.32,46.0,31.2184,54.0
412,19.853636363636365,54.0,48.0,54.0,50.62626262626262,51.303030303030305,15,72,14,427,3193,30.2448,47.0,31.4132,54.0
413,19.545858585858586,54.0,48.0,54.0,51.03030303030303,50.442121212121215,15,48,14,713,7304,28.3232,47.0,31.8248,54.0
414,19.21969696969697,55.0,48.0,55.0,51.43434343434343,49.65,14,67,13,1049,7189,28.4856,48.0,31.1788,55.0
415,19.294141414141414,56.0,48.0,55.0,51.7979797979798,49.87585858585859,18,58,18,482,3025,28.8656,49.0,31.2168,56.0
416,19.57919191919192,56.0,49.0,56.0,52.292929292929294,50.65676767676768,24,47,19,140,841,29.2256,50.0,31.5968,56.0
417,19.82888888888889,57.0,49.0,56.0,52.696969696969695,51.407878787878786,23,57,20,213,993,29.5656,50.0,31.8884,57.0
418,20.094343434343433,57.0,49.0,57.0,53.06060606060606,51.95929292929293,16,62,16,289,1728,29.7848,51.0,32.24,57.0
419,20.296464646464646,58.0,50.0,58.0,53.696969696969695,52.378181818181815,21,53,18,353,2256,29.944,51.0,32.7,58.0
420,20.34232323232323,58.0,51.0,58.0,53.92929292929293,52.54303030303031,19,50,17,369,3308,29.3104,51.0,33.08,58.0
421,20.5489898989899,59.0,51.0,58.0,54.23232323232323,53.08343434343434,14,68,14,359,1815,29.7116,51.0,33.42,59.0
422,20.566767676767675,59.0,51.0,59.0,54.63636363636363,53.215858585858584,24,58,21,449,3388,29.2956,51.0,33.8,59.0
423,20.804747474747476,59.0,52.0,59.0,55.13131313131313,53.5910101010101,30,45,24,298,2396,29.2584,52.0,34.26,59.0
424,20.902929292929294,60.0,51.0,59.0,55.52929292929293,53.83979797979798,13,51,12,394,2988,28.782,52.0,34.72,60.0
425,20.855858585858584,60.0,51.0,60.0,55.95757575757576,53.862020202020204,18,59,16,435,3832,28.0684,53.0,35.1,60.0
426,21.046262626262628,61.0,52.0,60.0,56.41616161616162,54.39161616161616,11,52,10,331,1877,28.4084,53.0,35.52,61.0
427,21.067575757575757,61.0,52.0,61.0,56.73737373737374,54.377575757575755,15,47,12,481,3947,28.0156,54.0,35.98,61.0
428,21.045757575757577,62.0,52.0,61.0,57.33131313131313,54.437171717171715,21,54,19,437,3681,27.5972,54.0,36.34,62.0
429,21.212626262626262,63.0,53.0,61.0,57.67272727272727,54.95333333333333,14,56,14,335,1912,27.9772,54.0,36.68,63.0
430,21.232424242424244,63.0,53.0,60.0,57.92929292929293,55.05535353535353,14,60,14,439,3467,28.2348,55.0,36.5412,63.0
431,21.13343434343434,63.0,54.0,60.0,57.97979797979798,54.76616161616162,12,55,12,620,5039,27.922,55.0,36.9012,63.0
432,21.17222222222222,64.0,55.0,60.0,58.56363636363636,54.782222222222224,13,69,13,509,3774,27.9468,55.0,37.2012,64.0
433,21.117272727272727,65.0,55.0,61.0,59.05858585858586,54.6989898989899,16,70,15,536,4207,27.4908,55.0,37.6412,65.0
434,21.322727272727274,66.0,56.0,62.0,59.66262626262626,55.223232323232324,15,73,13,327,1926,27.7284,56.0,38.1212,66.0
435,21.695050505050506,67.0,56.0,63.0,60.26868686868687,55.875151515151515,21,59,19,255,1363,28.1272,57.0,38.7012,67.0
436,21.37242424242424,68.0,55.0,64.0,60.84444444444444,54.93050505050505,18,63,17,706,7649,27.3192,57.0,39.1212,68.0
437,21.75171717171717,69.0,56.0,64.0,61.05252525252525,55.73535353535353,18,52,18,165,799,27.7792,58.0,39.5812,69.0
438,22.07,69.0,56.0,64.0,61.153535353535354,56.47616161616162,21,58,20,199,1007,28.1992,59.0,40.0012,69.0
439,22.406666666666666,70.0,57.0,65.0,61.85454545454545,57.24383838383839,18,71,16,196,924,28.538,59.0,40.4812,70.0
440,22.48181818181818,71.0,57.0,65.0,62.54949494949495,57.33060606060606,19,59,17,407,3513,27.9336,60.0,40.9412,71.0
441,22.69191919191919,71.0,58.0,65.0,62.94949494949495,57.76080808080808,21,60,17,286,2276,28.136,43.0,41.3612,71.0
442,22.901818181818182,71.0,59.0,66.0,63.45454545454545,58.33535353535353,18,61,16,285,1684,28.3524,44.0,41.7812,71.0
443,22.561818181818182,71.0,57.099999999998545,66.0,63.36363636363637,57.4710101010101,18,64,17,551,7425,28.7312,45.0,40.026,71.0
444,22.90919191919192,72.0,58.04999999999927,66.0,64.0,58.207676767676766,16,53,14,192,1115,29.1112,45.0,40.566,72.0
445,23.194545454545455,73.0,58.04999999999927,67.0,64.45454545454545,58.71959595959596,24,53,20,331,2026,29.59,45.0,41.026,73.0
446,22.972626262626264,74.0,53.0,68.0,64.51313131313131,58.00151515151515,17,61,15,471,6949,29.97,45.0,39.4508,74.0
447,23.229292929292928,74.0,53.0,68.0,65.01010101010101,58.34969696969697,23,55,21,348,2607,30.168,45.0,40.0108,74.0
448,22.391414141414142,74.0,53.0,69.0,65.25858585858586,56.28838383838384,15,60,14,1083,11760,26.822,45.0,40.3908,74.0
449,22.221212121212123,74.0,54.0,69.0,65.15151515151516,56.11424242424243,12,63,11,537,4754,26.84,45.0,40.172,74.0
450,21.86979797979798,75.0,54.0,69.0,64.76363636363637,55.254747474747475,17,51,15,586,7340,26.636,45.0,38.9756,75.0
451,22.003434343434343,76.0,55.0,69.0,64.74545454545455,55.64646464646464,19,68,18,277,2439,27.036,46.0,38.7968,76.0
452,20.991515151515152,76.0,51.0,69.0,62.36969696969697,53.23434343434344,13,73,13,839,13582,27.496,46.0,34.7464,76.0
453,21.29030303030303,76.0,51.0,70.0,62.76565656565656,54.0769696969697,14,55,12,149,606,27.856,47.0,35.1064,76.0
454,20.576464646464647,77.0,47.0,69.0,59.551515151515154,52.30030303030303,22,61,18,635,11126,28.336,48.0,31.6748,77.0
455,20.963030303030305,78.0,47.0,69.0,59.93333333333333,53.17151515151515,21,53,17,143,529,28.756,48.0,32.1348,78.0
456,20.85030303030303,78.0,46.0,68.0,58.36363636363637,52.81919191919192,20,51,20,357,5373,29.196,48.0,30.9384,78.0
457,21.02090909090909,78.0,46.0,68.0,58.03232323232323,53.276161616161616,19,50,16,171,2172,29.596,48.0,30.7796,78.0
458,21.08080808080808,79.0,46.0,68.0,57.054545454545455,53.31292929292929,23,56,17,340,3862,30.016,48.0,30.182,79.0
459,20.77010101010101,79.0,45.0,66.0,55.15151515151515,52.64585858585858,17,48,14,458,6541,29.994,49.0,29.0056,79.0
460,21.16050505050505,79.0,45.0,67.0,55.614141414141415,53.45020202020202,14,66,14,182,788,30.374,49.0,29.5656,79.0
461,21.124444444444446,80.0,46.0,66.01000000000022,55.27474747474748,53.33464646464647,15,77,14,428,4515,30.1772,49.0,29.4068,80.0
462,21.224242424242423,80.0,45.0,65.01000000000022,54.04646464646465,53.41969696969697,20,45,15,290,3665,30.7172,50.0,28.7292,80.0
463,20.412121212121214,80.0,41.0,49.0,47.913131313131316,51.283737373737374,19,56,17,680,12495,31.1572,50.0,25.4176,80.0
464,20.47949494949495,80.0,42.0,50.0,48.27070707070707,51.36373737373737,14,64,14,488,3689,30.8604,51.0,25.9376,80.0
465,20.368484848484847,52.0,41.0,49.0,46.18989898989899,51.29707070707071,17,68,17,362,4267,31.1404,52.0,25.22,39.0
466,20.698888888888888,53.0,41.0,50.0,46.53333333333333,52.047474747474745,17,68,16,211,986,31.5204,53.0,25.7,40.0
467,20.834545454545456,54.0,42.0,50.0,46.85656565656566,52.501717171717175,17,56,16,244,2122,31.8404,54.0,26.08,40.0
468,20.842121212121214,55.0,42.0,50.0,47.395959595959596,52.646868686868686,13,45,12,329,3489,32.1868,55.0,26.44,40.0
469,21.205454545454547,55.0,42.0,50.0,47.6020202020202,53.529191919191916,21,55,16,131,462,32.5068,55.0,26.94,41.0
470,21.365151515151513,56.0,43.0,51.0,48.054545454545455,53.89666666666667,16,65,16,277,2577,32.21,56.0,27.42,42.0
471,21.3110101010101,56.0,43.0,52.0,48.69292929292929,53.57515151515152,16,62,15,622,5288,32.6764,56.0,27.9,43.0
472,21.41020202020202,56.0,44.0,52.0,48.95959595959596,53.78424242424242,20,57,18,327,3176,32.3324,56.0,28.4,44.0
473,21.485353535353536,56.0,44.0,52.0,49.474747474747474,53.92757575757576,20,62,18,437,3414,32.8124,56.0,28.76,44.0
474,21.052929292929292,57.0,43.0,52.0,48.153535353535354,52.89040404040404,10,53,9,716,8142,31.4944,57.0,29.16,44.0
475,20.168484848484848,57.0,41.0,49.0,45.19191919191919,50.79848484848485,13,62,13,1083,12419,29.2164,57.0,29.52,45.0
476,19.93111111111111,58.0,41.0,45.0,43.83232323232323,50.32151515151515,17,55,17,535,5914,28.7304,58.0,29.88,45.0
477,20.096969696969698,59.0,42.0,45.0,44.41616161616162,50.7,18,58,18,445,2615,29.0128,59.0,30.3,45.0
478,20.104949494949494,47.0,42.0,46.0,43.97575757575758,50.74090909090909,19,62,17,355,3782,28.8288,47.0,30.7,46.0
479,20.316161616161615,48.0,42.0,47.0,44.6020202020202,51.15989898989899,20,61,20,289,2265,29.3488,48.0,31.06,47.0
480,20.32141414141414,48.0,42.0,47.0,44.92929292929293,51.213232323232326,14,61,12,382,3809,29.5512,48.0,31.48,47.0
481,20.422424242424242,48.0,43.0,47.0,45.472727272727276,51.606767676767674,24,44,19,308,2564,29.7536,48.0,31.84,47.0
482,20.70909090909091,48.0,43.0,47.0,45.82828282828283,52.3240404040404,22,52,19,196,1122,30.0536,48.0,32.34,47.0
483,20.62151515151515,48.0,43.0,48.0,46.03838383838384,52.1950505050505,23,53,20,465,4629,29.4484,48.0,32.72,47.0
484,20.916565656565655,49.0,43.0,48.0,46.339393939393936,52.985757575757575,28,51,20,166,841,29.7884,49.0,33.14,48.0
485,21.274545454545454,49.0,44.0,49.0,46.92727272727273,53.78939393939394,21,58,16,165,911,30.2684,49.0,33.56,49.0
486,21.294646464646465,50.0,44.0,49.0,47.31111111111111,53.925252525252525,18,61,15,480,3464,30.4308,49.0,33.98,50.0
487,21.314141414141414,50.0,45.0,49.0,47.73939393939394,54.157272727272726,16,64,15,330,3074,30.4624,50.0,34.28,50.0
488,21.534141414141413,51.0,45.0,50.0,48.21010101010101,54.8,17,53,15,245,1485,30.7024,51.0,34.78,50.0
489,21.596464646464646,51.0,45.0,51.0,48.68484848484849,55.04525252525252,19,56,17,399,3046,30.9184,51.0,35.16,51.0
490,21.73878787878788,52.0,45.0,52.0,49.07878787878788,55.453131313131315,21,55,19,297,2353,30.806,52.0,35.56,52.0
491,21.74141414141414,53.0,46.0,52.0,49.62626262626262,55.53757575757576,17,64,15,511,3637,30.6532,53.0,35.98,53.0
492,21.825151515151514,53.0,46.0,53.0,49.898989898989896,55.71222222222222,15,73,14,564,3329,31.0732,53.0,36.4,53.0
493,22.145353535353536,54.0,46.04999999999927,53.0,50.38383838383838,56.364747474747475,16,52,15,244,1384,31.4652,53.0,36.8,54.0
494,22.20717171717172,55.0,47.04999999999927,53.0,51.04040404040404,56.42323232323233,19,53,16,507,3843,31.6892,54.0,37.22,55.0
495,22.02010101010101,55.0,48.0,53.0,51.04848484848485,56.24444444444445,16,62,14,551,4624,31.3724,54.0,37.44,55.0
496,21.8810101010101,56.0,48.0,54.0,51.31717171717172,55.92858585858586,16,66,16,705,5238,30.9324,54.0,37.86,56.0
497,22.146363636363635,57.0,48.0,55.0,52.02020202020202,56.55717171717172,15,65,15,262,1432,31.3724,55.0,38.24,57.0
498,22.344444444444445,58.0,48.0,55.0,52.58989898989899,57.053333333333335,12,54,10,336,1900,31.3684,56.0,38.64,58.0
499,21.99858585858586,58.0,49.0,55.0,52.77777777777778,56.18060606060606,22,58,19,385,7483,29.2524,57.0,39.12,58.0
500,20.85181818181818,59.0,48.0,55.0,52.604040404040404,53.18636363636364,19,52,17,966,15808,24.7148,57.0,39.56,59.0
501,21.12090909090909,59.0,49.0,56.0,53.008080808080805,53.68989898989899,16,60,15,327,1890,24.7708,57.0,40.04,59.0
502,21.358080808080807,60.0,49.0,57.0,53.38383838383838,54.2569696969697,15,60,14,234,1711,24.8624,57.0,40.44,60.0
503,21.345353535353535,61.0,49.0,55.0,53.52121212121212,54.09777777777778,22,49,17,309,4581,24.0744,58.0,40.9,61.0
504,21.545959595959594,61.0,50.0,55.0,53.717171717171716,54.628787878787875,23,52,17,217,1776,24.206,58.0,41.2,61.0
505,21.42070707070707,61.0,50.0,55.0,54.2020202020202,54.22828282828283,19,52,17,587,5497,23.5236,59.0,41.6,61.0
506,21.580909090909092,62.0,51.0,55.0,54.67272727272727,54.55878787878788,18,72,17,375,2572,23.5752,59.0,42.06,62.0
507,21.782828282828284,62.0,51.0,56.0,54.94747474747475,55.01222222222222,20,55,17,229,2159,23.2984,60.0,42.52,62.0
508,21.616363636363637,62.0,51.0,56.0,54.85454545454545,54.72757575757576,23,54,21,452,5113,21.9964,60.0,42.88,62.0
509,21.944242424242425,63.0,52.0,57.0,55.46666666666667,55.41626262626263,14,55,14,190,1308,22.4364,61.0,43.36,63.0
510,21.861010101010102,63.0,53.0,57.0,55.74747474747475,55.25313131313131,18,62,17,506,4586,22.0996,62.0,43.8,63.0
511,21.90222222222222,63.0,53.0,58.0,56.484848484848484,55.36040404040404,15,53,12,488,3552,22.214,63.0,44.2,63.0
512,22.195959595959597,64.0,54.0,58.0,56.92929292929293,56.104646464646464,15,54,14,186,1052,22.5724,63.0,44.58,64.0
513,22.507070707070707,64.0,55.0,59.0,57.37373737373738,56.81929292929293,21,45,18,190,1078,22.9924,63.0,45.0,64.0
514,22.568686868686868,65.0,55.0,59.0,57.72727272727273,56.86868686868687,16,53,15,465,3845,22.8812,64.0,45.44,65.0
515,22.751919191919193,66.0,55.0,59.0,58.07070707070707,57.58767676767677,25,52,20,254,1156,23.2212,64.0,45.7,66.0
516,22.84959595959596,66.0,55.0,60.0,58.38383838383838,57.84171717171717,13,61,13,307,2993,23.5796,65.0,45.44,66.0
517,22.511111111111113,66.0,55.0,59.0,58.464646464646464,56.993131313131315,18,67,16,793,7509,22.3068,52.0,45.88,66.0
518,22.884949494949495,67.0,56.0,60.0,58.96969696969697,57.592727272727274,19,65,17,272,1546,22.9068,53.0,46.34,67.0
519,23.10191919191919,67.0,56.0,61.0,59.365656565656565,58.08080808080808,16,47,14,322,2109,23.336,53.0,46.74,67.0
520,23.267575757575756,68.0,56.0,62.0,59.66262626262626,58.56414141414142,20,62,16,367,2023,23.696,53.0,47.12,68.0
521,23.31171717171717,68.0,56.0,62.0,60.256565656565655,58.71040404040404,13,68,11,563,3424,24.1052,53.0,47.46,68.0
522,22.145353535353536,68.0,56.0,63.0,60.07272727272727,56.08676767676768,10,62,10,892,14715,23.95,54.0,43.28,68.0
523,21.924545454545456,69.0,56.0,63.0,60.282828282828284,55.6430303030303,16,73,16,528,5849,24.3392,54.0,42.32,69.0
524,21.89060606060606,69.0,56.0,63.0,60.375757575757575,55.46131313131313,24,47,19,348,4791,24.8084,54.0,41.44,69.0
525,21.174545454545456,69.0,55.0,62.02000000000044,60.2,53.55646464646465,21,61,20,872,11742,24.8236,54.0,38.64,69.0
526,21.259090909090908,70.0,55.0,62.0,60.494949494949495,53.85080808080808,16,39,13,261,2826,25.202,54.0,38.3,70.0
527,21.59151515151515,71.0,55.0,62.0,60.94747474747475,54.571717171717175,21,46,18,175,1065,25.4236,55.0,38.68,71.0
528,21.387878787878787,71.0,55.0,63.0,60.77777777777778,54.01020202020202,20,61,18,419,6372,25.762,56.0,37.24,71.0
529,21.491818181818182,71.0,54.0,64.0,60.97373737373737,54.241313131313134,17,52,13,294,3030,26.1204,56.0,37.0,71.0
530,21.705151515151517,71.0,55.0,65.0,61.45454545454545,54.64171717171717,22,43,16,201,2442,26.4896,57.0,36.88,71.0
531,21.86020202020202,72.0,55.0,66.0,61.779797979797976,54.876060606060605,19,60,17,287,3019,26.8896,58.0,36.76,72.0
532,21.933131313131312,72.0,56.0,66.0,62.11313131313131,55.18010101010101,19,49,17,355,2743,26.5376,58.0,37.1,72.0
533,22.111010101010102,73.0,56.0,66.0,62.464646464646464,55.57666666666667,17,67,17,383,2397,26.564,59.0,37.48,73.0
534,22.09171717171717,74.0,56.0,66.0,62.50909090909091,55.236363636363635,22,55,20,453,5438,26.984,59.0,36.84,74.0
535,22.247575757575756,74.0,56.0,66.0,62.567676767676765,55.52808080808081,17,63,16,304,2813,27.464,59.0,36.6,74.0
536,22.116060606060607,74.0,56.0,67.0,62.78787878787879,55.3159595959596,19,55,16,470,4767,27.2512,59.0,36.88,74.0
537,22.330909090909092,74.0,56.0,67.0,63.23838383838384,55.87,20,63,19,348,1833,27.7112,60.0,37.22,74.0
538,22.726262626262628,75.0,57.0,68.0,63.55555555555556,56.76525252525253,25,60,20,125,442,28.1512,60.0,37.66,75.0
539,22.781717171717172,76.0,57.0,68.0,64.13737373737374,56.67949494949495,23,62,21,452,4302,27.4276,61.0,38.18,76.0
540,21.52858585858586,76.0,55.0,68.0,62.878787878787875,53.565555555555555,20,60,18,1037,16663,26.2656,62.0,35.42,76.0
541,21.515151515151516,76.0,56.0,69.0,63.27272727272727,53.652424242424246,21,61,20,400,3697,25.6584,62.0,35.88,76.0
542,21.296868686868688,77.0,55.0,68.0,62.753535353535355,53.19939393939394,23,62,22,410,5923,25.4852,62.0,35.0,77.0
543,20.867373737373736,78.0,54.0,68.0,61.71111111111111,52.04151515151515,21,55,18,594,8707,25.7484,62.0,33.5,78.0
544,20.833434343434345,78.0,53.0,67.01000000000022,60.89090909090909,51.91959595959596,27,46,18,315,4593,26.1684,63.0,32.66,78.0
545,21.086060606060606,78.0,53.0,68.0,61.09292929292929,52.67353535353536,19,56,17,173,1063,26.6484,63.0,32.9,78.0
546,20.555656565656566,78.0,51.0,65.0,59.16565656565657,51.44404040404041,24,59,21,697,9112,26.378,63.0,31.38,78.0
547,20.09868686868687,78.0,47.0,61.01000000000022,56.670707070707074,50.44767676767677,13,59,11,586,8088,26.638,63.0,29.92,78.0
548,20.264343434343434,79.0,48.0,62.0,56.85858585858586,50.79646464646465,19,50,16,269,2617,26.6616,64.0,30.44,79.0
549,19.448585858585858,64.0,44.0,54.0,50.65858585858586,48.80232323232323,16,60,16,804,12234,26.2344,64.0,27.64,57.0
550,19.35878787878788,65.0,44.0,54.0,50.26262626262626,48.671313131313134,21,57,20,444,4552,26.0016,65.0,27.98,57.0
551,19.584949494949495,65.0,45.0,55.0,50.81818181818182,49.33767676767677,18,65,17,260,1424,26.3016,65.0,28.42,58.0
552,19.68121212121212,66.0,45.0,55.0,50.38989898989899,49.54454545454546,19,54,18,256,3106,26.1688,66.0,28.74,58.0
553,19.316565656565658,58.0,42.0,55.0,48.83434343434343,48.4879797979798,17,64,16,715,8164,25.0096,46.0,29.12,58.0
554,19.533636363636365,58.0,42.0,56.0,49.034343434343434,49.13818181818182,19,52,16,207,1415,25.0928,46.0,29.54,58.0
555,19.71878787878788,59.0,43.0,56.0,49.432323232323235,49.64737373737374,15,62,14,257,1929,25.4728,46.0,29.92,59.0
556,19.915454545454544,59.0,44.0,56.0,49.62222222222222,50.16141414141414,21,50,20,260,1914,25.636,47.0,30.32,59.0
557,19.985353535353536,60.0,44.0,56.0,49.6989898989899,50.50020202020202,20,56,17,376,2674,25.5224,47.0,30.68,60.0
558,20.284646464646464,60.0,45.0,57.0,50.31919191919192,51.252020202020205,23,53,19,161,997,25.7824,48.0,31.22,60.0
559,20.606464646464648,61.0,45.0,57.0,50.96363636363636,51.86272727272727,21,49,18,260,1566,26.2424,49.0,31.72,61.0
560,20.859191919191918,61.0,45.0,58.0,51.30909090909091,52.58373737373737,17,54,16,201,1062,26.4344,50.0,32.06,61.0
561,21.035252525252524,61.0,45.0,58.0,51.51313131313131,52.992525252525255,17,59,15,347,2415,26.8944,50.0,32.44,61.0
562,21.303030303030305,61.0,46.0,58.0,51.903030303030306,53.6920202020202,20,57,17,227,1210,27.2744,51.0,32.84,61.0
563,21.525353535353535,61.0,46.0,58.0,52.04040404040404,54.25010101010101,19,46,16,251,1759,27.7344,51.0,33.18,61.0
564,21.563636363636363,62.0,47.0,59.0,52.36969696969697,54.35030303030303,19,58,17,396,3680,28.1344,52.0,33.6,62.0
565,21.89040404040404,63.0,47.0,60.0,52.773737373737376,55.11191919191919,20,56,18,170,923,28.5944,52.0,33.98,63.0
566,22.043636363636363,64.0,47.0,61.0,53.11313131313131,55.596767676767676,13,75,13,344,2047,28.9944,52.0,34.3,64.0
567,22.48777777777778,64.0,48.0,61.0,53.60808080808081,56.508686868686866,23,60,18,100,355,29.4744,53.0,34.78,64.0
568,22.707575757575757,65.0,48.0,62.0,54.012121212121215,57.068585858585855,18,61,16,289,1685,29.7944,53.0,35.24,65.0
569,22.955353535353535,65.0,48.0,63.0,54.75555555555555,57.54181818181818,22,64,20,298,2101,29.9784,53.0,35.6,65.0
570,22.905151515151516,65.0,49.0,63.0,55.17777777777778,57.5520202020202,16,72,16,481,3962,30.3584,53.0,35.92,65.0
571,23.11838383838384,65.0,49.0,63.0,55.58181818181818,57.965252525252524,22,56,18,327,2344,30.8384,53.0,36.34,65.0
572,23.189393939393938,66.0,50.0,63.0,56.07676767676767,58.272222222222226,19,53,19,354,2861,31.1416,54.0,36.66,66.0
573,23.33858585858586,67.0,51.0,64.0,56.6,58.46242424242424,20,66,18,433,3275,31.6016,54.0,37.16,67.0
574,23.426060606060606,67.0,51.0,65.0,57.04040404040404,58.6139393939394,16,56,14,362,3391,31.5464,54.0,37.54,67.0
575,23.64878787878788,67.0,51.0,65.0,57.44444444444444,59.37969696969697,20,46,16,159,963,31.8664,54.0,37.86,67.0
576,23.96818181818182,68.0,52.0,65.0,57.83838383838384,60.04070707070707,28,60,25,221,1293,32.3464,55.0,38.28,68.0
577,24.11919191919192,68.0,52.0,65.0,58.012121212121215,60.51313131313131,17,42,15,308,2069,32.3704,56.0,38.6,68.0
578,24.424242424242426,68.0,52.0,66.0,58.51717171717172,61.19444444444444,14,46,11,199,1336,32.7904,56.0,39.06,68.0
579,24.503737373737373,69.0,52.0,66.0,58.75555555555555,61.564343434343435,18,54,16,345,2480,32.5864,56.0,39.36,69.0
580,24.67131313131313,69.0,52.0,67.0,59.19595959595959,61.834848484848486,16,58,15,407,2895,33.0464,57.0,39.82,69.0
581,24.683636363636364,69.0,52.0,67.0,59.63636363636363,62.0289898989899,22,54,21,369,3244,32.5404,57.0,40.22,69.0
582,24.874545454545455,69.0,53.0,67.0,59.90909090909091,62.506565656565655,18,52,15,301,2070,32.6636,58.0,40.68,69.0
583,25.126666666666665,70.0,54.0,68.0,60.47070707070707,63.09858585858586,26,48,19,234,1662,32.7276,59.0,41.08,70.0
584,25.19,70.0,54.0,68.0,60.773737373737376,63.28111111111111,19,56,17,387,3333,33.0876,59.0,41.52,70.0
585,25.433636363636364,70.0,55.0,68.0,61.0989898989899,63.82272727272727,22,56,17,285,1845,33.4676,59.0,42.0,70.0
586,25.563434343434345,70.0,56.0,69.0,61.55959595959596,64.30060606060606,16,67,15,341,2081,33.7876,59.0,42.36,70.0
587,25.956868686868688,70.0,56.0,70.0,62.0989898989899,65.14525252525253,19,53,17,134,659,34.2676,60.0,42.8,70.0
588,26.126666666666665,71.0,57.0,70.0,62.55959595959596,65.57767676767676,23,54,19,331,2279,34.6876,61.0,43.18,71.0
589,26.26848484848485,72.0,58.0,70.0,63.14343434343434,65.99090909090908,23,57,19,317,2358,34.7028,62.0,43.52,72.0
590,26.06707070707071,72.0,58.0,70.0,63.551515151515154,65.59474747474748,29,57,24,568,5558,34.1992,63.0,43.9,72.0
591,25.49858585858586,73.0,58.0,70.0,64.02020202020202,64.3720202020202,16,63,15,868,8895,32.388,63.0,44.24,73.0
592,25.44121212121212,74.0,58.0,70.0,64.42424242424242,64.36191919191918,19,52,14,399,4132,32.412,63.0,44.56,74.0
593,25.53040404040404,74.0,59.0,71.0,64.88282828282829,64.53989898989899,15,62,14,384,3275,32.792,64.0,44.4716,74.0
594,25.788080808080807,75.0,59.0,71.0,65.47676767676768,65.11636363636363,27,53,20,180,1706,33.084,64.0,44.8516,75.0
595,25.72282828282828,76.0,60.0,71.0,65.76363636363637,65.04050505050505,16,49,15,443,4408,32.9,64.0,45.2316,76.0
596,26.0720202020202,77.0,60.0,71.0,66.2989898989899,65.81020202020203,21,45,20,183,899,33.28,65.0,45.7316,77.0
597,24.553434343434343,77.0,60.0,71.0,66.51515151515152,62.09656565656566,14,56,12,1404,18994,29.8952,66.0,46.1716,77.0
598,24.923434343434344,77.0,60.0,72.0,66.92727272727272,63.024343434343436,25,50,22,79,297,30.3152,67.0,46.5516,77.0
599,24.50838383838384,78.0,61.0,72.0,67.28080808080809,62.0330303030303,19,49,17,709,8069,29.7976,67.0,46.8716,78.0
600,24.687373737373736,79.0,61.0,73.0,67.78383838383839,62.59767676767677,10,55,10,296,1792,30.0776,68.0,47.3116,79.0
601,23.291818181818183,80.0,58.04999999999927,74.0,67.43636363636364,59.05979797979798,15,64,13,1400,18370,27.9636,69.0,44.9896,80.0
602,22.924646464646464,81.0,57.0,74.0,67.75555555555556,58.20757575757576,16,69,14,709,7397,26.95,47.0,45.3896,81.0
603,22.68868686868687,81.0,57.0,75.0,67.69090909090909,57.67626262626263,19,63,18,547,6197,26.772,47.0,44.6528,81.0
604,22.855757575757575,82.0,58.0,76.0,68.18181818181819,58.13656565656566,15,65,15,392,2108,27.092,48.0,45.0928,82.0
605,22.874444444444446,83.0,58.0,76.0,68.69090909090909,58.127878787878785,19,62,18,458,4072,26.626,48.0,45.6328,83.0
606,23.078181818181818,84.0,58.0,76.0,69.2,58.74545454545454,13,61,12,256,1547,26.946,49.0,45.9648,84.0
607,22.543939393939393,84.0,58.0,76.0,68.71515151515152,57.38050505050505,17,63,15,697,9546,25.71,49.0,44.6396,84.0
608,21.86868686868687,84.0,57.0,77.0,68.58585858585859,55.642020202020205,14,70,14,988,11041,24.656,50.0,43.9228,84.0
609,22.03,84.0,58.0,77.0,68.69090909090909,55.95565656565657,23,62,22,303,2660,25.096,50.0,43.7944,84.0
610,21.913939393939394,84.0,57.0,77.0,68.33333333333333,55.63989898989899,18,63,16,476,5208,25.16,50.0,42.9416,84.0
611,22.256464646464647,85.0,57.0,77.0,68.95151515151515,56.51555555555556,21,53,21,118,470,25.56,50.0,43.3216,85.0
612,22.265757575757576,85.0,58.0,77.0,69.12727272727273,56.662828282828286,15,58,14,478,3373,25.524,50.0,43.6816,85.0
613,22.362727272727273,85.0,59.0,77.0,69.57777777777778,56.93585858585858,13,60,13,420,2802,25.428,50.0,44.1616,85.0
614,22.45919191919192,86.0,58.04999999999927,76.01000000000022,69.86666666666666,56.93363636363637,24,64,21,382,3995,25.444,51.0,44.0852,86.0
615,22.33828282828283,86.0,57.0,76.0,69.3030303030303,56.472929292929294,13,63,12,451,5751,25.944,52.0,42.86,86.0
616,22.19181818181818,86.0,55.0,76.0,68.72121212121212,56.194242424242425,18,61,16,484,5113,26.156,52.0,41.8992,86.0
617,22.296666666666667,87.0,55.0,76.0,69.04848484848485,56.50252525252525,20,60,20,388,2823,26.616,53.0,41.8792,87.0
618,22.633939393939393,87.0,56.0,77.0,69.65252525252525,57.32373737373737,23,53,18,132,720,27.016,53.0,42.2312,87.0
619,22.213636363636365,87.0,55.0,77.0,69.06060606060606,56.30878787878788,17,56,16,695,8121,26.28,54.0,41.5944,87.0
620,22.536565656565656,87.0,56.0,77.0,69.53535353535354,56.98626262626263,22,61,18,215,1258,26.78,55.0,41.9944,87.0
621,22.546262626262628,87.0,56.0,78.0,69.72121212121212,57.153636363636366,10,52,9,367,3369,26.958,56.0,41.5324,87.0
622,22.23010101010101,87.0,56.0,78.0,69.6040404040404,56.45989898989899,21,66,19,611,6892,26.47,56.0,41.022,87.0
623,22.046262626262628,88.0,56.0,76.0,69.4060606060606,56.12262626262626,24,59,23,537,5384,26.346,56.0,40.5516,88.0
624,22.184141414141415,88.0,57.0,77.0,70.0020202020202,56.341818181818184,17,68,17,417,3090,26.498,57.0,40.4676,88.0
625,22.15,88.0,57.0,77.0,70.45656565656566,56.285858585858584,18,63,17,519,4199,26.482,57.0,40.3796,88.0
626,21.931313131313132,88.0,57.0,78.0,70.2060606060606,55.89616161616161,15,55,14,470,5531,26.634,58.0,39.3412,88.0
627,21.831212121212122,89.0,57.0,78.0,70.18989898989899,55.63505050505051,11,71,11,546,5050,27.054,58.0,38.6848,89.0
628,21.543030303030303,90.0,57.0,79.0,70.56565656565657,54.67979797979798,14,69,14,790,7704,26.97,58.0,37.5248,90.0
629,21.163333333333334,91.0,57.0,80.0,70.42828282828283,53.876969696969695,13,55,12,735,7125,25.914,59.0,37.3964,91.0
630,21.364646464646466,92.0,57.0,81.0,70.88888888888889,54.34040404040404,25,54,21,265,2066,26.166,59.0,37.7764,92.0
631,20.646868686868686,93.0,56.0,80.0,68.66464646464647,52.624242424242425,27,53,23,538,10868,26.318,59.0,34.7148,93.0
632,20.784040404040404,93.0,56.0,80.0,68.84646464646465,53.05949494949495,15,54,12,222,2305,26.738,60.0,34.3908,93.0
633,20.55909090909091,93.0,56.0,81.0,69.1979797979798,52.53272727272727,13,61,13,743,6088,26.09,60.0,34.6908,93.0
634,20.524848484848484,94.0,56.0,80.0,68.90505050505051,52.43585858585858,21,64,21,326,4398,26.45,60.0,34.2804,94.0
635,20.424242424242426,94.0,55.099999999998545,80.0,67.84646464646465,52.166666666666664,13,57,13,354,4956,26.85,60.0,33.2616,94.0
636,19.714949494949494,94.0,54.0,78.0,66.15959595959596,50.675555555555555,14,64,13,830,9893,27.09,60.0,31.2168,94.0
637,19.714848484848485,94.0,55.0,78.0,66.5878787878788,50.517272727272726,10,61,10,577,4456,26.758,61.0,31.6968,94.0
638,19.867575757575757,94.0,55.0,79.0,66.82626262626263,50.93787878787879,18,63,18,273,2349,27.158,61.0,31.7548,94.0
639,19.85959595959596,94.0,55.04999999999927,79.0,67.25252525252525,50.90585858585859,11,71,10,524,4237,27.2404,62.0,32.1548,94.0
640,19.85191919191919,94.0,55.0,76.04000000000087,66.81212121212121,50.81070707070707,14,60,14,414,4333,27.3724,62.0,31.9664,94.0
641,19.970909090909092,95.0,56.0,77.03000000000065,67.33131313131314,51.15232323232323,16,65,14,363,2584,27.4644,62.0,32.4464,95.0
642,18.274747474747475,95.0,43.0,62.0,55.25454545454546,47.223232323232324,14,63,13,968,19762,27.0788,62.0,26.628,95.0
643,18.634141414141414,96.0,44.0,62.0,55.67474747474748,48.041111111111114,26,52,18,145,699,27.5188,62.0,27.048,96.0
644,18.69757575757576,97.0,44.0,62.0,56.18585858585858,48.22161616161616,18,67,17,344,3233,27.1732,62.0,27.448,97.0
645,18.40939393939394,97.0,44.0,63.0,56.57575757575758,47.62555555555556,15,61,14,503,6318,25.7392,63.0,27.768,97.0
646,17.41141414141414,70.0,42.0,57.0,49.02020202020202,45.453737373737376,17,51,14,797,12751,26.0392,63.0,24.0532,70.0
647,17.689090909090908,70.0,42.0,58.0,49.45050505050505,46.08616161616162,16,70,14,298,1409,26.4392,64.0,24.4932,70.0
648,17.502424242424244,70.0,43.0,58.0,49.913131313131316,45.59979797979798,17,66,17,517,5907,25.388,64.0,24.9132,70.0
649,17.19989898989899,70.0,42.0,52.0,48.339393939393936,44.83555555555556,16,67,15,736,7054,25.848,65.0,23.9852,70.0
650,16.406464646464645,70.0,39.0,45.0,43.74747474747475,43.05,11,60,11,845,11122,23.708,66.0,24.2536,70.0
651,16.11959595959596,70.0,38.0,46.0,42.892929292929296,42.25484848484849,15,65,15,600,7097,22.2668,46.0,24.6936,70.0
652,16.08111111111111,47.0,38.0,46.0,42.6,42.281919191919194,18,64,18,388,3846,22.284,46.0,24.6916,47.0
653,16.374949494949494,48.0,38.0,46.0,43.05656565656566,43.0579797979798,24,60,20,204,853,22.684,46.0,25.0516,48.0
654,16.396868686868686,49.0,39.0,47.0,43.4020202020202,43.13959595959596,15,51,14,375,3545,22.2784,47.0,25.4916,49.0
655,16.634545454545453,49.0,39.0,48.0,43.852525252525254,43.67959595959596,20,59,17,326,1805,22.7384,48.0,25.8716,49.0
656,16.596969696969698,50.0,40.0,49.0,44.17575757575757,43.57909090909091,12,62,12,412,4332,22.17,49.0,26.1516,50.0
657,16.895959595959596,50.0,40.0,49.0,44.4020202020202,44.15858585858586,17,45,15,191,1594,22.2472,49.0,26.6316,50.0
658,16.805454545454545,51.0,40.0,50.0,44.50909090909091,43.941515151515155,23,57,19,433,4757,22.6272,50.0,25.2928,51.0
659,16.416868686868686,52.0,40.0,46.0,44.29494949494949,42.965858585858584,15,72,15,669,7807,21.516,50.0,24.7592,52.0
660,16.245151515151516,53.0,40.0,46.0,44.442424242424245,42.76717171717172,16,57,15,486,4769,21.1104,51.0,24.8108,53.0
661,16.297777777777778,53.0,40.0,46.0,44.551515151515154,43.02010101010101,18,57,17,340,2845,21.4304,52.0,24.4256,53.0
662,16.548181818181817,54.0,40.0,47.0,44.92121212121212,43.624545454545455,22,60,20,212,1481,21.8304,52.0,24.5772,54.0
663,16.80040404040404,55.0,41.0,47.0,45.37979797979798,44.08565656565656,18,64,15,334,2057,22.3504,52.0,24.7288,55.0
664,16.983838383838386,55.0,40.0,47.0,45.656565656565654,44.48050505050505,15,75,14,396,2243,22.7304,53.0,24.9204,55.0
665,16.89070707070707,55.0,40.0,48.0,45.43030303030303,44.474141414141414,12,60,12,482,3991,22.9704,54.0,24.3068,55.0
666,16.954545454545453,56.0,39.0,48.0,45.246464646464645,44.74818181818182,26,58,19,325,2833,23.3504,54.0,23.8816,56.0
667,17.06707070707071,56.0,40.0,49.0,45.30909090909091,45.105555555555554,26,55,21,287,2549,23.7104,54.0,23.7648,56.0
668,17.108585858585858,57.0,40.0,48.0,45.42626262626263,45.19595959595959,22,55,16,490,3549,24.1704,55.0,23.608,57.0
669,17.26858585858586,58.0,40.0,49.0,45.4989898989899,45.57363636363636,15,55,15,317,2475,24.1876,56.0,23.7996,58.0
670,17.533737373737374,59.0,40.0,50.0,45.93333333333333,46.204343434343436,18,67,17,325,1335,24.5676,56.0,24.2196,59.0
671,17.374141414141413,60.0,40.0,48.0,45.256565656565655,45.89282828282828,20,59,19,590,5144,24.8676,56.0,23.3976,60.0
672,17.437272727272727,60.0,40.0,48.0,45.16969696969697,46.1360606060606,17,55,15,433,2939,25.2076,56.0,23.2808,60.0
673,17.53868686868687,61.0,40.0,48.0,44.97575757575758,46.32919191919192,22,61,21,414,3154,25.5076,56.0,23.0756,61.0
674,17.585555555555555,62.0,40.0,48.0,45.19191919191919,46.44858585858586,17,57,14,371,3397,25.142,56.0,23.4956,62.0
675,17.836565656565657,63.0,40.0,49.0,45.72121212121212,47.19131313131313,15,51,14,236,980,25.462,57.0,23.8756,63.0
676,18.198080808080807,64.0,41.0,49.0,46.2989898989899,47.94323232323232,21,48,17,207,975,25.922,57.0,24.3356,64.0
677,18.50171717171717,65.0,42.0,49.0,46.82222222222222,48.642020202020205,21,66,20,297,1152,26.362,57.0,24.7356,65.0
678,18.71838383838384,65.0,42.0,50.0,47.01616161616162,49.06878787878788,20,62,19,263,2211,26.3792,57.0,25.2356,65.0
679,18.90191919191919,65.0,42.0,50.0,47.472727272727276,49.716767676767674,18,68,18,287,1351,26.7592,57.0,25.4956,65.0
680,19.214747474747476,66.0,43.0,51.0,47.99393939393939,50.45848484848485,17,54,16,200,962,27.1592,57.0,25.9156,66.0
681,19.257979797979797,66.0,43.0,51.0,47.95959595959596,50.674040404040404,16,63,15,470,3037,27.4192,57.0,25.7792,66.0
682,19.255050505050505,66.0,42.0,50.0,47.67272727272727,50.78242424242424,14,58,14,500,3494,27.7592,58.0,25.6424,66.0
683,19.293333333333333,66.0,42.0,50.0,47.26464646464647,50.994343434343435,20,63,17,387,3086,28.0592,58.0,25.5456,66.0
684,18.57292929292929,67.0,42.0,48.0,46.03232323232323,48.99151515151515,16,68,14,966,11488,26.3224,58.0,25.4888,67.0
685,18.99111111111111,67.0,42.0,49.0,46.45656565656566,49.824444444444445,15,58,13,148,612,26.8424,59.0,25.9288,67.0
686,19.345151515151514,67.0,42.0,50.0,46.73939393939394,50.561313131313135,12,62,11,195,1049,27.3024,59.0,26.3888,67.0
687,19.43080808080808,67.0,42.0,49.0,46.72121212121212,50.75727272727273,20,67,18,377,3112,27.6624,59.0,26.4164,67.0
688,19.66171717171717,60.0,43.0,49.0,46.67272727272727,51.019090909090906,22,61,19,412,2862,28.1624,60.0,26.708,50.0
689,19.925656565656567,60.0,44.0,49.0,47.35151515151515,51.534343434343434,17,66,17,299,1842,28.5624,60.0,27.208,51.0
690,19.46959595959596,60.0,42.0,49.0,46.85454545454545,50.31686868686869,21,60,20,758,8574,27.874,60.0,27.628,51.0
691,19.324747474747475,60.0,42.0,50.0,47.09090909090909,50.10545454545454,14,59,10,555,4701,28.214,60.0,27.948,51.0
692,19.16262626262626,61.0,43.0,50.0,47.462626262626266,49.80373737373738,18,66,17,669,4971,28.554,61.0,28.124,51.0
693,19.45979797979798,61.0,44.0,51.0,47.95353535353535,50.592828282828286,22,65,19,154,820,28.854,61.0,28.584,51.0
694,19.37181818181818,61.0,43.0,51.0,47.79191919191919,50.387373737373736,20,61,19,361,4633,28.5084,61.0,28.8,52.0
695,19.17767676767677,61.0,43.0,51.0,47.547474747474745,49.936262626262625,22,64,19,604,5585,28.4656,61.0,28.564,52.0
696,19.203131313131312,61.0,42.0,51.0,47.4040404040404,49.88838383838384,13,48,12,397,4104,28.5228,61.0,28.86,53.0
697,19.271616161616162,54.0,41.0,52.0,47.10505050505051,49.825353535353536,15,63,13,400,4074,28.66,38.0,28.992,54.0
698,19.526565656565655,55.0,41.0,53.0,47.63838383838384,50.48707070707071,17,61,17,248,1337,29.1,38.0,29.332,55.0
699,19.612828282828282,56.0,40.0,53.0,47.4020202020202,50.618383838383835,16,60,15,471,3304,29.54,38.0,28.912,56.0
700,19.666262626262625,56.0,40.0,54.0,47.43434343434343,50.71989898989899,16,60,14,395,3431,29.5008,39.0,28.86,56.0
701,19.804949494949494,57.0,40.0,55.0,48.02020202020202,51.06111111111111,15,74,14,334,2488,29.4808,39.0,29.26,57.0
702,19.91010101010101,57.0,41.0,55.0,48.2989898989899,51.43515151515152,17,57,16,257,2424,29.4612,40.0,29.3436,57.0
703,19.828585858585857,57.0,41.0,52.030000000000655,48.09090909090909,50.994646464646465,14,55,14,511,5460,29.042,40.0,29.0836,57.0
704,19.944141414141413,57.0,41.0,52.0,48.21212121212121,51.375454545454545,20,58,18,397,2420,29.482,41.0,29.1996,57.0
705,20.113636363636363,57.0,42.0,53.0,48.375757575757575,51.907171717171714,15,60,15,334,1886,29.922,42.0,29.4796,57.0
706,20.324545454545454,58.0,43.0,53.0,48.78787878787879,52.37989898989899,5,36,5,213,2070,30.0024,43.0,29.8336,58.0
707,20.44848484848485,59.0,42.0,53.0,48.84040404040404,52.456767676767676,18,57,14,482,3525,30.5024,44.0,29.6376,59.0
708,20.35191919191919,59.0,43.0,53.0,49.27474747474748,52.35919191919192,18,64,17,509,4124,30.0832,45.0,29.8976,59.0
709,20.087474747474747,60.0,43.0,54.0,49.77171717171717,51.60020202020202,19,56,18,564,6677,28.5252,45.0,30.2776,60.0
710,20.26929292929293,60.0,44.0,55.0,50.121212121212125,51.93333333333333,21,45,17,287,2556,28.5856,45.0,30.5336,60.0
711,18.958181818181817,61.0,43.0,55.0,49.48686868686869,48.56444444444445,16,60,13,1326,16742,25.3092,46.0,29.4544,61.0
712,18.84232323232323,61.0,42.0,55.0,48.981818181818184,48.30868686868687,19,44,15,527,4909,25.7292,46.0,28.4032,61.0
713,18.56050505050505,61.0,42.0,51.0,48.33737373737374,47.67232323232323,13,68,12,675,6453,25.9604,46.0,27.2328,61.0
714,18.377474747474746,61.0,42.0,52.0,48.10909090909091,47.04454545454546,18,65,15,657,6366,26.0008,46.0,26.364,61.0
715,18.725656565656564,61.0,42.0,52.0,48.323232323232325,47.67353535353536,15,67,14,280,1503,26.5008,46.0,26.864,61.0
716,18.417272727272728,61.0,42.0,53.0,48.71111111111111,46.80595959595959,19,46,15,484,7112,24.4632,46.0,27.324,61.0
717,18.418282828282827,61.0,42.0,53.0,48.903030303030306,46.7289898989899,20,61,19,400,4148,24.104,47.0,27.4384,61.0
718,18.1189898989899,61.0,42.0,53.0,48.395959595959596,45.81090909090909,13,70,12,701,7715,24.564,47.0,26.5104,61.0
719,18.468080808080806,62.0,43.0,54.0,49.14949494949495,46.50363636363636,18,57,16,218,1197,24.964,48.0,27.0504,62.0
720,18.145959595959596,62.0,44.0,55.0,49.55555555555556,45.483030303030304,14,61,12,666,7842,23.346,48.0,27.6104,62.0
721,17.564141414141414,63.0,43.0,53.0,49.276767676767676,43.88636363636363,17,67,17,960,10116,22.0432,48.0,27.1916,63.0
722,17.72070707070707,63.0,43.0,54.0,49.375757575757575,44.36121212121212,19,60,17,237,2113,22.3432,49.0,27.0604,63.0
723,17.835454545454546,64.0,44.0,55.0,49.89090909090909,44.553333333333335,20,51,15,411,3022,22.3836,49.0,27.3344,64.0
724,17.9079797979798,64.0,44.0,55.0,49.85050505050505,44.94343434343434,18,65,16,302,2450,22.6836,50.0,27.0192,64.0
725,18.2979797979798,64.0,44.0,56.0,50.27878787878788,45.75373737373737,22,44,15,149,792,23.2036,50.0,27.4392,64.0
726,18.683535353535355,65.0,45.0,56.0,50.70909090909091,46.48535353535353,21,61,17,198,1133,23.5592,51.0,27.9792,65.0
727,18.87939393939394,65.0,45.0,57.0,50.98585858585859,47.12313131313131,23,59,19,245,1427,23.8792,51.0,28.3392,65.0
728,18.994343434343435,66.0,46.0,58.0,51.30909090909091,47.50555555555555,16,72,16,362,2525,24.2392,51.0,28.4336,66.0
729,19.183333333333334,66.0,46.0,58.0,51.458585858585856,48.27151515151515,20,59,18,184,1000,24.5348,52.0,28.6136,66.0
730,19.245656565656567,66.0,46.0,55.0,51.45454545454545,48.275757575757574,20,69,19,419,3937,24.6752,52.0,28.3804,66.0
731,19.524848484848484,67.0,46.0,56.0,51.89090909090909,49.02747474747475,24,58,19,195,998,25.0352,53.0,28.7804,67.0
732,19.624040404040404,67.0,46.0,57.0,52.04848484848485,49.19919191919192,22,59,19,435,3176,25.0756,54.0,29.0124,67.0
733,19.555858585858587,68.0,46.0,57.0,52.15555555555556,49.017878787878786,17,50,15,423,4536,24.462,55.0,29.1668,68.0
734,19.8710101010101,69.0,47.0,57.0,52.74141414141414,49.71959595959596,15,59,14,230,1236,24.902,56.0,29.428,69.0
735,19.666969696969698,69.0,46.0,55.0,51.892929292929296,49.282222222222224,19,51,14,529,5683,25.282,56.0,28.234,69.0
736,19.58080808080808,69.0,46.0,55.0,52.06262626262626,49.087575757575756,18,67,18,577,4714,25.3224,57.0,28.2044,69.0
737,19.782323232323233,69.0,47.0,55.0,52.41818181818182,49.40171717171717,22,58,20,330,2658,25.4028,58.0,28.5804,69.0
738,19.74989898989899,70.0,48.0,56.0,52.826262626262626,49.236363636363635,16,55,14,606,4677,24.862,58.0,29.0204,70.0
739,19.87070707070707,70.0,48.0,56.0,52.84444444444444,49.671010101010104,26,43,22,224,2170,24.788,58.0,29.2204,70.0
740,19.966565656565656,71.0,48.0,57.0,53.15151515151515,50.12040404040404,19,56,19,316,2219,24.8292,58.0,29.4344,71.0
741,19.844545454545454,71.0,47.0,57.0,53.04242424242424,49.8269696969697,19,58,18,591,5168,24.5908,50.0,29.2836,71.0
742,20.017272727272726,71.0,48.0,58.0,53.16767676767677,50.465858585858584,13,70,11,279,1557,24.8908,50.0,29.6436,71.0
743,20.266969696969696,71.0,49.0,59.0,53.78787878787879,50.99171717171717,19,47,17,307,1884,25.3108,51.0,29.9356,71.0
744,20.487676767676767,72.0,49.0,58.0,54.13939393939394,51.266666666666666,24,48,18,291,2864,25.8108,51.0,29.7408,72.0
745,19.755656565656565,73.0,49.0,57.0,53.2060606060606,49.57060606060606,11,76,11,1047,10910,26.1508,51.0,27.7772,73.0
746,20.05666666666667,74.0,49.0,58.0,53.96767676767677,50.17919191919192,20,60,19,219,1475,26.272,52.0,28.2552,74.0
747,20.04111111111111,75.0,49.0,58.0,54.547474747474745,50.194545454545455,19,64,16,424,3916,25.5568,53.0,28.6952,75.0
748,19.936969696969697,75.0,50.0,58.0,54.422222222222224,50.09686868686869,20,58,17,437,4595,25.9568,54.0,28.5508,75.0
749,19.520707070707072,75.0,49.0,59.0,54.531313131313134,49.132222222222225,16,62,16,641,8081,25.0228,54.0,28.9908,75.0
750,19.41050505050505,75.0,50.0,59.0,54.7939393939394,49.02151515151515,16,64,15,519,4457,24.3076,55.0,29.13,75.0
751,19.242020202020203,75.0,49.0,55.0,54.53939393939394,48.62141414141414,17,68,17,647,5727,24.4488,55.0,28.6212,75.0
752,19.30868686868687,76.0,50.0,56.0,54.505050505050505,48.7820202020202,20,69,18,403,3597,24.9688,55.0,28.6632,76.0
753,19.38767676767677,76.0,50.0,56.0,54.71313131313131,48.98474747474747,22,46,16,372,3178,24.6724,55.0,28.9236,76.0
754,19.68030303030303,77.0,49.0,57.0,55.044444444444444,49.62080808080808,22,49,19,172,1459,25.0524,55.0,29.4236,77.0
755,19.21212121212121,60.0,50.0,57.0,54.36767676767677,48.587272727272726,21,56,19,894,8298,25.1336,55.0,28.18,60.0
756,19.473333333333333,60.0,50.0,58.0,54.84848484848485,49.291111111111114,27,53,24,226,1176,25.4536,56.0,28.5604,60.0
757,19.482727272727274,60.0,49.0,59.0,55.256565656565655,49.32949494949495,20,47,18,383,3867,25.0572,56.0,28.9804,60.0
758,19.6379797979798,60.0,49.0,60.0,55.872727272727275,49.853737373737374,19,53,18,306,1928,25.1984,56.0,29.2804,60.0
759,19.83828282828283,61.0,50.0,61.0,56.73131313131313,50.23565656565656,15,65,15,370,2472,25.2448,56.0,29.7004,61.0
760,19.958484848484847,62.0,51.0,61.0,56.87474747474747,50.35747474747475,20,57,17,378,3562,25.0744,57.0,30.1804,62.0
761,20.115555555555556,62.0,51.0,62.0,57.11313131313131,50.83373737373737,17,61,16,344,2009,25.1776,57.0,30.5208,62.0
762,19.883535353535354,63.0,51.0,62.0,57.44646464646465,50.2620202020202,15,60,13,508,6356,24.3036,57.0,30.9208,63.0
763,19.642626262626262,64.0,51.0,63.0,57.7939393939394,49.458282828282826,12,72,12,723,7137,23.5916,57.0,31.3408,64.0
764,19.8379797979798,65.0,51.0,63.0,58.33535353535353,49.87919191919192,18,50,12,330,2224,23.598,58.0,31.7408,65.0
765,19.84888888888889,65.0,52.0,64.0,58.779797979797976,49.97060606060606,25,58,20,359,3654,23.6992,58.0,31.9376,65.0
766,20.10333333333333,66.0,52.0,64.0,58.8969696969697,50.600404040404044,22,60,20,222,1441,24.1992,58.0,32.2376,66.0
767,20.14848484848485,66.0,52.0,64.0,59.23232323232323,50.639191919191916,9,70,9,499,3810,24.5392,59.0,32.4344,66.0
768,20.50181818181818,66.0,52.0,64.0,59.43434343434343,51.54616161616162,26,51,20,95,363,24.8792,59.0,32.8744,66.0
769,20.06878787878788,66.0,52.0,64.0,59.6020202020202,50.63717171717172,13,58,12,831,7653,24.4024,59.0,32.4516,66.0
770,19.523939393939393,67.0,52.0,64.0,59.85858585858586,49.34565656565657,14,64,13,983,9255,24.3636,60.0,31.9064,67.0
771,19.574747474747475,67.0,53.0,64.0,60.15151515151515,49.79727272727273,16,59,15,343,2170,24.6036,61.0,32.2064,67.0
772,19.896565656565656,67.0,53.0,64.0,60.17979797979798,50.64888888888889,20,60,19,130,576,24.9836,61.0,32.5864,67.0
773,19.816262626262628,67.0,53.04999999999927,65.0,60.51111111111111,50.61121212121212,13,54,12,409,4161,24.826,61.0,32.9064,67.0
774,19.563939393939393,68.0,51.0,65.0,60.93939393939394,49.938383838383835,18,54,18,588,6656,24.1708,62.0,33.3664,68.0
775,19.903030303030302,68.0,51.0,66.0,61.525252525252526,50.73767676767677,18,41,15,171,801,24.4908,62.0,33.8864,68.0
776,20.13,68.0,52.0,66.0,61.634343434343435,51.318282828282825,22,61,19,194,1614,24.8508,62.0,33.9496,68.0
777,20.213838383838382,69.0,52.0,67.0,62.15959595959596,51.59010101010101,23,51,18,326,2833,25.032,43.0,34.2496,69.0
778,20.454747474747474,69.0,52.0,68.0,62.634343434343435,52.06575757575757,15,67,15,375,1971,25.452,43.0,34.644,69.0
779,20.757070707070707,70.0,52.0,69.0,63.01414141414141,52.8940404040404,19,54,15,125,670,25.812,44.0,35.024,70.0
780,20.24828282828283,70.0,52.0,69.0,62.81818181818182,51.585959595959594,15,65,14,828,9195,24.9448,44.0,34.572,70.0
781,19.844242424242424,71.0,52.0,69.0,62.93333333333333,50.860808080808084,14,52,14,780,6970,24.0608,45.0,34.4624,71.0
782,20.01080808080808,72.0,52.0,70.0,63.37777777777778,51.2,19,67,18,406,2509,24.4608,46.0,34.9024,72.0
783,19.596464646464646,72.0,52.0,70.0,63.03030303030303,50.35838383838384,20,71,19,658,7369,23.3,46.0,34.5232,72.0
784,19.174949494949495,73.0,47.0,71.0,62.04646464646465,49.163939393939394,22,58,16,681,8826,22.4528,46.0,33.4048,73.0
785,19.377070707070708,73.0,48.0,72.0,62.355555555555554,49.69282828282828,24,54,22,281,1860,22.8128,47.0,33.8248,73.0
786,19.16090909090909,74.0,45.0,69.03000000000065,60.72727272727273,49.06747474747475,18,57,16,532,6595,23.3328,48.0,32.2568,74.0
787,19.044242424242423,75.0,46.0,70.0,60.69090909090909,48.656565656565654,14,49,13,598,5610,23.2056,48.0,32.3272,75.0
788,19.14939393939394,75.0,46.0,71.0,61.054545454545455,48.84717171717172,11,68,11,471,3216,22.9648,49.0,32.6648,75.0
789,19.247171717171717,75.0,46.0,72.0,61.474747474747474,49.08989898989899,18,62,18,425,3091,22.708,50.0,33.024,75.0
790,18.21848484848485,76.0,44.0,71.0,57.49090909090909,46.33989898989899,12,62,11,1279,15134,22.4512,50.0,29.932,76.0
791,18.29111111111111,77.0,45.0,72.0,57.05252525252525,46.456161616161616,32,49,24,328,3538,22.4408,50.0,29.6728,77.0
792,17.506767676767677,77.0,41.04999999999927,62.0,52.17777777777778,44.6830303030303,14,70,14,857,11230,22.8408,51.0,26.4664,77.0
793,17.675252525252525,77.0,41.0,58.04000000000087,52.117171717171715,44.95161616161616,14,56,14,334,2886,23.1056,51.0,26.5568,77.0
794,17.36060606060606,77.0,41.0,52.0,49.82020202020202,44.22525252525252,14,59,14,727,6976,23.2932,52.0,25.376,77.0
795,17.068181818181817,78.0,41.0,51.0,48.30909090909091,43.474141414141414,17,61,16,734,7053,22.8076,53.0,24.6056,78.0
796,17.0389898989899,78.0,41.0,50.0,47.41616161616162,43.32959595959596,24,56,17,510,4645,22.6772,54.0,24.2464,78.0
797,17.36171717171717,79.0,42.0,50.0,47.77777777777778,44.16020202020202,19,58,17,163,666,23.1572,54.0,24.5048,79.0
798,17.335555555555555,54.0,42.0,49.0,46.80404040404041,44.137070707070706,24,51,21,423,4120,23.2268,54.0,24.0856,52.0
799,17.44909090909091,55.0,42.0,49.0,47.08282828282828,44.31565656565657,16,48,12,448,3232,23.5068,55.0,24.4408,53.0
800,17.91181818181818,56.0,42.0,50.0,47.531313131313134,45.161212121212124,19,60,17,170,666,23.9596,56.0,25.0208,54.0
801,18.219191919191918,56.0,42.0,50.0,47.64040404040404,46.03636363636364,25,57,20,133,521,24.3796,56.0,25.3,54.0
802,18.46909090909091,56.0,43.0,51.0,48.15555555555556,46.554242424242425,24,51,20,345,1882,24.7044,56.0,25.5968,54.0
803,18.264545454545456,56.0,43.0,52.0,48.40808080808081,46.136767676767676,21,51,17,728,5688,23.8844,56.0,25.9168,54.0
804,18.398888888888887,56.0,44.0,52.0,48.53333333333333,46.374242424242425,21,62,18,391,3026,24.1492,56.0,26.3568,54.0
805,18.347575757575758,56.0,44.0,52.0,49.01010101010101,46.37282828282828,18,69,17,657,4072,23.9436,56.0,26.632,55.0
806,18.467777777777776,57.0,44.0,52.0,49.35757575757576,46.79363636363637,21,67,19,369,2374,24.1684,57.0,26.952,55.0
807,18.614242424242423,57.0,45.0,52.0,49.64242424242424,47.278585858585856,19,60,14,331,2015,24.3088,57.0,27.272,56.0
808,18.916767676767677,58.0,46.0,52.0,49.826262626262626,48.05717171717172,18,53,16,217,965,24.7288,58.0,27.6312,56.0
809,19.1310101010101,58.0,46.0,53.0,50.375757575757575,48.546868686868685,19,61,17,329,2037,24.7096,58.0,28.0112,56.0
810,19.53868686868687,59.0,46.0,53.0,50.925252525252525,49.3930303030303,18,53,16,125,617,25.1896,59.0,28.4712,56.0
811,19.73868686868687,59.0,46.0,54.0,51.07070707070707,50.005656565656565,11,51,11,254,1584,25.4812,59.0,28.7912,56.0
812,19.98080808080808,60.0,47.0,54.0,51.65858585858586,50.584848484848486,27,61,23,260,1761,25.9012,60.0,29.1696,56.0
813,20.015151515151516,60.0,47.0,54.0,51.86868686868687,50.772828282828286,15,62,14,325,3323,25.7092,60.0,29.548,56.0
814,20.20232323232323,60.0,48.0,55.0,52.35959595959596,51.38080808080808,17,61,17,276,1612,26.0292,60.0,29.928,56.0
815,20.576060606060604,60.0,49.0,55.0,52.58383838383838,52.207070707070706,20,53,19,136,656,26.4692,60.0,30.368,56.0
816,20.378080808080806,61.0,49.0,55.0,52.76969696969697,51.758383838383835,14,62,13,702,5821,26.1464,61.0,30.6016,56.0
817,20.41868686868687,62.0,49.0,55.0,53.03636363636364,52.20929292929293,18,61,17,379,2172,26.3664,62.0,30.8808,57.0
818,20.553030303030305,62.0,49.0,56.0,53.670707070707074,52.54868686868687,12,66,12,423,2729,26.6536,62.0,31.3208,58.0
819,20.26020202020202,62.0,49.0,57.0,53.75757575757576,51.75151515151515,20,47,17,483,7255,25.3616,62.0,31.7608,58.0
820,20.61838383838384,62.0,50.0,57.0,54.2060606060606,52.57848484848485,22,51,18,136,711,25.8416,62.0,32.1408,59.0
821,19.098282828282827,62.0,49.0,57.0,53.68080808080808,48.93181818181818,9,70,9,1173,18613,22.1656,62.0,32.42,60.0
822,18.97191919191919,62.0,49.0,58.0,53.842424242424244,48.80888888888889,15,52,15,321,4518,21.4328,62.0,32.404,61.0
823,18.763131313131314,62.0,48.0,58.0,53.82222222222222,48.188080808080805,11,55,10,520,6522,20.872,62.0,32.824,61.0
824,18.493131313131315,62.0,48.0,56.0,53.7979797979798,47.50484848484849,17,64,17,638,6732,20.0992,36.0,33.264,62.0
825,18.469191919191918,63.0,49.0,56.0,54.214141414141416,47.5010101010101,21,46,17,341,3801,20.4308,37.0,32.892,63.0
826,18.533737373737374,64.0,49.0,57.0,54.75555555555555,47.83,22,65,19,364,2628,20.4852,37.0,33.352,64.0
827,18.4889898989899,64.0,50.0,57.0,55.375757575757575,47.708282828282826,18,64,16,548,4502,19.7544,37.0,33.752,64.0
828,18.786464646464648,65.0,50.0,58.0,56.028282828282826,48.18090909090909,19,51,16,254,2104,20.23,37.0,33.856,65.0
829,18.754545454545454,65.0,50.0,58.0,56.41616161616162,48.09383838383838,11,52,11,466,4276,20.69,38.0,34.196,65.0
830,18.847575757575758,66.0,51.0,58.0,56.77171717171717,48.39545454545455,17,61,15,350,2742,20.9856,39.0,34.576,66.0
831,18.917373737373737,66.0,51.0,59.0,57.022222222222226,48.612323232323234,19,62,17,368,3071,21.1012,39.0,35.016,66.0
832,19.28929292929293,66.0,52.0,59.0,57.65050505050505,49.434141414141415,19,59,17,141,674,21.5612,40.0,35.436,66.0
833,19.366262626262625,67.0,52.0,59.0,57.7939393939394,49.63090909090909,17,49,15,358,3198,21.8368,40.0,35.756,67.0
834,18.836262626262627,68.0,52.0,60.0,57.624242424242425,48.32949494949495,14,71,13,753,9108,21.6436,41.0,33.86,68.0
835,19.07868686868687,69.0,52.0,60.0,58.028282828282826,48.64979797979798,18,58,15,431,2649,21.826,41.0,34.44,69.0
836,18.94818181818182,69.0,51.0,61.0,57.83030303030303,48.44777777777778,20,64,18,461,4658,21.9328,42.0,33.692,69.0
837,18.84262626262626,69.0,50.0,61.0,57.888888888888886,48.318888888888885,18,56,16,460,4510,22.204,43.0,33.616,69.0
838,18.608686868686867,69.0,49.0,61.0,57.33535353535353,47.74323232323232,20,51,17,476,6177,22.564,44.0,32.156,69.0
839,18.863737373737372,70.0,49.0,62.0,57.75959595959596,48.172828282828284,22,47,17,302,2227,22.9596,44.0,32.28,70.0
840,18.15161616161616,71.0,49.0,63.0,57.2989898989899,46.4610101010101,18,59,17,1007,10713,22.34,44.0,31.888,71.0
841,18.25040404040404,72.0,49.0,63.0,57.4989898989899,46.95050505050505,18,66,17,279,2091,22.6,44.0,32.248,72.0
842,18.243131313131315,73.0,49.0,64.0,58.06262626262626,46.913030303030304,20,56,19,481,4230,21.5892,44.0,32.668,73.0
843,18.4520202020202,73.0,49.0,64.0,58.51111111111111,47.492828282828285,26,55,22,291,1694,21.7248,44.0,33.088,73.0
844,18.484040404040403,74.0,50.0,65.0,58.84848484848485,47.593939393939394,23,56,21,441,3643,21.3272,44.0,33.468,74.0
845,18.475454545454546,75.0,49.0,65.0,58.826262626262626,47.64242424242424,17,66,17,447,3748,21.5228,44.0,33.056,75.0
846,18.483131313131313,76.0,49.0,64.0,58.74747474747475,47.46949494949495,14,57,12,480,4577,21.8584,45.0,32.704,76.0
847,18.636666666666667,77.0,48.0,64.0,59.01010101010101,47.9520202020202,13,65,13,272,2044,22.2384,45.0,32.668,77.0
848,18.76010101010101,77.0,49.0,65.0,59.472727272727276,48.38656565656566,8,46,8,234,2243,22.5584,45.0,33.048,77.0
849,18.947777777777777,78.0,48.0,66.0,59.7979797979798,48.81090909090909,22,62,21,243,2300,22.9184,45.0,33.152,78.0
850,19.173737373737374,78.0,48.0,66.0,59.89494949494949,49.32616161616161,17,43,13,241,1921,23.3584,45.0,33.176,78.0
851,19.338080808080807,78.0,49.0,66.0,60.226262626262624,49.696060606060605,18,61,17,416,2432,23.8184,45.0,33.536,78.0
852,19.20868686868687,79.0,48.0,66.0,59.62020202020202,49.37767676767677,20,67,19,555,5241,24.2184,46.0,32.808,79.0
853,19.455252525252526,79.0,48.0,66.0,59.93939393939394,50.09808080808081,21,52,15,218,1123,24.5984,46.0,33.148,79.0
854,19.736161616161617,80.0,49.0,67.0,60.474747474747474,50.647474747474746,13,65,12,310,1773,25.1184,47.0,33.548,80.0
855,19.943232323232323,80.0,49.0,68.0,60.93131313131313,50.91929292929293,15,59,14,432,2900,25.5584,47.0,34.108,80.0
856,20.29,80.0,50.0,69.0,61.438383838383835,51.76535353535353,21,63,20,141,626,25.9384,48.0,34.548,80.0
857,20.536464646464648,80.0,50.0,70.0,61.54343434343434,52.214949494949494,21,57,18,293,2213,26.3584,49.0,34.692,80.0
858,20.70060606060606,80.0,49.0,71.0,61.80808080808081,52.413131313131316,15,57,13,313,3127,26.1208,49.0,34.956,80.0
859,20.908080808080808,81.0,49.0,72.0,62.13939393939394,52.94070707070707,21,63,19,271,1807,26.262,49.0,35.316,81.0
860,21.168181818181818,81.0,49.0,72.0,62.438383838383835,53.664848484848484,21,65,19,217,1088,26.662,49.0,35.656,81.0
861,21.24131313131313,82.0,49.0,72.0,62.04242424242424,53.69222222222222,21,51,18,426,3830,27.102,49.0,35.384,82.0
862,21.53212121212121,83.0,49.0,72.0,62.52323232323232,54.28757575757576,14,63,13,326,1675,27.562,50.0,35.844,83.0
863,21.826060606060604,84.0,50.0,73.0,63.002020202020205,55.11010101010101,20,57,19,155,753,27.862,50.0,36.284,84.0
864,22.13222222222222,85.0,50.0,73.0,63.660606060606064,55.741616161616165,20,54,16,239,1523,28.0232,50.0,36.764,85.0
865,22.49252525252525,86.0,50.0,73.0,64.06060606060606,56.52383838383838,16,67,15,199,888,28.5632,50.0,37.124,86.0
866,22.776969696969697,87.0,50.0,74.0,64.61818181818182,57.17727272727273,19,56,17,295,1540,28.9032,50.0,37.664,87.0
867,22.986262626262626,87.0,50.0,75.0,65.22020202020202,57.70666666666666,22,57,18,281,1888,29.2832,50.0,38.084,87.0
868,22.892929292929292,87.0,51.0,73.0,64.07676767676767,57.43434343434343,12,44,11,433,5082,29.7632,51.0,37.316,87.0
869,23.074949494949497,88.0,51.0,73.0,64.41010101010102,57.775555555555556,13,49,12,223,2653,30.1632,51.0,37.004,88.0
870,22.465353535353536,88.0,49.0,72.0,63.676767676767675,56.47767676767677,23,54,19,793,9302,29.1392,52.0,36.592,88.0
871,21.91060606060606,89.0,49.0,71.0,61.355555555555554,54.931717171717175,19,49,14,712,10244,29.3304,52.0,34.776,89.0
872,21.538383838383837,78.0,47.0,69.0,58.64040404040404,53.984848484848484,14,62,12,560,7645,29.7304,52.0,33.296,78.0
873,21.722424242424243,78.0,47.0,69.0,59.03636363636364,54.102929292929296,21,60,19,371,3524,29.7128,53.0,33.856,78.0
874,21.672727272727272,78.0,47.0,69.0,58.58585858585859,54.04767676767677,14,52,14,383,4254,30.0,53.0,32.998,78.0
875,21.584949494949495,78.0,47.0,69.0,58.68888888888889,53.88636363636363,16,58,14,444,4631,29.5236,53.0,32.992,78.0
876,21.170909090909092,78.0,47.0,70.0,58.27878787878788,53.01676767676768,18,67,16,712,7564,28.9972,54.0,32.6,78.0
877,20.85242424242424,79.0,45.0,70.0,57.56565656565657,52.29636363636364,14,68,13,588,6915,28.6524,54.0,31.802,79.0
878,20.554343434343433,80.0,45.0,71.0,57.36363636363637,51.493131313131315,22,55,19,570,7109,27.2096,54.0,31.756,80.0
879,20.038282828282828,81.0,45.0,71.0,57.12525252525253,50.328080808080806,14,53,12,604,8673,25.5768,54.0,31.364,81.0
880,19.493737373737375,82.0,45.0,66.0,56.83838383838384,49.10636363636364,19,57,17,718,8955,24.1528,54.0,30.912,82.0
881,19.446565656565657,83.0,45.0,66.0,56.87676767676768,49.042626262626264,24,55,21,397,4229,23.6164,54.0,30.966,83.0
882,19.582020202020203,84.0,45.0,67.0,57.395959595959596,49.23686868686869,18,60,18,395,3213,23.4788,55.0,31.466,84.0
883,19.984444444444446,85.0,46.0,68.0,57.915151515151514,50.092828282828286,22,43,15,109,570,23.9188,56.0,31.946,85.0
884,19.952929292929294,85.0,46.04999999999927,69.0,58.551515151515154,50.10858585858586,15,61,12,526,3975,23.48,57.0,32.326,85.0
885,18.884444444444444,85.0,44.0,68.0,54.6,47.60848484848485,15,64,13,1025,14142,23.0936,57.0,29.378,85.0
886,18.421212121212122,85.0,43.0,57.0,52.6,46.63747474747475,15,61,15,673,7853,23.5136,57.0,27.588,85.0
887,18.415252525252527,86.0,43.0,57.0,52.05858585858586,46.582424242424246,20,65,16,376,4217,23.196,46.0,27.662,86.0
888,18.702222222222222,86.0,43.0,58.0,52.654545454545456,47.24050505050505,19,67,19,221,1416,23.616,47.0,28.102,86.0
889,18.712323232323232,87.0,44.0,58.0,53.2969696969697,47.43363636363637,16,71,16,414,3365,23.0272,48.0,28.462,87.0
890,19.017474747474747,87.0,45.0,59.0,53.73131313131313,47.972020202020204,21,56,16,301,1830,23.4872,48.0,28.982,87.0
891,19.183737373737372,87.0,45.0,60.0,54.09292929292929,48.294747474747474,25,40,19,322,2710,23.2984,49.0,29.382,87.0
892,19.0479797979798,87.0,45.0,60.0,54.47070707070707,47.971414141414144,13,64,13,671,5403,23.7384,50.0,29.762,87.0
893,18.776464646464646,87.0,45.0,60.0,54.37777777777778,47.37141414141414,14,69,13,845,6648,22.8184,51.0,29.776,87.0
894,18.74737373737374,87.0,44.0,58.0,53.76161616161616,47.47070707070707,22,53,19,298,3555,23.0584,52.0,29.384,87.0
895,18.97030303030303,88.0,45.0,58.0,54.1030303030303,48.14989898989899,13,60,13,193,1258,23.2692,53.0,29.704,88.0
896,19.226060606060607,89.0,45.0,58.0,54.48686868686869,48.5510101010101,19,62,16,312,2517,23.8292,53.0,30.164,89.0
897,19.4810101010101,89.0,45.0,58.0,54.70909090909091,49.2130303030303,21,57,18,238,1436,24.2892,54.0,30.504,89.0
898,19.672020202020203,89.0,45.0,58.0,55.111111111111114,49.725353535353534,22,45,19,212,1970,24.3004,54.0,30.864,89.0
899,19.597373737373736,89.0,45.0,59.0,55.36363636363637,49.838484848484846,13,56,11,313,3610,23.7828,54.0,31.144,89.0
900,19.96949494949495,89.0,46.0,59.0,55.84444444444444,50.657171717171714,14,56,14,141,672,24.2628,55.0,31.544,89.0
901,20.204848484848483,90.0,46.0,59.0,56.25454545454546,51.29303030303031,17,74,16,215,1432,24.5104,55.0,31.884,90.0
902,19.89040404040404,90.0,45.0,59.0,56.23434343434344,50.60868686868687,18,64,16,561,6875,23.644,55.0,32.284,90.0
903,19.611616161616162,90.0,44.0,57.0,54.94747474747475,49.935656565656565,20,53,19,538,6720,23.2464,55.0,31.852,90.0
904,19.364949494949496,91.0,45.0,57.0,54.8020202020202,49.20656565656566,16,61,16,571,6996,22.3692,56.0,32.252,91.0
905,19.231919191919193,91.0,44.0,57.0,54.62626262626262,49.07545454545455,15,54,11,430,4584,21.8516,56.0,32.612,91.0
906,19.34808080808081,92.0,44.04999999999927,57.0,55.02424242424242,49.3269696969697,19,63,18,351,3107,22.3516,57.0,32.972,92.0
907,19.454343434343436,92.0,45.0,58.0,55.365656565656565,49.63777777777778,20,47,16,325,2908,22.6316,57.0,33.492,92.0
908,19.57030303030303,93.0,45.0,58.0,55.71313131313131,49.98888888888889,16,63,13,368,2614,23.0116,57.0,33.872,93.0
909,19.644444444444446,94.0,45.0,59.0,55.717171717171716,50.08858585858586,17,49,11,337,3622,22.674,58.0,34.272,94.0
910,19.846363636363638,95.0,46.0,59.0,56.163636363636364,50.71343434343434,28,48,19,211,1466,22.954,58.0,34.692,95.0
911,19.90141414141414,96.0,45.0,60.0,56.30707070707071,50.684141414141415,19,55,15,428,4207,22.5764,59.0,35.212,96.0
912,20.076464646464647,96.0,45.0,60.0,56.36767676767677,51.361414141414144,16,59,14,217,1237,22.9964,59.0,35.392,96.0
913,20.18959595959596,96.0,45.0,60.0,56.39393939393939,51.71141414141414,22,51,20,279,2642,22.9876,38.0,35.752,96.0
914,20.140505050505052,97.0,45.0,60.0,56.458585858585856,51.55535353535353,14,74,13,470,4743,23.4876,38.0,36.112,97.0
915,20.408181818181816,97.0,45.0,60.0,56.7010101010101,52.182020202020205,16,49,14,277,1508,23.9276,39.0,36.512,97.0
916,20.762424242424242,97.0,45.0,61.0,57.04848484848485,53.09050505050505,17,58,15,103,354,24.3676,39.0,36.852,97.0
917,21.043131313131312,98.0,45.0,62.0,57.76767676767677,53.7830303030303,19,56,16,224,1280,24.7276,39.0,37.312,98.0
918,21.305959595959596,99.0,46.0,63.0,58.323232323232325,54.296868686868685,19,61,19,295,1853,25.2076,39.0,37.732,99.0
919,21.43262626262626,100.0,47.0,64.0,58.656565656565654,54.76141414141414,22,55,17,290,2112,25.206,40.0,38.072,100.0
920,21.73090909090909,101.0,48.0,64.0,59.163636363636364,55.24363636363636,11,52,9,248,1898,25.666,41.0,38.592,101.0
921,21.742929292929293,101.0,48.0,64.0,59.55959595959596,55.49959595959596,17,63,15,376,2950,25.2828,42.0,38.912,101.0
922,22.083636363636362,101.0,48.0,64.0,60.0040404040404,56.37434343434344,13,40,10,89,488,25.6628,42.0,39.312,101.0
923,22.135858585858585,102.0,49.0,64.0,60.34141414141414,56.77,14,75,14,334,2354,25.812,42.0,39.572,102.0
924,22.29030303030303,102.0,49.0,65.0,60.63636363636363,57.25727272727273,20,66,19,298,1936,26.152,42.0,39.932,102.0
925,22.512828282828284,102.0,49.0,65.0,61.05656565656566,57.81565656565657,22,64,19,281,1757,26.612,43.0,40.272,102.0
926,22.81828282828283,102.0,50.0,66.0,61.61212121212121,58.55131313131313,15,55,14,220,1035,26.972,43.0,40.732,102.0
927,22.967777777777776,103.0,50.0,67.0,61.955555555555556,58.9339393939394,23,50,19,306,2381,26.8396,43.0,41.132,103.0
928,22.95717171717172,103.0,50.0,67.0,62.25050505050505,59.07575757575758,16,60,15,453,3372,26.6472,43.0,41.472,103.0
929,23.05939393939394,103.0,51.0,67.0,62.48282828282828,59.472020202020204,18,52,18,333,2354,26.9872,43.0,41.812,103.0
930,23.0569696969697,103.0,50.0,66.01000000000022,62.101010101010104,59.363838383838385,14,60,14,453,4380,27.2964,44.0,41.806,103.0
931,23.338383838383837,104.0,51.0,66.01000000000022,62.42020202020202,60.04888888888889,19,45,16,188,1174,27.7364,44.0,42.166,104.0
932,23.592727272727274,104.0,51.0,67.0,62.84444444444444,60.646262626262626,20,66,18,285,1541,28.1564,45.0,42.566,104.0
933,23.82070707070707,105.0,52.0,67.01000000000022,63.33131313131313,61.221111111111114,19,48,15,240,1604,28.5164,46.0,42.986,105.0
934,23.94989898989899,105.0,52.0,67.02000000000044,63.8,61.45424242424242,11,47,10,378,2978,28.2532,47.0,43.426,105.0
935,23.914343434343433,105.0,52.0,68.01000000000022,64.0,61.437171717171715,21,59,19,512,3916,27.6284,47.0,43.746,105.0
936,23.53727272727273,105.0,52.0,67.0,61.71313131313131,60.4510101010101,23,51,18,550,7693,28.0084,47.0,42.948,105.0
937,23.4489898989899,105.0,52.0,67.0,62.02424242424242,60.253838383838385,11,59,11,570,4636,27.3704,48.0,43.388,105.0
938,23.67737373737374,105.0,52.0,67.0,62.355555555555554,60.68373737373737,19,51,18,314,2194,27.8904,48.0,43.768,105.0
939,23.976363636363637,105.0,52.0,67.0,62.53333333333333,61.36272727272727,20,55,17,214,1297,28.2796,48.0,44.068,105.0
940,23.906363636363636,106.0,53.0,66.0,61.94343434343434,61.281616161616164,20,54,18,369,4257,28.15,49.0,43.962,106.0
941,23.770404040404042,106.0,53.0,64.0,61.46060606060606,61.107979797979795,16,50,12,381,4613,27.9004,50.0,43.916,106.0
942,23.01888888888889,106.0,53.0,62.0,57.981818181818184,59.42717171717172,20,69,19,690,10509,27.6308,50.0,42.632,106.0
943,22.723434343434345,63.0,49.0,62.0,56.00606060606061,58.75050505050505,11,52,10,556,6489,27.9708,50.0,42.2,63.0
944,22.96272727272727,64.0,49.0,62.0,56.30909090909091,59.406868686868684,18,54,16,186,1294,28.3108,50.0,42.6,64.0
945,23.311515151515152,64.0,49.0,62.0,56.547474747474745,60.27363636363636,19,55,18,93,507,28.8308,50.0,42.88,64.0
946,23.304848484848485,65.0,50.0,62.0,56.96969696969697,60.13474747474748,21,52,20,530,4323,28.5876,50.0,43.3,65.0
947,23.126060606060605,66.0,50.0,63.0,57.474747474747474,59.63939393939394,13,59,13,662,5730,27.9896,50.0,43.74,66.0
948,23.15737373737374,66.0,50.0,63.0,57.915151515151514,59.76353535353535,21,62,19,460,3353,28.1788,51.0,44.12,66.0
949,23.356868686868687,66.0,50.0,63.0,58.13535353535354,60.403232323232324,14,45,13,226,1391,28.5388,52.0,44.44,66.0
950,23.36979797979798,67.0,51.0,63.0,58.5030303030303,60.534747474747476,17,58,17,426,3337,28.2148,52.0,44.76,67.0
951,23.715151515151515,67.0,51.0,64.0,58.83434343434343,61.279191919191916,24,58,18,175,1036,28.4796,53.0,45.22,67.0
952,23.853939393939395,67.0,51.0,64.0,59.05050505050505,61.74959595959596,18,57,16,333,2091,28.8796,53.0,45.52,67.0
953,24.012323232323233,67.0,52.0,64.0,59.41616161616162,62.1689898989899,16,53,14,324,2194,29.2396,54.0,45.92,67.0
954,23.885757575757577,67.0,52.0,64.0,59.91111111111111,61.994040404040405,16,60,14,659,4421,28.9188,54.0,46.26,67.0
955,23.863333333333333,68.0,53.0,65.0,60.474747474747474,61.624545454545455,19,60,18,642,5271,28.5604,50.0,46.78,68.0
956,23.78878787878788,68.0,54.0,66.0,60.96969696969697,61.42919191919192,12,62,12,443,4698,27.8332,50.0,47.22,68.0
957,23.887272727272727,68.0,54.0,66.0,61.27272727272727,61.8159595959596,20,59,17,356,2391,28.0856,50.0,47.56,68.0
958,24.14010101010101,68.0,55.0,67.0,61.76767676767677,62.53080808080808,6,44,6,231,1061,28.3936,50.0,47.92,68.0
959,24.27777777777778,68.0,55.0,67.0,62.07070707070707,62.951919191919195,16,57,15,308,2201,28.4788,50.0,48.28,68.0
960,24.36686868686869,68.0,56.0,68.0,62.56565656565657,62.911515151515154,17,60,15,482,4068,28.526,51.0,48.86,68.0
961,24.175555555555555,68.0,56.0,68.0,62.86868686868687,62.49535353535354,18,66,17,698,5458,28.3764,52.0,49.18,68.0
962,23.952222222222222,69.0,57.0,69.0,63.36363636363637,61.90707070707071,16,63,15,568,6171,27.1076,53.0,49.6,69.0
963,24.25050505050505,70.0,57.0,69.0,63.666666666666664,62.7020202020202,21,61,19,144,809,27.4476,54.0,50.02,70.0
964,24.425151515151516,70.0,57.0,69.0,63.86868686868687,63.36676767676768,16,61,14,232,1241,27.7476,54.0,50.32,70.0
965,24.66808080808081,70.0,58.0,69.0,64.26262626262626,63.96050505050505,19,57,15,238,1555,28.1296,54.0,50.64,70.0
966,24.72161616161616,70.0,58.0,69.0,64.56565656565657,64.08282828282829,14,59,14,405,3331,27.812,54.0,51.02,70.0
967,24.587272727272726,71.0,59.0,70.0,65.06060606060606,63.68454545454546,14,67,13,709,5389,27.7688,54.0,51.44,71.0
968,24.61171717171717,71.0,60.0,70.0,65.45454545454545,63.763939393939395,19,56,12,461,3520,27.8264,55.0,51.78,71.0
969,24.77979797979798,71.0,60.0,71.0,65.95959595959596,64.2580808080808,20,64,19,272,1900,28.1664,55.0,52.16,71.0
970,24.40282828282828,72.0,60.0,72.0,66.66666666666667,63.11676767676768,18,56,14,872,8286,27.2016,55.0,52.76,72.0
971,23.985656565656566,73.0,61.0,72.0,67.26262626262626,62.04979797979798,11,71,11,890,8189,25.83,55.0,53.18,73.0
972,24.08111111111111,73.0,61.0,72.0,67.56565656565657,62.23848484848485,17,57,15,423,3114,25.7184,56.0,53.54,73.0
973,24.12787878787879,73.0,61.0,72.0,67.56565656565657,62.42171717171717,19,61,18,438,3101,25.6,56.0,53.8,73.0
974,24.264141414141413,73.0,62.0,72.0,68.16161616161617,62.72555555555556,18,67,18,325,2611,25.3432,56.0,54.32,73.0
975,24.363434343434342,73.0,62.0,73.0,68.46464646464646,62.90030303030303,15,67,15,493,3076,25.5348,57.0,54.68,73.0
976,24.1289898989899,74.0,63.0,73.0,69.06060606060606,62.14939393939394,13,68,13,887,6776,25.2508,57.0,55.1,74.0
977,24.417373737373737,74.0,63.0,74.0,69.56565656565657,62.767878787878786,17,60,16,299,1501,25.7304,57.0,55.5,74.0
978,24.124949494949494,75.0,63.0,73.0,69.53333333333333,62.056969696969695,12,53,12,605,6657,25.3,58.0,55.0156,75.0
979,24.266565656565657,75.0,63.0,73.0,69.83030303030303,62.55878787878788,14,54,14,389,1964,25.5732,58.0,55.3556,75.0
980,24.104444444444443,76.0,64.0,74.0,70.43434343434343,62.068585858585855,19,60,18,571,5862,24.5088,58.0,55.8156,76.0
981,24.163333333333334,77.0,64.0,75.0,70.92929292929293,62.39212121212121,18,54,16,299,2684,24.2032,59.0,56.1356,77.0
982,24.27717171717172,77.0,65.0,76.0,71.33535353535353,62.59171717171717,21,60,18,394,3130,24.1368,59.0,56.4956,77.0
983,24.407575757575756,77.0,65.0,76.0,71.4,62.745858585858585,19,64,19,281,3362,24.6968,59.0,55.9912,77.0
984,24.512727272727272,78.0,65.0,76.0,71.5939393939394,63.176464646464645,17,57,17,366,2226,24.7536,60.0,56.3112,78.0
985,24.79979797979798,78.0,65.0,76.0,71.78787878787878,63.89979797979798,23,58,19,254,1118,25.1136,60.0,56.7512,78.0
986,24.815555555555555,78.0,65.0,76.0,72.17575757575757,63.95272727272727,10,64,9,507,3804,24.9072,61.0,57.1912,78.0
987,24.756262626262625,78.0,66.0,77.0,72.88484848484849,63.61333333333334,17,60,15,591,5141,23.9104,62.0,57.6712,78.0
988,24.47969696969697,78.0,67.0,77.0,73.2060606060606,63.07818181818182,15,66,14,641,6005,22.7336,62.0,57.9712,78.0
989,24.533737373737374,79.0,68.0,78.0,73.62424242424242,63.48878787878788,17,59,15,449,2435,23.0232,63.0,58.2712,79.0
990,24.563333333333333,80.0,68.0,78.0,74.01212121212122,63.69747474747475,21,65,20,549,3271,23.3632,63.0,58.6512,80.0
991,24.415858585858587,80.0,68.0,78.0,74.07676767676767,63.55232323232323,17,68,17,395,4529,23.0936,63.0,58.0868,80.0
992,24.593939393939394,81.0,68.0,79.0,74.36161616161615,63.953737373737376,14,55,12,360,2296,23.4328,63.0,58.5468,81.0
993,24.89010101010101,81.0,68.0,80.0,74.64646464646465,64.78959595959596,21,58,20,158,632,23.8624,64.0,58.8268,81.0
994,24.363737373737372,81.0,68.0,80.0,74.81818181818181,63.54616161616162,11,58,11,811,8874,23.5464,65.0,57.398,81.0
995,24.6620202020202,82.0,69.0,80.0,75.45454545454545,64.16,17,60,15,257,1502,23.9264,65.0,57.918,82.0
996,23.78272727272727,83.0,70.0,80.0,75.6,61.973939393939396,15,66,15,880,12467,22.6312,65.0,55.6648,83.0
997,23.726969696969697,83.0,70.0,80.0,75.76969696969697,61.91909090909091,24,58,20,417,4116,22.112,65.0,55.9648,83.0
998,24.051919191919193,83.0,70.0,80.0,76.02424242424243,62.72343434343434,18,63,17,179,743,22.452,65.0,56.4248,83.0
999,23.91919191919192,83.0,68.0,81.0,76.11717171717171,62.60262626262626,24,68,23,415,4383,22.5088,66.0,55.8204,83.0
