source,version,generation_slot,completion_slot,delay,completed
34,1,1,123,122,True
41,1,1,106,105,True
18,1,2,123,121,True
33,1,2,180,178,True
33,2,3,180,177,True
48,1,3,106,103,True
35,1,4,123,119,True
14,1,5,123,118,True
15,1,5,123,118,True
35,2,5,123,118,True
37,1,5,106,101,True
41,2,5,106,101,True
49,1,6,106,100,True
13,1,7,123,116,True
14,2,7,123,116,True
13,2,8,123,115,True
31,1,8,106,98,True
34,2,8,123,115,True
44,1,8,106,98,True
4,1,9,123,114,True
25,1,9,106,97,True
27,1,9,123,114,True
2,1,10,178,168,True
30,1,10,123,113,True
10,1,11,123,112,True
30,2,11,123,112,True
37,2,11,106,95,True
47,1,11,123,112,True
49,2,11,106,95,True
6,1,12,123,111,True
11,1,12,123,111,True
26,1,12,106,94,True
30,3,12,123,111,True
37,3,12,106,94,True
30,4,13,123,110,True
0,1,14,186,172,True
11,2,15,123,108,True
27,2,15,123,108,True
49,3,15,106,91,True
9,1,16,123,107,True
24,1,16,123,107,True
40,1,16,178,162,True
46,1,16,123,107,True
18,2,18,123,105,True
25,2,18,106,88,True
36,1,18,106,88,True
0,2,19,186,167,True
17,1,19,123,104,True
30,5,19,123,104,True
47,2,19,123,104,True
2,2,20,178,158,True
28,1,20,106,86,True
16,1,21,178,157,True
18,3,21,123,102,True
2,3,22,178,156,True
24,2,22,123,101,True
3,1,24,178,154,True
47,3,24,123,99,True
48,2,24,106,82,True
49,4,24,106,82,True
9,2,25,123,98,True
40,2,25,178,153,True
45,1,25,106,81,True
5,1,26,123,97,True
23,1,26,123,97,True
43,1,26,106,80,True
45,2,28,180,152,True
48,3,28,106,78,True
29,1,29,106,77,True
31,2,29,106,77,True
25,3,30,106,76,True
1,1,31,178,147,True
7,1,31,123,92,True
37,4,32,106,74,True
39,1,32,106,74,True
8,1,33,123,90,True
35,3,33,123,90,True
38,1,33,123,90,True
5,2,34,123,89,True
14,3,34,178,144,True
15,2,34,178,144,True
7,2,35,178,143,True
22,1,35,178,143,True
43,2,35,180,145,True
47,4,35,123,88,True
42,1,36,123,87,True
38,2,38,123,85,True
47,5,38,123,85,True
39,2,39,106,67,True
6,2,40,123,83,True
10,2,40,178,138,True
13,3,40,178,138,True
29,2,40,106,66,True
31,3,40,180,140,True
37,5,40,106,66,True
1,2,41,178,137,True
4,2,41,123,82,True
8,2,41,123,82,True
12,1,42,123,81,True
31,4,42,180,138,True
40,3,42,178,136,True
44,2,42,106,64,True
7,3,43,178,135,True
31,5,43,180,137,True
14,4,44,178,134,True
46,2,44,123,79,True
15,3,45,178,133,True
22,2,45,178,133,True
30,6,45,178,133,True
31,6,45,180,135,True
39,3,45,106,61,True
48,4,45,106,61,True
8,3,46,123,77,True
18,4,46,123,77,True
26,2,46,106,60,True
32,1,47,106,59,True
26,3,48,106,58,True
34,3,48,123,75,True
36,2,48,180,132,True
15,4,49,178,129,True
20,1,49,178,129,True
11,3,50,178,128,True
19,1,50,178,128,True
22,3,50,178,128,True
15,5,51,178,127,True
27,3,51,178,127,True
38,3,51,123,72,True
40,4,51,178,127,True
48,5,51,106,55,True
48,6,52,106,54,True
18,5,53,178,125,True
10,3,54,178,124,True
38,4,54,178,124,True
49,5,54,106,52,True
30,7,55,178,123,True
33,3,55,180,125,True
22,4,56,178,122,True
43,3,56,180,124,True
7,4,58,178,120,True
9,3,58,178,120,True
16,2,58,178,120,True
20,2,58,178,120,True
29,3,58,106,48,True
45,3,58,180,122,True
5,3,59,178,119,True
20,3,61,178,117,True
27,4,61,178,117,True
31,7,61,180,119,True
44,3,61,106,45,True
46,3,61,123,62,True
35,4,62,178,116,True
44,4,62,106,44,True
47,6,62,178,116,True
6,3,63,178,115,True
13,4,63,178,115,True
13,5,64,178,114,True
29,4,64,180,116,True
18,6,65,178,113,True
47,7,65,178,113,True
28,2,66,180,114,True
41,3,66,180,114,True
32,2,67,106,39,True
35,5,67,178,111,True
44,5,67,106,39,True
45,4,67,180,113,True
14,5,68,178,110,True
43,4,68,180,112,True
5,4,69,178,109,True
15,6,70,178,108,True
25,4,70,106,36,True
39,4,70,106,36,True
7,5,71,178,107,True
34,4,72,123,51,True
1,3,73,178,105,True
6,4,73,178,105,True
11,4,73,178,105,True
39,5,73,106,33,True
7,6,75,178,103,True
8,4,75,178,103,True
23,2,75,178,103,True
30,8,75,178,103,True
39,6,75,180,105,True
9,4,76,178,102,True
11,5,76,178,102,True
49,6,76,180,104,True
13,6,77,178,101,True
32,3,77,106,29,True
37,6,77,180,103,True
48,7,77,180,103,True
9,5,78,178,100,True
20,4,78,178,100,True
41,4,78,180,102,True
35,6,79,178,99,True
6,5,80,178,98,True
19,2,80,178,98,True
24,3,80,186,106,True
29,5,80,180,100,True
4,3,81,178,97,True
16,3,81,178,97,True
43,5,81,180,99,True
16,4,82,178,96,True
23,3,82,178,96,True
15,7,83,186,103,True
22,5,83,178,95,True
24,4,83,186,103,True
44,6,83,198,115,True
3,2,84,178,94,True
8,5,84,186,102,True
23,4,84,178,94,True
23,5,85,178,93,True
10,4,86,186,100,True
32,4,86,198,112,True
46,4,86,186,100,True
17,2,87,186,99,True
26,4,87,180,93,True
0,3,88,186,98,True
9,6,88,178,90,True
30,9,88,178,90,True
2,4,89,232,143,True
20,5,89,178,89,True
21,1,89,186,97,True
3,3,90,186,96,True
46,5,90,186,96,True
9,7,91,186,95,True
14,6,91,178,87,True
28,3,91,180,89,True
39,7,91,180,89,True
44,7,91,198,107,True
5,5,92,186,94,True
17,3,92,186,94,True
26,5,92,198,106,True
47,8,92,178,86,True
9,8,93,186,93,True
14,7,93,178,85,True
32,5,93,198,105,True
43,6,93,180,87,True
33,4,94,180,86,True
44,8,94,198,104,True
45,5,94,180,86,True
9,9,95,186,91,True
22,6,95,186,91,True
25,5,95,180,85,True
31,8,95,180,85,True
16,5,96,186,90,True
18,7,96,186,90,True
15,8,97,186,89,True
9,10,98,186,88,True
36,3,98,180,82,True
43,7,98,180,82,True
9,11,99,186,87,True
16,6,99,186,87,True
24,5,99,186,87,True
42,2,99,178,79,True
2,5,100,232,132,True
18,8,100,186,86,True
20,6,100,178,78,True
24,6,100,186,86,True
25,6,100,180,80,True
31,9,100,180,80,True
48,8,100,241,141,True
19,3,101,178,77,True
39,8,101,180,79,True
44,9,101,198,97,True
12,2,102,197,95,True
9,12,103,186,83,True
12,3,103,197,94,True
15,9,103,186,83,True
17,4,103,186,83,True
19,4,103,186,83,True
25,7,103,180,77,True
32,6,103,198,95,True
14,8,104,186,82,True
45,6,104,180,76,True
47,9,104,178,74,True
1,4,105,186,81,True
40,5,105,178,73,True
8,6,106,186,80,True
10,5,106,186,80,True
35,7,106,178,72,True
16,7,107,186,79,True
43,8,107,180,73,True
9,13,108,186,78,True
13,7,108,186,78,True
19,5,108,186,78,True
32,7,108,198,90,True
47,10,108,178,70,True
14,9,109,186,77,True
13,8,110,186,76,True
21,2,111,186,75,True
30,10,111,186,75,True
1,5,112,186,74,True
25,8,112,180,68,True
35,8,112,236,124,True
43,9,112,180,68,True
27,5,114,186,72,True
47,11,116,186,70,True
5,6,117,186,69,True
7,7,117,186,69,True
25,9,117,180,63,True
37,7,117,180,63,True
2,6,119,232,113,True
11,6,119,186,67,True
13,9,119,186,67,True
29,6,119,180,61,True
18,9,120,186,66,True
22,7,120,186,66,True
47,12,120,186,66,True
12,4,121,197,76,True
24,7,122,186,64,True
32,8,122,198,76,True
6,6,123,186,63,True
25,10,123,180,57,True
32,9,123,198,75,True
45,7,123,180,57,True
14,10,124,186,62,True
9,14,125,186,61,True
33,5,126,241,115,True
34,5,126,180,54,True
14,11,127,186,59,True
16,8,127,186,59,True
26,6,128,198,70,True
6,7,129,186,57,True
10,6,129,186,57,True
11,7,129,186,57,True
14,12,129,186,57,True
35,9,129,236,107,True
49,7,129,198,69,True
3,4,130,232,102,True
22,8,130,186,56,True
40,6,130,186,56,True
7,8,131,186,55,True
10,7,131,186,55,True
14,13,131,186,55,True
49,8,132,198,66,True
17,5,133,232,99,True
47,13,133,186,53,True
2,7,134,232,98,True
11,8,134,232,98,True
37,8,135,198,63,True
15,10,136,232,96,True
40,7,136,186,50,True
1,6,137,186,49,True
17,6,137,232,95,True
10,8,138,232,94,True
18,10,138,186,48,True
36,4,138,241,103,True
3,5,139,232,93,True
9,15,139,186,47,True
11,9,139,232,93,True
3,6,140,232,92,True
18,11,140,186,46,True
20,7,140,186,46,True
36,5,140,241,101,True
0,4,141,232,91,True
29,7,141,241,100,True
43,10,141,241,100,True
46,6,141,186,45,True
12,5,144,197,53,True
15,11,144,232,88,True
16,9,144,263,119,True
21,3,144,232,88,True
22,9,144,186,42,True
17,7,145,232,87,True
26,7,145,241,96,True
34,6,145,198,53,True
9,16,146,186,40,True
29,8,146,241,95,True
41,5,146,241,95,True
45,8,146,241,95,True
8,7,147,186,39,True
12,6,147,197,50,True
13,10,147,232,85,True
14,14,147,186,39,True
36,6,147,241,94,True
15,12,149,232,83,True
42,3,149,186,37,True
44,10,149,198,49,True
1,7,150,186,36,True
41,6,150,241,91,True
4,4,151,186,35,True
18,12,151,198,47,True
43,11,151,241,90,True
47,14,151,232,81,True
16,10,152,263,111,True
20,8,152,186,34,True
22,10,152,186,34,True
24,8,153,186,33,True
18,13,154,198,44,True
26,8,154,241,87,True
44,11,154,241,87,True
26,9,155,241,86,True
34,7,155,236,81,True
37,9,155,241,86,True
45,9,155,241,86,True
37,10,156,241,85,True
24,9,157,186,29,True
45,10,157,241,84,True
8,8,158,198,40,True
21,4,158,232,74,True
1,8,160,263,103,True
5,7,160,380,220,True
12,7,160,197,37,True
47,15,160,236,76,True
10,9,161,232,71,True
1,9,162,263,101,True
29,9,162,241,79,True
33,6,162,241,79,True
41,7,162,241,79,True
46,7,164,236,72,True
11,10,165,236,71,True
33,7,167,241,74,True
35,10,167,241,74,True
11,11,168,236,68,True
15,13,168,232,64,True
25,11,168,298,130,True
4,5,169,232,63,True
22,11,169,263,94,True
26,10,169,241,72,True
35,11,169,241,72,True
1,10,170,263,93,True
6,8,170,263,93,True
13,11,170,232,62,True
17,8,170,236,66,True
49,9,170,241,71,True
16,11,171,263,92,True
26,11,171,241,70,True
33,8,171,241,70,True
36,7,171,241,70,True
47,16,171,236,65,True
20,9,172,263,91,True
32,10,172,241,69,True
33,9,172,241,69,True
0,5,173,263,90,True
12,8,173,263,90,True
17,9,173,236,63,True
31,10,173,241,68,True
2,8,174,380,206,True
17,10,174,236,62,True
19,6,174,263,89,True
24,10,174,263,89,True
25,12,174,298,124,True
34,8,174,241,67,True
42,4,174,241,67,True
17,11,175,236,61,True
40,8,175,236,61,True
41,8,175,241,66,True
42,5,175,241,66,True
19,7,176,263,87,True
34,9,176,241,65,True
32,11,177,241,64,True
13,12,178,263,85,True
38,5,178,236,58,True
43,12,178,241,63,True
13,13,179,263,84,True
19,8,180,263,83,True
22,12,180,263,83,True
25,13,180,298,118,True
32,12,180,241,61,True
36,8,181,298,117,True
48,9,181,298,117,True
49,10,181,241,60,True
16,12,182,263,81,True
30,11,182,380,198,True
46,8,182,236,54,True
7,9,183,263,80,True
38,6,183,236,53,True
39,9,183,241,58,True
42,6,183,241,58,True
14,15,184,263,79,True
17,12,184,236,52,True
25,14,184,298,114,True
26,12,184,241,57,True
43,13,184,241,57,True
48,10,184,298,114,True
30,12,185,380,195,True
44,12,185,241,56,True
20,10,186,263,77,True
46,9,186,236,50,True
13,14,187,263,76,True
28,4,187,298,111,True
46,10,187,236,49,True
35,12,188,241,53,True
42,7,188,241,53,True
2,9,189,380,191,True
14,16,189,263,74,True
38,7,189,236,47,True
43,14,189,241,52,True
4,6,191,263,72,True
6,9,191,263,72,True
28,5,192,298,106,True
1,11,193,263,70,True
20,11,193,263,70,True
34,10,193,241,48,True
7,10,195,263,68,True
28,6,195,298,103,True
43,15,195,298,103,True
43,16,196,298,102,True
7,11,197,263,66,True
17,13,197,263,66,True
24,11,197,263,66,True
34,11,197,241,44,True
49,11,197,298,101,True
7,12,198,263,65,True
11,12,198,263,65,True
21,5,198,292,94,True
42,8,198,241,43,True
42,9,199,241,42,True
46,11,199,241,42,True
7,13,200,263,63,True
2,10,201,380,179,True
5,8,201,380,179,True
17,14,201,263,62,True
26,13,201,241,40,True
49,12,201,298,97,True
0,6,202,263,61,True
5,9,202,380,178,True
8,9,202,271,69,True
17,15,202,263,61,True
28,7,202,298,96,True
46,12,202,241,39,True
12,9,203,271,68,True
34,12,203,241,38,True
35,13,203,241,38,True
44,13,203,241,38,True
8,10,204,271,67,True
14,17,204,263,59,True
27,6,204,263,59,True
38,8,205,298,93,True
43,17,205,298,93,True
12,10,206,271,65,True
20,12,206,263,57,True
31,11,206,298,92,True
4,7,207,263,56,True
5,10,207,380,173,True
9,17,207,380,173,True
13,15,207,263,56,True
15,14,207,263,56,True
16,13,207,263,56,True
20,13,207,263,56,True
24,12,207,263,56,True
19,9,208,263,55,True
20,14,208,263,55,True
19,10,209,263,54,True
28,8,209,298,89,True
39,10,209,325,116,True
41,9,209,298,89,True
5,11,210,380,170,True
14,18,210,263,53,True
18,14,210,263,53,True
22,13,210,380,170,True
4,8,211,263,52,True
11,13,212,263,51,True
42,10,212,263,51,True
1,12,213,271,58,True
11,14,213,263,50,True
45,11,213,298,85,True
20,15,214,271,57,True
33,10,214,325,111,True
46,13,215,241,26,True
42,11,218,263,45,True
8,11,219,271,52,True
48,11,219,298,79,True
5,12,220,380,160,True
32,13,220,298,78,True
10,10,221,263,42,True
41,10,221,325,104,True
8,12,222,271,49,True
27,7,222,292,70,True
31,12,222,298,76,True
34,13,222,298,76,True
7,14,223,263,40,True
7,15,224,263,39,True
9,18,224,380,156,True
29,10,224,298,74,True
31,13,225,298,73,True
34,14,226,298,72,True
4,9,227,271,44,True
14,19,227,292,65,True
21,6,227,292,65,True
32,14,227,298,71,True
36,9,227,325,98,True
47,17,227,380,153,True
9,19,228,380,152,True
18,15,228,271,43,True
28,9,228,325,97,True
5,13,229,380,151,True
2,11,230,380,150,True
5,14,230,380,150,True
22,14,230,380,150,True
9,20,231,380,149,True
29,11,231,298,67,True
36,10,232,325,93,True
43,18,232,325,93,True
3,7,233,380,147,True
10,11,233,297,64,True
25,15,233,298,65,True
27,8,233,292,59,True
37,11,233,382,149,True
49,13,233,298,65,True
27,9,234,292,58,True
29,12,234,298,64,True
33,11,234,325,91,True
36,11,235,325,90,True
10,12,236,297,61,True
22,15,237,380,143,True
19,11,238,380,142,True
20,16,238,309,71,True
16,14,239,380,141,True
34,15,239,298,59,True
12,11,240,309,69,True
33,12,240,325,85,True
44,14,240,325,85,True
48,12,240,325,85,True
2,12,241,380,139,True
22,16,241,380,139,True
43,19,241,325,84,True
16,15,242,380,138,True
27,10,242,380,138,True
30,13,242,380,138,True
9,21,243,380,137,True
11,15,243,292,49,True
28,10,243,325,82,True
35,14,243,298,55,True
41,11,243,382,139,True
37,12,244,382,138,True
39,11,244,325,81,True
2,13,245,380,135,True
11,16,245,292,47,True
27,11,245,380,135,True
36,12,245,325,80,True
17,16,246,297,51,True
19,12,247,380,133,True
2,14,248,380,132,True
41,12,248,382,134,True
20,17,249,380,131,True
5,15,250,380,130,True
31,14,250,325,75,True
4,10,251,309,58,True
19,13,251,380,129,True
24,13,251,384,133,True
27,12,251,380,129,True
31,15,251,325,74,True
47,18,251,380,129,True
49,14,251,325,74,True
8,13,253,325,72,True
20,18,253,380,127,True
1,13,254,380,126,True
36,13,254,325,71,True
35,15,255,357,102,True
8,14,256,325,69,True
29,13,256,325,69,True
4,11,257,309,52,True
13,16,257,318,61,True
20,19,257,380,123,True
40,9,257,298,41,True
13,17,258,318,60,True
18,16,258,380,122,True
20,20,258,380,122,True
40,10,258,298,40,True
44,15,258,325,67,True
25,16,259,325,66,True
13,18,261,318,57,True
41,13,261,382,121,True
41,14,262,382,120,True
42,12,262,380,118,True
9,22,263,380,117,True
10,13,263,318,55,True
18,17,263,380,117,True
35,16,263,357,94,True
33,13,264,325,61,True
41,15,264,382,118,True
49,15,264,325,61,True
7,16,265,380,115,True
13,19,265,318,53,True
25,17,265,325,60,True
49,16,265,325,60,True
27,13,267,380,113,True
28,11,267,325,58,True
41,16,267,382,115,True
9,23,268,380,112,True
25,18,268,325,57,True
33,14,268,325,57,True
32,15,269,325,56,True
37,13,269,382,113,True
44,16,269,325,56,True
49,17,269,325,56,True
0,7,270,380,110,True
15,15,271,380,109,True
18,18,271,380,109,True
31,16,271,325,54,True
14,20,272,380,108,True
21,7,272,380,108,True
27,14,272,380,108,True
35,17,272,357,85,True
4,12,273,380,107,True
29,14,273,325,52,True
35,18,273,357,84,True
24,14,274,384,110,True
34,16,274,325,51,True
48,13,274,417,143,True
35,19,275,357,82,True
43,20,275,325,50,True
44,17,275,325,50,True
1,14,276,380,104,True
5,16,276,380,104,True
34,17,276,325,49,True
48,14,276,417,141,True
15,16,278,380,102,True
18,19,278,380,102,True
9,24,279,380,101,True
27,15,279,380,101,True
5,17,280,380,100,True
28,12,280,417,137,True
32,16,280,382,102,True
29,15,281,325,44,True
18,20,282,380,98,True
21,8,282,380,98,True
35,20,283,357,74,True
44,18,283,325,42,True
21,9,284,380,96,True
39,12,284,382,98,True
47,19,285,380,95,True
6,10,287,380,93,True
26,14,288,382,94,True
44,19,288,382,94,True
45,12,288,382,94,True
48,15,288,417,129,True
0,8,289,380,91,True
2,15,289,380,91,True
36,14,289,382,93,True
45,13,289,382,93,True
8,15,290,380,90,True
13,20,290,380,90,True
6,11,291,380,89,True
19,14,291,384,93,True
21,10,291,380,89,True
12,12,292,392,100,True
40,11,292,380,88,True
16,16,293,384,91,True
41,17,293,382,89,True
47,20,293,380,87,True
48,16,293,417,124,True
4,13,294,380,86,True
11,17,294,396,102,True
44,20,294,382,88,True
23,6,295,380,85,True
32,17,295,417,122,True
42,13,295,380,85,True
1,15,297,384,87,True
13,21,297,380,83,True
34,18,297,325,28,True
25,19,298,325,27,True
33,15,298,382,84,True
17,17,299,380,81,True
19,15,299,384,85,True
25,20,299,417,118,True
7,17,300,380,80,True
18,21,300,380,80,True
30,14,300,380,80,True
38,9,300,380,80,True
32,18,301,417,116,True
48,17,302,417,115,True
8,16,303,380,77,True
18,22,303,380,77,True
12,13,305,392,87,True
39,13,305,417,112,True
45,14,305,417,112,True
49,18,306,382,76,True
25,21,307,417,110,True
34,19,307,382,75,True
36,15,307,417,110,True
13,22,308,380,72,True
17,18,308,380,72,True
45,15,308,417,109,True
46,14,308,382,74,True
10,14,309,380,71,True
21,11,309,380,71,True
37,14,309,417,108,True
10,15,310,380,70,True
46,15,310,382,72,True
27,16,311,380,69,True
29,16,311,417,106,True
26,15,312,417,105,True
1,16,314,384,70,True
16,17,314,384,70,True
20,21,314,385,71,True
31,17,315,417,102,True
48,18,315,417,102,True
17,19,316,380,64,True
28,13,316,417,101,True
36,16,316,417,101,True
45,16,316,417,101,True
0,9,318,411,93,True
22,17,318,380,62,True
12,14,319,392,73,True
37,15,319,417,98,True
42,14,319,382,63,True
32,19,320,417,97,True
37,16,320,417,97,True
14,21,321,384,63,True
31,18,321,417,96,True
48,19,321,417,96,True
48,20,322,417,95,True
6,12,323,392,69,True
10,16,323,380,57,True
29,17,323,417,94,True
39,14,323,417,94,True
17,20,324,396,72,True
11,18,325,396,71,True
15,17,325,380,55,True
32,20,326,417,91,True
17,21,327,396,69,True
43,21,327,417,90,True
44,21,328,417,89,True
17,22,330,396,66,True
29,18,330,417,87,True
39,15,330,417,87,True
35,21,331,392,61,True
20,22,332,385,53,True
40,12,332,403,71,True
47,21,332,403,71,True
8,17,333,392,59,True
15,18,333,396,63,True
26,16,333,417,84,True
3,8,334,411,77,True
19,16,334,417,83,True
24,15,334,384,50,True
32,21,334,417,83,True
8,18,335,392,57,True
10,17,335,396,61,True
16,18,335,411,76,True
27,17,335,505,170,True
10,18,336,396,60,True
14,22,336,417,81,True
39,16,336,417,81,True
21,12,337,505,168,True
38,10,337,403,66,True
43,22,337,417,80,True
0,10,338,505,167,True
8,19,338,392,54,True
11,19,338,396,58,True
28,14,338,417,79,True
19,17,339,417,78,True
27,18,339,505,166,True
32,22,339,417,78,True
13,23,340,505,165,True
15,19,340,505,165,True
19,18,340,417,77,True
42,15,340,411,71,True
43,23,340,417,77,True
44,22,340,417,77,True
2,16,342,505,163,True
3,9,342,505,163,True
13,24,342,505,163,True
19,19,342,417,75,True
29,19,342,417,75,True
44,23,342,417,75,True
46,16,342,403,61,True
12,15,343,392,49,True
34,20,343,417,74,True
38,11,343,403,60,True
44,24,343,417,74,True
17,23,344,403,59,True
34,21,344,417,73,True
30,15,345,505,160,True
38,12,345,403,58,True
5,18,346,392,46,True
10,19,346,505,159,True
5,19,347,392,45,True
19,20,347,417,70,True
43,24,347,417,70,True
48,21,347,417,70,True
6,13,348,392,44,True
0,11,349,505,156,True
36,17,349,417,68,True
44,25,349,417,68,True
5,20,351,417,66,True
32,23,351,417,66,True
4,14,352,417,65,True
8,20,352,392,40,True
31,19,352,417,65,True
40,13,352,403,51,True
8,21,353,392,39,True
17,24,353,505,152,True
11,20,354,505,151,True
16,19,354,505,151,True
21,13,354,505,151,True
40,14,354,403,49,True
40,15,355,403,48,True
42,16,355,411,56,True
49,19,356,417,61,True
38,13,357,403,46,True
43,25,357,417,60,True
5,21,358,417,59,True
23,7,358,505,147,True
24,16,358,505,147,True
4,15,359,505,146,True
17,25,359,505,146,True
43,26,359,417,58,True
14,23,360,505,145,True
26,17,360,417,57,True
31,20,361,557,196,True
35,22,362,417,55,True
37,17,362,557,195,True
41,18,363,557,194,True
43,27,363,557,194,True
25,22,364,417,53,True
33,16,364,557,193,True
46,17,364,403,39,True
6,14,365,505,140,True
18,23,365,417,52,True
34,22,365,417,52,True
35,23,365,417,52,True
4,16,366,505,139,True
5,22,366,417,51,True
14,24,366,505,139,True
29,20,366,417,51,True
44,26,366,417,51,True
46,18,366,505,139,True
48,22,366,557,191,True
17,26,367,505,138,True
10,20,368,505,137,True
28,15,368,557,189,True
6,15,369,505,136,True
21,14,369,505,136,True
46,19,369,505,136,True
6,16,370,505,135,True
7,18,370,505,135,True
14,25,370,505,135,True
15,20,370,505,135,True
23,8,370,505,135,True
39,17,370,557,187,True
44,27,370,557,187,True
16,20,371,505,134,True
10,21,372,505,133,True
15,21,372,505,133,True
18,24,372,417,45,True
28,16,372,557,185,True
0,12,373,505,132,True
8,22,374,417,43,True
31,21,375,557,182,True
40,16,375,505,130,True
45,17,375,557,182,True
47,22,376,594,218,True
9,25,377,505,128,True
12,16,377,505,128,True
40,17,377,594,217,True
44,28,377,557,180,True
45,18,377,557,180,True
3,10,378,594,216,True
7,19,378,505,127,True
26,18,378,557,179,True
27,19,378,505,127,True
43,28,378,557,179,True
1,17,379,594,215,True
41,19,379,557,178,True
48,23,380,557,177,True
10,22,381,505,124,True
21,15,381,505,124,True
49,20,381,557,176,True
44,29,382,557,175,True
16,21,383,594,211,True
29,21,383,557,174,True
2,17,384,594,210,True
37,18,384,557,173,True
39,18,384,557,173,True
46,20,384,505,121,True
2,18,385,594,209,True
29,22,385,557,172,True
30,16,385,505,120,True
0,13,386,505,119,True
10,23,386,505,119,True
21,16,386,505,119,True
39,19,386,557,171,True
4,17,387,505,118,True
10,24,387,505,118,True
26,19,387,557,170,True
29,23,388,557,169,True
34,23,388,557,169,True
39,20,388,557,169,True
42,17,388,505,117,True
40,18,389,594,205,True
1,18,390,594,204,True
17,27,390,594,204,True
26,20,390,557,167,True
47,23,390,594,204,True
8,23,391,557,166,True
22,18,391,505,114,True
1,19,392,594,202,True
9,26,392,594,202,True
27,20,392,505,113,True
41,20,392,557,165,True
43,29,392,557,165,True
2,19,393,594,201,True
11,21,393,505,112,True
15,22,393,505,112,True
20,23,393,594,201,True
49,21,393,557,164,True
3,11,394,594,200,True
21,17,394,594,200,True
39,21,394,557,163,True
9,27,395,594,199,True
13,25,395,505,110,True
39,22,395,557,162,True
5,23,396,594,198,True
9,28,396,594,198,True
30,17,396,505,109,True
49,22,396,557,161,True
29,24,397,557,160,True
9,29,398,594,196,True
16,22,398,594,196,True
32,24,398,557,159,True
13,26,399,505,106,True
25,23,399,557,158,True
41,21,399,557,158,True
1,20,400,594,194,True
12,17,400,505,105,True
23,9,400,557,157,True
33,17,400,557,157,True
17,28,401,594,193,True
28,17,401,557,156,True
3,12,402,594,192,True
19,21,402,505,103,True
25,24,402,557,155,True
33,18,402,557,155,True
18,25,403,505,102,True
15,23,404,594,190,True
25,25,404,557,153,True
28,18,404,557,153,True
3,13,405,594,189,True
26,21,405,557,152,True
27,21,405,505,100,True
28,19,405,557,152,True
49,23,405,557,152,True
21,18,406,594,188,True
40,19,406,594,188,True
44,30,406,557,151,True
9,30,407,594,187,True
26,22,407,557,150,True
43,30,407,557,150,True
4,18,408,505,97,True
14,26,408,505,97,True
24,17,408,505,97,True
46,21,408,505,97,True
40,20,409,594,185,True
0,14,410,594,184,True
7,20,410,505,95,True
16,23,410,594,184,True
20,24,410,594,184,True
28,20,410,557,147,True
30,18,410,505,95,True
47,24,410,594,184,True
6,17,411,505,94,True
11,22,411,505,94,True
25,26,411,557,146,True
31,22,411,557,146,True
47,25,411,594,183,True
37,19,412,557,145,True
41,22,412,557,145,True
42,18,412,594,182,True
20,25,413,594,181,True
39,23,415,557,142,True
7,21,416,505,89,True
32,25,416,557,141,True
45,19,416,557,141,True
21,19,417,594,177,True
31,23,418,557,139,True
39,24,418,557,139,True
45,20,418,557,139,True
13,27,419,594,175,True
8,24,420,557,137,True
36,18,420,557,137,True
39,25,420,557,137,True
6,18,422,505,83,True
22,19,422,594,172,True
46,22,422,505,83,True
49,24,423,557,134,True
16,24,424,594,170,True
41,23,424,557,133,True
20,26,425,594,169,True
15,24,426,594,168,True
44,31,426,557,131,True
9,31,427,594,167,True
13,28,427,594,167,True
16,25,427,594,167,True
37,20,427,557,130,True
10,25,428,594,166,True
39,26,428,557,129,True
42,19,428,594,166,True
22,20,429,594,165,True
41,24,429,557,128,True
4,19,430,505,75,True
17,29,430,594,164,True
19,22,430,594,164,True
34,24,430,557,127,True
43,31,430,557,127,True
3,14,431,594,163,True
10,26,431,594,163,True
40,21,431,594,163,True
42,20,431,594,163,True
0,15,432,594,162,True
7,22,432,594,162,True
48,24,432,557,125,True
19,23,433,594,161,True
24,18,433,594,161,True
47,26,433,594,161,True
17,30,434,594,160,True
31,24,434,557,123,True
45,21,434,557,123,True
33,19,435,557,122,True
47,27,435,594,159,True
22,21,436,594,158,True
28,21,436,557,121,True
43,32,436,557,121,True
12,18,437,594,157,True
29,25,437,557,120,True
31,25,437,557,120,True
2,20,438,594,156,True
16,26,438,594,156,True
20,27,438,594,156,True
24,19,438,594,156,True
33,20,438,557,119,True
5,24,439,594,155,True
20,28,439,594,155,True
21,20,439,594,155,True
9,32,440,594,154,True
30,19,440,594,154,True
45,22,440,557,117,True
13,29,441,594,153,True
12,19,442,594,152,True
26,23,442,557,115,True
32,26,442,557,115,True
33,21,442,557,115,True
37,21,442,557,115,True
18,26,443,594,151,True
37,22,443,557,114,True
24,20,444,594,150,True
23,10,445,557,112,True
28,22,445,557,112,True
35,24,445,594,149,True
38,14,445,594,149,True
44,32,445,557,112,True
46,23,445,594,149,True
37,23,446,557,111,True
42,21,446,594,148,True
37,24,448,557,109,True
44,33,448,557,109,True
20,29,449,594,145,True
6,19,450,594,144,True
18,27,450,594,144,True
25,27,450,557,107,True
12,20,452,594,142,True
32,27,452,557,105,True
38,15,452,594,142,True
47,28,452,594,142,True
8,25,453,594,141,True
23,11,453,594,141,True
46,24,453,594,141,True
6,20,454,594,140,True
13,30,454,594,140,True
15,25,454,594,140,True
19,24,454,594,140,True
37,25,454,557,103,True
44,34,454,557,103,True
41,25,456,557,101,True
17,31,457,594,137,True
21,21,457,594,137,True
36,19,457,557,100,True
10,27,458,594,136,True
13,31,458,594,136,True
5,25,459,594,135,True
27,22,459,594,135,True
16,27,460,594,134,True
24,21,460,594,134,True
35,25,460,594,134,True
1,21,461,594,133,True
26,24,461,645,184,True
36,20,462,557,95,True
45,23,462,557,95,True
13,32,463,594,131,True
30,20,463,594,131,True
40,22,463,594,131,True
13,33,464,594,130,True
15,26,464,594,130,True
17,32,464,594,130,True
29,26,464,557,93,True
11,23,465,594,129,True
36,21,466,557,91,True
41,26,466,557,91,True
14,27,467,594,127,True
33,22,467,557,90,True
18,28,468,594,126,True
22,22,468,594,126,True
40,23,468,594,126,True
43,33,468,557,89,True
44,35,468,557,89,True
33,23,469,557,88,True
34,25,469,594,125,True
41,27,469,557,88,True
43,34,469,557,88,True
45,24,469,557,88,True
24,22,470,594,124,True
28,23,470,557,87,True
22,23,471,594,123,True
40,24,471,594,123,True
46,25,471,594,123,True
16,28,472,594,122,True
20,30,472,594,122,True
27,23,472,594,122,True
10,28,473,594,121,True
12,21,474,594,120,True
25,28,474,557,83,True
22,24,475,594,119,True
37,26,475,645,170,True
32,28,476,557,81,True
46,26,476,594,118,True
4,20,477,594,117,True
48,25,477,557,80,True
7,23,478,594,116,True
29,27,478,557,79,True
41,28,478,557,79,True
47,29,478,594,116,True
3,15,479,594,115,True
11,24,479,594,115,True
5,26,480,594,114,True
20,31,480,594,114,True
24,23,480,594,114,True
26,25,480,645,165,True
28,24,480,557,77,True
44,36,480,557,77,True
7,24,481,594,113,True
16,29,481,594,113,True
30,21,481,594,113,True
32,29,481,557,76,True
35,26,481,594,113,True
5,27,482,594,112,True
28,25,482,557,75,True
2,21,483,594,111,True
11,25,483,594,111,True
37,27,483,645,162,True
47,30,484,594,110,True
7,25,485,594,109,True
9,33,485,594,109,True
41,29,485,557,72,True
48,26,485,645,160,True
21,22,486,594,108,True
34,26,487,594,107,True
38,16,487,594,107,True
20,32,488,594,106,True
39,27,488,557,69,True
46,27,488,594,106,True
20,33,489,594,105,True
36,22,489,645,156,True
27,24,490,594,104,True
32,30,490,557,67,True
17,33,491,594,103,True
21,23,491,594,103,True
40,25,491,594,103,True
8,26,492,594,102,True
38,17,492,594,102,True
45,25,492,557,65,True
23,12,493,594,101,True
1,22,494,594,100,True
29,28,495,557,62,True
6,21,496,594,98,True
14,28,496,594,98,True
16,30,496,594,98,True
42,22,496,594,98,True
31,26,497,557,60,True
10,29,499,594,95,True
12,22,499,594,95,True
19,25,499,594,95,True
28,26,499,645,146,True
49,25,499,557,58,True
3,16,500,594,94,True
8,27,500,594,94,True
12,23,500,594,94,True
16,31,500,594,94,True
31,27,500,557,57,True
40,26,500,594,94,True
45,26,500,645,145,True
6,22,501,594,93,True
17,34,501,594,93,True
1,23,502,652,150,True
8,28,502,594,92,True
44,37,502,645,143,True
47,31,503,594,91,True
5,28,504,594,90,True
11,26,504,594,90,True
33,24,504,645,141,True
34,27,504,594,90,True
3,17,505,594,89,True
16,32,505,594,89,True
42,23,505,594,89,True
37,28,506,645,139,True
45,27,506,645,139,True
41,30,507,645,138,True
44,38,508,645,137,True
19,26,509,594,85,True
22,25,509,594,85,True
49,26,510,557,47,True
0,16,511,652,141,True
12,24,511,594,83,True
31,28,511,645,134,True
34,28,511,594,83,True
46,28,511,594,83,True
34,29,512,594,82,True
35,27,512,594,82,True
4,21,513,594,81,True
40,27,513,594,81,True
5,29,514,652,138,True
7,26,514,594,80,True
18,29,514,594,80,True
29,29,514,645,131,True
41,31,514,645,131,True
12,25,515,594,79,True
13,34,515,594,79,True
21,24,515,652,137,True
28,27,515,684,169,True
31,29,515,645,130,True
35,28,515,594,79,True
10,30,517,594,77,True
18,30,517,594,77,True
49,27,517,645,128,True
9,34,518,594,76,True
23,13,518,594,76,True
29,30,518,645,127,True
44,39,518,645,127,True
4,22,519,594,75,True
11,27,519,594,75,True
12,26,519,594,75,True
41,32,519,645,126,True
42,24,519,594,75,True
45,28,519,645,126,True
11,28,520,594,74,True
19,27,520,594,74,True
1,24,521,652,131,True
6,23,521,652,131,True
11,29,521,594,73,True
13,35,521,594,73,True
26,26,521,645,124,True
46,29,521,627,106,True
22,26,522,594,72,True
16,33,523,652,129,True
18,31,523,594,71,True
36,23,524,684,160,True
44,40,524,645,121,True
19,28,525,594,69,True
31,30,525,645,120,True
33,25,525,645,120,True
9,35,526,594,68,True
22,27,527,594,67,True
32,31,527,645,118,True
41,33,527,645,118,True
1,25,528,652,124,True
7,27,528,652,124,True
19,29,528,594,66,True
3,18,529,652,123,True
4,23,529,594,65,True
21,25,529,652,123,True
34,30,529,645,116,True
9,36,530,652,122,True
19,30,530,594,64,True
34,31,530,645,115,True
39,28,530,645,115,True
22,28,531,594,63,True
31,31,531,645,114,True
18,32,532,652,120,True
22,29,532,594,62,True
37,29,532,684,152,True
31,32,533,645,112,True
4,24,534,594,60,True
26,27,534,645,111,True
7,28,535,652,117,True
45,29,535,645,110,True
22,30,536,594,58,True
7,29,537,652,115,True
44,41,537,645,108,True
48,27,537,645,108,True
46,30,538,627,89,True
30,22,539,652,113,True
41,34,539,684,145,True
20,34,540,594,54,True
3,19,541,652,111,True
43,35,541,645,104,True
32,32,543,645,102,True
37,30,543,684,141,True
41,35,543,684,141,True
12,27,544,652,108,True
22,31,544,594,50,True
8,29,545,652,107,True
28,28,545,684,139,True
42,25,545,594,49,True
10,31,546,594,48,True
18,33,546,652,106,True
34,32,546,645,99,True
41,36,546,684,138,True
0,17,547,652,105,True
7,30,547,652,105,True
32,33,547,645,98,True
43,36,547,645,98,True
10,32,548,594,46,True
16,34,548,703,155,True
10,33,549,594,45,True
14,29,550,652,102,True
15,27,550,652,102,True
43,37,551,645,94,True
48,28,551,645,94,True
21,26,552,652,100,True
27,25,552,594,42,True
31,33,552,645,93,True
2,22,553,652,99,True
35,29,553,645,92,True
39,29,553,645,92,True
9,37,554,652,98,True
31,34,554,645,91,True
44,42,554,645,91,True
9,38,555,652,97,True
17,35,555,594,39,True
46,31,555,627,72,True
12,28,557,652,95,True
21,27,557,652,95,True
24,24,557,652,95,True
36,24,557,684,127,True
48,29,557,645,88,True
0,18,558,652,94,True
47,32,558,652,94,True
9,39,559,652,93,True
19,31,560,652,92,True
31,35,561,645,84,True
35,30,561,645,84,True
43,38,561,645,84,True
46,32,561,627,66,True
1,26,562,652,90,True
3,20,562,652,90,True
7,31,562,652,90,True
28,29,562,684,122,True
35,31,562,645,83,True
13,36,563,652,89,True
14,30,563,652,89,True
23,14,563,652,89,True
30,23,563,652,89,True
25,29,564,684,120,True
39,30,564,726,162,True
41,37,564,684,120,True
7,32,565,652,87,True
41,38,565,684,119,True
15,28,566,652,86,True
29,31,566,645,79,True
43,39,566,645,79,True
46,33,566,652,86,True
46,34,567,652,85,True
1,27,568,652,84,True
9,40,568,652,84,True
27,26,568,652,84,True
37,31,568,684,116,True
7,33,569,652,83,True
45,30,569,684,115,True
9,41,570,652,82,True
31,36,570,684,114,True
37,32,570,684,114,True
42,26,570,684,114,True
26,28,571,684,113,True
49,28,571,684,113,True
6,24,572,652,80,True
17,36,572,652,80,True
47,33,572,652,80,True
7,34,573,652,79,True
26,29,573,684,111,True
1,28,574,652,78,True
12,29,574,652,78,True
18,34,574,703,129,True
22,32,574,652,78,True
26,30,574,684,110,True
29,32,574,684,110,True
46,35,574,652,78,True
37,33,575,684,109,True
45,31,575,726,151,True
0,19,576,652,76,True
12,30,576,652,76,True
24,25,576,652,76,True
35,32,576,652,76,True
8,30,577,652,75,True
1,29,578,652,74,True
15,29,578,652,74,True
20,35,578,703,125,True
40,28,578,652,74,True
43,40,578,684,106,True
27,27,579,652,73,True
28,30,580,684,104,True
47,34,580,669,89,True
21,28,581,669,88,True
22,33,581,652,71,True
37,34,582,684,102,True
46,36,582,652,70,True
12,31,583,743,160,True
38,18,583,652,69,True
4,25,585,703,118,True
14,31,585,652,67,True
16,35,585,703,118,True
45,32,585,726,141,True
8,31,586,652,66,True
14,32,586,652,66,True
17,37,586,669,83,True
48,30,586,726,140,True
22,34,588,652,64,True
30,24,588,652,64,True
32,34,588,684,96,True
48,31,588,726,138,True
2,23,589,743,154,True
41,39,589,726,137,True
4,26,590,703,113,True
18,35,590,703,113,True
33,26,590,684,94,True
18,36,591,703,112,True
45,33,591,726,135,True
3,21,592,703,111,True
21,29,592,669,77,True
36,25,592,726,134,True
16,36,593,703,110,True
42,27,593,684,91,True
1,30,594,703,109,True
4,27,594,703,109,True
17,38,594,669,75,True
40,29,594,684,90,True
2,24,595,743,148,True
45,34,596,726,130,True
4,28,597,703,106,True
7,35,597,652,55,True
16,37,597,703,106,True
39,31,597,726,129,True
43,41,597,726,129,True
11,30,598,669,71,True
33,27,598,726,128,True
47,35,598,669,71,True
37,35,599,758,159,True
34,33,601,684,83,True
35,33,602,652,50,True
46,37,604,652,48,True
19,32,606,703,97,True
24,26,606,703,97,True
3,22,607,743,136,True
9,42,607,703,96,True
49,29,607,726,119,True
22,35,608,703,95,True
33,28,608,726,118,True
5,30,609,743,134,True
19,33,610,703,93,True
7,36,611,743,132,True
29,33,611,726,115,True
18,37,612,703,91,True
6,25,613,703,90,True
28,31,613,726,113,True
30,25,613,703,90,True
41,40,613,726,113,True
9,43,614,703,89,True
15,30,615,846,231,True
37,36,615,758,143,True
8,32,616,703,87,True
24,27,616,703,87,True
34,34,617,684,67,True
20,36,618,703,85,True
45,35,618,726,108,True
2,25,619,743,124,True
27,28,619,684,65,True
29,34,619,726,107,True
30,26,619,703,84,True
42,28,619,684,65,True
3,23,620,743,123,True
20,37,620,846,226,True
12,32,621,743,122,True
14,33,622,703,81,True
49,30,622,726,104,True
7,37,623,743,120,True
22,36,623,703,80,True
37,37,623,758,135,True
47,36,623,743,120,True
38,19,624,703,79,True
0,20,625,743,118,True
9,44,625,703,78,True
14,34,625,743,118,True
30,27,626,703,77,True
17,39,627,743,116,True
25,30,627,726,99,True
21,30,628,743,115,True
43,42,628,758,130,True
10,34,629,703,74,True
13,37,629,703,74,True
31,37,629,726,97,True
35,34,629,726,97,True
15,31,630,846,216,True
19,34,630,743,113,True
22,37,630,743,113,True
40,30,630,703,73,True
1,31,631,846,215,True
18,38,631,743,112,True
38,20,631,703,72,True
42,29,631,743,112,True
45,36,631,758,127,True
11,31,632,703,71,True
18,39,633,743,110,True
37,38,633,758,125,True
42,30,633,743,110,True
49,31,633,726,93,True
2,26,634,743,109,True
20,38,634,846,212,True
45,37,634,758,124,True
29,35,635,758,123,True
38,21,635,703,68,True
5,31,636,743,107,True
24,28,636,743,107,True
39,32,636,726,90,True
2,27,637,743,106,True
21,31,637,743,106,True
23,15,637,703,66,True
27,29,637,703,66,True
32,35,637,726,89,True
45,38,637,758,121,True
0,21,638,743,105,True
30,28,638,846,208,True
39,33,638,726,88,True
5,32,639,743,104,True
28,32,639,726,87,True
1,32,640,846,206,True
22,38,640,743,103,True
10,35,641,743,102,True
13,38,641,703,62,True
40,31,642,703,61,True
21,32,643,743,100,True
14,35,644,743,99,True
33,29,644,758,114,True
45,39,644,758,114,True
46,38,644,703,59,True
18,40,645,743,98,True
25,31,645,726,81,True
17,40,646,743,97,True
36,26,646,726,80,True
42,31,646,743,97,True
3,24,648,846,198,True
9,45,648,846,198,True
10,36,648,743,95,True
23,16,648,758,110,True
16,38,649,846,197,True
34,35,649,726,77,True
41,41,649,855,206,True
23,17,650,758,108,True
30,29,650,846,196,True
44,43,650,726,76,True
4,29,651,743,92,True
17,41,652,743,91,True
22,39,652,743,91,True
25,32,652,758,106,True
30,30,652,846,194,True
13,39,653,743,90,True
41,42,653,855,202,True
19,35,654,743,89,True
35,35,654,726,72,True
42,32,654,743,89,True
0,22,655,743,88,True
28,33,656,758,102,True
35,36,657,726,69,True
13,40,658,743,85,True
30,31,658,846,188,True
47,37,659,743,84,True
12,33,660,743,83,True
26,31,660,855,195,True
27,30,660,743,83,True
35,37,660,726,66,True
42,33,660,743,83,True
45,40,660,758,98,True
0,23,661,846,185,True
9,46,661,846,185,True
11,32,661,846,185,True
21,33,661,846,185,True
30,32,661,846,185,True
16,39,662,846,184,True
16,40,663,846,183,True
2,28,664,846,182,True
8,33,664,852,188,True
9,47,664,846,182,True
32,36,664,758,94,True
6,26,665,743,78,True
8,34,665,852,187,True
32,37,666,758,92,True
35,38,666,758,92,True
48,32,666,855,189,True
38,22,667,846,179,True
42,34,667,743,76,True
40,32,668,758,90,True
0,24,669,846,177,True
44,44,669,758,89,True
2,29,670,846,176,True
34,36,670,758,88,True
35,39,670,758,88,True
0,25,671,846,175,True
16,41,671,846,175,True
33,30,671,855,184,True
38,23,671,846,175,True
42,35,671,743,72,True
35,40,672,758,86,True
15,32,673,846,173,True
9,48,674,846,172,True
16,42,674,846,172,True
3,25,675,846,171,True
25,33,675,855,180,True
32,38,675,758,83,True
2,30,676,846,170,True
24,29,676,743,67,True
29,36,676,855,179,True
0,26,677,846,169,True
3,26,677,846,169,True
45,41,677,855,178,True
12,34,678,846,168,True
21,34,678,846,168,True
22,40,678,743,65,True
30,33,678,846,168,True
34,37,678,758,80,True
9,49,679,846,167,True
12,35,679,846,167,True
15,33,679,846,167,True
12,36,680,846,166,True
39,34,680,855,175,True
41,43,680,855,175,True
15,34,681,846,165,True
16,43,681,846,165,True
48,33,681,855,174,True
49,32,681,855,174,True
14,36,682,846,164,True
46,39,682,758,76,True
0,27,683,846,163,True
10,37,684,846,162,True
37,39,684,855,171,True
5,33,685,846,161,True
24,30,685,846,161,True
30,34,685,846,161,True
23,18,686,758,72,True
27,31,686,758,72,True
38,24,686,846,160,True
49,33,686,855,169,True
4,30,687,846,159,True
49,34,687,855,168,True
13,41,688,846,158,True
26,32,688,855,167,True
28,34,688,855,167,True
33,31,688,855,167,True
10,38,691,846,155,True
44,45,691,855,164,True
22,41,692,846,154,True
36,27,692,855,163,True
39,35,692,855,163,True
11,33,694,846,152,True
35,41,694,803,109,True
43,43,694,855,161,True
6,27,695,846,151,True
2,31,696,846,150,True
26,33,696,855,159,True
36,28,696,855,159,True
28,35,697,855,158,True
25,34,698,855,157,True
48,34,698,855,157,True
5,34,699,846,147,True
15,35,699,846,147,True
17,42,699,846,147,True
20,39,699,846,147,True
30,35,699,846,147,True
36,29,699,855,156,True
42,36,699,846,147,True
6,28,700,846,146,True
14,37,700,846,146,True
23,19,701,758,57,True
24,31,701,846,145,True
33,32,701,855,154,True
39,36,701,855,154,True
48,35,702,855,153,True
8,35,703,852,149,True
36,30,703,855,152,True
41,44,703,855,152,True
27,32,704,846,142,True
4,31,705,846,141,True
10,39,705,846,141,True
35,42,705,803,98,True
46,40,705,846,141,True
47,38,705,846,141,True
26,34,706,855,149,True
7,38,707,846,139,True
30,36,707,846,139,True
22,42,708,946,238,True
41,45,708,855,147,True
2,32,709,846,137,True
31,38,709,855,146,True
33,33,709,855,146,True
40,33,709,846,137,True
0,28,710,846,136,True
49,35,710,855,145,True
6,29,711,846,135,True
23,20,712,846,134,True
29,37,712,855,143,True
36,31,712,855,143,True
43,44,712,855,143,True
49,36,712,855,143,True
35,43,713,803,90,True
12,37,714,846,132,True
13,42,714,846,132,True
27,33,714,846,132,True
35,44,714,803,89,True
47,39,714,846,132,True
15,36,715,884,169,True
21,35,715,884,169,True
0,29,717,846,129,True
32,39,717,855,138,True
10,40,718,846,128,True
16,44,718,884,166,True
37,40,718,855,137,True
28,36,719,855,136,True
44,46,719,855,136,True
31,39,720,855,135,True
14,38,721,846,125,True
36,32,721,855,134,True
37,41,721,855,134,True
6,30,722,846,124,True
15,37,722,884,162,True
22,43,722,946,224,True
24,32,722,846,124,True
25,35,722,855,133,True
2,33,723,884,161,True
19,36,723,846,123,True
32,40,723,855,132,True
41,46,723,855,132,True
42,37,723,846,123,True
2,34,724,884,160,True
11,34,724,884,160,True
12,38,724,846,122,True
22,44,724,946,222,True
37,42,724,855,131,True
1,33,725,846,121,True
26,35,725,855,130,True
39,37,725,855,130,True
1,34,726,846,120,True
2,35,726,884,158,True
37,43,726,855,129,True
38,25,726,846,120,True
20,40,727,846,119,True
28,37,727,855,128,True
35,45,727,884,157,True
36,33,727,855,128,True
37,44,727,855,128,True
41,47,727,855,128,True
3,27,728,846,118,True
6,31,729,846,117,True
16,45,729,884,155,True
18,41,729,846,117,True
22,45,731,946,215,True
30,37,731,846,115,True
40,34,731,846,115,True
16,46,732,884,152,True
20,41,732,846,114,True
44,47,732,855,123,True
19,37,733,846,113,True
40,35,733,846,113,True
29,38,734,855,121,True
41,48,734,855,121,True
1,35,735,846,111,True
47,40,735,846,111,True
18,42,736,846,110,True
35,46,736,884,148,True
4,32,738,846,108,True
39,38,738,855,117,True
41,49,738,855,117,True
3,28,739,884,145,True
18,43,739,846,107,True
47,41,739,846,107,True
48,36,739,855,116,True
19,38,740,846,106,True
24,33,740,846,106,True
25,36,740,855,115,True
38,26,740,846,106,True
8,36,741,852,111,True
25,37,741,855,114,True
30,38,741,846,105,True
2,36,742,884,142,True
31,40,742,855,113,True
39,39,742,855,113,True
49,37,742,855,113,True
14,39,743,846,103,True
26,36,743,855,112,True
31,41,743,855,112,True
6,32,744,846,102,True
20,42,745,846,101,True
10,41,746,846,100,True
49,38,746,855,109,True
9,50,747,846,99,True
26,37,748,855,107,True
10,42,749,846,97,True
16,47,749,884,135,True
20,43,749,846,97,True
26,38,749,855,106,True
27,34,750,846,96,True
33,34,750,855,105,True
39,40,750,855,105,True
9,51,751,884,133,True
16,48,752,884,132,True
19,39,752,846,94,True
25,38,752,855,103,True
28,38,752,855,103,True
40,36,752,846,94,True
11,35,753,884,131,True
31,42,753,855,102,True
42,38,753,846,93,True
13,43,754,846,92,True
29,39,754,855,101,True
3,29,755,884,129,True
31,43,755,855,100,True
7,39,756,884,128,True
11,36,756,884,128,True
30,39,756,846,90,True
39,41,756,855,99,True
44,48,756,891,135,True
21,36,757,884,127,True
31,44,758,855,97,True
37,45,758,855,97,True
12,39,760,884,124,True
15,38,760,884,124,True
32,41,760,855,95,True
44,49,760,891,131,True
1,36,761,884,123,True
10,43,761,909,148,True
17,43,761,846,85,True
8,37,762,852,90,True
22,46,762,946,184,True
24,34,762,846,84,True
45,42,763,855,92,True
8,38,764,852,88,True
24,35,765,846,81,True
29,40,765,855,90,True
45,43,765,855,90,True
4,33,766,846,80,True
8,39,766,852,86,True
34,38,767,855,88,True
0,30,769,884,115,True
21,37,769,884,115,True
23,21,769,846,77,True
3,30,770,884,114,True
13,44,770,846,76,True
10,44,771,909,138,True
12,40,771,884,113,True
42,39,771,852,81,True
3,31,772,884,112,True
11,37,772,884,112,True
21,38,772,884,112,True
38,27,772,846,74,True
7,40,773,884,111,True
29,41,773,855,82,True
35,47,773,884,111,True
2,37,774,884,110,True
4,34,774,884,110,True
7,41,774,884,110,True
12,41,774,884,110,True
15,39,774,884,110,True
26,39,774,855,81,True
3,32,775,884,109,True
8,40,775,852,77,True
10,45,775,909,134,True
17,44,775,846,71,True
29,42,775,855,80,True
3,33,776,884,108,True
22,47,776,946,170,True
34,39,776,855,79,True
35,48,776,884,108,True
44,50,776,891,115,True
21,39,777,884,107,True
29,43,777,855,78,True
17,45,778,846,68,True
19,40,778,884,106,True
25,39,779,855,76,True
36,34,779,910,131,True
15,40,780,884,104,True
41,50,780,910,130,True
2,38,781,884,103,True
29,44,781,855,74,True
36,35,781,910,129,True
11,38,782,884,102,True
49,39,782,941,159,True
36,36,783,910,127,True
39,42,783,855,72,True
2,39,784,884,100,True
4,35,784,884,100,True
18,44,784,884,100,True
27,35,784,909,125,True
34,40,784,855,71,True
44,51,784,891,107,True
4,36,785,884,99,True
39,43,785,855,70,True
42,40,785,852,67,True
44,52,785,891,106,True
45,44,785,910,125,True
6,33,786,884,98,True
24,36,788,946,158,True
27,36,788,909,121,True
31,45,788,855,67,True
8,41,789,884,95,True
15,41,789,884,95,True
36,37,790,910,120,True
43,45,790,910,120,True
10,46,791,909,118,True
29,45,791,855,64,True
36,38,791,910,119,True
43,46,791,910,119,True
49,40,791,941,150,True
23,22,792,855,63,True
22,48,793,946,153,True
35,49,793,884,91,True
46,41,793,852,59,True
9,52,794,884,90,True
20,44,794,884,90,True
22,49,794,946,152,True
24,37,794,946,152,True
27,37,795,909,114,True
22,50,796,946,150,True
29,46,796,910,114,True
9,53,797,884,87,True
41,51,797,910,113,True
42,41,797,852,55,True
10,47,798,909,111,True
12,42,798,946,148,True
12,43,799,946,147,True
49,41,799,941,142,True
21,40,800,884,84,True
2,40,802,884,82,True
31,46,802,910,108,True
34,41,802,855,53,True
47,42,802,909,107,True
18,45,803,884,81,True
42,42,803,946,143,True
44,53,803,891,88,True
33,35,804,941,137,True
7,42,805,884,79,True
12,44,805,946,141,True
40,37,805,909,104,True
9,54,806,946,140,True
20,45,807,946,139,True
29,47,807,910,103,True
46,42,807,909,102,True
7,43,808,884,76,True
24,38,808,946,138,True
40,38,808,909,101,True
41,52,808,910,102,True
44,54,808,891,83,True
6,34,809,884,75,True
18,46,809,884,75,True
16,49,810,946,136,True
21,41,810,946,136,True
39,44,810,855,45,True
44,55,810,891,81,True
27,38,811,909,98,True
44,56,811,891,80,True
46,43,811,909,98,True
12,45,812,946,134,True
43,47,812,910,98,True
14,40,813,884,71,True
22,51,813,946,133,True
29,48,813,910,97,True
34,42,813,884,71,True
7,44,814,909,95,True
24,39,814,946,132,True
38,28,814,909,95,True
9,55,816,946,130,True
13,45,816,946,130,True
21,42,816,946,130,True
30,40,816,909,93,True
34,43,816,884,68,True
1,37,817,946,129,True
31,47,817,910,93,True
29,49,818,910,92,True
42,43,818,946,128,True
20,46,819,946,127,True
28,39,819,910,91,True
35,50,819,884,65,True
4,37,820,884,64,True
23,23,820,884,64,True
27,39,820,909,89,True
19,41,821,946,125,True
26,40,821,910,89,True
43,48,821,941,120,True
14,41,822,946,124,True
15,42,822,946,124,True
44,57,822,891,69,True
2,41,823,946,123,True
11,39,823,909,86,True
13,46,823,946,123,True
23,24,824,884,60,True
38,29,824,946,122,True
45,45,824,910,86,True
48,37,824,910,86,True
3,34,825,946,121,True
16,50,825,946,121,True
23,25,825,884,59,True
30,41,825,946,121,True
31,48,825,910,85,True
36,39,826,941,115,True
15,43,827,946,119,True
14,42,828,946,118,True
33,36,828,941,113,True
41,53,828,910,82,True
13,47,829,946,117,True
14,43,829,946,117,True
25,40,830,910,80,True
6,35,831,946,115,True
26,41,832,910,78,True
30,42,832,946,114,True
36,40,832,941,109,True
43,49,833,941,108,True
38,30,835,946,111,True
48,38,835,910,75,True
17,46,836,909,73,True
26,42,836,910,74,True
41,54,836,910,74,True
49,42,836,941,105,True
20,47,837,946,109,True
27,40,837,946,109,True
34,44,837,891,54,True
2,42,838,946,108,True
3,35,838,946,108,True
4,38,838,1000,162,True
8,42,838,1000,162,True
30,43,838,946,108,True
32,42,838,910,72,True
34,45,838,910,72,True
38,31,838,946,108,True
41,55,838,910,72,True
42,44,838,946,108,True
4,39,839,1000,161,True
22,52,839,946,107,True
33,37,839,941,102,True
36,41,839,941,102,True
49,43,839,941,102,True
20,48,840,946,106,True
25,41,840,910,70,True
26,43,840,910,70,True
31,49,840,910,70,True
34,46,840,910,70,True
14,44,841,946,105,True
18,47,841,946,105,True
35,51,841,909,68,True
38,32,841,946,105,True
1,38,842,1000,158,True
34,47,842,910,68,True
5,35,843,946,103,True
8,43,844,1000,156,True
6,36,845,1000,155,True
12,46,845,946,101,True
14,45,845,946,101,True
38,33,845,946,101,True
42,45,845,946,101,True
30,44,846,946,100,True
0,31,848,946,98,True
15,44,848,946,98,True
44,58,849,910,61,True
48,39,849,941,92,True
49,44,849,941,92,True
13,48,850,946,96,True
35,52,850,1000,150,True
36,42,850,941,91,True
41,56,850,941,91,True
42,46,850,946,96,True
45,46,850,1014,164,True
18,48,851,946,95,True
28,40,851,1014,163,True
18,49,852,1000,148,True
28,41,852,1014,162,True
23,26,853,946,93,True
30,45,853,946,93,True
34,48,853,910,57,True
28,42,854,1014,160,True
8,44,855,1000,145,True
12,47,855,946,91,True
14,46,855,946,91,True
15,45,855,946,91,True
8,45,856,1000,144,True
10,48,856,946,90,True
13,49,856,946,90,True
15,46,856,946,90,True
39,45,856,1014,158,True
10,49,857,946,89,True
15,47,857,946,89,True
2,43,859,1000,141,True
17,47,859,946,87,True
41,57,859,941,82,True
38,34,860,946,86,True
44,59,860,941,81,True
3,36,861,946,85,True
17,48,861,946,85,True
20,49,861,946,85,True
26,44,861,1014,153,True
30,46,862,946,84,True
35,53,862,1000,138,True
38,35,862,946,84,True
6,37,863,1000,137,True
27,41,863,946,83,True
33,38,864,1014,150,True
35,54,864,1000,136,True
36,43,864,1014,150,True
11,40,865,946,81,True
15,48,865,946,81,True
44,60,865,941,76,True
49,45,865,941,76,True
18,50,867,1000,133,True
12,48,868,1000,132,True
10,50,870,946,76,True
13,50,870,946,76,True
21,43,870,1000,130,True
38,36,870,946,76,True
46,44,870,946,76,True
14,47,871,1000,129,True
15,49,871,946,75,True
41,58,871,941,70,True
16,51,872,1000,128,True
22,53,872,946,74,True
31,50,872,941,69,True
43,50,872,1014,142,True
17,49,873,946,73,True
23,27,873,946,73,True
27,42,873,1000,127,True
44,61,873,941,68,True
28,43,874,1014,140,True
44,62,874,941,67,True
48,40,874,1014,140,True
39,46,876,1014,138,True
3,37,878,1000,122,True
4,40,878,1000,122,True
18,51,878,1000,122,True
36,44,878,1014,136,True
24,40,879,1000,121,True
45,47,879,1014,135,True
9,56,880,1000,120,True
13,51,880,1000,120,True
29,50,880,941,61,True
46,45,880,946,66,True
48,41,880,1014,134,True
21,44,881,1000,119,True
23,28,881,1000,119,True
27,43,881,1000,119,True
39,47,881,1014,133,True
24,41,882,1000,118,True
22,54,883,1000,117,True
28,44,883,1014,131,True
30,47,883,1035,152,True
36,45,883,1014,131,True
3,38,884,1000,116,True
11,41,884,946,62,True
1,39,885,1000,115,True
24,42,885,1000,115,True
26,45,885,1014,129,True
34,49,885,946,61,True
41,59,885,1014,129,True
7,45,886,1000,114,True
47,43,886,1000,114,True
24,43,887,1000,113,True
30,48,887,1035,148,True
32,43,887,1014,127,True
38,37,887,946,59,True
39,48,887,1014,127,True
29,51,888,1014,126,True
37,46,888,941,53,True
11,42,889,1000,111,True
11,43,890,1000,110,True
25,42,890,1014,124,True
37,47,891,941,50,True
15,50,892,1000,108,True
44,63,892,941,49,True
8,46,893,1000,107,True
13,52,893,1000,107,True
16,52,893,1000,107,True
39,49,893,1014,121,True
46,46,893,1000,107,True
34,50,894,946,52,True
18,52,895,1035,140,True
31,51,895,1014,119,True
8,47,896,1000,104,True
42,47,896,1000,104,True
49,46,896,1014,118,True
4,41,897,1000,103,True
7,46,897,1000,103,True
14,48,897,1000,103,True
15,51,897,1000,103,True
16,53,897,1000,103,True
33,39,897,1014,117,True
23,29,898,1000,102,True
30,49,898,1035,137,True
36,46,898,1014,116,True
38,38,898,1000,102,True
40,39,898,1000,102,True
0,32,899,1000,101,True
25,43,899,1014,115,True
31,52,899,1014,115,True
35,55,899,1000,101,True
10,51,900,1000,100,True
19,42,900,1000,100,True
44,64,900,1014,114,True
22,55,901,1000,99,True
35,56,901,1000,99,True
21,45,902,1000,98,True
42,48,903,1000,97,True
48,42,904,1014,110,True
37,48,905,1014,109,True
6,38,906,1000,94,True
36,47,906,1014,108,True
43,51,906,1014,108,True
11,44,907,1000,93,True
28,45,907,1014,107,True
33,40,907,1014,107,True
44,65,907,1014,107,True
36,48,908,1014,106,True
19,43,909,1000,91,True
47,44,910,1000,90,True
47,45,911,1000,89,True
15,52,912,1035,123,True
36,49,912,1014,102,True
41,60,912,1014,102,True
12,49,913,1000,87,True
16,54,913,1000,87,True
32,44,913,1014,101,True
44,66,913,1014,101,True
43,52,914,1014,100,True
7,47,915,1000,85,True
9,57,915,1035,120,True
16,55,915,1000,85,True
18,53,915,1035,120,True
26,46,915,1014,99,True
40,40,915,1000,85,True
6,39,916,1000,84,True
49,47,916,1014,98,True
14,49,917,1000,83,True
17,50,917,1035,118,True
36,50,917,1014,97,True
43,53,917,1014,97,True
17,51,918,1035,117,True
27,44,918,1082,164,True
45,48,918,1014,96,True
48,43,918,1014,96,True
12,50,919,1000,81,True
3,39,920,1082,162,True
34,51,920,1014,94,True
42,49,920,1000,80,True
7,48,921,1000,79,True
9,58,922,1035,113,True
7,49,923,1000,77,True
9,59,923,1035,112,True
16,56,924,1082,158,True
17,52,924,1035,111,True
33,41,924,1014,90,True
48,44,924,1014,90,True
5,36,925,1035,110,True
30,50,925,1035,110,True
12,51,926,1000,74,True
13,53,926,1035,109,True
15,53,926,1035,109,True
21,46,926,1035,109,True
39,50,926,1014,88,True
25,44,927,1014,87,True
32,45,927,1014,87,True
34,52,928,1014,86,True
0,33,929,1035,106,True
9,60,929,1035,106,True
28,46,929,1014,85,True
2,44,930,1035,105,True
5,37,930,1035,105,True
46,47,930,1000,70,True
8,48,931,1004,73,True
37,49,932,1014,82,True
10,52,933,1035,102,True
34,53,933,1014,81,True
41,61,933,1014,81,True
3,40,934,1082,148,True
9,61,934,1082,148,True
17,53,934,1035,101,True
37,50,934,1014,80,True
38,39,934,1000,66,True
3,41,935,1082,147,True
7,50,935,1000,65,True
24,44,935,1035,100,True
29,52,935,1014,79,True
35,57,935,1000,65,True
26,47,936,1057,121,True
2,45,937,1035,98,True
20,50,937,1035,98,True
37,51,937,1014,77,True
5,38,938,1035,97,True
22,56,938,1082,144,True
4,42,939,1000,61,True
7,51,939,1000,61,True
11,45,939,1035,96,True
43,54,939,1014,75,True
13,54,940,1035,95,True
38,40,941,1035,94,True
6,40,942,1000,58,True
12,52,942,1000,58,True
16,57,942,1082,140,True
20,51,943,1035,92,True
23,30,943,1004,61,True
28,47,943,1064,121,True
1,40,944,1082,138,True
4,43,944,1000,56,True
7,52,944,1035,91,True
18,54,944,1035,91,True
46,48,944,1000,56,True
49,48,944,1057,113,True
12,53,945,1000,55,True
37,52,945,1057,112,True
40,41,945,1035,90,True
29,53,946,1014,68,True
12,54,947,1000,53,True
25,45,947,1014,67,True
28,48,947,1064,117,True
44,67,947,1089,142,True
48,45,947,1057,110,True
18,55,948,1035,87,True
29,54,948,1014,66,True
0,34,949,1082,133,True
7,53,949,1035,86,True
23,31,949,1004,55,True
33,42,949,1057,108,True
13,55,950,1035,85,True
27,45,951,1082,131,True
38,41,952,1035,83,True
40,42,952,1035,83,True
9,62,953,1082,129,True
1,41,954,1082,128,True
46,49,954,1035,81,True
12,55,955,1152,197,True
13,56,955,1035,80,True
42,50,956,1035,79,True
27,46,958,1082,124,True
41,62,958,1057,99,True
47,46,958,1035,77,True
45,49,959,1057,98,True
49,49,959,1057,98,True
3,42,960,1082,122,True
6,41,960,1035,75,True
28,49,960,1064,104,True
0,35,961,1082,121,True
36,51,961,1057,96,True
0,36,962,1082,120,True
23,32,962,1035,73,True
28,50,962,1064,102,True
33,43,962,1064,102,True
42,51,962,1035,73,True
6,42,963,1035,72,True
9,63,963,1082,119,True
23,33,963,1035,72,True
10,53,964,1035,71,True
22,57,964,1082,118,True
17,54,965,1082,117,True
35,58,965,1014,49,True
37,53,965,1057,92,True
10,54,966,1035,69,True
19,44,966,1082,116,True
49,50,966,1057,91,True
24,45,967,1035,68,True
41,63,967,1064,97,True
0,37,968,1082,114,True
36,52,968,1057,89,True
12,56,969,1152,183,True
14,50,969,1035,66,True
39,51,969,1089,120,True
15,54,970,1082,112,True
32,46,970,1057,87,True
34,54,970,1014,44,True
22,58,971,1082,111,True
28,51,971,1064,93,True
29,55,971,1057,86,True
13,57,973,1089,116,True
14,51,974,1035,61,True
31,53,974,1057,83,True
42,52,974,1035,61,True
10,55,975,1082,107,True
3,43,976,1082,106,True
5,39,976,1082,106,True
13,58,976,1089,113,True
34,55,976,1057,81,True
40,43,976,1035,59,True
4,44,977,1035,58,True
30,51,977,1035,58,True
8,49,978,1035,57,True
17,55,978,1082,104,True
35,59,978,1082,104,True
34,56,979,1057,78,True
20,52,980,1082,102,True
46,50,980,1035,55,True
5,40,981,1082,101,True
8,50,981,1035,54,True
43,55,981,1064,83,True
49,51,981,1057,76,True
1,42,982,1082,100,True
37,54,982,1064,82,True
46,51,982,1035,53,True
13,59,983,1089,106,True
32,47,984,1064,80,True
44,68,984,1089,105,True
29,56,985,1089,104,True
30,52,985,1089,104,True
36,53,985,1064,79,True
17,56,986,1082,96,True
6,43,987,1082,95,True
20,53,987,1082,95,True
30,53,988,1089,101,True
45,50,988,1064,76,True
1,43,989,1082,93,True
10,56,989,1082,93,True
11,46,989,1082,93,True
29,57,989,1089,100,True
36,54,989,1064,75,True
40,44,989,1089,100,True
20,54,990,1082,92,True
34,57,990,1057,67,True
9,64,991,1082,91,True
19,45,991,1082,91,True
20,55,991,1082,91,True
46,52,991,1035,44,True
9,65,992,1082,90,True
19,46,992,1082,90,True
33,44,992,1064,72,True
43,56,992,1064,72,True
45,51,992,1089,97,True
48,46,992,1089,97,True
12,57,993,1152,159,True
14,52,994,1082,88,True
15,55,994,1082,88,True
18,56,994,1152,158,True
35,60,994,1082,88,True
45,52,994,1089,95,True
6,44,995,1082,87,True
21,47,995,1082,87,True
22,59,995,1082,87,True
48,47,995,1089,94,True
31,54,996,1064,68,True
28,52,997,1064,67,True
34,58,997,1057,60,True
37,55,997,1064,67,True
13,60,998,1089,91,True
1,44,999,1152,153,True
35,61,999,1082,83,True
3,44,1000,1082,82,True
18,57,1000,1152,152,True
22,60,1000,1082,82,True
25,46,1000,1064,64,True
0,38,1001,1082,81,True
2,46,1001,1082,81,True
7,54,1001,1082,81,True
31,55,1001,1089,88,True
21,48,1002,1152,150,True
0,39,1003,1082,79,True
19,47,1004,1082,78,True
8,51,1005,1082,77,True
41,64,1005,1089,84,True
1,45,1006,1152,146,True
3,45,1006,1082,76,True
4,45,1006,1082,76,True
30,54,1006,1089,83,True
46,53,1006,1089,83,True
16,58,1007,1152,145,True
20,56,1007,1082,75,True
21,49,1007,1152,145,True
22,61,1007,1082,75,True
4,46,1008,1082,74,True
15,56,1008,1082,74,True
25,47,1008,1064,56,True
0,40,1009,1082,73,True
2,47,1009,1082,73,True
5,41,1009,1152,143,True
41,65,1009,1089,80,True
48,48,1010,1089,79,True
19,48,1011,1082,71,True
48,49,1011,1089,78,True
48,50,1012,1089,77,True
15,57,1013,1082,69,True
32,48,1013,1182,169,True
37,56,1013,1089,76,True
49,52,1013,1089,76,True
4,47,1014,1082,68,True
20,57,1015,1082,67,True
40,45,1015,1089,74,True
49,53,1016,1089,73,True
15,58,1017,1082,65,True
22,62,1017,1082,65,True
27,47,1017,1089,72,True
49,54,1017,1089,72,True
0,41,1018,1082,64,True
8,52,1018,1082,64,True
20,58,1018,1082,64,True
34,59,1018,1089,71,True
48,51,1019,1182,163,True
9,66,1020,1193,173,True
18,58,1021,1152,131,True
33,45,1021,1182,161,True
39,52,1021,1089,68,True
42,53,1021,1089,68,True
13,61,1022,1089,67,True
36,55,1022,1182,160,True
16,59,1023,1152,129,True
23,34,1023,1089,66,True
34,60,1023,1089,66,True
5,42,1024,1152,128,True
6,45,1024,1152,128,True
5,43,1025,1152,127,True
29,58,1025,1089,64,True
49,55,1025,1089,64,True
28,53,1026,1089,63,True
5,44,1027,1152,125,True
46,54,1027,1089,62,True
21,50,1028,1152,124,True
27,48,1029,1089,60,True
31,56,1029,1182,153,True
24,46,1030,1152,122,True
27,49,1030,1089,59,True
6,46,1031,1152,121,True
22,63,1031,1082,51,True
28,54,1031,1182,151,True
24,47,1032,1152,120,True
29,59,1032,1089,57,True
40,46,1032,1089,57,True
6,47,1033,1152,119,True
16,60,1033,1152,119,True
35,62,1034,1089,55,True
47,47,1034,1089,55,True
19,49,1035,1152,117,True
26,48,1035,1182,147,True
39,53,1035,1182,147,True
13,62,1037,1089,52,True
25,48,1037,1182,145,True
26,49,1037,1182,145,True
41,66,1037,1182,145,True
9,67,1038,1193,155,True
10,57,1038,1152,114,True
32,49,1038,1182,144,True
43,57,1038,1182,144,True
10,58,1039,1152,113,True
19,50,1039,1152,113,True
22,64,1039,1152,113,True
31,57,1039,1182,143,True
3,46,1040,1152,112,True
34,61,1040,1089,49,True
40,47,1040,1089,49,True
47,48,1040,1089,49,True
27,50,1041,1089,48,True
38,42,1041,1089,48,True
14,53,1042,1152,110,True
20,59,1042,1193,151,True
33,46,1042,1182,140,True
35,63,1042,1089,47,True
40,48,1042,1089,47,True
24,48,1043,1152,109,True
12,58,1044,1152,108,True
44,69,1044,1182,138,True
18,59,1045,1152,107,True
35,64,1045,1089,44,True
49,56,1045,1182,137,True
12,59,1046,1152,106,True
30,55,1046,1152,106,True
46,55,1046,1089,43,True
13,63,1048,1152,104,True
31,58,1048,1182,134,True
48,52,1048,1182,134,True
49,57,1048,1182,134,True
26,50,1049,1182,133,True
29,60,1049,1182,133,True
48,53,1049,1182,133,True
26,51,1050,1182,132,True
3,47,1051,1152,101,True
26,52,1051,1182,131,True
41,67,1051,1182,131,True
17,57,1052,1152,100,True
22,65,1052,1152,100,True
15,59,1054,1152,98,True
28,55,1054,1182,128,True
31,59,1054,1182,128,True
19,51,1055,1193,138,True
34,62,1055,1182,127,True
43,58,1055,1182,127,True
18,60,1058,1152,94,True
35,65,1058,1152,94,True
39,54,1058,1182,124,True
12,60,1059,1152,93,True
44,70,1059,1182,123,True
1,46,1060,1193,133,True
18,61,1060,1152,92,True
30,56,1060,1152,92,True
40,49,1060,1152,92,True
8,53,1061,1152,91,True
9,68,1061,1193,132,True
14,54,1061,1152,91,True
23,35,1061,1152,91,True
28,56,1061,1182,121,True
37,57,1062,1182,120,True
18,62,1063,1152,89,True
31,60,1063,1182,119,True
36,56,1063,1182,119,True
38,43,1063,1152,89,True
33,47,1065,1182,117,True
16,61,1066,1193,127,True
28,57,1066,1182,116,True
43,59,1066,1182,116,True
49,58,1066,1182,116,True
8,54,1067,1152,85,True
30,57,1067,1179,112,True
39,55,1067,1182,115,True
18,63,1068,1152,84,True
36,57,1068,1182,114,True
38,44,1068,1152,84,True
44,71,1068,1182,114,True
1,47,1069,1193,124,True
18,64,1069,1152,83,True
39,56,1069,1182,113,True
48,54,1069,1182,113,True
3,48,1070,1193,123,True
37,58,1070,1182,112,True
42,54,1070,1152,82,True
29,61,1072,1182,110,True
43,60,1072,1182,110,True
49,59,1072,1182,110,True
21,51,1073,1193,120,True
32,50,1073,1182,109,True
11,47,1074,1152,78,True
20,60,1074,1193,119,True
2,48,1075,1152,77,True
35,66,1075,1152,77,True
5,45,1076,1152,76,True
31,61,1076,1182,106,True
40,50,1076,1152,76,True
43,61,1076,1182,106,True
48,55,1076,1182,106,True
9,69,1077,1193,116,True
17,58,1077,1152,75,True
24,49,1077,1152,75,True
31,62,1077,1182,105,True
49,60,1077,1182,105,True
48,56,1078,1182,104,True
41,68,1079,1182,103,True
45,53,1079,1207,128,True
32,51,1080,1182,102,True
42,55,1080,1194,114,True
9,70,1081,1193,112,True
14,55,1081,1193,112,True
24,50,1081,1193,112,True
11,48,1082,1193,111,True
19,52,1082,1193,111,True
43,62,1082,1182,100,True
45,54,1082,1207,125,True
19,53,1083,1193,110,True
20,61,1083,1193,110,True
36,58,1083,1207,124,True
23,36,1084,1152,68,True
46,56,1084,1152,68,True
40,51,1085,1152,67,True
9,71,1086,1193,107,True
27,51,1086,1152,66,True
18,65,1087,1193,106,True
41,69,1087,1207,120,True
12,61,1089,1193,104,True
13,64,1090,1152,62,True
25,49,1090,1182,92,True
29,62,1090,1182,92,True
39,57,1090,1182,92,True
2,49,1091,1193,102,True
3,49,1091,1193,102,True
42,56,1091,1194,103,True
10,59,1093,1193,100,True
16,62,1093,1193,100,True
22,66,1093,1193,100,True
37,59,1093,1207,114,True
41,70,1093,1207,114,True
44,72,1093,1207,114,True
1,48,1095,1193,98,True
16,63,1095,1193,98,True
27,52,1095,1152,57,True
36,59,1095,1207,112,True
43,63,1095,1207,112,True
2,50,1096,1193,97,True
14,56,1096,1193,97,True
28,58,1096,1207,111,True
30,58,1096,1179,83,True
36,60,1096,1207,111,True
38,45,1096,1179,83,True
49,61,1097,1207,110,True
29,63,1098,1182,84,True
31,63,1098,1182,84,True
16,64,1099,1193,94,True
8,55,1100,1193,93,True
39,58,1100,1207,107,True
3,50,1101,1295,194,True
27,53,1101,1152,51,True
5,46,1102,1193,91,True
18,66,1104,1193,89,True
34,63,1104,1182,78,True
42,57,1104,1194,90,True
3,51,1106,1295,189,True
43,64,1106,1207,101,True
6,48,1107,1193,86,True
25,50,1107,1207,100,True
1,49,1108,1193,85,True
14,57,1108,1193,85,True
16,65,1108,1193,85,True
21,52,1108,1193,85,True
39,59,1108,1207,99,True
4,48,1109,1193,84,True
5,47,1110,1193,83,True
11,49,1111,1193,82,True
25,51,1112,1207,95,True
45,55,1112,1239,127,True
2,51,1113,1193,80,True
9,72,1113,1193,80,True
13,65,1113,1193,80,True
47,49,1113,1193,80,True
49,62,1113,1239,126,True
2,52,1114,1193,79,True
7,55,1114,1193,79,True
22,67,1114,1193,79,True
29,64,1114,1207,93,True
30,59,1114,1233,119,True
4,49,1115,1193,78,True
5,48,1115,1193,78,True
6,49,1116,1193,77,True
33,48,1116,1239,123,True
37,60,1116,1207,91,True
38,46,1116,1193,77,True
43,65,1116,1239,123,True
49,63,1116,1239,123,True
6,50,1117,1193,76,True
15,60,1117,1193,76,True
18,67,1117,1193,76,True
23,37,1117,1194,77,True
10,60,1118,1193,75,True
13,66,1118,1193,75,True
33,49,1118,1239,121,True
42,58,1118,1194,76,True
48,57,1119,1239,120,True
11,50,1120,1193,73,True
5,49,1121,1193,72,True
6,51,1121,1193,72,True
9,73,1121,1193,72,True
14,58,1121,1193,72,True
15,61,1121,1193,72,True
17,59,1121,1193,72,True
18,68,1121,1193,72,True
46,57,1121,1233,112,True
3,52,1122,1295,173,True
12,62,1122,1193,71,True
25,52,1122,1207,85,True
30,60,1122,1233,111,True
45,56,1122,1239,117,True
19,54,1123,1193,70,True
42,59,1123,1194,71,True
0,42,1124,1193,69,True
47,50,1124,1193,69,True
1,50,1125,1193,68,True
15,62,1125,1193,68,True
19,55,1125,1193,68,True
5,50,1126,1193,67,True
30,61,1126,1233,107,True
38,47,1126,1193,67,True
41,71,1126,1239,113,True
14,59,1128,1193,65,True
29,65,1128,1207,79,True
3,53,1129,1295,166,True
22,68,1129,1233,104,True
49,64,1129,1239,110,True
47,51,1130,1193,63,True
14,60,1131,1193,62,True
39,60,1132,1328,196,True
29,66,1133,1207,74,True
47,52,1134,1193,59,True
1,51,1135,1193,58,True
5,51,1135,1193,58,True
12,63,1135,1193,58,True
27,54,1135,1193,58,True
41,72,1135,1239,104,True
23,38,1136,1207,71,True
42,60,1136,1194,58,True
8,56,1137,1193,56,True
35,67,1137,1239,102,True
47,53,1138,1193,55,True
22,69,1139,1233,94,True
32,52,1139,1207,68,True
12,64,1140,1295,155,True
17,60,1140,1193,53,True
20,62,1140,1193,53,True
14,61,1142,1193,51,True
34,64,1142,1207,65,True
36,61,1142,1239,97,True
37,61,1142,1239,97,True
45,57,1142,1239,97,True
2,53,1143,1295,152,True
20,63,1143,1193,50,True
0,43,1144,1295,151,True
10,61,1144,1193,49,True
12,65,1144,1295,151,True
21,53,1144,1193,49,True
4,50,1145,1233,88,True
8,57,1145,1193,48,True
15,63,1145,1193,48,True
32,53,1145,1328,183,True
49,65,1146,1239,93,True
33,50,1147,1239,92,True
39,61,1147,1328,181,True
41,73,1147,1239,92,True
20,64,1148,1295,147,True
42,61,1149,1194,45,True
8,58,1150,1194,44,True
23,39,1150,1207,57,True
40,52,1150,1328,178,True
22,70,1151,1233,82,True
24,51,1152,1233,81,True
29,67,1152,1239,87,True
31,64,1152,1239,87,True
21,54,1153,1295,142,True
36,62,1153,1239,86,True
40,53,1153,1328,175,True
21,55,1155,1295,140,True
37,62,1155,1239,84,True
3,54,1156,1295,139,True
7,56,1156,1233,77,True
29,68,1156,1239,83,True
39,62,1156,1328,172,True
11,51,1157,1233,76,True
27,55,1157,1194,37,True
33,51,1157,1239,82,True
36,63,1157,1239,82,True
44,73,1157,1328,171,True
6,52,1159,1233,74,True
19,56,1159,1295,136,True
22,71,1159,1295,136,True
24,52,1159,1233,74,True
34,65,1159,1207,48,True
10,62,1160,1233,73,True
21,56,1160,1295,135,True
23,40,1160,1207,47,True
27,56,1160,1233,73,True
12,66,1161,1295,134,True
17,61,1161,1233,72,True
21,57,1161,1295,134,True
42,62,1161,1233,72,True
3,55,1162,1295,133,True
12,67,1162,1295,133,True
14,62,1162,1295,133,True
33,52,1162,1239,77,True
40,54,1162,1328,166,True
29,69,1163,1239,76,True
30,62,1163,1233,70,True
41,74,1163,1275,112,True
28,59,1164,1239,75,True
47,54,1164,1233,69,True
15,64,1165,1295,130,True
6,53,1166,1295,129,True
5,52,1167,1295,128,True
25,53,1167,1239,72,True
38,48,1167,1239,72,True
47,55,1167,1233,66,True
29,70,1168,1239,71,True
42,63,1168,1233,65,True
18,69,1169,1295,126,True
20,65,1169,1295,126,True
11,52,1170,1233,63,True
19,57,1170,1295,125,True
43,66,1170,1275,105,True
24,53,1171,1295,124,True
41,75,1171,1275,104,True
44,74,1171,1328,157,True
49,66,1171,1275,104,True
10,63,1172,1326,154,True
14,63,1172,1295,123,True
42,64,1172,1233,61,True
24,54,1173,1295,122,True
0,44,1174,1295,121,True
6,54,1174,1295,121,True
14,64,1174,1295,121,True
0,45,1175,1295,120,True
7,57,1175,1295,120,True
14,65,1175,1295,120,True
15,65,1175,1295,120,True
33,53,1175,1328,153,True
5,53,1176,1295,119,True
22,72,1176,1295,119,True
33,54,1176,1328,152,True
3,56,1177,1295,118,True
13,67,1178,1326,148,True
38,49,1178,1239,61,True
49,67,1178,1275,97,True
11,53,1179,1233,54,True
21,58,1179,1295,116,True
22,73,1179,1295,116,True
21,59,1180,1295,115,True
47,56,1180,1233,53,True
11,54,1181,1233,52,True
22,74,1181,1295,114,True
31,65,1181,1328,147,True
43,67,1181,1275,94,True
10,64,1182,1326,144,True
31,66,1182,1328,146,True
37,63,1182,1275,93,True
39,63,1182,1328,146,True
41,76,1182,1328,146,True
1,52,1183,1295,112,True
7,58,1183,1295,112,True
23,41,1183,1233,50,True
22,75,1184,1295,111,True
30,63,1184,1233,49,True
10,65,1185,1326,141,True
18,70,1185,1295,110,True
28,60,1185,1328,143,True
14,66,1186,1295,109,True
38,50,1186,1239,53,True
46,58,1186,1239,53,True
13,68,1187,1326,139,True
18,71,1187,1295,108,True
27,57,1187,1326,139,True
20,66,1188,1295,107,True
37,64,1188,1275,87,True
5,54,1189,1295,106,True
24,55,1189,1295,106,True
29,71,1189,1275,86,True
8,59,1190,1295,105,True
19,58,1190,1295,105,True
25,54,1190,1275,85,True
5,55,1191,1295,104,True
20,67,1191,1295,104,True
11,55,1192,1378,186,True
20,68,1192,1295,103,True
42,65,1194,1295,101,True
16,66,1196,1295,99,True
13,69,1197,1326,129,True
20,69,1197,1295,98,True
49,68,1197,1275,78,True
16,67,1198,1295,97,True
24,56,1198,1295,97,True
27,58,1198,1326,128,True
42,66,1198,1295,97,True
7,59,1199,1295,96,True
10,66,1199,1326,127,True
26,53,1199,1328,129,True
35,68,1199,1295,96,True
49,69,1199,1275,76,True
34,66,1200,1295,95,True
41,77,1200,1328,128,True
48,58,1200,1328,128,True
26,54,1201,1328,127,True
27,59,1201,1326,125,True
41,78,1201,1328,127,True
7,60,1202,1295,93,True
23,42,1202,1295,93,True
25,55,1203,1328,125,True
41,79,1203,1328,125,True
32,54,1204,1328,124,True
29,72,1205,1328,123,True
36,64,1205,1389,184,True
6,55,1206,1295,89,True
30,64,1206,1326,120,True
32,55,1206,1328,122,True
5,56,1207,1326,119,True
9,74,1207,1295,88,True
44,75,1207,1328,121,True
17,62,1208,1326,118,True
38,51,1209,1326,117,True
0,46,1210,1378,168,True
16,68,1210,1295,85,True
44,76,1210,1328,118,True
13,70,1211,1326,115,True
25,56,1211,1328,117,True
44,77,1211,1328,117,True
46,59,1211,1295,84,True
36,65,1212,1389,177,True
48,59,1212,1389,177,True
20,70,1213,1295,82,True
2,54,1214,1378,164,True
13,71,1214,1326,112,True
17,63,1214,1326,112,True
20,71,1214,1295,81,True
24,57,1214,1295,81,True
38,52,1214,1326,112,True
4,51,1215,1295,80,True
3,57,1216,1378,162,True
15,66,1217,1326,109,True
21,60,1218,1378,160,True
39,64,1218,1328,110,True
2,55,1219,1378,159,True
35,69,1219,1295,76,True
1,53,1221,1378,157,True
6,56,1221,1295,74,True
43,68,1221,1389,168,True
47,57,1221,1326,105,True
9,75,1222,1378,156,True
22,76,1222,1326,104,True
36,66,1222,1389,167,True
7,61,1223,1326,103,True
33,55,1223,1389,166,True
38,53,1223,1326,103,True
43,69,1224,1389,165,True
12,68,1225,1295,70,True
14,67,1226,1295,69,True
15,67,1226,1378,152,True
17,64,1226,1326,100,True
35,70,1226,1295,69,True
37,65,1226,1328,102,True
45,58,1226,1328,102,True
47,58,1226,1326,100,True
35,71,1227,1295,68,True
10,67,1228,1326,98,True
37,66,1228,1328,100,True
40,55,1228,1328,100,True
44,78,1228,1328,100,True
46,60,1228,1328,100,True
4,52,1229,1295,66,True
6,57,1229,1295,66,True
9,76,1229,1378,149,True
34,67,1229,1328,99,True
48,60,1230,1389,159,True
1,54,1231,1378,147,True
45,59,1231,1389,158,True
2,56,1232,1378,146,True
13,72,1232,1326,94,True
16,69,1232,1378,146,True
44,79,1232,1328,96,True
46,61,1232,1328,96,True
25,57,1233,1328,95,True
35,72,1233,1295,62,True
41,80,1233,1389,156,True
7,62,1234,1326,92,True
28,61,1234,1389,155,True
1,55,1235,1378,143,True
3,58,1235,1378,143,True
46,62,1236,1328,92,True
6,58,1237,1295,58,True
7,63,1237,1326,89,True
19,59,1237,1378,141,True
20,72,1237,1378,141,True
38,54,1237,1463,226,True
33,56,1238,1389,151,True
38,55,1238,1463,225,True
15,68,1239,1378,139,True
31,67,1239,1389,150,True
32,56,1239,1328,89,True
9,77,1241,1378,137,True
22,77,1241,1326,85,True
29,73,1241,1389,148,True
3,59,1242,1378,136,True
10,68,1242,1326,84,True
3,60,1243,1378,135,True
6,59,1243,1295,52,True
33,57,1243,1389,146,True
34,68,1243,1328,85,True
7,64,1244,1326,82,True
8,60,1244,1326,82,True
32,57,1244,1389,145,True
42,67,1244,1326,82,True
30,65,1245,1378,133,True
44,80,1245,1328,83,True
48,61,1245,1389,144,True
14,68,1246,1378,132,True
39,65,1246,1389,143,True
10,69,1247,1378,131,True
29,74,1247,1389,142,True
5,57,1249,1326,77,True
10,70,1249,1378,129,True
12,69,1249,1378,129,True
17,65,1249,1326,77,True
23,43,1249,1295,46,True
43,70,1250,1389,139,True
24,58,1251,1326,75,True
30,66,1251,1378,127,True
37,67,1251,1328,77,True
3,61,1252,1378,126,True
13,73,1252,1378,126,True
9,78,1253,1378,125,True
13,74,1253,1378,125,True
26,55,1253,1389,136,True
31,68,1253,1389,136,True
11,56,1255,1378,123,True
40,56,1255,1328,73,True
43,71,1255,1389,134,True
15,69,1256,1392,136,True
35,73,1256,1378,122,True
0,47,1257,1378,121,True
5,58,1257,1378,121,True
23,44,1257,1326,69,True
4,53,1258,1326,68,True
31,69,1258,1389,131,True
37,68,1258,1389,131,True
45,60,1258,1389,131,True
46,63,1258,1328,70,True
43,72,1259,1389,130,True
45,61,1259,1389,130,True
5,59,1260,1378,118,True
36,67,1260,1389,129,True
43,73,1261,1389,128,True
40,57,1263,1328,65,True
18,72,1264,1378,114,True
14,69,1265,1378,113,True
29,75,1265,1389,124,True
27,60,1266,1328,62,True
16,70,1267,1378,111,True
31,70,1267,1389,122,True
38,56,1267,1463,196,True
4,54,1268,1378,110,True
48,62,1268,1389,121,True
16,71,1269,1378,109,True
27,61,1269,1328,59,True
39,66,1269,1389,120,True
26,56,1270,1389,119,True
42,68,1270,1328,58,True
13,75,1271,1378,107,True
25,58,1271,1389,118,True
5,60,1272,1378,106,True
19,60,1272,1378,106,True
4,55,1273,1378,105,True
16,72,1273,1378,105,True
3,62,1274,1378,104,True
43,74,1274,1389,115,True
42,69,1275,1328,53,True
27,62,1276,1378,102,True
30,67,1276,1378,102,True
40,58,1276,1378,102,True
1,56,1277,1378,101,True
12,70,1277,1378,101,True
42,70,1277,1378,101,True
11,57,1278,1378,100,True
28,62,1278,1389,111,True
28,63,1279,1389,110,True
7,65,1280,1378,98,True
43,75,1281,1389,108,True
17,66,1282,1378,96,True
33,58,1282,1389,107,True
37,69,1282,1423,141,True
22,78,1283,1392,109,True
2,57,1284,1378,94,True
8,61,1284,1378,94,True
13,76,1284,1378,94,True
22,79,1284,1392,108,True
37,70,1284,1423,139,True
6,60,1285,1392,107,True
21,61,1285,1392,107,True
47,59,1285,1378,93,True
16,73,1286,1378,92,True
2,58,1287,1378,91,True
40,59,1287,1378,91,True
41,81,1287,1389,102,True
8,62,1289,1378,89,True
17,67,1289,1378,89,True
39,67,1289,1389,100,True
4,56,1290,1378,88,True
5,61,1290,1392,102,True
7,66,1290,1378,88,True
48,63,1290,1389,99,True
14,70,1291,1378,87,True
37,71,1291,1423,132,True
39,68,1291,1389,98,True
4,57,1292,1378,86,True
5,62,1292,1392,100,True
14,71,1292,1378,86,True
17,68,1292,1392,100,True
23,45,1292,1378,86,True
25,59,1292,1389,97,True
42,71,1292,1378,86,True
12,71,1293,1378,85,True
17,69,1293,1392,99,True
19,61,1294,1392,98,True
48,64,1294,1389,95,True
0,48,1295,1378,83,True
1,57,1295,1378,83,True
30,68,1295,1378,83,True
1,58,1296,1378,82,True
37,72,1296,1423,127,True
12,72,1297,1378,81,True
39,69,1297,1389,92,True
9,79,1298,1378,80,True
25,60,1299,1389,90,True
26,57,1299,1389,90,True
6,61,1300,1392,92,True
12,73,1300,1378,78,True
31,71,1300,1423,123,True
39,70,1300,1389,89,True
40,60,1300,1378,78,True
11,58,1301,1378,77,True
27,63,1301,1378,77,True
14,72,1302,1378,76,True
11,59,1303,1378,75,True
25,61,1303,1389,86,True
34,69,1303,1389,86,True
36,68,1303,1389,86,True
37,73,1303,1423,120,True
2,59,1304,1392,88,True
12,74,1304,1378,74,True
26,58,1304,1389,85,True
10,71,1305,1378,73,True
14,73,1305,1378,73,True
29,76,1305,1389,84,True
34,70,1305,1389,84,True
1,59,1306,1378,72,True
5,63,1306,1392,86,True
9,80,1307,1378,71,True
18,73,1307,1392,85,True
38,57,1308,1463,155,True
44,81,1308,1389,81,True
37,74,1309,1423,114,True
46,64,1309,1389,80,True
4,58,1310,1378,68,True
18,74,1310,1392,82,True
30,69,1310,1392,82,True
33,59,1310,1389,79,True
6,62,1311,1392,81,True
29,77,1311,1389,78,True
33,60,1311,1389,78,True
36,69,1311,1389,78,True
7,67,1312,1378,66,True
28,64,1312,1389,77,True
27,64,1313,1378,65,True
10,72,1314,1392,78,True
11,60,1314,1378,64,True
34,71,1314,1389,75,True
21,62,1315,1392,77,True
31,72,1315,1423,108,True
36,70,1315,1423,108,True
38,58,1315,1463,148,True
47,60,1315,1378,63,True
9,81,1316,1392,76,True
28,65,1316,1389,73,True
31,73,1316,1423,107,True
32,58,1316,1423,107,True
1,60,1317,1392,75,True
19,62,1318,1392,74,True
28,66,1318,1499,181,True
46,65,1318,1389,71,True
1,61,1319,1392,73,True
17,70,1319,1392,73,True
22,80,1319,1392,73,True
24,59,1319,1378,59,True
30,70,1319,1392,73,True
14,74,1320,1378,58,True
18,75,1320,1392,72,True
21,63,1320,1392,72,True
29,78,1320,1389,69,True
46,66,1320,1389,69,True
0,49,1321,1392,71,True
37,75,1321,1423,102,True
45,62,1321,1423,102,True
34,72,1322,1389,67,True
14,75,1323,1378,55,True
29,79,1323,1389,66,True
46,67,1323,1389,66,True
12,75,1324,1392,68,True
22,81,1324,1392,68,True
29,80,1324,1389,65,True
38,59,1324,1463,139,True
44,82,1325,1389,64,True
13,77,1326,1463,137,True
8,63,1327,1378,51,True
23,46,1327,1415,88,True
27,65,1327,1392,65,True
10,73,1328,1397,69,True
12,76,1328,1392,64,True
19,63,1328,1392,64,True
48,65,1328,1389,61,True
1,62,1329,1392,63,True
3,63,1329,1463,134,True
5,64,1329,1392,63,True
37,76,1329,1423,94,True
27,66,1330,1392,62,True
1,63,1331,1392,61,True
9,82,1331,1392,61,True
16,74,1331,1463,132,True
20,73,1331,1392,61,True
1,64,1332,1392,60,True
11,61,1332,1397,65,True
29,81,1332,1423,91,True
31,74,1332,1423,91,True
32,59,1333,1423,90,True
34,73,1333,1389,56,True
30,71,1335,1392,57,True
39,71,1335,1499,164,True
47,61,1335,1378,43,True
46,68,1336,1389,53,True
1,65,1337,1392,55,True
19,64,1337,1392,55,True
24,60,1337,1392,55,True
8,64,1338,1392,54,True
21,64,1338,1463,125,True
46,69,1338,1389,51,True
2,60,1339,1463,124,True
7,68,1339,1392,53,True
17,71,1339,1392,53,True
24,61,1339,1392,53,True
5,65,1340,1463,123,True
6,63,1340,1392,52,True
36,71,1340,1423,83,True
19,65,1341,1392,51,True
28,67,1341,1499,158,True
39,72,1341,1499,158,True
48,66,1341,1499,158,True
48,67,1342,1499,157,True
49,70,1342,1423,81,True
1,66,1343,1392,49,True
13,78,1344,1463,119,True
44,83,1344,1423,79,True
25,62,1345,1423,78,True
40,61,1345,1397,52,True
24,62,1347,1463,116,True
39,73,1347,1499,152,True
41,82,1347,1499,152,True
27,67,1348,1392,44,True
33,61,1348,1499,151,True
24,63,1349,1463,114,True
7,69,1351,1392,41,True
25,63,1351,1423,72,True
35,74,1351,1415,64,True
19,66,1352,1463,111,True
15,70,1353,1463,110,True
22,82,1353,1392,39,True
7,70,1354,1392,38,True
16,75,1354,1463,109,True
18,76,1354,1392,38,True
32,60,1354,1499,145,True
17,72,1355,1463,108,True
18,77,1355,1463,108,True
30,72,1355,1463,108,True
49,71,1355,1423,68,True
37,77,1356,1423,67,True
4,59,1357,1392,35,True
16,76,1357,1463,106,True
49,72,1357,1423,66,True
29,82,1359,1423,64,True
45,63,1360,1499,139,True
41,83,1361,1499,138,True
45,64,1361,1499,138,True
13,79,1362,1463,101,True
32,61,1362,1499,137,True
16,77,1363,1463,100,True
27,68,1363,1463,100,True
2,61,1364,1463,99,True
41,84,1365,1499,134,True
1,67,1366,1592,226,True
21,65,1366,1463,97,True
27,69,1366,1463,97,True
40,62,1366,1463,97,True
44,84,1367,1423,56,True
33,62,1368,1499,131,True
10,74,1369,1592,223,True
16,78,1369,1592,223,True
49,73,1369,1423,54,True
9,83,1370,1463,93,True
39,74,1370,1499,129,True
7,71,1371,1463,92,True
29,83,1372,1499,127,True
41,85,1372,1499,127,True
0,50,1373,1463,90,True
17,73,1374,1463,89,True
9,84,1375,1463,88,True
27,70,1375,1592,217,True
30,73,1375,1463,88,True
37,78,1375,1499,124,True
7,72,1377,1463,86,True
30,74,1377,1463,86,True
35,75,1377,1415,38,True
39,75,1377,1499,122,True
45,65,1378,1499,121,True
15,71,1379,1463,84,True
40,63,1379,1463,84,True
6,64,1380,1463,83,True
17,74,1380,1463,83,True
6,65,1382,1463,81,True
0,51,1383,1463,80,True
5,66,1383,1463,80,True
22,83,1384,1592,208,True
33,63,1384,1499,115,True
44,85,1384,1499,115,True
23,47,1385,1592,207,True
44,86,1385,1499,114,True
48,68,1385,1499,114,True
21,66,1386,1463,77,True
26,59,1386,1499,113,True
30,75,1386,1463,77,True
39,76,1386,1499,113,True
17,75,1387,1463,76,True
19,67,1387,1592,205,True
33,64,1387,1499,112,True
34,74,1387,1499,112,True
9,85,1388,1592,204,True
10,75,1389,1592,203,True
22,84,1389,1592,203,True
37,79,1389,1499,110,True
43,76,1389,1499,110,True
2,62,1390,1592,202,True
19,68,1390,1592,202,True
23,48,1390,1592,202,True
6,66,1391,1592,201,True
14,76,1391,1463,72,True
35,76,1391,1481,90,True
47,62,1391,1463,72,True
18,78,1392,1463,71,True
23,49,1392,1592,200,True
30,76,1392,1592,200,True
46,70,1392,1463,71,True
11,62,1393,1592,199,True
33,65,1393,1499,106,True
36,72,1393,1499,106,True
11,63,1394,1592,198,True
41,86,1394,1499,105,True
2,63,1395,1592,197,True
11,64,1395,1592,197,True
43,77,1395,1499,104,True
42,72,1396,1592,196,True
44,87,1396,1499,103,True
26,60,1397,1499,102,True
9,86,1398,1592,194,True
39,77,1398,1499,101,True
40,64,1398,1463,65,True
41,87,1398,1499,101,True
24,64,1400,1592,192,True
48,69,1400,1499,99,True
11,65,1402,1592,190,True
44,88,1402,1499,97,True
25,64,1403,1499,96,True
26,61,1403,1499,96,True
29,84,1403,1499,96,True
28,68,1404,1499,95,True
11,66,1405,1592,187,True
29,85,1405,1499,94,True
30,77,1405,1592,187,True
31,75,1405,1499,94,True
13,80,1407,1592,185,True
17,76,1407,1592,185,True
19,69,1407,1592,185,True
31,76,1407,1499,92,True
39,78,1407,1499,92,True
29,86,1408,1499,91,True
45,66,1408,1499,91,True
17,77,1409,1592,183,True
29,87,1409,1499,90,True
42,73,1409,1592,183,True
5,67,1411,1592,181,True
22,85,1411,1592,181,True
26,62,1411,1499,88,True
42,74,1411,1592,181,True
0,52,1412,1592,180,True
4,60,1412,1592,180,True
7,73,1412,1592,180,True
10,76,1412,1592,180,True
12,77,1413,1592,179,True
41,88,1413,1499,86,True
11,67,1414,1592,178,True
14,77,1414,1592,178,True
33,66,1414,1515,101,True
19,70,1415,1592,177,True
27,71,1415,1592,177,True
45,67,1415,1499,84,True
13,81,1416,1592,176,True
28,69,1416,1499,83,True
34,75,1416,1499,83,True
36,73,1416,1499,83,True
6,67,1417,1592,175,True
12,78,1417,1592,175,True
39,79,1417,1499,82,True
43,78,1417,1499,82,True
41,89,1418,1499,81,True
8,65,1419,1592,173,True
27,72,1419,1592,173,True
43,79,1419,1499,80,True
14,78,1420,1592,172,True
17,78,1420,1592,172,True
22,86,1420,1592,172,True
35,77,1420,1592,172,True
42,75,1420,1592,172,True
41,90,1421,1499,78,True
38,60,1422,1592,170,True
16,79,1423,1592,169,True
27,73,1423,1592,169,True
37,80,1423,1499,76,True
38,61,1423,1592,169,True
19,71,1424,1592,168,True
25,65,1424,1499,75,True
27,74,1424,1592,168,True
28,70,1424,1515,91,True
29,88,1425,1499,74,True
10,77,1426,1592,166,True
17,79,1427,1592,165,True
32,62,1427,1499,72,True
38,62,1427,1592,165,True
40,65,1427,1592,165,True
42,76,1427,1592,165,True
11,68,1428,1592,164,True
21,67,1428,1592,164,True
17,80,1429,1592,163,True
34,76,1429,1499,70,True
9,87,1430,1592,162,True
19,72,1430,1592,162,True
31,77,1430,1499,69,True
37,81,1430,1499,69,True
17,81,1431,1592,161,True
22,87,1431,1592,161,True
35,78,1431,1592,161,True
41,91,1431,1515,84,True
45,68,1431,1515,84,True
17,82,1432,1592,160,True
34,77,1432,1499,67,True
41,92,1432,1515,83,True
8,66,1433,1592,159,True
27,75,1433,1592,159,True
3,64,1435,1592,157,True
17,83,1435,1592,157,True
17,84,1436,1592,156,True
19,73,1436,1592,156,True
2,64,1437,1592,155,True
17,85,1437,1592,155,True
22,88,1437,1592,155,True
28,71,1437,1515,78,True
20,74,1438,1592,154,True
20,75,1439,1592,153,True
45,69,1439,1515,76,True
12,79,1440,1592,152,True
24,65,1440,1592,152,True
45,70,1440,1585,145,True
30,78,1441,1592,151,True
16,80,1442,1592,150,True
30,79,1442,1592,150,True
32,63,1442,1518,76,True
37,82,1442,1499,57,True
28,72,1443,1515,72,True
29,89,1443,1515,72,True
1,68,1444,1592,148,True
13,82,1444,1592,148,True
19,74,1444,1592,148,True
31,78,1444,1515,71,True
23,50,1445,1592,147,True
31,79,1445,1515,70,True
2,65,1446,1592,146,True
3,65,1446,1592,146,True
4,61,1446,1592,146,True
20,76,1446,1592,146,True
31,80,1446,1515,69,True
33,67,1446,1515,69,True
49,74,1446,1499,53,True
8,67,1448,1592,144,True
14,79,1448,1592,144,True
20,77,1448,1592,144,True
10,78,1449,1592,143,True
30,80,1449,1592,143,True
34,78,1449,1518,69,True
35,79,1449,1592,143,True
46,71,1449,1592,143,True
47,63,1449,1592,143,True
15,72,1450,1592,142,True
1,69,1451,1592,141,True
14,80,1451,1592,141,True
16,81,1451,1592,141,True
20,78,1451,1592,141,True
21,68,1451,1592,141,True
1,70,1452,1592,140,True
4,62,1452,1592,140,True
5,68,1452,1592,140,True
6,68,1452,1592,140,True
4,63,1454,1592,138,True
10,79,1454,1592,138,True
17,86,1454,1592,138,True
39,80,1455,1518,63,True
11,69,1457,1592,135,True
3,66,1458,1592,134,True
1,71,1459,1592,133,True
0,53,1460,1592,132,True
10,80,1460,1592,132,True
15,73,1460,1592,132,True
38,63,1460,1592,132,True
45,71,1460,1585,125,True
45,72,1461,1585,124,True
4,64,1462,1592,130,True
36,74,1462,1585,123,True
18,79,1464,1592,128,True
45,73,1464,1585,121,True
7,74,1465,1592,127,True
23,51,1465,1592,127,True
36,75,1465,1585,120,True
43,80,1465,1677,212,True
46,72,1465,1592,127,True
24,66,1466,1592,126,True
42,77,1466,1592,126,True
45,74,1466,1585,119,True
16,82,1467,1592,125,True
26,63,1467,1585,118,True
27,76,1467,1592,125,True
42,78,1467,1592,125,True
45,75,1467,1585,118,True
22,89,1468,1592,124,True
37,83,1468,1518,50,True
43,81,1468,1677,209,True
38,64,1469,1592,123,True
44,89,1470,1518,48,True
8,68,1471,1592,121,True
22,90,1471,1592,121,True
27,77,1471,1592,121,True
0,54,1472,1592,120,True
1,72,1472,1592,120,True
4,65,1472,1592,120,True
4,66,1473,1592,119,True
5,69,1473,1592,119,True
13,83,1473,1592,119,True
7,75,1474,1592,118,True
11,70,1474,1592,118,True
37,84,1474,1585,111,True
13,84,1475,1592,117,True
23,52,1475,1592,117,True
26,64,1475,1585,110,True
28,73,1475,1585,110,True
29,90,1475,1585,110,True
34,79,1475,1592,117,True
42,79,1475,1592,117,True
46,73,1475,1592,117,True
3,67,1476,1592,116,True
12,80,1476,1592,116,True
20,79,1476,1592,116,True
37,85,1476,1585,109,True
48,70,1476,1585,109,True
3,68,1477,1592,115,True
39,81,1477,1585,108,True
6,69,1478,1592,114,True
46,74,1478,1592,114,True
14,81,1479,1592,113,True
21,69,1479,1592,113,True
32,64,1479,1585,106,True
3,69,1480,1592,112,True
37,86,1480,1585,105,True
40,66,1480,1592,112,True
41,93,1480,1585,105,True
13,85,1481,1592,111,True
43,82,1481,1677,196,True
48,71,1481,1585,104,True
45,76,1482,1585,103,True
2,66,1483,1592,109,True
4,67,1483,1592,109,True
5,70,1483,1592,109,True
8,69,1483,1592,109,True
27,78,1484,1592,108,True
38,65,1484,1592,108,True
39,82,1484,1585,101,True
49,75,1484,1585,101,True
22,91,1485,1592,107,True
32,65,1485,1585,100,True
7,76,1486,1592,106,True
11,71,1486,1592,106,True
2,67,1488,1592,104,True
32,66,1488,1585,97,True
43,83,1488,1677,189,True
22,92,1489,1592,103,True
47,64,1489,1592,103,True
15,74,1490,1592,102,True
24,67,1490,1592,102,True
38,66,1490,1592,102,True
44,90,1490,1585,95,True
46,75,1490,1592,102,True
2,68,1491,1592,101,True
10,81,1491,1592,101,True
11,72,1491,1592,101,True
35,80,1492,1592,100,True
39,83,1492,1585,93,True
22,93,1493,1592,99,True
49,76,1493,1585,92,True
12,81,1494,1592,98,True
47,65,1494,1592,98,True
2,69,1495,1592,97,True
49,77,1495,1585,90,True
14,82,1496,1592,96,True
42,80,1496,1592,96,True
1,73,1497,1592,95,True
24,68,1497,1592,95,True
12,82,1498,1592,94,True
6,70,1499,1592,93,True
7,77,1500,1592,92,True
21,70,1500,1592,92,True
35,81,1500,1592,92,True
21,71,1501,1592,91,True
45,77,1501,1677,176,True
48,72,1501,1585,84,True
39,84,1503,1585,82,True
31,81,1504,1585,81,True
46,76,1504,1592,88,True
10,82,1505,1592,87,True
23,53,1506,1592,86,True
1,74,1507,1592,85,True
4,68,1507,1592,85,True
47,66,1507,1680,173,True
25,66,1508,1677,169,True
26,65,1508,1585,77,True
49,78,1508,1585,77,True
47,67,1509,1680,171,True
12,83,1510,1592,82,True
21,72,1510,1592,82,True
42,81,1510,1680,170,True
6,71,1511,1680,169,True
19,75,1511,1592,81,True
1,75,1512,1592,80,True
38,67,1512,1592,80,True
5,71,1513,1592,79,True
32,67,1513,1585,72,True
35,82,1513,1592,79,True
17,87,1514,1680,166,True
8,70,1515,1592,77,True
1,76,1516,1592,76,True
15,75,1516,1592,76,True
25,67,1516,1677,161,True
44,91,1516,1585,69,True
5,72,1517,1592,75,True
9,88,1517,1592,75,True
13,86,1517,1592,75,True
2,70,1518,1680,162,True
19,76,1518,1592,74,True
33,68,1518,1677,159,True
39,85,1518,1585,67,True
41,94,1518,1585,67,True
48,73,1519,1585,66,True
2,71,1520,1680,160,True
15,76,1520,1592,72,True
27,79,1520,1680,160,True
29,91,1520,1677,157,True
45,78,1520,1677,157,True
4,69,1521,1592,71,True
30,81,1521,1680,159,True
42,82,1522,1680,158,True
20,80,1523,1592,69,True
32,68,1523,1585,62,True
34,80,1523,1592,69,True
18,80,1525,1592,67,True
30,82,1525,1680,155,True
5,73,1526,1680,154,True
43,84,1526,1677,151,True
0,55,1527,1592,65,True
18,81,1528,1592,64,True
25,68,1528,1677,149,True
3,70,1529,1592,63,True
33,69,1529,1677,148,True
18,82,1530,1592,62,True
20,81,1530,1680,150,True
49,79,1530,1677,147,True
10,83,1531,1680,149,True
44,92,1531,1585,54,True
0,56,1532,1680,148,True
19,77,1532,1592,60,True
26,66,1532,1677,145,True
44,93,1533,1585,52,True
19,78,1534,1680,146,True
5,74,1535,1680,145,True
22,94,1535,1680,145,True
26,67,1535,1677,142,True
4,70,1536,1680,144,True
17,88,1536,1680,144,True
21,73,1536,1680,144,True
28,74,1536,1677,141,True
43,85,1536,1677,141,True
9,89,1537,1680,143,True
22,95,1537,1680,143,True
33,70,1537,1677,140,True
35,83,1537,1592,55,True
43,86,1537,1677,140,True
13,87,1538,1680,142,True
45,79,1538,1677,139,True
12,84,1539,1680,141,True
27,80,1539,1680,141,True
32,69,1539,1585,46,True
37,87,1539,1677,138,True
42,83,1539,1680,141,True
4,71,1540,1680,140,True
30,83,1541,1680,139,True
46,77,1541,1592,51,True
32,70,1542,1677,135,True
42,84,1542,1680,138,True
32,71,1543,1677,134,True
39,86,1543,1677,134,True
41,95,1543,1677,134,True
13,88,1544,1680,136,True
12,85,1545,1680,135,True
15,77,1545,1680,135,True
31,82,1545,1677,132,True
34,81,1546,1592,46,True
13,89,1548,1680,132,True
20,82,1548,1680,132,True
29,92,1548,1677,129,True
3,71,1549,1707,158,True
4,72,1549,1680,131,True
33,71,1549,1677,128,True
42,85,1549,1680,131,True
2,72,1550,1680,130,True
41,96,1550,1677,127,True
48,74,1550,1677,127,True
0,57,1551,1680,129,True
19,79,1551,1680,129,True
23,54,1551,1680,129,True
40,67,1551,1680,129,True
8,71,1552,1680,128,True
34,82,1552,1592,40,True
37,88,1552,1677,125,True
41,97,1552,1677,125,True
17,89,1553,1680,127,True
33,72,1553,1677,124,True
42,86,1553,1707,154,True
9,90,1554,1680,126,True
32,72,1554,1677,123,True
8,72,1555,1680,125,True
27,81,1555,1680,125,True
28,75,1555,1677,122,True
30,84,1555,1680,125,True
38,68,1555,1680,125,True
22,96,1556,1680,124,True
23,55,1556,1680,124,True
36,76,1556,1677,121,True
48,75,1556,1677,121,True
3,72,1558,1707,149,True
9,91,1558,1680,122,True
26,68,1558,1677,119,True
40,68,1558,1680,122,True
0,58,1559,1680,121,True
4,73,1559,1680,121,True
33,73,1560,1677,117,True
40,69,1560,1680,120,True
45,80,1560,1677,117,True
2,73,1561,1680,119,True
28,76,1561,1677,116,True
5,75,1562,1680,118,True
8,73,1563,1680,117,True
17,90,1563,1680,117,True
21,74,1563,1707,144,True
39,87,1563,1677,114,True
2,74,1564,1707,143,True
15,78,1565,1680,115,True
22,97,1565,1680,115,True
46,78,1565,1680,115,True
9,92,1566,1680,114,True
15,79,1566,1680,114,True
37,89,1566,1677,111,True
25,69,1567,1677,110,True
34,83,1567,1680,113,True
47,68,1567,1680,113,True
23,56,1568,1680,112,True
47,69,1568,1680,112,True
49,80,1569,1677,108,True
16,83,1570,1680,110,True
27,82,1570,1680,110,True
30,85,1570,1680,110,True
31,83,1571,1677,106,True
34,84,1571,1680,109,True
15,80,1572,1680,108,True
30,86,1572,1707,135,True
32,73,1572,1677,105,True
10,84,1573,1680,107,True
21,75,1573,1707,134,True
46,79,1573,1680,107,True
5,76,1574,1680,106,True
20,83,1574,1680,106,True
31,84,1574,1677,103,True
39,88,1574,1677,103,True
47,70,1574,1680,106,True
6,72,1575,1680,105,True
8,74,1575,1680,105,True
48,76,1575,1677,102,True
7,78,1577,1680,103,True
12,86,1577,1707,130,True
48,77,1577,1677,100,True
3,73,1578,1707,129,True
10,85,1578,1680,102,True
12,87,1578,1707,129,True
35,84,1578,1707,129,True
41,98,1578,1677,99,True
8,75,1579,1680,101,True
28,77,1579,1677,98,True
42,87,1579,1707,128,True
9,93,1580,1680,100,True
11,73,1580,1707,127,True
42,88,1580,1707,127,True
43,87,1580,1705,125,True
43,88,1581,1705,124,True
12,88,1582,1707,125,True
23,57,1583,1680,97,True
25,70,1583,1677,94,True
6,73,1584,1707,123,True
31,85,1584,1677,93,True
46,80,1584,1680,96,True
38,69,1585,1707,122,True
47,71,1585,1707,122,True
28,78,1587,1677,90,True
35,85,1587,1707,120,True
14,83,1588,1680,92,True
35,86,1588,1707,119,True
39,89,1588,1705,117,True
9,94,1590,1707,117,True
36,77,1590,1677,87,True
2,75,1591,1707,116,True
13,90,1591,1680,89,True
26,69,1591,1677,86,True
32,74,1591,1677,86,True
43,89,1591,1705,114,True
5,77,1592,1707,115,True
12,89,1592,1707,115,True
43,90,1592,1705,113,True
11,74,1593,1707,114,True
26,70,1593,1677,84,True
17,91,1594,1707,113,True
38,70,1594,1707,113,True
41,99,1594,1775,181,True
11,75,1595,1707,112,True
21,76,1595,1707,112,True
34,85,1595,1680,85,True
39,90,1595,1705,110,True
1,77,1596,1731,135,True
11,76,1597,1707,110,True
15,81,1597,1707,110,True
17,92,1597,1707,110,True
24,69,1597,1707,110,True
41,100,1597,1775,178,True
6,74,1598,1707,109,True
26,71,1598,1677,79,True
44,94,1598,1680,82,True
48,78,1598,1705,107,True
20,84,1600,1707,107,True
26,72,1601,1677,76,True
0,59,1602,1707,105,True
22,98,1602,1707,105,True
25,71,1602,1677,75,True
29,93,1602,1705,103,True
35,87,1602,1707,105,True
10,86,1603,1707,104,True
26,73,1603,1677,74,True
37,90,1603,1677,74,True
41,101,1603,1775,172,True
45,81,1603,1705,102,True
27,83,1604,1707,103,True
33,74,1604,1705,101,True
20,85,1605,1707,102,True
38,71,1605,1707,102,True
5,78,1606,1707,101,True
42,89,1606,1707,101,True
3,74,1607,1707,100,True
23,58,1607,1680,73,True
47,72,1607,1707,100,True
20,86,1608,1707,99,True
22,99,1608,1707,99,True
32,75,1608,1705,97,True
5,79,1609,1707,98,True
7,79,1609,1707,98,True
31,86,1609,1775,166,True
35,88,1609,1707,98,True
47,73,1609,1707,98,True
4,74,1610,1707,97,True
19,80,1610,1707,97,True
37,91,1610,1677,67,True
19,81,1612,1707,95,True
2,76,1613,1707,94,True
12,90,1613,1707,94,True
8,76,1614,1731,117,True
18,83,1614,1707,93,True
22,100,1614,1707,93,True
25,72,1614,1677,63,True
32,76,1614,1705,91,True
46,81,1614,1707,93,True
1,78,1615,1731,116,True
3,75,1615,1802,187,True
10,87,1615,1707,92,True
31,87,1615,1775,160,True
46,82,1615,1707,92,True
36,78,1616,1775,159,True
39,91,1616,1705,89,True
40,70,1616,1707,91,True
45,82,1616,1775,159,True
32,77,1617,1705,88,True
18,84,1618,1707,89,True
2,77,1619,1707,88,True
3,76,1619,1802,183,True
4,75,1619,1707,88,True
12,91,1619,1707,88,True
22,101,1619,1707,88,True
12,92,1620,1707,87,True
34,86,1621,1680,59,True
48,79,1621,1775,154,True
0,60,1622,1707,85,True
9,95,1622,1731,109,True
31,88,1622,1775,153,True
1,79,1623,1731,108,True
29,94,1623,1705,82,True
18,85,1624,1707,83,True
26,74,1624,1775,151,True
28,79,1624,1775,151,True
45,83,1624,1775,151,True
47,74,1624,1707,83,True
10,88,1627,1707,80,True
10,89,1628,1707,79,True
35,89,1628,1707,79,True
41,102,1628,1775,147,True
43,91,1628,1775,147,True
11,77,1629,1707,78,True
21,77,1629,1802,173,True
9,96,1630,1731,101,True
32,78,1630,1775,145,True
19,82,1631,1707,76,True
24,70,1631,1707,76,True
39,92,1631,1775,144,True
30,87,1632,1707,75,True
15,82,1633,1707,74,True
30,88,1633,1707,74,True
49,81,1633,1775,142,True
4,76,1634,1707,73,True
27,84,1634,1707,73,True
3,77,1635,1802,167,True
22,102,1635,1731,96,True
11,78,1636,1707,71,True
27,85,1636,1707,71,True
28,80,1636,1775,139,True
36,79,1636,1775,139,True
2,78,1637,1731,94,True
5,80,1637,1731,94,True
6,75,1637,1802,165,True
10,90,1637,1707,70,True
22,103,1637,1731,94,True
15,83,1638,1707,69,True
27,86,1638,1707,69,True
33,75,1638,1775,137,True
38,72,1638,1707,69,True
39,93,1638,1775,137,True
11,79,1639,1707,68,True
21,78,1639,1802,163,True
36,80,1639,1775,136,True
1,80,1640,1802,162,True
42,90,1640,1707,67,True
2,79,1641,1731,90,True
4,77,1642,1707,65,True
26,75,1642,1775,133,True
28,81,1643,1775,132,True
35,90,1643,1707,64,True
18,86,1644,1802,158,True
38,73,1645,1707,62,True
48,80,1645,1775,130,True
33,76,1646,1775,129,True
42,91,1646,1707,61,True
21,79,1647,1802,155,True
19,83,1649,1731,82,True
38,74,1650,1707,57,True
48,81,1650,1775,125,True
4,78,1651,1731,80,True
28,82,1651,1775,124,True
31,89,1651,1775,124,True
6,76,1652,1802,150,True
10,91,1652,1802,150,True
33,77,1652,1775,123,True
47,75,1652,1707,55,True
0,61,1654,1802,148,True
2,80,1654,1802,148,True
16,84,1654,1802,148,True
25,73,1654,1775,121,True
26,76,1654,1775,121,True
43,92,1654,1775,121,True
2,81,1655,1802,147,True
14,84,1655,1731,76,True
27,87,1655,1707,52,True
6,77,1656,1802,146,True
20,87,1656,1802,146,True
41,103,1656,1775,119,True
42,92,1656,1731,75,True
13,91,1657,1802,145,True
18,87,1657,1802,145,True
4,79,1658,1731,73,True
25,74,1658,1775,117,True
27,88,1658,1707,49,True
34,87,1660,1735,75,True
3,78,1661,1850,189,True
27,89,1661,1707,46,True
35,91,1661,1707,46,True
38,75,1661,1707,46,True
49,82,1661,1775,114,True
3,79,1662,1850,188,True
23,59,1662,1802,140,True
25,75,1663,1775,112,True
17,93,1664,1802,138,True
36,81,1664,1775,111,True
42,93,1664,1731,67,True
45,84,1664,1775,111,True
28,83,1665,1775,110,True
42,94,1665,1731,66,True
44,95,1665,1775,110,True
11,80,1666,1802,136,True
38,76,1666,1802,136,True
47,76,1666,1802,136,True
11,81,1667,1802,135,True
16,85,1668,1802,134,True
28,84,1668,1775,107,True
47,77,1668,1802,134,True
1,81,1670,1802,132,True
13,92,1670,1802,132,True
24,71,1670,1802,132,True
34,88,1670,1735,65,True
46,83,1670,1735,65,True
19,84,1672,1802,130,True
27,90,1672,1802,130,True
44,96,1672,1775,103,True
26,77,1673,1775,102,True
33,78,1673,1775,102,True
46,84,1674,1735,61,True
3,80,1675,1850,175,True
16,86,1675,1802,127,True
41,104,1675,1775,100,True
44,97,1675,1775,100,True
9,97,1676,1802,126,True
16,87,1676,1802,126,True
37,92,1676,1775,99,True
39,94,1676,1775,99,True
43,93,1676,1775,99,True
25,76,1677,1775,98,True
16,88,1678,1802,124,True
17,94,1679,1802,123,True
29,95,1679,1775,96,True
37,93,1679,1775,96,True
39,95,1679,1775,96,True
16,89,1680,1802,122,True
29,96,1680,1775,95,True
17,95,1681,1802,121,True
25,77,1681,1775,94,True
42,95,1681,1735,54,True
15,84,1682,1802,120,True
2,82,1683,1802,119,True
25,78,1683,1775,92,True
30,89,1683,1802,119,True
15,85,1684,1802,118,True
28,85,1684,1775,91,True
38,77,1684,1802,118,True
39,96,1684,1775,91,True
33,79,1685,1775,90,True
7,80,1686,1802,116,True
9,98,1687,1802,115,True
15,86,1687,1802,115,True
45,85,1687,1775,88,True
16,90,1688,1802,114,True
25,79,1688,1775,87,True
14,85,1689,1802,113,True
28,86,1689,1775,86,True
48,82,1689,1775,86,True
4,80,1690,1802,112,True
6,78,1690,1802,112,True
30,90,1690,1802,112,True
4,81,1691,1802,111,True
16,91,1691,1802,111,True
40,71,1691,1802,111,True
5,81,1692,1802,110,True
17,96,1692,1802,110,True
30,91,1692,1802,110,True
1,82,1693,1802,109,True
33,80,1693,1775,82,True
2,83,1694,1802,108,True
15,87,1694,1802,108,True
34,89,1694,1775,81,True
48,83,1694,1775,81,True
6,79,1695,1802,107,True
16,92,1695,1802,107,True
23,60,1695,1802,107,True
27,91,1695,1802,107,True
6,80,1696,1802,106,True
30,92,1696,1802,106,True
10,92,1697,1802,105,True
26,78,1698,1775,77,True
5,82,1699,1802,103,True
35,92,1699,1802,103,True
2,84,1700,1802,102,True
12,93,1700,1802,102,True
13,93,1701,1802,101,True
28,87,1702,1851,149,True
31,90,1702,1775,73,True
0,62,1703,1802,99,True
10,93,1703,1802,99,True
11,82,1703,1850,147,True
30,93,1703,1802,99,True
37,94,1703,1851,148,True
6,81,1704,1802,98,True
13,94,1704,1802,98,True
26,79,1704,1775,71,True
1,83,1705,1802,97,True
24,72,1705,1802,97,True
31,91,1705,1775,70,True
45,86,1705,1851,146,True
35,93,1707,1802,95,True
37,95,1707,1851,144,True
1,84,1708,1802,94,True
4,82,1708,1802,94,True
38,78,1708,1802,94,True
43,94,1708,1851,143,True
1,85,1709,1802,93,True
20,88,1709,1802,93,True
28,88,1709,1851,142,True
15,88,1710,1802,92,True
24,73,1710,1802,92,True
27,92,1710,1802,92,True
46,85,1710,1802,92,True
33,81,1711,1775,64,True
21,80,1712,1850,138,True
35,94,1712,1802,90,True
17,97,1713,1802,89,True
18,88,1713,1850,137,True
25,80,1714,1775,61,True
28,89,1714,1851,137,True
15,89,1715,1802,87,True
36,82,1715,1851,136,True
28,90,1716,1851,135,True
30,94,1716,1802,86,True
46,86,1716,1802,86,True
24,74,1717,1802,85,True
33,82,1717,1851,134,True
35,95,1717,1802,85,True
49,83,1717,1851,134,True
17,98,1718,1802,84,True
23,61,1718,1802,84,True
34,90,1719,1802,83,True
35,96,1720,1802,82,True
2,85,1721,1850,129,True
31,92,1721,1851,130,True
37,96,1721,1851,130,True
37,97,1722,1851,129,True
35,97,1723,1802,79,True
28,91,1724,1851,127,True
24,75,1725,1802,77,True
38,79,1725,1802,77,True
8,77,1726,1850,124,True
6,82,1727,1850,123,True
28,92,1727,1851,124,True
34,91,1727,1802,75,True
19,85,1729,1850,121,True
32,79,1729,1851,122,True
5,83,1730,1802,72,True
40,72,1730,1802,72,True
41,105,1730,1851,121,True
2,86,1731,1850,119,True
3,81,1731,1850,119,True
13,95,1731,1850,119,True
6,83,1732,1850,118,True
21,81,1732,1850,118,True
26,80,1732,1851,119,True
27,93,1732,1850,118,True
36,83,1732,1851,119,True
49,84,1732,1851,119,True
11,83,1733,1850,117,True
13,96,1734,1850,116,True
17,99,1734,1850,116,True
42,96,1734,1802,68,True
5,84,1735,1850,115,True
11,84,1735,1850,115,True
16,93,1735,1850,115,True
17,100,1735,1850,115,True
21,82,1735,1850,115,True
24,76,1735,1850,115,True
35,98,1735,1850,115,True
41,106,1735,1851,116,True
6,84,1736,1850,114,True
12,94,1736,1850,114,True
18,89,1736,1850,114,True
31,93,1736,1851,115,True
18,90,1737,1850,113,True
29,97,1737,1851,114,True
32,80,1737,1851,114,True
2,87,1738,1850,112,True
6,85,1739,1850,111,True
16,94,1739,1850,111,True
45,87,1739,1851,112,True
48,84,1739,1851,112,True
3,82,1740,1850,110,True
22,104,1740,1850,110,True
30,95,1740,1850,110,True
13,97,1741,1850,109,True
27,94,1741,1850,109,True
40,73,1741,1802,61,True
44,98,1742,1851,109,True
19,86,1743,1850,107,True
29,98,1743,1851,108,True
35,99,1743,1850,107,True
6,86,1744,1850,106,True
11,85,1744,1850,106,True
15,90,1744,1850,106,True
22,105,1744,1850,106,True
34,92,1746,1851,105,True
43,95,1746,1851,105,True
48,85,1746,1851,105,True
3,83,1747,1864,117,True
13,98,1747,1850,103,True
15,91,1747,1850,103,True
20,89,1747,1850,103,True
43,96,1747,1851,104,True
24,77,1748,1850,102,True
31,94,1748,1851,103,True
36,84,1748,1851,103,True
28,93,1749,1902,153,True
38,80,1749,1850,101,True
13,99,1750,1850,100,True
19,87,1750,1850,100,True
41,107,1750,1851,101,True
48,86,1750,1851,101,True
43,97,1752,1902,150,True
5,85,1753,1850,97,True
10,94,1753,1850,97,True
35,100,1753,1850,97,True
47,78,1753,1850,97,True
1,86,1754,1850,96,True
4,83,1754,1850,96,True
42,97,1754,1850,96,True
17,101,1755,1850,95,True
19,88,1755,1850,95,True
20,90,1755,1850,95,True
30,96,1755,1850,95,True
42,98,1755,1850,95,True
48,87,1755,1851,96,True
11,86,1756,1850,94,True
7,81,1759,1850,91,True
13,100,1759,1850,91,True
30,97,1759,1850,91,True
45,88,1759,1851,92,True
5,86,1760,1850,90,True
8,78,1760,1850,90,True
1,87,1761,1850,89,True
6,87,1761,1850,89,True
25,81,1761,1851,90,True
43,98,1761,1902,141,True
17,102,1763,1864,101,True
21,83,1763,1864,101,True
44,99,1763,1851,88,True
49,85,1763,1851,88,True
9,99,1765,1864,99,True
17,103,1766,1864,98,True
9,100,1767,1864,97,True
49,86,1767,1851,84,True
4,84,1768,1850,82,True
12,95,1768,1850,82,True
38,81,1769,1850,81,True
43,99,1769,1902,133,True
32,81,1770,1851,81,True
37,98,1770,1851,81,True
32,82,1771,1851,80,True
2,88,1772,1864,92,True
15,92,1772,1851,79,True
11,87,1773,1850,77,True
13,101,1773,1851,78,True
16,95,1773,1850,77,True
34,93,1773,1851,78,True
43,100,1773,1973,200,True
47,79,1773,1850,77,True
4,85,1774,1850,76,True
29,99,1774,1851,77,True
37,99,1774,1851,77,True
21,84,1775,1864,89,True
42,99,1775,1850,75,True
16,96,1776,1850,74,True
22,106,1776,1851,75,True
2,89,1777,1864,87,True
39,97,1778,1851,73,True
41,108,1778,1973,195,True
46,87,1778,1851,73,True
10,95,1779,1851,72,True
21,85,1779,1864,85,True
31,95,1779,1973,194,True
16,97,1780,1864,84,True
21,86,1780,1864,84,True
42,100,1780,1851,71,True
4,86,1781,1850,69,True
10,96,1781,1851,70,True
39,98,1781,1851,70,True
2,90,1782,1864,82,True
16,98,1782,1864,82,True
11,88,1783,1851,68,True
23,62,1783,1851,68,True
18,91,1784,1850,66,True
23,63,1784,1851,67,True
15,93,1785,1864,79,True
17,104,1785,1864,79,True
0,63,1787,1864,77,True
1,88,1787,1972,185,True
23,64,1787,1851,64,True
29,100,1787,1851,64,True
33,83,1787,1973,186,True
42,101,1787,1851,64,True
28,94,1788,1902,114,True
31,96,1788,1973,185,True
37,100,1788,1851,63,True
3,84,1789,1864,75,True
5,87,1789,1972,183,True
12,96,1789,1850,61,True
9,101,1790,1864,74,True
23,65,1790,1851,61,True
37,101,1791,1851,60,True
45,89,1791,1973,182,True
11,89,1792,1851,59,True
12,97,1792,1864,72,True
14,86,1792,1851,59,True
35,101,1792,1851,59,True
39,99,1792,1851,59,True
5,88,1793,1972,179,True
35,102,1794,1851,57,True
37,102,1794,1915,121,True
23,66,1795,1851,56,True
48,88,1795,1973,178,True
7,82,1796,1864,68,True
31,97,1796,1973,177,True
38,82,1796,1871,75,True
10,97,1798,1864,66,True
34,94,1798,1851,53,True
15,94,1799,1864,65,True
29,101,1799,1902,103,True
32,83,1800,1851,51,True
34,95,1800,1851,51,True
26,81,1801,1902,101,True
42,102,1801,1851,50,True
0,64,1802,1864,62,True
25,82,1802,1902,100,True
28,95,1802,1973,171,True
39,100,1802,1902,100,True
15,95,1803,1871,68,True
28,96,1803,1973,170,True
30,98,1803,1871,68,True
5,89,1804,1972,168,True
17,105,1804,1864,60,True
43,101,1804,1973,169,True
30,99,1805,1871,66,True
36,85,1805,1973,168,True
42,103,1806,1851,45,True
9,102,1808,1864,56,True
45,90,1808,1973,165,True
10,98,1809,1871,62,True
26,82,1810,1902,92,True
33,84,1810,1973,163,True
43,102,1810,1973,163,True
0,65,1811,1864,53,True
1,89,1811,1972,161,True
12,98,1812,1864,52,True
13,102,1812,1864,52,True
29,102,1812,1902,90,True
32,84,1812,1902,90,True
42,104,1812,1972,160,True
10,99,1813,1871,58,True
47,80,1813,1915,102,True
9,103,1814,1864,50,True
17,106,1814,1864,50,True
2,91,1815,2015,200,True
24,78,1815,1864,49,True
30,100,1815,1871,56,True
6,88,1816,1972,156,True
11,90,1816,1871,55,True
23,67,1816,1851,35,True
17,107,1817,1864,47,True
16,99,1818,1972,154,True
17,108,1818,1864,46,True
32,85,1820,1915,95,True
36,86,1820,1973,153,True
39,101,1821,1902,81,True
46,88,1821,1871,50,True
20,91,1822,1972,150,True
44,100,1822,1902,80,True
10,100,1823,1871,48,True
22,107,1823,1864,41,True
33,85,1823,1973,150,True
7,83,1824,1864,40,True
44,101,1825,1902,77,True
34,96,1826,1902,76,True
36,87,1826,1973,147,True
40,74,1826,1871,45,True
43,103,1826,1973,147,True
18,92,1827,1864,37,True
31,98,1827,1973,146,True
36,88,1827,1973,146,True
46,89,1827,1902,75,True
19,89,1828,1972,144,True
25,83,1828,1902,74,True
35,103,1828,1902,74,True
46,90,1828,1902,74,True
46,91,1829,1902,73,True
19,90,1830,1972,142,True
45,91,1830,1973,143,True
46,92,1830,1902,72,True
25,84,1831,1902,71,True
36,89,1831,1973,142,True
39,102,1831,1915,84,True
48,89,1831,1973,142,True
11,91,1832,1871,39,True
15,96,1832,1871,39,True
20,92,1834,1972,138,True
28,97,1834,1973,139,True
31,99,1834,1973,139,True
37,103,1834,1915,81,True
1,90,1835,1972,137,True
13,103,1835,1871,36,True
26,83,1835,1915,80,True
35,104,1835,1902,67,True
43,104,1835,1973,138,True
48,90,1835,1973,138,True
28,98,1836,1973,137,True
35,105,1836,1902,66,True
46,93,1836,1902,66,True
0,66,1837,1972,135,True
25,85,1837,1902,65,True
33,86,1837,1973,136,True
46,94,1837,1902,65,True
35,106,1838,1902,64,True
37,104,1838,1915,77,True
38,83,1838,1902,64,True
42,105,1838,1972,134,True
0,67,1839,1972,133,True
36,90,1839,1973,134,True
0,68,1840,1972,132,True
25,86,1840,1902,62,True
30,101,1840,1915,75,True
5,90,1841,1972,131,True
29,103,1841,1915,74,True
41,109,1841,1973,132,True
47,81,1841,1915,74,True
35,107,1842,1902,60,True
31,100,1843,1973,130,True
11,92,1844,1915,71,True
23,68,1846,1902,56,True
8,79,1847,1972,125,True
28,99,1847,1973,126,True
29,104,1847,1915,68,True
40,75,1847,1915,68,True
42,106,1847,1972,125,True
7,84,1848,1972,124,True
14,87,1848,1972,124,True
16,100,1848,1972,124,True
20,93,1848,1972,124,True
32,86,1848,1915,67,True
48,91,1848,1973,125,True
4,87,1849,1972,123,True
14,88,1849,1972,123,True
24,79,1849,1972,123,True
37,105,1849,1915,66,True
40,76,1849,1915,66,True
42,107,1849,1972,123,True
13,104,1850,1972,122,True
21,87,1850,2015,165,True
22,108,1850,1972,122,True
43,105,1850,1973,123,True
45,92,1850,1973,123,True
33,87,1852,1973,121,True
40,77,1852,1915,63,True
13,105,1854,1972,118,True
27,95,1854,1972,118,True
36,91,1854,1973,119,True
20,94,1855,1972,117,True
31,101,1855,1973,118,True
4,88,1856,1972,116,True
8,80,1857,1972,115,True
3,85,1858,2015,157,True
11,93,1858,1972,114,True
26,84,1858,1915,57,True
31,102,1858,1973,115,True
48,92,1858,1973,115,True
33,88,1859,1973,114,True
43,106,1859,1973,114,True
49,87,1859,1915,56,True
28,100,1860,1973,113,True
37,106,1860,1915,55,True
1,91,1861,1972,111,True
19,91,1861,1972,111,True
39,103,1861,1973,112,True
24,80,1862,1972,110,True
43,107,1862,1973,111,True
48,93,1862,1973,111,True
5,91,1863,1972,109,True
20,95,1863,1972,109,True
30,102,1863,1972,109,True
14,89,1864,1972,108,True
32,87,1864,1973,109,True
41,110,1864,1973,109,True
35,108,1865,1915,50,True
3,86,1866,2015,149,True
48,94,1866,1973,107,True
41,111,1867,1973,106,True
9,104,1868,2015,147,True
17,109,1868,1972,104,True
19,92,1868,1972,104,True
0,69,1869,2015,146,True
14,90,1869,1972,103,True
20,96,1869,1972,103,True
41,112,1869,1973,104,True
44,102,1869,1915,46,True
19,93,1870,1972,102,True
24,81,1870,1972,102,True
26,85,1870,1973,103,True
17,110,1871,1972,101,True
28,101,1871,1973,102,True
1,92,1872,1972,100,True
9,105,1872,2015,143,True
18,93,1872,1972,100,True
22,109,1872,1972,100,True
15,97,1873,2015,142,True
25,87,1873,1973,100,True
47,82,1873,1972,99,True
49,88,1873,1973,100,True
1,93,1874,1972,98,True
24,82,1874,1972,98,True
42,108,1874,1972,98,True
46,95,1874,1972,98,True
47,83,1874,1972,98,True
3,87,1875,2015,140,True
0,70,1876,2015,139,True
22,110,1876,1972,96,True
29,105,1876,1973,97,True
33,89,1876,1973,97,True
47,84,1876,1972,96,True
48,95,1876,1973,97,True
49,89,1876,1973,97,True
38,84,1877,2029,152,True
1,94,1879,2015,136,True
27,96,1879,1972,93,True
44,103,1879,1973,94,True
2,92,1880,2015,135,True
14,91,1880,1972,92,True
20,97,1880,1972,92,True
28,102,1880,1973,93,True
34,97,1880,1973,93,True
36,92,1881,1973,92,True
46,96,1881,1972,91,True
27,97,1882,1972,90,True
34,98,1882,1973,91,True
44,104,1882,1973,91,True
14,92,1884,2015,131,True
18,94,1884,2018,134,True
37,107,1884,1973,89,True
9,106,1885,2015,130,True
15,98,1885,2015,130,True
43,108,1886,1973,87,True
7,85,1887,1972,85,True
17,111,1887,1972,85,True
20,98,1887,1972,85,True
22,111,1887,1972,85,True
45,93,1887,2029,142,True
7,86,1888,1972,84,True
8,81,1888,2015,127,True
0,71,1889,2015,126,True
21,88,1889,2015,126,True
38,85,1889,2029,140,True
4,89,1890,1972,82,True
30,103,1890,2015,125,True
31,103,1890,1973,83,True
3,88,1891,2015,124,True
46,97,1891,1972,81,True
6,89,1892,1972,80,True
2,93,1893,2015,122,True
5,92,1893,2015,122,True
13,106,1893,2015,122,True
30,104,1893,2015,122,True
3,89,1894,2015,121,True
6,90,1894,1972,78,True
9,107,1894,2015,121,True
13,107,1894,2015,121,True
37,108,1894,1973,79,True
28,103,1895,2029,134,True
48,96,1895,2029,134,True
18,95,1896,2018,122,True
25,88,1897,1973,76,True
27,98,1897,1972,75,True
36,93,1897,2029,132,True
33,90,1898,2029,131,True
42,109,1898,1972,74,True
4,90,1899,1972,73,True
5,93,1899,2015,116,True
27,99,1900,2029,129,True
5,94,1901,2015,114,True
12,99,1901,2015,114,True
14,93,1902,2015,113,True
20,99,1902,2015,113,True
44,105,1904,1973,69,True
0,72,1905,2015,110,True
23,69,1905,1973,68,True
10,101,1906,2029,123,True
17,112,1906,2015,109,True
22,112,1907,2015,108,True
31,104,1907,2029,122,True
43,109,1907,2029,122,True
12,100,1908,2015,107,True
47,85,1908,2029,121,True
13,108,1909,2015,106,True
22,113,1909,2015,106,True
17,113,1910,2131,221,True
22,114,1910,2015,105,True
5,95,1911,2015,104,True
24,83,1911,2015,104,True
30,105,1911,2015,104,True
2,94,1913,2015,102,True
10,102,1913,2029,116,True
12,101,1913,2015,102,True
13,109,1913,2015,102,True
33,91,1913,2029,116,True
46,98,1913,2029,116,True
14,94,1915,2015,100,True
31,105,1915,2029,114,True
20,100,1916,2015,99,True
35,109,1916,1972,56,True
37,109,1917,2029,112,True
40,78,1917,2015,98,True
1,95,1918,2029,111,True
3,90,1918,2131,213,True
10,103,1918,2029,111,True
44,106,1918,2029,111,True
5,96,1919,2015,96,True
22,115,1920,2015,95,True
23,70,1920,1973,53,True
18,96,1921,2018,97,True
32,88,1921,2029,108,True
18,97,1922,2018,96,True
21,89,1922,2015,93,True
30,106,1922,2015,93,True
36,94,1922,2029,107,True
43,110,1922,2029,107,True
3,91,1923,2131,208,True
5,97,1924,2015,91,True
33,92,1924,2029,105,True
46,99,1924,2029,105,True
1,96,1925,2029,104,True
30,107,1925,2029,104,True
46,100,1925,2029,104,True
47,86,1925,2029,104,True
21,90,1926,2131,205,True
23,71,1927,2029,102,True
40,79,1927,2015,88,True
41,113,1927,2064,137,True
43,111,1927,2029,102,True
6,91,1929,2018,89,True
27,100,1930,2029,99,True
29,106,1930,2029,99,True
13,110,1931,2015,84,True
23,72,1931,2029,98,True
24,84,1931,2015,84,True
6,92,1932,2018,86,True
20,101,1932,2015,83,True
45,94,1932,2029,97,True
15,99,1933,2015,82,True
17,114,1933,2131,198,True
32,89,1933,2029,96,True
13,111,1934,2131,197,True
31,106,1934,2029,95,True
34,99,1934,2029,95,True
36,95,1934,2029,95,True
39,104,1934,2029,95,True
47,87,1934,2029,95,True
2,95,1935,2131,196,True
10,104,1935,2029,94,True
20,102,1935,2015,80,True
3,92,1936,2131,195,True
35,110,1936,2131,195,True
45,95,1936,2029,93,True
3,93,1937,2131,194,True
12,102,1937,2015,78,True
16,101,1937,2029,92,True
37,110,1937,2029,92,True
49,90,1937,2029,92,True
27,101,1938,2029,91,True
39,105,1938,2029,91,True
8,82,1939,2029,90,True
43,112,1939,2029,90,True
7,87,1940,2018,78,True
10,105,1940,2029,89,True
17,115,1940,2131,191,True
25,89,1940,2064,124,True
45,96,1940,2029,89,True
48,97,1941,2029,88,True
7,88,1942,2018,76,True
31,107,1942,2029,87,True
15,100,1943,2152,209,True
38,86,1943,2029,86,True
40,80,1943,2029,86,True
17,116,1944,2131,187,True
9,108,1945,2029,84,True
18,98,1945,2018,73,True
23,73,1945,2029,84,True
27,102,1945,2131,186,True
23,74,1946,2029,83,True
40,81,1946,2029,83,True
16,102,1947,2029,82,True
6,93,1948,2018,70,True
7,89,1949,2018,69,True
31,108,1949,2029,80,True
35,111,1949,2131,182,True
37,111,1949,2029,80,True
10,106,1950,2029,79,True
38,87,1950,2029,79,True
2,96,1951,2131,180,True
15,101,1951,2152,201,True
25,90,1951,2064,113,True
31,109,1951,2029,78,True
12,103,1952,2015,63,True
27,103,1953,2131,178,True
19,94,1954,2015,61,True
21,91,1954,2131,177,True
28,104,1954,2161,207,True
10,107,1955,2131,176,True
20,103,1955,2131,176,True
36,96,1955,2064,109,True
10,108,1956,2131,175,True
16,103,1956,2029,73,True
15,102,1957,2152,195,True
13,112,1958,2131,173,True
27,104,1958,2131,173,True
37,112,1958,2029,71,True
42,110,1958,2131,173,True
43,113,1958,2029,71,True
36,97,1959,2064,105,True
37,113,1959,2029,70,True
41,114,1959,2064,105,True
4,91,1960,2131,171,True
11,94,1960,2029,69,True
18,99,1960,2018,58,True
25,91,1960,2064,104,True
30,108,1960,2029,69,True
45,97,1961,2064,103,True
42,111,1962,2131,169,True
1,97,1963,2029,66,True
5,98,1963,2029,66,True
14,95,1963,2018,55,True
17,117,1963,2131,168,True
42,112,1965,2131,166,True
0,73,1966,2131,165,True
15,103,1966,2152,186,True
35,112,1966,2131,165,True
18,100,1967,2131,164,True
23,75,1967,2029,62,True
24,85,1967,2018,51,True
35,113,1968,2131,163,True
1,98,1969,2029,60,True
3,94,1969,2131,162,True
8,83,1969,2029,60,True
25,92,1969,2064,95,True
34,100,1969,2029,60,True
16,104,1973,2131,158,True
17,118,1973,2131,158,True
29,107,1973,2064,91,True
34,101,1973,2029,56,True
48,98,1973,2064,91,True
15,104,1974,2152,178,True
20,104,1974,2131,157,True
36,98,1974,2064,90,True
8,84,1975,2029,54,True
15,105,1975,2152,177,True
43,114,1975,2125,150,True
9,109,1976,2131,155,True
20,105,1977,2131,154,True
3,95,1978,2131,153,True
46,101,1978,2064,86,True
33,93,1979,2161,182,True
7,90,1980,2131,151,True
22,116,1980,2131,151,True
36,99,1980,2125,145,True
47,88,1980,2131,151,True
32,90,1981,2125,144,True
9,110,1982,2131,149,True
25,93,1982,2064,82,True
22,117,1983,2131,148,True
33,94,1983,2161,178,True
36,100,1983,2125,142,True
10,109,1984,2152,168,True
36,101,1984,2125,141,True
37,114,1984,2064,80,True
38,88,1984,2131,147,True
47,89,1984,2131,147,True
12,104,1985,2152,167,True
38,89,1985,2131,146,True
5,99,1986,2131,145,True
40,82,1986,2131,145,True
41,115,1986,2064,78,True
22,118,1987,2131,144,True
40,83,1987,2131,144,True
43,115,1987,2125,138,True
11,95,1988,2131,143,True
19,95,1988,2131,143,True
36,102,1988,2125,137,True
29,108,1989,2064,75,True
34,102,1990,2064,74,True
15,106,1991,2152,161,True
4,92,1992,2131,139,True
30,109,1992,2131,139,True
24,86,1993,2152,159,True
27,105,1993,2131,138,True
30,110,1993,2131,138,True
38,90,1993,2131,138,True
44,107,1993,2064,71,True
47,90,1994,2131,137,True
28,105,1995,2161,166,True
32,91,1995,2125,130,True
33,95,1995,2161,166,True
17,119,1996,2131,135,True
25,94,1996,2125,129,True
17,120,1997,2131,134,True
28,106,1997,2161,164,True
30,111,1997,2131,134,True
9,111,1998,2131,133,True
26,86,1998,2125,127,True
49,91,1998,2125,127,True
17,121,1999,2131,132,True
21,92,1999,2152,153,True
46,102,1999,2064,65,True
9,112,2000,2131,131,True
46,103,2001,2131,130,True
10,110,2002,2152,150,True
14,96,2002,2131,129,True
29,109,2002,2125,123,True
33,96,2002,2161,159,True
5,100,2003,2152,149,True
10,111,2003,2152,149,True
20,106,2003,2152,149,True
25,95,2003,2125,122,True
1,99,2004,2152,148,True
3,96,2004,2131,127,True
10,112,2004,2152,148,True
19,96,2004,2131,127,True
28,107,2004,2161,157,True
1,100,2005,2152,147,True
13,113,2005,2152,147,True
15,107,2005,2152,147,True
23,76,2005,2131,126,True
26,87,2005,2125,120,True
19,97,2006,2131,125,True
25,96,2007,2125,118,True
32,92,2007,2125,118,True
36,103,2007,2161,154,True
32,93,2008,2125,117,True
36,104,2009,2161,152,True
9,113,2011,2131,120,True
29,110,2011,2125,114,True
15,108,2012,2152,140,True
25,97,2012,2125,113,True
45,98,2012,2161,149,True
17,122,2013,2152,139,True
23,77,2013,2131,118,True
11,96,2014,2131,117,True
37,115,2014,2125,111,True
4,93,2015,2131,116,True
31,110,2015,2161,146,True
15,109,2016,2152,136,True
26,88,2016,2125,109,True
30,112,2016,2131,115,True
31,111,2016,2161,145,True
35,114,2017,2131,114,True
25,98,2018,2125,107,True
38,91,2018,2131,113,True
45,99,2018,2161,143,True
4,94,2020,2131,111,True
15,110,2020,2152,132,True
44,108,2021,2125,104,True
23,78,2022,2131,109,True
26,89,2022,2125,103,True
30,113,2022,2131,109,True
32,94,2022,2275,253,True
40,84,2022,2131,109,True
16,105,2023,2152,129,True
19,98,2023,2152,129,True
28,108,2023,2275,252,True
35,115,2023,2131,108,True
42,113,2023,2131,108,True
45,100,2023,2161,138,True
33,97,2024,2161,137,True
30,114,2025,2131,106,True
18,101,2026,2152,126,True
12,105,2027,2152,125,True
34,103,2027,2131,104,True
40,85,2027,2131,104,True
11,97,2028,2152,124,True
10,113,2029,2152,123,True
11,98,2029,2152,123,True
14,97,2029,2152,123,True
18,102,2029,2152,123,True
17,123,2030,2152,122,True
23,79,2030,2131,101,True
3,97,2031,2152,121,True
11,99,2031,2152,121,True
27,106,2031,2152,121,True
30,115,2031,2131,100,True
10,114,2032,2152,120,True
14,98,2032,2152,120,True
47,91,2032,2131,99,True
18,103,2033,2152,119,True
19,99,2033,2152,119,True
41,116,2033,2161,128,True
16,106,2034,2152,118,True
32,95,2034,2275,241,True
29,111,2035,2161,126,True
13,114,2036,2152,116,True
14,99,2036,2152,116,True
43,116,2036,2161,125,True
7,91,2037,2152,115,True
33,98,2037,2161,124,True
34,104,2037,2131,94,True
37,116,2037,2161,124,True
46,104,2037,2131,94,True
23,80,2038,2131,93,True
34,105,2038,2131,93,True
26,90,2039,2161,122,True
47,92,2039,2131,92,True
25,99,2040,2125,85,True
30,116,2040,2131,91,True
5,101,2041,2152,111,True
8,85,2041,2152,111,True
47,93,2042,2131,89,True
36,105,2043,2161,118,True
49,92,2043,2161,118,True
4,95,2044,2152,108,True
34,106,2044,2131,87,True
45,101,2044,2161,117,True
46,105,2044,2131,87,True
6,94,2045,2152,107,True
24,87,2045,2152,107,True
27,107,2045,2152,107,True
11,100,2047,2152,105,True
16,107,2047,2152,105,True
30,117,2047,2131,84,True
38,92,2049,2131,82,True
24,88,2050,2152,102,True
14,100,2051,2152,101,True
41,117,2053,2161,108,True
31,112,2054,2161,107,True
5,102,2055,2152,97,True
34,107,2055,2131,76,True
2,97,2056,2152,96,True
43,117,2056,2161,105,True
47,94,2056,2152,96,True
49,93,2056,2161,105,True
2,98,2058,2152,94,True
39,106,2058,2161,103,True
13,115,2059,2152,93,True
20,107,2059,2152,93,True
28,109,2059,2275,216,True
30,118,2059,2152,93,True
3,98,2060,2152,92,True
9,114,2060,2152,92,True
18,104,2060,2152,92,True
32,96,2060,2275,215,True
12,106,2061,2152,91,True
16,108,2061,2152,91,True
31,113,2061,2161,100,True
1,101,2062,2152,90,True
6,95,2062,2152,90,True
10,115,2062,2152,90,True
23,81,2062,2152,90,True
29,112,2062,2161,99,True
47,95,2062,2152,90,True
12,107,2063,2152,89,True
29,113,2063,2161,98,True
13,116,2064,2152,88,True
14,101,2064,2152,88,True
22,119,2064,2152,88,True
26,91,2064,2161,97,True
16,109,2065,2152,87,True
19,100,2065,2226,161,True
24,89,2065,2152,87,True
25,100,2065,2161,96,True
48,99,2065,2161,96,True
25,101,2066,2161,95,True
45,102,2066,2161,95,True
15,111,2067,2152,85,True
41,118,2067,2161,94,True
5,103,2068,2152,84,True
11,101,2068,2152,84,True
18,105,2068,2152,84,True
22,120,2068,2152,84,True
26,92,2068,2161,93,True
46,106,2068,2152,84,True
10,116,2069,2152,83,True
24,90,2069,2152,83,True
34,108,2069,2161,92,True
15,112,2071,2152,81,True
28,110,2071,2275,204,True
40,86,2071,2152,81,True
37,117,2072,2161,89,True
4,96,2073,2161,88,True
27,108,2073,2152,79,True
1,102,2074,2152,78,True
5,104,2074,2152,78,True
16,110,2074,2152,78,True
26,93,2074,2161,87,True
44,109,2074,2161,87,True
29,114,2075,2161,86,True
49,94,2076,2161,85,True
1,103,2077,2152,75,True
27,109,2078,2152,74,True
33,99,2078,2161,83,True
34,109,2078,2161,83,True
46,107,2078,2161,83,True
25,102,2079,2161,82,True
40,87,2079,2152,73,True
46,108,2080,2161,81,True
12,108,2081,2152,71,True
2,99,2082,2226,144,True
43,118,2082,2275,193,True
3,99,2083,2152,69,True
11,102,2083,2152,69,True
24,91,2083,2152,69,True
28,111,2083,2275,192,True
6,96,2084,2152,68,True
20,108,2084,2152,68,True
38,93,2084,2226,142,True
39,107,2084,2161,77,True
49,95,2084,2161,77,True
20,109,2085,2152,67,True
43,119,2085,2275,190,True
5,105,2086,2152,66,True
34,110,2086,2161,75,True
48,100,2087,2161,74,True
6,97,2088,2152,64,True
19,101,2088,2226,138,True
35,116,2088,2152,64,True
36,106,2088,2275,187,True
37,118,2088,2161,73,True
40,88,2088,2161,73,True
4,97,2089,2161,72,True
32,97,2089,2275,186,True
45,103,2089,2275,186,True
25,103,2090,2161,71,True
32,98,2090,2275,185,True
35,117,2091,2152,61,True
7,92,2092,2152,60,True
15,113,2093,2152,59,True
21,93,2093,2267,174,True
47,96,2093,2152,59,True
34,111,2094,2161,67,True
42,114,2095,2161,66,True
7,93,2096,2152,56,True
26,94,2096,2161,65,True
16,111,2097,2226,129,True
20,110,2097,2152,55,True
38,94,2097,2226,129,True
40,89,2097,2226,129,True
43,120,2097,2275,178,True
0,74,2098,2226,128,True
27,110,2099,2152,53,True
45,104,2099,2275,176,True
22,121,2100,2226,126,True
23,82,2100,2152,52,True
48,101,2100,2275,175,True
46,109,2101,2161,60,True
48,102,2101,2275,174,True
29,115,2102,2275,173,True
45,105,2102,2275,173,True
1,104,2103,2226,123,True
34,112,2103,2161,58,True
45,106,2103,2275,172,True
46,110,2103,2161,58,True
13,117,2104,2226,122,True
20,111,2104,2226,122,True
29,116,2104,2275,171,True
34,113,2104,2161,57,True
38,95,2104,2226,122,True
37,119,2105,2275,170,True
43,121,2105,2275,170,True
16,112,2106,2226,120,True
20,112,2106,2226,120,True
32,99,2106,2275,169,True
37,120,2106,2275,169,True
9,115,2107,2226,119,True
15,114,2107,2226,119,True
45,107,2107,2275,168,True
49,96,2107,2275,168,True
12,109,2108,2226,118,True
26,95,2109,2275,166,True
38,96,2109,2226,117,True
0,75,2110,2226,116,True
11,103,2110,2152,42,True
49,97,2110,2275,165,True
10,117,2112,2226,114,True
17,124,2112,2226,114,True
19,102,2112,2226,114,True
4,98,2113,2161,48,True
7,94,2113,2226,113,True
22,122,2113,2226,113,True
49,98,2113,2275,162,True
31,114,2114,2275,161,True
1,105,2116,2226,110,True
48,103,2116,2275,159,True
10,118,2117,2226,109,True
26,96,2117,2275,158,True
44,110,2117,2275,158,True
4,99,2118,2226,108,True
11,104,2118,2226,108,True
28,112,2118,2275,157,True
29,117,2118,2275,157,True
11,105,2119,2226,107,True
4,100,2120,2226,106,True
9,116,2120,2226,106,True
45,108,2120,2275,155,True
21,94,2121,2267,146,True
28,113,2121,2275,154,True
36,107,2121,2275,154,True
22,123,2122,2226,104,True
23,83,2122,2226,104,True
16,113,2123,2226,103,True
11,106,2124,2226,102,True
0,76,2125,2226,101,True
8,86,2125,2226,101,True
9,117,2125,2226,101,True
14,102,2125,2226,101,True
15,115,2125,2226,101,True
12,110,2126,2226,100,True
48,104,2126,2275,149,True
0,77,2127,2226,99,True
1,106,2128,2226,98,True
6,98,2128,2254,126,True
7,95,2128,2226,98,True
9,118,2128,2226,98,True
22,124,2128,2226,98,True
4,101,2129,2226,97,True
0,78,2131,2226,95,True
2,100,2131,2226,95,True
16,114,2131,2226,95,True
26,97,2131,2275,144,True
11,107,2132,2226,94,True
21,95,2132,2267,135,True
35,118,2132,2235,103,True
11,108,2133,2226,93,True
2,101,2134,2226,92,True
33,100,2134,2275,141,True
19,103,2135,2226,91,True
43,122,2135,2275,140,True
3,100,2136,2226,90,True
7,96,2136,2226,90,True
29,118,2136,2275,139,True
34,114,2136,2275,139,True
2,102,2137,2226,89,True
39,108,2137,2275,138,True
46,111,2137,2226,89,True
49,99,2137,2275,138,True
43,123,2138,2275,137,True
29,119,2139,2275,136,True
49,100,2139,2275,136,True
25,104,2140,2275,135,True
38,97,2140,2275,135,True
9,119,2141,2226,85,True
21,96,2141,2267,126,True
27,111,2141,2226,85,True
32,100,2141,2275,134,True
35,119,2141,2235,94,True
42,115,2141,2226,85,True
46,112,2141,2235,94,True
18,106,2142,2226,84,True
32,101,2142,2275,133,True
18,107,2143,2226,83,True
26,98,2143,2275,132,True
41,119,2143,2275,132,True
44,111,2143,2275,132,True
17,125,2144,2226,82,True
25,105,2144,2275,131,True
39,109,2144,2275,131,True
17,126,2145,2226,81,True
32,102,2145,2275,130,True
34,115,2145,2275,130,True
38,98,2145,2275,130,True
13,118,2146,2226,80,True
34,116,2146,2275,129,True
9,120,2147,2254,107,True
12,111,2147,2226,79,True
48,105,2147,2275,128,True
10,119,2148,2226,78,True
40,90,2148,2226,78,True
1,107,2149,2226,77,True
37,121,2149,2275,126,True
47,97,2149,2267,118,True
12,112,2150,2226,76,True
15,116,2150,2254,104,True
33,101,2150,2275,125,True
3,101,2151,2254,103,True
11,109,2151,2226,75,True
17,127,2151,2254,103,True
1,108,2152,2226,74,True
42,116,2152,2226,74,True
9,121,2153,2254,101,True
18,108,2153,2226,73,True
19,104,2153,2226,73,True
27,112,2154,2267,113,True
40,91,2154,2226,72,True
41,120,2154,2275,121,True
32,103,2155,2275,120,True
45,109,2155,2275,120,True
47,98,2155,2267,112,True
3,102,2156,2254,98,True
16,115,2156,2226,70,True
17,128,2156,2254,98,True
35,120,2156,2235,79,True
36,108,2156,2275,119,True
4,102,2157,2226,69,True
18,109,2157,2226,69,True
31,115,2157,2328,171,True
39,110,2158,2275,117,True
46,113,2158,2235,77,True
49,101,2158,2275,117,True
30,119,2159,2254,95,True
31,116,2159,2328,169,True
34,117,2161,2275,114,True
5,106,2162,2254,92,True
49,102,2162,2275,113,True
43,124,2163,2275,112,True
47,99,2163,2267,104,True
1,109,2164,2226,62,True
8,87,2164,2317,153,True
19,105,2164,2317,153,True
26,99,2164,2275,111,True
43,125,2164,2275,111,True
45,110,2164,2275,111,True
24,92,2165,2254,89,True
24,93,2166,2254,88,True
28,114,2166,2280,114,True
29,120,2166,2275,109,True
43,126,2166,2275,109,True
16,116,2167,2317,150,True
38,99,2167,2275,108,True
44,112,2167,2275,108,True
46,114,2167,2275,108,True
4,103,2168,2226,58,True
10,120,2168,2254,86,True
32,104,2168,2275,107,True
40,92,2168,2254,86,True
15,117,2169,2267,98,True
24,94,2170,2254,84,True
31,117,2171,2328,157,True
25,106,2172,2275,103,True
42,117,2172,2275,103,True
48,106,2172,2275,103,True
5,107,2173,2254,81,True
10,121,2173,2254,81,True
29,121,2173,2275,102,True
38,100,2173,2275,102,True
43,127,2173,2280,107,True
10,122,2174,2267,93,True
14,103,2174,2254,80,True
28,115,2174,2280,106,True
37,122,2174,2275,101,True
43,128,2174,2280,106,True
46,115,2174,2275,101,True
22,125,2175,2317,142,True
44,113,2175,2275,100,True
7,97,2177,2254,77,True
14,104,2177,2254,77,True
21,97,2177,2267,90,True
25,107,2177,2275,98,True
21,98,2179,2267,88,True
37,123,2180,2275,95,True
47,100,2180,2267,87,True
20,113,2181,2254,73,True
25,108,2181,2275,94,True
32,105,2181,2275,94,True
36,109,2181,2280,99,True
25,109,2182,2275,93,True
27,113,2182,2267,85,True
32,106,2182,2275,93,True
9,122,2183,2317,134,True
25,110,2183,2275,92,True
41,121,2183,2427,244,True
3,103,2184,2317,133,True
49,103,2184,2280,96,True
5,108,2185,2317,132,True
33,102,2185,2280,95,True
40,93,2185,2275,90,True
43,129,2185,2280,95,True
44,114,2185,2275,90,True
26,100,2186,2275,89,True
47,101,2187,2267,80,True
16,117,2188,2317,129,True
27,114,2188,2267,79,True
15,118,2189,2267,78,True
17,129,2189,2267,78,True
19,106,2189,2317,128,True
7,98,2190,2317,127,True
20,114,2190,2317,127,True
27,115,2191,2267,76,True
33,103,2191,2280,89,True
15,119,2192,2267,75,True
16,118,2192,2317,125,True
26,101,2192,2280,88,True
36,110,2192,2280,88,True
42,118,2192,2275,83,True
36,111,2193,2280,87,True
38,101,2193,2275,82,True
17,130,2194,2267,73,True
24,95,2194,2379,185,True
23,84,2195,2275,80,True
4,104,2196,2317,121,True
6,99,2197,2317,120,True
24,96,2197,2379,182,True
27,116,2197,2317,120,True
38,102,2197,2275,78,True
45,111,2197,2328,131,True
6,100,2198,2317,119,True
13,119,2198,2317,119,True
31,118,2198,2328,130,True
33,104,2198,2427,229,True
18,110,2199,2317,118,True
21,99,2199,2317,118,True
18,111,2200,2317,117,True
27,117,2200,2317,117,True
37,124,2200,2280,80,True
3,104,2201,2317,116,True
48,107,2201,2328,127,True
8,88,2202,2317,115,True
10,123,2202,2267,65,True
37,125,2202,2280,78,True
7,99,2203,2317,114,True
48,108,2204,2328,124,True
9,123,2205,2317,112,True
48,109,2205,2328,123,True
28,116,2206,2280,74,True
19,107,2207,2379,172,True
29,122,2207,2280,73,True
7,100,2208,2317,109,True
12,113,2209,2317,108,True
15,120,2209,2317,108,True
17,131,2209,2267,58,True
23,85,2209,2275,66,True
39,111,2209,2280,71,True
4,105,2210,2317,107,True
17,132,2210,2267,57,True
22,126,2210,2379,169,True
30,120,2210,2328,118,True
42,119,2210,2275,65,True
46,116,2210,2275,65,True
42,120,2211,2275,64,True
1,110,2212,2317,105,True
25,111,2212,2280,68,True
49,104,2212,2280,68,True
23,86,2213,2275,62,True
34,118,2213,2275,62,True
41,122,2213,2427,214,True
49,105,2213,2328,115,True
38,103,2215,2317,102,True
18,112,2216,2379,163,True
16,119,2217,2317,100,True
17,133,2217,2321,104,True
26,102,2218,2280,62,True
35,121,2218,2275,57,True
19,108,2219,2379,160,True
0,79,2220,2321,101,True
8,89,2220,2317,97,True
11,110,2220,2317,97,True
22,127,2220,2379,159,True
23,87,2220,2275,55,True
41,123,2220,2427,207,True
10,124,2221,2317,96,True
37,126,2221,2328,107,True
5,109,2222,2317,95,True
6,101,2222,2317,95,True
40,94,2222,2275,53,True
20,115,2223,2317,94,True
49,106,2223,2328,105,True
0,80,2224,2321,97,True
48,110,2224,2328,104,True
7,101,2225,2317,92,True
9,124,2225,2419,194,True
24,97,2226,2379,153,True
32,107,2226,2328,102,True
38,104,2226,2317,91,True
19,109,2227,2379,152,True
22,128,2227,2379,152,True
21,100,2228,2321,93,True
41,124,2228,2427,199,True
23,88,2229,2317,88,True
31,119,2229,2328,99,True
34,119,2229,2280,51,True
44,115,2229,2328,99,True
11,111,2230,2317,87,True
19,110,2230,2379,149,True
25,112,2230,2280,50,True
26,103,2230,2328,98,True
46,117,2230,2317,87,True
3,105,2232,2379,147,True
44,116,2232,2328,96,True
46,118,2232,2317,85,True
1,111,2233,2317,84,True
23,89,2233,2317,84,True
5,110,2234,2317,83,True
6,102,2234,2317,83,True
13,120,2234,2317,83,True
17,134,2234,2321,87,True
18,113,2234,2379,145,True
26,104,2234,2328,94,True
30,121,2234,2328,94,True
35,122,2234,2317,83,True
12,114,2235,2317,82,True
33,105,2235,2427,192,True
4,106,2237,2317,80,True
41,125,2237,2427,190,True
25,113,2238,2328,90,True
27,118,2238,2321,83,True
32,108,2238,2328,90,True
23,90,2239,2317,78,True
31,120,2239,2427,188,True
16,120,2240,2317,77,True
2,103,2241,2321,80,True
17,135,2242,2321,79,True
33,106,2242,2427,185,True
25,114,2243,2328,85,True
39,112,2243,2328,85,True
42,121,2243,2317,74,True
16,121,2244,2317,73,True
0,81,2245,2379,134,True
3,106,2245,2379,134,True
11,112,2245,2321,76,True
44,117,2245,2328,83,True
18,114,2247,2379,132,True
25,115,2247,2328,81,True
33,107,2247,2427,180,True
46,119,2247,2328,81,True
5,111,2248,2379,131,True
32,109,2248,2328,80,True
35,123,2248,2317,69,True
42,122,2248,2317,69,True
6,103,2249,2317,68,True
9,125,2250,2419,169,True
10,125,2250,2379,129,True
27,119,2250,2321,71,True
46,120,2250,2328,78,True
49,107,2250,2427,177,True
0,82,2253,2379,126,True
11,113,2253,2321,68,True
45,112,2253,2427,174,True
13,121,2254,2317,63,True
17,136,2254,2321,67,True
19,111,2254,2379,125,True
20,116,2254,2317,63,True
32,110,2254,2374,120,True
37,127,2254,2328,74,True
1,112,2255,2379,124,True
10,126,2256,2379,123,True
9,126,2257,2419,162,True
18,115,2257,2379,122,True
28,117,2257,2427,170,True
35,124,2257,2317,60,True
28,118,2258,2427,169,True
31,121,2258,2427,169,True
32,111,2258,2374,116,True
18,116,2259,2379,120,True
20,117,2259,2317,58,True
45,113,2259,2427,168,True
8,90,2260,2317,57,True
16,122,2260,2379,119,True
33,108,2260,2427,167,True
44,118,2260,2328,68,True
38,105,2261,2419,158,True
47,102,2261,2328,67,True
6,104,2262,2317,55,True
7,102,2262,2379,117,True
24,98,2262,2379,117,True
38,106,2262,2419,157,True
47,103,2262,2328,66,True
25,116,2263,2328,65,True
31,122,2263,2427,164,True
32,112,2263,2374,111,True
14,105,2264,2379,115,True
12,115,2265,2419,154,True
39,113,2265,2374,109,True
41,126,2265,2427,162,True
46,121,2266,2328,62,True
28,119,2267,2427,160,True
46,122,2267,2328,61,True
8,91,2268,2317,49,True
34,120,2268,2328,60,True
29,123,2269,2427,158,True
16,123,2270,2379,109,True
19,112,2270,2379,109,True
7,103,2271,2379,108,True
41,127,2273,2427,154,True
15,121,2274,2379,105,True
37,128,2274,2427,153,True
26,105,2275,2427,152,True
35,125,2275,2379,104,True
42,123,2275,2321,46,True
49,108,2275,2427,152,True
12,116,2276,2419,143,True
24,99,2276,2379,103,True
28,120,2276,2427,151,True
34,121,2276,2328,52,True
38,107,2277,2419,142,True
43,130,2277,2427,150,True
39,114,2278,2374,96,True
41,128,2278,2427,149,True
26,106,2279,2427,148,True
0,83,2280,2379,99,True
20,118,2280,2379,99,True
35,126,2280,2379,99,True
38,108,2280,2419,139,True
49,109,2280,2427,147,True
2,104,2281,2379,98,True
7,104,2283,2379,96,True
21,101,2283,2419,136,True
49,110,2283,2427,144,True
1,113,2284,2419,135,True
23,91,2284,2379,95,True
26,107,2284,2427,143,True
3,107,2285,2379,94,True
17,137,2285,2379,94,True
34,122,2285,2328,43,True
46,123,2285,2328,43,True
35,127,2286,2379,93,True
30,122,2287,2419,132,True
49,111,2287,2427,140,True
2,105,2288,2419,131,True
25,117,2288,2427,139,True
40,95,2288,2379,91,True
48,111,2289,2481,192,True
27,120,2290,2419,129,True
12,117,2291,2419,128,True
18,117,2291,2379,88,True
33,109,2291,2481,190,True
46,124,2291,2328,37,True
1,114,2295,2419,124,True
34,123,2295,2374,79,True
42,124,2295,2379,84,True
38,109,2296,2419,123,True
0,84,2297,2419,122,True
33,110,2297,2481,184,True
20,119,2298,2419,121,True
26,108,2298,2427,129,True
37,129,2298,2427,129,True
29,124,2299,2427,128,True
3,108,2300,2419,119,True
32,113,2301,2427,126,True
35,128,2301,2379,78,True
37,130,2301,2427,126,True
49,112,2301,2427,126,True
5,112,2302,2419,117,True
28,121,2302,2427,125,True
30,123,2302,2419,117,True
43,131,2302,2481,179,True
45,114,2302,2481,179,True
13,122,2303,2379,76,True
26,109,2304,2427,123,True
27,121,2305,2419,114,True
28,122,2305,2427,122,True
9,127,2306,2419,113,True
46,125,2306,2379,73,True
5,113,2307,2419,112,True
47,104,2307,2419,112,True
7,105,2308,2419,111,True
20,120,2308,2419,111,True
24,100,2308,2419,111,True
14,106,2309,2379,70,True
20,121,2309,2419,110,True
34,124,2309,2374,65,True
0,85,2310,2419,109,True
10,127,2310,2419,109,True
29,125,2310,2427,117,True
3,109,2311,2419,108,True
6,105,2311,2419,108,True
39,115,2311,2427,116,True
49,113,2311,2427,116,True
11,114,2312,2419,107,True
18,118,2312,2419,107,True
29,126,2312,2427,115,True
32,114,2314,2427,113,True
36,112,2315,2481,166,True
37,131,2315,2427,112,True
14,107,2316,2379,63,True
17,138,2316,2419,103,True
17,139,2317,2419,102,True
31,123,2317,2481,164,True
16,124,2318,2535,217,True
36,113,2318,2481,163,True
47,105,2318,2419,101,True
0,86,2319,2419,100,True
10,128,2319,2419,100,True
22,129,2319,2419,100,True
27,122,2319,2419,100,True
5,114,2321,2419,98,True
13,123,2321,2419,98,True
30,124,2321,2419,98,True
33,111,2321,2481,160,True
18,119,2322,2419,97,True
26,110,2323,2481,158,True
34,125,2323,2427,104,True
44,119,2323,2427,104,True
14,108,2324,2469,145,True
0,87,2325,2419,94,True
17,140,2325,2419,94,True
18,120,2325,2419,94,True
23,92,2325,2427,102,True
31,124,2325,2481,156,True
33,112,2325,2481,156,True
47,106,2325,2419,94,True
49,114,2325,2481,156,True
9,128,2326,2419,93,True
16,125,2326,2535,209,True
17,141,2326,2419,93,True
10,129,2327,2419,92,True
32,115,2327,2427,100,True
38,110,2327,2419,92,True
3,110,2328,2419,91,True
11,115,2328,2419,91,True
26,111,2328,2481,153,True
17,142,2329,2419,90,True
26,112,2329,2481,152,True
33,113,2329,2481,152,True
36,114,2329,2481,152,True
49,115,2329,2481,152,True
3,111,2330,2419,89,True
10,130,2330,2419,89,True
19,113,2330,2419,89,True
20,122,2330,2419,89,True
28,123,2330,2481,151,True
47,107,2330,2419,89,True
22,130,2331,2469,138,True
8,92,2332,2427,95,True
18,121,2332,2419,87,True
38,111,2332,2419,87,True
45,115,2332,2481,149,True
10,131,2333,2419,86,True
32,116,2333,2427,94,True
0,88,2334,2535,201,True
2,106,2334,2535,201,True
26,113,2334,2481,147,True
38,112,2334,2419,85,True
6,106,2335,2419,84,True
49,116,2335,2481,146,True
3,112,2336,2419,83,True
45,116,2336,2481,145,True
2,107,2337,2535,198,True
14,109,2337,2469,132,True
34,126,2337,2427,90,True
46,126,2337,2427,90,True
21,102,2338,2535,197,True
38,113,2338,2427,89,True
42,125,2338,2427,89,True
33,114,2339,2481,142,True
22,131,2340,2469,129,True
24,101,2340,2419,79,True
47,108,2340,2419,79,True
0,89,2341,2535,194,True
46,127,2342,2427,85,True
48,112,2342,2481,139,True
23,93,2343,2427,84,True
24,102,2343,2419,76,True
35,129,2343,2427,84,True
32,117,2344,2427,83,True
41,129,2344,2481,137,True
17,143,2345,2419,74,True
4,107,2346,2419,73,True
8,93,2346,2427,81,True
20,123,2346,2419,73,True
25,118,2346,2427,81,True
26,114,2346,2481,135,True
8,94,2347,2427,80,True
11,116,2347,2419,72,True
12,118,2347,2419,72,True
21,103,2347,2535,188,True
49,117,2347,2481,134,True
11,117,2348,2419,71,True
14,110,2348,2469,121,True
15,122,2349,2469,120,True
25,119,2349,2427,78,True
38,114,2349,2427,78,True
26,115,2351,2481,130,True
43,132,2351,2481,130,True
44,120,2351,2427,76,True
11,118,2353,2419,66,True
20,124,2353,2419,66,True
9,129,2355,2469,114,True
10,132,2355,2419,64,True
22,132,2355,2469,114,True
23,94,2355,2469,114,True
33,115,2355,2481,126,True
41,130,2355,2481,126,True
6,107,2357,2469,112,True
35,130,2357,2427,70,True
38,115,2357,2427,70,True
46,128,2358,2427,69,True
6,108,2359,2469,110,True
10,133,2359,2419,60,True
13,124,2359,2419,60,True
24,103,2359,2419,60,True
39,116,2359,2481,122,True
40,96,2359,2427,68,True
43,133,2359,2481,122,True
10,134,2360,2419,59,True
20,125,2360,2419,59,True
46,129,2360,2427,67,True
13,125,2361,2419,58,True
14,111,2361,2469,108,True
22,133,2361,2469,108,True
23,95,2361,2469,108,True
25,120,2361,2427,66,True
20,126,2362,2419,57,True
22,134,2362,2469,107,True
0,90,2363,2535,172,True
7,106,2363,2427,64,True
48,113,2363,2481,118,True
0,91,2368,2535,167,True
7,107,2368,2469,101,True
9,130,2368,2469,101,True
35,131,2368,2469,101,True
36,115,2368,2535,167,True
30,125,2369,2469,100,True
5,115,2370,2469,99,True
31,125,2370,2481,111,True
12,119,2371,2469,98,True
31,126,2371,2481,110,True
43,134,2371,2535,164,True
3,113,2373,2535,162,True
9,131,2373,2469,96,True
41,131,2373,2481,108,True
21,104,2374,2535,161,True
35,132,2374,2469,95,True
28,124,2375,2481,106,True
17,144,2376,2469,93,True
6,109,2377,2469,92,True
14,112,2377,2469,92,True
28,125,2377,2535,158,True
18,122,2380,2469,89,True
21,105,2380,2535,155,True
35,133,2380,2469,89,True
26,116,2381,2481,100,True
28,126,2381,2535,154,True
31,127,2381,2481,100,True
47,109,2381,2469,88,True
23,96,2382,2469,87,True
38,116,2382,2438,56,True
43,135,2382,2535,153,True
44,121,2382,2481,99,True
1,115,2383,2535,152,True
4,108,2383,2469,86,True
9,132,2383,2535,152,True
28,127,2383,2535,152,True
44,122,2383,2481,98,True
49,118,2383,2481,98,True
40,97,2384,2469,85,True
45,117,2385,2535,150,True
22,135,2386,2469,83,True
31,128,2386,2481,95,True
33,116,2386,2535,149,True
21,106,2387,2535,148,True
6,110,2388,2469,81,True
1,116,2389,2535,146,True
16,126,2390,2535,145,True
24,104,2390,2535,145,True
26,117,2390,2481,91,True
41,132,2390,2535,145,True
9,133,2391,2535,144,True
11,119,2391,2469,78,True
20,127,2391,2469,78,True
46,130,2391,2481,90,True
49,119,2391,2481,90,True
27,123,2392,2469,77,True
37,132,2392,2535,143,True
1,117,2393,2535,142,True
6,111,2393,2469,76,True
47,110,2394,2469,75,True
17,145,2395,2469,74,True
25,121,2395,2481,86,True
31,129,2395,2535,140,True
32,118,2395,2481,86,True
14,113,2396,2469,73,True
25,122,2396,2481,85,True
0,92,2397,2535,138,True
1,118,2397,2535,138,True
5,116,2398,2469,71,True
43,136,2398,2535,137,True
13,126,2399,2535,136,True
17,146,2400,2469,69,True
8,95,2401,2469,68,True
33,117,2401,2535,134,True
36,116,2401,2535,134,True
2,108,2402,2535,133,True
3,114,2402,2535,133,True
17,147,2402,2469,67,True
30,126,2402,2535,133,True
35,134,2402,2469,67,True
37,133,2402,2535,133,True
5,117,2403,2469,66,True
41,133,2403,2535,132,True
6,112,2405,2469,64,True
12,120,2406,2535,129,True
28,128,2406,2535,129,True
9,134,2407,2535,128,True
10,135,2408,2535,127,True
23,97,2408,2469,61,True
33,118,2408,2535,127,True
46,131,2408,2481,73,True
4,109,2409,2535,126,True
36,117,2409,2535,126,True
8,96,2410,2469,59,True
23,98,2410,2469,59,True
29,127,2410,2535,125,True
13,127,2411,2535,124,True
13,128,2412,2535,123,True
22,136,2412,2535,123,True
3,115,2413,2548,135,True
14,114,2413,2535,122,True
29,128,2413,2535,122,True
7,108,2414,2548,134,True
16,127,2414,2535,121,True
3,116,2415,2548,133,True
30,127,2416,2535,119,True
35,135,2417,2469,52,True
22,137,2418,2535,117,True
23,99,2418,2469,51,True
27,124,2418,2535,117,True
30,128,2418,2535,117,True
33,119,2418,2535,117,True
37,134,2418,2535,117,True
40,98,2418,2535,117,True
14,115,2419,2548,129,True
18,123,2420,2535,115,True
1,119,2421,2535,114,True
8,97,2421,2469,48,True
36,118,2421,2535,114,True
1,120,2422,2535,113,True
10,136,2422,2548,126,True
24,105,2423,2535,112,True
32,119,2425,2535,110,True
34,127,2425,2481,56,True
46,132,2425,2481,56,True
27,125,2426,2535,109,True
3,117,2427,2548,121,True
30,129,2427,2535,108,True
46,133,2427,2481,54,True
18,124,2428,2535,107,True
38,117,2428,2535,107,True
5,118,2430,2548,118,True
14,116,2430,2548,118,True
22,138,2430,2535,105,True
25,123,2430,2535,105,True
8,98,2431,2535,104,True
23,100,2431,2535,104,True
30,130,2431,2535,104,True
38,118,2431,2535,104,True
4,110,2432,2535,103,True
21,107,2432,2535,103,True
23,101,2432,2535,103,True
31,130,2432,2535,103,True
38,119,2432,2535,103,True
19,114,2433,2535,102,True
32,120,2433,2535,102,True
48,114,2433,2535,102,True
24,106,2434,2548,114,True
27,126,2434,2535,101,True
11,120,2435,2535,100,True
36,119,2435,2535,100,True
21,108,2436,2535,99,True
0,93,2437,2535,98,True
12,121,2437,2535,98,True
26,118,2437,2535,98,True
31,131,2437,2535,98,True
18,125,2438,2548,110,True
28,129,2438,2535,97,True
31,132,2438,2535,97,True
46,134,2438,2535,97,True
9,135,2439,2535,96,True
23,102,2439,2535,96,True
29,129,2439,2535,96,True
39,117,2439,2535,96,True
42,126,2439,2535,96,True
12,122,2440,2535,95,True
18,126,2440,2548,108,True
38,120,2440,2535,95,True
43,137,2441,2535,94,True
16,128,2442,2535,93,True
28,130,2442,2535,93,True
34,128,2442,2535,93,True
38,121,2442,2535,93,True
7,109,2443,2548,105,True
11,121,2443,2535,92,True
18,127,2443,2548,105,True
20,128,2443,2535,92,True
21,109,2443,2535,92,True
30,131,2443,2535,92,True
40,99,2443,2535,92,True
26,119,2444,2535,91,True
34,129,2444,2535,91,True
24,107,2445,2548,103,True
43,138,2445,2535,90,True
5,119,2446,2548,102,True
8,99,2446,2535,89,True
14,117,2446,2548,102,True
19,115,2447,2535,88,True
2,109,2448,2535,87,True
12,123,2448,2548,100,True
16,129,2448,2535,87,True
21,110,2448,2535,87,True
25,124,2448,2535,87,True
26,120,2448,2535,87,True
21,111,2449,2535,86,True
31,133,2449,2535,86,True
38,122,2449,2535,86,True
49,120,2449,2535,86,True
6,113,2450,2535,85,True
9,136,2450,2548,98,True
23,103,2450,2535,85,True
26,121,2450,2535,85,True
29,130,2450,2590,140,True
42,127,2450,2535,85,True
5,120,2451,2548,97,True
19,116,2451,2548,97,True
26,122,2451,2535,84,True
35,136,2451,2535,84,True
9,137,2452,2548,96,True
14,118,2452,2548,96,True
29,131,2452,2590,138,True
47,111,2452,2535,83,True
49,121,2452,2535,83,True
5,121,2453,2548,95,True
21,112,2453,2535,82,True
48,115,2453,2535,82,True
5,122,2454,2548,94,True
17,148,2454,2535,81,True
41,134,2454,2535,81,True
18,128,2455,2548,93,True
32,121,2455,2590,135,True
34,130,2455,2535,80,True
36,120,2455,2535,80,True
37,135,2455,2535,80,True
43,139,2455,2535,80,True
6,114,2456,2548,92,True
28,131,2456,2535,79,True
4,111,2457,2548,91,True
11,122,2457,2535,78,True
13,129,2457,2548,91,True
15,123,2457,2535,78,True
21,113,2457,2548,91,True
24,108,2457,2548,91,True
47,112,2457,2548,91,True
48,116,2457,2535,78,True
39,118,2458,2535,77,True
10,137,2459,2548,89,True
29,132,2460,2590,130,True
37,136,2460,2535,75,True
49,122,2460,2535,75,True
7,110,2461,2548,87,True
17,149,2461,2535,74,True
32,122,2461,2590,129,True
36,121,2461,2590,129,True
4,112,2462,2548,86,True
10,138,2462,2548,86,True
26,123,2462,2535,73,True
30,132,2462,2535,73,True
35,137,2462,2535,73,True
8,100,2464,2548,84,True
17,150,2464,2535,71,True
25,125,2464,2535,71,True
35,138,2464,2535,71,True
38,123,2464,2535,71,True
45,118,2464,2590,126,True
14,119,2465,2548,83,True
21,114,2465,2548,83,True
27,127,2465,2535,70,True
35,139,2465,2535,70,True
48,117,2465,2590,125,True
16,130,2466,2548,82,True
49,123,2466,2535,69,True
15,124,2467,2548,81,True
34,131,2467,2535,68,True
45,119,2467,2590,123,True
37,137,2468,2535,67,True
12,124,2469,2548,79,True
21,115,2470,2548,78,True
42,128,2470,2548,78,True
36,122,2471,2590,119,True
4,113,2472,2548,76,True
36,123,2472,2590,118,True
11,123,2473,2548,75,True
28,132,2473,2590,117,True
39,119,2473,2590,117,True
47,113,2473,2548,75,True
13,130,2474,2548,74,True
26,124,2474,2590,116,True
29,133,2474,2590,116,True
33,120,2474,2590,116,True
35,140,2474,2535,61,True
20,129,2475,2548,73,True
45,120,2476,2590,114,True
49,124,2477,2590,113,True
12,125,2478,2548,70,True
44,123,2478,2535,57,True
11,124,2479,2548,69,True
13,131,2479,2548,69,True
20,130,2479,2548,69,True
25,126,2480,2590,110,True
34,132,2480,2535,55,True
2,110,2481,2594,113,True
13,132,2481,2548,67,True
22,139,2481,2594,113,True
31,134,2482,2590,108,True
32,123,2482,2590,108,True
9,138,2483,2594,111,True
37,138,2483,2590,107,True
3,118,2484,2548,64,True
13,133,2484,2548,64,True
20,131,2484,2548,64,True
27,128,2484,2548,64,True
37,139,2485,2590,105,True
49,125,2485,2590,105,True
7,111,2486,2548,62,True
9,139,2486,2594,108,True
14,120,2486,2548,62,True
29,134,2486,2590,104,True
34,133,2486,2574,88,True
9,140,2488,2594,106,True
15,125,2488,2594,106,True
33,121,2488,2590,102,True
33,122,2489,2590,101,True
25,127,2491,2590,99,True
26,125,2491,2590,99,True
39,120,2491,2590,99,True
47,114,2491,2548,57,True
4,114,2492,2548,56,True
16,131,2492,2594,102,True
45,121,2492,2590,98,True
1,121,2493,2594,101,True
3,119,2493,2594,101,True
17,151,2493,2594,101,True
20,132,2493,2594,101,True
14,121,2495,2594,99,True
40,100,2496,2548,52,True
48,118,2496,2590,94,True
21,116,2497,2686,189,True
29,135,2497,2590,93,True
37,140,2497,2590,93,True
16,132,2498,2594,96,True
33,123,2498,2590,92,True
37,141,2498,2590,92,True
41,135,2498,2590,92,True
42,129,2498,2548,50,True
10,139,2499,2618,119,True
23,104,2500,2574,74,True
16,133,2501,2594,93,True
22,140,2501,2594,93,True
37,142,2501,2590,89,True
10,140,2502,2618,116,True
27,129,2502,2594,92,True
40,101,2502,2645,143,True
41,136,2502,2590,88,True
30,133,2503,2548,45,True
37,143,2503,2590,87,True
6,115,2504,2548,44,True
26,126,2504,2590,86,True
30,134,2504,2548,44,True
36,124,2504,2590,86,True
28,133,2505,2701,196,True
15,126,2506,2594,88,True
29,136,2506,2590,84,True
36,125,2506,2590,84,True
44,124,2506,2590,84,True
8,101,2507,2574,67,True
16,134,2507,2686,179,True
23,105,2507,2574,67,True
26,127,2507,2590,83,True
32,124,2507,2590,83,True
15,127,2508,2594,86,True
36,126,2508,2590,82,True
20,133,2509,2594,85,True
29,137,2509,2590,81,True
32,125,2509,2590,81,True
28,134,2510,2701,191,True
42,130,2510,2548,38,True
39,121,2511,2590,79,True
4,115,2512,2574,62,True
33,124,2512,2701,189,True
38,124,2512,2548,36,True
42,131,2513,2548,35,True
4,116,2515,2574,59,True
8,102,2515,2574,59,True
9,141,2515,2686,171,True
22,141,2515,2594,79,True
34,134,2515,2590,75,True
18,129,2516,2574,58,True
22,142,2516,2594,78,True
34,135,2516,2590,74,True
1,122,2517,2594,77,True
11,125,2517,2686,169,True
23,106,2517,2574,57,True
26,128,2518,2590,72,True
43,140,2518,2701,183,True
11,126,2519,2686,167,True
5,123,2521,2594,73,True
23,107,2521,2594,73,True
24,109,2521,2594,73,True
39,122,2522,2590,68,True
3,120,2523,2686,163,True
38,125,2523,2594,71,True
46,135,2523,2594,71,True
16,135,2524,2686,162,True
17,152,2524,2618,94,True
28,135,2524,2701,177,True
5,124,2526,2594,68,True
12,126,2526,2594,68,True
19,117,2526,2594,68,True
10,141,2527,2618,91,True
46,136,2527,2594,67,True
21,117,2528,2686,158,True
46,137,2528,2594,66,True
18,130,2529,2594,65,True
1,123,2530,2594,64,True
46,138,2530,2594,64,True
5,125,2531,2594,63,True
9,142,2531,2686,155,True
12,127,2531,2594,63,True
19,118,2531,2594,63,True
46,139,2531,2594,63,True
48,119,2531,2590,59,True
20,134,2532,2686,154,True
43,141,2532,2701,169,True
4,117,2533,2594,61,True
7,112,2533,2594,61,True
41,137,2533,2701,168,True
37,144,2534,2645,111,True
2,111,2535,2686,151,True
3,121,2535,2686,151,True
37,145,2535,2645,110,True
6,116,2536,2594,58,True
2,112,2537,2686,149,True
15,128,2537,2686,149,True
29,138,2537,2590,53,True
38,126,2537,2626,89,True
25,128,2538,2590,52,True
39,123,2538,2594,56,True
5,126,2539,2686,147,True
9,143,2539,2686,147,True
37,146,2539,2645,106,True
14,122,2540,2594,54,True
27,130,2540,2626,86,True
3,122,2541,2686,145,True
11,127,2541,2686,145,True
18,131,2541,2594,53,True
31,135,2541,2590,49,True
34,136,2541,2594,53,True
40,102,2541,2645,104,True
38,127,2542,2626,84,True
47,115,2542,2626,84,True
16,136,2543,2686,143,True
22,143,2543,2594,51,True
35,141,2543,2594,51,True
40,103,2543,2645,102,True
6,117,2544,2594,50,True
9,144,2544,2686,142,True
27,131,2544,2626,82,True
44,125,2544,2594,50,True
28,136,2545,2701,156,True
17,153,2546,2618,72,True
22,144,2546,2594,48,True
21,118,2547,2716,169,True
32,126,2547,2594,47,True
40,104,2548,2645,97,True
4,118,2549,2594,45,True
13,134,2549,2618,69,True
14,123,2549,2594,45,True
25,129,2549,2594,45,True
21,119,2550,2716,166,True
23,108,2550,2594,44,True
47,116,2550,2626,76,True
19,119,2551,2686,135,True
38,128,2551,2626,75,True
25,130,2552,2594,42,True
18,132,2553,2716,163,True
44,126,2553,2645,92,True
0,94,2554,2716,162,True
1,124,2554,2686,132,True
9,145,2554,2686,132,True
20,135,2554,2686,132,True
7,113,2556,2686,130,True
18,133,2556,2716,160,True
24,110,2556,2686,130,True
40,105,2556,2645,89,True
2,113,2557,2686,129,True
9,146,2557,2686,129,True
32,127,2557,2645,88,True
47,117,2557,2626,69,True
24,111,2558,2686,128,True
26,129,2558,2645,87,True
34,137,2558,2594,36,True
36,127,2558,2701,143,True
2,114,2559,2686,127,True
10,142,2559,2626,67,True
26,130,2559,2645,86,True
35,142,2559,2716,157,True
48,120,2559,2701,142,True
6,118,2560,2686,126,True
27,132,2560,2626,66,True
37,147,2560,2645,85,True
6,119,2561,2686,125,True
17,154,2561,2626,65,True
49,126,2561,2645,84,True
3,123,2562,2686,124,True
17,155,2562,2626,64,True
3,124,2563,2686,123,True
5,127,2563,2686,123,True
8,103,2563,2686,123,True
14,124,2563,2686,123,True
36,128,2563,2701,138,True
14,125,2564,2686,122,True
24,112,2564,2686,122,True
6,120,2566,2686,120,True
19,120,2566,2686,120,True
31,136,2566,2701,135,True
33,125,2567,2701,134,True
5,128,2568,2686,118,True
14,126,2568,2686,118,True
25,131,2568,2645,77,True
45,122,2568,2701,133,True
3,125,2569,2686,117,True
15,129,2569,2686,117,True
26,131,2569,2645,76,True
8,104,2570,2686,116,True
45,123,2570,2701,131,True
49,127,2570,2645,75,True
15,130,2571,2686,115,True
32,128,2571,2645,74,True
41,138,2571,2701,130,True
22,145,2572,2686,114,True
46,140,2572,2645,73,True
8,105,2573,2686,113,True
17,156,2573,2686,113,True
2,115,2576,2716,140,True
26,132,2576,2645,69,True
40,106,2576,2645,69,True
20,136,2577,2686,109,True
26,133,2577,2645,68,True
35,143,2577,2716,139,True
36,129,2577,2701,124,True
44,127,2577,2645,68,True
1,125,2578,2686,108,True
14,127,2578,2686,108,True
33,126,2578,2701,123,True
8,106,2579,2686,107,True
9,147,2579,2686,107,True
26,134,2579,2645,66,True
29,139,2579,2701,122,True
47,118,2579,2686,107,True
17,157,2580,2686,106,True
25,132,2580,2645,65,True
40,107,2580,2645,65,True
41,139,2580,2701,121,True
12,128,2581,2686,105,True
15,131,2581,2686,105,True
17,158,2581,2686,105,True
37,148,2581,2701,120,True
16,137,2582,2686,104,True
27,133,2582,2686,104,True
28,137,2582,2701,119,True
31,137,2582,2701,119,True
29,140,2584,2701,117,True
26,135,2585,2645,60,True
30,135,2585,2716,131,True
19,121,2586,2686,100,True
4,119,2587,2686,99,True
31,138,2587,2701,114,True
33,127,2587,2701,114,True
34,138,2587,2645,58,True
38,129,2587,2686,99,True
41,140,2587,2701,114,True
6,121,2588,2686,98,True
10,143,2588,2686,98,True
20,137,2588,2686,98,True
22,146,2588,2686,98,True
14,128,2589,2686,97,True
34,139,2590,2645,55,True
41,141,2590,2701,111,True
0,95,2591,2716,125,True
35,144,2591,2716,125,True
38,130,2591,2686,95,True
7,114,2592,2686,94,True
1,126,2593,2686,93,True
10,144,2594,2686,92,True
12,129,2594,2686,92,True
39,124,2594,2701,107,True
24,113,2595,2686,91,True
11,128,2596,2686,90,True
31,139,2596,2701,105,True
37,149,2596,2701,105,True
42,132,2596,2686,90,True
3,126,2598,2716,118,True
20,138,2598,2686,88,True
25,133,2598,2701,103,True
35,145,2598,2716,118,True
37,150,2598,2701,103,True
39,125,2598,2701,103,True
47,119,2598,2686,88,True
11,129,2599,2686,87,True
22,147,2600,2686,86,True
24,114,2600,2686,86,True
25,134,2600,2701,101,True
36,130,2600,2701,101,True
37,151,2600,2701,101,True
20,139,2601,2686,85,True
28,138,2601,2716,115,True
36,131,2602,2701,99,True
3,127,2603,2716,113,True
8,107,2603,2686,83,True
36,132,2604,2701,97,True
46,141,2604,2686,82,True
27,134,2605,2756,151,True
42,133,2605,2686,81,True
19,122,2606,2716,110,True
46,142,2606,2686,80,True
48,121,2606,2701,95,True
17,159,2608,2686,78,True
49,128,2608,2701,93,True
9,148,2609,2716,107,True
12,130,2609,2686,77,True
11,130,2610,2686,76,True
13,135,2610,2686,76,True
17,160,2611,2756,145,True
36,133,2611,2701,90,True
21,120,2613,2756,143,True
23,109,2613,2686,73,True
35,146,2613,2716,103,True
40,108,2613,2716,103,True
5,129,2614,2756,142,True
14,129,2614,2716,102,True
26,136,2614,2701,87,True
47,120,2614,2716,102,True
16,138,2615,2716,101,True
31,140,2615,2701,86,True
49,129,2615,2701,86,True
25,135,2616,2701,85,True
36,134,2616,2716,100,True
43,142,2616,2716,100,True
20,140,2617,2686,69,True
21,121,2617,2756,139,True
28,139,2617,2716,99,True
40,109,2617,2716,99,True
2,116,2618,2756,138,True
3,128,2618,2716,98,True
42,134,2618,2686,68,True
48,122,2618,2716,98,True
14,130,2619,2716,97,True
18,134,2619,2716,97,True
23,110,2619,2686,67,True
2,117,2620,2756,136,True
6,122,2620,2686,66,True
47,121,2620,2716,96,True
7,115,2621,2686,65,True
32,129,2621,2701,80,True
40,110,2621,2716,95,True
33,128,2622,2716,94,True
40,111,2623,2716,93,True
37,152,2624,2761,137,True
41,142,2624,2716,92,True
13,136,2625,2716,91,True
15,132,2625,2756,131,True
32,130,2625,2701,76,True
5,130,2626,2756,130,True
8,108,2626,2756,130,True
16,139,2626,2716,90,True
32,131,2626,2701,75,True
35,147,2626,2716,90,True
17,161,2627,2756,129,True
37,153,2627,2761,134,True
14,131,2628,2716,88,True
42,135,2628,2686,58,True
36,135,2629,2716,87,True
41,143,2629,2716,87,True
36,136,2630,2716,86,True
8,109,2631,2756,125,True
13,137,2631,2716,85,True
18,135,2631,2716,85,True
41,144,2631,2716,85,True
47,122,2631,2716,85,True
8,110,2632,2756,124,True
17,162,2632,2756,124,True
10,145,2634,2756,122,True
20,141,2634,2716,82,True
43,143,2634,2716,82,True
47,123,2636,2716,80,True
6,123,2637,2716,79,True
17,163,2637,2756,119,True
12,131,2638,2756,118,True
22,148,2638,2756,118,True
27,135,2638,2756,118,True
35,148,2638,2716,78,True
1,127,2639,2756,117,True
7,116,2639,2716,77,True
23,111,2639,2716,77,True
24,115,2639,2716,77,True
34,140,2639,2716,77,True
35,149,2639,2716,77,True
37,154,2639,2761,122,True
16,140,2640,2716,76,True
23,112,2640,2716,76,True
11,131,2641,2716,75,True
13,138,2641,2716,75,True
29,141,2641,2716,75,True
10,146,2643,2756,113,True
44,128,2643,2701,58,True
2,118,2644,2756,112,True
3,129,2644,2756,112,True
5,131,2644,2756,112,True
20,142,2644,2716,72,True
35,150,2644,2716,72,True
5,132,2645,2756,111,True
10,147,2645,2756,111,True
23,113,2645,2716,71,True
36,137,2645,2716,71,True
28,140,2646,2716,70,True
34,141,2646,2716,70,True
29,142,2647,2716,69,True
31,141,2647,2860,213,True
46,143,2647,2716,69,True
1,128,2648,2756,108,True
8,111,2648,2756,108,True
10,148,2648,2756,108,True
14,132,2648,2716,68,True
16,141,2648,2756,108,True
20,143,2648,2756,108,True
23,114,2648,2716,68,True
24,116,2648,2716,68,True
31,142,2648,2860,212,True
39,126,2648,2761,113,True
46,144,2648,2716,68,True
5,133,2649,2756,107,True
14,133,2649,2716,67,True
38,131,2649,2756,107,True
30,136,2650,2756,106,True
33,129,2650,2716,66,True
49,130,2650,2765,115,True
0,96,2651,2756,105,True
19,123,2651,2756,105,True
27,136,2651,2756,105,True
28,141,2651,2716,65,True
36,138,2651,2716,65,True
38,132,2651,2756,105,True
13,139,2652,2756,104,True
14,134,2652,2716,64,True
31,143,2652,2860,208,True
47,124,2652,2716,64,True
15,133,2653,2756,103,True
19,124,2654,2756,102,True
18,136,2656,2756,100,True
24,117,2656,2756,100,True
36,139,2656,2716,60,True
37,155,2656,2761,105,True
46,145,2656,2716,60,True
39,127,2657,2761,104,True
9,149,2658,2756,98,True
14,135,2658,2756,98,True
18,137,2658,2756,98,True
26,137,2658,2761,103,True
26,138,2659,2761,102,True
32,132,2659,2701,42,True
35,151,2659,2716,57,True
12,132,2660,2756,96,True
17,164,2660,2756,96,True
38,133,2660,2756,96,True
1,129,2661,2838,177,True
5,134,2661,2756,95,True
45,124,2661,2716,55,True
6,124,2662,2756,94,True
14,136,2662,2756,94,True
16,142,2662,2756,94,True
25,136,2662,2701,39,True
35,152,2662,2716,54,True
9,150,2663,2756,93,True
14,137,2663,2756,93,True
47,125,2664,2860,196,True
16,143,2665,2756,91,True
32,133,2665,2875,210,True
7,117,2666,2756,90,True
26,139,2666,2761,95,True
19,125,2667,2756,89,True
21,122,2667,2756,89,True
22,149,2667,2756,89,True
26,140,2667,2761,94,True
34,142,2667,2716,49,True
43,144,2667,2761,94,True
46,146,2667,2716,49,True
6,125,2668,2756,88,True
23,115,2668,2716,48,True
25,137,2668,2716,48,True
41,145,2668,2761,93,True
35,153,2669,2716,47,True
35,154,2670,2716,46,True
40,112,2670,2756,86,True
3,130,2671,2756,85,True
40,113,2671,2756,85,True
43,145,2671,2761,90,True
12,133,2672,2756,84,True
19,126,2672,2756,84,True
38,134,2672,2756,84,True
41,146,2672,2761,89,True
19,127,2673,2756,83,True
42,136,2673,2756,83,True
0,97,2674,2756,82,True
11,132,2674,2756,82,True
17,165,2674,2756,82,True
41,147,2674,2761,87,True
48,123,2674,2761,87,True
37,156,2675,2761,86,True
38,135,2675,2756,81,True
2,119,2676,2756,80,True
4,120,2676,2756,80,True
10,149,2676,2756,80,True
23,116,2676,2756,80,True
24,118,2676,2756,80,True
25,138,2676,2716,40,True
27,137,2676,2756,80,True
26,141,2677,2761,84,True
29,143,2677,2716,39,True
31,144,2678,2860,182,True
19,128,2679,2838,159,True
40,114,2679,2756,77,True
2,120,2680,2756,76,True
6,126,2680,2756,76,True
11,133,2680,2756,76,True
14,138,2680,2756,76,True
16,144,2680,2838,158,True
26,142,2680,2761,81,True
29,144,2680,2716,36,True
29,145,2681,2716,35,True
32,134,2681,2875,194,True
34,143,2681,2716,35,True
12,134,2682,2756,74,True
33,130,2682,2860,178,True
23,117,2683,2756,73,True
30,137,2683,2756,73,True
7,118,2684,2756,72,True
46,147,2684,2756,72,True
20,144,2685,2765,80,True
21,123,2685,2838,153,True
22,150,2685,2756,71,True
23,118,2685,2756,71,True
18,138,2686,2756,70,True
44,129,2686,2765,79,True
45,125,2687,2761,74,True
38,136,2688,2756,68,True
43,146,2688,2860,172,True
18,139,2689,2756,67,True
23,119,2690,2756,66,True
43,147,2690,2860,170,True
12,135,2691,2756,65,True
13,140,2691,2756,65,True
43,148,2691,2860,169,True
15,134,2692,2756,64,True
29,146,2692,2761,69,True
34,144,2692,2756,64,True
30,138,2693,2756,63,True
10,150,2694,2756,62,True
18,140,2694,2756,62,True
27,138,2694,2756,62,True
36,140,2694,2761,67,True
7,119,2695,2756,61,True
35,155,2695,2761,66,True
41,148,2695,2761,66,True
43,149,2695,2860,165,True
9,151,2696,2756,60,True
25,139,2696,2761,65,True
30,139,2696,2756,60,True
40,115,2696,2756,60,True
1,130,2698,2838,140,True
2,121,2698,2852,154,True
10,151,2698,2756,58,True
12,136,2698,2756,58,True
33,131,2698,2860,162,True
12,137,2699,2756,57,True
43,150,2699,2860,161,True
6,127,2700,2756,56,True
32,135,2700,2875,175,True
2,122,2701,2852,151,True
6,128,2701,2756,55,True
13,141,2702,2756,54,True
18,141,2702,2756,54,True
28,142,2702,2761,59,True
3,131,2703,2838,135,True
15,135,2703,2838,135,True
43,151,2703,2860,157,True
49,131,2703,2765,62,True
30,140,2704,2756,52,True
3,132,2705,2838,133,True
28,143,2705,2761,56,True
20,145,2706,2765,59,True
25,140,2706,2761,55,True
38,137,2706,2756,50,True
41,149,2706,2860,154,True
5,135,2707,2838,131,True
39,128,2707,2860,153,True
0,98,2708,2838,130,True
30,141,2709,2838,129,True
31,145,2709,2860,151,True
44,130,2709,2765,56,True
9,152,2710,2756,46,True
13,142,2710,2838,128,True
30,142,2710,2838,128,True
32,136,2710,2875,165,True
41,150,2710,2860,150,True
5,136,2711,2838,127,True
11,134,2711,2838,127,True
40,116,2711,2756,45,True
9,153,2712,2756,44,True
12,138,2712,2852,140,True
22,151,2712,2838,126,True
28,144,2712,2860,148,True
11,135,2713,2838,125,True
2,123,2714,2852,138,True
15,136,2714,2852,138,True
48,124,2714,2860,146,True
12,139,2715,2852,137,True
3,133,2716,2838,122,True
34,145,2716,2761,45,True
42,137,2716,2761,45,True
45,126,2716,2860,144,True
14,139,2717,2838,121,True
12,140,2719,2852,133,True
41,151,2719,2860,141,True
11,136,2720,2838,118,True
24,119,2720,2838,118,True
30,143,2720,2838,118,True
7,120,2721,2852,131,True
9,154,2722,2852,130,True
15,137,2722,2852,130,True
18,142,2722,2765,43,True
26,143,2722,2869,147,True
40,117,2722,2838,116,True
43,152,2722,2860,138,True
24,120,2724,2838,114,True
38,138,2724,2838,114,True
5,137,2725,2838,113,True
18,143,2725,2838,113,True
30,144,2725,2860,135,True
41,152,2725,2860,135,True
14,140,2726,2838,112,True
26,144,2726,2869,143,True
39,129,2726,2860,134,True
40,118,2726,2838,112,True
21,124,2729,2852,123,True
22,152,2729,2838,109,True
39,130,2729,2860,131,True
1,131,2730,2943,213,True
22,153,2730,2838,108,True
16,145,2731,2852,121,True
42,138,2731,2843,112,True
11,137,2732,2852,120,True
12,141,2732,2852,120,True
46,148,2732,2838,106,True
21,125,2733,2852,119,True
4,121,2734,2838,104,True
19,129,2734,2838,104,True
40,119,2734,2838,104,True
5,138,2735,2852,117,True
16,146,2735,2852,117,True
36,141,2736,2860,124,True
10,152,2737,2852,115,True
40,120,2737,2838,101,True
47,126,2738,2860,122,True
48,125,2738,2860,122,True
13,143,2739,2852,113,True
31,146,2739,2860,121,True
33,132,2740,2869,129,True
36,142,2740,2860,120,True
10,153,2741,2852,111,True
23,120,2741,2838,97,True
42,139,2741,2843,102,True
5,139,2742,2852,110,True
9,155,2742,2852,110,True
0,99,2743,2852,109,True
21,126,2743,2852,109,True
46,149,2743,2860,117,True
27,139,2744,2860,116,True
0,100,2745,2852,107,True
37,157,2745,2860,115,True
20,146,2746,2943,197,True
3,134,2747,2852,105,True
11,138,2747,2852,105,True
28,145,2748,2869,121,True
31,147,2748,2869,121,True
41,153,2748,2875,127,True
48,126,2748,2860,112,True
0,101,2749,2852,103,True
12,142,2750,2852,102,True
22,154,2750,2852,102,True
5,140,2751,2852,101,True
26,145,2751,2869,118,True
13,144,2752,2852,100,True
20,147,2752,2943,191,True
35,156,2752,2869,117,True
12,143,2753,2852,99,True
17,166,2753,2852,99,True
22,155,2753,2852,99,True
34,146,2753,2860,107,True
36,143,2753,2869,116,True
0,102,2754,2852,98,True
14,141,2754,2852,98,True
23,121,2754,2843,89,True
17,167,2755,2852,97,True
26,146,2755,2869,114,True
33,133,2755,2869,114,True
15,138,2756,2852,96,True
16,147,2756,2943,187,True
25,141,2756,2860,104,True
28,146,2756,2869,113,True
31,148,2756,2869,113,True
41,154,2757,2875,118,True
42,140,2757,2860,103,True
46,150,2757,2860,103,True
19,130,2758,2852,94,True
25,142,2758,2860,102,True
34,147,2758,2860,102,True
2,124,2759,2943,184,True
10,154,2760,2860,100,True
25,143,2760,2860,100,True
35,157,2760,2869,109,True
35,158,2761,2869,108,True
6,129,2762,2852,90,True
25,144,2762,2860,98,True
32,137,2762,2875,113,True
37,158,2762,2869,107,True
39,131,2762,2869,107,True
44,131,2763,2860,97,True
46,151,2763,2860,97,True
49,132,2763,2869,106,True
10,155,2764,2860,96,True
26,147,2764,2869,105,True
37,159,2764,2869,105,True
44,132,2764,2860,96,True
49,133,2764,2869,105,True
1,132,2765,2943,178,True
23,122,2765,2943,178,True
43,153,2765,2869,104,True
11,139,2766,2860,94,True
37,160,2766,2869,103,True
48,127,2766,2869,103,True
1,133,2767,2943,176,True
16,148,2767,2943,176,True
24,121,2767,2943,176,True
27,140,2767,2860,93,True
34,148,2768,2860,92,True
42,141,2768,2860,92,True
22,156,2769,2852,83,True
45,127,2769,2875,106,True
8,112,2770,2852,82,True
41,155,2770,2875,105,True
46,152,2770,2860,90,True
48,128,2770,2869,99,True
3,135,2771,2943,172,True
8,113,2771,2852,81,True
12,144,2771,2852,81,True
23,123,2771,2943,172,True
37,161,2771,2869,98,True
42,142,2771,2860,89,True
25,145,2772,2869,97,True
45,128,2772,2875,103,True
49,134,2773,2869,96,True
10,156,2774,2860,86,True
32,138,2774,2875,101,True
35,159,2774,2869,95,True
6,130,2775,2852,77,True
24,122,2775,2943,168,True
32,139,2776,2875,99,True
14,142,2778,2943,165,True
15,139,2778,2943,165,True
18,144,2778,2863,85,True
35,160,2778,2869,91,True
38,139,2778,2860,82,True
40,121,2778,2860,82,True
49,135,2778,2869,91,True
1,134,2779,2943,164,True
14,143,2779,2943,164,True
16,149,2779,2943,164,True
32,140,2779,2875,96,True
46,153,2780,2860,80,True
4,122,2781,2852,71,True
7,121,2781,2852,71,True
16,150,2781,2943,162,True
22,157,2782,2943,161,True
32,141,2782,2875,93,True
34,149,2783,2869,86,True
37,162,2784,2869,85,True
6,131,2785,2852,67,True
39,132,2785,2875,90,True
5,141,2786,2863,77,True
34,150,2786,2869,83,True
45,129,2786,2875,89,True
3,136,2787,2943,156,True
9,156,2787,2943,156,True
25,146,2787,2869,82,True
29,147,2787,2869,82,True
37,163,2787,2959,172,True
10,157,2788,2943,155,True
18,145,2788,2863,75,True
36,144,2788,2875,87,True
46,154,2788,2869,81,True
31,149,2789,2869,80,True
36,145,2789,2875,86,True
43,154,2789,2869,80,True
48,129,2789,2875,86,True
0,103,2790,2943,153,True
5,142,2790,2943,153,True
17,168,2791,2943,152,True
30,145,2791,2943,152,True
43,155,2791,2869,78,True
47,127,2791,2943,152,True
6,132,2792,2852,60,True
15,140,2793,2943,150,True
28,147,2793,2869,76,True
48,130,2793,2875,82,True
4,123,2794,2943,149,True
42,143,2794,2869,75,True
49,136,2795,2875,80,True
32,142,2796,2875,79,True
2,125,2797,2943,146,True
22,158,2797,2943,146,True
39,133,2797,2875,78,True
45,130,2797,2875,78,True
1,135,2798,2943,145,True
26,148,2798,2959,161,True
42,144,2798,2869,71,True
44,133,2798,2875,77,True
32,143,2800,2875,75,True
46,155,2800,2869,69,True
5,143,2801,2943,142,True
16,151,2801,2943,142,True
27,141,2801,2943,142,True
0,104,2802,2943,141,True
26,149,2802,2959,157,True
41,156,2802,2959,157,True
14,144,2803,2943,140,True
37,164,2803,2959,156,True
1,136,2804,2943,139,True
5,144,2804,2943,139,True
6,133,2804,2943,139,True
26,150,2804,2959,155,True
12,145,2805,2943,138,True
32,144,2805,2875,70,True
34,151,2805,2869,64,True
20,148,2806,2943,137,True
21,127,2806,2943,137,True
27,142,2806,2943,137,True
36,146,2806,2875,69,True
38,140,2807,2943,136,True
43,156,2807,2875,68,True
2,126,2808,2943,135,True
14,145,2808,2943,135,True
38,141,2809,2943,134,True
49,137,2809,2875,66,True
7,122,2810,2943,133,True
14,146,2810,2943,133,True
30,146,2810,2943,133,True
15,141,2811,2943,132,True
24,123,2811,2943,132,True
31,150,2813,2875,62,True
35,161,2813,2869,56,True
7,123,2814,2943,129,True
11,140,2814,2943,129,True
40,122,2814,2943,129,True
18,146,2815,2943,128,True
23,124,2815,2943,128,True
37,165,2815,2959,144,True
2,127,2816,2943,127,True
15,142,2816,2943,127,True
32,145,2816,2875,59,True
41,157,2816,2959,143,True
1,137,2817,2943,126,True
17,169,2817,2943,126,True
9,157,2818,2943,125,True
18,147,2818,2943,125,True
30,147,2819,2943,124,True
31,151,2819,2875,56,True
20,149,2820,2943,123,True
23,125,2820,2943,123,True
28,148,2822,2959,137,True
7,124,2823,2943,120,True
22,159,2823,2943,120,True
4,124,2825,2943,118,True
22,160,2825,2943,118,True
3,137,2826,2943,117,True
27,143,2826,2943,117,True
48,131,2826,2959,133,True
24,124,2827,2943,116,True
46,156,2827,2943,116,True
18,148,2828,2943,115,True
13,145,2829,2943,114,True
27,144,2829,2943,114,True
44,134,2829,2959,130,True
0,105,2830,2943,113,True
8,114,2830,2943,113,True
45,131,2830,2959,129,True
29,148,2831,2959,128,True
0,106,2832,2943,111,True
24,125,2833,2943,110,True
27,145,2833,2943,110,True
15,143,2834,2943,109,True
29,149,2834,2959,125,True
32,146,2834,2959,125,True
8,115,2835,2943,108,True
22,161,2835,3007,172,True
44,135,2835,2959,124,True
22,162,2836,3007,171,True
23,126,2836,2943,107,True
31,152,2836,2959,123,True
26,151,2837,2959,122,True
29,150,2838,2959,121,True
13,146,2839,2943,104,True
49,138,2839,2959,120,True
22,163,2840,3007,167,True
33,134,2840,2959,119,True
37,166,2840,2959,119,True
11,141,2841,2943,102,True
38,142,2841,2943,102,True
39,134,2841,2959,118,True
44,136,2841,2959,118,True
12,146,2842,2943,101,True
18,149,2842,2943,101,True
29,151,2842,2959,117,True
12,147,2843,2943,100,True
24,126,2843,2943,100,True
15,144,2844,2943,99,True
46,157,2844,2959,115,True
21,128,2845,2943,98,True
44,137,2845,2959,114,True
13,147,2846,2943,97,True
27,146,2847,2943,96,True
44,138,2847,2959,112,True
21,129,2848,2943,95,True
41,158,2848,2959,111,True
44,139,2848,2959,111,True
1,138,2849,3007,158,True
36,147,2849,2959,110,True
1,139,2850,3007,157,True
2,128,2850,2943,93,True
15,145,2850,2943,93,True
19,131,2850,2943,93,True
25,147,2850,2959,109,True
10,158,2852,3007,155,True
27,147,2853,2943,90,True
37,167,2854,2959,105,True
41,159,2854,2959,105,True
44,140,2854,2959,105,True
7,125,2855,2943,88,True
9,158,2855,2943,88,True
38,143,2855,2943,88,True
46,158,2855,2959,104,True
4,125,2856,2943,87,True
22,164,2856,3007,151,True
4,126,2857,2943,86,True
19,132,2857,2943,86,True
20,150,2857,2943,86,True
27,148,2857,2943,86,True
28,149,2857,2959,102,True
35,162,2857,2943,86,True
49,139,2858,2959,101,True
19,133,2859,2943,84,True
18,150,2861,2943,82,True
19,134,2861,2943,82,True
7,126,2862,2943,81,True
9,159,2862,2943,81,True
23,127,2862,2943,81,True
13,148,2863,2943,80,True
23,128,2863,2943,80,True
2,129,2864,2943,79,True
8,116,2864,2943,79,True
42,145,2864,2943,79,True
16,152,2865,2943,78,True
46,159,2865,2959,94,True
40,123,2866,2943,77,True
9,160,2867,3007,140,True
48,132,2869,3052,183,True
35,163,2870,2943,73,True
43,157,2870,2959,89,True
45,132,2870,3052,182,True
47,128,2870,2943,73,True
13,149,2871,2943,72,True
7,127,2872,3007,135,True
25,148,2872,2959,87,True
1,140,2873,3007,134,True
2,130,2873,3007,134,True
6,134,2873,2943,70,True
7,128,2873,3007,134,True
20,151,2873,3007,134,True
35,164,2873,2943,70,True
26,152,2874,2959,85,True
28,150,2874,3052,178,True
37,168,2874,2959,85,True
43,158,2874,2959,85,True
0,107,2875,3007,132,True
45,133,2875,3052,177,True
49,140,2875,3052,177,True
21,130,2876,3007,131,True
6,135,2877,2943,66,True
21,131,2877,3007,130,True
2,131,2878,3007,129,True
30,148,2878,3007,129,True
37,169,2878,2959,81,True
44,141,2878,2959,81,True
46,160,2878,2959,81,True
21,132,2879,3007,128,True
37,170,2879,2959,80,True
47,129,2879,2943,64,True
29,152,2880,3052,172,True
43,159,2880,3052,172,True
46,161,2881,2959,78,True
9,161,2882,3007,125,True
10,159,2882,3007,125,True
40,124,2882,2943,61,True
8,117,2883,2943,60,True
48,133,2883,3052,169,True
19,135,2884,3007,123,True
48,134,2884,3052,168,True
15,146,2886,3007,121,True
32,147,2886,2959,73,True
11,142,2887,3007,120,True
37,171,2887,2959,72,True
10,160,2888,3007,119,True
16,153,2888,3007,119,True
17,170,2888,3007,119,True
28,151,2888,3052,164,True
49,141,2888,3052,164,True
9,162,2889,3007,118,True
28,152,2890,3052,162,True
0,108,2891,3007,116,True
46,162,2891,2959,68,True
47,130,2891,3185,294,True
7,129,2892,3007,115,True
46,163,2893,2959,66,True
21,133,2895,3007,112,True
25,149,2896,2959,63,True
26,153,2896,3052,156,True
33,135,2896,3052,156,True
45,134,2897,3052,155,True
4,127,2898,3007,109,True
21,134,2899,3007,108,True
28,153,2899,3052,153,True
36,148,2899,3052,153,True
30,149,2900,3007,107,True
36,149,2900,3052,152,True
7,130,2901,3007,106,True
36,150,2901,3052,151,True
38,144,2901,3007,106,True
12,148,2902,3007,105,True
38,145,2902,3007,105,True
22,165,2903,3014,111,True
41,160,2903,3052,149,True
1,141,2904,3007,103,True
27,149,2904,3007,103,True
13,150,2905,3007,102,True
21,135,2905,3014,109,True
17,171,2906,3007,101,True
19,136,2906,3007,101,True
30,150,2906,3007,101,True
49,142,2906,3052,146,True
11,143,2907,3007,100,True
16,154,2907,3014,107,True
29,153,2907,3052,145,True
30,151,2907,3007,100,True
7,131,2908,3007,99,True
18,151,2908,3014,106,True
39,135,2908,3052,144,True
36,151,2909,3052,143,True
27,150,2910,3007,97,True
38,146,2910,3007,97,True
46,164,2910,3007,97,True
49,143,2911,3052,141,True
12,149,2912,3007,95,True
3,138,2913,3007,94,True
11,144,2913,3007,94,True
4,128,2914,3007,93,True
33,136,2914,3052,138,True
38,147,2914,3007,93,True
6,136,2915,3014,99,True
20,152,2915,3007,92,True
30,152,2915,3007,92,True
38,148,2915,3007,92,True
48,135,2915,3052,137,True
49,144,2915,3052,137,True
10,161,2916,3007,91,True
26,154,2916,3052,136,True
9,163,2917,3007,90,True
23,129,2917,3007,90,True
1,142,2918,3014,96,True
3,139,2918,3007,89,True
31,153,2919,3052,133,True
3,140,2920,3007,87,True
5,145,2920,3014,94,True
44,142,2920,3052,132,True
3,141,2921,3007,86,True
28,154,2921,3052,131,True
29,154,2921,3052,131,True
37,172,2921,3052,131,True
13,151,2922,3007,85,True
41,161,2922,3052,130,True
0,109,2923,3014,91,True
19,137,2923,3007,84,True
41,162,2923,3052,129,True
13,152,2924,3007,83,True
22,166,2925,3014,89,True
17,172,2926,3007,81,True
31,154,2926,3052,126,True
48,136,2926,3052,126,True
3,142,2927,3014,87,True
45,135,2927,3052,125,True
21,136,2928,3014,86,True
21,137,2929,3014,85,True
23,130,2929,3007,78,True
49,145,2929,3052,123,True
5,146,2930,3014,84,True
24,127,2930,3014,84,True
44,143,2930,3052,122,True
17,173,2931,3007,76,True
22,167,2931,3014,83,True
45,136,2931,3052,121,True
21,138,2932,3014,82,True
22,168,2932,3014,82,True
23,131,2932,3007,75,True
34,152,2932,3052,120,True
49,146,2932,3052,120,True
6,137,2933,3014,81,True
26,155,2933,3052,119,True
37,173,2933,3052,119,True
20,153,2934,3014,80,True
35,165,2934,3007,73,True
45,137,2934,3052,118,True
8,118,2936,3007,71,True
17,174,2936,3007,71,True
25,150,2936,3052,116,True
27,151,2936,3007,71,True
30,153,2936,3052,116,True
38,149,2936,3007,71,True
46,165,2936,3007,71,True
4,129,2937,3052,115,True
20,154,2937,3014,77,True
22,169,2937,3014,77,True
35,166,2937,3007,70,True
45,138,2937,3052,115,True
35,167,2938,3007,69,True
3,143,2939,3036,97,True
8,119,2939,3052,113,True
39,136,2939,3052,113,True
5,147,2940,3014,74,True
31,155,2940,3052,112,True
26,156,2941,3052,111,True
28,155,2941,3052,111,True
33,137,2941,3104,163,True
1,143,2942,3014,72,True
19,138,2942,3036,94,True
24,128,2942,3036,94,True
31,156,2942,3052,110,True
41,163,2942,3052,110,True
11,145,2943,3007,64,True
29,155,2943,3052,109,True
32,148,2943,3052,109,True
38,150,2943,3007,64,True
41,164,2943,3052,109,True
42,146,2943,3007,64,True
44,144,2943,3052,109,True
18,152,2944,3036,92,True
10,162,2945,3007,62,True
9,164,2946,3014,68,True
49,147,2947,3052,105,True
0,110,2948,3014,66,True
19,139,2948,3036,88,True
12,150,2949,3014,65,True
18,153,2949,3036,87,True
27,152,2949,3007,58,True
43,160,2949,3104,155,True
4,130,2950,3052,102,True
13,153,2950,3036,86,True
20,155,2950,3014,64,True
27,153,2950,3007,57,True
30,154,2950,3052,102,True
35,168,2950,3052,102,True
40,125,2950,3052,102,True
12,151,2951,3014,63,True
15,147,2951,3036,85,True
41,165,2951,3052,101,True
13,154,2952,3036,84,True
12,152,2953,3014,61,True
28,156,2953,3052,99,True
44,145,2954,3052,98,True
16,155,2955,3073,118,True
26,157,2955,3052,97,True
0,111,2956,3036,80,True
18,154,2956,3036,80,True
22,170,2956,3036,80,True
0,112,2957,3036,79,True
22,171,2957,3036,79,True
26,158,2957,3052,95,True
32,149,2957,3052,95,True
6,138,2958,3014,56,True
19,140,2958,3036,78,True
22,172,2958,3036,78,True
46,166,2958,3007,49,True
48,137,2958,3052,94,True
18,155,2960,3036,76,True
0,113,2961,3036,75,True
34,153,2961,3052,91,True
46,167,2961,3052,91,True
47,131,2961,3185,224,True
11,146,2962,3185,223,True
14,147,2962,3036,74,True
28,157,2962,3052,90,True
38,151,2962,3052,90,True
44,146,2962,3052,90,True
39,137,2963,3196,233,True
3,144,2964,3036,72,True
17,175,2964,3036,72,True
29,156,2964,3052,88,True
43,161,2964,3104,140,True
46,168,2964,3052,88,True
11,147,2965,3185,220,True
42,147,2965,3052,87,True
4,131,2966,3052,86,True
11,148,2966,3185,219,True
20,156,2966,3036,70,True
23,132,2967,3052,85,True
44,147,2967,3052,85,True
49,148,2968,3052,84,True
21,139,2969,3185,216,True
32,150,2969,3052,83,True
39,138,2969,3196,227,True
9,165,2970,3073,103,True
20,157,2970,3036,66,True
22,173,2971,3036,65,True
45,139,2972,3052,80,True
42,148,2973,3052,79,True
10,163,2974,3036,62,True
15,148,2974,3036,62,True
16,156,2975,3073,98,True
18,156,2975,3052,77,True
36,152,2976,3052,76,True
4,132,2977,3052,75,True
9,166,2977,3073,96,True
10,164,2977,3036,59,True
40,126,2977,3052,75,True
31,157,2978,3104,126,True
33,138,2978,3104,126,True
1,144,2979,3073,94,True
17,176,2979,3052,73,True
21,140,2979,3185,206,True
8,120,2980,3052,72,True
10,165,2980,3036,56,True
15,149,2980,3036,56,True
35,169,2980,3185,205,True
5,148,2981,3052,71,True
37,174,2981,3052,71,True
40,127,2982,3052,70,True
24,129,2983,3052,69,True
9,167,2984,3073,89,True
43,162,2984,3104,120,True
44,148,2984,3052,68,True
23,133,2985,3052,67,True
24,130,2985,3052,67,True
31,158,2985,3104,119,True
46,169,2985,3185,200,True
48,138,2985,3052,67,True
1,145,2987,3073,86,True
30,155,2987,3185,198,True
45,140,2987,3052,65,True
25,151,2988,3052,64,True
28,158,2988,3104,116,True
41,166,2988,3104,116,True
5,149,2989,3052,63,True
31,159,2989,3104,115,True
42,149,2989,3052,63,True
11,149,2990,3185,195,True
12,153,2990,3073,83,True
20,158,2990,3036,46,True
41,167,2990,3104,114,True
29,157,2991,3052,61,True
38,152,2991,3185,194,True
30,156,2992,3185,193,True
34,154,2992,3052,60,True
49,149,2992,3052,60,True
27,154,2993,3052,59,True
22,174,2994,3052,58,True
46,170,2994,3185,191,True
15,150,2995,3185,190,True
12,154,2996,3073,77,True
19,141,2996,3073,77,True
48,139,2996,3052,56,True
6,139,2997,3185,188,True
35,170,2997,3185,188,True
22,175,2998,3052,54,True
33,139,2998,3104,106,True
21,141,3000,3185,185,True
7,132,3001,3073,72,True
17,177,3001,3185,184,True
18,157,3001,3052,51,True
21,142,3001,3185,184,True
41,168,3001,3104,103,True
36,153,3002,3052,50,True
38,153,3003,3185,182,True
48,140,3003,3052,49,True
9,168,3004,3185,181,True
19,142,3004,3073,69,True
40,128,3004,3185,181,True
19,143,3005,3073,68,True
31,160,3005,3104,99,True
1,146,3006,3185,179,True
12,155,3006,3073,67,True
33,140,3006,3104,98,True
5,150,3007,3185,178,True
36,154,3007,3104,97,True
27,155,3008,3185,177,True
30,157,3008,3185,177,True
4,133,3009,3073,64,True
22,176,3009,3073,64,True
27,156,3010,3185,175,True
2,132,3011,3185,174,True
34,155,3011,3052,41,True
38,154,3011,3185,174,True
41,169,3011,3104,93,True
1,147,3012,3185,173,True
21,143,3012,3185,173,True
23,134,3012,3073,61,True
33,141,3012,3196,184,True
42,150,3012,3185,173,True
7,133,3013,3185,172,True
26,159,3013,3196,183,True
13,155,3014,3185,171,True
24,131,3014,3073,59,True
32,151,3014,3196,182,True
11,150,3015,3185,170,True
49,150,3015,3052,37,True
3,145,3016,3185,169,True
1,148,3017,3185,168,True
24,132,3017,3073,56,True
26,160,3017,3196,179,True
35,171,3017,3185,168,True
3,146,3018,3185,167,True
21,144,3018,3185,167,True
45,141,3019,3196,177,True
3,147,3020,3185,165,True
26,161,3020,3196,176,True
12,156,3021,3185,164,True
11,151,3022,3185,163,True
17,178,3022,3185,163,True
48,141,3022,3196,174,True
21,145,3023,3185,162,True
35,172,3023,3185,162,True
41,170,3023,3196,173,True
2,133,3024,3185,161,True
8,121,3024,3185,161,True
13,156,3024,3185,161,True
38,155,3024,3185,161,True
39,139,3024,3196,172,True
40,129,3024,3185,161,True
43,163,3025,3196,171,True
18,158,3026,3073,47,True
38,156,3026,3185,159,True
4,134,3027,3073,46,True
32,152,3027,3196,169,True
26,162,3028,3196,168,True
38,157,3028,3185,157,True
0,114,3029,3185,156,True
5,151,3029,3185,156,True
15,151,3029,3185,156,True
26,163,3029,3196,167,True
22,177,3030,3185,155,True
37,175,3030,3104,74,True
40,130,3030,3185,155,True
49,151,3030,3196,166,True
6,140,3031,3185,154,True
0,115,3032,3185,153,True
12,157,3032,3185,153,True
43,164,3032,3196,164,True
19,144,3033,3185,152,True
5,152,3034,3185,151,True
13,157,3034,3185,151,True
25,152,3034,3104,70,True
1,149,3035,3185,150,True
16,157,3035,3185,150,True
11,152,3036,3185,149,True
31,161,3036,3196,160,True
49,152,3036,3196,160,True
14,148,3037,3185,148,True
36,155,3037,3196,159,True
43,165,3037,3196,159,True
42,151,3038,3185,147,True
5,153,3039,3185,146,True
11,153,3039,3185,146,True
17,179,3039,3185,146,True
31,162,3039,3196,157,True
25,153,3040,3196,156,True
7,134,3041,3185,144,True
12,158,3041,3185,144,True
32,153,3041,3196,155,True
37,176,3041,3196,155,True
12,159,3042,3185,143,True
37,177,3042,3196,154,True
40,131,3042,3185,143,True
13,158,3043,3185,142,True
45,142,3043,3196,153,True
19,145,3044,3185,141,True
49,153,3044,3196,152,True
8,122,3045,3185,140,True
26,164,3045,3196,151,True
43,166,3045,3196,151,True
26,165,3046,3196,150,True
41,171,3046,3196,150,True
4,135,3047,3185,138,True
34,156,3047,3104,57,True
44,149,3047,3196,149,True
1,150,3048,3185,137,True
14,149,3048,3185,137,True
16,158,3048,3185,137,True
21,146,3048,3185,137,True
40,132,3048,3185,137,True
48,142,3048,3196,148,True
49,154,3048,3196,148,True
3,148,3049,3199,150,True
6,141,3049,3185,136,True
21,147,3049,3185,136,True
9,169,3050,3185,135,True
15,152,3050,3185,135,True
14,150,3051,3185,134,True
28,159,3051,3196,145,True
35,173,3051,3185,134,True
29,158,3052,3196,144,True
34,157,3052,3196,144,True
40,133,3053,3185,132,True
6,142,3054,3185,131,True
11,154,3054,3185,131,True
35,174,3055,3185,130,True
2,134,3056,3185,129,True
16,159,3056,3185,129,True
25,154,3056,3196,140,True
36,156,3056,3196,140,True
33,142,3057,3196,139,True
44,150,3057,3196,139,True
38,158,3058,3185,127,True
0,116,3059,3185,126,True
12,160,3059,3185,126,True
36,157,3059,3196,137,True
36,158,3060,3196,136,True
39,140,3060,3196,136,True
47,132,3060,3185,125,True
2,135,3061,3185,124,True
13,159,3061,3185,124,True
25,155,3061,3196,135,True
13,160,3064,3185,121,True
26,166,3064,3196,132,True
49,155,3065,3196,131,True
6,143,3066,3197,131,True
32,154,3066,3196,130,True
22,178,3067,3185,118,True
36,159,3067,3242,175,True
47,133,3067,3185,118,True
9,170,3068,3197,129,True
34,158,3068,3196,128,True
38,159,3068,3185,117,True
39,141,3068,3196,128,True
44,151,3068,3196,128,True
10,166,3069,3185,116,True
21,148,3069,3185,116,True
29,159,3069,3196,127,True
46,171,3069,3185,116,True
47,134,3069,3185,116,True
10,167,3070,3185,115,True
16,160,3070,3197,127,True
31,163,3070,3196,126,True
33,143,3070,3196,126,True
8,123,3071,3185,114,True
6,144,3072,3197,125,True
25,156,3072,3196,124,True
12,161,3073,3185,112,True
24,133,3073,3197,124,True
38,160,3073,3185,112,True
41,172,3073,3242,169,True
49,156,3073,3196,123,True
9,171,3074,3197,123,True
25,157,3074,3196,122,True
44,152,3074,3196,122,True
8,124,3075,3185,110,True
15,153,3075,3197,122,True
33,144,3075,3196,121,True
44,153,3075,3196,121,True
3,149,3076,3199,123,True
35,175,3076,3228,152,True
45,143,3076,3196,120,True
5,154,3077,3185,108,True
23,135,3077,3196,119,True
2,136,3078,3197,119,True
17,180,3078,3185,107,True
13,161,3080,3185,105,True
40,134,3081,3185,104,True
12,162,3083,3185,102,True
30,158,3083,3197,114,True
40,135,3083,3185,102,True
44,154,3083,3196,113,True
26,167,3084,3196,112,True
41,173,3084,3242,158,True
14,151,3085,3197,112,True
37,178,3085,3196,111,True
44,155,3085,3196,111,True
3,150,3086,3199,113,True
7,135,3088,3199,111,True
11,155,3088,3185,97,True
15,154,3088,3197,109,True
1,151,3089,3197,108,True
8,125,3089,3185,96,True
11,156,3089,3185,96,True
41,174,3089,3242,153,True
2,137,3090,3197,107,True
22,179,3090,3197,107,True
24,134,3090,3197,107,True
33,145,3090,3196,106,True
9,172,3091,3197,106,True
10,168,3091,3197,106,True
12,163,3091,3199,108,True
40,136,3091,3185,94,True
12,164,3092,3199,107,True
47,135,3092,3197,105,True
7,136,3094,3199,105,True
25,158,3094,3196,102,True
36,160,3094,3242,148,True
4,136,3095,3185,90,True
6,145,3095,3197,102,True
10,169,3095,3197,102,True
28,160,3095,3242,147,True
39,142,3095,3196,101,True
16,161,3096,3197,101,True
34,159,3096,3196,100,True
1,152,3097,3197,100,True
12,165,3097,3199,102,True
23,136,3097,3196,99,True
41,175,3097,3242,145,True
19,146,3099,3199,100,True
41,176,3099,3242,143,True
31,164,3100,3196,96,True
42,152,3100,3196,96,True
43,167,3100,3242,142,True
47,136,3100,3197,97,True
29,160,3102,3196,94,True
39,143,3102,3196,94,True
40,137,3102,3197,95,True
15,155,3103,3197,94,True
25,159,3103,3196,93,True
27,157,3103,3185,82,True
37,179,3103,3196,93,True
8,126,3104,3185,81,True
34,160,3104,3196,92,True
40,138,3105,3197,92,True
8,127,3106,3185,79,True
25,160,3107,3196,89,True
35,176,3108,3228,120,True
40,139,3108,3197,89,True
31,165,3109,3228,119,True
3,151,3110,3199,89,True
6,146,3110,3199,89,True
27,158,3110,3197,87,True
38,161,3110,3197,87,True
3,152,3111,3199,88,True
8,128,3111,3197,86,True
10,170,3111,3197,86,True
4,137,3112,3228,116,True
11,157,3112,3197,85,True
15,156,3113,3367,254,True
37,180,3113,3196,83,True
47,137,3113,3197,84,True
22,180,3115,3199,84,True
26,168,3115,3228,113,True
37,181,3115,3196,81,True
41,177,3115,3242,127,True
3,153,3116,3199,83,True
10,171,3116,3197,81,True
12,166,3116,3199,83,True
21,149,3116,3199,83,True
29,161,3116,3309,193,True
39,144,3116,3228,112,True
43,168,3116,3242,126,True
44,156,3116,3196,80,True
48,143,3116,3242,126,True
17,181,3117,3197,80,True
28,161,3117,3242,125,True
7,137,3118,3199,81,True
17,182,3118,3197,79,True
36,161,3118,3242,124,True
30,159,3119,3197,78,True
8,129,3120,3197,77,True
38,162,3120,3197,77,True
44,157,3120,3196,76,True
13,162,3121,3197,76,True
28,162,3121,3309,188,True
10,172,3122,3197,75,True
28,163,3124,3309,185,True
29,162,3124,3309,185,True
13,163,3125,3197,72,True
32,155,3125,3228,103,True
39,145,3125,3228,103,True
41,178,3125,3242,117,True
0,117,3126,3199,73,True
1,153,3126,3285,159,True
21,150,3126,3367,241,True
22,181,3126,3199,73,True
31,166,3126,3242,116,True
3,154,3127,3199,72,True
12,167,3127,3199,72,True
34,161,3128,3196,68,True
38,163,3128,3197,69,True
21,151,3129,3367,238,True
7,138,3130,3199,69,True
14,152,3130,3199,69,True
18,159,3130,3199,69,True
24,135,3131,3199,68,True
27,159,3131,3197,66,True
41,179,3132,3242,110,True
37,182,3133,3228,95,True
41,180,3133,3242,109,True
46,172,3133,3197,64,True
35,177,3135,3228,93,True
20,159,3136,3199,63,True
31,167,3136,3242,106,True
39,146,3136,3228,92,True
10,173,3137,3197,60,True
29,163,3137,3309,172,True
42,153,3137,3197,60,True
45,144,3137,3309,172,True
10,174,3138,3197,59,True
31,168,3138,3242,104,True
38,164,3138,3197,59,True
49,157,3138,3242,104,True
8,130,3139,3228,89,True
15,157,3139,3367,228,True
17,183,3139,3197,58,True
42,154,3139,3197,58,True
30,160,3140,3263,123,True
36,162,3140,3424,284,True
42,155,3140,3197,57,True
46,173,3140,3197,57,True
1,154,3141,3285,144,True
2,138,3141,3199,58,True
21,152,3141,3367,226,True
25,161,3142,3228,86,True
34,162,3142,3196,54,True
47,138,3142,3263,121,True
34,163,3144,3228,84,True
10,175,3145,3263,118,True
12,168,3145,3199,54,True
26,169,3145,3242,97,True
31,169,3145,3242,97,True
32,156,3145,3228,83,True
3,155,3146,3199,53,True
13,164,3147,3199,52,True
29,164,3147,3309,162,True
42,156,3147,3228,81,True
40,140,3148,3197,49,True
41,181,3148,3242,94,True
20,160,3149,3199,50,True
38,165,3149,3197,48,True
11,158,3150,3197,47,True
47,139,3150,3263,113,True
0,118,3152,3285,133,True
3,156,3152,3199,47,True
4,138,3152,3228,76,True
15,158,3152,3367,215,True
21,153,3152,3367,215,True
39,147,3152,3242,90,True
38,166,3153,3197,44,True
46,174,3153,3242,89,True
5,155,3154,3199,45,True
39,148,3154,3242,88,True
18,160,3155,3199,44,True
37,183,3156,3242,86,True
46,175,3156,3242,86,True
48,144,3156,3242,86,True
8,131,3157,3228,71,True
22,182,3157,3199,42,True
14,153,3158,3199,41,True
31,170,3158,3242,84,True
49,158,3158,3242,84,True
4,139,3159,3228,69,True
46,176,3159,3242,83,True
17,184,3160,3197,37,True
28,164,3160,3309,149,True
34,164,3160,3242,82,True
37,184,3160,3242,82,True
2,139,3161,3285,124,True
41,182,3161,3242,81,True
44,158,3161,3309,148,True
45,145,3161,3309,148,True
6,147,3162,3199,37,True
32,157,3162,3363,201,True
2,140,3163,3285,122,True
34,165,3163,3242,79,True
2,141,3164,3285,121,True
8,132,3164,3228,64,True
13,165,3165,3199,34,True
19,147,3165,3224,59,True
36,163,3165,3424,259,True
45,146,3165,3309,144,True
46,177,3165,3242,77,True
15,159,3166,3367,201,True
11,159,3167,3367,200,True
16,162,3167,3224,57,True
24,136,3167,3199,32,True
46,178,3167,3242,75,True
17,185,3168,3367,199,True
7,139,3169,3263,94,True
23,137,3169,3242,73,True
43,169,3169,3242,73,True
38,167,3170,3263,93,True
49,159,3170,3242,72,True
4,140,3171,3228,57,True
24,137,3171,3228,57,True
29,165,3171,3309,138,True
42,157,3171,3242,71,True
39,149,3172,3309,137,True
8,133,3173,3228,55,True
10,176,3173,3285,112,True
30,161,3173,3285,112,True
44,159,3173,3309,136,True
22,183,3174,3263,89,True
30,162,3174,3285,111,True
32,158,3174,3363,189,True
46,179,3174,3242,68,True
37,185,3175,3242,67,True
46,180,3175,3242,67,True
47,140,3175,3263,88,True
26,170,3176,3309,133,True
32,159,3176,3363,187,True
34,166,3176,3242,66,True
48,145,3176,3242,66,True
23,138,3177,3242,65,True
48,146,3177,3242,65,True
30,163,3179,3285,106,True
2,142,3181,3285,104,True
18,161,3181,3263,82,True
29,166,3181,3309,128,True
3,157,3182,3263,81,True
29,167,3182,3309,127,True
31,171,3182,3242,60,True
45,147,3182,3309,127,True
6,148,3183,3228,45,True
15,160,3183,3367,184,True
21,154,3183,3367,184,True
25,162,3183,3242,59,True
17,186,3184,3367,183,True
44,160,3185,3309,124,True
1,155,3186,3285,99,True
41,183,3186,3309,123,True
13,166,3187,3263,76,True
44,161,3187,3309,122,True
22,184,3188,3263,75,True
31,172,3188,3309,121,True
33,146,3188,3309,121,True
2,143,3189,3285,96,True
6,149,3189,3228,39,True
21,155,3189,3367,178,True
25,163,3189,3309,120,True
19,148,3190,3263,73,True
32,160,3190,3363,173,True
3,158,3191,3285,94,True
6,150,3191,3285,94,True
11,160,3191,3367,176,True
22,185,3191,3263,72,True
13,167,3192,3263,71,True
21,156,3192,3367,175,True
11,161,3194,3367,173,True
15,161,3194,3367,173,True
19,149,3194,3263,69,True
39,150,3194,3309,115,True
12,169,3195,3263,68,True
21,157,3195,3367,172,True
0,119,3196,3285,89,True
13,168,3196,3263,67,True
44,162,3196,3309,113,True
6,151,3197,3285,88,True
18,162,3197,3367,170,True
17,187,3198,3367,169,True
18,163,3198,3367,169,True
40,141,3198,3285,87,True
3,159,3199,3285,86,True
14,154,3199,3263,64,True
35,178,3199,3263,64,True
37,186,3199,3309,110,True
41,184,3199,3309,110,True
2,144,3200,3367,167,True
4,141,3200,3263,63,True
40,142,3200,3285,85,True
0,120,3201,3367,166,True
26,171,3201,3309,108,True
41,185,3201,3309,108,True
21,158,3202,3367,165,True
44,163,3202,3309,107,True
9,173,3203,3285,82,True
5,156,3204,3285,81,True
10,177,3204,3285,81,True
32,161,3204,3363,159,True
45,148,3204,3424,220,True
19,150,3205,3285,80,True
37,187,3205,3309,104,True
41,186,3205,3309,104,True
44,164,3205,3309,104,True
47,141,3205,3367,162,True
1,156,3206,3285,79,True
48,147,3206,3363,157,True
30,164,3207,3285,78,True
33,147,3207,3309,102,True
34,167,3208,3309,101,True
38,168,3208,3285,77,True
2,145,3209,3367,158,True
16,163,3209,3367,158,True
20,161,3209,3285,76,True
22,186,3209,3285,76,True
32,162,3209,3363,154,True
38,169,3209,3285,76,True
40,143,3209,3285,76,True
42,158,3209,3263,54,True
43,170,3209,3363,154,True
12,170,3210,3285,75,True
15,162,3210,3367,157,True
47,142,3210,3367,157,True
30,165,3211,3367,156,True
17,188,3212,3367,155,True
29,168,3213,3309,96,True
37,188,3213,3309,96,True
42,159,3213,3263,50,True
16,164,3214,3367,153,True
21,159,3214,3367,153,True
23,139,3214,3263,49,True
2,146,3215,3367,152,True
12,171,3215,3285,70,True
42,160,3215,3263,48,True
17,189,3216,3367,151,True
22,187,3216,3285,69,True
38,170,3216,3285,69,True
2,147,3217,3367,150,True
4,142,3217,3285,68,True
6,152,3217,3285,68,True
12,172,3217,3285,68,True
2,148,3218,3367,149,True
14,155,3218,3285,67,True
15,163,3218,3367,149,True
20,162,3218,3367,149,True
36,164,3219,3424,205,True
41,187,3219,3363,144,True
28,165,3220,3363,143,True
45,149,3220,3424,204,True
0,121,3221,3367,146,True
24,138,3221,3285,64,True
6,153,3222,3285,63,True
12,173,3222,3367,145,True
17,190,3222,3367,145,True
0,122,3225,3367,142,True
18,164,3225,3367,142,True
24,139,3225,3285,60,True
4,143,3226,3285,59,True
18,165,3226,3367,141,True
30,166,3226,3367,141,True
27,160,3228,3404,176,True
34,168,3228,3309,81,True
4,144,3229,3285,56,True
5,157,3229,3367,138,True
23,140,3229,3285,56,True
29,169,3229,3363,134,True
26,172,3230,3363,133,True
1,157,3231,3367,136,True
9,174,3231,3367,136,True
19,151,3231,3367,136,True
24,140,3232,3367,135,True
14,156,3233,3367,134,True
3,160,3234,3367,133,True
32,163,3234,3363,129,True
1,158,3235,3367,132,True
8,134,3235,3309,74,True
34,169,3235,3309,74,True
49,160,3235,3309,74,True
1,159,3236,3367,131,True
9,175,3236,3367,131,True
33,148,3236,3363,127,True
21,160,3237,3367,130,True
35,179,3237,3309,72,True
37,189,3237,3309,72,True
46,181,3237,3309,72,True
10,178,3238,3367,129,True
41,188,3238,3363,125,True
25,164,3239,3363,124,True
15,164,3240,3367,127,True
20,163,3240,3367,127,True
36,165,3240,3424,184,True
43,171,3240,3363,123,True
0,123,3242,3367,125,True
28,166,3242,3363,121,True
44,165,3242,3309,67,True
0,124,3243,3367,124,True
34,170,3243,3309,66,True
39,151,3243,3363,120,True
9,176,3245,3367,122,True
27,161,3245,3404,159,True
43,172,3245,3424,179,True
3,161,3246,3367,121,True
16,165,3246,3367,121,True
38,171,3246,3367,121,True
45,150,3246,3424,178,True
20,164,3247,3367,120,True
47,143,3248,3367,119,True
48,148,3248,3424,176,True
29,170,3249,3363,114,True
33,149,3249,3443,194,True
38,172,3250,3367,117,True
41,189,3250,3363,113,True
17,191,3251,3367,116,True
25,165,3251,3363,112,True
43,173,3251,3424,173,True
11,162,3252,3367,115,True
8,135,3254,3367,113,True
22,188,3254,3367,113,True
27,162,3254,3404,150,True
20,165,3255,3367,112,True
25,166,3255,3363,108,True
29,171,3255,3363,108,True
6,154,3256,3367,111,True
42,161,3256,3367,111,True
49,161,3256,3363,107,True
22,189,3257,3404,147,True
21,161,3258,3404,146,True
4,145,3259,3367,108,True
18,166,3259,3367,108,True
36,166,3259,3424,165,True
14,157,3260,3367,107,True
21,162,3260,3404,144,True
49,162,3261,3363,102,True
32,164,3262,3363,101,True
46,182,3262,3367,105,True
12,174,3263,3404,141,True
45,151,3263,3424,161,True
43,174,3264,3424,160,True
49,163,3264,3363,99,True
27,163,3266,3404,138,True
32,165,3266,3363,97,True
49,164,3266,3363,97,True
9,177,3267,3367,100,True
33,150,3267,3443,176,True
36,167,3267,3424,157,True
3,162,3268,3404,136,True
5,158,3268,3404,136,True
38,173,3268,3367,99,True
1,160,3270,3404,134,True
11,163,3271,3367,96,True
37,190,3271,3363,92,True
47,144,3271,3367,96,True
15,165,3272,3367,95,True
20,166,3272,3367,95,True
2,149,3273,3404,131,True
18,167,3273,3404,131,True
22,190,3273,3404,131,True
28,167,3274,3424,150,True
33,151,3274,3443,169,True
43,175,3274,3424,150,True
2,150,3275,3404,129,True
26,173,3275,3363,88,True
47,145,3275,3367,92,True
49,165,3275,3363,88,True
6,155,3276,3404,128,True
7,140,3276,3404,128,True
47,146,3276,3367,91,True
19,152,3277,3404,127,True
32,166,3277,3363,86,True
42,162,3277,3367,90,True
16,166,3278,3404,126,True
33,152,3278,3443,165,True
34,171,3278,3367,89,True
35,180,3278,3367,89,True
42,163,3278,3367,89,True
23,141,3279,3367,88,True
45,152,3280,3424,144,True
15,166,3281,3404,123,True
24,141,3281,3404,123,True
25,167,3281,3363,82,True
32,167,3282,3424,142,True
13,169,3283,3404,121,True
10,179,3284,3404,120,True
18,168,3284,3404,120,True
26,174,3284,3363,79,True
34,172,3284,3367,83,True
46,183,3284,3367,83,True
16,167,3285,3404,119,True
49,166,3285,3363,78,True
16,168,3286,3404,118,True
39,152,3286,3424,138,True
45,153,3286,3424,138,True
49,167,3287,3363,76,True
23,142,3288,3367,79,True
18,169,3289,3404,115,True
27,164,3289,3404,115,True
5,159,3290,3404,114,True
19,153,3291,3404,113,True
25,168,3291,3363,72,True
38,174,3291,3367,76,True
48,149,3291,3424,133,True
45,154,3292,3424,132,True
0,125,3293,3404,111,True
25,169,3293,3363,70,True
30,167,3293,3404,111,True
32,168,3293,3424,131,True
27,165,3294,3404,110,True
31,173,3294,3424,130,True
36,168,3294,3424,130,True
46,184,3295,3367,72,True
5,160,3296,3404,108,True
15,167,3296,3404,108,True
43,176,3296,3443,147,True
49,168,3296,3424,128,True
4,146,3297,3404,107,True
13,170,3297,3404,107,True
44,166,3297,3424,127,True
12,175,3298,3404,106,True
13,171,3298,3404,106,True
4,147,3299,3404,105,True
20,167,3299,3404,105,True
35,181,3299,3404,105,True
30,168,3300,3404,104,True
13,172,3301,3404,103,True
29,172,3301,3424,123,True
11,164,3302,3404,102,True
3,163,3303,3404,101,True
11,165,3303,3404,101,True
31,174,3303,3424,121,True
34,173,3303,3367,64,True
42,164,3303,3404,101,True
0,126,3304,3404,100,True
35,182,3304,3404,100,True
41,190,3304,3424,120,True
48,150,3304,3424,120,True
5,161,3305,3404,99,True
17,192,3305,3404,99,True
28,168,3305,3424,119,True
34,174,3306,3367,61,True
37,191,3306,3424,118,True
6,156,3307,3404,97,True
15,168,3307,3404,97,True
20,168,3307,3404,97,True
47,147,3307,3404,97,True
1,161,3308,3404,96,True
23,143,3309,3424,115,True
24,142,3309,3404,95,True
0,127,3311,3404,93,True
21,163,3312,3404,92,True
30,169,3313,3404,91,True
35,183,3313,3404,91,True
46,185,3313,3424,111,True
4,148,3314,3404,90,True
24,143,3314,3404,90,True
25,170,3314,3424,110,True
27,166,3314,3404,90,True
39,153,3314,3424,110,True
40,144,3315,3404,89,True
24,144,3316,3404,88,True
16,169,3317,3404,87,True
44,167,3317,3424,107,True
12,176,3318,3404,86,True
42,165,3318,3404,86,True
47,148,3318,3404,86,True
4,149,3319,3521,202,True
4,150,3320,3521,201,True
8,136,3320,3404,84,True
13,173,3320,3404,84,True
36,169,3320,3443,123,True
45,155,3320,3424,104,True
8,137,3321,3404,83,True
19,154,3321,3440,119,True
18,170,3322,3404,82,True
9,178,3323,3404,81,True
6,157,3324,3404,80,True
0,128,3325,3404,79,True
13,174,3325,3404,79,True
15,169,3325,3404,79,True
19,155,3325,3440,115,True
33,153,3325,3443,118,True
39,154,3325,3424,99,True
44,168,3325,3424,99,True
7,141,3326,3404,78,True
18,171,3327,3404,77,True
25,171,3327,3424,97,True
31,175,3327,3424,97,True
35,184,3327,3404,77,True
43,177,3327,3443,116,True
7,142,3328,3404,76,True
17,193,3328,3404,76,True
25,172,3328,3424,96,True
40,145,3328,3404,76,True
49,169,3328,3424,96,True
36,170,3329,3443,114,True
49,170,3329,3424,95,True
23,144,3330,3424,94,True
26,175,3330,3443,113,True
32,169,3330,3481,151,True
45,156,3330,3443,113,True
0,129,3331,3404,73,True
22,191,3331,3440,109,True
32,170,3332,3481,149,True
7,143,3333,3440,107,True
16,170,3333,3521,188,True
19,156,3333,3440,107,True
24,145,3333,3404,71,True
43,178,3333,3443,110,True
1,162,3334,3404,70,True
16,171,3334,3521,187,True
9,179,3335,3404,69,True
45,157,3335,3443,108,True
47,149,3335,3404,69,True
8,138,3336,3404,68,True
34,175,3336,3424,88,True
40,146,3336,3404,68,True
6,158,3337,3404,67,True
12,177,3337,3404,67,True
33,154,3337,3443,106,True
42,166,3337,3424,87,True
1,163,3338,3404,66,True
7,144,3338,3440,102,True
9,180,3338,3404,66,True
0,130,3339,3440,101,True
29,173,3339,3443,104,True
25,173,3340,3424,84,True
30,170,3342,3404,62,True
47,150,3342,3404,62,True
12,178,3343,3404,61,True
34,176,3343,3424,81,True
2,151,3344,3521,177,True
15,170,3344,3440,96,True
21,164,3344,3521,177,True
32,171,3344,3481,137,True
41,191,3345,3443,98,True
8,139,3346,3404,58,True
12,179,3346,3404,58,True
42,167,3346,3424,78,True
22,192,3347,3521,174,True
42,168,3348,3424,76,True
0,131,3349,3440,91,True
6,159,3349,3521,172,True
9,181,3349,3440,91,True
2,152,3350,3521,171,True
10,180,3350,3440,90,True
46,186,3350,3424,74,True
11,166,3351,3440,89,True
5,162,3352,3404,52,True
39,155,3352,3443,91,True
42,169,3352,3424,72,True
48,151,3352,3443,91,True
3,164,3354,3440,86,True
15,171,3354,3440,86,True
24,146,3354,3440,86,True
45,158,3354,3507,153,True
11,167,3355,3440,85,True
14,158,3355,3521,166,True
0,132,3356,3440,84,True
3,165,3356,3440,84,True
6,160,3356,3521,165,True
18,172,3356,3404,48,True
23,145,3357,3424,67,True
45,159,3357,3507,150,True
11,168,3358,3440,82,True
38,175,3358,3443,85,True
47,151,3358,3443,85,True
11,169,3360,3440,80,True
44,169,3360,3443,83,True
39,156,3361,3443,82,True
4,151,3362,3521,159,True
37,192,3362,3443,81,True
19,157,3363,3521,158,True
20,169,3363,3521,158,True
25,174,3363,3443,80,True
14,159,3364,3521,157,True
13,175,3365,3440,75,True
15,172,3366,3440,74,True
36,171,3366,3507,141,True
12,180,3368,3440,72,True
33,155,3368,3507,139,True
41,192,3368,3507,139,True
1,164,3369,3609,240,True
27,167,3369,3443,74,True
28,169,3369,3507,138,True
39,157,3369,3507,138,True
25,175,3370,3481,111,True
33,156,3370,3507,137,True
9,182,3371,3521,150,True
10,181,3371,3521,150,True
16,172,3371,3521,150,True
23,146,3371,3443,72,True
40,147,3371,3521,150,True
26,176,3372,3542,170,True
29,174,3372,3507,135,True
35,185,3372,3424,52,True
36,172,3372,3507,135,True
4,152,3373,3521,148,True
10,182,3373,3521,148,True
30,171,3373,3443,70,True
38,176,3373,3443,70,True
33,157,3374,3507,133,True
42,170,3374,3443,69,True
34,177,3375,3443,68,True
37,193,3375,3481,106,True
10,183,3376,3521,145,True
12,181,3376,3521,145,True
25,176,3376,3481,105,True
6,161,3377,3521,144,True
33,158,3377,3507,130,True
36,173,3378,3507,129,True
10,184,3379,3521,142,True
44,170,3379,3481,102,True
14,160,3380,3521,141,True
27,168,3380,3443,63,True
32,172,3380,3481,101,True
1,165,3381,3609,228,True
15,173,3381,3521,140,True
20,170,3381,3521,140,True
45,160,3381,3542,161,True
11,170,3383,3521,138,True
43,179,3383,3507,124,True
15,174,3384,3609,225,True
27,169,3384,3443,59,True
29,175,3385,3507,122,True
26,177,3386,3542,156,True
14,161,3387,3521,134,True
19,158,3387,3521,134,True
24,147,3387,3521,134,True
34,178,3387,3481,94,True
49,171,3387,3507,120,True
2,153,3388,3521,133,True
20,171,3388,3521,133,True
39,158,3388,3507,119,True
46,187,3388,3443,55,True
5,163,3389,3521,132,True
21,165,3389,3521,132,True
28,170,3389,3542,153,True
40,148,3389,3521,132,True
41,193,3389,3542,153,True
43,180,3389,3507,118,True
4,153,3390,3521,131,True
35,186,3390,3443,53,True
13,176,3391,3521,130,True
23,147,3391,3443,52,True
25,177,3391,3481,90,True
39,159,3391,3507,116,True
24,148,3392,3521,129,True
29,176,3392,3507,115,True
9,183,3393,3521,128,True
40,149,3394,3521,127,True
47,152,3394,3521,127,True
7,145,3395,3521,126,True
32,173,3395,3507,112,True
40,150,3395,3521,126,True
22,193,3396,3521,125,True
47,153,3396,3521,125,True
1,166,3397,3609,212,True
2,154,3397,3521,124,True
8,140,3397,3521,124,True
42,171,3397,3443,46,True
45,161,3397,3542,145,True
27,170,3398,3443,45,True
47,154,3398,3521,123,True
48,152,3398,3542,144,True
49,172,3398,3507,109,True
5,164,3399,3521,122,True
24,149,3399,3521,122,True
49,173,3399,3507,108,True
30,172,3400,3443,43,True
31,176,3400,3507,107,True
38,177,3400,3443,43,True
9,184,3401,3521,120,True
22,194,3401,3521,120,True
0,133,3402,3521,119,True
5,165,3403,3521,118,True
37,194,3403,3542,139,True
43,181,3403,3507,104,True
29,177,3404,3542,138,True
32,174,3404,3563,159,True
4,154,3405,3521,116,True
8,141,3405,3521,116,True
12,182,3405,3521,116,True
35,187,3405,3521,116,True
37,195,3405,3542,137,True
47,155,3405,3521,116,True
30,173,3407,3609,202,True
5,166,3408,3521,113,True
37,196,3408,3542,134,True
46,188,3408,3481,73,True
1,167,3409,3609,200,True
14,162,3409,3521,112,True
15,175,3409,3609,200,True
30,174,3409,3609,200,True
31,177,3409,3507,98,True
25,178,3410,3507,97,True
47,156,3411,3521,110,True
14,163,3412,3521,109,True
15,176,3412,3609,197,True
24,150,3412,3521,109,True
18,173,3413,3521,108,True
15,177,3414,3609,195,True
2,155,3415,3521,106,True
9,185,3415,3521,106,True
22,195,3415,3521,106,True
9,186,3416,3521,105,True
25,179,3416,3507,91,True
5,167,3417,3521,104,True
37,197,3417,3542,125,True
14,164,3419,3521,102,True
23,148,3419,3521,102,True
16,173,3420,3573,153,True
22,196,3420,3521,101,True
11,171,3421,3521,100,True
15,178,3421,3609,188,True
27,171,3421,3521,100,True
7,146,3422,3521,99,True
10,185,3422,3521,99,True
23,149,3422,3521,99,True
37,198,3422,3542,120,True
12,183,3423,3521,98,True
20,172,3423,3521,98,True
38,178,3423,3521,98,True
39,160,3423,3542,119,True
42,172,3423,3521,98,True
46,189,3423,3521,98,True
5,168,3424,3521,97,True
27,172,3424,3521,97,True
34,179,3424,3507,83,True
36,174,3424,3542,118,True
38,179,3424,3521,97,True
49,174,3424,3542,118,True
43,182,3425,3542,117,True
5,169,3426,3521,95,True
15,179,3426,3609,183,True
38,180,3426,3521,95,True
1,168,3427,3609,182,True
12,184,3427,3521,94,True
16,174,3427,3573,146,True
36,175,3427,3542,115,True
49,175,3427,3542,115,True
1,169,3430,3609,179,True
4,155,3430,3521,91,True
22,197,3430,3521,91,True
32,175,3430,3563,133,True
33,159,3430,3542,112,True
45,162,3430,3542,112,True
49,176,3430,3542,112,True
15,180,3432,3609,177,True
23,150,3432,3521,89,True
21,166,3433,3521,88,True
43,183,3433,3542,109,True
31,178,3434,3542,108,True
33,160,3434,3542,108,True
37,199,3434,3542,108,True
46,190,3434,3521,87,True
48,153,3434,3542,108,True
42,173,3435,3521,86,True
30,175,3436,3609,173,True
7,147,3437,3521,84,True
22,198,3437,3521,84,True
7,148,3438,3521,83,True
40,151,3438,3521,83,True
25,180,3439,3542,103,True
32,176,3439,3563,124,True
27,173,3440,3521,81,True
36,176,3440,3542,102,True
47,157,3440,3521,81,True
26,178,3441,3542,101,True
9,187,3442,3521,79,True
12,185,3442,3521,79,True
13,177,3442,3573,131,True
22,199,3442,3521,79,True
39,161,3442,3542,100,True
40,152,3442,3521,79,True
28,171,3443,3542,99,True
36,177,3443,3542,99,True
46,191,3443,3521,78,True
12,186,3444,3521,77,True
29,178,3444,3542,98,True
30,176,3444,3609,165,True
41,194,3444,3542,98,True
14,165,3445,3609,164,True
27,174,3445,3521,76,True
32,177,3445,3563,118,True
33,161,3445,3542,97,True
30,177,3446,3609,163,True
32,178,3446,3563,117,True
47,158,3446,3521,75,True
39,162,3447,3542,95,True
26,179,3448,3542,94,True
27,175,3448,3521,73,True
40,153,3448,3521,73,True
43,184,3448,3542,94,True
20,173,3449,3573,124,True
31,179,3449,3563,114,True
44,171,3449,3542,93,True
32,179,3450,3563,113,True
7,149,3451,3521,70,True
16,175,3451,3573,122,True
32,180,3451,3563,112,True
43,185,3451,3542,91,True
9,188,3452,3573,121,True
41,195,3452,3542,90,True
46,192,3452,3521,69,True
49,177,3452,3542,90,True
4,156,3453,3521,68,True
14,166,3453,3609,156,True
17,194,3453,3521,68,True
8,142,3454,3521,67,True
30,178,3454,3609,155,True
35,188,3454,3521,67,True
39,163,3454,3542,88,True
49,178,3454,3542,88,True
29,179,3455,3542,87,True
49,179,3455,3542,87,True
0,134,3456,3609,153,True
32,181,3456,3563,107,True
43,186,3456,3542,86,True
13,178,3458,3573,115,True
20,174,3458,3573,115,True
23,151,3458,3521,63,True
21,167,3459,3609,150,True
5,170,3460,3521,61,True
44,172,3460,3542,82,True
25,181,3461,3542,81,True
26,180,3461,3542,81,True
31,180,3462,3563,101,True
42,174,3462,3521,59,True
3,166,3463,3609,146,True
10,186,3463,3521,58,True
34,180,3464,3521,57,True
41,196,3464,3542,78,True
11,172,3465,3542,77,True
14,167,3465,3609,144,True
16,176,3465,3609,144,True
37,200,3465,3542,77,True
15,181,3466,3609,143,True
23,152,3466,3573,107,True
27,176,3466,3573,107,True
37,201,3466,3542,76,True
46,193,3466,3521,55,True
47,159,3466,3521,55,True
10,187,3467,3521,54,True
16,177,3467,3609,142,True
36,178,3467,3563,96,True
43,187,3467,3542,75,True
0,135,3468,3609,141,True
3,167,3468,3609,141,True
15,182,3468,3609,141,True
45,163,3468,3542,74,True
5,171,3469,3573,104,True
21,168,3469,3609,140,True
10,188,3470,3609,139,True
16,178,3470,3609,139,True
48,154,3470,3542,72,True
4,157,3471,3573,102,True
21,169,3471,3609,138,True
26,181,3472,3542,70,True
40,154,3472,3609,137,True
24,151,3473,3609,136,True
38,181,3473,3542,69,True
45,164,3473,3563,90,True
2,156,3474,3609,135,True
46,194,3474,3542,68,True
17,195,3475,3542,67,True
29,180,3475,3542,67,True
21,170,3476,3609,133,True
24,152,3476,3609,133,True
44,173,3476,3542,66,True
0,136,3477,3609,132,True
9,189,3477,3609,132,True
21,171,3477,3609,132,True
35,189,3477,3521,44,True
38,182,3477,3542,65,True
39,164,3477,3542,65,True
1,170,3478,3609,131,True
25,182,3478,3542,64,True
35,190,3478,3521,43,True
42,175,3478,3573,95,True
0,137,3479,3609,130,True
5,172,3479,3609,130,True
12,187,3479,3609,130,True
19,159,3479,3609,130,True
22,200,3479,3609,130,True
0,138,3480,3609,129,True
27,177,3480,3573,93,True
29,181,3480,3542,62,True
20,175,3481,3609,128,True
22,201,3481,3609,128,True
40,155,3481,3609,128,True
42,176,3481,3573,92,True
26,182,3482,3542,60,True
27,178,3483,3573,90,True
30,179,3483,3609,126,True
37,202,3483,3563,80,True
49,180,3483,3542,59,True
27,179,3484,3573,89,True
20,176,3485,3609,124,True
4,158,3486,3609,123,True
46,195,3486,3542,56,True
33,162,3487,3563,76,True
11,173,3488,3609,121,True
47,160,3488,3609,121,True
4,159,3490,3609,119,True
10,189,3490,3609,119,True
44,174,3490,3542,52,True
3,168,3491,3609,118,True
6,162,3491,3609,118,True
18,174,3491,3626,135,True
36,179,3491,3563,72,True
37,203,3491,3563,72,True
1,171,3492,3609,117,True
7,150,3492,3609,117,True
23,153,3492,3573,81,True
28,172,3492,3743,251,True
15,183,3493,3609,116,True
23,154,3493,3573,80,True
3,169,3494,3609,115,True
8,143,3494,3573,79,True
13,179,3494,3609,115,True
26,183,3494,3563,69,True
27,180,3494,3609,115,True
29,182,3494,3563,69,True
34,181,3495,3542,47,True
7,151,3496,3609,113,True
49,181,3496,3563,67,True
10,190,3497,3609,112,True
15,184,3497,3609,112,True
33,163,3497,3563,66,True
12,188,3498,3609,111,True
21,172,3498,3609,111,True
22,202,3498,3609,111,True
36,180,3498,3563,65,True
47,161,3498,3609,111,True
0,139,3500,3609,109,True
1,172,3500,3609,109,True
13,180,3500,3611,111,True
17,196,3500,3609,109,True
18,175,3500,3626,126,True
19,160,3500,3609,109,True
42,177,3500,3609,109,True
21,173,3501,3609,108,True
26,184,3501,3563,62,True
10,191,3502,3609,107,True
34,182,3502,3573,71,True
46,196,3502,3573,71,True
19,161,3503,3609,106,True
34,183,3503,3573,70,True
25,183,3504,3563,59,True
9,190,3505,3609,104,True
22,203,3505,3609,104,True
43,188,3505,3668,163,True
9,191,3506,3609,103,True
28,173,3506,3743,237,True
33,164,3506,3668,162,True
43,189,3506,3668,162,True
10,192,3507,3609,102,True
7,152,3508,3609,101,True
39,165,3508,3626,118,True
3,170,3509,3609,100,True
33,165,3509,3668,159,True
34,184,3509,3573,64,True
26,185,3511,3563,52,True
27,181,3511,3609,98,True
4,160,3512,3609,97,True
39,166,3512,3626,114,True
0,140,3513,3609,96,True
12,189,3513,3679,166,True
33,166,3513,3668,155,True
48,155,3513,3668,155,True
14,168,3514,3609,95,True
8,144,3515,3609,94,True
10,193,3515,3609,94,True
30,180,3515,3609,94,True
47,162,3515,3609,94,True
20,177,3516,3609,93,True
32,182,3516,3668,152,True
10,194,3517,3609,92,True
11,174,3517,3609,92,True
19,162,3517,3609,92,True
32,183,3517,3668,151,True
37,204,3517,3626,109,True
40,156,3517,3679,162,True
44,175,3517,3563,46,True
48,156,3517,3668,151,True
27,182,3518,3609,91,True
41,197,3518,3668,150,True
48,157,3519,3668,149,True
20,178,3520,3609,89,True
25,184,3520,3563,43,True
33,167,3520,3668,148,True
44,176,3520,3563,43,True
26,186,3521,3626,105,True
27,183,3521,3609,88,True
42,178,3521,3609,88,True
16,179,3523,3609,86,True
20,179,3523,3609,86,True
45,165,3523,3743,220,True
14,169,3524,3609,85,True
1,173,3525,3611,86,True
2,157,3526,3679,153,True
17,197,3526,3609,83,True
21,174,3526,3679,153,True
40,157,3526,3679,153,True
25,185,3527,3626,99,True
28,174,3527,3743,216,True
40,158,3527,3679,152,True
13,181,3528,3611,83,True
22,204,3528,3609,81,True
39,167,3528,3668,140,True
1,174,3529,3611,82,True
3,171,3529,3611,82,True
13,182,3529,3611,82,True
21,175,3529,3679,150,True
28,175,3529,3743,214,True
45,166,3529,3743,214,True
0,141,3530,3611,81,True
13,183,3530,3611,81,True
20,180,3530,3609,79,True
39,168,3530,3668,138,True
42,179,3530,3609,79,True
49,182,3530,3668,138,True
0,142,3531,3611,80,True
8,145,3532,3609,77,True
33,168,3532,3743,211,True
26,187,3533,3668,135,True
3,172,3534,3611,77,True
4,161,3534,3609,75,True
24,153,3534,3609,75,True
33,169,3534,3743,209,True
36,181,3534,3743,209,True
38,183,3534,3609,75,True
26,188,3535,3668,133,True
33,170,3535,3743,208,True
9,192,3536,3611,75,True
31,181,3536,3668,132,True
35,191,3536,3609,73,True
7,153,3537,3609,72,True
17,198,3537,3609,72,True
34,185,3537,3626,89,True
1,175,3538,3679,141,True
7,154,3538,3609,71,True
10,195,3538,3611,73,True
25,186,3538,3668,130,True
0,143,3540,3611,71,True
21,176,3540,3679,139,True
28,176,3540,3743,203,True
12,190,3541,3679,138,True
16,180,3541,3679,138,True
19,163,3541,3679,138,True
26,189,3541,3668,127,True
27,184,3541,3611,70,True
44,177,3541,3668,127,True
12,191,3542,3679,137,True
33,171,3542,3743,201,True
46,197,3542,3609,67,True
29,183,3543,3668,125,True
36,182,3543,3743,200,True
40,159,3543,3679,136,True
40,160,3545,3679,134,True
48,158,3545,3743,198,True
38,184,3546,3679,133,True
2,158,3547,3679,132,True
19,164,3547,3679,132,True
39,169,3547,3743,196,True
41,198,3547,3743,196,True
26,190,3548,3668,120,True
49,183,3548,3743,195,True
22,205,3549,3679,130,True
39,170,3549,3743,194,True
47,163,3549,3679,130,True
15,185,3550,3679,129,True
16,181,3550,3679,129,True
39,171,3550,3743,193,True
2,159,3551,3679,128,True
23,155,3551,3609,58,True
39,172,3551,3743,192,True
35,192,3552,3609,57,True
1,176,3553,3679,126,True
47,164,3553,3679,126,True
10,196,3554,3679,125,True
28,177,3554,3743,189,True
17,199,3555,3679,124,True
42,180,3555,3679,124,True
35,193,3556,3626,70,True
1,177,3557,3679,122,True
5,173,3557,3626,69,True
41,199,3557,3743,186,True
11,175,3558,3679,121,True
17,200,3558,3679,121,True
22,206,3558,3679,121,True
26,191,3558,3668,110,True
37,205,3558,3743,185,True
39,173,3558,3743,185,True
2,160,3559,3679,120,True
24,154,3559,3679,120,True
33,172,3559,3743,184,True
40,161,3559,3679,120,True
48,159,3559,3743,184,True
8,146,3560,3626,66,True
24,155,3560,3679,119,True
26,192,3560,3668,108,True
2,161,3561,3687,126,True
10,197,3561,3679,118,True
11,176,3562,3679,117,True
16,182,3562,3679,117,True
9,193,3563,3707,144,True
14,170,3563,3679,116,True
20,181,3563,3679,116,True
39,174,3563,3743,180,True
5,174,3564,3626,62,True
10,198,3564,3679,115,True
17,201,3564,3679,115,True
44,178,3564,3668,104,True
48,160,3564,3743,179,True
13,184,3565,3679,114,True
34,186,3565,3668,103,True
48,161,3565,3743,178,True
33,173,3566,3743,177,True
46,198,3566,3679,113,True
36,183,3567,3743,176,True
2,162,3568,3687,119,True
32,184,3568,3743,175,True
8,147,3569,3626,57,True
40,162,3569,3679,110,True
45,167,3569,3743,174,True
12,192,3570,3679,109,True
17,202,3570,3679,109,True
29,184,3570,3743,173,True
31,182,3570,3743,173,True
20,182,3571,3679,108,True
49,184,3572,3743,171,True
23,156,3573,3743,170,True
33,174,3573,3743,170,True
5,175,3574,3707,133,True
9,194,3574,3707,133,True
10,199,3574,3679,105,True
4,162,3575,3720,145,True
6,163,3575,3707,132,True
12,193,3575,3679,104,True
29,185,3575,3743,168,True
30,181,3575,3679,104,True
38,185,3575,3679,104,True
15,186,3576,3679,103,True
15,187,3577,3679,102,True
19,165,3577,3707,130,True
34,187,3577,3668,91,True
35,194,3577,3668,91,True
1,178,3578,3707,129,True
10,200,3578,3679,101,True
11,177,3578,3679,101,True
12,194,3578,3679,101,True
31,183,3578,3743,165,True
26,193,3579,3743,164,True
8,148,3580,3720,140,True
16,183,3580,3707,127,True
32,185,3580,3743,163,True
34,188,3580,3668,88,True
10,201,3581,3679,98,True
29,186,3581,3743,162,True
0,144,3582,3707,125,True
36,184,3583,3743,160,True
37,206,3583,3743,160,True
4,163,3584,3720,136,True
15,188,3584,3679,95,True
3,173,3585,3707,122,True
18,176,3585,3679,94,True
49,185,3585,3743,158,True
42,181,3586,3679,93,True
46,199,3586,3679,93,True
0,145,3587,3707,120,True
1,179,3587,3707,120,True
37,207,3587,3743,156,True
42,182,3587,3679,92,True
2,163,3588,3687,99,True
25,187,3588,3743,155,True
26,194,3588,3743,155,True
31,184,3588,3743,155,True
44,179,3588,3743,155,True
9,195,3589,3707,118,True
0,146,3590,3707,117,True
10,202,3590,3679,89,True
28,178,3591,3743,152,True
34,189,3591,3668,77,True
44,180,3592,3743,151,True
32,186,3593,3743,150,True
0,147,3594,3707,113,True
10,203,3594,3679,85,True
16,184,3594,3707,113,True
32,187,3594,3743,149,True
33,175,3594,3743,149,True
1,180,3595,3757,162,True
4,164,3595,3720,125,True
37,208,3596,3743,147,True
44,181,3596,3743,147,True
10,204,3597,3679,82,True
37,209,3597,3743,146,True
45,168,3597,3743,146,True
47,165,3597,3679,82,True
4,165,3598,3720,122,True
15,189,3598,3731,133,True
17,203,3598,3731,133,True
41,200,3598,3743,145,True
42,183,3598,3687,89,True
6,164,3599,3707,108,True
13,185,3599,3679,80,True
31,185,3599,3743,144,True
44,182,3599,3743,144,True
23,157,3600,3743,143,True
43,190,3600,3743,143,True
48,162,3600,3743,143,True
2,164,3601,3687,86,True
21,177,3601,3687,86,True
37,210,3601,3743,142,True
9,196,3602,3707,105,True
21,178,3602,3687,85,True
23,158,3602,3743,141,True
44,183,3602,3743,141,True
22,207,3603,3720,117,True
28,179,3603,3743,140,True
36,185,3603,3743,140,True
5,176,3604,3707,103,True
24,156,3604,3707,103,True
45,169,3604,3743,139,True
19,166,3605,3707,102,True
26,195,3605,3743,138,True
35,195,3605,3743,138,True
4,166,3606,3720,114,True
4,167,3607,3720,113,True
12,195,3607,3720,113,True
0,148,3609,3707,98,True
2,165,3609,3687,78,True
29,187,3609,3743,134,True
28,180,3610,3743,133,True
31,186,3610,3743,133,True
38,186,3610,3679,69,True
42,184,3610,3687,77,True
0,149,3611,3707,96,True
32,188,3612,3743,131,True
48,163,3612,3743,131,True
0,150,3615,3707,92,True
4,168,3615,3720,105,True
10,205,3615,3731,116,True
49,186,3615,3743,128,True
3,174,3616,3707,91,True
12,196,3616,3720,104,True
28,181,3616,3743,127,True
43,191,3616,3743,127,True
46,200,3616,3679,63,True
33,176,3618,3743,125,True
44,184,3618,3743,125,True
21,179,3619,3795,176,True
9,197,3620,3707,87,True
28,182,3620,3743,123,True
32,189,3620,3743,123,True
39,175,3620,3743,123,True
26,196,3621,3743,122,True
28,183,3621,3799,178,True
33,177,3621,3743,122,True
48,164,3621,3743,122,True
21,180,3622,3795,173,True
26,197,3622,3743,121,True
18,177,3623,3720,97,True
24,157,3624,3720,96,True
39,176,3624,3743,119,True
6,165,3625,3720,95,True
15,190,3625,3731,106,True
22,208,3625,3720,95,True
5,177,3626,3720,94,True
7,155,3626,3720,94,True
8,149,3627,3720,93,True
30,182,3627,3731,104,True
46,201,3627,3679,52,True
47,166,3627,3731,104,True
36,186,3628,3743,115,True
3,175,3629,3757,128,True
20,183,3629,3720,91,True
23,159,3629,3743,114,True
42,185,3629,3687,58,True
4,169,3630,3720,90,True
9,198,3630,3757,127,True
12,197,3630,3720,90,True
25,188,3630,3743,113,True
22,209,3631,3720,89,True
31,187,3631,3743,112,True
35,196,3631,3743,112,True
43,192,3631,3799,168,True
10,206,3632,3757,125,True
19,167,3632,3720,88,True
20,184,3632,3720,88,True
41,201,3632,3743,111,True
14,171,3633,3757,124,True
33,178,3633,3799,166,True
44,185,3633,3743,110,True
4,170,3634,3720,86,True
7,156,3634,3720,86,True
47,167,3635,3731,96,True
17,204,3637,3731,94,True
38,187,3638,3731,93,True
15,191,3639,3795,156,True
16,185,3640,3757,117,True
26,198,3640,3743,103,True
42,186,3640,3687,47,True
45,170,3640,3743,103,True
17,205,3641,3731,90,True
1,181,3642,3757,115,True
9,199,3643,3757,114,True
12,198,3643,3795,152,True
27,185,3643,3731,88,True
30,183,3643,3731,88,True
31,188,3643,3743,100,True
42,187,3643,3687,44,True
32,190,3644,3799,155,True
7,157,3645,3720,75,True
49,187,3645,3743,98,True
20,185,3646,3757,111,True
25,189,3646,3743,97,True
1,182,3647,3757,110,True
14,172,3648,3757,109,True
44,186,3648,3743,95,True
20,186,3649,3757,108,True
0,151,3650,3795,145,True
3,176,3650,3795,145,True
16,186,3650,3757,107,True
39,177,3650,3743,93,True
30,184,3651,3731,80,True
31,189,3651,3743,92,True
41,202,3651,3799,148,True
0,152,3652,3795,143,True
1,183,3652,3795,143,True
5,178,3652,3757,105,True
47,168,3653,3731,78,True
1,184,3655,3795,140,True
29,188,3655,3771,116,True
39,178,3655,3743,88,True
43,193,3655,3799,144,True
5,179,3656,3757,101,True
11,178,3657,3795,138,True
45,171,3657,3771,114,True
15,192,3658,3795,137,True
16,187,3658,3757,99,True
24,158,3658,3795,137,True
38,188,3658,3795,137,True
0,153,3659,3795,136,True
12,199,3659,3795,136,True
20,187,3659,3757,98,True
23,160,3659,3743,84,True
17,206,3660,3731,71,True
25,190,3660,3771,111,True
31,190,3660,3799,139,True
42,188,3660,3795,135,True
48,165,3660,3771,111,True
8,150,3661,3757,96,True
10,207,3661,3757,96,True
19,168,3661,3757,96,True
48,166,3663,3771,108,True
22,210,3664,3757,93,True
37,211,3664,3771,107,True
24,159,3666,3795,129,True
40,163,3667,3771,104,True
41,203,3667,3799,132,True
7,158,3668,3757,89,True
21,181,3668,3795,127,True
42,189,3668,3795,127,True
13,186,3669,3757,88,True
44,187,3669,3743,74,True
20,188,3670,3757,87,True
32,191,3670,3799,129,True
38,189,3670,3795,125,True
11,179,3671,3795,124,True
14,173,3671,3757,86,True
20,189,3671,3757,86,True
26,199,3672,3771,99,True
40,164,3672,3771,99,True
49,188,3673,3771,98,True
14,174,3674,3757,83,True
5,180,3675,3757,82,True
8,151,3675,3757,82,True
23,161,3675,3757,82,True
30,185,3675,3795,120,True
38,190,3675,3795,120,True
39,179,3675,3799,124,True
15,193,3676,3795,119,True
34,190,3676,3771,95,True
37,212,3676,3799,123,True
20,190,3677,3757,80,True
10,208,3678,3795,117,True
2,166,3679,3795,116,True
3,177,3679,3795,116,True
9,200,3679,3795,116,True
39,180,3679,3799,120,True
44,188,3679,3821,142,True
47,169,3680,3843,163,True
49,189,3680,3799,119,True
41,204,3682,3879,197,True
43,194,3682,3799,117,True
10,209,3683,3795,112,True
30,186,3683,3795,112,True
36,187,3684,3799,115,True
27,186,3686,3795,109,True
35,197,3686,3771,85,True
47,170,3686,3843,157,True
7,159,3687,3757,70,True
23,162,3687,3771,84,True
24,160,3687,3795,108,True
9,201,3688,3795,107,True
41,205,3688,3879,191,True
46,202,3688,3799,111,True
6,166,3689,3757,68,True
8,152,3689,3771,82,True
27,187,3689,3795,106,True
36,188,3689,3799,110,True
39,181,3689,3799,110,True
29,189,3690,3799,109,True
41,206,3690,3879,189,True
21,182,3691,3795,104,True
15,194,3692,3795,103,True
40,165,3692,3795,103,True
1,185,3693,3795,102,True
5,181,3694,3795,101,True
11,180,3694,3795,101,True
22,211,3694,3795,101,True
24,161,3694,3795,101,True
45,172,3694,3821,127,True
11,181,3695,3795,100,True
17,207,3695,3795,100,True
30,187,3695,3795,100,True
34,191,3695,3771,76,True
16,188,3696,3795,99,True
7,160,3697,3795,98,True
18,178,3697,3795,98,True
47,171,3697,3843,146,True
15,195,3698,3795,97,True
18,179,3698,3795,97,True
11,182,3699,3795,96,True
13,187,3699,3795,96,True
18,180,3699,3795,96,True
28,184,3699,3821,122,True
38,191,3699,3795,96,True
31,191,3700,3799,99,True
35,198,3700,3771,71,True
37,213,3700,3799,99,True
2,167,3702,3795,93,True
9,202,3702,3795,93,True
14,175,3702,3795,93,True
15,196,3702,3795,93,True
38,192,3702,3795,93,True
31,192,3703,3799,96,True
32,192,3703,3799,96,True
36,189,3703,3821,118,True
25,191,3704,3799,95,True
34,192,3704,3799,95,True
12,200,3705,3795,90,True
46,203,3705,3799,94,True
16,189,3706,3795,89,True
23,163,3706,3771,65,True
28,185,3707,3821,114,True
44,189,3707,3821,114,True
35,199,3708,3771,63,True
0,154,3709,3795,86,True
15,197,3709,3795,86,True
26,200,3709,3879,170,True
33,179,3709,3821,112,True
37,214,3709,3799,90,True
49,190,3709,3799,90,True
4,171,3710,3795,85,True
15,198,3710,3795,85,True
40,166,3710,3795,85,True
41,207,3710,3879,169,True
42,190,3710,3795,85,True
8,153,3711,3795,84,True
26,201,3711,3879,168,True
36,190,3711,3821,110,True
4,172,3712,3795,83,True
24,162,3712,3935,223,True
34,193,3713,3799,86,True
45,173,3714,3821,107,True
3,178,3715,3843,128,True
19,169,3715,3795,80,True
28,186,3715,3821,106,True
40,167,3715,3795,80,True
17,208,3716,3795,79,True
19,170,3716,3795,79,True
7,161,3717,3795,78,True
20,191,3717,3795,78,True
24,163,3718,3935,217,True
26,202,3718,3879,161,True
30,188,3718,3795,77,True
34,194,3718,3799,81,True
35,200,3718,3787,69,True
43,195,3718,3821,103,True
1,186,3719,3843,124,True
2,168,3719,3843,124,True
20,192,3719,3795,76,True
30,189,3719,3795,76,True
35,201,3719,3787,68,True
8,154,3720,3795,75,True
11,183,3720,3795,75,True
36,191,3720,3821,101,True
18,181,3721,3795,74,True
37,215,3721,3799,78,True
1,187,3722,3843,121,True
34,195,3722,3799,77,True
27,188,3723,3795,72,True
33,180,3723,3821,98,True
1,188,3724,3843,119,True
10,210,3724,3843,119,True
21,183,3724,3843,119,True
28,187,3724,3821,97,True
33,181,3724,3821,97,True
41,208,3724,3879,155,True
45,174,3724,3821,97,True
34,196,3725,3799,74,True
6,167,3726,3795,69,True
14,176,3726,3795,69,True
15,199,3726,3795,69,True
34,197,3726,3799,73,True
1,189,3727,3843,116,True
21,184,3727,3843,116,True
45,175,3727,3821,94,True
47,172,3728,3843,115,True
25,192,3730,3799,69,True
28,188,3730,3821,91,True
38,193,3730,3795,65,True
40,168,3730,3795,65,True
7,162,3732,3795,63,True
38,194,3732,3795,63,True
6,168,3735,3795,60,True
10,211,3735,3843,108,True
11,184,3735,3795,60,True
47,173,3735,3843,108,True
27,189,3736,3795,59,True
49,191,3736,3821,85,True
16,190,3739,3843,104,True
34,198,3739,3799,60,True
39,182,3739,3821,82,True
45,176,3739,3821,82,True
29,190,3740,3879,139,True
35,202,3740,3821,81,True
39,183,3740,3821,81,True
1,190,3741,3843,102,True
36,192,3741,3821,80,True
16,191,3742,3935,193,True
23,164,3742,3799,57,True
35,203,3742,3821,79,True
48,167,3742,3821,79,True
3,179,3743,3843,100,True
32,193,3743,3879,136,True
9,203,3745,3843,98,True
22,212,3745,3843,98,True
28,189,3745,3821,76,True
31,193,3745,3821,76,True
29,191,3746,3879,133,True
33,182,3746,3879,133,True
4,173,3749,3843,94,True
19,171,3749,3843,94,True
10,212,3750,3843,93,True
26,203,3750,3879,129,True
29,192,3751,3879,128,True
20,193,3752,3843,91,True
43,196,3752,3879,127,True
1,191,3753,3843,90,True
17,209,3753,3971,218,True
33,183,3753,3879,126,True
48,168,3753,3879,126,True
23,165,3754,3799,45,True
28,190,3755,3879,124,True
16,192,3756,3935,179,True
18,182,3756,3843,87,True
11,185,3757,3843,86,True
43,197,3757,3879,122,True
9,204,3758,3843,85,True
19,172,3758,3843,85,True
0,155,3759,3843,84,True
11,186,3759,3843,84,True
35,204,3759,3821,62,True
36,193,3759,3879,120,True
27,190,3760,3843,83,True
32,194,3761,3879,118,True
36,194,3762,3879,117,True
13,188,3763,3843,80,True
24,164,3764,3935,171,True
38,195,3764,3843,79,True
5,182,3767,3843,76,True
27,191,3767,3843,76,True
36,195,3767,3879,112,True
45,177,3767,3879,112,True
3,180,3768,3843,75,True
19,173,3768,3843,75,True
26,204,3768,3879,111,True
16,193,3769,3935,166,True
47,174,3769,3843,74,True
26,205,3770,3879,109,True
18,183,3771,3843,72,True
48,169,3771,3879,108,True
12,201,3772,3843,71,True
40,169,3772,3843,71,True
43,198,3772,3879,107,True
5,183,3773,4054,281,True
43,199,3773,3879,106,True
44,190,3773,3879,106,True
5,184,3774,4054,280,True
15,200,3775,3935,160,True
33,184,3775,3879,104,True
27,192,3776,3843,67,True
6,169,3777,3935,158,True
11,187,3777,3935,158,True
22,213,3777,3843,66,True
43,200,3777,3879,102,True
46,204,3777,3843,66,True
4,174,3778,3843,65,True
26,206,3778,3879,101,True
41,209,3778,3879,101,True
35,205,3779,3843,64,True
39,184,3779,3879,100,True
0,156,3780,3843,63,True
1,192,3780,3935,155,True
3,181,3780,3843,63,True
14,177,3780,3843,63,True
17,210,3780,3971,191,True
33,185,3780,3879,99,True
39,185,3781,3879,98,True
19,174,3782,3843,61,True
27,193,3782,3935,153,True
27,194,3784,3935,151,True
29,193,3784,3879,95,True
44,191,3785,3879,94,True
49,192,3785,3879,94,True
6,170,3786,3935,149,True
42,191,3786,3843,57,True
21,185,3787,3935,148,True
27,195,3787,3935,148,True
41,210,3787,3879,92,True
9,205,3788,3935,147,True
19,175,3788,3843,55,True
25,193,3788,3879,91,True
31,194,3788,3879,91,True
49,193,3788,3879,91,True
16,194,3789,3935,146,True
26,207,3789,3879,90,True
40,170,3789,3935,146,True
47,175,3789,3971,182,True
4,175,3791,3843,52,True
33,186,3791,3967,176,True
46,205,3791,3843,52,True
6,171,3792,3935,143,True
0,157,3793,3935,142,True
2,169,3793,3935,142,True
13,189,3793,3935,142,True
14,178,3793,3843,50,True
5,185,3794,4054,260,True
14,179,3794,3843,49,True
17,211,3795,3971,176,True
22,214,3797,3971,174,True
33,187,3797,3967,170,True
42,192,3797,3843,46,True
44,192,3797,3879,82,True
48,170,3797,3967,170,True
7,163,3798,3935,137,True
15,201,3798,3935,137,True
42,193,3798,3843,45,True
3,182,3799,3971,172,True
6,172,3799,3935,136,True
18,184,3799,3971,172,True
46,206,3799,3935,136,True
3,183,3800,3971,171,True
11,188,3800,3935,135,True
25,194,3800,3879,79,True
39,186,3800,3879,79,True
45,178,3800,3967,167,True
10,213,3801,3935,134,True
16,195,3801,3935,134,True
42,194,3801,3935,134,True
35,206,3802,3879,77,True
8,155,3803,3935,132,True
27,196,3803,3935,132,True
30,190,3803,3971,168,True
36,196,3804,3967,163,True
0,158,3805,3971,166,True
5,186,3805,4054,249,True
17,212,3805,3971,166,True
19,176,3805,3935,130,True
34,199,3805,3879,74,True
38,196,3805,3935,130,True
48,171,3805,3967,162,True
8,156,3806,3935,129,True
10,214,3806,3935,129,True
0,159,3807,3971,164,True
24,165,3807,3935,128,True
40,171,3807,3971,164,True
1,193,3808,3935,127,True
7,164,3808,3935,127,True
11,189,3808,3935,127,True
23,166,3808,3935,127,True
28,191,3808,3967,159,True
35,207,3808,3879,71,True
47,176,3808,3971,163,True
7,165,3809,3935,126,True
28,192,3809,3967,158,True
33,188,3809,3967,158,True
48,172,3809,3967,158,True
5,187,3810,4054,244,True
9,206,3810,3971,161,True
19,177,3810,3935,125,True
33,189,3810,3967,157,True
41,211,3810,3967,157,True
14,180,3811,3971,160,True
16,196,3811,3971,160,True
25,195,3811,3879,68,True
41,212,3812,3967,155,True
32,195,3813,3967,154,True
3,184,3814,3971,157,True
13,190,3814,3935,121,True
30,191,3814,3971,157,True
15,202,3815,3971,156,True
6,173,3816,3935,119,True
14,181,3816,3971,155,True
14,182,3817,3971,154,True
27,197,3817,3935,118,True
38,197,3818,3935,117,True
46,207,3818,3935,117,True
1,194,3819,3935,116,True
6,174,3819,3935,116,True
32,196,3819,3967,148,True
16,197,3820,3971,151,True
39,187,3820,3879,59,True
10,215,3821,3971,150,True
11,190,3821,3971,150,True
19,178,3821,3971,150,True
4,176,3822,3971,149,True
25,196,3822,3879,57,True
27,198,3822,3935,113,True
37,216,3823,3967,144,True
27,199,3824,3971,147,True
47,177,3824,3971,147,True
48,173,3824,3967,143,True
19,179,3825,3971,146,True
30,192,3825,3971,146,True
16,198,3826,3971,145,True
17,213,3826,3971,145,True
30,193,3826,3971,145,True
5,188,3827,4054,227,True
14,183,3827,3971,144,True
39,188,3827,3879,52,True
43,201,3827,3967,140,True
44,193,3827,3879,52,True
19,180,3828,3971,143,True
48,174,3828,3967,139,True
44,194,3829,3879,50,True
24,166,3830,3971,141,True
30,194,3830,3971,141,True
31,195,3830,3967,137,True
17,214,3831,3971,140,True
13,191,3832,3971,139,True
30,195,3832,3971,139,True
11,191,3833,3971,138,True
14,184,3834,3971,137,True
41,213,3834,3967,133,True
2,170,3835,3971,136,True
26,208,3835,3967,132,True
46,208,3836,3935,99,True
3,185,3837,3971,134,True
31,196,3837,3967,130,True
12,202,3839,4054,215,True
8,157,3840,3971,131,True
44,195,3840,3967,127,True
14,185,3841,3971,130,True
29,194,3841,3967,126,True
32,197,3841,3967,126,True
23,167,3842,3935,93,True
27,200,3842,3971,129,True
34,200,3842,3935,93,True
36,197,3842,3967,125,True
39,189,3842,3967,125,True
33,190,3843,3967,124,True
46,209,3843,3971,128,True
0,160,3844,3971,127,True
48,175,3844,3967,123,True
10,216,3845,3971,126,True
12,203,3845,4054,209,True
33,191,3845,3967,122,True
36,198,3845,3967,122,True
0,161,3846,3971,125,True
16,199,3846,3971,125,True
18,185,3846,3971,125,True
24,167,3846,3971,125,True
41,214,3846,3967,121,True
16,200,3847,3971,124,True
18,186,3847,3971,124,True
26,209,3847,3967,120,True
9,207,3849,3971,122,True
27,201,3851,3971,120,True
33,192,3851,3967,116,True
2,171,3852,3971,119,True
6,175,3852,3971,119,True
16,201,3852,4054,202,True
11,192,3853,3971,118,True
27,202,3853,3971,118,True
49,194,3853,3967,114,True
5,189,3854,4054,200,True
10,217,3854,3971,117,True
24,168,3854,3971,117,True
1,195,3855,4054,199,True
10,218,3855,3971,116,True
20,194,3855,3971,116,True
28,193,3855,4029,174,True
7,166,3856,3971,115,True
11,193,3856,3971,115,True
44,196,3856,3967,111,True
2,172,3857,4054,197,True
40,172,3857,3971,114,True
19,181,3858,4054,196,True
46,210,3858,3971,113,True
0,162,3859,3971,112,True
10,219,3859,3971,112,True
46,211,3859,3971,112,True
0,163,3860,3971,111,True
10,220,3860,3971,111,True
23,168,3860,3971,111,True
7,167,3861,3971,110,True
14,186,3861,4054,193,True
18,187,3861,3971,110,True
34,201,3861,3971,110,True
41,215,3861,3967,106,True
24,169,3862,3971,109,True
47,178,3862,3971,109,True
14,187,3863,4054,191,True
17,215,3863,3971,108,True
26,210,3864,3967,103,True
31,197,3864,3967,103,True
40,173,3864,3971,107,True
21,186,3865,4054,189,True
26,211,3865,3967,102,True
7,168,3866,3971,105,True
28,194,3866,4029,163,True
24,170,3867,4054,187,True
0,164,3870,4054,184,True
22,215,3870,4054,184,True
4,177,3872,4054,182,True
36,199,3872,3967,95,True
44,197,3872,3967,95,True
49,195,3872,4018,146,True
39,190,3873,3967,94,True
41,216,3873,4029,156,True
0,165,3874,4054,180,True
24,171,3874,4054,180,True
20,195,3875,4054,179,True
35,208,3875,3971,96,True
41,217,3875,4029,154,True
45,179,3875,4029,154,True
31,198,3876,3967,91,True
44,198,3876,3967,91,True
49,196,3876,4018,142,True
10,221,3877,3971,94,True
2,173,3878,4054,176,True
13,192,3878,3971,93,True
3,186,3879,4054,175,True
12,204,3879,4054,175,True
49,197,3879,4018,139,True
4,178,3880,4054,174,True
23,169,3880,3971,91,True
33,193,3880,4029,149,True
39,191,3880,3967,87,True
41,218,3880,4029,149,True
25,197,3881,3967,86,True
34,202,3881,3971,90,True
10,222,3883,3971,88,True
13,193,3883,4054,171,True
36,200,3884,4029,145,True
1,196,3885,4054,169,True
9,208,3885,4054,169,True
20,196,3885,4054,169,True
23,170,3885,3971,86,True
18,188,3887,4054,167,True
28,195,3887,4029,142,True
12,205,3888,4054,166,True
13,194,3888,4054,166,True
14,188,3888,4054,166,True
29,195,3888,4099,211,True
42,195,3888,3971,83,True
1,197,3889,4054,165,True
5,190,3889,4054,165,True
15,203,3889,4054,165,True
25,198,3889,3967,78,True
28,196,3889,4029,140,True
32,198,3889,3967,78,True
34,203,3889,3971,82,True
36,201,3889,4029,140,True
46,212,3889,3971,82,True
8,158,3890,4054,164,True
47,179,3890,3971,81,True
0,166,3891,4054,163,True
36,202,3891,4029,138,True
3,187,3892,4054,162,True
13,195,3893,4054,161,True
34,204,3893,3971,78,True
47,180,3893,3971,78,True
22,216,3894,4054,160,True
24,172,3894,4054,160,True
28,197,3894,4029,135,True
39,192,3894,4018,124,True
14,189,3895,4054,159,True
16,202,3895,4054,159,True
30,196,3895,3971,76,True
32,199,3895,4018,123,True
3,188,3896,4054,158,True
16,203,3896,4054,158,True
38,198,3896,3971,75,True
11,194,3897,3971,74,True
14,190,3897,4054,157,True
26,212,3897,4018,121,True
36,203,3897,4029,132,True
37,217,3897,4018,121,True
46,213,3897,3971,74,True
10,223,3898,3971,73,True
19,182,3898,4054,156,True
11,195,3899,3971,72,True
13,196,3899,4054,155,True
20,197,3899,4054,155,True
34,205,3899,3971,72,True
42,196,3900,3971,71,True
5,191,3901,4054,153,True
25,199,3901,3967,66,True
24,173,3902,4054,152,True
25,200,3902,3967,65,True
30,197,3902,3971,69,True
14,191,3903,4054,151,True
27,203,3903,4054,151,True
12,206,3904,4054,150,True
15,204,3904,4054,150,True
22,217,3904,4054,150,True
49,198,3904,4018,114,True
12,207,3905,4054,149,True
13,197,3905,4054,149,True
0,167,3906,4054,148,True
8,159,3906,4054,148,True
14,192,3906,4054,148,True
40,174,3906,3971,65,True
2,174,3907,4054,147,True
14,193,3907,4054,147,True
29,196,3907,4099,192,True
8,160,3908,4054,146,True
19,183,3910,4054,144,True
23,171,3910,4054,144,True
27,204,3910,4054,144,True
42,197,3912,3971,59,True
2,175,3913,4054,141,True
10,224,3913,4054,141,True
39,193,3913,4099,186,True
0,168,3914,4054,140,True
10,225,3914,4054,140,True
21,187,3914,4054,140,True
37,218,3914,4018,104,True
5,192,3915,4054,139,True
14,194,3915,4054,139,True
19,184,3915,4054,139,True
36,204,3915,4099,184,True
4,179,3917,4054,137,True
0,169,3918,4054,136,True
30,198,3918,4054,136,True
32,200,3918,4018,100,True
11,196,3919,4054,135,True
12,208,3919,4054,135,True
1,198,3920,4054,134,True
24,174,3920,4054,134,True
10,226,3921,4054,133,True
38,199,3921,4054,133,True
31,199,3922,4029,107,True
43,202,3922,4029,107,True
23,172,3923,4054,131,True
0,170,3924,4054,130,True
29,197,3924,4099,175,True
43,203,3924,4029,105,True
46,214,3924,4054,130,True
12,209,3925,4054,129,True
17,216,3925,4054,129,True
23,173,3925,4054,129,True
43,204,3925,4029,104,True
17,217,3926,4054,128,True
21,188,3926,4054,128,True
26,213,3926,4029,103,True
7,169,3927,4054,127,True
17,218,3927,4054,127,True
2,176,3929,4054,125,True
11,197,3929,4054,125,True
42,198,3929,4054,125,True
18,189,3930,4054,124,True
26,214,3931,4029,98,True
1,199,3932,4054,122,True
35,209,3932,3996,64,True
24,175,3933,4054,121,True
28,198,3934,4099,165,True
8,161,3935,4054,119,True
40,175,3935,4054,119,True
2,177,3937,4054,117,True
9,209,3937,4054,117,True
41,219,3937,4099,162,True
46,215,3937,4054,117,True
1,200,3938,4054,116,True
23,174,3938,4054,116,True
5,193,3939,4054,115,True
19,185,3939,4054,115,True
31,200,3939,4099,160,True
32,201,3939,4029,90,True
46,216,3939,4054,115,True
11,198,3940,4054,114,True
29,198,3940,4099,159,True
31,201,3940,4099,159,True
5,194,3941,4054,113,True
30,199,3941,4054,113,True
46,217,3941,4054,113,True
4,180,3942,4054,112,True
19,186,3942,4054,112,True
47,181,3942,4054,112,True
48,176,3942,4099,157,True
11,199,3943,4054,111,True
28,199,3943,4099,156,True
31,202,3943,4099,156,True
37,219,3943,4029,86,True
49,199,3943,4029,86,True
12,210,3944,4054,110,True
31,203,3944,4099,155,True
36,205,3944,4099,155,True
23,175,3945,4054,109,True
27,205,3945,4054,109,True
31,204,3945,4099,154,True
7,170,3949,4054,105,True
10,227,3949,4101,152,True
18,190,3949,4054,105,True
7,171,3950,4054,104,True
11,200,3950,4054,104,True
12,211,3950,4054,104,True
48,177,3950,4099,149,True
37,220,3951,4029,78,True
27,206,3952,4054,102,True
4,181,3953,4054,101,True
5,195,3953,4054,101,True
37,221,3953,4029,76,True
40,176,3953,4054,101,True
30,200,3954,4054,100,True
40,177,3954,4054,100,True
48,178,3954,4099,145,True
49,200,3955,4029,74,True
21,189,3956,4101,145,True
37,222,3956,4029,73,True
39,194,3956,4099,143,True
40,178,3956,4054,98,True
45,180,3956,4099,143,True
5,196,3957,4054,97,True
3,189,3958,4101,143,True
37,223,3958,4029,71,True
6,176,3960,4054,94,True
47,182,3960,4054,94,True
17,219,3962,4101,139,True
27,207,3962,4054,92,True
28,200,3963,4099,136,True
42,199,3963,4054,91,True
8,162,3964,4054,90,True
12,212,3964,4054,90,True
31,205,3964,4099,135,True
47,183,3964,4054,90,True
36,206,3965,4099,134,True
41,220,3965,4099,134,True
15,205,3966,4101,135,True
44,199,3966,4099,133,True
20,198,3967,4054,87,True
21,190,3967,4101,134,True
3,190,3968,4101,133,True
28,201,3968,4099,131,True
9,210,3969,4054,85,True
19,187,3969,4054,85,True
41,221,3970,4099,129,True
26,215,3971,4099,128,True
42,200,3971,4054,83,True
46,218,3971,4054,83,True
16,204,3972,4101,129,True
35,210,3972,4054,82,True
4,182,3973,4054,81,True
25,201,3973,4029,56,True
45,181,3973,4099,126,True
46,219,3973,4054,81,True
47,184,3973,4054,81,True
48,179,3973,4099,126,True
15,206,3974,4101,127,True
26,216,3974,4099,125,True
30,201,3974,4054,80,True
36,207,3974,4099,125,True
38,200,3974,4054,80,True
41,222,3974,4099,125,True
36,208,3975,4099,124,True
15,207,3976,4101,125,True
36,209,3976,4099,123,True
45,182,3977,4099,122,True
43,205,3978,4099,121,True
45,183,3978,4099,121,True
0,171,3979,4101,122,True
18,191,3979,4054,75,True
41,223,3979,4099,120,True
42,201,3979,4054,75,True
45,184,3979,4099,120,True
49,201,3979,4099,120,True
33,194,3980,4116,136,True
15,208,3981,4101,120,True
17,220,3982,4101,119,True
1,201,3983,4163,180,True
10,228,3983,4101,118,True
3,191,3985,4101,116,True
11,201,3985,4054,69,True
2,178,3986,4101,115,True
5,197,3986,4101,115,True
12,213,3986,4101,115,True
17,221,3986,4101,115,True
30,202,3986,4054,68,True
19,188,3987,4101,114,True
7,172,3988,4101,113,True
23,176,3988,4101,113,True
33,195,3988,4116,128,True
3,192,3989,4101,112,True
15,209,3990,4101,111,True
22,218,3990,4101,111,True
26,217,3990,4099,109,True
33,196,3990,4116,126,True
48,180,3990,4099,109,True
34,206,3992,4054,62,True
8,163,3993,4054,61,True
10,229,3994,4101,107,True
13,198,3994,4101,107,True
31,206,3994,4099,105,True
15,210,3995,4101,106,True
32,202,3995,4099,104,True
42,202,3995,4054,59,True
34,207,3996,4099,103,True
44,200,3996,4099,103,True
49,202,3996,4099,103,True
0,172,3997,4101,104,True
4,183,3997,4101,104,True
6,177,3997,4101,104,True
0,173,3998,4101,103,True
15,211,3998,4101,103,True
23,177,3998,4101,103,True
32,203,3999,4116,117,True
37,224,3999,4099,100,True
40,179,3999,4054,55,True
0,174,4000,4101,101,True
10,230,4000,4101,101,True
49,203,4000,4099,99,True
45,185,4001,4099,98,True
21,191,4002,4101,99,True
23,178,4003,4101,98,True
18,192,4004,4101,97,True
10,231,4006,4101,95,True
22,219,4006,4101,95,True
35,211,4006,4068,62,True
21,192,4007,4101,94,True
0,175,4008,4101,93,True
2,179,4008,4163,155,True
27,208,4010,4101,91,True
48,181,4010,4099,89,True
23,179,4011,4101,90,True
4,184,4012,4101,89,True
8,164,4012,4163,151,True
42,203,4012,4101,89,True
31,207,4013,4116,103,True
36,210,4013,4116,103,True
4,185,4014,4101,87,True
48,182,4014,4116,102,True
3,193,4015,4101,86,True
20,199,4015,4101,86,True
28,202,4015,4116,101,True
42,204,4015,4101,86,True
1,202,4016,4163,147,True
11,202,4016,4163,147,True
20,200,4016,4101,85,True
24,176,4016,4101,85,True
46,220,4016,4068,52,True
43,206,4017,4116,99,True
1,203,4019,4163,144,True
4,186,4019,4101,82,True
13,199,4019,4101,82,True
28,203,4019,4116,97,True
30,203,4019,4163,144,True
10,232,4020,4163,143,True
22,220,4020,4101,81,True
19,189,4021,4101,80,True
44,201,4021,4099,78,True
0,176,4022,4163,141,True
9,211,4022,4163,141,True
26,218,4022,4116,94,True
42,205,4022,4101,79,True
44,202,4022,4099,77,True
5,198,4023,4163,140,True
38,201,4023,4163,140,True
44,203,4023,4099,76,True
46,221,4023,4068,45,True
5,199,4024,4163,139,True
10,233,4024,4163,139,True
24,177,4024,4101,77,True
12,214,4025,4163,138,True
21,193,4025,4163,138,True
22,221,4025,4101,76,True
25,202,4025,4116,91,True
13,200,4026,4101,75,True
16,205,4026,4163,137,True
23,180,4026,4101,75,True
5,200,4027,4163,136,True
13,201,4027,4101,74,True
24,178,4027,4101,74,True
37,225,4027,4116,89,True
38,202,4027,4163,136,True
19,190,4028,4101,73,True
20,201,4028,4163,135,True
39,195,4029,4205,176,True
10,234,4030,4163,133,True
13,202,4030,4101,71,True
39,196,4030,4205,175,True
43,207,4030,4116,86,True
47,185,4030,4163,133,True
40,180,4031,4101,70,True
32,204,4032,4116,84,True
22,222,4033,4163,130,True
23,181,4033,4101,68,True
19,191,4034,4163,129,True
23,182,4034,4101,67,True
6,178,4035,4101,66,True
47,186,4035,4163,128,True
16,206,4036,4163,127,True
34,208,4036,4099,63,True
38,203,4036,4163,127,True
18,193,4037,4163,126,True
19,192,4037,4163,126,True
26,219,4037,4116,79,True
7,173,4039,4163,124,True
12,215,4039,4163,124,True
25,203,4039,4116,77,True
27,209,4039,4163,124,True
9,212,4040,4217,177,True
11,203,4040,4163,123,True
24,179,4040,4163,123,True
27,210,4040,4163,123,True
19,193,4041,4163,122,True
9,213,4042,4217,175,True
22,223,4042,4163,121,True
33,197,4042,4205,163,True
42,206,4042,4163,121,True
38,204,4043,4163,120,True
45,186,4043,4116,73,True
4,187,4045,4163,118,True
3,194,4046,4163,117,True
20,202,4046,4163,117,True
21,194,4046,4163,117,True
35,212,4046,4101,55,True
17,222,4047,4163,116,True
23,183,4047,4101,54,True
14,195,4048,4163,115,True
26,220,4048,4116,68,True
35,213,4048,4101,53,True
40,181,4048,4163,115,True
41,224,4048,4205,157,True
49,204,4048,4205,157,True
47,187,4049,4163,114,True
0,177,4051,4163,112,True
23,184,4051,4101,50,True
24,180,4051,4163,112,True
43,208,4051,4205,154,True
6,179,4052,4163,111,True
17,223,4055,4163,108,True
19,194,4055,4163,108,True
20,203,4055,4163,108,True
25,204,4056,4116,60,True
45,187,4056,4205,149,True
17,224,4057,4163,106,True
31,208,4057,4205,148,True
37,226,4058,4205,147,True
42,207,4058,4163,105,True
45,188,4058,4205,147,True
46,222,4058,4163,105,True
45,189,4059,4205,146,True
32,205,4060,4205,145,True
34,209,4060,4116,56,True
38,205,4060,4163,103,True
44,204,4060,4205,145,True
3,195,4061,4163,102,True
26,221,4061,4205,144,True
6,180,4062,4163,101,True
26,222,4062,4205,143,True
39,197,4062,4205,143,True
47,188,4062,4163,101,True
1,204,4063,4163,100,True
16,207,4063,4217,154,True
28,204,4063,4205,142,True
30,204,4063,4163,100,True
10,235,4064,4163,99,True
46,223,4064,4163,99,True
42,208,4065,4163,98,True
45,190,4065,4205,140,True
10,236,4066,4163,97,True
12,216,4066,4163,97,True
14,196,4067,4163,96,True
39,198,4067,4205,138,True
6,181,4068,4163,95,True
4,188,4069,4163,94,True
5,201,4069,4163,94,True
14,197,4069,4163,94,True
36,211,4070,4205,135,True
44,205,4070,4205,135,True
19,195,4071,4163,92,True
22,224,4071,4163,92,True
48,183,4071,4205,134,True
2,180,4072,4163,91,True
8,165,4073,4163,90,True
9,214,4073,4217,144,True
30,205,4073,4217,144,True
7,174,4074,4163,89,True
13,203,4074,4163,89,True
17,225,4074,4163,89,True
35,214,4074,4163,89,True
41,225,4074,4205,131,True
44,206,4074,4205,131,True
35,215,4075,4163,88,True
37,227,4075,4205,130,True
1,205,4076,4163,87,True
15,212,4076,4163,87,True
27,211,4076,4163,87,True
32,206,4077,4205,128,True
38,206,4077,4163,86,True
40,182,4077,4163,86,True
22,225,4078,4163,85,True
25,205,4078,4205,127,True
27,212,4078,4163,85,True
45,191,4079,4205,126,True
43,209,4080,4205,125,True
15,213,4081,4163,82,True
27,213,4081,4163,82,True
49,205,4081,4205,124,True
11,204,4082,4163,81,True
22,226,4082,4163,81,True
40,183,4082,4163,81,True
44,207,4082,4205,123,True
46,224,4082,4163,81,True
18,194,4083,4163,80,True
32,207,4083,4205,122,True
26,223,4084,4205,121,True
5,202,4086,4163,77,True
12,217,4086,4163,77,True
15,214,4086,4163,77,True
0,178,4087,4217,130,True
33,198,4087,4205,118,True
5,203,4089,4217,128,True
20,204,4089,4163,74,True
33,199,4089,4205,116,True
38,207,4089,4163,74,True
3,196,4090,4163,73,True
7,175,4090,4273,183,True
19,196,4090,4163,73,True
36,212,4090,4205,115,True
41,226,4090,4205,115,True
48,184,4090,4205,115,True
49,206,4091,4205,114,True
6,182,4092,4163,71,True
19,197,4092,4163,71,True
4,189,4093,4163,70,True
13,204,4093,4163,70,True
15,215,4093,4217,124,True
16,208,4093,4217,124,True
42,209,4093,4163,70,True
46,225,4093,4163,70,True
5,204,4094,4217,123,True
13,205,4094,4163,69,True
22,227,4094,4163,69,True
3,197,4095,4217,122,True
7,176,4095,4273,178,True
14,198,4095,4163,68,True
15,216,4095,4217,122,True
27,214,4095,4163,68,True
0,179,4096,4217,121,True
14,199,4096,4163,67,True
21,195,4096,4217,121,True
25,206,4096,4205,109,True
38,208,4096,4163,67,True
40,184,4096,4163,67,True
5,205,4097,4217,120,True
31,209,4098,4205,107,True
33,200,4098,4205,107,True
44,208,4098,4205,107,True
3,198,4100,4217,117,True
14,200,4100,4163,63,True
32,208,4100,4205,105,True
49,207,4100,4205,105,True
15,217,4101,4217,116,True
48,185,4101,4205,104,True
41,227,4102,4205,103,True
1,206,4103,4217,114,True
16,209,4103,4217,114,True
21,196,4103,4217,114,True
32,209,4103,4205,102,True
33,201,4104,4205,101,True
9,215,4105,4217,112,True
29,199,4107,4205,98,True
45,192,4107,4205,98,True
9,216,4108,4273,165,True
11,205,4108,4217,109,True
14,201,4108,4163,55,True
28,205,4109,4255,146,True
33,202,4109,4205,96,True
37,228,4109,4205,96,True
41,228,4109,4205,96,True
1,207,4110,4217,107,True
15,218,4110,4217,107,True
3,199,4111,4217,106,True
9,217,4111,4273,162,True
19,198,4111,4273,162,True
13,206,4112,4217,105,True
22,228,4112,4217,105,True
42,210,4112,4205,93,True
5,206,4117,4217,100,True
17,226,4117,4217,100,True
21,197,4117,4217,100,True
11,206,4118,4217,99,True
18,195,4118,4224,106,True
39,199,4118,4205,87,True
45,193,4118,4255,137,True
31,210,4119,4205,86,True
32,210,4119,4205,86,True
14,202,4120,4217,97,True
22,229,4120,4217,97,True
38,209,4122,4163,41,True
41,229,4122,4255,133,True
47,189,4123,4217,94,True
49,208,4123,4205,82,True
17,227,4125,4217,92,True
21,198,4125,4217,92,True
31,211,4125,4205,80,True
26,224,4126,4205,79,True
7,177,4128,4273,145,True
10,237,4128,4217,89,True
24,181,4128,4217,89,True
41,230,4128,4255,127,True
45,194,4128,4255,127,True
5,207,4129,4224,95,True
10,238,4129,4217,88,True
41,231,4129,4255,126,True
1,208,4130,4224,94,True
18,196,4130,4224,94,True
49,209,4130,4205,75,True
34,210,4131,4205,74,True
48,186,4131,4255,124,True
16,210,4132,4273,141,True
36,213,4132,4255,123,True
36,214,4133,4255,122,True
43,210,4133,4275,142,True
13,207,4134,4217,83,True
16,211,4134,4273,139,True
19,199,4134,4273,139,True
22,230,4134,4217,83,True
35,216,4134,4205,71,True
6,183,4135,4224,89,True
42,211,4135,4205,70,True
38,210,4136,4224,88,True
29,200,4137,4205,68,True
32,211,4137,4208,71,True
35,217,4137,4205,68,True
11,207,4138,4217,79,True
15,219,4138,4217,79,True
39,200,4138,4208,70,True
8,166,4139,4224,85,True
31,212,4139,4275,136,True
49,210,4139,4255,116,True
11,208,4140,4217,77,True
38,211,4140,4224,84,True
39,201,4140,4208,68,True
19,200,4141,4273,132,True
33,203,4141,4275,134,True
42,212,4141,4205,64,True
49,211,4141,4255,114,True
33,204,4143,4275,132,True
15,220,4144,4217,73,True
19,201,4144,4273,129,True
33,205,4144,4275,131,True
41,232,4144,4255,111,True
14,203,4145,4224,79,True
20,205,4146,4224,78,True
13,208,4147,4217,70,True
19,202,4147,4273,126,True
20,206,4147,4224,77,True
2,181,4148,4273,125,True
10,239,4148,4217,69,True
15,221,4149,4217,68,True
37,229,4149,4208,59,True
44,209,4149,4208,59,True
6,184,4150,4224,74,True
12,218,4150,4224,74,True
17,228,4150,4217,67,True
20,207,4150,4224,74,True
31,213,4150,4275,125,True
32,212,4150,4275,125,True
43,211,4150,4275,125,True
49,212,4150,4255,105,True
12,219,4151,4224,73,True
21,199,4151,4273,122,True
38,212,4151,4224,73,True
47,190,4151,4217,66,True
0,180,4152,4273,121,True
23,185,4152,4217,65,True
2,182,4153,4273,120,True
14,204,4153,4224,71,True
33,206,4153,4275,122,True
7,178,4154,4273,119,True
27,215,4154,4217,63,True
32,213,4154,4275,121,True
47,191,4154,4217,63,True
2,183,4155,4273,118,True
19,203,4155,4273,118,True
38,213,4155,4224,69,True
40,185,4155,4217,62,True
8,167,4156,4224,68,True
11,209,4156,4217,61,True
23,186,4156,4224,68,True
4,190,4157,4224,67,True
20,208,4157,4224,67,True
3,200,4158,4273,115,True
6,185,4158,4224,66,True
44,210,4158,4217,59,True
40,186,4159,4217,58,True
0,181,4160,4273,113,True
29,201,4160,4255,95,True
40,187,4160,4217,57,True
30,206,4161,4217,56,True
45,195,4161,4255,94,True
28,206,4162,4275,113,True
31,214,4162,4275,113,True
44,211,4162,4217,55,True
4,191,4163,4224,61,True
8,168,4163,4224,61,True
9,218,4163,4273,110,True
10,240,4163,4217,54,True
1,209,4164,4296,132,True
12,220,4164,4273,109,True
15,222,4166,4273,107,True
19,204,4169,4273,104,True
21,200,4169,4296,127,True
23,187,4169,4224,55,True
32,214,4169,4275,106,True
43,212,4169,4275,106,True
11,210,4170,4224,54,True
13,209,4170,4273,103,True
9,219,4171,4273,102,True
32,215,4171,4275,104,True
33,207,4171,4275,104,True
39,202,4171,4255,84,True
7,179,4172,4273,101,True
43,213,4172,4275,103,True
25,207,4173,4255,82,True
6,186,4174,4224,50,True
26,225,4174,4356,182,True
0,182,4175,4273,98,True
28,207,4175,4275,100,True
3,201,4176,4273,97,True
46,226,4177,4224,47,True
0,183,4179,4273,94,True
41,233,4179,4275,96,True
8,169,4180,4255,75,True
31,215,4181,4275,94,True
19,205,4182,4273,91,True
26,226,4182,4356,174,True
27,216,4182,4273,91,True
34,211,4182,4255,73,True
39,203,4182,4275,93,True
14,205,4183,4273,90,True
18,197,4183,4255,72,True
33,208,4183,4356,173,True
11,211,4184,4224,40,True
31,216,4184,4275,91,True
42,213,4185,4224,39,True
49,213,4185,4356,171,True
36,215,4186,4275,89,True
38,214,4186,4224,38,True
0,184,4187,4273,86,True
6,187,4187,4296,109,True
12,221,4187,4273,86,True
29,202,4187,4275,88,True
32,216,4187,4275,88,True
35,218,4187,4255,68,True
36,216,4187,4275,88,True
48,187,4188,4356,168,True
2,184,4189,4296,107,True
21,201,4189,4296,107,True
44,212,4189,4275,86,True
48,188,4189,4356,167,True
24,182,4190,4296,106,True
46,227,4190,4275,85,True
30,207,4191,4273,82,True
17,229,4192,4273,81,True
24,183,4192,4296,104,True
24,184,4193,4296,103,True
40,188,4193,4273,80,True
15,223,4194,4273,79,True
16,212,4194,4273,79,True
29,203,4195,4275,80,True
40,189,4195,4273,78,True
44,213,4195,4275,80,True
7,180,4196,4273,77,True
28,208,4196,4275,79,True
47,192,4196,4273,77,True
22,231,4197,4273,76,True
10,241,4198,4273,75,True
47,193,4198,4273,75,True
45,196,4199,4356,157,True
4,192,4200,4296,96,True
11,212,4200,4273,73,True
31,217,4200,4275,75,True
21,202,4201,4296,95,True
24,185,4201,4296,95,True
30,208,4201,4273,72,True
34,212,4201,4255,54,True
37,230,4201,4275,74,True
38,215,4202,4273,71,True
10,242,4203,4273,70,True
10,243,4204,4273,69,True
35,219,4204,4273,69,True
39,204,4204,4275,71,True
0,185,4205,4273,68,True
25,208,4206,4275,69,True
31,218,4206,4275,69,True
25,209,4207,4275,68,True
0,186,4209,4296,87,True
41,234,4209,4356,147,True
46,228,4209,4275,66,True
6,188,4210,4296,86,True
14,206,4210,4273,63,True
35,220,4210,4273,63,True
41,235,4210,4356,146,True
46,229,4210,4275,65,True
10,244,4211,4273,62,True
10,245,4212,4275,63,True
5,208,4213,4296,83,True
27,217,4214,4296,82,True
29,204,4214,4275,61,True
38,216,4214,4275,61,True
1,210,4215,4372,157,True
14,207,4215,4296,81,True
29,205,4215,4275,60,True
35,221,4215,4273,58,True
8,170,4216,4273,57,True
23,188,4216,4312,96,True
26,227,4216,4356,140,True
45,197,4216,4356,140,True
22,232,4217,4296,79,True
28,209,4217,4356,139,True
37,231,4217,4275,58,True
1,211,4218,4372,154,True
42,214,4219,4296,77,True
17,230,4220,4275,55,True
12,222,4221,4296,75,True
31,219,4221,4356,135,True
49,214,4221,4356,135,True
14,208,4222,4296,74,True
38,217,4222,4275,53,True
41,236,4222,4356,134,True
17,231,4224,4275,51,True
21,203,4224,4296,72,True
34,213,4224,4275,51,True
6,189,4225,4296,71,True
34,214,4225,4275,50,True
37,232,4225,4275,50,True
13,210,4226,4296,70,True
37,233,4226,4275,49,True
40,190,4226,4275,49,True
43,214,4226,4356,130,True
22,233,4227,4296,69,True
30,209,4227,4308,81,True
42,215,4227,4296,69,True
8,171,4228,4312,84,True
18,198,4228,4296,68,True
4,193,4229,4296,67,True
9,220,4229,4296,67,True
45,198,4229,4356,127,True
8,172,4230,4312,82,True
20,209,4230,4372,142,True
22,234,4230,4296,66,True
21,204,4231,4372,141,True
30,210,4231,4308,77,True
40,191,4231,4275,44,True
16,213,4232,4372,140,True
24,186,4232,4296,64,True
4,194,4233,4296,63,True
10,246,4234,4372,138,True
20,210,4234,4372,138,True
15,224,4235,4372,137,True
31,220,4235,4356,121,True
46,230,4235,4275,40,True
4,195,4237,4296,59,True
18,199,4237,4296,59,True
15,225,4238,4372,134,True
27,218,4238,4296,58,True
37,234,4238,4356,118,True
41,237,4238,4356,118,True
0,187,4239,4372,133,True
13,211,4239,4296,57,True
17,232,4239,4275,36,True
23,189,4239,4312,73,True
18,200,4240,4296,56,True
30,211,4240,4308,68,True
40,192,4240,4275,35,True
5,209,4241,4296,55,True
21,205,4241,4473,232,True
23,190,4241,4312,71,True
25,210,4241,4356,115,True
46,231,4241,4275,34,True
43,215,4242,4356,114,True
6,190,4243,4296,53,True
18,201,4243,4296,53,True
30,212,4243,4308,65,True
12,223,4244,4372,128,True
19,206,4244,4296,52,True
36,217,4244,4356,112,True
46,232,4245,4275,30,True
39,205,4246,4465,219,True
19,207,4247,4296,49,True
47,194,4247,4372,125,True
20,211,4249,4372,123,True
36,218,4249,4356,107,True
9,221,4250,4372,122,True
16,214,4250,4372,122,True
27,219,4250,4296,46,True
16,215,4251,4372,121,True
21,206,4251,4473,222,True
28,210,4251,4356,105,True
5,210,4252,4296,44,True
14,209,4252,4372,120,True
20,212,4252,4372,120,True
36,219,4252,4356,104,True
40,193,4252,4372,120,True
34,215,4253,4312,59,True
36,220,4253,4356,103,True
8,173,4254,4312,58,True
18,202,4254,4296,42,True
16,216,4255,4372,117,True
37,235,4256,4356,100,True
22,235,4257,4473,216,True
27,220,4257,4372,115,True
34,216,4257,4356,99,True
37,236,4257,4400,143,True
38,218,4258,4308,50,True
41,238,4258,4356,98,True
22,236,4259,4473,214,True
30,213,4259,4308,49,True
1,212,4260,4372,112,True
11,213,4260,4308,48,True
26,228,4260,4391,131,True
20,213,4261,4372,111,True
33,209,4261,4391,130,True
36,221,4261,4356,95,True
19,208,4262,4372,110,True
26,229,4262,4391,129,True
39,206,4262,4465,203,True
2,185,4263,4372,109,True
32,217,4263,4356,93,True
33,210,4266,4391,125,True
49,215,4266,4356,90,True
15,226,4267,4372,105,True
23,191,4267,4312,45,True
26,230,4267,4391,124,True
37,237,4267,4400,133,True
14,210,4269,4372,103,True
29,206,4269,4356,87,True
32,218,4269,4359,90,True
37,238,4269,4400,131,True
45,199,4269,4356,87,True
47,195,4269,4372,103,True
18,203,4270,4372,102,True
28,211,4270,4356,86,True
42,216,4270,4372,102,True
5,211,4271,4372,101,True
14,211,4271,4372,101,True
30,214,4271,4410,139,True
34,217,4271,4356,85,True
39,207,4271,4465,194,True
4,196,4272,4372,100,True
6,191,4272,4372,100,True
9,222,4272,4372,100,True
12,224,4272,4372,100,True
16,217,4272,4372,100,True
43,216,4272,4356,84,True
2,186,4273,4372,99,True
5,212,4273,4372,99,True
39,208,4273,4465,192,True
43,217,4273,4356,83,True
14,212,4274,4372,98,True
49,216,4274,4356,82,True
5,213,4275,4372,97,True
8,174,4275,4372,97,True
49,217,4276,4356,80,True
13,212,4277,4372,95,True
24,187,4277,4372,95,True
39,209,4277,4465,188,True
46,233,4277,4356,79,True
10,247,4278,4372,94,True
22,237,4278,4473,195,True
23,192,4278,4372,94,True
24,188,4278,4372,94,True
33,211,4278,4391,113,True
17,233,4279,4372,93,True
27,221,4279,4372,93,True
32,219,4279,4359,80,True
46,234,4280,4356,76,True
5,214,4281,4372,91,True
31,221,4281,4356,75,True
7,181,4282,4372,90,True
9,223,4282,4372,90,True
13,213,4282,4372,90,True
29,207,4282,4356,74,True
6,192,4283,4372,89,True
15,227,4283,4372,89,True
25,211,4283,4356,73,True
9,224,4284,4372,88,True
18,204,4284,4372,88,True
2,187,4285,4372,87,True
7,182,4285,4372,87,True
12,225,4285,4372,87,True
45,200,4285,4391,106,True
1,213,4286,4372,86,True
2,188,4286,4372,86,True
4,197,4286,4372,86,True
10,248,4286,4372,86,True
0,188,4287,4372,85,True
18,205,4287,4372,85,True
22,238,4287,4473,186,True
29,208,4288,4391,103,True
35,222,4288,4372,84,True
44,214,4288,4356,68,True
17,234,4289,4372,83,True
34,218,4289,4356,67,True
14,213,4290,4372,82,True
17,235,4290,4372,82,True
25,212,4290,4356,66,True
31,222,4290,4391,101,True
1,214,4291,4372,81,True
14,214,4291,4372,81,True
16,218,4291,4473,182,True
26,231,4291,4391,100,True
30,215,4291,4410,119,True
36,222,4291,4391,100,True
45,201,4291,4400,109,True
25,213,4292,4359,67,True
34,219,4292,4356,64,True
35,223,4292,4372,80,True
0,189,4293,4372,79,True
6,193,4293,4372,79,True
36,223,4293,4391,98,True
6,194,4294,4372,78,True
22,239,4294,4473,179,True
3,202,4295,4372,77,True
39,210,4296,4465,169,True
4,198,4297,4372,75,True
28,212,4297,4465,168,True
34,220,4297,4372,75,True
36,224,4297,4400,103,True
32,220,4298,4391,93,True
29,209,4299,4391,92,True
34,221,4299,4372,73,True
37,239,4299,4400,101,True
15,228,4300,4372,72,True
49,218,4300,4465,165,True
11,214,4301,4372,71,True
22,240,4301,4473,172,True
33,212,4301,4400,99,True
10,249,4302,4391,89,True
45,202,4302,4400,98,True
17,236,4303,4372,69,True
27,222,4303,4372,69,True
8,175,4304,4372,68,True
20,214,4304,4372,68,True
29,210,4304,4400,96,True
44,215,4304,4391,87,True
7,183,4305,4372,67,True
47,196,4305,4372,67,True
18,206,4306,4372,66,True
20,215,4306,4372,66,True
24,189,4306,4372,66,True
33,213,4306,4400,94,True
38,219,4307,4372,65,True
39,211,4307,4465,158,True
40,194,4308,4372,64,True
22,241,4309,4473,164,True
25,214,4309,4391,82,True
14,215,4310,4372,62,True
19,209,4310,4372,62,True
35,224,4310,4372,62,True
43,218,4310,4465,155,True
44,216,4310,4391,81,True
16,219,4311,4473,162,True
42,217,4311,4372,61,True
5,215,4312,4372,60,True
20,216,4312,4372,60,True
37,240,4312,4400,88,True
9,225,4313,4372,59,True
39,212,4313,4465,152,True
33,214,4314,4465,151,True
35,225,4314,4372,58,True
46,235,4314,4372,58,True
2,189,4315,4372,57,True
15,229,4315,4372,57,True
19,210,4315,4429,114,True
27,223,4315,4372,57,True
34,222,4315,4391,76,True
38,220,4315,4410,95,True
5,216,4316,4372,56,True
10,250,4316,4391,75,True
16,220,4316,4473,157,True
8,176,4318,4379,61,True
23,193,4318,4372,54,True
5,217,4319,4372,53,True
11,215,4319,4372,53,True
14,216,4319,4372,53,True
25,215,4319,4391,72,True
33,215,4319,4465,146,True
37,241,4319,4465,146,True
41,239,4319,4465,146,True
8,177,4320,4379,59,True
22,242,4320,4473,153,True
43,219,4320,4465,145,True
46,236,4320,4372,52,True
4,199,4321,4372,51,True
36,225,4321,4465,144,True
24,190,4322,4372,50,True
37,242,4322,4465,143,True
5,218,4323,4473,150,True
26,232,4323,4400,77,True
29,211,4323,4400,77,True
46,237,4323,4372,49,True
34,223,4324,4391,67,True
43,220,4324,4465,141,True
20,217,4325,4473,148,True
22,243,4325,4473,148,True
0,190,4326,4379,53,True
24,191,4326,4372,46,True
4,200,4327,4372,45,True
8,178,4327,4379,52,True
24,192,4327,4372,45,True
34,224,4327,4391,64,True
38,221,4327,4410,83,True
43,221,4327,4465,138,True
34,225,4328,4391,63,True
39,213,4328,4465,137,True
21,207,4329,4473,144,True
5,219,4331,4473,142,True
20,218,4331,4473,142,True
27,224,4331,4372,41,True
34,226,4331,4391,60,True
45,203,4331,4519,188,True
49,219,4331,4465,134,True
8,179,4332,4379,47,True
24,193,4333,4429,96,True
27,225,4333,4372,39,True
5,220,4334,4473,139,True
8,180,4334,4379,45,True
35,226,4334,4391,57,True
49,220,4334,4465,131,True
27,226,4335,4391,56,True
29,212,4335,4465,130,True
16,221,4336,4473,137,True
7,184,4337,4525,188,True
13,214,4337,4473,136,True
15,230,4337,4473,136,True
17,237,4337,4473,136,True
3,203,4338,4429,91,True
14,217,4338,4372,34,True
43,222,4338,4465,127,True
12,226,4339,4473,134,True
28,213,4339,4519,180,True
40,195,4339,4393,54,True
10,251,4340,4473,133,True
29,213,4340,4465,125,True
47,197,4340,4473,133,True
49,221,4340,4465,125,True
13,215,4341,4473,132,True
40,196,4341,4393,52,True
15,231,4342,4473,131,True
45,204,4342,4519,177,True
12,227,4343,4473,130,True
28,214,4343,4519,176,True
3,204,4344,4473,129,True
11,216,4344,4410,66,True
23,194,4345,4400,55,True
35,227,4345,4473,128,True
7,185,4346,4525,179,True
31,223,4346,4465,119,True
37,243,4346,4465,119,True
42,218,4346,4391,45,True
24,194,4347,4429,82,True
37,244,4347,4465,118,True
49,222,4347,4465,118,True
3,205,4348,4473,125,True
42,219,4348,4429,81,True
36,226,4349,4519,170,True
30,216,4350,4410,60,True
0,191,4351,4473,122,True
10,252,4351,4473,122,True
31,224,4351,4465,114,True
9,226,4352,4473,121,True
15,232,4352,4473,121,True
38,222,4352,4410,58,True
47,198,4352,4473,121,True
10,253,4353,4473,120,True
19,211,4353,4473,120,True
38,223,4353,4410,57,True
4,201,4354,4473,119,True
19,212,4354,4473,119,True
32,221,4354,4493,139,True
7,186,4355,4525,170,True
40,197,4355,4473,118,True
3,206,4356,4473,117,True
9,227,4356,4473,117,True
14,218,4356,4473,117,True
30,217,4356,4410,54,True
48,189,4356,4465,109,True
0,192,4357,4473,116,True
1,215,4358,4473,115,True
5,221,4358,4473,115,True
1,216,4359,4473,114,True
2,190,4359,4473,114,True
15,233,4359,4473,114,True
18,207,4359,4473,114,True
36,227,4360,4519,159,True
14,219,4361,4473,112,True
19,213,4361,4473,112,True
34,227,4361,4410,49,True
36,228,4361,4519,158,True
1,217,4362,4473,111,True
5,222,4362,4473,111,True
13,216,4362,4473,111,True
39,214,4362,4465,103,True
35,228,4363,4473,110,True
5,223,4364,4523,159,True
10,254,4364,4473,109,True
17,238,4364,4473,109,True
26,233,4364,4465,101,True
42,220,4365,4429,64,True
46,238,4365,4410,45,True
5,224,4366,4523,157,True
34,228,4366,4465,99,True
3,207,4367,4473,106,True
4,202,4367,4473,106,True
33,216,4367,4465,98,True
4,203,4368,4473,105,True
13,217,4368,4473,105,True
13,218,4369,4473,104,True
29,214,4369,4465,96,True
29,215,4371,4465,94,True
42,221,4371,4473,102,True
43,223,4371,4519,148,True
15,234,4372,4523,151,True
27,227,4372,4473,101,True
37,245,4372,4493,121,True
38,224,4372,4473,101,True
0,193,4373,4473,100,True
5,225,4373,4523,150,True
33,217,4373,4465,92,True
39,215,4373,4465,92,True
44,217,4373,4493,120,True
4,204,4374,4473,99,True
11,217,4374,4473,99,True
13,219,4374,4523,149,True
18,208,4374,4523,149,True
35,229,4374,4473,99,True
18,209,4375,4523,148,True
22,244,4375,4523,148,True
30,218,4375,4525,150,True
7,187,4376,4525,149,True
18,210,4376,4523,147,True
9,228,4377,4523,146,True
46,239,4377,4473,96,True
5,226,4378,4523,145,True
15,235,4378,4523,145,True
27,228,4378,4473,95,True
28,215,4378,4519,141,True
37,246,4378,4493,115,True
0,194,4379,4523,144,True
2,191,4379,4525,146,True
24,195,4379,4473,94,True
33,218,4379,4519,140,True
34,229,4379,4465,86,True
38,225,4379,4525,146,True
46,240,4379,4473,94,True
7,188,4380,4525,145,True
13,220,4380,4523,143,True
41,240,4380,4519,139,True
46,241,4380,4473,93,True
3,208,4381,4473,92,True
43,224,4381,4519,138,True
22,245,4382,4523,141,True
33,219,4382,4519,137,True
35,230,4382,4473,91,True
42,222,4382,4473,91,True
49,223,4382,4493,111,True
26,234,4383,4493,110,True
38,226,4383,4525,142,True
43,225,4383,4519,136,True
29,216,4384,4493,109,True
38,227,4384,4525,141,True
40,198,4385,4473,88,True
12,228,4386,4525,139,True
29,217,4386,4493,107,True
46,242,4386,4473,87,True
47,199,4386,4473,87,True
49,224,4386,4493,107,True
22,246,4387,4523,136,True
43,226,4387,4519,132,True
48,190,4387,4519,132,True
10,255,4388,4525,137,True
17,239,4388,4523,135,True
23,195,4388,4473,85,True
4,205,4389,4473,84,True
6,195,4390,4473,83,True
14,220,4390,4473,83,True
15,236,4390,4523,133,True
28,216,4390,4519,129,True
34,230,4390,4465,75,True
35,231,4390,4473,83,True
6,196,4391,4473,82,True
26,235,4391,4493,102,True
31,225,4391,4519,128,True
37,247,4391,4493,102,True
35,232,4392,4473,81,True
3,209,4393,4525,132,True
6,197,4393,4473,80,True
16,222,4393,4525,132,True
37,248,4393,4493,100,True
12,229,4394,4525,131,True
23,196,4394,4473,79,True
44,218,4394,4493,99,True
49,225,4394,4493,99,True
13,221,4395,4523,128,True
19,214,4395,4523,128,True
33,220,4395,4519,124,True
10,256,4396,4525,129,True
5,227,4397,4523,126,True
17,240,4397,4523,126,True
2,192,4398,4525,127,True
30,219,4398,4525,127,True
31,226,4398,4519,121,True
32,222,4398,4493,95,True
19,215,4399,4525,126,True
42,223,4399,4523,124,True
12,230,4400,4525,125,True
23,197,4400,4473,73,True
28,217,4400,4519,119,True
39,216,4400,4493,93,True
17,241,4401,4523,122,True
19,216,4401,4525,124,True
10,257,4402,4525,123,True
18,211,4402,4523,121,True
30,220,4402,4525,123,True
36,229,4402,4519,117,True
4,206,4403,4523,120,True
10,258,4404,4525,121,True
25,216,4404,4519,115,True
8,181,4405,4523,118,True
40,199,4406,4523,117,True
25,217,4407,4519,112,True
26,236,4407,4493,86,True
32,223,4407,4519,112,True
3,210,4408,4525,117,True
7,189,4408,4525,117,True
9,229,4408,4525,117,True
34,231,4408,4493,85,True
44,219,4408,4493,85,True
27,229,4409,4523,114,True
32,224,4409,4519,110,True
14,221,4410,4525,115,True
20,219,4410,4525,115,True
2,193,4411,4525,114,True
8,182,4412,4523,111,True
0,195,4413,4525,112,True
14,222,4413,4525,112,True
48,191,4413,4519,106,True
3,211,4414,4525,111,True
7,190,4415,4525,110,True
13,222,4415,4525,110,True
2,194,4416,4525,109,True
8,183,4416,4523,107,True
43,227,4416,4519,103,True
44,220,4416,4493,77,True
48,192,4416,4519,103,True
2,195,4417,4525,108,True
12,231,4417,4525,108,True
18,212,4417,4525,108,True
35,233,4417,4525,108,True
43,228,4417,4519,102,True
15,237,4418,4525,107,True
43,229,4418,4519,101,True
48,193,4418,4519,101,True
6,198,4419,4525,106,True
7,191,4419,4525,106,True
17,242,4419,4525,106,True
33,221,4419,4606,187,True
5,228,4421,4525,104,True
15,238,4421,4525,104,True
26,237,4421,4519,98,True
2,196,4422,4525,103,True
4,207,4422,4525,103,True
18,213,4422,4525,103,True
20,220,4422,4525,103,True
40,200,4422,4525,103,True
1,218,4424,4525,101,True
14,223,4425,4525,100,True
25,218,4425,4519,94,True
5,229,4426,4525,99,True
15,239,4426,4525,99,True
26,238,4426,4519,93,True
47,200,4426,4525,99,True
0,196,4427,4525,98,True
22,247,4428,4663,235,True
7,192,4429,4525,96,True
13,223,4429,4525,96,True
14,224,4429,4525,96,True
20,221,4429,4525,96,True
29,218,4429,4519,90,True
35,234,4429,4525,96,True
3,212,4430,4525,95,True
5,230,4430,4525,95,True
8,184,4430,4525,95,True
20,222,4430,4525,95,True
39,217,4430,4519,89,True
41,241,4430,4519,89,True
45,205,4430,4519,89,True
28,218,4431,4519,88,True
35,235,4431,4525,94,True
47,201,4431,4525,94,True
10,259,4432,4527,95,True
19,217,4432,4525,93,True
29,219,4432,4519,87,True
35,236,4432,4525,93,True
36,230,4432,4519,87,True
4,208,4433,4525,92,True
29,220,4433,4519,86,True
39,218,4433,4519,86,True
48,194,4433,4519,86,True
40,201,4434,4525,91,True
2,197,4435,4572,137,True
9,230,4435,4525,90,True
44,221,4435,4519,84,True
27,230,4436,4525,89,True
4,209,4437,4525,88,True
17,243,4438,4663,225,True
34,232,4438,4523,85,True
47,202,4438,4525,87,True
4,210,4439,4525,86,True
23,198,4439,4523,84,True
44,222,4439,4519,80,True
20,223,4440,4525,85,True
24,196,4440,4525,85,True
30,221,4440,4525,85,True
47,203,4440,4525,85,True
19,218,4441,4525,84,True
10,260,4442,4527,85,True
13,224,4442,4525,83,True
25,219,4442,4519,77,True
28,219,4442,4519,77,True
29,221,4442,4519,77,True
30,222,4442,4525,83,True
36,231,4442,4606,164,True
1,219,4443,4525,82,True
2,198,4443,4572,129,True
9,231,4443,4525,82,True
40,202,4444,4525,81,True
25,220,4445,4519,74,True
36,232,4445,4606,161,True
45,206,4445,4519,74,True
46,243,4445,4525,80,True
10,261,4446,4527,81,True
6,199,4447,4525,78,True
12,232,4447,4525,78,True
21,208,4447,4525,78,True
22,248,4447,4663,216,True
23,199,4447,4525,78,True
29,222,4448,4519,71,True
39,219,4448,4519,71,True
1,220,4449,4572,123,True
7,193,4450,4525,75,True
36,233,4450,4606,156,True
48,195,4450,4519,69,True
9,232,4451,4572,121,True
12,233,4451,4525,74,True
7,194,4452,4525,73,True
26,239,4452,4519,67,True
36,234,4452,4606,154,True
7,195,4453,4525,72,True
8,185,4453,4525,72,True
23,200,4454,4525,71,True
47,204,4454,4525,71,True
32,225,4455,4523,68,True
33,222,4455,4606,151,True
40,203,4455,4525,70,True
10,262,4456,4527,71,True
41,242,4456,4606,150,True
48,196,4456,4519,63,True
0,197,4457,4525,68,True
21,209,4457,4572,115,True
36,235,4457,4606,149,True
47,205,4457,4525,68,True
19,219,4458,4572,114,True
23,201,4458,4525,67,True
33,223,4458,4606,148,True
6,200,4460,4525,65,True
11,218,4460,4525,65,True
17,244,4460,4663,203,True
18,214,4460,4525,65,True
25,221,4460,4523,63,True
6,201,4462,4525,63,True
28,220,4462,4606,144,True
27,231,4464,4525,61,True
35,237,4465,4525,60,True
47,206,4465,4525,60,True
31,227,4466,4519,53,True
37,249,4466,4561,95,True
3,213,4467,4572,105,True
6,202,4467,4525,58,True
10,263,4467,4527,60,True
17,245,4467,4663,196,True
38,228,4467,4525,58,True
45,207,4467,4606,139,True
0,198,4469,4572,103,True
5,231,4469,4528,59,True
48,197,4469,4606,137,True
7,196,4470,4528,58,True
15,240,4470,4525,55,True
17,246,4470,4663,193,True
2,199,4471,4572,101,True
7,197,4471,4528,57,True
46,244,4471,4525,54,True
1,221,4472,4572,100,True
28,221,4472,4606,134,True
24,197,4473,4572,99,True
44,223,4473,4561,88,True
19,220,4474,4572,98,True
16,223,4475,4572,97,True
21,210,4475,4572,97,True
24,198,4475,4572,97,True
14,225,4476,4525,49,True
23,202,4476,4525,49,True
25,222,4476,4523,47,True
37,250,4476,4561,85,True
39,220,4476,4606,130,True
43,230,4476,4606,130,True
44,224,4476,4561,85,True
12,234,4477,4663,186,True
10,264,4478,4527,49,True
13,225,4478,4525,47,True
22,249,4478,4663,185,True
26,240,4478,4606,128,True
33,224,4478,4606,128,True
21,211,4479,4572,93,True
1,222,4480,4572,92,True
22,250,4480,4663,183,True
27,232,4480,4525,45,True
42,224,4481,4525,44,True
16,224,4482,4572,90,True
3,214,4483,4572,89,True
17,247,4483,4663,180,True
18,215,4483,4572,89,True
38,229,4483,4572,89,True
1,223,4484,4572,88,True
11,219,4484,4556,72,True
21,212,4484,4572,88,True
31,228,4484,4606,122,True
2,200,4485,4572,87,True
30,223,4485,4572,87,True
1,224,4486,4572,86,True
2,201,4486,4572,86,True
14,226,4486,4572,86,True
28,222,4486,4606,120,True
32,226,4486,4561,75,True
33,225,4486,4606,120,True
10,265,4488,4572,84,True
21,213,4488,4572,84,True
28,223,4488,4606,118,True
3,215,4489,4572,83,True
4,211,4489,4572,83,True
36,236,4491,4606,115,True
40,204,4491,4663,172,True
0,199,4492,4572,80,True
34,233,4492,4561,69,True
24,199,4493,4572,79,True
42,225,4493,4556,63,True
0,200,4494,4572,78,True
27,233,4494,4556,62,True
11,220,4496,4572,76,True
42,226,4496,4556,60,True
11,221,4497,4572,75,True
48,198,4497,4606,109,True
11,222,4499,4572,73,True
33,226,4499,4606,107,True
34,234,4499,4561,62,True
39,221,4499,4606,107,True
46,245,4499,4556,57,True
31,229,4500,4606,106,True
34,235,4500,4561,61,True
40,205,4500,4663,163,True
18,216,4501,4572,71,True
27,234,4501,4572,71,True
49,226,4501,4561,60,True
4,212,4503,4572,69,True
17,248,4503,4663,160,True
42,227,4503,4556,53,True
16,225,4504,4572,68,True
34,236,4504,4561,57,True
2,202,4505,4663,158,True
5,232,4505,4663,158,True
40,206,4505,4663,158,True
6,203,4506,4572,66,True
18,217,4506,4572,66,True
6,204,4507,4572,65,True
9,233,4507,4663,156,True
34,237,4507,4561,54,True
39,222,4508,4606,98,True
42,228,4508,4572,64,True
11,223,4510,4572,62,True
29,223,4510,4606,96,True
4,213,4511,4572,61,True
8,186,4511,4663,152,True
28,224,4511,4606,95,True
29,224,4511,4606,95,True
47,207,4511,4663,152,True
48,199,4511,4606,95,True
12,235,4512,4663,151,True
28,225,4512,4606,94,True
34,238,4512,4561,49,True
4,214,4513,4572,59,True
29,225,4513,4606,93,True
20,224,4514,4663,149,True
29,226,4514,4606,92,True
0,201,4515,4663,148,True
13,226,4515,4572,57,True
22,251,4515,4663,148,True
41,243,4515,4606,91,True
44,225,4515,4606,91,True
33,227,4516,4785,269,True
42,229,4516,4572,56,True
45,208,4516,4606,90,True
12,236,4517,4663,146,True
15,241,4517,4663,146,True
18,218,4517,4572,55,True
34,239,4517,4589,72,True
38,230,4517,4572,55,True
44,226,4517,4606,89,True
19,221,4518,4663,145,True
46,246,4518,4663,145,True
8,187,4519,4663,144,True
19,222,4519,4663,144,True
38,231,4519,4572,53,True
14,227,4521,4572,51,True
21,214,4521,4663,142,True
24,200,4521,4663,142,True
21,215,4522,4663,141,True
26,241,4522,4606,84,True
33,228,4523,4785,262,True
47,208,4523,4663,140,True
14,228,4524,4572,48,True
18,219,4524,4572,48,True
38,232,4524,4572,48,True
44,227,4524,4606,82,True
1,225,4525,4663,138,True
3,216,4525,4663,138,True
32,227,4525,4629,104,True
6,205,4526,4572,46,True
13,227,4526,4572,46,True
24,201,4526,4663,137,True
37,251,4526,4629,103,True
12,237,4527,4663,136,True
35,238,4527,4663,136,True
42,230,4527,4572,45,True
37,252,4528,4629,101,True
49,227,4528,4629,101,True
5,233,4529,4663,134,True
16,226,4529,4663,134,True
21,216,4529,4663,134,True
15,242,4530,4663,133,True
5,234,4531,4663,132,True
15,243,4531,4663,132,True
21,217,4531,4663,132,True
23,203,4531,4589,58,True
29,227,4531,4606,75,True
39,223,4531,4629,98,True
45,209,4531,4606,75,True
4,215,4532,4572,40,True
10,266,4532,4663,131,True
14,229,4532,4572,40,True
22,252,4532,4663,131,True
23,204,4532,4589,57,True
49,228,4532,4629,97,True
18,220,4533,4572,39,True
11,224,4534,4663,129,True
32,228,4534,4629,95,True
39,224,4534,4629,95,True
2,203,4535,4663,128,True
6,206,4535,4663,128,True
17,249,4535,4663,128,True
18,221,4535,4663,128,True
34,240,4535,4606,71,True
49,229,4535,4629,94,True
3,217,4536,4663,127,True
24,202,4536,4663,127,True
34,241,4537,4606,69,True
14,230,4538,4663,125,True
23,205,4538,4589,51,True
3,218,4539,4665,126,True
29,228,4539,4606,67,True
31,230,4539,4606,67,True
2,204,4540,4663,123,True
14,231,4540,4663,123,True
25,223,4540,4606,66,True
49,230,4541,4629,88,True
20,225,4542,4663,121,True
40,207,4542,4663,121,True
11,225,4543,4663,120,True
26,242,4543,4629,86,True
31,231,4543,4629,86,True
41,244,4543,4629,86,True
49,231,4544,4629,85,True
1,226,4545,4665,120,True
23,206,4546,4663,117,True
26,243,4546,4629,83,True
27,235,4546,4663,117,True
34,242,4546,4663,117,True
29,229,4547,4629,82,True
7,198,4548,4663,115,True
47,209,4548,4663,115,True
1,227,4549,4665,116,True
43,231,4549,4664,115,True
10,267,4550,4663,113,True
17,250,4550,4663,113,True
49,232,4550,4629,79,True
9,234,4551,4663,112,True
18,222,4551,4663,112,True
0,202,4553,4663,110,True
32,229,4553,4629,76,True
42,231,4553,4663,110,True
44,228,4553,4629,76,True
7,199,4554,4663,109,True
15,244,4554,4663,109,True
28,226,4554,4664,110,True
18,223,4555,4663,108,True
36,237,4555,4629,74,True
48,200,4557,4629,72,True
2,205,4558,4735,177,True
39,225,4558,4629,71,True
45,210,4558,4664,106,True
7,200,4559,4663,104,True
29,230,4559,4629,70,True
40,208,4559,4663,104,True
13,228,4560,4663,103,True
27,236,4562,4663,101,True
3,219,4563,4665,102,True
14,232,4563,4663,100,True
18,224,4563,4663,100,True
23,207,4563,4663,100,True
44,229,4563,4629,66,True
48,201,4563,4664,101,True
22,253,4564,4663,99,True
27,237,4564,4663,99,True
32,230,4564,4629,65,True
40,209,4564,4663,99,True
44,230,4564,4629,65,True
4,216,4566,4663,97,True
13,229,4566,4663,97,True
21,218,4566,4735,169,True
2,206,4567,4735,168,True
11,226,4567,4663,96,True
15,245,4567,4735,168,True
37,253,4568,4664,96,True
4,217,4569,4663,94,True
24,203,4569,4663,94,True
12,238,4570,4663,93,True
19,223,4570,4663,93,True
35,239,4570,4663,93,True
13,230,4571,4663,92,True
30,224,4571,4663,92,True
42,232,4571,4663,92,True
47,210,4571,4663,92,True
6,207,4572,4663,91,True
7,201,4572,4663,91,True
10,268,4572,4663,91,True
22,254,4572,4663,91,True
23,208,4572,4663,91,True
29,231,4572,4664,92,True
4,218,4573,4665,92,True
40,210,4573,4663,90,True
3,220,4574,4665,91,True
4,219,4574,4665,91,True
10,269,4574,4663,89,True
19,224,4574,4663,89,True
33,229,4574,4785,211,True
2,207,4575,4735,160,True
5,235,4575,4665,90,True
7,202,4575,4663,88,True
9,235,4575,4735,160,True
10,270,4575,4663,88,True
13,231,4575,4663,88,True
49,233,4575,4785,210,True
36,238,4576,4724,148,True
40,211,4576,4663,87,True
20,226,4577,4665,88,True
26,244,4577,4664,87,True
28,227,4577,4664,87,True
39,226,4577,4629,52,True
0,203,4578,4735,157,True
7,203,4578,4663,85,True
8,188,4578,4663,85,True
19,225,4578,4663,85,True
33,230,4578,4785,207,True
47,211,4578,4663,85,True
11,227,4579,4663,84,True
14,233,4579,4665,86,True
36,239,4579,4724,145,True
49,234,4579,4785,206,True
7,204,4580,4663,83,True
23,209,4580,4663,83,True
42,233,4580,4663,83,True
43,232,4580,4724,144,True
6,208,4581,4663,82,True
9,236,4581,4735,154,True
33,231,4581,4785,204,True
46,247,4581,4663,82,True
18,225,4582,4665,83,True
21,219,4582,4735,153,True
24,204,4582,4663,81,True
27,238,4582,4663,81,True
33,232,4582,4785,203,True
1,228,4583,4735,152,True
10,271,4583,4735,152,True
18,226,4583,4665,82,True
22,255,4583,4663,80,True
34,243,4583,4663,80,True
43,233,4583,4724,141,True
11,228,4584,4663,79,True
27,239,4584,4663,79,True
43,234,4584,4724,140,True
7,205,4585,4663,78,True
10,272,4585,4735,150,True
40,212,4585,4735,150,True
41,245,4585,4724,139,True
6,209,4586,4663,77,True
7,206,4586,4665,79,True
25,224,4586,4629,43,True
35,240,4587,4663,76,True
41,246,4587,4724,137,True
49,235,4587,4785,198,True
4,220,4588,4665,77,True
44,231,4588,4664,76,True
31,232,4589,4724,135,True
48,202,4589,4785,196,True
0,204,4590,4735,145,True
20,227,4590,4735,145,True
26,245,4590,4724,134,True
27,240,4590,4663,73,True
36,240,4590,4724,134,True
40,213,4590,4735,145,True
41,247,4590,4724,134,True
49,236,4590,4785,195,True
21,220,4591,4735,144,True
26,246,4591,4724,133,True
45,211,4591,4785,194,True
7,207,4592,4665,73,True
13,232,4592,4665,73,True
21,221,4592,4735,143,True
47,212,4592,4663,71,True
26,247,4593,4724,131,True
27,241,4593,4663,70,True
42,234,4593,4735,142,True
46,248,4593,4664,71,True
9,237,4594,4735,141,True
12,239,4594,4665,71,True
13,233,4594,4665,71,True
0,205,4595,4735,140,True
13,234,4595,4665,70,True
45,212,4595,4785,190,True
44,232,4596,4664,68,True
4,221,4597,4665,68,True
6,210,4597,4665,68,True
8,189,4597,4663,66,True
11,229,4597,4665,68,True
29,232,4597,4724,127,True
31,233,4597,4724,127,True
36,241,4597,4724,127,True
43,235,4597,4785,188,True
24,205,4598,4735,137,True
30,225,4598,4735,137,True
21,222,4600,4735,135,True
41,248,4600,4785,185,True
7,208,4601,4665,64,True
13,235,4601,4735,134,True
36,242,4601,4785,184,True
6,211,4602,4665,63,True
7,209,4602,4665,63,True
15,246,4602,4735,133,True
3,221,4603,4735,132,True
47,213,4603,4665,62,True
20,228,4604,4735,131,True
39,227,4604,4724,120,True
42,235,4604,4735,131,True
47,214,4604,4665,61,True
18,227,4605,4665,60,True
19,226,4605,4735,130,True
32,231,4605,4724,119,True
33,233,4606,4785,179,True
44,233,4606,4664,58,True
0,206,4607,4735,128,True
17,251,4607,4735,128,True
25,225,4607,4664,57,True
43,236,4607,4785,178,True
22,256,4609,4735,126,True
41,249,4610,4785,175,True
49,237,4610,4785,175,True
7,210,4611,4665,54,True
39,228,4611,4724,113,True
6,212,4612,4665,53,True
31,234,4612,4831,219,True
25,226,4613,4664,51,True
28,228,4613,4785,172,True
35,241,4613,4665,52,True
1,229,4614,4735,121,True
16,227,4614,4735,121,True
22,257,4614,4735,121,True
44,234,4614,4724,110,True
19,227,4616,4735,119,True
37,254,4616,4724,108,True
40,214,4616,4735,119,True
38,233,4617,4665,48,True
45,213,4617,4785,168,True
9,238,4618,4735,117,True
32,232,4618,4724,106,True
1,230,4619,4735,116,True
21,223,4619,4735,116,True
28,229,4619,4785,166,True
34,244,4619,4665,46,True
38,234,4619,4665,46,True
43,237,4619,4785,166,True
48,203,4619,4785,166,True
11,230,4620,4735,115,True
16,228,4620,4735,115,True
43,238,4620,4785,165,True
7,211,4621,4735,114,True
11,231,4621,4735,114,True
13,236,4621,4735,114,True
14,234,4621,4735,114,True
37,255,4621,4724,103,True
46,249,4621,4665,44,True
0,207,4622,4735,113,True
15,247,4622,4735,113,True
25,227,4622,4724,102,True
42,236,4622,4735,113,True
3,222,4623,4735,112,True
16,229,4623,4735,112,True
18,228,4623,4665,42,True
26,248,4623,4724,101,True
8,190,4624,4665,41,True
18,229,4624,4665,41,True
28,230,4624,4785,161,True
10,273,4625,4735,110,True
14,235,4625,4735,110,True
10,274,4626,4735,109,True
30,226,4626,4735,109,True
45,214,4626,4785,159,True
13,237,4627,4735,108,True
27,242,4627,4735,108,True
25,228,4628,4724,96,True
41,250,4628,4785,157,True
42,237,4628,4735,107,True
47,215,4628,4735,107,True
3,223,4629,4735,106,True
46,250,4629,4735,106,True
12,240,4630,4735,105,True
28,231,4630,4785,155,True
0,208,4631,4735,104,True
25,229,4631,4724,93,True
29,233,4631,4785,154,True
22,258,4632,4735,103,True
49,238,4632,4785,153,True
13,238,4633,4735,102,True
19,228,4633,4735,102,True
35,242,4633,4724,91,True
10,275,4634,4735,101,True
19,229,4634,4735,101,True
37,256,4634,4724,90,True
41,251,4634,4785,151,True
14,236,4635,4735,100,True
21,224,4635,4735,100,True
42,238,4635,4735,100,True
13,239,4636,4735,99,True
18,230,4636,4735,99,True
24,206,4636,4735,99,True
25,230,4636,4724,88,True
30,227,4636,4735,99,True
33,234,4636,4785,149,True
40,215,4636,4735,99,True
44,235,4637,4724,87,True
3,224,4638,4735,97,True
4,222,4638,4735,97,True
18,231,4638,4735,97,True
37,257,4639,4724,85,True
1,231,4640,4735,95,True
5,236,4640,4735,95,True
38,235,4640,4735,95,True
14,237,4641,4735,94,True
30,228,4641,4735,94,True
4,223,4642,4735,93,True
12,241,4642,4735,93,True
30,229,4642,4735,93,True
12,242,4644,4735,91,True
26,249,4644,4724,80,True
0,209,4645,4735,90,True
26,250,4645,4724,79,True
28,232,4645,4785,140,True
6,213,4646,4735,89,True
12,243,4646,4735,89,True
17,252,4646,4735,89,True
19,230,4647,4735,88,True
22,259,4647,4735,88,True
13,240,4648,4735,87,True
33,235,4648,4785,137,True
42,239,4648,4735,87,True
46,251,4649,4735,86,True
48,204,4649,4785,136,True
17,253,4651,4735,84,True
2,208,4652,4735,83,True
26,251,4652,4724,72,True
35,243,4652,4724,72,True
16,230,4653,4735,82,True
45,215,4653,4785,132,True
1,232,4654,4735,81,True
6,214,4654,4735,81,True
34,245,4654,4724,70,True
39,229,4654,4785,131,True
44,236,4654,4785,131,True
1,233,4655,4735,80,True
14,238,4655,4735,80,True
39,230,4655,4785,130,True
48,205,4655,4785,130,True
8,191,4656,4735,79,True
15,248,4657,4735,78,True
20,229,4657,4735,78,True
23,210,4657,4834,177,True
25,231,4657,4724,67,True
42,240,4657,4735,78,True
5,237,4658,4735,77,True
23,211,4658,4834,176,True
43,239,4658,4831,173,True
49,239,4658,4785,127,True
1,234,4659,4735,76,True
13,241,4659,4735,76,True
14,239,4659,4735,76,True
40,216,4659,4735,76,True
1,235,4660,4735,75,True
2,209,4660,4735,75,True
10,276,4660,4735,75,True
15,249,4660,4735,75,True
27,243,4660,4735,75,True
34,246,4660,4724,64,True
38,236,4660,4735,75,True
14,240,4661,4735,74,True
17,254,4661,4735,74,True
25,232,4661,4785,124,True
28,233,4661,4785,124,True
44,237,4661,4785,124,True
49,240,4661,4785,124,True
11,232,4662,4735,73,True
24,207,4662,4735,73,True
38,237,4662,4735,73,True
45,216,4662,4785,123,True
10,277,4663,4735,72,True
29,234,4663,4785,122,True
49,241,4663,4785,122,True
2,210,4664,4735,71,True
30,230,4664,4735,71,True
27,244,4665,4735,70,True
33,236,4665,4785,120,True
22,260,4666,4735,69,True
8,192,4667,4735,68,True
33,237,4667,4785,118,True
37,258,4667,4785,118,True
29,235,4668,4785,117,True
47,216,4668,4735,67,True
22,261,4669,4735,66,True
9,239,4670,4735,65,True
29,236,4670,4785,115,True
0,210,4671,4834,163,True
13,242,4672,4735,63,True
27,245,4672,4735,63,True
10,278,4673,4735,62,True
19,231,4673,4735,62,True
31,235,4673,4831,158,True
7,212,4674,4735,61,True
24,208,4674,4735,61,True
33,238,4674,4785,111,True
39,231,4674,4785,111,True
7,213,4675,4834,159,True
22,262,4675,4834,159,True
39,232,4676,4785,109,True
3,225,4677,4735,58,True
15,250,4677,4735,58,True
33,239,4677,4785,108,True
35,244,4677,4735,58,True
45,217,4677,4785,108,True
49,242,4678,4785,107,True
20,230,4679,4735,56,True
43,240,4679,4831,152,True
26,252,4680,4785,105,True
29,237,4680,4785,105,True
11,233,4681,4735,54,True
12,244,4681,4735,54,True
14,241,4682,4735,53,True
25,233,4682,4785,103,True
38,238,4682,4735,53,True
40,217,4682,4735,53,True
6,215,4683,4735,52,True
11,234,4683,4735,52,True
32,233,4683,4831,148,True
3,226,4684,4735,51,True
23,212,4685,4834,149,True
30,231,4685,4735,50,True
49,243,4685,4785,100,True
4,224,4686,4735,49,True
35,245,4686,4735,49,True
1,236,4688,4796,108,True
17,255,4688,4735,47,True
27,246,4688,4834,146,True
34,247,4688,4785,97,True
37,259,4688,4890,202,True
48,206,4688,4831,143,True
5,238,4689,4796,107,True
13,243,4689,4735,46,True
17,256,4689,4735,46,True
21,225,4689,4834,145,True
49,244,4689,4785,96,True
43,241,4690,4831,141,True
0,211,4691,4834,143,True
8,193,4691,4735,44,True
25,234,4691,4890,199,True
32,234,4692,4831,139,True
5,239,4694,4796,102,True
30,232,4694,4735,41,True
2,211,4695,4834,139,True
12,245,4695,4796,101,True
30,233,4695,4735,40,True
38,239,4695,4765,70,True
46,252,4695,4735,40,True
1,237,4696,4834,138,True
14,242,4696,4796,100,True
30,234,4696,4735,39,True
40,218,4696,4735,39,True
0,212,4697,4834,137,True
6,216,4697,4735,38,True
18,232,4697,4735,38,True
29,238,4697,4831,134,True
35,246,4697,4796,99,True
25,235,4698,4890,192,True
0,213,4699,4834,135,True
5,240,4699,4796,97,True
12,246,4699,4796,97,True
25,236,4699,4890,191,True
38,240,4699,4765,66,True
22,263,4700,4834,134,True
45,218,4700,4831,131,True
15,251,4701,4735,34,True
25,237,4701,4890,189,True
32,235,4701,4831,130,True
35,247,4701,4796,95,True
1,238,4702,4834,132,True
5,241,4702,4796,94,True
30,235,4702,4834,132,True
7,214,4703,4834,131,True
15,252,4703,4834,131,True
28,234,4703,4831,128,True
32,236,4703,4831,128,True
42,241,4703,4735,32,True
46,253,4703,4735,32,True
21,226,4704,4834,130,True
3,227,4706,4850,144,True
11,235,4706,4735,29,True
14,243,4706,4834,128,True
16,231,4706,4834,128,True
19,232,4706,4834,128,True
35,248,4706,4796,90,True
46,254,4706,4735,29,True
7,215,4707,4834,127,True
10,279,4707,4735,28,True
11,236,4707,4735,28,True
10,280,4708,4735,27,True
13,244,4708,4834,126,True
38,241,4708,4765,57,True
20,231,4709,4834,125,True
29,239,4709,4890,181,True
46,255,4709,4753,44,True
11,237,4710,4735,25,True
16,232,4710,4834,124,True
26,253,4710,4890,180,True
45,219,4710,4831,121,True
39,233,4711,4831,120,True
49,245,4711,4831,120,True
19,233,4712,4834,122,True
45,220,4712,4831,119,True
36,243,4713,4890,177,True
13,245,4714,4834,120,True
17,257,4714,4834,120,True
24,209,4714,4834,120,True
36,244,4715,4890,175,True
15,253,4716,4834,118,True
24,210,4716,4834,118,True
31,236,4716,4831,115,True
44,238,4716,4831,115,True
47,217,4716,4834,118,True
11,238,4717,4834,117,True
20,232,4717,4834,117,True
13,246,4718,4834,116,True
38,242,4718,4765,47,True
24,211,4719,4834,115,True
36,245,4720,4890,170,True
39,234,4720,4890,170,True
1,239,4721,4850,129,True
19,234,4721,4834,113,True
23,213,4721,4834,113,True
30,236,4721,4834,113,True
39,235,4721,4890,169,True
47,218,4721,4834,113,True
2,212,4722,4834,112,True
35,249,4722,4796,74,True
36,246,4722,4890,168,True
47,219,4722,4834,112,True
11,239,4723,4834,111,True
21,227,4723,4834,111,True
9,240,4724,4850,126,True
22,264,4724,4834,110,True
49,246,4724,4831,107,True
33,240,4725,4933,208,True
36,247,4726,4890,164,True
18,233,4727,4850,123,True
22,265,4727,4834,107,True
42,242,4727,4834,107,True
0,214,4728,4850,122,True
20,233,4729,4834,105,True
36,248,4729,4890,161,True
44,239,4729,4831,102,True
14,244,4730,4834,104,True
30,237,4730,4834,104,True
33,241,4730,4933,203,True
20,234,4731,4834,103,True
29,240,4731,4890,159,True
31,237,4731,4890,159,True
43,242,4731,4890,159,True
13,247,4732,4834,102,True
33,242,4732,4933,201,True
3,228,4733,4850,117,True
25,238,4733,4890,157,True
7,216,4734,4850,116,True
20,235,4734,4834,100,True
25,239,4734,4890,156,True
38,243,4734,4834,100,True
39,236,4734,4890,156,True
10,281,4735,4850,115,True
8,194,4736,4850,114,True
45,221,4736,4890,154,True
0,215,4737,4850,113,True
17,258,4737,4834,97,True
32,237,4738,4890,152,True
22,266,4739,4834,95,True
3,229,4740,4850,110,True
21,228,4740,4892,152,True
24,212,4741,4850,109,True
11,240,4742,4834,92,True
37,260,4742,4890,148,True
12,247,4743,4850,107,True
5,242,4744,4850,106,True
11,241,4744,4834,90,True
4,225,4745,4927,182,True
9,241,4745,4850,105,True
18,234,4745,4850,105,True
38,244,4745,4834,89,True
21,229,4746,4892,146,True
2,213,4747,4892,145,True
8,195,4747,4850,103,True
26,254,4747,4890,143,True
9,242,4748,4850,102,True
28,235,4748,4890,142,True
29,241,4748,4890,142,True
36,249,4748,4890,142,True
26,255,4749,4890,141,True
30,238,4750,4892,142,True
10,282,4751,4850,99,True
33,243,4751,4933,182,True
34,248,4751,4834,83,True
49,247,4751,4890,139,True
35,250,4752,4834,82,True
10,283,4753,4850,97,True
8,196,4754,4850,96,True
21,230,4754,4892,138,True
26,256,4754,4890,136,True
4,226,4755,4927,172,True
9,243,4755,4850,95,True
32,238,4755,4890,135,True
28,236,4756,4890,134,True
37,261,4757,4890,133,True
44,240,4757,4890,133,True
49,248,4757,4890,133,True
21,231,4758,4892,134,True
36,250,4758,4890,132,True
7,217,4759,4850,91,True
14,245,4759,4850,91,True
17,259,4759,4850,91,True
18,235,4759,4850,91,True
21,232,4759,4892,133,True
23,214,4759,4850,91,True
42,243,4759,4933,174,True
43,243,4759,4890,131,True
1,240,4760,4892,132,True
11,242,4760,4850,90,True
18,236,4760,4850,90,True
26,257,4761,4890,129,True
29,242,4761,4890,129,True
32,239,4761,4890,129,True
49,249,4761,4890,129,True
34,249,4762,4834,72,True
0,216,4763,4850,87,True
13,248,4763,4850,87,True
18,237,4763,4850,87,True
2,214,4764,4892,128,True
20,236,4764,4850,86,True
9,244,4765,4927,162,True
35,251,4765,4890,125,True
32,240,4766,4890,124,True
18,238,4767,4850,83,True
36,251,4767,4933,166,True
40,219,4767,4850,83,True
48,207,4767,4933,166,True
6,217,4768,4850,82,True
13,249,4768,4850,82,True
29,243,4768,4890,122,True
13,250,4769,4850,81,True
2,215,4770,4892,122,True
13,251,4770,4850,80,True
19,235,4770,4850,80,True
27,247,4770,4850,80,True
7,218,4771,4850,79,True
8,197,4771,4850,79,True
38,245,4771,4850,79,True
22,267,4772,4892,120,True
7,219,4773,4850,77,True
30,239,4773,4892,119,True
35,252,4774,4890,116,True
3,230,4775,4892,117,True
4,227,4775,4927,152,True
2,216,4776,4892,116,True
28,237,4776,4933,157,True
31,238,4776,4933,157,True
22,268,4777,4892,115,True
18,239,4778,4850,72,True
24,213,4779,4850,71,True
30,240,4779,4892,113,True
3,231,4780,4892,112,True
16,233,4780,4892,112,True
42,244,4780,4933,153,True
12,248,4781,4850,69,True
14,246,4781,4850,69,True
15,254,4781,4892,111,True
19,236,4782,4850,68,True
14,247,4783,4850,67,True
40,220,4783,4850,67,True
44,241,4783,4890,107,True
45,222,4783,4933,150,True
24,214,4785,4850,65,True
29,244,4785,4933,148,True
4,228,4786,4927,141,True
13,252,4786,4892,106,True
25,240,4787,4890,103,True
29,245,4787,4933,146,True
8,198,4788,4850,62,True
13,253,4789,4892,103,True
27,248,4789,4850,61,True
35,253,4790,4890,100,True
11,243,4791,4850,59,True
14,248,4791,4927,136,True
20,237,4791,4850,59,True
38,246,4792,4892,100,True
0,217,4793,4892,99,True
9,245,4793,4927,134,True
35,254,4793,4890,97,True
10,284,4794,4892,98,True
21,233,4794,4927,133,True
32,241,4794,4890,96,True
1,241,4795,4892,97,True
6,218,4795,4850,55,True
9,246,4795,4927,132,True
18,240,4795,,,False
24,215,4795,4892,97,True
33,244,4795,4933,138,True
49,250,4795,4890,95,True
13,254,4796,4892,96,True
35,255,4796,4890,94,True
43,244,4796,4933,137,True
49,251,4796,4890,94,True
24,216,4797,4892,95,True
34,250,4797,4890,93,True
0,218,4798,4892,94,True
33,245,4798,4933,135,True
0,219,4799,4892,93,True
2,217,4799,4892,93,True
3,232,4799,4892,93,True
15,255,4799,4892,93,True
21,234,4799,4927,128,True
45,223,4800,4933,133,True
9,247,4801,4927,126,True
2,218,4802,4892,90,True
27,249,4803,4892,89,True
45,224,4803,4933,130,True
25,241,4804,4890,86,True
31,239,4804,4933,129,True
33,246,4804,4933,129,True
37,262,4804,4890,86,True
11,244,4805,4892,87,True
18,241,4805,,,False
20,238,4805,4927,122,True
24,217,4805,4892,87,True
11,245,4806,4892,86,True
12,249,4806,4927,121,True
20,239,4806,4927,121,True
25,242,4806,4890,84,True
32,242,4806,4890,84,True
15,256,4807,4892,85,True
37,263,4807,4933,126,True
48,208,4807,4933,126,True
1,242,4808,4892,84,True
15,257,4808,4892,84,True
41,252,4808,4933,125,True
46,256,4808,4874,66,True
32,243,4809,4933,124,True
35,256,4809,4890,81,True
6,219,4810,4927,117,True
30,241,4810,4892,82,True
5,243,4811,4927,116,True
7,220,4812,4927,115,True
12,250,4813,4927,114,True
30,242,4813,4892,79,True
35,257,4813,4910,97,True
14,249,4814,4927,113,True
33,247,4814,4933,119,True
6,220,4815,4927,112,True
15,258,4815,4892,77,True
49,252,4815,4985,170,True
9,248,4816,4927,111,True
14,250,4816,4927,111,True
25,243,4816,4890,74,True
36,252,4816,4933,117,True
37,264,4817,4933,116,True
10,285,4818,4892,74,True
13,255,4818,4927,109,True
15,259,4818,4892,74,True
19,237,4818,4927,109,True
20,240,4818,4927,109,True
46,257,4818,4910,92,True
11,246,4819,4892,73,True
45,225,4819,4933,114,True
22,269,4820,4927,107,True
4,229,4821,4927,106,True
30,243,4821,4989,168,True
41,253,4821,4985,164,True
49,253,4821,4985,164,True
7,221,4822,4927,105,True
21,235,4822,4927,105,True
25,244,4822,4933,111,True
8,199,4823,4933,110,True
22,270,4823,4927,104,True
21,236,4824,4927,103,True
3,233,4825,4927,102,True
16,234,4825,4927,102,True
17,260,4825,4892,67,True
39,237,4825,4933,108,True
0,220,4826,4927,101,True
5,244,4826,4927,101,True
11,247,4827,4892,65,True
39,238,4827,4933,106,True
41,254,4827,4985,158,True
48,209,4827,4933,106,True
4,230,4828,4927,99,True
15,260,4828,4927,99,True
20,241,4828,4927,99,True
23,215,4828,4933,105,True
31,240,4828,4933,105,True
34,251,4828,4910,82,True
13,256,4829,4927,98,True
24,218,4829,4927,98,True
3,234,4830,4927,97,True
4,231,4830,4927,97,True
5,245,4830,4927,97,True
29,246,4830,4933,103,True
12,251,4831,4927,96,True
1,243,4832,4927,95,True
44,242,4832,4933,101,True
48,210,4832,4933,101,True
4,232,4833,4927,94,True
11,248,4833,4927,94,True
17,261,4833,4927,94,True
38,247,4833,4892,59,True
19,238,4835,4927,92,True
26,258,4835,4985,150,True
27,250,4835,4989,154,True
31,241,4836,4985,149,True
33,248,4836,4985,149,True
31,242,4837,4985,148,True
10,286,4838,4927,89,True
2,219,4839,4927,88,True
6,221,4839,4927,88,True
12,252,4839,4927,88,True
19,239,4839,4927,88,True
21,237,4839,4927,88,True
28,238,4839,,,False
35,258,4839,4910,71,True
37,265,4839,4933,94,True
42,245,4839,4933,94,True
0,221,4840,4927,87,True
5,246,4840,4927,87,True
13,257,4840,4927,87,True
21,238,4840,4927,87,True
12,253,4841,4927,86,True
41,255,4841,4985,144,True
5,247,4842,4927,85,True
7,222,4842,4927,85,True
9,249,4842,4927,85,True
10,287,4843,4927,84,True
35,259,4843,4910,67,True
4,233,4844,4927,83,True
36,253,4844,4985,141,True
43,245,4844,4985,141,True
9,250,4845,4927,82,True
36,254,4845,4985,140,True
22,271,4846,4989,143,True
33,249,4846,4985,139,True
34,252,4846,4933,87,True
10,288,4847,4927,80,True
14,251,4847,4927,80,True
42,246,4848,4933,85,True
12,254,4849,4927,78,True
27,251,4849,4989,140,True
49,254,4849,4985,136,True
11,249,4850,4927,77,True
22,272,4850,4989,139,True
27,252,4850,4989,139,True
45,226,4850,4985,135,True
0,222,4851,4927,76,True
5,248,4851,4927,76,True
18,242,4851,,,False
5,249,4853,4927,74,True
24,219,4854,4927,73,True
38,248,4855,4927,72,True
41,256,4855,4985,130,True
24,220,4856,4927,71,True
27,253,4856,4989,133,True
34,253,4856,4933,77,True
1,244,4857,4927,70,True
18,243,4857,,,False
32,244,4857,4985,128,True
46,258,4858,4910,52,True
3,235,4859,4989,130,True
2,220,4860,4927,67,True
6,222,4860,4927,67,True
22,273,4860,4989,129,True
32,245,4860,4985,125,True
10,289,4861,4927,66,True
17,262,4861,4927,66,True
28,239,4862,,,False
30,244,4864,4989,125,True
43,246,4864,4985,121,True
20,242,4865,4927,62,True
23,216,4865,4933,68,True
9,251,4866,4927,61,True
17,263,4866,4927,61,True
38,249,4866,4933,67,True
17,264,4867,4927,60,True
33,250,4867,4985,118,True
2,221,4868,4927,59,True
46,259,4868,4989,121,True
13,258,4869,4927,58,True
15,261,4869,4927,58,True
46,260,4869,4989,120,True
14,252,4870,4989,119,True
29,247,4870,4985,115,True
45,227,4870,4985,115,True
14,253,4871,4989,118,True
23,217,4871,4933,62,True
24,221,4871,4927,56,True
6,223,4872,4927,55,True
9,252,4872,4927,55,True
44,243,4872,4985,113,True
29,248,4873,4985,112,True
9,253,4874,4927,53,True
17,265,4874,4927,53,True
19,240,4874,4927,53,True
5,250,4875,4989,114,True
9,254,4875,4927,52,True
20,243,4875,4927,52,True
22,274,4875,4989,114,True
30,245,4875,4989,114,True
32,246,4875,4985,110,True
35,260,4875,4933,58,True
9,255,4876,4927,51,True
33,251,4876,4985,109,True
37,266,4876,4985,109,True
39,239,4876,4985,109,True
43,247,4876,4985,109,True
20,244,4877,4927,50,True
43,248,4877,4985,108,True
4,234,4878,4933,55,True
16,235,4878,4989,111,True
28,240,4879,,,False
23,218,4880,4933,53,True
4,235,4881,4933,52,True
8,200,4881,4933,52,True
47,220,4881,4989,108,True
42,247,4882,4933,51,True
2,222,4883,4989,106,True
13,259,4883,4927,44,True
17,266,4883,4989,106,True
34,254,4883,4985,102,True
41,257,4883,,,False
44,244,4883,4985,102,True
16,236,4884,4989,105,True
43,249,4884,4985,101,True
5,251,4885,4989,104,True
25,245,4885,4985,100,True
35,261,4885,,,False
14,254,4886,4989,103,True
40,221,4886,4989,103,True
44,245,4886,4985,99,True
37,267,4887,4985,98,True
2,223,4888,4989,101,True
36,255,4888,4985,97,True
8,201,4889,4933,44,True
9,256,4889,4989,100,True
21,239,4889,,,False
29,249,4889,4985,96,True
43,250,4889,4985,96,True
14,255,4890,4989,99,True
27,254,4890,4989,99,True
40,222,4890,4989,99,True
13,260,4891,4989,98,True
30,246,4891,4989,98,True
22,275,4892,4989,97,True
8,202,4893,4933,40,True
17,267,4893,4989,96,True
25,246,4893,4985,92,True
43,251,4893,,,False
9,257,4894,4989,95,True
23,219,4894,4933,39,True
3,236,4895,4989,94,True
37,268,4895,4985,90,True
5,252,4896,,,False
14,256,4896,4989,93,True
15,262,4896,4989,93,True
18,244,4896,,,False
20,245,4896,4989,93,True
34,255,4896,4985,89,True
6,224,4897,4933,36,True
27,255,4897,4989,92,True
17,268,4898,4989,91,True
26,259,4898,4985,87,True
8,203,4899,4933,34,True
47,221,4899,4989,90,True
4,236,4900,4933,33,True
12,255,4900,4989,89,True
28,241,4900,,,False
45,228,4900,,,False
48,211,4900,4985,85,True
43,252,4901,,,False
26,260,4902,4985,83,True
37,269,4902,4985,83,True
38,250,4902,4989,87,True
43,253,4902,,,False
0,223,4903,4989,86,True
14,257,4903,4989,86,True
21,240,4903,,,False
26,261,4903,4985,82,True
43,254,4903,,,False
5,253,4904,,,False
8,204,4904,4989,85,True
16,237,4904,4989,85,True
32,247,4904,4985,81,True
28,242,4905,,,False
1,245,4906,4989,83,True
22,276,4906,,,False
30,247,4906,4989,83,True
1,246,4907,4989,82,True
12,256,4907,4989,82,True
32,248,4907,4985,78,True
16,238,4908,4989,81,True
34,256,4908,4985,77,True
39,240,4908,4985,77,True
36,256,4909,,,False
38,251,4909,4989,80,True
2,224,4910,,,False
17,269,4910,4989,79,True
16,239,4911,4989,78,True
25,247,4911,4985,74,True
35,262,4912,,,False
7,223,4914,4989,75,True
29,250,4914,4985,71,True
25,248,4915,4985,70,True
38,252,4915,4989,74,True
14,258,4916,4989,73,True
0,224,4917,,,False
12,257,4917,4989,72,True
31,243,4918,,,False
37,270,4918,4985,67,True
16,240,4919,,,False
36,257,4919,,,False
25,249,4920,4985,65,True
27,256,4920,4989,69,True
34,257,4920,4989,69,True
37,271,4920,4985,65,True
42,248,4920,4989,69,True
2,225,4921,,,False
17,270,4921,,,False
39,241,4921,,,False
49,255,4922,,,False
3,237,4923,,,False
4,237,4923,,,False
23,220,4923,4989,66,True
8,205,4924,4989,65,True
13,261,4925,,,False
22,277,4925,,,False
5,254,4926,,,False
7,224,4926,,,False
8,206,4926,4989,63,True
34,258,4926,4989,63,True
4,238,4927,,,False
48,212,4927,,,False
1,247,4929,,,False
40,223,4929,4989,60,True
22,278,4930,,,False
35,263,4930,,,False
19,241,4931,,,False
6,225,4932,,,False
22,279,4932,,,False
46,261,4934,4989,55,True
3,238,4935,,,False
46,262,4935,4989,54,True
7,225,4936,,,False
46,263,4936,4989,53,True
43,255,4937,,,False
45,229,4937,,,False
6,226,4939,,,False
46,264,4939,4989,50,True
48,213,4940,,,False
11,250,4941,,,False
28,243,4941,,,False
36,258,4941,,,False
42,249,4941,,,False
4,239,4943,,,False
6,227,4943,,,False
42,250,4943,,,False
32,249,4944,,,False
28,244,4945,,,False
37,272,4945,,,False
48,214,4945,,,False
5,255,4946,,,False
10,290,4946,,,False
16,241,4946,,,False
26,262,4946,,,False
4,240,4948,,,False
23,221,4948,,,False
48,215,4948,,,False
24,222,4949,,,False
1,248,4950,,,False
18,245,4950,,,False
12,258,4951,,,False
19,242,4951,,,False
24,223,4951,,,False
31,244,4951,,,False
45,230,4951,,,False
3,239,4952,,,False
6,228,4952,,,False
14,259,4952,,,False
21,241,4952,,,False
42,251,4952,,,False
45,231,4952,,,False
21,242,4953,,,False
47,222,4953,,,False
41,258,4954,,,False
12,259,4955,,,False
21,243,4955,,,False
40,224,4955,,,False
25,250,4956,,,False
29,251,4956,,,False
39,242,4956,,,False
46,265,4956,,,False
11,251,4957,,,False
16,242,4957,,,False
49,256,4957,,,False
1,249,4958,,,False
11,252,4958,,,False
14,260,4958,,,False
18,246,4958,,,False
22,280,4958,,,False
6,229,4959,,,False
18,247,4959,,,False
0,225,4960,,,False
8,207,4960,,,False
14,261,4960,,,False
33,252,4960,,,False
37,273,4960,,,False
6,230,4961,,,False
13,262,4961,,,False
20,246,4961,,,False
25,251,4961,,,False
34,259,4961,,,False
1,250,4962,,,False
12,260,4962,,,False
42,252,4962,,,False
45,232,4963,,,False
47,223,4963,,,False
0,226,4964,,,False
7,226,4964,,,False
20,247,4964,,,False
29,252,4964,,,False
32,250,4965,,,False
15,263,4966,,,False
23,222,4967,,,False
32,251,4967,,,False
18,248,4968,,,False
38,253,4968,,,False
4,241,4969,,,False
15,264,4969,,,False
2,226,4971,,,False
10,291,4971,,,False
18,249,4972,,,False
29,253,4972,,,False
30,248,4972,,,False
21,244,4973,,,False
18,250,4974,,,False
49,257,4974,,,False
5,256,4975,,,False
25,252,4975,,,False
30,249,4975,,,False
41,259,4975,,,False
20,248,4976,,,False
4,242,4977,,,False
5,257,4977,,,False
2,227,4978,,,False
30,250,4978,,,False
33,253,4978,,,False
20,249,4979,,,False
31,245,4981,,,False
34,260,4981,,,False
5,258,4982,,,False
19,243,4982,,,False
24,224,4982,,,False
30,251,4982,,,False
7,227,4983,,,False
20,250,4983,,,False
48,216,4983,,,False
30,252,4984,,,False
8,208,4985,,,False
17,271,4985,,,False
47,224,4985,,,False
7,228,4986,,,False
15,265,4986,,,False
36,259,4986,,,False
15,266,4987,,,False
34,261,4988,,,False
39,243,4988,,,False
11,253,4989,,,False
18,251,4989,,,False
41,260,4989,,,False
8,209,4990,,,False
12,261,4990,,,False
37,274,4990,,,False
39,244,4990,,,False
23,223,4991,,,False
30,253,4991,,,False
40,225,4991,,,False
21,245,4992,,,False
28,245,4992,,,False
37,275,4992,,,False
19,244,4993,,,False
36,260,4993,,,False
42,253,4993,,,False
38,254,4994,,,False
1,251,4996,,,False
11,254,4996,,,False
18,252,4996,,,False
27,257,4996,,,False
29,254,4996,,,False
39,245,4996,,,False
10,292,4997,,,False
12,262,4997,,,False
43,256,4997,,,False
14,262,4998,,,False
46,266,4998,,,False
0,227,4999,,,False
5,259,4999,,,False
23,224,4999,,,False
